<?xml version="1.0" encoding="UTF-8"?>
<!DOCTYPE X3D PUBLIC "ISO//Web3D//DTD X3D 3.0//EN" "http://www.web3d.org/specifications/x3d-3.0.dtd">
<X3D version="3.0" profile="Immersive" xmlns:xsd="http://www.w3.org/2001/XMLSchema-instance" xsd:noNamespaceSchemaLocation="http://www.web3d.org/specifications/x3d-3.0.xsd">
	<head>
		<meta name="filename" content="08-1-A 五鋪作出上昂並計心A.x3d" />
		<meta name="created" content="2025-12-28 14:06:26" />
		<meta name="generator" content="Blender 4.2.2 LTS" />
		<meta name="translator" content="Web3D X3D/VRML2 format v2.5.1" />
	</head>
	<Scene>
		<NavigationInfo headlight="true"
		                visibilityLimit="0.0"
		                type='"EXAMINE", "ANY"'
		                avatarSize="0.25, 1.75, 0.75"
		                />
		<Background DEF="WO_World"
		            groundColor="0.051 0.051 0.051"
		            skyColor="0.051 0.051 0.051"
		            />
		<Transform DEF="SketchUp_TRANSFORM"
		           translation="0.000000 0.000000 0.000000"
		           scale="1.000000 1.000000 1.000000"
		           rotation="-1.000000 0.000000 0.000000 1.570796"
		           >
			<Transform DEF="SketchUp_ifs_TRANSFORM"
			           translation="0.000000 0.000000 0.000000"
			           scale="1.000000 1.000000 1.000000"
			           rotation="0.000000 1.000000 0.000000 0.000000"
			           >
				<Group DEF="group_ME_ID316_002">
				</Group>
			</Transform>
			<Transform DEF="group_0_TRANSFORM"
			           translation="-37.687458 -124.985359 50.890461"
			           scale="1.000000 1.000000 1.000000"
			           rotation="0.000000 1.000000 0.000000 0.000000"
			           >
				<Transform DEF="group_0_ifs_TRANSFORM"
				           translation="0.000000 0.000000 0.000000"
				           scale="1.000000 1.000000 1.000000"
				           rotation="0.000000 1.000000 0.000000 0.000000"
				           >
					<Group DEF="group_ME_ID3_005">
						<Shape>
							<Appearance>
								<Material DEF="MA_material_014"
								          diffuseColor="1.000 1.000 1.000"
								          specularColor="0.401 0.401 0.401"
								          emissiveColor="0.000 0.000 0.000"
								          ambientIntensity="0.000"
								          shininess="0.500"
								          transparency="0.000"
								          />
							</Appearance>
							<IndexedFaceSet solid="false"
							                coordIndex="0 1 2 -1 1 0 3 -1 4 5 6 -1 5 4 7 -1 2 8 9 -1 8 2 1 -1 10 11 12 -1 11 10 13 -1 14 15 16 -1 15 14 17 -1 15 17 18 -1 16 19 20 -1 19 16 15 -1 20 19 21 -1 22 23 24 -1 23 22 25 -1 23 25 26 -1 26 25 27 -1 27 25 28 -1 29 24 23 -1 30 31 32 -1 31 30 33 -1 34 7 4 -1 7 34 35 -1 9 36 37 -1 36 9 38 -1 38 9 8 -1 13 39 11 -1 39 13 40 -1 41 42 43 -1 44 45 46 -1 45 44 47 -1 45 47 48 -1 48 47 42 -1 48 42 41 -1 49 50 51 -1 50 49 52 -1 53 54 55 -1 54 53 56 -1 54 56 57 -1 57 56 58 -1 58 56 59 -1 60 55 54 -1 61 62 63 -1 62 61 64 -1 65 66 67 -1 68 69 70 -1 69 68 71 -1 69 71 72 -1 72 71 66 -1 72 66 65 -1 73 74 75 -1 74 73 76 -1 77 78 79 -1 78 77 80 -1 78 80 81 -1 79 82 83 -1 82 79 78 -1 83 82 84 -1 85 86 87 -1 86 85 88 -1 88 85 89 -1 89 85 90 -1 91 92 93 -1 92 91 94 -1 95 96 97 -1 96 98 99 -1 98 96 100 -1 100 96 95 -1 101 102 103 -1 102 101 104 -1 32 105 106 -1 105 32 31 -1 107 35 34 -1 35 107 108 -1 109 110 111 -1 110 109 112 -1 111 113 114 -1 113 111 110 -1 40 115 39 -1 115 40 116 -1 117 118 119 -1 118 117 120 -1 121 122 123 -1 122 121 124 -1 124 121 125 -1 125 121 126 -1 127 128 129 -1 128 127 130 -1 131 132 133 -1 132 134 135 -1 134 132 136 -1 136 132 131 -1 137 138 139 -1 138 137 140 -1 141 142 143 -1 142 141 144 -1 145 146 147 -1 146 145 148 -1 106 149 150 -1 149 106 151 -1 151 106 105 -1 152 153 154 -1 153 152 155 -1 "
							                >
								<Coordinate DEF="coords_ME_ID3_005"
								            point="0.000000 7.086615 1.574803 5.884369 6.671771 1.135672 0.414843 6.671771 1.135672 6.299213 7.086615 1.574803 5.884369 0.414843 1.135672 6.299213 7.086615 1.574803 6.299213 0.000000 1.574803 5.884369 6.671771 1.135672 5.614210 6.401612 0.595353 0.685003 6.401612 0.595353 0.000000 7.086615 1.574803 0.414843 0.414843 1.135672 0.000000 0.000000 1.574803 0.414843 6.671771 1.135672 0.000000 7.086615 1.574803 1.181102 7.086615 2.362205 6.299213 7.086615 1.574803 0.000000 7.086615 3.937008 1.181102 7.086615 3.937008 5.118110 7.086615 2.362205 6.299213 7.086615 3.937008 5.118110 7.086615 3.937008 6.299213 0.000000 1.574803 6.299213 1.574803 2.362205 6.299213 0.000000 3.937008 6.299213 7.086615 1.574803 6.299213 5.511811 2.362205 6.299213 5.511811 3.937008 6.299213 7.086615 3.937008 6.299213 1.574803 3.937008 6.299213 0.000000 1.574803 0.414843 0.414843 1.135672 5.884369 0.414843 1.135672 0.000000 0.000000 1.574803 5.614210 0.685003 0.595353 5.614210 6.401612 0.595353 3.149606 6.299212 0.000000 0.787402 6.299212 0.000000 5.511811 6.299212 0.000000 0.685003 0.685003 0.595353 0.685003 6.401612 0.595353 0.000000 7.086615 3.937008 0.000000 5.511811 2.362205 0.000000 5.511811 3.937008 0.000000 1.574803 3.937008 0.000000 0.000000 1.574803 0.000000 0.000000 3.937008 0.000000 1.574803 2.362205 0.000000 7.086615 1.574803 1.181102 5.511811 3.937008 0.000000 7.086615 3.937008 0.000000 5.511811 3.937008 1.181102 7.086615 3.937008 1.181102 0.000000 2.362205 1.181102 1.574803 3.149606 1.181102 0.000000 3.937008 1.181102 7.086615 2.362205 1.181102 5.511811 3.149606 1.181102 5.511811 3.937008 1.181102 7.086615 3.937008 1.181102 1.574803 3.937008 5.118110 0.000000 2.362205 1.181102 7.086615 2.362205 1.181102 0.000000 2.362205 5.118110 7.086615 2.362205 5.118110 7.086615 3.937008 5.118110 5.511811 3.149606 5.118110 5.511811 3.937008 5.118110 1.574803 3.937008 5.118110 0.000000 2.362205 5.118110 0.000000 3.937008 5.118110 1.574803 3.149606 5.118110 7.086615 2.362205 6.299213 5.511811 3.937008 5.118110 7.086615 3.937008 5.118110 5.511811 3.937008 6.299213 7.086615 3.937008 6.299213 0.000000 1.574803 5.118110 0.000000 2.362205 0.000000 0.000000 1.574803 6.299213 0.000000 3.937008 5.118110 0.000000 3.937008 1.181102 0.000000 2.362205 0.000000 0.000000 3.937008 1.181102 0.000000 3.937008 6.299213 5.511811 3.937008 5.708661 5.511811 2.362205 6.299213 5.511811 2.362205 5.708661 5.511811 3.149606 5.118110 5.511811 3.149606 5.118110 5.511811 3.937008 6.299213 1.574803 2.362205 5.708661 5.511811 2.362205 5.708661 1.574803 2.362205 6.299213 5.511811 2.362205 5.118110 1.574803 3.937008 5.708661 1.574803 3.149606 5.118110 1.574803 3.149606 6.299213 1.574803 2.362205 5.708661 1.574803 2.362205 6.299213 1.574803 3.937008 6.299213 0.000000 3.937008 5.118110 1.574803 3.937008 5.118110 0.000000 3.937008 6.299213 1.574803 3.937008 0.685003 0.685003 0.595353 5.614210 0.685003 0.595353 5.511811 0.787402 0.000000 5.511811 6.299212 0.000000 5.511811 6.299212 0.000000 3.149606 0.787402 0.000000 3.149606 6.299212 0.000000 5.511811 0.787402 0.000000 0.787402 0.787402 0.000000 0.787402 6.299212 0.000000 0.787402 0.787402 0.000000 0.787402 6.299212 0.000000 1.181102 0.000000 3.937008 0.000000 1.574803 3.937008 0.000000 0.000000 3.937008 1.181102 1.574803 3.937008 0.000000 1.574803 3.937008 0.590551 1.574803 2.362205 0.000000 1.574803 2.362205 0.590551 1.574803 3.149606 1.181102 1.574803 3.149606 1.181102 1.574803 3.937008 0.590551 1.574803 2.362205 0.000000 5.511811 2.362205 0.000000 1.574803 2.362205 0.590551 5.511811 2.362205 1.181102 5.511811 3.937008 0.590551 5.511811 3.149606 1.181102 5.511811 3.149606 0.000000 5.511811 2.362205 0.590551 5.511811 2.362205 0.000000 5.511811 3.937008 1.181102 1.574803 3.149606 0.590551 5.511811 3.149606 0.590551 1.574803 3.149606 1.181102 5.511811 3.149606 5.708661 1.574803 3.149606 5.118110 5.511811 3.149606 5.118110 1.574803 3.149606 5.708661 5.511811 3.149606 5.708661 5.511811 2.362205 5.708661 1.574803 3.149606 5.708661 1.574803 2.362205 5.708661 5.511811 3.149606 3.149606 0.787402 0.000000 5.511811 0.787402 0.000000 0.787402 0.787402 0.000000 0.590551 5.511811 3.149606 0.590551 1.574803 2.362205 0.590551 1.574803 3.149606 0.590551 5.511811 2.362205 "
								            />
							</IndexedFaceSet>
						</Shape>
					</Group>
				</Transform>
			</Transform>
			<Transform DEF="group_1_TRANSFORM"
			           translation="-47.923679 -124.985359 59.158176"
			           scale="1.000000 1.000000 1.000000"
			           rotation="0.000000 1.000000 0.000000 0.000000"
			           >
				<Transform DEF="group_1_ifs_TRANSFORM"
				           translation="0.000000 0.000000 0.000000"
				           scale="1.000000 1.000000 1.000000"
				           rotation="0.000000 1.000000 0.000000 0.000000"
				           >
					<Group DEF="group_ME_ID12_004">
						<Shape>
							<Appearance>
								<Material USE="MA_material_014" />
							</Appearance>
							<IndexedFaceSet solid="false"
							                coordIndex="0 1 2 -1 1 0 3 -1 4 5 6 -1 5 4 7 -1 2 8 9 -1 8 2 1 -1 10 11 12 -1 11 10 13 -1 14 15 16 -1 15 14 17 -1 15 17 18 -1 16 19 20 -1 19 16 15 -1 20 19 21 -1 22 23 24 -1 23 22 25 -1 23 25 26 -1 26 25 27 -1 27 25 28 -1 29 24 23 -1 30 31 32 -1 31 30 33 -1 34 7 4 -1 7 34 35 -1 9 36 37 -1 36 9 38 -1 38 9 8 -1 13 39 11 -1 39 13 40 -1 41 42 43 -1 44 45 46 -1 45 44 47 -1 45 47 48 -1 48 47 42 -1 48 42 41 -1 49 50 51 -1 50 49 52 -1 53 54 55 -1 54 53 56 -1 54 56 57 -1 57 56 58 -1 58 56 59 -1 60 55 54 -1 61 62 63 -1 62 61 64 -1 65 66 67 -1 68 69 70 -1 69 68 71 -1 69 71 72 -1 72 71 66 -1 72 66 65 -1 73 74 75 -1 74 73 76 -1 77 78 79 -1 78 77 80 -1 78 80 81 -1 79 82 83 -1 82 79 78 -1 83 82 84 -1 85 86 87 -1 86 85 88 -1 88 85 89 -1 89 85 90 -1 91 92 93 -1 92 91 94 -1 95 96 97 -1 96 98 99 -1 98 96 100 -1 100 96 95 -1 101 102 103 -1 102 101 104 -1 32 105 106 -1 105 32 31 -1 107 35 34 -1 35 107 108 -1 109 110 111 -1 110 109 112 -1 111 113 114 -1 113 111 110 -1 40 115 39 -1 115 40 116 -1 117 118 119 -1 118 117 120 -1 121 122 123 -1 122 121 124 -1 124 121 125 -1 125 121 126 -1 127 128 129 -1 128 127 130 -1 131 132 133 -1 132 134 135 -1 134 132 136 -1 136 132 131 -1 137 138 139 -1 138 137 140 -1 141 142 143 -1 142 141 144 -1 145 146 147 -1 146 145 148 -1 106 149 150 -1 149 106 151 -1 151 106 105 -1 152 153 154 -1 153 152 155 -1 "
							                >
								<Coordinate DEF="coords_ME_ID12_004"
								            point="0.000000 7.086615 1.574803 5.884369 6.671771 1.135672 0.414843 6.671771 1.135672 6.299213 7.086615 1.574803 5.884369 0.414843 1.135672 6.299213 7.086615 1.574803 6.299213 0.000000 1.574803 5.884369 6.671771 1.135672 5.614210 6.401612 0.595353 0.685003 6.401612 0.595353 0.000000 7.086615 1.574803 0.414843 0.414843 1.135672 0.000000 0.000000 1.574803 0.414843 6.671771 1.135672 0.000000 7.086615 1.574803 1.181102 7.086615 2.362205 6.299213 7.086615 1.574803 0.000000 7.086615 3.937008 1.181102 7.086615 3.937008 5.118110 7.086615 2.362205 6.299213 7.086615 3.937008 5.118110 7.086615 3.937008 6.299213 0.000000 1.574803 6.299213 1.574803 2.362205 6.299213 0.000000 3.937008 6.299213 7.086615 1.574803 6.299213 5.511811 2.362205 6.299213 5.511811 3.937008 6.299213 7.086615 3.937008 6.299213 1.574803 3.937008 6.299213 0.000000 1.574803 0.414843 0.414843 1.135672 5.884369 0.414843 1.135672 0.000000 0.000000 1.574803 5.614210 0.685003 0.595353 5.614210 6.401612 0.595353 3.149606 6.299212 0.000000 0.787402 6.299212 0.000000 5.511811 6.299212 0.000000 0.685003 0.685003 0.595353 0.685003 6.401612 0.595353 0.000000 7.086615 3.937008 0.000000 5.511811 2.362205 0.000000 5.511811 3.937008 0.000000 1.574803 3.937008 0.000000 0.000000 1.574803 0.000000 0.000000 3.937008 0.000000 1.574803 2.362205 0.000000 7.086615 1.574803 1.181102 5.511811 3.937008 0.000000 7.086615 3.937008 0.000000 5.511811 3.937008 1.181102 7.086615 3.937008 1.181102 0.000000 2.362205 1.181102 1.574803 3.149606 1.181102 0.000000 3.937008 1.181102 7.086615 2.362205 1.181102 5.511811 3.149606 1.181102 5.511811 3.937008 1.181102 7.086615 3.937008 1.181102 1.574803 3.937008 5.118110 0.000000 2.362205 1.181102 7.086615 2.362205 1.181102 0.000000 2.362205 5.118110 7.086615 2.362205 5.118110 7.086615 3.937008 5.118110 5.511811 3.149606 5.118110 5.511811 3.937008 5.118110 1.574803 3.937008 5.118110 0.000000 2.362205 5.118110 0.000000 3.937008 5.118110 1.574803 3.149606 5.118110 7.086615 2.362205 6.299213 5.511811 3.937008 5.118110 7.086615 3.937008 5.118110 5.511811 3.937008 6.299213 7.086615 3.937008 6.299213 0.000000 1.574803 5.118110 0.000000 2.362205 0.000000 0.000000 1.574803 6.299213 0.000000 3.937008 5.118110 0.000000 3.937008 1.181102 0.000000 2.362205 0.000000 0.000000 3.937008 1.181102 0.000000 3.937008 6.299213 5.511811 3.937008 5.708661 5.511811 2.362205 6.299213 5.511811 2.362205 5.708661 5.511811 3.149606 5.118110 5.511811 3.149606 5.118110 5.511811 3.937008 6.299213 1.574803 2.362205 5.708661 5.511811 2.362205 5.708661 1.574803 2.362205 6.299213 5.511811 2.362205 5.118110 1.574803 3.937008 5.708661 1.574803 3.149606 5.118110 1.574803 3.149606 6.299213 1.574803 2.362205 5.708661 1.574803 2.362205 6.299213 1.574803 3.937008 6.299213 0.000000 3.937008 5.118110 1.574803 3.937008 5.118110 0.000000 3.937008 6.299213 1.574803 3.937008 0.685003 0.685003 0.595353 5.614210 0.685003 0.595353 5.511811 0.787402 0.000000 5.511811 6.299212 0.000000 5.511811 6.299212 0.000000 3.149606 0.787402 0.000000 3.149606 6.299212 0.000000 5.511811 0.787402 0.000000 0.787402 0.787402 0.000000 0.787402 6.299212 0.000000 0.787402 0.787402 0.000000 0.787402 6.299212 0.000000 1.181102 0.000000 3.937008 0.000000 1.574803 3.937008 0.000000 0.000000 3.937008 1.181102 1.574803 3.937008 0.000000 1.574803 3.937008 0.590551 1.574803 2.362205 0.000000 1.574803 2.362205 0.590551 1.574803 3.149606 1.181102 1.574803 3.149606 1.181102 1.574803 3.937008 0.590551 1.574803 2.362205 0.000000 5.511811 2.362205 0.000000 1.574803 2.362205 0.590551 5.511811 2.362205 1.181102 5.511811 3.937008 0.590551 5.511811 3.149606 1.181102 5.511811 3.149606 0.000000 5.511811 2.362205 0.590551 5.511811 2.362205 0.000000 5.511811 3.937008 1.181102 1.574803 3.149606 0.590551 5.511811 3.149606 0.590551 1.574803 3.149606 1.181102 5.511811 3.149606 5.708661 1.574803 3.149606 5.118110 5.511811 3.149606 5.118110 1.574803 3.149606 5.708661 5.511811 3.149606 5.708661 5.511811 2.362205 5.708661 1.574803 3.149606 5.708661 1.574803 2.362205 5.708661 5.511811 3.149606 3.149606 0.787402 0.000000 5.511811 0.787402 0.000000 0.787402 0.787402 0.000000 0.590551 5.511811 3.149606 0.590551 1.574803 2.362205 0.590551 1.574803 3.149606 0.590551 5.511811 2.362205 "
								            />
							</IndexedFaceSet>
						</Shape>
					</Group>
				</Transform>
			</Transform>
			<Transform DEF="group_2_TRANSFORM"
			           translation="-7.713356 -125.182213 67.425888"
			           scale="1.000000 1.000000 1.000000"
			           rotation="0.000000 1.000000 0.000000 0.000000"
			           >
				<Transform DEF="group_2_ifs_TRANSFORM"
				           translation="0.000000 0.000000 0.000000"
				           scale="1.000000 1.000000 1.000000"
				           rotation="0.000000 1.000000 0.000000 0.000000"
				           >
					<Group DEF="group_ME_ID19_002">
						<Shape>
							<Appearance>
								<Material USE="MA_material_014" />
							</Appearance>
							<IndexedFaceSet solid="false"
							                coordIndex="0 1 2 -1 1 0 3 -1 4 5 6 -1 5 4 7 -1 2 8 9 -1 8 2 1 -1 10 11 12 -1 11 10 13 -1 14 15 16 -1 15 14 17 -1 15 17 18 -1 16 19 20 -1 19 16 15 -1 20 19 21 -1 22 23 24 -1 23 22 25 -1 23 25 26 -1 26 25 27 -1 27 25 28 -1 29 24 23 -1 30 31 32 -1 31 30 33 -1 34 7 4 -1 7 34 35 -1 9 36 37 -1 36 9 38 -1 38 9 8 -1 13 39 11 -1 39 13 40 -1 41 42 43 -1 44 45 46 -1 45 44 47 -1 45 47 48 -1 48 47 42 -1 48 42 41 -1 49 50 51 -1 50 49 52 -1 53 54 55 -1 54 53 56 -1 54 56 57 -1 57 56 58 -1 58 56 59 -1 60 55 54 -1 61 62 63 -1 62 61 64 -1 65 66 67 -1 68 69 70 -1 69 68 71 -1 69 71 72 -1 72 71 66 -1 72 66 65 -1 73 74 75 -1 74 73 76 -1 77 78 79 -1 78 77 80 -1 78 80 81 -1 79 82 83 -1 82 79 78 -1 83 82 84 -1 85 86 87 -1 86 85 88 -1 88 85 89 -1 89 85 90 -1 91 92 93 -1 92 91 94 -1 95 96 97 -1 96 98 99 -1 98 96 100 -1 100 96 95 -1 101 102 103 -1 102 101 104 -1 32 105 106 -1 105 32 31 -1 107 35 34 -1 35 107 108 -1 109 110 111 -1 110 109 112 -1 111 113 114 -1 113 111 110 -1 40 115 39 -1 115 40 116 -1 117 118 119 -1 118 117 120 -1 121 122 123 -1 122 121 124 -1 124 121 125 -1 125 121 126 -1 127 128 129 -1 128 127 130 -1 131 132 133 -1 132 134 135 -1 134 132 136 -1 136 132 131 -1 137 138 139 -1 138 137 140 -1 141 142 143 -1 142 141 144 -1 145 146 147 -1 146 145 148 -1 106 149 150 -1 149 106 151 -1 151 106 105 -1 152 153 154 -1 153 152 155 -1 "
							                >
								<Coordinate DEF="coords_ME_ID19_002"
								            point="0.000000 7.086615 1.574803 5.884369 6.671771 1.135672 0.414843 6.671771 1.135672 6.299213 7.086615 1.574803 5.884369 0.414843 1.135672 6.299213 7.086615 1.574803 6.299213 0.000000 1.574803 5.884369 6.671771 1.135672 5.614210 6.401612 0.595353 0.685003 6.401612 0.595353 0.000000 7.086615 1.574803 0.414843 0.414843 1.135672 0.000000 0.000000 1.574803 0.414843 6.671771 1.135672 0.000000 7.086615 1.574803 1.181102 7.086615 2.362205 6.299213 7.086615 1.574803 0.000000 7.086615 3.937008 1.181102 7.086615 3.937008 5.118110 7.086615 2.362205 6.299213 7.086615 3.937008 5.118110 7.086615 3.937008 6.299213 0.000000 1.574803 6.299213 1.574803 2.362205 6.299213 0.000000 3.937008 6.299213 7.086615 1.574803 6.299213 5.511811 2.362205 6.299213 5.511811 3.937008 6.299213 7.086615 3.937008 6.299213 1.574803 3.937008 6.299213 0.000000 1.574803 0.414843 0.414843 1.135672 5.884369 0.414843 1.135672 0.000000 0.000000 1.574803 5.614210 0.685003 0.595353 5.614210 6.401612 0.595353 3.149606 6.299212 0.000000 0.787402 6.299212 0.000000 5.511811 6.299212 0.000000 0.685003 0.685003 0.595353 0.685003 6.401612 0.595353 0.000000 7.086615 3.937008 0.000000 5.511811 2.362205 0.000000 5.511811 3.937008 0.000000 1.574803 3.937008 0.000000 0.000000 1.574803 0.000000 0.000000 3.937008 0.000000 1.574803 2.362205 0.000000 7.086615 1.574803 1.181102 5.511811 3.937008 0.000000 7.086615 3.937008 0.000000 5.511811 3.937008 1.181102 7.086615 3.937008 1.181102 0.000000 2.362205 1.181102 1.574803 3.149606 1.181102 0.000000 3.937008 1.181102 7.086615 2.362205 1.181102 5.511811 3.149606 1.181102 5.511811 3.937008 1.181102 7.086615 3.937008 1.181102 1.574803 3.937008 5.118110 0.000000 2.362205 1.181102 7.086615 2.362205 1.181102 0.000000 2.362205 5.118110 7.086615 2.362205 5.118110 7.086615 3.937008 5.118110 5.511811 3.149606 5.118110 5.511811 3.937008 5.118110 1.574803 3.937008 5.118110 0.000000 2.362205 5.118110 0.000000 3.937008 5.118110 1.574803 3.149606 5.118110 7.086615 2.362205 6.299213 5.511811 3.937008 5.118110 7.086615 3.937008 5.118110 5.511811 3.937008 6.299213 7.086615 3.937008 6.299213 0.000000 1.574803 5.118110 0.000000 2.362205 0.000000 0.000000 1.574803 6.299213 0.000000 3.937008 5.118110 0.000000 3.937008 1.181102 0.000000 2.362205 0.000000 0.000000 3.937008 1.181102 0.000000 3.937008 6.299213 5.511811 3.937008 5.708661 5.511811 2.362205 6.299213 5.511811 2.362205 5.708661 5.511811 3.149606 5.118110 5.511811 3.149606 5.118110 5.511811 3.937008 6.299213 1.574803 2.362205 5.708661 5.511811 2.362205 5.708661 1.574803 2.362205 6.299213 5.511811 2.362205 5.118110 1.574803 3.937008 5.708661 1.574803 3.149606 5.118110 1.574803 3.149606 6.299213 1.574803 2.362205 5.708661 1.574803 2.362205 6.299213 1.574803 3.937008 6.299213 0.000000 3.937008 5.118110 1.574803 3.937008 5.118110 0.000000 3.937008 6.299213 1.574803 3.937008 0.685003 0.685003 0.595353 5.614210 0.685003 0.595353 5.511811 0.787402 0.000000 5.511811 6.299212 0.000000 5.511811 6.299212 0.000000 3.149606 0.787402 0.000000 3.149606 6.299212 0.000000 5.511811 0.787402 0.000000 0.787402 0.787402 0.000000 0.787402 6.299212 0.000000 0.787402 0.787402 0.000000 0.787402 6.299212 0.000000 1.181102 0.000000 3.937008 0.000000 1.574803 3.937008 0.000000 0.000000 3.937008 1.181102 1.574803 3.937008 0.000000 1.574803 3.937008 0.590551 1.574803 2.362205 0.000000 1.574803 2.362205 0.590551 1.574803 3.149606 1.181102 1.574803 3.149606 1.181102 1.574803 3.937008 0.590551 1.574803 2.362205 0.000000 5.511811 2.362205 0.000000 1.574803 2.362205 0.590551 5.511811 2.362205 1.181102 5.511811 3.937008 0.590551 5.511811 3.149606 1.181102 5.511811 3.149606 0.000000 5.511811 2.362205 0.590551 5.511811 2.362205 0.000000 5.511811 3.937008 1.181102 1.574803 3.149606 0.590551 5.511811 3.149606 0.590551 1.574803 3.149606 1.181102 5.511811 3.149606 5.708661 1.574803 3.149606 5.118110 5.511811 3.149606 5.118110 1.574803 3.149606 5.708661 5.511811 3.149606 5.708661 5.511811 2.362205 5.708661 1.574803 3.149606 5.708661 1.574803 2.362205 5.708661 5.511811 3.149606 3.149606 0.787402 0.000000 5.511811 0.787402 0.000000 0.787402 0.787402 0.000000 0.590551 5.511811 3.149606 0.590551 1.574803 2.362205 0.590551 1.574803 3.149606 0.590551 5.511811 2.362205 "
								            />
							</IndexedFaceSet>
						</Shape>
					</Group>
				</Transform>
			</Transform>
			<Transform DEF="group_3_TRANSFORM"
			           translation="-47.923679 -125.357849 67.425888"
			           scale="1.000000 1.000000 1.000000"
			           rotation="0.000000 1.000000 0.000000 0.000000"
			           >
				<Transform DEF="group_3_ifs_TRANSFORM"
				           translation="0.000000 0.000000 0.000000"
				           scale="1.000000 1.000000 1.000000"
				           rotation="0.000000 1.000000 0.000000 0.000000"
				           >
					<Group DEF="group_ME_ID26_001">
						<Shape>
							<Appearance>
								<Material USE="MA_material_014" />
							</Appearance>
							<IndexedFaceSet solid="false"
							                coordIndex="0 1 2 -1 1 0 3 -1 4 5 6 -1 5 4 7 -1 2 8 9 -1 8 2 1 -1 10 11 12 -1 11 10 13 -1 14 15 16 -1 15 14 17 -1 15 17 18 -1 16 19 20 -1 19 16 15 -1 20 19 21 -1 22 23 24 -1 23 22 25 -1 23 25 26 -1 26 25 27 -1 27 25 28 -1 29 24 23 -1 30 31 32 -1 31 30 33 -1 34 7 4 -1 7 34 35 -1 9 36 37 -1 36 9 38 -1 38 9 8 -1 13 39 11 -1 39 13 40 -1 41 42 43 -1 42 41 44 -1 45 46 47 -1 46 45 48 -1 49 50 51 -1 50 49 52 -1 53 54 55 -1 54 53 56 -1 57 58 59 -1 58 57 60 -1 60 57 55 -1 60 55 54 -1 61 62 63 -1 62 61 64 -1 65 66 67 -1 66 65 68 -1 69 70 71 -1 70 69 72 -1 70 72 73 -1 71 74 75 -1 74 71 70 -1 75 74 76 -1 77 78 79 -1 78 77 80 -1 81 82 83 -1 82 81 84 -1 85 86 87 -1 86 85 88 -1 32 89 90 -1 89 32 31 -1 91 35 34 -1 35 91 92 -1 93 94 95 -1 94 93 96 -1 95 97 98 -1 97 95 94 -1 40 99 39 -1 99 40 100 -1 101 102 103 -1 102 101 104 -1 90 105 106 -1 105 90 107 -1 107 90 89 -1 "
							                >
								<Coordinate DEF="coords_ME_ID26_001"
								            point="0.000000 7.086615 1.574803 5.884369 6.671771 1.135672 0.414843 6.671771 1.135672 6.299213 7.086615 1.574803 5.884369 0.414843 1.135672 6.299213 7.086615 1.574803 6.299213 0.000000 1.574803 5.884369 6.671771 1.135672 5.614210 6.401612 0.595353 0.685003 6.401612 0.595353 0.000000 7.086615 1.574803 0.414843 0.414843 1.135672 0.000000 0.000000 1.574803 0.414843 6.671771 1.135672 0.000000 7.086615 1.574803 1.181102 7.086615 2.362205 6.299213 7.086615 1.574803 0.000000 7.086615 3.937008 1.181102 7.086615 3.937008 5.118110 7.086615 2.362205 6.299213 7.086615 3.937008 5.118110 7.086615 3.937008 6.299213 0.000000 1.574803 6.299213 1.574803 2.362205 6.299213 0.000000 3.937008 6.299213 7.086615 1.574803 6.299213 5.511811 2.362205 6.299213 5.511811 3.937008 6.299213 7.086615 3.937008 6.299213 1.574803 3.937008 6.299213 0.000000 1.574803 0.414843 0.414843 1.135672 5.884369 0.414843 1.135672 0.000000 0.000000 1.574803 5.614210 0.685003 0.595353 5.614210 6.401612 0.595353 3.149606 6.299212 0.000000 0.787402 6.299212 0.000000 5.511811 6.299212 0.000000 0.685003 0.685003 0.595353 0.685003 6.401612 0.595353 0.000000 7.086615 3.937008 0.000000 0.000000 1.574803 0.000000 0.000000 3.937008 0.000000 7.086615 1.574803 1.181102 0.000000 3.937008 0.000000 7.086615 3.937008 0.000000 0.000000 3.937008 1.181102 7.086615 3.937008 1.181102 7.086615 2.362205 1.181102 0.000000 3.937008 1.181102 0.000000 2.362205 1.181102 7.086615 3.937008 6.299213 1.574803 2.362205 5.118110 5.511811 2.362205 5.118110 1.574803 2.362205 6.299213 5.511811 2.362205 5.118110 0.000000 2.362205 1.181102 7.086615 2.362205 1.181102 0.000000 2.362205 5.118110 7.086615 2.362205 5.118110 7.086615 3.937008 5.118110 5.511811 2.362205 5.118110 5.511811 3.937008 5.118110 7.086615 2.362205 6.299213 5.511811 3.937008 5.118110 7.086615 3.937008 5.118110 5.511811 3.937008 6.299213 7.086615 3.937008 6.299213 0.000000 1.574803 5.118110 0.000000 2.362205 0.000000 0.000000 1.574803 6.299213 0.000000 3.937008 5.118110 0.000000 3.937008 1.181102 0.000000 2.362205 0.000000 0.000000 3.937008 1.181102 0.000000 3.937008 6.299213 5.511811 3.937008 5.118110 5.511811 2.362205 6.299213 5.511811 2.362205 5.118110 5.511811 3.937008 5.118110 1.574803 3.937008 6.299213 1.574803 2.362205 5.118110 1.574803 2.362205 6.299213 1.574803 3.937008 6.299213 0.000000 3.937008 5.118110 1.574803 3.937008 5.118110 0.000000 3.937008 6.299213 1.574803 3.937008 0.685003 0.685003 0.595353 5.614210 0.685003 0.595353 5.511811 0.787402 0.000000 5.511811 6.299212 0.000000 5.511811 6.299212 0.000000 3.149606 0.787402 0.000000 3.149606 6.299212 0.000000 5.511811 0.787402 0.000000 0.787402 0.787402 0.000000 0.787402 6.299212 0.000000 0.787402 0.787402 0.000000 0.787402 6.299212 0.000000 5.118110 1.574803 3.937008 5.118110 0.000000 2.362205 5.118110 0.000000 3.937008 5.118110 1.574803 2.362205 3.149606 0.787402 0.000000 5.511811 0.787402 0.000000 0.787402 0.787402 0.000000 "
								            />
							</IndexedFaceSet>
						</Shape>
					</Group>
				</Transform>
			</Transform>
			<Transform DEF="group_4_TRANSFORM"
			           translation="-1.414143 -117.898758 75.693611"
			           scale="1.000000 1.000000 1.000000"
			           rotation="0.000000 0.000000 1.000000 3.141593"
			           >
				<Transform DEF="group_4_ifs_TRANSFORM"
				           translation="-0.000000 0.000000 0.000000"
				           scale="1.000000 1.000000 1.000000"
				           rotation="0.000000 1.000000 0.000000 0.000000"
				           >
					<Group DEF="group_ME_ID33">
						<Shape>
							<Appearance>
								<Material USE="MA_material_014" />
							</Appearance>
							<IndexedFaceSet solid="false"
							                coordIndex="0 1 2 -1 1 0 3 -1 4 5 6 -1 5 4 7 -1 2 8 9 -1 8 2 1 -1 10 11 12 -1 11 10 13 -1 14 15 16 -1 15 14 17 -1 15 17 18 -1 16 19 20 -1 19 16 15 -1 20 19 21 -1 22 23 24 -1 23 22 25 -1 23 25 26 -1 26 25 27 -1 27 25 28 -1 29 24 23 -1 30 31 32 -1 31 30 33 -1 34 7 4 -1 7 34 35 -1 9 36 37 -1 36 9 38 -1 38 9 8 -1 13 39 11 -1 39 13 40 -1 41 42 43 -1 42 41 44 -1 45 46 47 -1 46 45 48 -1 49 50 51 -1 50 49 52 -1 53 54 55 -1 54 53 56 -1 57 58 59 -1 58 57 60 -1 60 57 55 -1 60 55 54 -1 61 62 63 -1 62 61 64 -1 65 66 67 -1 66 65 68 -1 69 70 71 -1 70 69 72 -1 70 72 73 -1 71 74 75 -1 74 71 70 -1 75 74 76 -1 77 78 79 -1 78 77 80 -1 81 82 83 -1 82 81 84 -1 85 86 87 -1 86 85 88 -1 32 89 90 -1 89 32 31 -1 91 35 34 -1 35 91 92 -1 93 94 95 -1 94 93 96 -1 95 97 98 -1 97 95 94 -1 40 99 39 -1 99 40 100 -1 101 102 103 -1 102 101 104 -1 90 105 106 -1 105 90 107 -1 107 90 89 -1 "
							                >
								<Coordinate DEF="coords_ME_ID33"
								            point="0.000000 7.086615 1.574803 5.884369 6.671771 1.135672 0.414843 6.671771 1.135672 6.299213 7.086615 1.574803 5.884369 0.414843 1.135672 6.299213 7.086615 1.574803 6.299213 0.000000 1.574803 5.884369 6.671771 1.135672 5.614210 6.401612 0.595353 0.685003 6.401612 0.595353 0.000000 7.086615 1.574803 0.414843 0.414843 1.135672 0.000000 0.000000 1.574803 0.414843 6.671771 1.135672 0.000000 7.086615 1.574803 1.181102 7.086615 2.362205 6.299213 7.086615 1.574803 0.000000 7.086615 3.937008 1.181102 7.086615 3.937008 5.118110 7.086615 2.362205 6.299213 7.086615 3.937008 5.118110 7.086615 3.937008 6.299213 0.000000 1.574803 6.299213 1.574803 2.362205 6.299213 0.000000 3.937008 6.299213 7.086615 1.574803 6.299213 5.511811 2.362205 6.299213 5.511811 3.937008 6.299213 7.086615 3.937008 6.299213 1.574803 3.937008 6.299213 0.000000 1.574803 0.414843 0.414843 1.135672 5.884369 0.414843 1.135672 0.000000 0.000000 1.574803 5.614210 0.685003 0.595353 5.614210 6.401612 0.595353 3.149606 6.299212 0.000000 0.787402 6.299212 0.000000 5.511811 6.299212 0.000000 0.685003 0.685003 0.595353 0.685003 6.401612 0.595353 0.000000 7.086615 3.937008 0.000000 0.000000 1.574803 0.000000 0.000000 3.937008 0.000000 7.086615 1.574803 1.181102 0.000000 3.937008 0.000000 7.086615 3.937008 0.000000 0.000000 3.937008 1.181102 7.086615 3.937008 1.181102 7.086615 2.362205 1.181102 0.000000 3.937008 1.181102 0.000000 2.362205 1.181102 7.086615 3.937008 6.299213 1.574803 2.362205 5.118110 5.511811 2.362205 5.118110 1.574803 2.362205 6.299213 5.511811 2.362205 5.118110 0.000000 2.362205 1.181102 7.086615 2.362205 1.181102 0.000000 2.362205 5.118110 7.086615 2.362205 5.118110 7.086615 3.937008 5.118110 5.511811 2.362205 5.118110 5.511811 3.937008 5.118110 7.086615 2.362205 6.299213 5.511811 3.937008 5.118110 7.086615 3.937008 5.118110 5.511811 3.937008 6.299213 7.086615 3.937008 6.299213 0.000000 1.574803 5.118110 0.000000 2.362205 0.000000 0.000000 1.574803 6.299213 0.000000 3.937008 5.118110 0.000000 3.937008 1.181102 0.000000 2.362205 0.000000 0.000000 3.937008 1.181102 0.000000 3.937008 6.299213 5.511811 3.937008 5.118110 5.511811 2.362205 6.299213 5.511811 2.362205 5.118110 5.511811 3.937008 5.118110 1.574803 3.937008 6.299213 1.574803 2.362205 5.118110 1.574803 2.362205 6.299213 1.574803 3.937008 6.299213 0.000000 3.937008 5.118110 1.574803 3.937008 5.118110 0.000000 3.937008 6.299213 1.574803 3.937008 0.685003 0.685003 0.595353 5.614210 0.685003 0.595353 5.511811 0.787402 0.000000 5.511811 6.299212 0.000000 5.511811 6.299212 0.000000 3.149606 0.787402 0.000000 3.149606 6.299212 0.000000 5.511811 0.787402 0.000000 0.787402 0.787402 0.000000 0.787402 6.299212 0.000000 0.787402 0.787402 0.000000 0.787402 6.299212 0.000000 5.118110 1.574803 3.937008 5.118110 0.000000 2.362205 5.118110 0.000000 3.937008 5.118110 1.574803 2.362205 3.149606 0.787402 0.000000 5.511811 0.787402 0.000000 0.787402 0.787402 0.000000 "
								            />
							</IndexedFaceSet>
						</Shape>
					</Group>
				</Transform>
			</Transform>
			<Transform DEF="group_5_TRANSFORM"
			           translation="-34.878708 -123.410553 78.055809"
			           scale="1.000000 1.000000 1.000000"
			           rotation="0.000000 1.000000 0.000000 0.000000"
			           >
				<Transform DEF="group_5_ifs_TRANSFORM"
				           translation="0.000000 0.000000 0.000000"
				           scale="1.000000 1.000000 1.000000"
				           rotation="0.000000 1.000000 0.000000 0.000000"
				           >
					<Group DEF="group_ME_ID40_002">
						<Shape>
							<Appearance>
								<Material USE="MA_material_014" />
							</Appearance>
							<IndexedFaceSet solid="false"
							                coordIndex="0 1 2 -1 1 0 3 -1 3 0 4 -1 1 5 6 -1 5 1 3 -1 6 5 7 -1 8 9 10 -1 9 8 11 -1 12 13 14 -1 13 12 15 -1 15 12 16 -1 16 12 17 -1 17 12 10 -1 17 10 9 -1 13 18 19 -1 18 13 15 -1 20 21 22 -1 21 20 23 -1 23 20 19 -1 23 19 18 -1 24 25 26 -1 25 24 27 -1 28 29 30 -1 29 28 31 -1 32 33 34 -1 33 32 35 -1 36 37 38 -1 37 36 39 -1 40 41 42 -1 41 40 43 -1 44 45 46 -1 45 44 47 -1 47 44 42 -1 47 42 41 -1 48 49 50 -1 49 48 51 -1 52 53 54 -1 53 52 55 -1 56 57 58 -1 57 56 59 -1 60 61 62 -1 61 60 63 -1 64 65 66 -1 65 64 67 -1 67 64 68 -1 65 69 70 -1 69 65 67 -1 70 69 71 -1 72 73 74 -1 73 72 75 -1 76 77 78 -1 77 76 79 -1 80 81 82 -1 81 80 83 -1 84 85 86 -1 85 84 87 -1 88 89 90 -1 89 88 91 -1 92 93 94 -1 93 92 95 -1 "
							                >
								<Coordinate DEF="coords_ME_ID40_002"
								            point="28.740156 0.000000 5.905512 0.000000 0.000000 0.000000 28.740156 0.000000 0.000000 16.299213 0.000000 5.118110 16.299213 0.000000 5.905512 8.031496 0.000000 5.118110 0.000000 0.000000 5.905512 8.031496 0.000000 5.905512 30.314960 1.181102 5.905512 28.740156 2.559055 5.905512 28.740156 1.377953 5.905512 30.314960 2.755905 5.905512 28.740156 0.000000 5.905512 16.299213 0.393701 5.905512 16.299213 0.000000 5.905512 16.299213 3.543307 5.905512 16.299213 3.937008 5.905512 28.740156 3.937008 5.905512 8.031496 3.543307 5.905512 8.031496 0.393701 5.905512 8.031496 0.000000 5.905512 0.000000 3.937008 5.905512 0.000000 0.000000 5.905512 8.031496 3.937008 5.905512 16.299213 0.393701 5.905512 16.299213 0.000000 5.118110 16.299213 0.000000 5.905512 16.299213 0.393701 5.118110 16.299213 0.000000 5.118110 8.031496 0.393701 5.118110 8.031496 0.000000 5.118110 16.299213 0.393701 5.118110 8.031496 0.393701 5.118110 8.031496 0.000000 5.905512 8.031496 0.000000 5.118110 8.031496 0.393701 5.905512 0.000000 3.937008 5.905512 0.000000 0.000000 0.000000 0.000000 0.000000 5.905512 0.000000 3.937008 0.000000 30.314960 2.755905 0.000000 28.740156 1.377953 0.000000 28.740156 2.559055 0.000000 30.314960 1.181102 0.000000 28.740156 3.937008 0.000000 0.000000 0.000000 0.000000 0.000000 3.937008 0.000000 28.740156 0.000000 0.000000 28.740156 1.377953 0.000000 28.740156 0.000000 5.905512 28.740156 0.000000 0.000000 28.740156 1.377953 5.905512 30.314960 2.755905 0.000000 30.314960 1.181102 5.905512 30.314960 1.181102 0.000000 30.314960 2.755905 5.905512 28.740156 2.559055 5.905512 30.314960 2.755905 0.000000 28.740156 2.559055 0.000000 30.314960 2.755905 5.905512 28.740156 3.937008 0.000000 28.740156 2.559055 5.905512 28.740156 2.559055 0.000000 28.740156 3.937008 5.905512 0.000000 3.937008 5.905512 28.740156 3.937008 0.000000 0.000000 3.937008 0.000000 8.031496 3.937008 5.118110 8.031496 3.937008 5.905512 16.299213 3.937008 5.118110 28.740156 3.937008 5.905512 16.299213 3.937008 5.905512 16.299213 3.937008 5.905512 16.299213 3.543307 5.118110 16.299213 3.543307 5.905512 16.299213 3.937008 5.118110 8.031496 3.543307 5.905512 16.299213 3.543307 5.118110 8.031496 3.543307 5.118110 16.299213 3.543307 5.905512 8.031496 3.937008 5.118110 8.031496 3.543307 5.905512 8.031496 3.543307 5.118110 8.031496 3.937008 5.905512 16.299213 0.393701 5.905512 8.031496 0.393701 5.118110 16.299213 0.393701 5.118110 8.031496 0.393701 5.905512 30.314960 1.181102 5.905512 28.740156 1.377953 0.000000 30.314960 1.181102 0.000000 28.740156 1.377953 5.905512 16.299213 3.543307 5.118110 8.031496 3.937008 5.118110 8.031496 3.543307 5.118110 16.299213 3.937008 5.118110 "
								            />
							</IndexedFaceSet>
						</Shape>
					</Group>
				</Transform>
			</Transform>
			<Transform DEF="group_6_TRANSFORM"
			           translation="-26.847212 -141.127090 83.173927"
			           scale="1.000000 1.000000 1.000000"
			           rotation="0.000000 1.000000 0.000000 0.000000"
			           >
				<Transform DEF="group_6_ifs_TRANSFORM"
				           translation="0.000000 0.000000 0.000000"
				           scale="1.000000 1.000000 1.000000"
				           rotation="0.000000 1.000000 0.000000 0.000000"
				           >
					<Group DEF="group_ME_ID47">
						<Shape>
							<Appearance>
								<Material USE="MA_material_014" />
							</Appearance>
							<IndexedFaceSet solid="false"
							                coordIndex="0 1 2 -1 1 0 3 -1 4 5 6 -1 5 4 7 -1 7 4 8 -1 8 4 9 -1 9 4 10 -1 11 5 7 -1 12 13 14 -1 13 12 15 -1 16 17 18 -1 19 20 21 -1 20 19 22 -1 20 22 23 -1 23 22 17 -1 23 17 16 -1 24 25 26 -1 25 24 27 -1 28 29 30 -1 29 28 31 -1 32 33 34 -1 33 32 35 -1 36 37 38 -1 37 36 39 -1 40 41 42 -1 41 40 43 -1 44 45 46 -1 45 44 47 -1 "
							                >
								<Coordinate DEF="coords_ME_ID47"
								            point="8.267716 0.000000 8.267716 0.000000 0.000000 0.000000 8.267716 0.000000 0.000000 0.000000 0.000000 8.267716 0.000000 39.370079 8.267716 0.000000 0.000000 0.000000 0.000000 0.000000 8.267716 0.000000 18.110235 0.787402 0.000000 21.259842 0.787402 0.000000 21.259842 0.000000 0.000000 39.370079 0.000000 0.000000 18.110235 0.000000 8.267716 18.110235 0.000000 0.000000 0.000000 0.000000 0.000000 18.110235 0.000000 8.267716 0.000000 0.000000 8.267716 39.370079 0.000000 8.267716 21.259842 0.787402 8.267716 21.259842 0.000000 8.267716 18.110235 0.000000 8.267716 0.000000 8.267716 8.267716 0.000000 0.000000 8.267716 18.110235 0.787402 8.267716 39.370079 8.267716 0.000000 0.000000 8.267716 8.267716 39.370079 8.267716 0.000000 39.370079 8.267716 8.267716 0.000000 8.267716 8.267716 21.259842 0.787402 0.000000 18.110235 0.787402 0.000000 21.259842 0.787402 8.267716 18.110235 0.787402 0.000000 18.110235 0.787402 8.267716 18.110235 0.000000 0.000000 18.110235 0.000000 8.267716 18.110235 0.787402 0.000000 39.370079 8.267716 8.267716 39.370079 0.000000 0.000000 39.370079 0.000000 8.267716 39.370079 8.267716 8.267716 39.370079 0.000000 0.000000 21.259842 0.000000 0.000000 39.370079 0.000000 8.267716 21.259842 0.000000 8.267716 21.259842 0.787402 0.000000 21.259842 0.000000 8.267716 21.259842 0.000000 0.000000 21.259842 0.787402 "
								            />
							</IndexedFaceSet>
						</Shape>
					</Group>
				</Transform>
			</Transform>
			<Transform DEF="group_7_TRANSFORM"
			           translation="-18.579496 -123.016861 83.961327"
			           scale="1.000000 1.000000 1.000000"
			           rotation="0.000000 1.000000 0.000000 0.000000"
			           >
				<Transform DEF="group_7_ifs_TRANSFORM"
				           translation="0.000000 0.000000 0.000000"
				           scale="1.000000 1.000000 1.000000"
				           rotation="0.000000 1.000000 0.000000 0.000000"
				           >
					<Group DEF="group_ME_ID54">
						<Shape>
							<Appearance>
								<Material USE="MA_material_014" />
							</Appearance>
							<IndexedFaceSet solid="false"
							                coordIndex="0 1 2 -1 1 0 3 -1 4 5 6 -1 5 4 7 -1 8 9 10 -1 9 8 11 -1 12 13 14 -1 13 12 15 -1 16 17 18 -1 17 16 19 -1 20 21 22 -1 21 20 23 -1 "
							                >
								<Coordinate DEF="coords_ME_ID54"
								            point="0.000000 3.149606 2.362205 14.015748 3.149606 0.000000 0.000000 3.149606 0.000000 14.015748 3.149606 2.362205 14.015748 3.149606 0.000000 0.000000 0.000000 0.000000 0.000000 3.149606 0.000000 14.015748 0.000000 0.000000 0.000000 3.149606 2.362205 0.000000 0.000000 0.000000 0.000000 0.000000 2.362205 0.000000 3.149606 0.000000 14.015748 0.000000 2.362205 0.000000 3.149606 2.362205 0.000000 0.000000 2.362205 14.015748 3.149606 2.362205 14.015748 3.149606 0.000000 14.015748 0.000000 2.362205 14.015748 0.000000 0.000000 14.015748 3.149606 2.362205 14.015748 0.000000 2.362205 0.000000 0.000000 0.000000 14.015748 0.000000 0.000000 0.000000 0.000000 2.362205 "
								            />
							</IndexedFaceSet>
						</Shape>
					</Group>
				</Transform>
			</Transform>
			<Transform DEF="group_8_TRANSFORM"
			           translation="-18.579496 -123.016861 86.323532"
			           scale="1.000000 1.000000 1.000000"
			           rotation="0.000000 1.000000 0.000000 0.000000"
			           >
				<Transform DEF="group_8_ifs_TRANSFORM"
				           translation="0.000000 0.000000 0.000000"
				           scale="1.000000 1.000000 1.000000"
				           rotation="0.000000 1.000000 0.000000 0.000000"
				           >
					<Group DEF="group_ME_ID61">
						<Shape>
							<Appearance>
								<Material USE="MA_material_014" />
							</Appearance>
							<IndexedFaceSet solid="false"
							                coordIndex="0 1 2 -1 1 0 3 -1 4 5 6 -1 5 4 7 -1 8 9 10 -1 9 8 11 -1 12 13 14 -1 13 12 15 -1 16 17 18 -1 17 16 19 -1 20 21 22 -1 21 20 23 -1 "
							                >
								<Coordinate DEF="coords_ME_ID61"
								            point="14.015748 -0.393701 5.118110 0.000000 -0.393701 0.000000 14.015748 -0.393701 0.000000 0.000000 -0.393701 5.118110 14.015748 -0.393701 5.118110 0.000000 3.543307 5.118110 0.000000 -0.393701 5.118110 14.015748 3.543307 5.118110 0.000000 3.543307 5.118110 0.000000 -0.393701 0.000000 0.000000 -0.393701 5.118110 0.000000 3.543307 0.000000 14.015748 3.543307 0.000000 0.000000 -0.393701 0.000000 0.000000 3.543307 0.000000 14.015748 -0.393701 0.000000 14.015748 3.543307 0.000000 14.015748 -0.393701 5.118110 14.015748 -0.393701 0.000000 14.015748 3.543307 5.118110 0.000000 3.543307 5.118110 14.015748 3.543307 0.000000 0.000000 3.543307 0.000000 14.015748 3.543307 5.118110 "
								            />
							</IndexedFaceSet>
						</Shape>
					</Group>
				</Transform>
			</Transform>
			<Transform DEF="group_9_TRANSFORM"
			           translation="-43.592972 -140.339691 75.693611"
			           scale="1.000000 1.000000 1.000000"
			           rotation="0.000000 1.000000 0.000000 0.000000"
			           >
				<Transform DEF="group_9_ifs_TRANSFORM"
				           translation="0.000000 0.000000 0.000000"
				           scale="1.000000 1.000000 1.000000"
				           rotation="0.000000 1.000000 0.000000 0.000000"
				           >
					<Group DEF="group_ME_ID68_001">
						<Shape>
							<Appearance>
								<Material USE="MA_material_014" />
							</Appearance>
							<IndexedFaceSet solid="false"
							                coordIndex="0 1 2 -1 1 0 3 -1 4 5 6 -1 5 4 7 -1 8 9 10 -1 9 8 11 -1 12 13 14 -1 13 12 15 -1 16 17 18 -1 17 16 19 -1 20 21 22 -1 21 20 23 -1 "
							                >
								<Coordinate DEF="coords_ME_ID68_001"
								            point="7.874016 0.000000 0.787402 0.000000 37.795273 0.787402 0.000000 0.000000 0.787402 7.874016 37.795273 0.787402 7.874016 0.000000 0.787402 0.000000 0.000000 0.000000 7.874016 0.000000 0.000000 0.000000 0.000000 0.787402 7.874016 37.795273 0.000000 7.874016 0.000000 0.787402 7.874016 0.000000 0.000000 7.874016 37.795273 0.787402 0.000000 37.795273 0.787402 7.874016 37.795273 0.000000 0.000000 37.795273 0.000000 7.874016 37.795273 0.787402 0.000000 37.795273 0.787402 0.000000 0.000000 0.000000 0.000000 0.000000 0.787402 0.000000 37.795273 0.000000 7.874016 37.795273 0.000000 0.000000 0.000000 0.000000 0.000000 37.795273 0.000000 7.874016 0.000000 0.000000 "
								            />
							</IndexedFaceSet>
						</Shape>
					</Group>
				</Transform>
			</Transform>
			<Transform DEF="group_10_TRANSFORM"
			           translation="-11.828450 -136.402679 75.693611"
			           scale="1.000000 1.000000 1.000000"
			           rotation="0.000000 1.000000 0.000000 0.000000"
			           >
				<Transform DEF="group_10_ifs_TRANSFORM"
				           translation="0.000000 0.000000 0.000000"
				           scale="1.000000 1.000000 1.000000"
				           rotation="0.000000 1.000000 0.000000 0.000000"
				           >
					<Group DEF="group_ME_ID75">
						<Shape>
							<Appearance>
								<Material USE="MA_material_014" />
							</Appearance>
							<IndexedFaceSet solid="false"
							                coordIndex="0 1 2 -1 1 0 3 -1 4 5 6 -1 5 4 7 -1 7 4 8 -1 9 10 11 -1 10 9 12 -1 13 14 15 -1 14 13 16 -1 16 13 17 -1 18 19 20 -1 19 18 21 -1 22 23 24 -1 23 22 25 -1 26 27 28 -1 27 26 29 -1 "
							                >
								<Coordinate DEF="coords_ME_ID75"
								            point="4.844981 29.921259 8.267716 0.000000 0.000000 0.000000 4.844981 0.000000 8.267716 0.000000 29.921259 0.000000 5.296196 0.000000 7.480315 0.000000 0.000000 0.000000 0.912642 0.000000 0.000000 4.844981 0.000000 8.267716 5.296196 0.000000 8.267716 5.296196 0.000000 8.267716 4.844981 29.921259 8.267716 4.844981 0.000000 8.267716 5.296196 29.921259 8.267716 4.844981 29.921259 8.267716 0.912642 29.921259 0.000000 0.000000 29.921259 0.000000 5.296196 29.921259 7.480315 5.296196 29.921259 8.267716 0.912642 29.921259 0.000000 0.000000 0.000000 0.000000 0.000000 29.921259 0.000000 0.912642 0.000000 0.000000 0.912642 29.921259 0.000000 5.296196 0.000000 7.480315 0.912642 0.000000 0.000000 5.296196 29.921259 7.480315 5.296196 29.921259 7.480315 5.296196 0.000000 8.267716 5.296196 0.000000 7.480315 5.296196 29.921259 8.267716 "
								            />
							</IndexedFaceSet>
						</Shape>
					</Group>
				</Transform>
			</Transform>
			<Transform DEF="group_11_TRANSFORM"
			           translation="-21.761536 -140.339691 67.425888"
			           scale="1.000000 1.000000 1.000000"
			           rotation="0.000000 1.000000 0.000000 0.000000"
			           >
				<Transform DEF="group_11_ifs_TRANSFORM"
				           translation="0.000000 0.000000 0.000000"
				           scale="1.000000 1.000000 1.000000"
				           rotation="0.000000 1.000000 0.000000 0.000000"
				           >
					<Group DEF="group_ME_ID82_001">
						<Shape>
							<Appearance>
								<Material USE="MA_material_014" />
							</Appearance>
							<IndexedFaceSet solid="false"
							                coordIndex="0 1 2 -1 1 0 3 -1 4 5 6 -1 5 4 7 -1 7 4 8 -1 9 10 11 -1 10 9 12 -1 13 14 15 -1 14 13 16 -1 16 13 17 -1 18 19 20 -1 19 18 21 -1 22 23 24 -1 23 22 25 -1 26 27 28 -1 27 26 29 -1 "
							                >
								<Coordinate DEF="coords_ME_ID82_001"
								            point="1.003209 37.795273 0.000000 0.000000 0.000000 0.000000 0.000000 37.795273 0.000000 1.003209 0.000000 0.000000 6.908720 0.000000 7.480315 0.000000 0.000000 0.000000 1.003209 0.000000 0.000000 6.527144 0.000000 8.267716 6.908720 0.000000 8.267716 6.527144 0.000000 8.267716 0.000000 37.795273 0.000000 0.000000 0.000000 0.000000 6.527144 37.795273 8.267716 6.527144 37.795273 8.267716 1.003209 37.795273 0.000000 0.000000 37.795273 0.000000 6.908721 37.795273 7.480315 6.908721 37.795273 8.267716 1.003209 37.795273 0.000000 6.908720 0.000000 7.480315 1.003209 0.000000 0.000000 6.908721 37.795273 7.480315 6.908721 37.795273 7.480315 6.908720 0.000000 8.267716 6.908720 0.000000 7.480315 6.908721 37.795273 8.267716 6.527144 0.000000 8.267716 6.908721 37.795273 8.267716 6.527144 37.795273 8.267716 6.908720 0.000000 8.267716 "
								            />
							</IndexedFaceSet>
						</Shape>
					</Group>
				</Transform>
			</Transform>
			<Transform DEF="group_12_TRANSFORM"
			           translation="-32.569351 -140.339691 67.425888"
			           scale="1.000000 1.000000 1.000000"
			           rotation="0.000000 1.000000 0.000000 0.000000"
			           >
				<Transform DEF="group_12_ifs_TRANSFORM"
				           translation="0.000000 0.000000 0.000000"
				           scale="1.000000 1.000000 1.000000"
				           rotation="0.000000 1.000000 0.000000 0.000000"
				           >
					<Group DEF="group_ME_ID89_001">
						<Shape>
							<Appearance>
								<Material USE="MA_material_014" />
							</Appearance>
							<IndexedFaceSet solid="false"
							                coordIndex="0 1 2 -1 1 0 3 -1 3 0 4 -1 5 6 7 -1 6 5 8 -1 9 10 11 -1 10 9 12 -1 13 14 15 -1 14 13 16 -1 17 18 19 -1 18 17 20 -1 21 22 23 -1 22 21 24 -1 25 26 27 -1 26 25 28 -1 28 25 29 -1 "
							                >
								<Coordinate DEF="coords_ME_ID89_001"
								            point="0.314390 0.000000 8.267716 7.874016 0.000000 0.000000 9.017249 0.000000 0.000000 0.000000 0.000000 7.480315 0.000000 0.000000 8.267716 7.874016 37.795273 0.000000 9.017249 0.000000 0.000000 7.874016 0.000000 0.000000 9.017249 37.795273 0.000000 9.017249 0.000000 0.000000 0.314390 37.795273 8.267716 0.314390 0.000000 8.267716 9.017249 37.795273 0.000000 0.314390 0.000000 8.267716 0.000000 37.795273 8.267716 0.000000 0.000000 8.267716 0.314390 37.795273 8.267716 0.000000 37.795273 8.267716 0.000000 0.000000 7.480315 0.000000 0.000000 8.267716 0.000000 37.795273 7.480315 0.000000 37.795273 7.480315 7.874016 0.000000 0.000000 0.000000 0.000000 7.480315 7.874016 37.795273 0.000000 0.000000 37.795273 7.480315 9.017249 37.795273 0.000000 7.874016 37.795273 0.000000 0.314390 37.795273 8.267716 0.000000 37.795273 8.267716 "
								            />
							</IndexedFaceSet>
						</Shape>
					</Group>
				</Transform>
			</Transform>
			<Transform DEF="instance_0_TRANSFORM"
			           translation="-36.900059 -123.410553 44.984947"
			           scale="1.000000 1.000000 1.000000"
			           rotation="0.000000 1.000000 0.000000 0.000000"
			           >
				<Transform DEF="instance_0_ifs_TRANSFORM"
				           translation="0.000000 0.000000 0.000000"
				           scale="1.000000 1.000000 1.000000"
				           rotation="0.000000 1.000000 0.000000 0.000000"
				           >
					<Group DEF="group_ME_ID97_001">
						<Shape>
							<Appearance>
							</Appearance>
							<IndexedFaceSet solid="false"
							                coordIndex="0 1 2 -1 1 0 3 -1 4 5 6 -1 5 4 7 -1 7 4 8 -1 8 4 9 -1 10 11 4 -1 11 10 12 -1 4 11 13 -1 4 13 14 -1 4 14 15 -1 4 15 9 -1 9 15 16 -1 11 12 17 -1 17 12 18 -1 18 12 19 -1 19 12 20 -1 16 21 22 -1 21 16 15 -1 22 21 23 -1 22 23 24 -1 22 24 25 -1 22 25 26 -1 27 28 29 -1 28 27 30 -1 31 32 33 -1 32 31 34 -1 34 31 35 -1 35 31 36 -1 37 38 39 -1 38 37 40 -1 40 37 41 -1 40 41 42 -1 40 42 43 -1 43 42 44 -1 43 44 45 -1 43 45 46 -1 43 46 47 -1 43 47 48 -1 44 42 33 -1 44 33 32 -1 48 47 49 -1 48 49 50 -1 48 50 51 -1 48 51 52 -1 53 54 55 -1 54 53 56 -1 57 58 59 -1 58 57 60 -1 59 58 61 -1 61 58 62 -1 58 60 63 -1 63 60 64 -1 64 60 65 -1 64 66 63 -1 67 68 69 -1 68 67 70 -1 68 70 71 -1 72 73 74 -1 73 72 75 -1 73 75 76 -1 75 72 77 -1 75 77 78 -1 78 77 67 -1 78 67 69 -1 78 69 79 -1 79 69 80 -1 81 82 83 -1 82 81 73 -1 82 73 84 -1 84 73 76 -1 85 86 87 -1 86 85 88 -1 89 90 91 -1 90 89 92 -1 93 94 95 -1 94 93 96 -1 97 98 99 -1 98 97 100 -1 101 102 103 -1 102 101 104 -1 104 105 102 -1 105 104 106 -1 105 107 108 -1 107 105 106 -1 109 110 111 -1 110 109 112 -1 113 114 115 -1 114 113 116 -1 114 117 115 -1 117 114 118 -1 118 119 117 -1 119 118 120 -1 121 122 123 -1 122 121 124 -1 125 126 127 -1 126 125 123 -1 126 123 122 -1 128 129 130 -1 129 128 131 -1 132 133 134 -1 133 132 135 -1 136 137 138 -1 137 136 139 -1 140 141 142 -1 141 140 143 -1 144 145 146 -1 145 144 147 -1 148 149 150 -1 149 148 151 -1 152 153 154 -1 153 152 155 -1 156 157 158 -1 157 156 159 -1 160 161 162 -1 161 160 163 -1 164 165 166 -1 165 164 167 -1 168 169 170 -1 169 168 171 -1 172 170 173 -1 170 172 168 -1 174 172 173 -1 172 174 175 -1 176 177 178 -1 177 176 179 -1 180 181 182 -1 181 180 183 -1 151 180 149 -1 180 151 183 -1 184 185 186 -1 185 184 187 -1 187 184 188 -1 189 185 187 -1 190 191 192 -1 191 190 193 -1 194 195 196 -1 195 194 197 -1 197 198 195 -1 198 197 199 -1 200 201 202 -1 201 200 203 -1 204 205 206 -1 205 204 207 -1 208 209 210 -1 209 208 211 -1 212 213 214 -1 213 212 215 -1 215 212 216 -1 215 216 217 -1 217 216 218 -1 217 218 219 -1 219 218 220 -1 220 218 221 -1 220 221 222 -1 222 221 223 -1 222 223 224 -1 224 223 225 -1 224 225 226 -1 226 225 227 -1 228 229 230 -1 229 228 231 -1 232 233 234 -1 233 232 235 -1 235 232 236 -1 235 236 237 -1 237 236 238 -1 237 238 239 -1 239 238 240 -1 239 240 241 -1 241 240 242 -1 241 242 243 -1 243 242 244 -1 243 244 245 -1 245 244 246 -1 245 246 247 -1 248 249 250 -1 249 248 251 -1 252 253 254 -1 253 252 255 -1 256 257 258 -1 257 256 259 -1 260 261 262 -1 261 260 263 -1 263 260 264 -1 264 260 265 -1 266 267 268 -1 267 266 269 -1 265 270 271 -1 270 265 260 -1 270 260 268 -1 270 268 267 -1 272 263 273 -1 263 272 261 -1 274 275 276 -1 277 278 279 -1 278 277 280 -1 278 280 281 -1 279 278 275 -1 279 275 274 -1 282 283 284 -1 283 282 285 -1 286 287 288 -1 287 286 289 -1 290 291 292 -1 291 290 293 -1 293 290 294 -1 294 290 295 -1 296 297 298 -1 297 296 299 -1 299 296 300 -1 299 300 301 -1 299 301 302 -1 302 301 303 -1 302 303 304 -1 303 301 305 -1 305 301 292 -1 305 292 291 -1 304 303 306 -1 304 306 307 -1 308 309 310 -1 309 308 311 -1 312 313 314 -1 313 312 315 -1 316 317 318 -1 317 316 319 -1 320 321 322 -1 321 320 323 -1 321 323 324 -1 324 323 325 -1 326 323 327 -1 323 326 328 -1 323 328 325 -1 325 328 329 -1 325 329 330 -1 330 329 331 -1 328 326 332 -1 332 326 333 -1 331 334 330 -1 334 331 335 -1 334 335 336 -1 334 336 337 -1 338 339 340 -1 339 338 341 -1 342 343 344 -1 343 342 345 -1 343 346 347 -1 346 343 345 -1 348 349 350 -1 349 348 351 -1 349 352 353 -1 352 349 351 -1 353 354 355 -1 354 353 352 -1 356 357 358 -1 357 356 359 -1 360 361 362 -1 361 360 363 -1 362 308 310 -1 308 362 361 -1 364 365 366 -1 365 364 367 -1 368 369 370 -1 369 368 371 -1 372 373 374 -1 373 372 375 -1 376 377 378 -1 377 376 379 -1 380 381 382 -1 381 380 383 -1 384 385 386 -1 385 384 387 -1 388 389 390 -1 389 388 391 -1 392 393 394 -1 393 392 395 -1 395 392 396 -1 395 396 397 -1 397 396 398 -1 397 398 399 -1 399 398 400 -1 399 400 401 -1 399 401 402 -1 401 400 403 -1 402 401 404 -1 405 406 407 -1 406 405 408 -1 409 410 411 -1 410 409 412 -1 410 412 413 -1 413 412 414 -1 413 414 415 -1 415 414 416 -1 415 416 417 -1 417 416 418 -1 418 416 419 -1 417 418 420 -1 418 419 421 -1 422 319 316 -1 319 422 423 -1 424 423 422 -1 423 424 425 -1 426 427 428 -1 427 426 429 -1 430 431 432 -1 431 430 433 -1 434 433 430 -1 433 434 435 -1 436 435 434 -1 435 436 437 -1 438 439 440 -1 439 438 441 -1 442 443 444 -1 443 442 445 -1 446 447 448 -1 447 446 449 -1 450 451 452 -1 451 450 453 -1 "
							                >
								<Coordinate DEF="coords_ME_ID97_001"
								            point="3.779527 3.937008 0.354331 1.889764 0.000000 1.062992 1.889764 3.937008 1.062992 3.779527 0.000000 0.354331 11.023623 0.000000 1.574803 6.299213 0.000000 0.000000 11.023623 0.000000 0.000000 3.779527 0.000000 0.354331 1.889764 0.000000 1.062992 0.629921 0.000000 2.125984 12.204723 0.000000 1.574803 11.811023 0.000000 5.905512 12.204723 0.000000 8.267716 11.652785 0.000000 5.314961 11.220472 0.000000 4.882647 10.629921 0.000000 4.724409 0.000000 0.000000 3.543307 11.708624 0.000000 6.500865 11.438465 0.000000 7.041184 11.023622 0.000000 7.480315 11.023622 0.000000 8.267716 5.905511 0.000000 4.724409 0.000000 0.000000 5.905512 5.314961 0.000000 4.882647 4.882647 0.000000 5.314961 4.724409 0.000000 5.905512 4.133858 0.000000 5.905512 1.889764 3.937008 1.062992 0.629921 0.000000 2.125984 0.629921 3.937008 2.125984 1.889764 0.000000 1.062992 0.000000 3.937008 5.905512 5.905512 3.937008 4.724409 0.000000 3.937008 3.543307 5.314961 3.937008 4.882647 4.882647 3.937008 5.314961 4.724409 3.937008 5.905512 3.779527 3.937008 0.354331 11.023622 3.937008 0.000000 6.299213 3.937008 0.000000 11.023622 3.937008 1.574803 1.889764 3.937008 1.062992 0.629921 3.937008 2.125984 12.204723 3.937008 1.574803 10.629921 3.937008 4.724409 11.220472 3.937008 4.882647 11.652785 3.937008 5.314961 11.811023 3.937008 5.905512 12.204723 3.937008 8.267716 11.708624 3.937008 6.500865 11.438465 3.937008 7.041184 11.023622 3.937008 7.480315 11.023622 3.937008 8.267716 6.299213 3.937008 0.000000 3.779527 0.000000 0.354331 3.779527 3.937008 0.354331 6.299213 0.000000 0.000000 12.204723 0.000000 1.574803 12.204723 0.787402 1.968504 12.204723 0.000000 8.267716 12.204723 3.937008 1.574803 12.204723 0.393701 8.267716 12.204723 0.787402 8.267716 12.204723 3.149606 1.968504 12.204723 3.543307 8.267716 12.204723 3.937008 8.267716 12.204723 3.149606 8.267716 12.204723 0.787402 8.267716 14.173228 1.181102 8.267716 14.173228 2.755905 8.267716 15.748032 0.433071 8.267716 15.748032 1.377953 8.267716 12.204723 0.000000 8.267716 11.023622 0.393701 8.267716 11.023622 0.000000 8.267716 12.204723 3.543307 8.267716 12.204723 3.937008 8.267716 12.204723 0.393701 8.267716 12.204723 3.149606 8.267716 15.748031 3.503937 8.267716 15.748032 2.559055 8.267716 5.511811 0.393701 8.267716 11.023622 3.543307 8.267716 5.511811 3.543307 8.267716 11.023622 3.937008 8.267716 11.023622 0.000000 8.267716 11.023622 0.393701 7.480315 11.023622 0.000000 7.480315 11.023622 0.393701 8.267716 11.023622 0.393701 7.480315 11.438465 0.000000 7.041184 11.023622 0.000000 7.480315 11.438465 0.393701 7.041184 11.438465 0.393701 7.041184 11.708624 0.000000 6.500865 11.438465 0.000000 7.041184 11.708624 0.393701 6.500865 11.708624 0.000000 6.500865 11.811023 0.393701 5.905512 11.811023 0.000000 5.905512 11.708624 0.393701 6.500865 11.811023 0.393701 5.905512 11.652785 0.000000 5.314961 11.811023 0.000000 5.905512 11.652785 0.393701 5.314961 11.220472 0.000000 4.882647 11.220472 0.393701 4.882647 10.629921 0.393701 4.724409 10.629921 0.000000 4.724409 10.629921 0.000000 4.724409 5.905512 0.393701 4.724409 5.905511 0.000000 4.724409 10.629921 0.393701 4.724409 5.905511 0.000000 4.724409 5.314961 0.393701 4.882647 5.314961 0.000000 4.882647 5.905512 0.393701 4.724409 4.882647 0.000000 5.314961 4.882647 0.393701 5.314961 4.724409 0.000000 5.905512 4.724409 0.393701 5.905512 4.724409 0.000000 5.905512 4.724409 3.543307 5.905512 4.133858 0.000000 5.905512 4.724409 0.393701 5.905512 0.000000 0.000000 5.905512 4.724409 3.937008 5.905512 0.000000 3.937008 5.905512 0.000000 3.937008 5.905512 0.000000 0.000000 3.543307 0.000000 0.000000 5.905512 0.000000 3.937008 3.543307 0.000000 0.000000 3.543307 0.629921 3.937008 2.125984 0.629921 0.000000 2.125984 0.000000 3.937008 3.543307 11.023622 3.937008 0.000000 6.299213 0.000000 0.000000 6.299213 3.937008 0.000000 11.023623 0.000000 0.000000 11.023623 0.000000 0.000000 11.023622 3.937008 1.574803 11.023623 0.000000 1.574803 11.023622 3.937008 0.000000 11.023622 3.937008 1.574803 12.204723 0.000000 1.574803 11.023623 0.000000 1.574803 12.204723 3.937008 1.574803 11.811023 3.937008 5.905512 11.652785 3.543307 5.314961 11.811023 3.543307 5.905512 11.652785 3.937008 5.314961 11.708624 3.543307 6.500865 11.811023 3.937008 5.905512 11.811023 3.543307 5.905512 11.708624 3.937008 6.500865 11.438465 3.937008 7.041184 11.708624 3.543307 6.500865 11.438465 3.543307 7.041184 11.708624 3.937008 6.500865 11.023622 3.937008 7.480315 11.438465 3.543307 7.041184 11.023622 3.543307 7.480315 11.438465 3.937008 7.041184 11.023622 3.543307 8.267716 11.023622 3.937008 7.480315 11.023622 3.543307 7.480315 11.023622 3.937008 8.267716 4.882647 3.937008 5.314961 4.724409 3.543307 5.905512 4.882647 3.543307 5.314961 4.724409 3.937008 5.905512 5.314961 3.937008 4.882647 5.314961 3.543307 4.882647 5.905512 3.543307 4.724409 5.905512 3.937008 4.724409 10.629921 3.543307 4.724409 5.905512 3.937008 4.724409 5.905512 3.543307 4.724409 10.629921 3.937008 4.724409 11.220472 3.543307 4.882647 10.629921 3.937008 4.724409 10.629921 3.543307 4.724409 11.220472 3.937008 4.882647 12.204723 3.149606 8.267716 16.141733 3.543307 1.968504 12.204723 3.149606 1.968504 15.748032 3.503937 5.905512 15.748031 3.503937 8.267716 16.141733 3.543307 5.905512 12.204723 3.149606 1.968504 16.141731 0.393701 1.968504 12.204723 0.787402 1.968504 16.141733 3.543307 1.968504 16.141731 0.393701 5.905512 12.204723 0.787402 1.968504 16.141731 0.393701 1.968504 15.748032 0.433071 5.905512 12.204723 0.787402 8.267716 15.748032 0.433071 8.267716 14.173228 2.755905 5.905512 14.173228 1.181102 8.267716 14.173228 1.181102 5.905512 14.173228 2.755905 8.267716 15.748032 2.559055 5.905512 14.173228 2.755905 8.267716 14.173228 2.755905 5.905512 15.748032 2.559055 8.267716 15.748032 3.503937 5.905512 15.748032 2.559055 8.267716 15.748032 2.559055 5.905512 15.748031 3.503937 8.267716 5.314961 3.543307 4.882647 10.629921 3.543307 4.724409 5.905512 3.543307 4.724409 11.220472 3.543307 4.882647 4.882647 3.543307 5.314961 11.652785 3.543307 5.314961 4.724409 3.543307 5.905512 11.811023 3.543307 5.905512 11.708624 3.543307 6.500865 4.826808 3.543307 6.500865 11.438465 3.543307 7.041184 5.096968 3.543307 7.041184 11.023622 3.543307 7.480315 5.511811 3.543307 7.480315 11.023622 3.543307 8.267716 5.511811 3.543307 8.267716 5.511811 0.393701 8.267716 5.511811 3.543307 7.480315 5.511811 0.393701 7.480315 5.511811 3.543307 8.267716 11.220472 0.393701 4.882647 5.905512 0.393701 4.724409 10.629921 0.393701 4.724409 5.314961 0.393701 4.882647 11.652785 0.393701 5.314961 4.882647 0.393701 5.314961 11.811023 0.393701 5.905512 4.724409 0.393701 5.905512 11.708624 0.393701 6.500865 4.826808 0.393701 6.500865 11.438465 0.393701 7.041184 5.096968 0.393701 7.041184 11.023622 0.393701 7.480315 5.511811 0.393701 7.480315 11.023622 0.393701 8.267716 5.511811 0.393701 8.267716 15.748032 0.433071 5.905512 15.748032 1.377953 8.267716 15.748032 0.433071 8.267716 15.748032 1.377953 5.905512 14.173228 1.181102 5.905512 15.748032 1.377953 8.267716 15.748032 1.377953 5.905512 14.173228 1.181102 8.267716 4.826808 0.393701 6.500865 4.724409 3.543307 5.905512 4.724409 0.393701 5.905512 4.826808 3.543307 6.500865 16.141731 0.393701 5.905512 15.748032 1.377953 5.905512 15.748032 0.433071 5.905512 15.748032 2.559055 5.905512 15.748032 3.503937 5.905512 16.141733 3.543307 5.905512 17.637796 0.000000 5.905512 17.637796 3.543307 5.905512 16.141733 0.000000 5.905512 17.637796 0.393701 5.905512 17.637796 3.937008 5.905511 16.141733 3.937008 5.905512 14.173228 1.181102 5.905512 14.173228 2.755905 5.905512 16.141733 3.937008 5.905512 16.141733 3.543307 1.968504 16.141733 3.543307 5.905512 16.141731 0.000000 1.574803 16.141731 0.393701 1.968504 16.141733 3.937008 1.574803 16.141733 0.000000 5.905512 16.141731 0.393701 5.905512 5.096968 3.543307 7.041184 4.826808 0.393701 6.500865 5.096968 0.393701 7.041184 4.826808 3.543307 6.500865 5.511811 3.543307 7.480315 5.096968 0.393701 7.041184 5.511811 0.393701 7.480315 5.096968 3.543307 7.041184 26.377953 0.000000 5.905512 20.472441 0.000000 4.724409 26.377953 0.000000 3.543307 21.062992 0.000000 4.882647 21.495306 0.000000 5.314961 21.653543 0.000000 5.905512 22.598423 0.000000 0.354331 17.322834 0.000000 0.000000 20.078739 0.000000 0.000000 17.322834 0.000000 1.574803 24.488188 0.000000 1.062992 25.748030 0.000000 2.125984 16.141731 0.000000 1.574803 18.228346 0.000000 4.882647 16.141733 0.000000 5.905512 18.818897 0.000000 4.724409 17.796034 0.000000 5.314961 17.637796 0.000000 5.905512 17.796034 0.393701 5.314961 17.637796 0.000000 5.905512 17.796034 0.000000 5.314961 17.637796 0.393701 5.905512 17.637796 0.393701 5.905512 20.808538 3.543307 8.267716 17.637796 3.543307 5.905512 20.808538 0.393701 8.267716 17.796034 3.543307 5.314961 17.637796 3.937008 5.905511 17.637796 3.543307 5.905512 17.796034 3.937008 5.314961 17.322834 3.937008 0.000000 22.598423 3.937008 0.354331 20.078739 3.937008 0.000000 17.322834 3.937008 1.574803 24.488188 3.937008 1.062992 25.748030 3.937008 2.125984 16.141733 3.937008 5.905512 16.141733 3.937008 1.574803 18.228346 3.937008 4.882647 18.818897 3.937008 4.724409 26.377953 3.937008 3.543307 20.472441 3.937008 4.724409 17.796034 3.937008 5.314961 17.637796 3.937008 5.905511 26.377953 3.937008 5.905512 21.062992 3.937008 4.882647 21.495306 3.937008 5.314961 21.653543 3.937008 5.905512 17.322834 3.937008 1.574803 16.141731 0.000000 1.574803 16.141733 3.937008 1.574803 17.322834 0.000000 1.574803 26.377953 0.000000 5.905512 21.653543 0.393701 5.905512 21.653543 0.000000 5.905512 26.377953 3.937008 5.905512 21.653543 3.937008 5.905512 21.653543 3.543307 5.905512 21.653543 0.393701 5.905512 21.495306 0.000000 5.314961 21.653543 0.000000 5.905512 21.495306 0.393701 5.314961 21.062992 0.393701 4.882647 21.062992 0.000000 4.882647 20.472441 0.393701 4.724409 20.472441 0.000000 4.724409 20.472441 0.000000 4.724409 18.818897 0.393701 4.724409 18.818897 0.000000 4.724409 20.472441 0.393701 4.724409 18.818897 0.000000 4.724409 18.228346 0.393701 4.882647 18.228346 0.000000 4.882647 18.818897 0.393701 4.724409 17.322834 3.937008 1.574803 17.322834 0.000000 0.000000 17.322834 0.000000 1.574803 17.322834 3.937008 0.000000 20.078739 3.937008 0.000000 17.322834 0.000000 0.000000 17.322834 3.937008 0.000000 20.078739 0.000000 0.000000 22.598423 3.937008 0.354331 20.078739 0.000000 0.000000 20.078739 3.937008 0.000000 22.598423 0.000000 0.354331 24.488188 3.937008 1.062992 22.598423 0.000000 0.354331 22.598423 3.937008 0.354331 24.488188 0.000000 1.062992 25.748030 3.937008 2.125984 24.488188 0.000000 1.062992 24.488188 3.937008 1.062992 25.748030 0.000000 2.125984 25.748030 3.937008 2.125984 26.377953 0.000000 3.543307 25.748030 0.000000 2.125984 26.377953 3.937008 3.543307 26.377953 3.937008 3.543307 26.377953 0.000000 5.905512 26.377953 0.000000 3.543307 26.377953 3.937008 5.905512 21.062992 0.393701 4.882647 18.818897 0.393701 4.724409 20.472441 0.393701 4.724409 18.228346 0.393701 4.882647 21.495306 0.393701 5.314961 17.796034 0.393701 5.314961 21.653543 0.393701 5.905512 17.637796 0.393701 5.905512 21.551144 0.393701 6.500865 20.866140 0.393701 7.480315 20.808538 0.393701 8.267716 21.280985 0.393701 7.041184 20.866140 0.393701 8.267716 20.808538 0.393701 8.267716 20.866140 3.543307 8.267716 20.808538 3.543307 8.267716 20.866140 0.393701 8.267716 18.818897 3.543307 4.724409 21.062992 3.543307 4.882647 20.472441 3.543307 4.724409 18.228346 3.543307 4.882647 21.495306 3.543307 5.314961 17.796034 3.543307 5.314961 21.653543 3.543307 5.905512 17.637796 3.543307 5.905512 21.551144 3.543307 6.500865 20.866140 3.543307 7.480315 20.808538 3.543307 8.267716 21.280985 3.543307 7.041184 20.866140 3.543307 8.267716 18.228346 3.543307 4.882647 18.228346 3.937008 4.882647 18.818897 3.543307 4.724409 18.818897 3.937008 4.724409 20.472441 3.543307 4.724409 18.818897 3.937008 4.724409 18.818897 3.543307 4.724409 20.472441 3.937008 4.724409 21.062992 3.543307 4.882647 20.472441 3.937008 4.724409 20.472441 3.543307 4.724409 21.062992 3.937008 4.882647 21.495306 3.543307 5.314961 21.495306 3.937008 5.314961 21.653543 3.543307 5.905512 21.653543 3.937008 5.905512 21.653543 3.543307 5.905512 21.551144 0.393701 6.500865 21.653543 0.393701 5.905512 21.551144 3.543307 6.500865 21.551144 0.393701 6.500865 21.280985 3.543307 7.041184 21.280985 0.393701 7.041184 21.551144 3.543307 6.500865 21.280985 0.393701 7.041184 20.866140 3.543307 7.480315 20.866140 0.393701 7.480315 21.280985 3.543307 7.041184 20.866140 3.543307 7.480315 20.866140 0.393701 8.267716 20.866140 0.393701 7.480315 20.866140 3.543307 8.267716 "
								            />
							</IndexedFaceSet>
						</Shape>
					</Group>
				</Transform>
			</Transform>
			<Transform DEF="instance_1_TRANSFORM"
			           translation="-16.427618 -115.142853 40.260540"
			           scale="1.000000 1.000000 1.000000"
			           rotation="0.000000 0.000000 1.000000 3.141593"
			           >
				<Transform DEF="instance_1_ifs_TRANSFORM"
				           translation="-0.000001 0.000001 0.000000"
				           scale="1.000000 1.000000 1.000000"
				           rotation="0.000000 1.000000 0.000000 0.000000"
				           >
					<Group DEF="group_ME_ID105_001">
						<Shape>
							<Appearance>
							</Appearance>
							<IndexedFaceSet solid="false"
							                coordIndex="0 1 2 -1 1 0 3 -1 4 5 6 -1 5 4 7 -1 5 7 8 -1 6 9 10 -1 9 6 5 -1 10 9 11 -1 12 13 14 -1 13 12 15 -1 13 15 16 -1 16 15 17 -1 17 15 18 -1 19 14 13 -1 20 21 22 -1 21 20 23 -1 23 20 24 -1 24 20 25 -1 26 27 28 -1 29 30 31 -1 30 29 32 -1 30 32 33 -1 33 32 27 -1 33 27 26 -1 34 35 36 -1 35 34 37 -1 37 34 38 -1 38 34 39 -1 39 34 40 -1 36 41 42 -1 41 36 35 -1 43 44 45 -1 44 43 46 -1 47 48 49 -1 50 51 52 -1 51 50 53 -1 51 53 54 -1 54 53 48 -1 54 48 47 -1 55 56 57 -1 56 55 58 -1 59 60 61 -1 60 59 62 -1 63 64 65 -1 64 66 67 -1 66 64 68 -1 68 64 63 -1 69 70 71 -1 70 69 72 -1 73 74 75 -1 74 73 76 -1 74 76 77 -1 75 78 79 -1 78 75 74 -1 79 78 80 -1 81 82 83 -1 82 81 84 -1 85 86 87 -1 86 85 88 -1 89 90 91 -1 90 89 92 -1 93 94 95 -1 94 93 96 -1 97 98 99 -1 98 97 100 -1 101 102 103 -1 102 101 104 -1 104 101 105 -1 105 101 106 -1 107 108 109 -1 108 107 110 -1 111 112 113 -1 112 114 115 -1 114 112 116 -1 116 112 111 -1 117 118 119 -1 118 117 120 -1 118 120 121 -1 118 121 122 -1 123 124 125 -1 124 123 126 -1 61 127 128 -1 127 61 60 -1 129 130 131 -1 130 129 132 -1 96 133 94 -1 133 96 134 -1 135 136 137 -1 136 135 138 -1 139 120 117 -1 120 139 140 -1 120 140 141 -1 120 141 121 -1 128 142 143 -1 142 128 127 -1 131 144 145 -1 144 131 130 -1 134 146 133 -1 146 134 147 -1 148 140 139 -1 140 148 149 -1 140 149 141 -1 150 151 152 -1 151 150 153 -1 145 154 155 -1 154 145 144 -1 "
							                >
								<Coordinate DEF="coords_ME_ID105_001"
								            point="4.330709 0.000000 7.874016 0.000000 4.330709 7.874016 0.000000 0.000000 7.874016 4.330709 4.330709 7.874016 12.598425 0.000000 3.149606 8.267716 0.000000 4.724409 0.000000 0.000000 3.149606 12.598425 0.000000 7.874016 8.267716 0.000000 7.874016 4.330709 0.000000 4.724409 0.000000 0.000000 7.874016 4.330709 0.000000 7.874016 4.330709 0.000000 4.724409 4.330709 4.330709 6.299213 4.330709 0.000000 7.874016 4.330709 12.598425 4.724409 4.330709 8.267716 6.299213 4.330709 8.267716 7.874016 4.330709 12.598425 7.874016 4.330709 4.330709 7.874016 0.000000 4.330709 7.874016 3.149606 4.330709 4.724409 0.000000 4.330709 4.724409 3.149606 4.330709 6.299213 4.330709 4.330709 6.299213 4.330709 4.330709 7.874016 0.000000 12.598425 7.874016 0.000000 8.267716 4.724409 0.000000 8.267716 7.874016 0.000000 4.330709 7.874016 0.000000 0.000000 3.149606 0.000000 0.000000 7.874016 0.000000 4.330709 4.724409 0.000000 12.598425 3.149606 12.598425 11.023622 3.149606 12.598425 4.330709 4.724409 12.598425 0.000000 3.149606 12.598425 8.267716 4.724409 12.598425 8.267716 7.874016 12.598425 12.598425 7.874016 12.598425 12.598425 3.149606 12.598425 4.330709 7.874016 12.598425 0.000000 7.874016 12.598425 0.000000 7.874016 8.267716 4.330709 7.874016 8.267716 0.000000 7.874016 12.598425 4.330709 7.874016 8.267716 12.598425 7.874016 8.267716 8.267716 6.299213 8.267716 8.267716 7.874016 8.267716 4.330709 7.874016 8.267716 0.000000 4.724409 8.267716 0.000000 7.874016 8.267716 4.330709 6.299213 8.267716 12.598425 4.724409 8.267716 0.000000 4.724409 4.330709 12.598425 4.724409 4.330709 0.000000 4.724409 8.267716 12.598425 4.724409 12.598425 0.000000 3.149606 0.829686 0.829686 2.271344 11.768739 0.829686 2.271344 0.000000 0.000000 3.149606 4.330709 8.267716 7.874016 3.149606 8.267716 6.299213 4.330709 8.267716 6.299213 0.000000 8.267716 4.724409 3.149606 8.267716 4.724409 0.000000 8.267716 7.874016 4.330709 4.330709 6.299213 3.149606 8.267716 6.299213 3.149606 4.330709 6.299213 4.330709 8.267716 6.299213 0.000000 12.598425 3.149606 4.330709 12.598425 4.724409 12.598425 12.598425 3.149606 0.000000 12.598425 7.874016 4.330709 12.598425 7.874016 8.267716 12.598425 4.724409 12.598425 12.598425 7.874016 8.267716 12.598425 7.874016 4.330709 8.267716 7.874016 0.000000 12.598425 7.874016 0.000000 8.267716 7.874016 4.330709 12.598425 7.874016 3.149606 8.267716 6.299213 3.149606 4.330709 4.724409 3.149606 4.330709 6.299213 3.149606 8.267716 4.724409 3.149606 4.330709 4.724409 0.000000 8.267716 4.724409 0.000000 4.330709 4.724409 3.149606 8.267716 4.724409 0.000000 12.598425 3.149606 0.829686 0.829686 2.271344 0.000000 0.000000 3.149606 0.829686 11.768739 2.271344 12.598425 8.267716 7.874016 8.267716 12.598425 7.874016 8.267716 8.267716 7.874016 12.598425 12.598425 7.874016 12.598425 8.267716 7.874016 9.448818 8.267716 4.724409 12.598425 8.267716 4.724409 9.448818 8.267716 6.299213 8.267716 8.267716 6.299213 8.267716 8.267716 7.874016 12.598425 4.330709 4.724409 9.448818 8.267716 4.724409 9.448818 4.330709 4.724409 12.598425 8.267716 4.724409 8.267716 4.330709 7.874016 9.448818 4.330709 6.299213 8.267716 4.330709 6.299213 12.598425 4.330709 4.724409 9.448818 4.330709 4.724409 12.598425 4.330709 7.874016 11.768739 0.829686 2.271344 12.598425 11.023622 3.149606 12.598425 0.000000 3.149606 11.768739 11.023622 2.271344 11.768739 11.768739 2.271344 12.598425 12.598425 3.149606 9.448818 4.330709 6.299213 8.267716 8.267716 6.299213 8.267716 4.330709 6.299213 9.448818 8.267716 6.299213 1.370005 1.370005 1.190706 11.228419 1.370005 1.190706 0.000000 12.598425 3.149606 11.768739 11.768739 2.271344 0.829686 11.768739 2.271344 12.598425 12.598425 3.149606 1.370005 1.370005 1.190706 1.370005 11.228419 1.190706 9.448818 8.267716 4.724409 9.448818 4.330709 6.299213 9.448818 4.330709 4.724409 9.448818 8.267716 6.299213 11.228419 1.370005 1.190706 11.228419 11.023622 1.190706 11.228419 11.228419 1.190706 1.574803 1.574803 0.000000 11.023622 1.574803 0.000000 11.228419 11.228419 1.190706 1.370005 11.228419 1.190706 1.574803 1.574803 0.000000 1.574803 11.023622 0.000000 11.023622 1.574803 0.000000 11.023622 11.023622 0.000000 11.023622 11.023622 0.000000 1.574803 1.574803 0.000000 1.574803 11.023622 0.000000 11.023622 1.574803 0.000000 11.023622 11.023622 0.000000 1.574803 11.023622 0.000000 "
								            />
							</IndexedFaceSet>
						</Shape>
					</Group>
				</Transform>
			</Transform>
			<Transform DEF="instance_2_TRANSFORM"
			           translation="-24.695333 -115.536552 61.520382"
			           scale="1.000000 1.000000 1.000000"
			           rotation="0.000000 1.000000 0.000000 0.000000"
			           >
				<Transform DEF="instance_2_ifs_TRANSFORM"
				           translation="0.000000 0.000000 0.000000"
				           scale="1.000000 1.000000 1.000000"
				           rotation="0.000000 1.000000 0.000000 0.000000"
				           >
					<Group DEF="group_ME_ID113_001">
						<Shape>
							<Appearance>
							</Appearance>
							<IndexedFaceSet solid="false"
							                coordIndex="0 1 2 -1 1 0 3 -1 4 5 6 -1 7 8 9 -1 8 7 10 -1 8 10 11 -1 11 10 5 -1 11 5 4 -1 12 13 14 -1 13 12 15 -1 15 12 16 -1 17 18 19 -1 18 17 20 -1 18 20 21 -1 21 20 22 -1 22 20 23 -1 24 19 18 -1 25 26 27 -1 26 25 28 -1 29 30 31 -1 30 29 32 -1 33 34 35 -1 34 33 36 -1 37 38 39 -1 38 37 40 -1 41 42 43 -1 42 41 44 -1 42 44 45 -1 46 47 48 -1 47 46 49 -1 50 51 52 -1 51 50 53 -1 "
							                >
								<Coordinate DEF="coords_ME_ID113_001"
								            point="3.937008 -4.724409 5.905512 0.000000 -4.724409 1.968504 3.937008 -4.724409 1.968504 0.000000 -4.724409 5.905512 0.000000 12.992126 5.905512 0.000000 -4.724409 1.968504 0.000000 -4.724409 5.905512 -0.000000 -7.480315 5.905512 0.000000 -24.803148 0.000000 0.000000 -24.803148 5.905512 -0.000000 -7.480315 1.968504 0.000000 12.992126 0.000000 0.039370 -7.480315 1.968504 0.000000 -4.724409 1.968504 -0.000000 -7.480315 1.968504 3.937008 -4.724409 1.968504 3.937008 -7.480315 1.968504 3.937008 -24.803148 0.000000 3.937008 -7.480315 1.968504 3.937008 -24.803148 5.905512 3.937008 12.992126 0.000000 3.937008 -4.724409 1.968504 3.937008 -4.724409 5.905512 3.937008 12.992126 5.905512 3.937008 -7.480315 5.905512 0.000000 -4.724409 5.905512 3.937008 12.992126 5.905512 0.000000 12.992126 5.905512 3.937008 -4.724409 5.905512 0.000000 12.992126 5.905512 3.937008 12.992126 0.000000 0.000000 12.992126 0.000000 3.937008 12.992126 5.905512 3.937008 12.992126 0.000000 0.000000 -24.803148 0.000000 0.000000 12.992126 0.000000 3.937008 -24.803148 0.000000 3.937008 -24.803148 5.905512 0.000000 -24.803148 0.000000 3.937008 -24.803148 0.000000 0.000000 -24.803148 5.905512 0.000000 -24.803148 5.905512 0.039370 -7.480315 5.905512 -0.000000 -7.480315 5.905512 3.937008 -24.803148 5.905512 3.937008 -7.480315 5.905512 -0.000000 -7.480315 5.905512 0.039370 -7.480315 1.968504 -0.000000 -7.480315 1.968504 0.039370 -7.480315 5.905512 0.039370 -7.480315 5.905512 3.937008 -7.480315 1.968504 0.039370 -7.480315 1.968504 3.937008 -7.480315 5.905512 "
								            />
							</IndexedFaceSet>
						</Shape>
					</Group>
				</Transform>
			</Transform>
			<Transform DEF="instance_3_TRANSFORM"
			           translation="-9.341004 -123.410553 53.252666"
			           scale="-1.000000 -1.000000 -1.000000"
			           rotation="-1.000000 0.000000 0.000000 3.141593"
			           >
				<Transform DEF="instance_3_ifs_TRANSFORM"
				           translation="0.000000 -0.000003 -0.000001"
				           scale="1.000000 1.000000 1.000000"
				           rotation="0.000000 1.000000 0.000000 0.000000"
				           >
					<Group DEF="group_ME_ID121_001">
						<Shape>
							<Appearance>
							</Appearance>
							<IndexedFaceSet solid="false"
							                coordIndex="0 1 2 -1 3 4 1 -1 2 1 4 -1 2 5 0 -1 6 0 5 -1 3 1 7 -1 8 9 10 -1 9 11 10 -1 11 12 10 -1 12 13 10 -1 14 15 13 -1 10 13 15 -1 16 17 18 -1 18 17 19 -1 19 17 20 -1 20 17 21 -1 17 22 21 -1 23 21 22 -1 24 16 25 -1 25 16 26 -1 15 14 27 -1 14 28 27 -1 16 29 26 -1 26 29 28 -1 28 29 27 -1 27 29 30 -1 30 29 31 -1 32 31 29 -1 33 34 35 -1 35 34 36 -1 36 34 24 -1 24 34 16 -1 16 34 17 -1 17 34 37 -1 38 37 34 -1 30 31 39 -1 31 40 39 -1 41 39 40 -1 42 43 44 -1 45 44 43 -1 46 47 48 -1 47 49 48 -1 49 50 48 -1 50 51 48 -1 51 52 48 -1 53 48 52 -1 51 50 54 -1 50 55 54 -1 55 56 54 -1 57 58 59 -1 58 60 59 -1 59 60 61 -1 60 62 61 -1 54 56 63 -1 56 61 63 -1 61 62 63 -1 63 62 64 -1 62 65 64 -1 64 65 66 -1 67 66 65 -1 52 51 68 -1 51 69 68 -1 69 70 68 -1 68 70 71 -1 72 71 70 -1 73 74 75 -1 75 74 76 -1 76 74 77 -1 77 74 57 -1 58 57 74 -1 78 70 69 -1 79 80 81 -1 82 81 80 -1 83 84 85 -1 85 84 86 -1 86 84 87 -1 88 87 84 -1 89 90 91 -1 90 92 91 -1 93 91 92 -1 90 89 94 -1 89 95 94 -1 96 94 95 -1 97 98 99 -1 98 100 99 -1 99 100 101 -1 102 101 100 -1 103 104 105 -1 106 105 104 -1 107 108 109 -1 110 109 108 -1 110 108 111 -1 112 113 108 -1 108 113 111 -1 114 111 113 -1 115 116 117 -1 118 117 116 -1 119 120 121 -1 122 121 120 -1 123 124 125 -1 126 125 124 -1 127 128 129 -1 130 129 128 -1 131 132 133 -1 134 133 132 -1 135 136 131 -1 132 131 136 -1 137 136 138 -1 135 138 136 -1 139 140 141 -1 142 141 140 -1 143 144 145 -1 146 145 144 -1 147 148 145 -1 143 145 148 -1 149 150 147 -1 148 147 150 -1 151 152 153 -1 152 154 153 -1 154 155 153 -1 156 153 155 -1 157 158 159 -1 160 159 158 -1 161 162 163 -1 164 163 162 -1 165 166 167 -1 168 167 166 -1 169 170 171 -1 172 171 170 -1 173 174 175 -1 176 175 174 -1 177 178 179 -1 180 179 178 -1 181 182 183 -1 184 183 182 -1 185 186 187 -1 188 187 186 -1 189 190 191 -1 192 191 190 -1 193 194 195 -1 194 196 195 -1 197 198 196 -1 198 199 196 -1 195 196 199 -1 200 201 202 -1 203 202 201 -1 204 205 206 -1 207 206 205 -1 208 209 210 -1 211 210 209 -1 212 213 214 -1 214 213 215 -1 215 213 216 -1 217 216 213 -1 218 219 220 -1 221 220 219 -1 222 223 224 -1 225 224 223 -1 226 227 228 -1 229 228 227 -1 230 231 232 -1 233 234 235 -1 235 234 230 -1 234 236 230 -1 230 236 231 -1 237 231 236 -1 238 239 240 -1 241 240 239 -1 242 243 244 -1 245 244 243 -1 246 247 248 -1 249 248 247 -1 250 251 252 -1 253 252 251 -1 252 253 254 -1 255 254 253 -1 255 256 254 -1 257 254 256 -1 258 259 260 -1 261 260 259 -1 262 263 264 -1 265 264 263 -1 265 263 266 -1 267 266 263 -1 266 267 268 -1 269 268 267 -1 270 271 272 -1 273 272 271 -1 274 275 276 -1 277 276 275 -1 278 279 280 -1 281 280 279 -1 282 283 284 -1 285 284 283 -1 286 287 288 -1 288 289 286 -1 286 289 290 -1 289 291 290 -1 290 291 292 -1 293 292 291 -1 294 295 296 -1 297 296 295 -1 298 299 300 -1 301 300 299 -1 302 303 304 -1 305 304 303 -1 306 307 308 -1 307 309 308 -1 308 309 310 -1 309 311 310 -1 310 311 312 -1 311 313 312 -1 312 313 314 -1 313 315 314 -1 314 315 316 -1 315 317 316 -1 316 317 318 -1 317 319 318 -1 318 319 320 -1 321 320 319 -1 322 323 324 -1 325 324 323 -1 326 327 328 -1 328 327 329 -1 329 327 330 -1 327 331 330 -1 330 331 332 -1 331 333 332 -1 332 333 334 -1 333 335 334 -1 334 335 336 -1 335 337 336 -1 336 337 338 -1 337 339 338 -1 338 339 340 -1 341 340 339 -1 342 343 344 -1 345 344 343 -1 346 347 348 -1 349 348 347 -1 350 351 352 -1 352 351 353 -1 354 353 351 -1 355 356 357 -1 357 356 358 -1 359 358 356 -1 360 361 362 -1 363 362 361 -1 364 365 366 -1 367 366 365 -1 368 369 370 -1 371 370 369 -1 372 373 374 -1 375 374 373 -1 "
							                >
								<Coordinate DEF="coords_ME_ID121_001"
								            point="15.354331 3.543307 1.968504 15.354331 0.393701 1.968504 15.354331 3.937008 0.000000 15.354331 0.000000 5.905512 15.354331 0.000000 0.000000 15.354331 3.937008 5.905512 15.354331 3.543307 5.905512 15.354331 0.393701 5.905512 35.433071 3.937008 5.905512 33.070866 3.937008 5.905512 37.795277 3.937008 5.905512 32.912628 3.937008 5.314960 32.480312 3.937008 4.882647 31.889765 3.937008 4.724409 28.740156 3.937008 4.724409 37.795273 3.937008 3.543307 27.165354 3.937008 5.905512 15.354331 3.937008 5.905512 23.228346 3.937008 5.905512 23.228346 3.937008 1.968504 23.228346 3.937008 0.787402 22.637794 3.937008 0.787402 15.354331 3.937008 0.000000 22.637794 3.937008 0.000000 27.661455 3.937008 6.500865 27.559055 3.937008 5.905512 27.717291 3.937008 5.314961 37.165352 3.937008 2.125984 28.149607 3.937008 4.882647 27.165354 3.937008 1.968504 35.905510 3.937008 1.062992 27.755907 3.937008 0.787402 27.165354 3.937008 0.787402 28.346457 3.937008 8.267716 5.511811 3.937008 8.267716 28.346457 3.937008 7.480315 27.931614 3.937008 7.041184 11.417323 3.937008 5.905512 11.417323 3.937008 3.868110 34.015747 3.937008 0.354331 27.755907 3.937008 0.000000 31.496063 3.937008 0.000000 22.637794 -0.000000 0.000000 22.637794 3.937008 0.000000 15.354331 0.000000 0.000000 15.354331 3.937008 0.000000 28.346457 -0.000000 8.267716 28.346457 -0.000000 7.480315 5.511811 0.000000 8.267716 27.931614 -0.000000 7.041184 27.661455 -0.000000 6.500865 23.228346 -0.000000 5.905512 11.417323 0.000000 5.905512 11.417323 0.000000 3.868110 27.165354 -0.000000 5.905512 27.559055 -0.000000 5.905512 27.717291 -0.000000 5.314961 31.889765 0.000000 4.724409 37.795273 0.000000 3.543307 28.740156 -0.000000 4.724409 37.165352 0.000000 2.125984 28.149607 -0.000000 4.882647 35.905510 0.000000 1.062992 27.165354 -0.000000 0.787402 27.755907 -0.000000 0.787402 34.015747 0.000000 0.354331 27.755907 -0.000000 0.000000 31.496063 0.000000 0.000000 15.354331 0.000000 5.905512 23.228346 -0.000000 1.968504 22.637794 -0.000000 0.787402 15.354331 0.000000 0.000000 22.637794 -0.000000 0.000000 35.433071 0.000000 5.905512 37.795273 0.000000 5.905512 33.070866 0.000000 5.905512 32.912628 0.000000 5.314961 32.480312 0.000000 4.882647 23.228346 -0.000000 0.787402 15.354331 0.393701 5.905512 11.417323 0.393701 5.905512 15.354331 0.000000 5.905512 11.417323 0.000000 5.905512 11.417323 0.393701 5.905512 15.354331 0.393701 5.905512 11.417322 0.393701 3.868110 11.811023 0.393701 3.574803 11.811023 0.393701 1.968504 15.354331 0.393701 1.968504 15.354331 3.543307 1.968504 13.385826 1.181102 1.968504 15.354331 0.393701 1.968504 11.811023 1.377953 1.968504 11.811023 0.393701 1.968504 13.385826 2.755905 1.968504 11.811023 3.543307 1.968504 11.811023 2.559055 1.968504 11.417323 3.543307 5.905512 11.417323 3.543307 3.868110 15.354331 3.543307 5.905512 11.811023 3.543307 3.574803 15.354331 3.543307 1.968504 11.811023 3.543307 1.968504 15.354331 3.937008 5.905512 11.417323 3.937008 5.905512 15.354331 3.543307 5.905512 11.417323 3.543307 5.905512 32.283466 0.393701 8.267716 28.346457 0.393701 8.267716 32.283466 3.543307 8.267716 28.346457 3.543307 8.267716 28.346457 3.937008 8.267716 28.346457 -0.000000 8.267716 5.511811 0.000000 8.267716 5.511811 3.937008 8.267716 28.346457 3.937008 8.267716 28.346457 3.937008 7.480315 28.346457 3.543307 8.267716 28.346457 3.543307 7.480315 27.931614 3.937008 7.041184 27.931614 3.543307 7.041184 28.346457 3.937008 7.480315 28.346457 3.543307 7.480315 27.661455 3.937008 6.500865 27.661455 3.543307 6.500865 27.931614 3.937008 7.041184 27.931614 3.543307 7.041184 27.661455 3.937008 6.500865 27.559055 3.937008 5.905512 27.661455 3.543307 6.500865 27.559055 3.543307 5.905512 27.717291 3.937008 5.314961 27.717291 3.543307 5.314961 27.559055 3.937008 5.905512 27.559055 3.543307 5.905512 28.149607 3.937008 4.882647 28.149607 3.543307 4.882647 28.740156 3.543307 4.724409 28.740156 3.937008 4.724409 31.889765 3.543307 4.724409 28.740156 3.543307 4.724409 31.889765 3.937008 4.724409 28.740156 3.937008 4.724409 32.480312 3.543307 4.882647 31.889765 3.543307 4.724409 32.480312 3.937008 4.882647 31.889765 3.937008 4.724409 32.912628 3.937008 5.314960 32.912628 3.543307 5.314961 33.070866 3.937008 5.905512 33.070866 3.543307 5.905512 35.433071 0.000000 5.905512 33.070866 0.000000 5.905512 35.433071 3.937008 5.905512 33.070866 0.393701 5.905511 33.070866 3.543307 5.905512 33.070866 3.937008 5.905512 37.795273 0.000000 5.905512 35.433071 0.000000 5.905512 37.795277 3.937008 5.905512 35.433071 3.937008 5.905512 37.795277 3.937008 5.905512 37.795273 3.937008 3.543307 37.795273 0.000000 5.905512 37.795273 0.000000 3.543307 37.795273 3.937008 3.543307 37.165352 3.937008 2.125984 37.795273 0.000000 3.543307 37.165352 0.000000 2.125984 37.165352 0.000000 2.125984 37.165352 3.937008 2.125984 35.905510 0.000000 1.062992 35.905510 3.937008 1.062992 35.905510 0.000000 1.062992 35.905510 3.937008 1.062992 34.015747 0.000000 0.354331 34.015747 3.937008 0.354331 34.015747 0.000000 0.354331 34.015747 3.937008 0.354331 31.496063 0.000000 0.000000 31.496063 3.937008 0.000000 31.496063 0.000000 0.000000 31.496063 3.937008 0.000000 27.755907 -0.000000 0.000000 27.755907 3.937008 0.000000 27.755907 3.937008 0.000000 27.755907 3.937008 0.787402 27.755907 -0.000000 0.000000 27.755907 -0.000000 0.787402 27.755907 -0.000000 0.787402 27.755907 3.937008 0.787402 27.165354 -0.000000 0.787402 27.165354 3.937008 0.787402 27.165354 3.937008 1.968504 27.165354 3.543307 1.968504 27.165354 3.937008 0.787402 27.165354 0.393701 1.968504 27.165354 0.393701 5.905512 27.165354 -0.000000 5.905512 27.165354 -0.000000 0.787402 27.165354 3.937008 1.968504 27.165354 3.937008 5.905512 27.165354 3.543307 1.968504 27.165354 3.543307 5.905512 27.165354 3.543307 5.905512 27.165354 3.937008 5.905512 23.228346 3.543307 5.905512 23.228346 3.937008 5.905512 23.228346 3.937008 5.905512 23.228346 3.937008 1.968504 23.228346 3.543307 5.905512 23.228346 3.543307 1.968504 23.228346 3.937008 1.968504 23.228346 3.937008 0.787402 23.228346 3.543307 1.968504 23.228346 0.393701 1.968504 23.228346 -0.000000 1.968504 23.228346 -0.000000 0.787402 23.228346 -0.000000 0.787402 23.228346 3.937008 0.787402 22.637794 -0.000000 0.787402 22.637794 3.937008 0.787402 22.637794 3.937008 0.787402 22.637794 3.937008 0.000000 22.637794 -0.000000 0.787402 22.637794 -0.000000 0.000000 11.417323 3.937008 5.905512 11.417323 3.937008 3.868110 11.417323 3.543307 5.905512 11.417323 3.543307 3.868110 11.417322 0.393701 3.868110 5.511811 0.000000 8.267716 11.417323 0.000000 3.868110 11.811023 3.543307 3.574803 11.417323 3.543307 3.868110 11.811023 0.393701 3.574803 11.417323 3.937008 3.868110 5.511811 3.937008 8.267716 11.417323 0.393701 5.905512 11.417322 0.393701 3.868110 11.417323 0.000000 5.905512 11.417323 0.000000 3.868110 23.228346 0.393701 1.968504 23.228346 -0.000000 1.968504 23.228346 0.393701 5.905512 23.228346 -0.000000 5.905512 27.165354 -0.000000 5.905512 27.165354 0.393701 5.905512 23.228346 -0.000000 5.905512 23.228346 0.393701 5.905512 33.070866 0.393701 5.905511 33.070866 0.000000 5.905512 32.912628 0.393701 5.314961 32.912628 0.000000 5.314961 32.480312 0.393701 4.882647 32.480312 0.000000 4.882647 31.889765 0.000000 4.724409 31.889765 0.393701 4.724409 31.889765 0.000000 4.724409 28.740156 -0.000000 4.724409 31.889765 0.393701 4.724409 28.740156 0.393701 4.724409 28.740156 -0.000000 4.724409 28.149607 -0.000000 4.882647 28.740156 0.393701 4.724409 28.149607 0.393701 4.882647 27.717291 0.393701 5.314961 27.717291 -0.000000 5.314961 27.559055 0.393701 5.905511 27.559055 -0.000000 5.905512 27.661455 0.393701 6.500865 27.559055 0.393701 5.905511 27.661455 -0.000000 6.500865 27.559055 -0.000000 5.905512 27.661455 0.393701 6.500865 27.661455 -0.000000 6.500865 27.931614 0.393701 7.041184 27.931614 -0.000000 7.041184 27.931614 0.393701 7.041184 27.931614 -0.000000 7.041184 28.346457 0.393701 7.480315 28.346457 -0.000000 7.480315 28.346457 0.393701 8.267716 28.346457 0.393701 7.480315 28.346457 -0.000000 8.267716 28.346457 -0.000000 7.480315 11.811023 2.559055 3.531877 11.811023 2.559055 1.968504 11.811023 3.543307 1.968504 11.811023 3.543307 3.574803 11.811023 1.377953 3.531877 11.811023 0.393701 3.574803 11.811023 1.377953 1.968504 11.811023 0.393701 1.968504 11.811023 1.377953 3.531877 11.811023 1.377953 1.968504 13.385826 1.181102 3.531877 13.385826 1.181102 1.968504 13.385826 2.755906 3.531877 13.385826 1.181102 3.531877 13.385826 2.755905 1.968504 13.385826 1.181102 1.968504 13.385826 2.755906 3.531877 13.385826 2.755905 1.968504 11.811023 2.559055 3.531877 11.811023 2.559055 1.968504 28.346457 0.393701 8.267716 32.283466 0.393701 8.267716 28.346457 0.393701 7.480315 32.283466 0.393701 7.480315 27.931614 0.393701 7.041184 32.698307 0.393701 7.041184 27.661455 0.393701 6.500865 32.968468 0.393701 6.500865 27.559055 0.393701 5.905511 33.070866 0.393701 5.905511 27.717291 0.393701 5.314961 32.912628 0.393701 5.314961 28.149607 0.393701 4.882647 32.480312 0.393701 4.882647 28.740156 0.393701 4.724409 31.889765 0.393701 4.724409 32.283466 3.543307 8.267716 32.283466 3.543307 7.480315 32.283466 0.393701 8.267716 32.283466 0.393701 7.480315 28.346457 3.543307 8.267716 28.346457 3.543307 7.480315 32.283466 3.543307 8.267716 32.283466 3.543307 7.480315 32.698307 3.543307 7.041184 27.931614 3.543307 7.041184 32.968468 3.543307 6.500865 27.661455 3.543307 6.500865 33.070866 3.543307 5.905512 27.559055 3.543307 5.905512 32.912628 3.543307 5.314961 27.717291 3.543307 5.314961 32.480312 3.543307 4.882647 28.149607 3.543307 4.882647 31.889765 3.543307 4.724409 28.740156 3.543307 4.724409 32.968468 3.543307 6.500865 33.070866 3.543307 5.905512 32.968468 0.393701 6.500865 33.070866 0.393701 5.905511 27.165354 0.393701 1.968504 27.165354 3.543307 1.968504 23.622046 0.393701 1.968504 23.622046 3.543307 1.968504 23.228346 0.393701 5.905512 27.165354 0.393701 5.905512 23.228346 0.393701 1.968504 23.622046 0.393701 1.968504 27.165354 0.393701 1.968504 27.165354 3.543307 5.905512 23.228346 3.543307 5.905512 27.165354 3.543307 1.968504 23.622046 3.543307 1.968504 23.228346 3.543307 1.968504 23.622046 3.543307 1.968504 23.228346 3.543307 1.968504 23.622046 0.393701 1.968504 23.228346 0.393701 1.968504 13.385826 2.755906 3.531877 11.811023 2.559055 3.531877 13.385826 1.181102 3.531877 11.811023 1.377953 3.531877 32.968468 3.543307 6.500865 32.968468 0.393701 6.500865 32.698307 3.543307 7.041184 32.698307 0.393701 7.041184 32.698307 3.543307 7.041184 32.698307 0.393701 7.041184 32.283466 3.543307 7.480315 32.283466 0.393701 7.480315 "
								            />
							</IndexedFaceSet>
						</Shape>
					</Group>
				</Transform>
			</Transform>
			<Transform DEF="instance_3_001_TRANSFORM"
			           translation="-9.341004 -123.410553 53.252666"
			           scale="-1.000000 -1.000000 -1.000000"
			           rotation="-1.000000 0.000000 0.000000 3.141593"
			           >
				<Transform DEF="instance_3_001_ifs_TRANSFORM"
				           translation="0.000000 -0.000003 -0.000001"
				           scale="1.000000 1.000000 1.000000"
				           rotation="0.000000 1.000000 0.000000 0.000000"
				           >
					<Group DEF="group_ME_ID127">
					</Group>
				</Transform>
			</Transform>
			<Transform DEF="instance_4_TRANSFORM"
			           translation="-9.734704 -124.985359 50.890461"
			           scale="-1.000000 -1.000000 -1.000000"
			           rotation="-1.000000 0.000000 0.000000 3.141593"
			           >
				<Transform DEF="instance_4_ifs_TRANSFORM"
				           translation="0.000000 -0.000003 -0.000001"
				           scale="1.000000 1.000000 1.000000"
				           rotation="0.000000 1.000000 0.000000 0.000000"
				           >
					<Group DEF="group_ME_ID135">
						<Shape>
							<Appearance>
							</Appearance>
							<IndexedFaceSet solid="false"
							                coordIndex="0 1 2 -1 3 2 1 -1 4 5 6 -1 6 5 7 -1 8 7 5 -1 9 5 4 -1 10 11 12 -1 13 12 11 -1 14 15 16 -1 16 15 17 -1 17 15 18 -1 19 18 15 -1 20 21 22 -1 23 24 25 -1 25 24 26 -1 26 24 20 -1 24 27 20 -1 21 20 27 -1 28 29 30 -1 31 30 29 -1 32 33 34 -1 33 35 34 -1 34 35 36 -1 35 37 36 -1 38 36 37 -1 39 33 32 -1 40 41 42 -1 43 42 41 -1 44 45 46 -1 47 46 45 -1 48 49 50 -1 51 52 49 -1 50 49 52 -1 53 54 51 -1 54 55 51 -1 52 51 55 -1 56 57 58 -1 59 58 57 -1 60 61 62 -1 63 64 61 -1 62 61 64 -1 65 66 63 -1 66 67 63 -1 64 63 67 -1 68 69 70 -1 71 70 69 -1 72 73 74 -1 74 73 75 -1 75 73 76 -1 76 73 77 -1 73 78 77 -1 79 77 78 -1 77 79 80 -1 81 82 83 -1 84 83 82 -1 85 86 87 -1 86 88 87 -1 87 88 89 -1 88 90 89 -1 91 89 90 -1 92 86 85 -1 93 94 95 -1 96 95 94 -1 97 98 99 -1 100 99 98 -1 101 102 103 -1 104 103 102 -1 105 68 106 -1 70 106 68 -1 107 108 109 -1 110 109 108 -1 111 112 113 -1 112 114 113 -1 114 115 113 -1 116 113 115 -1 117 118 119 -1 120 119 118 -1 121 122 123 -1 124 123 122 -1 95 96 125 -1 126 125 96 -1 103 104 127 -1 128 127 104 -1 129 105 130 -1 106 130 105 -1 112 131 114 -1 131 132 114 -1 132 133 114 -1 115 114 133 -1 125 126 134 -1 135 134 126 -1 127 128 136 -1 137 136 128 -1 138 139 140 -1 141 140 139 -1 131 142 132 -1 142 143 132 -1 133 132 143 -1 "
							                >
								<Coordinate DEF="coords_ME_ID135"
								            point="1.181102 5.511811 3.149606 1.181102 1.574803 3.149606 0.590551 5.511811 3.149606 0.590551 1.574803 3.149606 1.181102 5.511811 3.937008 0.590551 5.511811 3.149606 0.000000 5.511811 3.937008 0.000000 5.511811 2.362205 0.590551 5.511811 2.362205 1.181102 5.511811 3.149606 0.590551 5.511811 2.362205 0.590551 5.511811 3.149606 0.590551 1.574803 2.362205 0.590551 1.574803 3.149606 1.181102 1.574803 3.937008 0.000000 1.574803 3.937008 1.181102 1.574803 3.149606 0.590551 1.574803 3.149606 0.590551 1.574803 2.362205 0.000000 1.574803 2.362205 1.181102 1.574803 3.149606 1.181102 0.000000 3.937008 1.181102 1.574803 3.937008 1.181102 7.086615 3.937008 1.181102 7.086615 2.362205 1.181102 5.511811 3.937008 1.181102 5.511811 3.149606 1.181102 0.000000 2.362205 1.181102 7.086615 3.937008 1.181102 5.511811 3.937008 0.000000 7.086615 3.937008 0.000000 5.511811 3.937008 0.000000 7.086615 3.937008 0.000000 5.511811 2.362205 0.000000 7.086615 1.574803 0.000000 1.574803 2.362205 0.000000 0.000000 1.574803 0.000000 1.574803 3.937008 0.000000 0.000000 3.937008 0.000000 5.511811 3.937008 0.590551 5.511811 2.362205 0.590551 1.574803 2.362205 0.000000 5.511811 2.362205 0.000000 1.574803 2.362205 1.181102 1.574803 3.937008 1.181102 0.000000 3.937008 0.000000 1.574803 3.937008 0.000000 0.000000 3.937008 1.181102 0.000000 3.937008 1.181102 0.000000 2.362205 0.000000 0.000000 3.937008 5.118110 0.000000 2.362205 0.000000 0.000000 1.574803 5.118110 0.000000 3.937008 6.299213 0.000000 3.937008 6.299213 0.000000 1.574803 5.118110 7.086615 2.362205 5.118110 0.000000 2.362205 1.181102 7.086615 2.362205 1.181102 0.000000 2.362205 5.118110 7.086615 3.937008 5.118110 7.086615 2.362205 6.299213 7.086615 3.937008 1.181102 7.086615 2.362205 6.299213 7.086615 1.574803 1.181102 7.086615 3.937008 0.000000 7.086615 3.937008 0.000000 7.086615 1.574803 0.414843 6.671771 1.135672 0.000000 7.086615 1.574803 0.414843 0.414843 1.135672 0.000000 0.000000 1.574803 6.299213 7.086615 1.574803 6.299213 6.299212 1.574803 6.299213 7.086615 3.937008 6.299213 5.511811 3.937008 6.299213 5.511811 2.405118 6.299213 1.574803 2.405118 6.299213 0.000000 1.574803 6.299213 0.000000 3.937008 6.299213 1.574803 3.937008 6.299213 1.574803 3.937008 6.299213 0.000000 3.937008 5.118110 1.574803 3.937008 5.118110 0.000000 3.937008 5.118110 7.086615 3.937008 5.118110 5.511811 3.285039 5.118110 7.086615 2.362205 5.118110 1.574803 3.285039 5.118110 0.000000 2.362205 5.118110 1.574803 3.937008 5.118110 0.000000 3.937008 5.118110 5.511811 3.937008 0.000000 0.000000 1.574803 6.299213 0.000000 1.574803 0.414843 0.414843 1.135672 5.884369 0.414843 1.135672 6.299213 7.086615 3.937008 6.299213 5.511811 3.937008 5.118110 7.086615 3.937008 5.118110 5.511811 3.937008 6.299213 7.086615 1.574803 0.000000 7.086615 1.574803 5.884369 6.671771 1.135672 0.414843 6.671771 1.135672 0.685003 6.401612 0.595353 0.685003 0.685003 0.595353 5.118110 1.574803 3.937008 5.118110 1.574803 3.285039 6.299213 1.574803 3.937008 6.299213 1.574803 2.405118 6.299213 7.086615 1.574803 5.884369 6.671771 1.135672 6.299213 6.299212 1.574803 5.884369 6.299212 1.135672 5.884369 0.414843 1.135672 6.299213 0.000000 1.574803 5.118110 5.511811 3.937008 6.299213 5.511811 3.937008 5.118110 5.511811 3.285039 6.299213 5.511811 2.405118 6.299213 5.511811 2.405118 6.299213 1.574803 2.405118 5.118110 5.511811 3.285039 5.118110 1.574803 3.285039 0.685003 0.685003 0.595353 5.614210 0.685003 0.595353 5.614210 6.401612 0.595353 0.685003 6.401612 0.595353 0.787402 6.299212 0.000000 0.787402 0.787402 0.000000 5.614210 6.401612 0.595353 5.614210 6.299212 0.595353 5.614210 0.685003 0.595353 0.787402 0.787402 0.000000 5.511811 0.787402 0.000000 5.511811 6.299212 0.000000 0.787402 6.299212 0.000000 5.511811 0.787402 0.000000 5.511811 6.299212 0.000000 0.787402 0.787402 0.000000 0.787402 6.299212 0.000000 5.511811 6.299212 0.000000 5.511811 0.787402 0.000000 "
								            />
							</IndexedFaceSet>
						</Shape>
					</Group>
				</Transform>
			</Transform>
			<Transform DEF="instance_5_TRANSFORM"
			           translation="-14.852816 -109.237328 53.252666"
			           scale="1.000000 1.000000 1.000000"
			           rotation="0.000000 0.000000 -1.000000 1.570796"
			           >
				<Transform DEF="instance_5_ifs_TRANSFORM"
				           translation="-0.000001 0.000000 0.000000"
				           scale="1.000000 1.000000 1.000000"
				           rotation="0.000000 1.000000 0.000000 0.000000"
				           >
					<Group DEF="group_ME_ID143_001">
						<Shape>
							<Appearance>
							</Appearance>
							<IndexedFaceSet solid="false"
							                coordIndex="0 1 2 -1 1 0 3 -1 4 5 6 -1 5 4 7 -1 7 4 8 -1 8 4 9 -1 10 11 12 -1 11 10 13 -1 13 10 14 -1 13 14 15 -1 15 14 16 -1 15 16 17 -1 17 16 18 -1 17 18 19 -1 18 16 20 -1 20 16 6 -1 20 6 5 -1 19 18 21 -1 19 21 22 -1 15 23 24 -1 23 15 17 -1 24 23 25 -1 25 23 26 -1 24 25 27 -1 24 27 28 -1 25 26 29 -1 29 26 30 -1 28 31 32 -1 31 28 27 -1 32 31 33 -1 32 33 34 -1 32 34 35 -1 36 37 38 -1 37 36 39 -1 40 41 42 -1 41 40 43 -1 41 43 44 -1 44 43 37 -1 44 37 45 -1 45 37 39 -1 42 46 47 -1 46 42 41 -1 48 49 50 -1 49 48 51 -1 49 51 52 -1 52 51 53 -1 53 51 54 -1 55 56 57 -1 56 55 58 -1 58 55 59 -1 58 59 60 -1 60 59 61 -1 60 61 62 -1 62 61 63 -1 62 63 64 -1 63 61 50 -1 50 61 48 -1 64 63 65 -1 64 65 66 -1 60 67 68 -1 67 60 62 -1 68 67 69 -1 69 67 70 -1 68 69 71 -1 68 71 72 -1 69 70 73 -1 73 70 74 -1 72 75 76 -1 75 72 71 -1 76 75 77 -1 76 77 78 -1 76 78 79 -1 80 81 82 -1 81 80 83 -1 84 85 86 -1 85 84 87 -1 88 89 90 -1 89 88 91 -1 91 88 92 -1 91 92 93 -1 93 94 91 -1 94 93 95 -1 94 96 97 -1 96 94 95 -1 96 95 98 -1 96 98 99 -1 100 101 102 -1 101 100 103 -1 104 103 100 -1 103 104 105 -1 104 106 105 -1 106 104 107 -1 108 109 110 -1 109 108 111 -1 112 113 114 -1 113 112 115 -1 116 115 117 -1 115 116 113 -1 118 117 119 -1 117 118 116 -1 120 121 122 -1 121 120 123 -1 124 125 126 -1 125 124 127 -1 128 129 130 -1 129 128 131 -1 132 133 134 -1 133 132 135 -1 136 137 138 -1 137 136 139 -1 140 141 142 -1 141 140 143 -1 144 145 146 -1 145 144 147 -1 148 149 150 -1 149 148 151 -1 152 153 154 -1 153 152 155 -1 156 157 158 -1 157 156 159 -1 160 161 162 -1 161 160 163 -1 164 165 166 -1 165 164 167 -1 168 167 164 -1 167 168 169 -1 170 169 168 -1 169 170 171 -1 172 173 174 -1 173 172 175 -1 176 177 178 -1 177 176 179 -1 180 176 181 -1 176 180 179 -1 182 181 183 -1 181 182 180 -1 184 185 186 -1 185 184 187 -1 188 189 190 -1 189 188 191 -1 191 188 192 -1 191 192 193 -1 193 192 194 -1 193 194 195 -1 196 197 198 -1 197 196 199 -1 200 201 202 -1 201 200 203 -1 203 200 204 -1 203 204 205 -1 205 204 206 -1 205 206 207 -1 208 209 210 -1 209 208 211 -1 211 212 209 -1 212 211 213 -1 214 213 215 -1 213 214 212 -1 216 217 218 -1 217 216 219 -1 220 221 222 -1 221 220 223 -1 220 224 225 -1 224 220 222 -1 225 226 227 -1 226 225 224 -1 199 228 197 -1 228 199 229 -1 228 230 231 -1 230 228 229 -1 232 233 234 -1 233 232 235 -1 236 237 238 -1 237 236 239 -1 238 187 184 -1 187 238 237 -1 240 241 242 -1 241 240 243 -1 241 243 244 -1 244 243 245 -1 244 245 246 -1 246 245 247 -1 248 249 250 -1 249 248 251 -1 251 248 252 -1 251 252 253 -1 253 252 254 -1 253 254 255 -1 "
							                >
								<Coordinate DEF="coords_ME_ID143_001"
								            point="10.629921 0.000000 1.968504 10.629921 3.937008 5.905512 10.629921 0.000000 5.905512 10.629921 3.937008 1.968504 0.000000 3.937008 5.905512 5.118110 3.937008 4.724409 0.000000 3.937008 3.543307 4.527559 3.937008 4.882647 4.095246 3.937008 5.314961 3.937008 3.937008 5.905512 3.779527 3.937008 0.354331 18.110235 3.937008 0.000000 6.299213 3.937008 0.000000 20.629921 3.937008 0.354331 1.889764 3.937008 1.062992 22.519684 3.937008 1.062992 0.629921 3.937008 2.125984 10.629921 3.937008 1.968504 8.858268 3.937008 4.882647 10.629921 3.937008 5.905512 8.267716 3.937008 4.724409 9.290582 3.937008 5.314961 9.448818 3.937008 5.905512 13.779528 3.937008 1.968504 23.779526 3.937008 2.125984 15.551181 3.937008 4.882647 13.779528 3.937008 5.905512 16.141733 3.937008 4.724409 24.409447 3.937008 3.543307 15.118867 3.937008 5.314961 14.960629 3.937008 5.905512 19.291338 3.937008 4.724409 24.409447 3.937008 5.905512 19.881889 3.937008 4.882647 20.314203 3.937008 5.314961 20.472441 3.937008 5.905512 10.629921 0.000000 5.905512 9.448818 0.393701 5.905512 9.448818 0.000000 5.905512 10.629921 3.937008 5.905512 3.937008 0.000000 5.905512 3.937008 3.543307 5.905512 0.000000 0.000000 5.905512 3.937008 0.393701 5.905512 9.448818 3.543307 5.905512 9.448818 3.937008 5.905512 3.937008 3.937008 5.905512 0.000000 3.937008 5.905512 24.409447 0.000000 3.543307 19.291338 0.000000 4.724409 16.141733 0.000000 4.724409 24.409447 0.000000 5.905512 19.881889 0.000000 4.882647 20.314203 0.000000 5.314961 20.472441 0.000000 5.905512 20.629921 0.000000 0.354331 6.299213 0.000000 0.000000 18.110235 0.000000 0.000000 3.779527 0.000000 0.354331 22.519684 0.000000 1.062992 1.889764 0.000000 1.062992 23.779528 0.000000 2.125984 13.779528 0.000000 1.968504 15.551181 0.000000 4.882647 13.779528 0.000000 5.905512 15.118867 0.000000 5.314960 14.960629 0.000000 5.905512 10.629921 0.000000 1.968504 0.629921 0.000000 2.125984 8.858268 0.000000 4.882647 10.629921 0.000000 5.905512 8.267716 0.000000 4.724409 0.000000 0.000000 3.543307 9.290582 0.000000 5.314961 9.448818 0.000000 5.905512 5.118110 0.000000 4.724409 0.000000 0.000000 5.905512 4.527559 0.000000 4.882647 4.095246 0.000000 5.314961 3.937008 0.000000 5.905512 10.629921 0.000000 1.968504 13.779528 3.937008 1.968504 10.629921 3.937008 1.968504 13.779528 0.000000 1.968504 13.779528 3.937008 5.905512 13.779528 0.000000 1.968504 13.779528 0.000000 5.905512 13.779528 3.937008 1.968504 13.779528 0.000000 5.905512 14.960629 3.937008 5.905512 13.779528 3.937008 5.905512 14.960629 3.543307 5.905512 14.960629 0.000000 5.905512 14.960629 0.393701 5.905512 20.472441 3.543307 5.905512 20.472441 0.393701 5.905512 24.409447 3.937008 5.905512 20.472441 3.937008 5.905512 20.472441 0.000000 5.905512 24.409447 0.000000 5.905512 15.118867 3.543307 5.314961 14.960629 3.937008 5.905512 14.960629 3.543307 5.905512 15.118867 3.937008 5.314961 15.551181 3.543307 4.882647 15.551181 3.937008 4.882647 16.141733 3.937008 4.724409 16.141733 3.543307 4.724409 16.141733 3.543307 4.724409 19.291338 3.937008 4.724409 16.141733 3.937008 4.724409 19.291338 3.543307 4.724409 19.291338 3.543307 4.724409 19.881889 3.937008 4.882647 19.291338 3.937008 4.724409 19.881889 3.543307 4.882647 20.314203 3.937008 5.314961 20.314203 3.543307 5.314961 20.472441 3.937008 5.905512 20.472441 3.543307 5.905512 24.409447 3.937008 3.543307 24.409447 0.000000 5.905512 24.409447 0.000000 3.543307 24.409447 3.937008 5.905512 23.779526 3.937008 2.125984 24.409447 0.000000 3.543307 23.779528 0.000000 2.125984 24.409447 3.937008 3.543307 23.779526 3.937008 2.125984 22.519684 0.000000 1.062992 22.519684 3.937008 1.062992 23.779528 0.000000 2.125984 22.519684 3.937008 1.062992 20.629921 0.000000 0.354331 20.629921 3.937008 0.354331 22.519684 0.000000 1.062992 20.629921 3.937008 0.354331 18.110235 0.000000 0.000000 18.110235 3.937008 0.000000 20.629921 0.000000 0.354331 18.110235 3.937008 0.000000 6.299213 0.000000 0.000000 6.299213 3.937008 0.000000 18.110235 0.000000 0.000000 6.299213 3.937008 0.000000 3.779527 0.000000 0.354331 3.779527 3.937008 0.354331 6.299213 0.000000 0.000000 3.779527 3.937008 0.354331 1.889764 0.000000 1.062992 1.889764 3.937008 1.062992 3.779527 0.000000 0.354331 1.889764 3.937008 1.062992 0.629921 0.000000 2.125984 0.629921 3.937008 2.125984 1.889764 0.000000 1.062992 0.000000 0.000000 3.543307 0.629921 3.937008 2.125984 0.629921 0.000000 2.125984 0.000000 3.937008 3.543307 0.000000 3.937008 5.905512 0.000000 0.000000 3.543307 0.000000 0.000000 5.905512 0.000000 3.937008 3.543307 4.095246 3.543307 5.314961 3.937008 3.937008 5.905512 3.937008 3.543307 5.905512 4.095246 3.937008 5.314961 4.527559 3.543307 4.882647 4.527559 3.937008 4.882647 5.118110 3.543307 4.724409 5.118110 3.937008 4.724409 8.267716 3.543307 4.724409 5.118110 3.937008 4.724409 5.118110 3.543307 4.724409 8.267716 3.937008 4.724409 8.858268 3.543307 4.882647 8.267716 3.937008 4.724409 8.267716 3.543307 4.724409 8.858268 3.937008 4.882647 9.290582 3.937008 5.314961 9.290582 3.543307 5.314961 9.448818 3.937008 5.905512 9.448818 3.543307 5.905512 4.095246 0.000000 5.314961 3.937008 0.393701 5.905512 3.937008 0.000000 5.905512 4.095246 0.393701 5.314961 8.858268 0.393701 4.882647 5.118110 0.393701 4.724409 8.267716 0.393701 4.724409 4.527559 0.393701 4.882647 9.290582 0.393701 5.314961 4.095246 0.393701 5.314961 9.448818 0.393701 5.905512 3.937008 0.393701 5.905512 9.448818 0.393701 5.905512 9.290582 0.000000 5.314961 9.448818 0.000000 5.905512 9.290582 0.393701 5.314961 4.527559 3.543307 4.882647 8.267716 3.543307 4.724409 5.118110 3.543307 4.724409 8.858268 3.543307 4.882647 4.095246 3.543307 5.314961 9.290582 3.543307 5.314961 3.937008 3.543307 5.905512 9.448818 3.543307 5.905512 20.472441 0.393701 5.905512 20.314203 0.000000 5.314961 20.472441 0.000000 5.905512 20.314203 0.393701 5.314961 19.881889 0.000000 4.882647 19.881889 0.393701 4.882647 19.291338 0.000000 4.724409 19.291338 0.393701 4.724409 16.141733 0.000000 4.724409 19.291338 0.393701 4.724409 16.141733 0.393701 4.724409 19.291338 0.000000 4.724409 15.551181 0.000000 4.882647 16.141733 0.393701 4.724409 15.551181 0.393701 4.882647 16.141733 0.000000 4.724409 15.118867 0.393701 5.314961 15.118867 0.000000 5.314960 14.960629 0.393701 5.905512 14.960629 0.000000 5.905512 8.858268 0.000000 4.882647 8.858268 0.393701 4.882647 8.267716 0.393701 4.724409 8.267716 0.000000 4.724409 8.267716 0.000000 4.724409 5.118110 0.393701 4.724409 5.118110 0.000000 4.724409 8.267716 0.393701 4.724409 5.118110 0.000000 4.724409 4.527559 0.393701 4.882647 4.527559 0.000000 4.882647 5.118110 0.393701 4.724409 19.291338 0.393701 4.724409 15.551181 0.393701 4.882647 16.141733 0.393701 4.724409 19.881889 0.393701 4.882647 15.118867 0.393701 5.314961 20.314203 0.393701 5.314961 14.960629 0.393701 5.905512 20.472441 0.393701 5.905512 15.551181 3.543307 4.882647 19.291338 3.543307 4.724409 16.141733 3.543307 4.724409 19.881889 3.543307 4.882647 15.118867 3.543307 5.314961 20.314203 3.543307 5.314961 14.960629 3.543307 5.905512 20.472441 3.543307 5.905512 "
								            />
							</IndexedFaceSet>
						</Shape>
					</Group>
				</Transform>
			</Transform>
			<Transform DEF="instance_6_TRANSFORM"
			           translation="-54.616596 -123.410553 61.520382"
			           scale="1.000000 1.000000 1.000000"
			           rotation="0.000000 1.000000 0.000000 0.000000"
			           >
				<Transform DEF="instance_6_ifs_TRANSFORM"
				           translation="0.000000 0.000000 0.000000"
				           scale="1.000000 1.000000 1.000000"
				           rotation="0.000000 1.000000 0.000000 0.000000"
				           >
					<Group DEF="group_ME_ID151_001">
						<Shape>
							<Appearance>
							</Appearance>
							<IndexedFaceSet solid="false"
							                coordIndex="0 1 2 -1 3 4 5 -1 4 3 1 -1 4 1 6 -1 6 1 0 -1 7 8 9 -1 8 7 10 -1 10 7 11 -1 10 11 12 -1 10 12 13 -1 13 12 14 -1 15 16 17 -1 16 15 18 -1 18 15 9 -1 18 9 8 -1 19 20 21 -1 20 19 22 -1 23 24 25 -1 24 23 26 -1 27 28 29 -1 28 27 30 -1 28 30 31 -1 32 33 34 -1 33 32 35 -1 36 37 38 -1 37 36 39 -1 40 41 42 -1 41 40 43 -1 41 43 44 -1 44 43 45 -1 45 43 46 -1 47 42 41 -1 48 49 50 -1 49 48 51 -1 51 48 52 -1 51 53 54 -1 53 51 52 -1 55 56 57 -1 58 59 60 -1 59 58 61 -1 62 63 64 -1 65 66 67 -1 66 65 68 -1 66 68 69 -1 69 68 63 -1 69 63 62 -1 70 71 72 -1 71 70 73 -1 73 70 74 -1 74 70 75 -1 75 70 76 -1 76 70 77 -1 77 78 79 -1 78 77 80 -1 80 77 70 -1 80 70 81 -1 80 81 82 -1 82 81 83 -1 82 83 84 -1 84 83 85 -1 84 85 86 -1 86 85 87 -1 88 89 90 -1 89 88 76 -1 76 88 75 -1 73 91 92 -1 91 73 74 -1 93 94 95 -1 94 93 79 -1 94 79 96 -1 96 79 97 -1 97 79 78 -1 98 99 100 -1 99 98 101 -1 102 103 104 -1 103 105 106 -1 105 103 107 -1 107 103 102 -1 107 102 108 -1 107 108 109 -1 107 109 110 -1 110 109 111 -1 111 109 112 -1 112 109 113 -1 113 109 114 -1 114 115 116 -1 115 114 117 -1 117 114 109 -1 117 109 118 -1 117 118 119 -1 119 118 120 -1 119 120 121 -1 121 120 122 -1 121 122 123 -1 112 124 125 -1 124 112 113 -1 110 126 127 -1 126 110 111 -1 128 129 130 -1 129 128 131 -1 132 133 134 -1 133 132 135 -1 136 137 138 -1 137 136 139 -1 140 141 142 -1 141 140 143 -1 144 145 146 -1 145 144 147 -1 148 149 150 -1 151 152 153 -1 152 151 154 -1 152 154 155 -1 155 154 149 -1 155 149 148 -1 156 157 158 -1 157 156 159 -1 160 161 162 -1 161 160 163 -1 164 165 166 -1 165 164 167 -1 168 169 170 -1 169 168 171 -1 172 173 174 -1 173 172 175 -1 176 177 178 -1 177 176 179 -1 180 181 182 -1 181 180 183 -1 184 185 186 -1 185 184 187 -1 188 189 190 -1 189 188 191 -1 192 193 194 -1 193 192 195 -1 196 197 198 -1 197 196 199 -1 200 201 202 -1 201 200 203 -1 203 200 204 -1 204 200 205 -1 205 200 206 -1 207 208 209 -1 208 207 210 -1 211 212 213 -1 212 211 214 -1 215 216 217 -1 218 219 220 -1 219 218 221 -1 219 221 222 -1 222 221 216 -1 222 216 215 -1 223 224 225 -1 224 223 226 -1 227 228 229 -1 228 227 230 -1 230 227 231 -1 231 227 232 -1 232 233 231 -1 234 235 236 -1 235 234 237 -1 238 239 240 -1 239 238 241 -1 242 243 244 -1 245 246 247 -1 246 245 248 -1 246 248 249 -1 249 248 243 -1 249 243 242 -1 250 251 252 -1 251 250 253 -1 254 255 256 -1 255 254 257 -1 257 254 258 -1 257 258 259 -1 259 258 260 -1 260 261 259 -1 262 263 264 -1 263 262 265 -1 266 267 268 -1 267 266 269 -1 270 271 272 -1 271 270 273 -1 274 275 276 -1 275 274 277 -1 278 279 280 -1 279 278 281 -1 282 283 284 -1 283 282 285 -1 286 287 288 -1 287 286 289 -1 290 291 292 -1 291 290 293 -1 294 295 296 -1 295 294 297 -1 298 299 300 -1 299 298 301 -1 302 303 304 -1 303 302 305 -1 306 307 308 -1 307 306 309 -1 310 311 312 -1 311 310 313 -1 "
							                >
								<Coordinate DEF="coords_ME_ID151_001"
								            point="7.874016 0.000000 5.905512 7.283464 0.000000 0.787402 7.874016 0.000000 0.787402 7.283464 0.000000 0.000000 3.723315 0.000000 0.787402 6.006779 0.000000 0.000000 1.676070 0.000000 5.905512 11.811023 0.393701 5.905512 7.874016 3.543307 5.905512 7.874016 0.393701 5.905512 11.811023 3.543307 5.905512 11.811023 0.000000 5.905512 12.204723 0.000000 5.905512 11.811023 3.937008 5.905512 12.204723 3.937008 5.905512 7.874016 0.000000 5.905512 1.676070 3.937008 5.905512 1.676070 0.000000 5.905512 7.874016 3.937008 5.905512 0.000000 1.968504 5.174428 3.723315 0.000000 0.787402 1.676070 0.000000 5.905512 1.754810 1.968504 0.787402 4.038275 1.968504 0.000000 3.723315 0.000000 0.787402 1.754810 1.968504 0.787402 6.006779 0.000000 0.000000 6.006779 3.937008 0.000000 6.006779 0.000000 0.000000 4.038275 1.968504 0.000000 7.283464 3.937008 0.000000 7.283464 0.000000 0.000000 7.283464 3.937008 0.000000 7.283464 0.000000 0.787402 7.283464 0.000000 0.000000 7.283464 3.937008 0.787402 7.874016 3.937008 0.787402 7.283464 0.000000 0.787402 7.283464 3.937008 0.787402 7.874016 0.000000 0.787402 7.874016 0.000000 0.787402 7.874016 0.393701 1.968504 7.874016 0.000000 5.905512 7.874016 3.937008 0.787402 7.874016 3.543307 1.968504 7.874016 3.543307 5.905512 7.874016 3.937008 5.905512 7.874016 0.393701 5.905512 3.723315 3.937008 0.787402 7.283464 3.937008 0.000000 6.006779 3.937008 0.000000 7.283464 3.937008 0.787402 1.676070 3.937008 5.905512 7.874016 3.937008 5.905512 7.874016 3.937008 0.787402 1.676070 3.937008 5.905512 0.000000 1.968504 5.174428 1.676070 0.000000 5.905512 11.811023 0.393701 5.905512 7.874016 0.393701 1.968504 11.811023 0.393701 1.968504 7.874016 0.393701 5.905512 11.811023 3.937008 5.905512 11.811023 3.543307 1.968504 11.811023 3.543307 5.905512 11.811023 0.393701 5.905512 11.811023 0.000000 0.787402 11.811023 0.000000 5.905512 11.811023 0.393701 1.968504 11.811023 3.937008 0.787402 47.690639 0.000000 5.905512 43.700787 -0.000000 5.905512 43.700790 0.000000 2.933071 39.763779 -0.000000 5.905512 33.858265 0.000000 5.905512 29.921259 0.000000 5.905512 22.047243 0.000000 5.905512 18.110235 0.000000 5.905512 12.204723 0.000000 5.905512 18.110235 0.000000 1.968504 12.307123 0.000000 6.500865 47.588242 0.000000 6.500865 12.577283 0.000000 7.041184 47.318085 0.000000 7.041184 12.992126 0.000000 7.480315 46.903236 0.000000 7.480315 12.992126 0.000000 8.267716 46.903236 0.000000 8.267716 29.921259 0.000000 1.968504 22.047243 0.000000 0.000000 29.921259 0.000000 0.000000 33.858265 0.000000 0.000000 39.763779 -0.000000 0.000000 18.110235 0.000000 0.000000 12.401574 0.000000 0.787402 12.401574 0.000000 0.000000 11.811023 0.000000 0.787402 11.811023 0.000000 5.905512 12.307123 3.937008 6.500865 12.204723 0.000000 5.905512 12.307123 0.000000 6.500865 12.204723 3.937008 5.905512 11.811023 3.937008 5.905512 12.401574 3.937008 0.787402 11.811023 3.937008 0.787402 18.110235 3.937008 0.000000 12.401574 3.937008 0.000000 18.110235 3.937008 5.905512 12.204723 3.937008 5.905512 12.307123 3.937008 6.500865 22.047243 3.937008 5.905512 29.921259 3.937008 5.905512 33.858269 3.937008 5.905512 39.763779 3.937008 5.905512 43.700787 3.937008 5.905512 47.690639 3.937008 5.905512 43.700787 3.937008 2.933071 47.588242 3.937008 6.500865 12.577283 3.937008 7.041184 47.318085 3.937008 7.041184 12.992126 3.937008 7.480315 46.903236 3.937008 7.480315 12.992126 3.937008 8.267716 46.903236 3.937008 8.267716 39.763779 3.937008 0.000000 33.858269 3.937008 0.000000 29.921259 3.937008 0.000000 22.047243 3.937008 0.000000 7.874016 3.543307 5.905512 11.811023 3.543307 1.968504 7.874016 3.543307 1.968504 11.811023 3.543307 5.905512 0.000000 1.968504 5.174428 3.723315 3.937008 0.787402 1.754810 1.968504 0.787402 1.676070 3.937008 5.905512 3.723315 3.937008 0.787402 4.038275 1.968504 0.000000 1.754810 1.968504 0.787402 6.006779 3.937008 0.000000 11.811023 3.543307 1.968504 7.874016 0.393701 1.968504 7.874016 3.543307 1.968504 11.811023 0.393701 1.968504 11.811023 3.937008 0.787402 12.401574 0.000000 0.787402 11.811023 0.000000 0.787402 12.401574 3.937008 0.787402 43.700787 3.937008 5.905512 43.700787 3.543307 3.937008 43.700787 3.543307 5.905512 43.700787 0.393701 5.905512 43.700790 0.000000 2.933071 43.700787 -0.000000 5.905512 43.700787 0.393701 3.937008 43.700787 3.937008 2.933071 47.690639 0.000000 5.905512 43.700787 3.937008 2.933071 43.700790 0.000000 2.933071 47.690639 3.937008 5.905512 47.690639 3.937008 5.905512 47.588242 0.000000 6.500865 47.690639 0.000000 5.905512 47.588242 3.937008 6.500865 47.588242 3.937008 6.500865 47.318085 0.000000 7.041184 47.588242 0.000000 6.500865 47.318085 3.937008 7.041184 47.318085 3.937008 7.041184 46.903236 0.000000 7.480315 47.318085 0.000000 7.041184 46.903236 3.937008 7.480315 46.903236 3.937008 7.480315 46.903236 0.000000 8.267716 46.903236 0.000000 7.480315 46.903236 3.937008 8.267716 46.903236 0.000000 8.267716 12.992126 3.937008 8.267716 12.992126 0.000000 8.267716 46.903236 3.937008 8.267716 12.992126 3.937008 8.267716 12.992126 0.000000 7.480315 12.992126 0.000000 8.267716 12.992126 3.937008 7.480315 12.992126 3.937008 7.480315 12.577283 0.000000 7.041184 12.992126 0.000000 7.480315 12.577283 3.937008 7.041184 12.577283 3.937008 7.041184 12.307123 0.000000 6.500865 12.577283 0.000000 7.041184 12.307123 3.937008 6.500865 12.401574 3.937008 0.787402 12.401574 0.000000 0.000000 12.401574 0.000000 0.787402 12.401574 3.937008 0.000000 12.401574 3.937008 0.000000 18.110235 0.000000 0.000000 12.401574 0.000000 0.000000 18.110235 3.937008 0.000000 18.110235 3.937008 0.000000 18.110235 0.000000 1.968504 18.110235 0.000000 0.000000 18.110235 0.393701 1.968504 18.110235 3.543307 1.968504 18.110235 3.543307 5.905512 18.110235 3.937008 5.905512 18.110235 0.000000 1.968504 18.110235 0.393701 5.905512 18.110235 0.000000 5.905512 18.110235 0.393701 1.968504 22.047243 0.393701 5.905512 18.110235 0.000000 5.905512 18.110235 0.393701 5.905512 22.047243 0.000000 5.905512 22.047243 3.937008 5.905512 22.047243 3.543307 1.968504 22.047243 3.543307 5.905512 22.047243 0.393701 5.905512 22.047243 0.000000 0.000000 22.047243 0.000000 5.905512 22.047243 0.393701 1.968504 22.047243 3.937008 0.000000 22.047243 3.937008 0.000000 29.921259 0.000000 0.000000 22.047243 0.000000 0.000000 29.921259 3.937008 0.000000 29.921259 3.937008 0.000000 29.921259 0.000000 1.968504 29.921259 0.000000 0.000000 29.921259 0.393701 1.968504 29.921259 3.543307 1.968504 29.921259 3.937008 5.905512 29.921259 3.543307 5.905512 29.921259 0.000000 1.968504 29.921259 0.393701 5.905512 29.921259 0.000000 5.905512 29.921259 0.393701 1.968504 33.858265 0.393701 5.905512 29.921259 0.000000 5.905512 29.921259 0.393701 5.905512 33.858265 0.000000 5.905512 33.858269 3.937008 5.905512 33.858269 3.543307 1.968504 33.858269 3.543307 5.905512 33.858265 0.393701 5.905512 33.858265 0.000000 0.000000 33.858265 0.000000 5.905512 33.858265 0.393701 1.968504 33.858269 3.937008 0.000000 33.858269 3.937008 0.000000 39.763779 -0.000000 0.000000 33.858265 0.000000 0.000000 39.763779 3.937008 0.000000 39.763779 -0.000000 0.000000 39.763779 0.393701 5.905512 39.763779 -0.000000 5.905512 39.763779 0.393701 3.937008 39.763779 3.937008 0.000000 39.763779 3.543307 3.937008 39.763779 3.937008 5.905512 39.763779 3.543307 5.905512 43.700787 0.393701 5.905512 39.763779 -0.000000 5.905512 39.763779 0.393701 5.905512 43.700787 -0.000000 5.905512 43.700787 3.937008 5.905512 39.763779 3.543307 5.905512 39.763779 3.937008 5.905512 43.700787 3.543307 5.905512 33.858269 3.937008 5.905512 29.921259 3.543307 5.905512 29.921259 3.937008 5.905512 33.858269 3.543307 5.905512 22.047243 3.937008 5.905512 18.110235 3.543307 5.905512 18.110235 3.937008 5.905512 22.047243 3.543307 5.905512 43.700787 0.393701 5.905512 39.763779 0.393701 3.937008 43.700787 0.393701 3.937008 39.763779 0.393701 5.905512 39.763779 3.543307 3.937008 43.700787 0.393701 3.937008 39.763779 0.393701 3.937008 43.700787 3.543307 3.937008 39.763779 3.543307 5.905512 43.700787 3.543307 3.937008 39.763779 3.543307 3.937008 43.700787 3.543307 5.905512 18.110235 3.543307 5.905512 22.047243 3.543307 1.968504 18.110235 3.543307 1.968504 22.047243 3.543307 5.905512 18.110235 3.543307 1.968504 22.047243 0.393701 1.968504 18.110235 0.393701 1.968504 22.047243 3.543307 1.968504 22.047243 0.393701 5.905512 18.110235 0.393701 1.968504 22.047243 0.393701 1.968504 18.110235 0.393701 5.905512 29.921259 3.543307 5.905512 33.858269 3.543307 1.968504 29.921259 3.543307 1.968504 33.858269 3.543307 5.905512 29.921259 3.543307 1.968504 33.858265 0.393701 1.968504 29.921259 0.393701 1.968504 33.858269 3.543307 1.968504 33.858265 0.393701 5.905512 29.921259 0.393701 1.968504 33.858265 0.393701 1.968504 29.921259 0.393701 5.905512 "
								            />
							</IndexedFaceSet>
						</Shape>
					</Group>
				</Transform>
			</Transform>
			<Transform DEF="instance_6_001_TRANSFORM"
			           translation="-54.616596 -123.410553 61.520382"
			           scale="1.000000 1.000000 1.000000"
			           rotation="0.000000 1.000000 0.000000 0.000000"
			           >
				<Transform DEF="instance_6_001_ifs_TRANSFORM"
				           translation="0.000000 0.000000 0.000000"
				           scale="1.000000 1.000000 1.000000"
				           rotation="0.000000 1.000000 0.000000 0.000000"
				           >
					<Group DEF="group_ME_ID157_003">
					</Group>
				</Transform>
			</Transform>
			<Transform DEF="instance_7_TRANSFORM"
			           translation="-22.726830 -123.410553 50.890461"
			           scale="1.000000 1.000000 1.000000"
			           rotation="0.000000 1.000000 0.000000 0.000000"
			           >
				<Transform DEF="instance_7_ifs_TRANSFORM"
				           translation="0.000000 0.000000 0.000000"
				           scale="1.000000 1.000000 1.000000"
				           rotation="0.000000 1.000000 0.000000 0.000000"
				           >
					<Group DEF="group_ME_ID192">
					</Group>
				</Transform>
				<Transform DEF="group_13_001_TRANSFORM"
				           translation="34.537853 123.410553 -48.528255"
				           scale="1.000000 1.000000 1.000000"
				           rotation="0.000000 1.000000 0.000000 0.000000"
				           >
					<Transform DEF="group_13_001_ifs_TRANSFORM"
					           translation="0.000000 0.000000 0.000000"
					           scale="1.000000 1.000000 1.000000"
					           rotation="0.000000 1.000000 0.000000 0.000000"
					           >
						<Group DEF="group_ME_ID164">
							<Shape>
								<Appearance>
								</Appearance>
								<IndexedFaceSet solid="false"
								                coordIndex="0 1 2 -1 1 0 3 -1 4 5 6 -1 5 4 7 -1 7 4 8 -1 7 8 9 -1 7 9 10 -1 7 10 11 -1 7 11 12 -1 7 12 13 -1 7 13 14 -1 7 14 15 -1 7 15 16 -1 7 16 17 -1 17 16 18 -1 18 16 19 -1 18 19 20 -1 18 20 21 -1 17 18 22 -1 23 24 25 -1 24 23 26 -1 27 28 29 -1 28 27 30 -1 30 27 31 -1 31 27 32 -1 32 27 33 -1 33 27 34 -1 34 27 35 -1 35 27 36 -1 36 27 37 -1 37 27 38 -1 38 27 39 -1 39 27 40 -1 39 40 41 -1 39 41 42 -1 42 41 43 -1 43 41 44 -1 41 40 45 -1 46 47 48 -1 47 46 49 -1 50 51 52 -1 51 50 53 -1 54 55 56 -1 55 54 57 -1 58 59 60 -1 59 58 61 -1 62 63 64 -1 63 62 65 -1 66 65 62 -1 65 66 67 -1 68 69 70 -1 69 68 71 -1 68 72 71 -1 72 68 73 -1 74 75 76 -1 75 74 77 -1 78 77 74 -1 77 78 79 -1 78 80 79 -1 80 78 81 -1 81 82 80 -1 82 81 83 -1 83 84 82 -1 84 83 85 -1 86 87 88 -1 87 86 89 -1 86 90 89 -1 90 86 91 -1 92 93 94 -1 93 92 95 -1 95 96 93 -1 96 95 97 -1 "
								                >
									<Coordinate DEF="coords_ME_ID164"
									            point="6.352058 3.937008 7.606362 5.881673 0.000000 8.237752 6.352058 0.000000 7.606362 5.881673 3.937008 8.237752 2.311877 0.000000 0.595822 0.000000 0.000000 0.000000 1.968504 0.000000 0.000000 0.000000 0.000000 3.855906 3.165353 0.000000 0.620167 3.295993 0.000000 0.726545 3.827439 0.000000 1.159291 4.024200 0.000000 1.990133 4.875834 0.000000 2.029679 5.603903 0.000000 2.473255 6.029598 0.000000 3.211922 6.048369 0.000000 4.064267 5.655608 0.000000 4.820959 5.881673 0.000000 8.237752 6.007394 0.000000 7.008301 6.277005 0.000000 5.409534 6.386245 0.000000 6.088764 6.412911 0.000000 6.254569 6.352058 0.000000 7.606362 6.007394 3.937008 7.008301 6.352058 0.000000 7.606362 6.007394 0.000000 7.008301 6.352058 3.937008 7.606362 0.000000 3.937008 3.855906 1.968504 3.937008 0.000000 0.000000 3.937008 0.000000 2.311877 3.937008 0.595822 3.165353 3.937008 0.620167 3.295993 3.937008 0.726545 3.827439 3.937008 1.159291 4.024200 3.937008 1.990133 4.875834 3.937008 2.029679 5.603903 3.937008 2.473255 6.029598 3.937008 3.211922 6.048369 3.937008 4.064267 5.655608 3.937008 4.820959 5.881673 3.937008 8.237752 6.007394 3.937008 7.008301 6.277006 3.937008 5.409534 6.386245 3.937008 6.088764 6.412911 3.937008 6.254569 6.352058 3.937008 7.606362 0.000000 0.000000 3.855906 5.881673 3.937008 8.237752 0.000000 3.937008 3.855906 5.881673 0.000000 8.237752 0.000000 0.000000 3.855906 0.000000 3.937008 0.000000 0.000000 0.000000 0.000000 0.000000 3.937008 3.855906 1.968504 3.937008 0.000000 0.000000 0.000000 0.000000 0.000000 3.937008 0.000000 1.968504 0.000000 0.000000 1.968504 3.937008 0.000000 2.311877 0.000000 0.595822 1.968504 0.000000 0.000000 2.311877 3.937008 0.595822 3.165353 3.937008 0.620167 2.311877 0.000000 0.595822 2.311877 3.937008 0.595822 3.165353 0.000000 0.620167 3.295993 3.937008 0.726545 3.295993 0.000000 0.726545 3.827439 3.937008 1.159291 3.295993 0.000000 0.726545 3.295993 3.937008 0.726545 3.827439 0.000000 1.159291 4.024200 0.000000 1.990133 4.024200 3.937008 1.990133 4.875834 3.937008 2.029679 4.024200 0.000000 1.990133 4.024200 3.937008 1.990133 4.875834 0.000000 2.029679 5.603903 3.937008 2.473255 5.603903 0.000000 2.473255 6.029598 0.000000 3.211922 6.029598 3.937008 3.211922 6.048369 0.000000 4.064267 6.048369 3.937008 4.064267 5.655608 0.000000 4.820959 5.655608 3.937008 4.820959 6.277006 3.937008 5.409534 5.655608 0.000000 4.820959 5.655608 3.937008 4.820959 6.277005 0.000000 5.409534 6.386245 0.000000 6.088764 6.386245 3.937008 6.088764 6.386245 3.937008 6.088764 6.412911 0.000000 6.254569 6.386245 0.000000 6.088764 6.412911 3.937008 6.254569 6.007394 0.000000 7.008301 6.007394 3.937008 7.008301 "
									            />
								</IndexedFaceSet>
							</Shape>
						</Group>
					</Transform>
				</Transform>
				<Transform DEF="group_14_001_TRANSFORM"
				           translation="29.362141 123.410553 -48.528255"
				           scale="1.000000 1.000000 1.000000"
				           rotation="0.000000 1.000000 0.000000 0.000000"
				           >
					<Transform DEF="group_14_001_ifs_TRANSFORM"
					           translation="0.000000 0.000000 0.000000"
					           scale="1.000000 1.000000 1.000000"
					           rotation="0.000000 1.000000 0.000000 0.000000"
					           >
						<Group DEF="group_ME_ID171">
							<Shape>
								<Appearance>
								</Appearance>
								<IndexedFaceSet solid="false"
								                coordIndex="0 1 2 -1 3 4 5 -1 4 3 6 -1 7 8 9 -1 8 7 10 -1 11 12 13 -1 12 11 14 -1 15 16 17 -1 "
								                >
									<Coordinate DEF="coords_ME_ID171"
									            point="1.238704 0.000000 0.922835 0.000000 0.000000 0.000000 1.238704 0.000000 0.000000 0.000000 0.000000 0.000000 1.238704 3.937008 0.922835 0.000000 3.937008 0.000000 1.238704 0.000000 0.922835 1.238704 3.937008 0.000000 0.000000 0.000000 0.000000 0.000000 3.937008 0.000000 1.238704 0.000000 0.000000 1.238704 3.937008 0.000000 1.238704 0.000000 0.922835 1.238704 0.000000 0.000000 1.238704 3.937008 0.922835 1.238704 3.937008 0.922835 1.238704 3.937008 0.000000 0.000000 3.937008 0.000000 "
									            />
								</IndexedFaceSet>
							</Shape>
						</Group>
					</Transform>
				</Transform>
				<Transform DEF="group_15_001_TRANSFORM"
				           translation="32.004429 123.725517 -46.559753"
				           scale="1.000000 1.000000 1.000000"
				           rotation="0.000000 1.000000 0.000000 0.000000"
				           >
					<Transform DEF="group_15_001_ifs_TRANSFORM"
					           translation="0.000000 0.000000 0.000000"
					           scale="1.000000 1.000000 1.000000"
					           rotation="0.000000 1.000000 0.000000 0.000000"
					           >
						<Group DEF="group_ME_ID178_001">
							<Shape>
								<Appearance>
								</Appearance>
								<IndexedFaceSet solid="false"
								                coordIndex="0 1 2 -1 1 0 3 -1 4 5 6 -1 5 4 7 -1 8 9 10 -1 11 12 13 -1 12 11 14 -1 15 16 17 -1 "
								                >
									<Coordinate DEF="coords_ME_ID178_001"
									            point="2.533425 0.000000 1.887402 0.000000 3.622047 0.000000 0.000000 0.000000 0.000000 2.533425 3.622047 1.887402 2.533425 3.622047 0.000000 0.000000 0.000000 0.000000 0.000000 3.622047 0.000000 2.533425 0.000000 0.000000 2.533425 0.000000 1.887402 0.000000 0.000000 0.000000 2.533425 0.000000 0.000000 2.533425 3.622047 0.000000 2.533425 0.000000 1.887402 2.533425 0.000000 0.000000 2.533425 3.622047 1.887402 2.533425 3.622047 1.887402 2.533425 3.622047 0.000000 0.000000 3.622047 0.000000 "
									            />
								</IndexedFaceSet>
							</Shape>
						</Group>
					</Transform>
				</Transform>
			</Transform>
			<Transform DEF="instance_9_TRANSFORM"
			           translation="-36.506355 -109.237328 53.252666"
			           scale="1.000000 1.000000 1.000000"
			           rotation="0.000000 0.000000 -1.000000 1.570796"
			           >
				<Transform DEF="instance_9_ifs_TRANSFORM"
				           translation="-0.000003 -0.000001 0.000000"
				           scale="1.000000 1.000000 1.000000"
				           rotation="0.000000 1.000000 0.000000 0.000000"
				           >
					<Group USE="group_ME_ID143_001" />
				</Transform>
			</Transform>
			<Transform DEF="instance_10_TRANSFORM"
			           translation="-25.876436 -113.961746 50.890461"
			           scale="1.000000 1.000000 1.000000"
			           rotation="0.000000 1.000000 0.000000 0.000000"
			           >
				<Transform DEF="instance_10_ifs_TRANSFORM"
				           translation="0.000000 0.000000 0.000000"
				           scale="1.000000 1.000000 1.000000"
				           rotation="0.000000 1.000000 0.000000 0.000000"
				           >
					<Group DEF="group_ME_ID199">
						<Shape>
							<Appearance>
							</Appearance>
							<IndexedFaceSet solid="false"
							                coordIndex="0 1 2 -1 1 0 3 -1 4 5 6 -1 5 4 7 -1 5 7 8 -1 9 10 11 -1 10 9 12 -1 13 14 15 -1 14 13 16 -1 17 3 0 -1 3 17 18 -1 19 20 21 -1 20 19 22 -1 6 23 24 -1 23 6 5 -1 23 5 8 -1 23 8 25 -1 26 15 27 -1 15 26 13 -1 28 18 17 -1 18 28 29 -1 30 22 19 -1 22 30 31 -1 24 32 33 -1 32 24 23 -1 32 23 25 -1 32 25 34 -1 35 27 36 -1 27 35 26 -1 37 38 39 -1 38 37 40 -1 38 40 41 -1 39 42 43 -1 42 39 38 -1 43 42 44 -1 45 31 30 -1 31 45 46 -1 47 48 49 -1 48 47 50 -1 50 47 51 -1 52 53 54 -1 53 52 55 -1 56 57 58 -1 57 56 59 -1 60 61 62 -1 61 60 63 -1 64 65 66 -1 65 64 67 -1 68 69 70 -1 69 68 71 -1 72 73 74 -1 73 72 75 -1 76 77 78 -1 77 76 79 -1 77 79 80 -1 78 81 82 -1 81 78 77 -1 82 81 83 -1 "
							                >
								<Coordinate DEF="coords_ME_ID199"
								            point="0.685003 4.826808 0.595353 5.511811 4.724409 0.000000 0.787402 4.724409 0.000000 5.614210 4.826808 0.595353 5.511811 0.787402 0.000000 5.614210 4.724409 0.595353 5.614210 0.685003 0.595353 5.511811 4.724409 0.000000 5.614210 4.826808 0.595353 5.511811 4.724409 0.000000 0.787402 0.787402 0.000000 0.787402 4.724409 0.000000 5.511811 0.787402 0.000000 0.685003 4.826808 0.595353 0.787402 0.787402 0.000000 0.685003 0.685003 0.595353 0.787402 4.724409 0.000000 0.414843 5.096968 1.135672 5.884369 5.096968 1.135672 5.614210 0.685003 0.595353 0.787402 0.787402 0.000000 5.511811 0.787402 0.000000 0.685003 0.685003 0.595353 5.884369 4.724409 1.135672 5.884369 0.414843 1.135672 5.884369 5.096968 1.135672 0.414843 5.096968 1.135672 0.414843 0.414843 1.135672 0.000000 5.511811 1.574803 6.299213 5.511811 1.574803 5.884369 0.414843 1.135672 0.414843 0.414843 1.135672 6.299213 4.724409 1.574803 6.299213 0.000000 1.574803 6.299213 5.511811 1.574803 0.000000 5.511811 1.574803 0.000000 0.000000 1.574803 0.000000 5.511811 1.574803 1.181102 5.511811 2.362205 6.299213 5.511811 1.574803 0.000000 5.511811 3.937008 1.181102 5.511811 3.937008 5.118110 5.511811 2.362205 6.299213 5.511811 3.937008 5.118110 5.511811 3.937008 6.299213 0.000000 1.574803 0.000000 0.000000 1.574803 6.299213 4.724409 1.574803 6.299213 0.000000 3.937008 6.299213 0.000000 1.574803 6.299213 5.511811 3.937008 6.299213 5.511811 1.574803 0.000000 5.511811 3.937008 0.000000 0.000000 1.574803 0.000000 0.000000 3.937008 0.000000 5.511811 1.574803 1.181102 0.000000 3.937008 0.000000 5.511811 3.937008 0.000000 0.000000 3.937008 1.181102 5.511811 3.937008 1.181102 5.511811 2.362205 1.181102 0.000000 3.937008 1.181102 0.000000 2.362205 1.181102 5.511811 3.937008 5.118110 0.000000 2.362205 1.181102 5.511811 2.362205 1.181102 0.000000 2.362205 5.118110 5.511811 2.362205 5.118110 5.511811 3.937008 5.118110 0.000000 2.362205 5.118110 0.000000 3.937008 5.118110 5.511811 2.362205 6.299213 0.000000 3.937008 5.118110 5.511811 3.937008 5.118110 0.000000 3.937008 6.299213 5.511811 3.937008 6.299213 0.000000 1.574803 5.118110 0.000000 2.362205 0.000000 0.000000 1.574803 6.299213 0.000000 3.937008 5.118110 0.000000 3.937008 1.181102 0.000000 2.362205 0.000000 0.000000 3.937008 1.181102 0.000000 3.937008 "
								            />
							</IndexedFaceSet>
						</Shape>
					</Group>
				</Transform>
			</Transform>
			<Transform DEF="instance_11_TRANSFORM"
			           translation="-25.876436 -108.056229 59.158176"
			           scale="1.000000 1.000000 1.000000"
			           rotation="0.000000 1.000000 0.000000 0.000000"
			           >
				<Transform DEF="instance_11_ifs_TRANSFORM"
				           translation="0.000000 0.000000 0.000000"
				           scale="1.000000 1.000000 1.000000"
				           rotation="0.000000 1.000000 0.000000 0.000000"
				           >
					<Group USE="group_ME_ID199" />
				</Transform>
			</Transform>
			<Transform DEF="instance_12_TRANSFORM"
			           translation="-16.033916 -113.961746 59.158176"
			           scale="1.000000 1.000000 1.000000"
			           rotation="0.000000 1.000000 0.000000 0.000000"
			           >
				<Transform DEF="instance_12_ifs_TRANSFORM"
				           translation="0.000000 0.000000 0.000000"
				           scale="1.000000 1.000000 1.000000"
				           rotation="0.000000 1.000000 0.000000 0.000000"
				           >
					<Group USE="group_ME_ID199" />
				</Transform>
			</Transform>
			<Transform DEF="instance_13_TRANSFORM"
			           translation="-37.687458 -113.961746 59.158176"
			           scale="1.000000 1.000000 1.000000"
			           rotation="0.000000 1.000000 0.000000 0.000000"
			           >
				<Transform DEF="instance_13_ifs_TRANSFORM"
				           translation="0.000000 0.000000 0.000000"
				           scale="1.000000 1.000000 1.000000"
				           rotation="0.000000 1.000000 0.000000 0.000000"
				           >
					<Group USE="group_ME_ID199" />
				</Transform>
			</Transform>
			<Transform DEF="instance_14_TRANSFORM"
			           translation="-25.876436 -134.434174 50.890461"
			           scale="1.000000 1.000000 1.000000"
			           rotation="0.000000 1.000000 0.000000 0.000000"
			           >
				<Transform DEF="instance_14_ifs_TRANSFORM"
				           translation="0.000000 0.000000 0.000000"
				           scale="1.000000 1.000000 1.000000"
				           rotation="0.000000 1.000000 0.000000 0.000000"
				           >
					<Group USE="group_ME_ID199" />
				</Transform>
			</Transform>
			<Transform DEF="instance_15_TRANSFORM"
			           translation="-25.876436 -140.339691 59.158176"
			           scale="1.000000 1.000000 1.000000"
			           rotation="0.000000 1.000000 0.000000 0.000000"
			           >
				<Transform DEF="instance_15_ifs_TRANSFORM"
				           translation="0.000000 0.000000 0.000000"
				           scale="1.000000 1.000000 1.000000"
				           rotation="0.000000 1.000000 0.000000 0.000000"
				           >
					<Group USE="group_ME_ID199" />
				</Transform>
			</Transform>
			<Transform DEF="instance_16_TRANSFORM"
			           translation="-16.033916 -134.434174 59.158176"
			           scale="1.000000 1.000000 1.000000"
			           rotation="0.000000 1.000000 0.000000 0.000000"
			           >
				<Transform DEF="instance_16_ifs_TRANSFORM"
				           translation="0.000000 0.000000 0.000000"
				           scale="1.000000 1.000000 1.000000"
				           rotation="0.000000 1.000000 0.000000 0.000000"
				           >
					<Group USE="group_ME_ID199" />
				</Transform>
			</Transform>
			<Transform DEF="instance_17_TRANSFORM"
			           translation="-37.687458 -134.434174 59.158176"
			           scale="1.000000 1.000000 1.000000"
			           rotation="0.000000 1.000000 0.000000 0.000000"
			           >
				<Transform DEF="instance_17_ifs_TRANSFORM"
				           translation="0.000000 0.000000 0.000000"
				           scale="1.000000 1.000000 1.000000"
				           rotation="0.000000 1.000000 0.000000 0.000000"
				           >
					<Group USE="group_ME_ID199" />
				</Transform>
			</Transform>
			<Transform DEF="instance_18_TRANSFORM"
			           translation="-36.506355 -103.331818 61.520382"
			           scale="1.000000 1.000000 1.000000"
			           rotation="0.000000 0.000000 -1.000000 1.570796"
			           >
				<Transform DEF="instance_18_ifs_TRANSFORM"
				           translation="-0.000003 -0.000000 0.000000"
				           scale="1.000000 1.000000 1.000000"
				           rotation="0.000000 1.000000 0.000000 0.000000"
				           >
					<Group DEF="group_ME_ID214_001">
						<Shape>
							<Appearance>
							</Appearance>
							<IndexedFaceSet solid="false"
							                coordIndex="0 1 2 -1 1 0 3 -1 4 5 6 -1 5 4 7 -1 7 4 8 -1 8 4 9 -1 10 11 12 -1 11 10 13 -1 13 10 14 -1 13 14 15 -1 15 14 16 -1 15 16 17 -1 17 16 18 -1 17 18 19 -1 17 19 20 -1 18 16 6 -1 18 6 5 -1 20 19 21 -1 20 21 22 -1 15 23 24 -1 23 15 17 -1 24 23 25 -1 25 23 26 -1 26 23 27 -1 24 25 28 -1 26 27 29 -1 29 27 30 -1 28 31 32 -1 31 28 25 -1 32 31 33 -1 32 33 34 -1 32 34 35 -1 36 37 38 -1 37 36 39 -1 40 41 42 -1 41 40 43 -1 43 40 44 -1 44 40 45 -1 45 40 46 -1 46 40 47 -1 47 40 48 -1 45 46 49 -1 47 48 50 -1 50 48 51 -1 49 52 53 -1 52 49 46 -1 53 52 54 -1 53 54 55 -1 53 55 56 -1 57 58 59 -1 58 57 60 -1 61 62 63 -1 62 61 64 -1 65 66 67 -1 66 65 62 -1 66 62 68 -1 68 62 64 -1 69 70 71 -1 70 69 72 -1 72 73 70 -1 73 72 74 -1 73 75 76 -1 75 73 74 -1 77 78 79 -1 78 77 80 -1 81 82 83 -1 82 81 84 -1 82 85 83 -1 85 82 86 -1 85 87 88 -1 87 85 86 -1 89 90 91 -1 90 89 92 -1 91 93 94 -1 93 91 90 -1 95 96 97 -1 96 95 98 -1 99 100 101 -1 100 99 102 -1 103 104 105 -1 104 103 106 -1 107 108 109 -1 108 107 110 -1 111 112 113 -1 112 111 114 -1 115 116 117 -1 116 115 118 -1 118 115 119 -1 118 119 120 -1 121 122 123 -1 122 121 124 -1 125 126 127 -1 126 125 128 -1 129 130 131 -1 130 129 132 -1 132 129 133 -1 132 133 134 -1 134 135 132 -1 135 134 136 -1 135 137 138 -1 137 135 136 -1 137 136 139 -1 137 139 140 -1 141 142 143 -1 142 141 144 -1 142 145 146 -1 145 142 144 -1 147 145 148 -1 145 147 146 -1 149 150 151 -1 150 149 152 -1 153 154 155 -1 154 153 156 -1 153 157 158 -1 157 153 155 -1 158 159 160 -1 159 158 157 -1 161 162 163 -1 162 161 164 -1 165 166 167 -1 166 165 168 -1 169 170 171 -1 170 169 172 -1 173 174 175 -1 174 173 176 -1 177 178 179 -1 178 177 180 -1 181 180 177 -1 180 181 182 -1 181 183 182 -1 183 181 184 -1 185 186 187 -1 186 185 188 -1 189 190 191 -1 190 189 192 -1 193 190 192 -1 190 193 194 -1 195 193 196 -1 193 195 194 -1 197 198 199 -1 198 197 200 -1 201 202 203 -1 202 201 204 -1 204 201 205 -1 204 205 206 -1 206 205 207 -1 206 207 208 -1 209 210 211 -1 210 209 212 -1 212 209 213 -1 212 213 214 -1 214 213 215 -1 214 215 216 -1 217 218 219 -1 218 217 220 -1 220 217 221 -1 221 217 222 -1 223 224 225 -1 224 223 226 -1 226 223 227 -1 226 227 228 -1 226 228 229 -1 226 229 230 -1 226 230 231 -1 229 228 219 -1 229 219 218 -1 231 230 232 -1 231 232 233 -1 234 235 236 -1 235 234 237 -1 238 239 240 -1 239 238 241 -1 241 238 242 -1 241 242 243 -1 243 242 244 -1 243 244 245 -1 246 247 248 -1 247 246 249 -1 249 246 250 -1 249 250 251 -1 251 250 252 -1 251 252 253 -1 200 254 198 -1 254 200 255 -1 254 256 257 -1 256 254 255 -1 258 259 260 -1 259 258 261 -1 262 263 264 -1 263 262 265 -1 263 234 264 -1 234 263 237 -1 "
							                >
								<Coordinate DEF="coords_ME_ID214_001"
								            point="34.803150 3.937008 1.062992 35.748028 0.000000 2.125984 34.803150 0.000000 1.062992 35.748028 3.937008 2.125984 36.220470 0.000000 5.905512 31.102362 0.000000 4.724409 36.220470 0.000000 3.543307 31.692911 0.000000 4.882647 32.125229 0.000000 5.314961 32.283466 0.000000 5.905512 33.385826 0.000000 0.354331 4.724409 0.000000 0.000000 31.496063 0.000000 0.000000 2.834646 0.000000 0.354331 34.803150 0.000000 1.062992 1.417323 0.000000 1.062992 35.748028 0.000000 2.125984 19.685040 0.000000 1.968504 22.047243 0.000000 4.724409 21.456692 0.000000 4.882647 19.685040 0.000000 5.905512 21.024378 0.000000 5.314961 20.866140 0.000000 5.905512 16.535433 0.000000 1.968504 0.472441 0.000000 2.125984 14.173228 0.000000 4.724409 14.763780 0.000000 4.882647 16.535433 0.000000 5.905512 0.000000 0.000000 3.543307 15.196094 0.000000 5.314961 15.354331 0.000000 5.905512 5.118110 0.000000 4.724409 0.000000 0.000000 5.905512 4.527559 0.000000 4.882647 4.095246 0.000000 5.314961 3.937008 0.000000 5.905512 34.803150 3.937008 1.062992 33.385826 0.000000 0.354331 33.385826 3.937008 0.354331 34.803150 0.000000 1.062992 19.685040 3.937008 1.968504 31.496063 3.937008 0.000000 19.685040 3.937008 0.000000 33.385826 3.937008 0.354331 34.803150 3.937008 1.062992 35.748028 3.937008 2.125984 22.047243 3.937008 4.724409 21.456692 3.937008 4.882647 19.685040 3.937008 5.905512 36.220470 3.937008 3.543307 21.024378 3.937008 5.314961 20.866140 3.937008 5.905512 31.102362 3.937008 4.724409 36.220470 3.937008 5.905512 31.692911 3.937008 4.882647 32.125229 3.937008 5.314961 32.283463 3.937008 5.905512 35.748028 3.937008 2.125984 36.220470 0.000000 3.543307 35.748028 0.000000 2.125984 36.220470 3.937008 3.543307 16.535433 0.000000 5.905512 15.354331 0.393701 5.905511 15.354331 0.000000 5.905512 16.535433 3.937008 5.905512 3.937008 0.393701 5.905511 15.354331 3.543307 5.905511 3.937008 3.543307 5.905511 15.354331 3.937008 5.905512 15.354331 0.393701 5.905511 15.196094 0.000000 5.314961 15.354331 0.000000 5.905512 15.196093 0.393701 5.314961 14.763780 0.000000 4.882647 14.763780 0.393701 4.882647 14.173228 0.393701 4.724409 14.173228 0.000000 4.724409 14.173228 0.000000 4.724409 5.118110 0.393701 4.724409 5.118110 0.000000 4.724409 14.173228 0.393701 4.724409 5.118110 0.000000 4.724409 4.527559 0.393701 4.882647 4.527559 0.000000 4.882647 5.118110 0.393701 4.724409 4.095246 0.000000 5.314961 4.095245 0.393701 5.314961 3.937008 0.393701 5.905511 3.937008 0.000000 5.905512 3.937008 0.000000 5.905512 3.937008 3.543307 5.905511 0.000000 0.000000 5.905512 3.937008 0.393701 5.905511 3.937008 3.937008 5.905512 0.000000 3.937008 5.905512 0.000000 3.937008 5.905512 0.000000 0.000000 3.543307 0.000000 0.000000 5.905512 -0.000000 3.937008 3.543307 0.000000 0.000000 3.543307 0.472441 3.937008 2.125984 0.472441 0.000000 2.125984 -0.000000 3.937008 3.543307 0.472441 0.000000 2.125984 1.417323 3.937008 1.062992 1.417323 0.000000 1.062992 0.472441 3.937008 2.125984 2.834646 3.937008 0.354331 1.417323 0.000000 1.062992 1.417323 3.937008 1.062992 2.834646 0.000000 0.354331 4.724409 3.937008 0.000000 2.834646 0.000000 0.354331 2.834646 3.937008 0.354331 4.724409 0.000000 0.000000 16.535433 3.937008 0.000000 4.724409 0.000000 0.000000 4.724409 3.937008 0.000000 31.496063 0.000000 0.000000 19.685040 3.937008 0.000000 31.496063 3.937008 0.000000 33.385826 3.937008 0.354331 31.496063 0.000000 0.000000 31.496063 3.937008 0.000000 33.385826 0.000000 0.354331 36.220470 3.937008 3.543307 36.220470 0.000000 5.905512 36.220470 0.000000 3.543307 36.220470 3.937008 5.905512 19.685040 0.000000 5.905512 20.866140 3.937008 5.905512 19.685040 3.937008 5.905512 20.866140 3.543307 5.905511 20.866140 0.000000 5.905512 20.866140 0.393701 5.905511 32.283466 3.543307 5.905511 32.283466 0.393701 5.905511 36.220470 3.937008 5.905512 32.283463 3.937008 5.905512 32.283466 0.000000 5.905512 36.220470 0.000000 5.905512 32.283466 0.393701 5.905511 32.125229 0.000000 5.314961 32.283466 0.000000 5.905512 32.125229 0.393701 5.314961 31.692911 0.393701 4.882647 31.692911 0.000000 4.882647 31.102362 0.000000 4.724409 31.102362 0.393701 4.724409 22.047243 0.000000 4.724409 31.102362 0.393701 4.724409 22.047243 0.393701 4.724409 31.102362 0.000000 4.724409 21.456692 0.000000 4.882647 22.047243 0.393701 4.724409 21.456692 0.393701 4.882647 22.047243 0.000000 4.724409 21.024378 0.393701 5.314961 21.024378 0.000000 5.314961 20.866140 0.393701 5.905511 20.866140 0.000000 5.905512 19.685040 3.937008 5.905512 19.685040 0.000000 1.968504 19.685040 0.000000 5.905512 19.685040 3.937008 1.968504 16.535433 0.000000 1.968504 19.685040 3.937008 1.968504 16.535433 3.937008 1.968504 19.685040 0.000000 1.968504 16.535433 3.937008 1.968504 16.535433 0.000000 5.905512 16.535433 0.000000 1.968504 16.535433 3.937008 5.905512 16.535433 3.937008 1.968504 19.685040 3.937008 0.000000 16.535433 3.937008 0.000000 19.685040 3.937008 1.968504 21.024378 3.543307 5.314961 20.866140 3.937008 5.905512 20.866140 3.543307 5.905511 21.024378 3.937008 5.314961 21.456692 3.543307 4.882647 21.456692 3.937008 4.882647 22.047243 3.937008 4.724409 22.047243 3.543307 4.724409 22.047243 3.543307 4.724409 31.102362 3.937008 4.724409 22.047243 3.937008 4.724409 31.102362 3.543307 4.724409 31.102362 3.543307 4.724409 31.692911 3.937008 4.882647 31.102362 3.937008 4.724409 31.692911 3.543307 4.882647 32.125229 3.543307 5.314961 32.125229 3.937008 5.314961 32.283463 3.937008 5.905512 32.283466 3.543307 5.905511 15.354331 3.937008 5.905512 15.196094 3.543307 5.314961 15.354331 3.543307 5.905511 15.196094 3.937008 5.314961 4.527559 3.543307 4.882647 14.173228 3.543307 4.724409 5.118110 3.543307 4.724409 14.763780 3.543307 4.882647 4.095246 3.543307 5.314961 15.196094 3.543307 5.314961 3.937008 3.543307 5.905511 15.354331 3.543307 5.905511 14.763780 0.393701 4.882647 5.118110 0.393701 4.724409 14.173228 0.393701 4.724409 4.527559 0.393701 4.882647 15.196093 0.393701 5.314961 4.095245 0.393701 5.314961 15.354331 0.393701 5.905511 3.937008 0.393701 5.905511 0.000000 3.937008 5.905512 5.118110 3.937008 4.724409 -0.000000 3.937008 3.543307 4.527559 3.937008 4.882647 4.095246 3.937008 5.314961 3.937008 3.937008 5.905512 2.834646 3.937008 0.354331 16.535433 3.937008 0.000000 4.724409 3.937008 0.000000 16.535433 3.937008 1.968504 1.417323 3.937008 1.062992 0.472441 3.937008 2.125984 14.173228 3.937008 4.724409 14.763780 3.937008 4.882647 16.535433 3.937008 5.905512 15.196094 3.937008 5.314961 15.354331 3.937008 5.905512 4.095246 3.543307 5.314961 3.937008 3.937008 5.905512 3.937008 3.543307 5.905511 4.095246 3.937008 5.314961 31.692911 0.393701 4.882647 22.047243 0.393701 4.724409 31.102362 0.393701 4.724409 21.456692 0.393701 4.882647 32.125229 0.393701 5.314961 21.024378 0.393701 5.314961 32.283466 0.393701 5.905511 20.866140 0.393701 5.905511 21.456692 3.543307 4.882647 31.102362 3.543307 4.724409 22.047243 3.543307 4.724409 31.692911 3.543307 4.882647 21.024378 3.543307 5.314961 32.125229 3.543307 5.314961 20.866140 3.543307 5.905511 32.283466 3.543307 5.905511 14.763780 3.543307 4.882647 14.763780 3.937008 4.882647 14.173228 3.937008 4.724409 14.173228 3.543307 4.724409 14.173228 3.543307 4.724409 5.118110 3.937008 4.724409 5.118110 3.543307 4.724409 14.173228 3.937008 4.724409 5.118110 3.543307 4.724409 4.527559 3.937008 4.882647 4.527559 3.543307 4.882647 5.118110 3.937008 4.724409 "
								            />
							</IndexedFaceSet>
						</Shape>
					</Group>
				</Transform>
			</Transform>
			<Transform DEF="instance_19_TRANSFORM"
			           translation="-14.852816 -103.331818 61.520382"
			           scale="1.000000 1.000000 1.000000"
			           rotation="0.000000 0.000000 -1.000000 1.570796"
			           >
				<Transform DEF="instance_19_ifs_TRANSFORM"
				           translation="-0.000001 -0.000000 0.000000"
				           scale="1.000000 1.000000 1.000000"
				           rotation="0.000000 1.000000 0.000000 0.000000"
				           >
					<Group DEF="group_ME_ID222_001">
						<Shape>
							<Appearance>
							</Appearance>
							<IndexedFaceSet solid="false"
							                coordIndex="0 1 2 -1 1 0 3 -1 4 5 6 -1 5 4 7 -1 7 4 8 -1 8 4 9 -1 9 4 10 -1 9 10 11 -1 11 10 12 -1 11 12 13 -1 13 12 14 -1 13 14 15 -1 15 14 16 -1 16 14 17 -1 17 14 18 -1 17 18 19 -1 19 18 20 -1 20 18 21 -1 16 22 23 -1 22 16 24 -1 24 16 17 -1 23 22 25 -1 23 25 26 -1 27 28 29 -1 28 27 30 -1 28 30 31 -1 31 30 32 -1 15 33 34 -1 33 15 27 -1 27 15 16 -1 33 27 29 -1 34 33 35 -1 34 35 36 -1 34 36 37 -1 38 39 40 -1 39 38 41 -1 42 43 44 -1 43 42 45 -1 45 42 46 -1 45 46 47 -1 45 47 48 -1 45 48 49 -1 49 48 50 -1 50 51 52 -1 51 50 53 -1 53 50 54 -1 54 50 55 -1 55 50 56 -1 56 50 48 -1 56 48 57 -1 57 48 58 -1 58 48 59 -1 58 59 60 -1 60 59 61 -1 61 59 62 -1 57 63 64 -1 63 57 65 -1 65 57 58 -1 64 63 66 -1 64 66 67 -1 68 69 70 -1 69 68 71 -1 69 71 72 -1 72 71 73 -1 56 74 75 -1 74 56 68 -1 68 56 57 -1 74 68 70 -1 75 74 76 -1 75 76 77 -1 75 77 78 -1 79 80 81 -1 80 79 82 -1 83 84 85 -1 84 83 86 -1 87 88 89 -1 88 87 90 -1 88 90 91 -1 91 90 84 -1 91 84 92 -1 92 84 86 -1 89 93 94 -1 93 89 88 -1 95 96 97 -1 96 95 98 -1 98 99 96 -1 99 98 100 -1 99 101 102 -1 101 99 100 -1 103 104 105 -1 104 103 106 -1 107 108 109 -1 108 107 110 -1 108 111 109 -1 111 108 112 -1 111 113 114 -1 113 111 112 -1 115 116 117 -1 116 115 118 -1 119 120 121 -1 120 119 122 -1 123 124 125 -1 124 123 126 -1 127 128 129 -1 128 127 130 -1 131 132 133 -1 132 131 134 -1 135 136 137 -1 136 135 138 -1 139 140 141 -1 140 139 142 -1 142 139 143 -1 144 145 146 -1 145 144 147 -1 148 149 150 -1 149 148 151 -1 152 153 154 -1 153 152 155 -1 156 157 158 -1 157 156 159 -1 159 156 160 -1 159 160 161 -1 161 162 159 -1 162 161 163 -1 162 164 165 -1 164 162 163 -1 164 163 166 -1 164 166 167 -1 168 169 170 -1 169 168 171 -1 169 172 173 -1 172 169 171 -1 174 172 175 -1 172 174 173 -1 176 177 178 -1 177 176 179 -1 180 181 182 -1 181 180 183 -1 180 184 185 -1 184 180 182 -1 185 186 187 -1 186 185 184 -1 188 189 190 -1 189 188 191 -1 192 193 194 -1 193 192 195 -1 196 197 198 -1 197 196 199 -1 200 201 202 -1 201 200 203 -1 204 203 200 -1 203 204 205 -1 204 206 205 -1 206 204 207 -1 208 209 210 -1 209 208 211 -1 212 213 214 -1 213 212 215 -1 216 213 215 -1 213 216 217 -1 218 216 219 -1 216 218 217 -1 220 221 222 -1 223 224 225 -1 226 227 228 -1 227 226 229 -1 230 226 231 -1 226 230 229 -1 232 230 231 -1 230 232 233 -1 234 235 236 -1 235 234 237 -1 238 239 240 -1 239 238 241 -1 242 238 243 -1 238 242 241 -1 244 243 245 -1 243 244 242 -1 246 247 248 -1 247 246 249 -1 249 246 250 -1 249 250 251 -1 251 250 252 -1 251 252 253 -1 254 255 256 -1 255 254 257 -1 257 254 258 -1 257 258 259 -1 259 258 260 -1 259 260 261 -1 262 263 264 -1 263 262 265 -1 265 262 266 -1 265 266 267 -1 267 266 268 -1 267 268 269 -1 270 271 272 -1 271 270 273 -1 273 270 274 -1 273 274 275 -1 275 274 276 -1 275 276 277 -1 "
							                >
								<Coordinate DEF="coords_ME_ID222_001"
								            point="34.803150 3.937008 1.062992 35.748028 0.000000 2.125984 34.803150 0.000000 1.062992 35.748028 3.937008 2.125984 33.385826 0.000000 0.354331 19.685040 0.000000 0.000000 31.496063 0.000000 0.000000 16.535433 0.000000 0.000000 4.724409 0.000000 0.000000 2.834646 0.000000 0.354331 34.803150 0.000000 1.062992 1.417323 0.000000 1.062992 35.748028 0.000000 2.125984 0.472441 0.000000 2.125984 36.220470 0.000000 3.543307 0.000000 0.000000 3.543307 19.685040 0.000000 3.937008 31.102362 0.000000 4.724409 36.220470 0.000000 5.905512 31.692911 0.000000 4.882647 32.125229 0.000000 5.314961 32.283466 0.000000 5.905512 21.456692 0.000000 4.882647 19.685040 0.000000 5.905512 22.047243 0.000000 4.724409 21.024378 0.000000 5.314961 20.866140 0.000000 5.905512 16.535433 0.000000 3.937008 14.763780 0.000000 4.882647 14.173228 0.000000 4.724409 16.535433 0.000000 5.905512 15.196094 0.000000 5.314961 15.354331 0.000000 5.905512 5.118110 0.000000 4.724409 0.000000 0.000000 5.905512 4.527559 0.000000 4.882647 4.095246 0.000000 5.314961 3.937008 0.000000 5.905512 34.803150 3.937008 1.062992 33.385826 0.000000 0.354331 33.385826 3.937008 0.354331 34.803150 0.000000 1.062992 2.834646 3.937008 0.354331 16.535433 3.937008 0.000000 4.724409 3.937008 0.000000 16.535433 3.937008 2.933071 1.417323 3.937008 1.062992 0.472441 3.937008 2.125984 -0.000000 3.937008 3.543307 18.110235 3.937008 2.933071 19.685040 3.937008 2.933071 31.496063 3.937008 0.000000 19.685040 3.937008 0.000000 33.385826 3.937008 0.354331 34.803150 3.937008 1.062992 35.748028 3.937008 2.125984 36.220470 3.937008 3.543307 16.535433 3.937008 3.937008 5.118110 3.937008 4.724409 0.000000 3.937008 5.905512 4.527559 3.937008 4.882647 4.095246 3.937008 5.314961 3.937008 3.937008 5.905512 14.763780 3.937008 4.882647 16.535433 3.937008 5.905512 14.173228 3.937008 4.724409 15.196094 3.937008 5.314961 15.354331 3.937008 5.905512 19.685040 3.937008 3.937008 21.456692 3.937008 4.882647 22.047243 3.937008 4.724409 19.685040 3.937008 5.905512 21.024378 3.937008 5.314961 20.866140 3.937008 5.905512 31.102362 3.937008 4.724409 36.220470 3.937008 5.905512 31.692911 3.937008 4.882647 32.125229 3.937008 5.314961 32.283463 3.937008 5.905512 35.748028 3.937008 2.125984 36.220470 0.000000 3.543307 35.748028 0.000000 2.125984 36.220470 3.937008 3.543307 16.535433 0.000000 5.905512 15.354331 0.393701 5.905512 15.354331 0.000000 5.905512 16.535433 3.937008 5.905512 3.937008 0.000000 5.905512 3.937008 3.543307 5.905512 0.000000 0.000000 5.905512 3.937008 0.393701 5.905512 15.354331 3.543307 5.905512 15.354331 3.937008 5.905512 3.937008 3.937008 5.905512 0.000000 3.937008 5.905512 15.354331 0.393701 5.905512 15.196094 0.000000 5.314961 15.354331 0.000000 5.905512 15.196093 0.393701 5.314960 14.763780 0.000000 4.882647 14.763780 0.393701 4.882647 14.173228 0.393701 4.724409 14.173228 0.000000 4.724409 14.173228 0.000000 4.724409 5.118110 0.393701 4.724409 5.118110 0.000000 4.724409 14.173228 0.393701 4.724409 5.118110 0.000000 4.724409 4.527559 0.393701 4.882647 4.527559 0.000000 4.882647 5.118110 0.393701 4.724409 4.095246 0.000000 5.314961 4.095245 0.393701 5.314960 3.937008 0.393701 5.905512 3.937008 0.000000 5.905512 0.000000 3.937008 5.905512 0.000000 0.000000 3.543307 0.000000 0.000000 5.905512 -0.000000 3.937008 3.543307 0.000000 0.000000 3.543307 0.472441 3.937008 2.125984 0.472441 0.000000 2.125984 -0.000000 3.937008 3.543307 0.472441 0.000000 2.125984 1.417323 3.937008 1.062992 1.417323 0.000000 1.062992 0.472441 3.937008 2.125984 2.834646 3.937008 0.354331 1.417323 0.000000 1.062992 1.417323 3.937008 1.062992 2.834646 0.000000 0.354331 4.724409 3.937008 0.000000 2.834646 0.000000 0.354331 2.834646 3.937008 0.354331 4.724409 0.000000 0.000000 16.535433 3.937008 0.000000 4.724409 0.000000 0.000000 4.724409 3.937008 0.000000 16.535433 0.000000 0.000000 18.110235 3.937008 2.933071 16.535433 0.000000 0.000000 16.535433 3.937008 2.933071 19.685040 0.000000 0.000000 19.685040 3.937008 2.933071 31.496063 3.937008 0.000000 19.685040 0.000000 0.000000 19.685040 3.937008 0.000000 31.496063 0.000000 0.000000 33.385826 3.937008 0.354331 31.496063 0.000000 0.000000 31.496063 3.937008 0.000000 33.385826 0.000000 0.354331 36.220470 3.937008 3.543307 36.220470 0.000000 5.905512 36.220470 0.000000 3.543307 36.220470 3.937008 5.905512 19.685040 0.000000 5.905512 20.866140 3.937008 5.905512 19.685040 3.937008 5.905512 20.866140 3.543307 5.905511 20.866140 0.000000 5.905512 20.866140 0.393701 5.905512 32.283466 3.543307 5.905511 32.283463 0.393701 5.905512 36.220470 3.937008 5.905512 32.283463 3.937008 5.905512 32.283466 0.000000 5.905512 36.220470 0.000000 5.905512 32.283463 0.393701 5.905512 32.125229 0.000000 5.314961 32.283466 0.000000 5.905512 32.125229 0.393701 5.314961 31.692911 0.393701 4.882647 31.692911 0.000000 4.882647 31.102362 0.000000 4.724409 31.102362 0.393701 4.724409 22.047243 0.000000 4.724409 31.102362 0.393701 4.724409 22.047243 0.393701 4.724409 31.102362 0.000000 4.724409 21.456692 0.000000 4.882647 22.047243 0.393701 4.724409 21.456692 0.393701 4.882647 22.047243 0.000000 4.724409 21.024378 0.393701 5.314961 21.024378 0.000000 5.314961 20.866140 0.393701 5.905512 20.866140 0.000000 5.905512 19.685040 3.937008 5.905512 19.685040 0.000000 3.937008 19.685040 0.000000 5.905512 19.685040 3.937008 3.937008 16.535433 0.000000 3.937008 19.685040 3.937008 3.937008 16.535433 3.937008 3.937008 19.685040 0.000000 3.937008 16.535433 3.937008 3.937008 16.535433 0.000000 5.905512 16.535433 0.000000 3.937008 16.535433 3.937008 5.905512 21.024378 3.543307 5.314961 20.866140 3.937008 5.905512 20.866140 3.543307 5.905511 21.024378 3.937008 5.314961 21.456692 3.543307 4.882647 21.456692 3.937008 4.882647 22.047243 3.937008 4.724409 22.047243 3.543307 4.724409 22.047243 3.543307 4.724409 31.102362 3.937008 4.724409 22.047243 3.937008 4.724409 31.102362 3.543307 4.724409 31.102362 3.543307 4.724409 31.692911 3.937008 4.882647 31.102362 3.937008 4.724409 31.692911 3.543307 4.882647 32.125229 3.543307 5.314961 32.125229 3.937008 5.314961 32.283463 3.937008 5.905512 32.283466 3.543307 5.905511 19.685040 3.937008 0.000000 19.685040 0.000000 0.000000 19.685040 3.937008 2.933071 16.535433 3.937008 0.000000 16.535433 3.937008 2.933071 16.535433 0.000000 0.000000 4.095246 3.543307 5.314960 3.937008 3.937008 5.905512 3.937008 3.543307 5.905512 4.095246 3.937008 5.314961 4.527559 3.937008 4.882647 4.527559 3.543307 4.882647 5.118110 3.543307 4.724409 5.118110 3.937008 4.724409 14.173228 3.543307 4.724409 5.118110 3.937008 4.724409 5.118110 3.543307 4.724409 14.173228 3.937008 4.724409 14.763780 3.543307 4.882647 14.173228 3.937008 4.724409 14.173228 3.543307 4.724409 14.763780 3.937008 4.882647 15.196094 3.937008 5.314961 15.196094 3.543307 5.314960 15.354331 3.937008 5.905512 15.354331 3.543307 5.905512 4.527559 3.543307 4.882647 14.173228 3.543307 4.724409 5.118110 3.543307 4.724409 14.763780 3.543307 4.882647 4.095246 3.543307 5.314960 15.196094 3.543307 5.314960 3.937008 3.543307 5.905512 15.354331 3.543307 5.905512 14.763780 0.393701 4.882647 5.118110 0.393701 4.724409 14.173228 0.393701 4.724409 4.527559 0.393701 4.882647 15.196093 0.393701 5.314960 4.095245 0.393701 5.314960 15.354331 0.393701 5.905512 3.937008 0.393701 5.905512 21.456692 3.543307 4.882647 31.102362 3.543307 4.724409 22.047243 3.543307 4.724409 31.692911 3.543307 4.882647 21.024378 3.543307 5.314961 32.125229 3.543307 5.314961 20.866140 3.543307 5.905511 32.283466 3.543307 5.905511 31.692911 0.393701 4.882647 22.047243 0.393701 4.724409 31.102362 0.393701 4.724409 21.456692 0.393701 4.882647 32.125229 0.393701 5.314961 21.024378 0.393701 5.314961 32.283463 0.393701 5.905512 20.866140 0.393701 5.905512 "
								            />
							</IndexedFaceSet>
						</Shape>
					</Group>
				</Transform>
			</Transform>
			<Transform DEF="instance_20_TRANSFORM"
			           translation="-37.687458 -108.056229 67.425888"
			           scale="1.000000 1.000000 1.000000"
			           rotation="0.000000 1.000000 0.000000 0.000000"
			           >
				<Transform DEF="instance_20_ifs_TRANSFORM"
				           translation="0.000000 0.000000 0.000000"
				           scale="1.000000 1.000000 1.000000"
				           rotation="0.000000 1.000000 0.000000 0.000000"
				           >
					<Group USE="group_ME_ID199" />
				</Transform>
			</Transform>
			<Transform DEF="instance_21_TRANSFORM"
			           translation="-25.876436 -107.268829 67.425888"
			           scale="1.000000 1.000000 1.000000"
			           rotation="0.000000 1.000000 0.000000 0.000000"
			           >
				<Transform DEF="instance_21_ifs_TRANSFORM"
				           translation="0.000000 0.000000 0.000000"
				           scale="1.000000 1.000000 1.000000"
				           rotation="0.000000 1.000000 0.000000 0.000000"
				           >
					<Group USE="group_ME_ID199" />
				</Transform>
			</Transform>
			<Transform DEF="instance_22_TRANSFORM"
			           translation="-16.033916 -108.056229 67.425888"
			           scale="1.000000 1.000000 1.000000"
			           rotation="0.000000 1.000000 0.000000 0.000000"
			           >
				<Transform DEF="instance_22_ifs_TRANSFORM"
				           translation="0.000000 0.000000 0.000000"
				           scale="1.000000 1.000000 1.000000"
				           rotation="0.000000 1.000000 0.000000 0.000000"
				           >
					<Group USE="group_ME_ID199" />
				</Transform>
			</Transform>
			<Transform DEF="instance_23_TRANSFORM"
			           translation="-37.687458 -140.339691 67.425888"
			           scale="1.000000 1.000000 1.000000"
			           rotation="0.000000 1.000000 0.000000 0.000000"
			           >
				<Transform DEF="instance_23_ifs_TRANSFORM"
				           translation="0.000000 0.000000 0.000000"
				           scale="1.000000 1.000000 1.000000"
				           rotation="0.000000 1.000000 0.000000 0.000000"
				           >
					<Group USE="group_ME_ID199" />
				</Transform>
			</Transform>
			<Transform DEF="instance_24_TRANSFORM"
			           translation="-25.876436 -141.127090 67.425888"
			           scale="1.000000 1.000000 1.000000"
			           rotation="0.000000 1.000000 0.000000 0.000000"
			           >
				<Transform DEF="instance_24_ifs_TRANSFORM"
				           translation="0.000000 0.000000 0.000000"
				           scale="1.000000 1.000000 1.000000"
				           rotation="0.000000 1.000000 0.000000 0.000000"
				           >
					<Group USE="group_ME_ID199" />
				</Transform>
			</Transform>
			<Transform DEF="instance_25_TRANSFORM"
			           translation="-16.033916 -140.339691 67.425888"
			           scale="1.000000 1.000000 1.000000"
			           rotation="0.000000 1.000000 0.000000 0.000000"
			           >
				<Transform DEF="instance_25_ifs_TRANSFORM"
				           translation="0.000000 0.000000 0.000000"
				           scale="1.000000 1.000000 1.000000"
				           rotation="0.000000 1.000000 0.000000 0.000000"
				           >
					<Group USE="group_ME_ID199" />
				</Transform>
			</Transform>
			<Transform DEF="instance_26_TRANSFORM"
			           translation="-24.695333 -115.536552 69.788094"
			           scale="1.000000 1.000000 1.000000"
			           rotation="0.000000 1.000000 0.000000 0.000000"
			           >
				<Transform DEF="instance_26_ifs_TRANSFORM"
				           translation="0.000000 0.000000 0.000000"
				           scale="1.000000 1.000000 1.000000"
				           rotation="0.000000 1.000000 0.000000 0.000000"
				           >
					<Group DEF="group_ME_ID236_002">
						<Shape>
							<Appearance>
							</Appearance>
							<IndexedFaceSet solid="false"
							                coordIndex="0 1 2 -1 1 0 3 -1 4 5 6 -1 7 8 9 -1 8 7 10 -1 8 10 11 -1 11 10 5 -1 11 5 4 -1 12 13 14 -1 13 12 15 -1 15 12 16 -1 17 18 19 -1 18 17 20 -1 18 20 21 -1 21 20 22 -1 22 20 23 -1 24 19 18 -1 25 26 27 -1 26 25 28 -1 29 30 31 -1 30 29 32 -1 33 34 35 -1 34 33 36 -1 37 38 39 -1 38 37 40 -1 41 42 43 -1 42 41 44 -1 42 44 45 -1 46 47 48 -1 47 46 49 -1 50 51 52 -1 51 50 53 -1 "
							                >
								<Coordinate DEF="coords_ME_ID236_002"
								            point="3.937008 -4.724409 5.905512 0.000000 -4.724409 1.968504 3.937008 -4.724409 1.968504 0.000000 -4.724409 5.905512 0.000000 13.779528 5.905512 0.000000 -4.724409 1.968504 0.000000 -4.724409 5.905512 -0.000000 -7.480315 5.905512 0.000000 -25.590549 0.000000 0.000000 -25.590549 5.905512 -0.000000 -7.480315 1.968504 0.000000 13.779528 0.000000 0.039370 -7.480315 1.968504 0.000000 -4.724409 1.968504 -0.000000 -7.480315 1.968504 3.937008 -4.724409 1.968504 3.937008 -7.480315 1.968504 3.937008 -25.590549 0.000000 3.937008 -7.480315 1.968504 3.937008 -25.590549 5.905512 3.937008 13.779528 0.000000 3.937008 -4.724409 1.968504 3.937008 -4.724409 5.905512 3.937008 13.779528 5.905512 3.937008 -7.480315 5.905512 0.000000 -4.724409 5.905512 3.937008 13.779528 5.905512 0.000000 13.779528 5.905512 3.937008 -4.724409 5.905512 0.000000 13.779528 5.905512 3.937008 13.779528 0.000000 0.000000 13.779528 0.000000 3.937008 13.779528 5.905512 3.937008 13.779528 0.000000 0.000000 -25.590549 0.000000 0.000000 13.779528 0.000000 3.937008 -25.590549 0.000000 3.937008 -25.590549 5.905512 0.000000 -25.590549 0.000000 3.937008 -25.590549 0.000000 0.000000 -25.590549 5.905512 0.000000 -25.590549 5.905512 0.039370 -7.480315 5.905512 -0.000000 -7.480315 5.905512 3.937008 -25.590549 5.905512 3.937008 -7.480315 5.905512 -0.000000 -7.480315 5.905512 0.039370 -7.480315 1.968504 -0.000000 -7.480315 1.968504 0.039370 -7.480315 5.905512 0.039370 -7.480315 5.905512 3.937008 -7.480315 1.968504 0.039370 -7.480315 1.968504 3.937008 -7.480315 5.905512 "
								            />
							</IndexedFaceSet>
						</Shape>
					</Group>
				</Transform>
			</Transform>
			<Transform DEF="instance_27_TRANSFORM"
			           translation="-14.852816 -115.536552 69.788094"
			           scale="1.000000 1.000000 1.000000"
			           rotation="0.000000 1.000000 0.000000 0.000000"
			           >
				<Transform DEF="instance_27_ifs_TRANSFORM"
				           translation="0.000000 0.000000 0.000000"
				           scale="1.000000 1.000000 1.000000"
				           rotation="0.000000 1.000000 0.000000 0.000000"
				           >
					<Group USE="group_ME_ID113_001" />
				</Transform>
			</Transform>
			<Transform DEF="instance_28_TRANSFORM"
			           translation="-36.506359 -115.536552 69.788094"
			           scale="1.000000 1.000000 1.000000"
			           rotation="0.000000 1.000000 0.000000 0.000000"
			           >
				<Transform DEF="instance_28_ifs_TRANSFORM"
				           translation="0.000000 0.000000 0.000000"
				           scale="1.000000 1.000000 1.000000"
				           rotation="0.000000 1.000000 0.000000 0.000000"
				           >
					<Group USE="group_ME_ID113_001" />
				</Transform>
			</Transform>
			<Transform DEF="instance_29_TRANSFORM"
			           translation="-46.742580 -107.268829 61.520382"
			           scale="1.000000 1.000000 1.000000"
			           rotation="0.000000 0.000000 -1.000000 1.570796"
			           >
				<Transform DEF="instance_29_ifs_TRANSFORM"
				           translation="-0.000004 -0.000000 0.000000"
				           scale="1.000000 1.000000 1.000000"
				           rotation="0.000000 1.000000 0.000000 0.000000"
				           >
					<Group DEF="group_ME_ID246">
						<Shape>
							<Appearance>
							</Appearance>
							<IndexedFaceSet solid="false"
							                coordIndex="0 1 2 -1 1 0 3 -1 4 5 6 -1 5 4 7 -1 7 4 8 -1 8 4 9 -1 10 11 12 -1 11 10 13 -1 13 10 14 -1 13 14 15 -1 15 14 16 -1 15 16 17 -1 17 16 18 -1 17 18 19 -1 19 18 20 -1 19 20 21 -1 19 21 22 -1 20 18 6 -1 20 6 5 -1 22 21 23 -1 22 23 24 -1 17 25 26 -1 25 17 19 -1 26 25 27 -1 27 25 28 -1 28 25 29 -1 26 27 30 -1 28 29 31 -1 31 29 32 -1 30 33 34 -1 33 30 27 -1 34 33 35 -1 34 35 36 -1 34 36 37 -1 38 39 40 -1 39 38 41 -1 42 43 44 -1 43 42 45 -1 43 45 46 -1 46 45 39 -1 46 39 47 -1 47 39 41 -1 44 48 49 -1 48 44 43 -1 50 51 52 -1 51 50 53 -1 51 53 54 -1 54 53 55 -1 55 53 56 -1 57 58 59 -1 58 57 60 -1 60 57 61 -1 60 61 62 -1 62 61 63 -1 62 63 64 -1 64 63 65 -1 64 65 66 -1 66 65 52 -1 66 52 67 -1 66 67 68 -1 52 65 50 -1 68 67 69 -1 68 69 70 -1 64 71 72 -1 71 64 66 -1 72 71 73 -1 73 71 74 -1 74 71 75 -1 72 73 76 -1 74 75 77 -1 77 75 78 -1 76 79 80 -1 79 76 73 -1 80 79 81 -1 80 81 82 -1 80 82 83 -1 84 85 86 -1 85 84 87 -1 88 89 90 -1 89 88 91 -1 91 88 92 -1 91 92 93 -1 93 94 91 -1 94 93 95 -1 94 96 97 -1 96 94 95 -1 96 95 98 -1 96 98 99 -1 100 101 102 -1 101 100 103 -1 104 105 106 -1 105 104 107 -1 108 109 110 -1 109 108 111 -1 112 113 114 -1 113 112 115 -1 116 117 118 -1 117 116 119 -1 120 121 122 -1 121 120 123 -1 124 125 126 -1 125 124 127 -1 128 129 130 -1 129 128 131 -1 132 133 134 -1 133 132 135 -1 136 137 138 -1 137 136 139 -1 140 141 142 -1 141 140 143 -1 144 145 146 -1 145 144 147 -1 148 149 150 -1 149 148 151 -1 152 153 154 -1 153 152 155 -1 156 154 157 -1 154 156 152 -1 158 156 157 -1 156 158 159 -1 160 161 162 -1 161 160 163 -1 164 165 166 -1 165 164 167 -1 168 164 169 -1 164 168 167 -1 170 169 171 -1 169 170 168 -1 172 173 174 -1 173 172 175 -1 176 177 178 -1 177 176 179 -1 180 179 176 -1 179 180 181 -1 180 182 181 -1 182 180 183 -1 184 185 186 -1 185 184 187 -1 188 189 190 -1 189 188 191 -1 192 189 191 -1 189 192 193 -1 194 193 192 -1 193 194 195 -1 196 197 198 -1 197 196 199 -1 200 201 202 -1 201 200 203 -1 203 200 204 -1 203 204 205 -1 205 204 206 -1 205 206 207 -1 208 209 210 -1 209 208 211 -1 212 213 214 -1 213 212 215 -1 215 212 216 -1 215 216 217 -1 217 216 218 -1 217 218 219 -1 220 221 222 -1 221 220 223 -1 222 224 225 -1 224 222 221 -1 226 224 227 -1 224 226 225 -1 228 229 230 -1 229 228 231 -1 232 233 234 -1 233 232 235 -1 232 236 237 -1 236 232 234 -1 237 238 239 -1 238 237 236 -1 211 240 209 -1 240 211 241 -1 240 242 243 -1 242 240 241 -1 244 245 246 -1 245 244 247 -1 248 249 250 -1 249 248 251 -1 249 198 250 -1 198 249 196 -1 252 253 254 -1 253 252 255 -1 255 252 256 -1 255 256 257 -1 257 256 258 -1 257 258 259 -1 260 261 262 -1 261 260 263 -1 261 263 264 -1 264 263 265 -1 264 265 266 -1 266 265 267 -1 "
							                >
								<Coordinate DEF="coords_ME_ID246"
								            point="12.598425 0.000000 1.968504 12.598425 3.937008 5.905512 12.598425 0.000000 5.905512 12.598425 3.937008 1.968504 0.000000 3.937008 5.905512 5.118110 3.937008 4.724409 0.000000 3.937008 3.543307 4.527559 3.937008 4.882647 4.095246 3.937008 5.314961 3.937008 3.937008 5.905512 5.249344 3.937008 0.236220 20.472441 3.937008 0.000000 7.874016 3.937008 0.000000 23.097113 3.937008 0.236220 3.149606 3.937008 0.708661 25.196850 3.937008 0.708661 1.574803 3.937008 1.417323 26.771652 3.937008 1.417323 0.524934 3.937008 2.362205 12.598425 3.937008 1.968504 10.236220 3.937008 4.724409 10.826772 3.937008 4.882647 12.598425 3.937008 5.905512 11.259085 3.937008 5.314961 11.417322 3.937008 5.905512 15.748032 3.937008 1.968504 27.821522 3.937008 2.362205 18.110235 3.937008 4.724409 17.519686 3.937008 4.882647 15.748032 3.937008 5.905512 28.346457 3.937008 3.543307 17.087372 3.937008 5.314961 16.929134 3.937008 5.905512 23.228346 3.937008 4.724409 28.346457 3.937008 5.905512 23.818897 3.937008 4.882647 24.251211 3.937008 5.314961 24.409447 3.937008 5.905512 12.598425 0.000000 5.905512 11.417322 0.393701 5.905512 11.417322 0.000000 5.905512 12.598425 3.937008 5.905512 3.937008 0.000000 5.905512 3.937008 3.543307 5.905512 0.000000 0.000000 5.905512 3.937008 0.393701 5.905512 11.417322 3.543307 5.905512 11.417322 3.937008 5.905512 3.937008 3.937008 5.905512 0.000000 3.937008 5.905512 28.346457 0.000000 3.543307 23.228346 0.000000 4.724409 18.110235 0.000000 4.724409 28.346457 0.000000 5.905512 23.818897 0.000000 4.882647 24.251211 0.000000 5.314961 24.409447 0.000000 5.905512 23.097113 0.000000 0.236220 7.874016 0.000000 0.000000 20.472441 0.000000 0.000000 5.249344 0.000000 0.236220 25.196850 0.000000 0.708661 3.149606 0.000000 0.708661 26.771652 0.000000 1.417323 1.574803 0.000000 1.417323 27.821522 0.000000 2.362205 15.748032 0.000000 1.968504 17.519684 0.000000 4.882647 15.748032 0.000000 5.905512 17.087372 0.000000 5.314961 16.929134 0.000000 5.905511 12.598425 0.000000 1.968504 0.524934 0.000000 2.362205 10.236220 0.000000 4.724409 10.826772 0.000000 4.882647 12.598425 0.000000 5.905512 0.000000 0.000000 3.543307 11.259085 0.000000 5.314961 11.417322 0.000000 5.905512 5.118110 0.000000 4.724409 0.000000 0.000000 5.905512 4.527559 0.000000 4.882647 4.095246 0.000000 5.314961 3.937008 0.000000 5.905512 12.598425 0.000000 1.968504 15.748032 3.937008 1.968504 12.598425 3.937008 1.968504 15.748032 0.000000 1.968504 15.748032 0.000000 5.905512 16.929134 3.937008 5.905512 15.748032 3.937008 5.905512 16.929134 3.543307 5.905512 16.929134 0.000000 5.905511 16.929134 0.393701 5.905512 24.409447 3.543307 5.905512 24.409447 0.393701 5.905512 28.346457 3.937008 5.905512 24.409447 3.937008 5.905512 24.409447 0.000000 5.905512 28.346457 0.000000 5.905512 28.346457 3.937008 3.543307 28.346457 0.000000 5.905512 28.346457 0.000000 3.543307 28.346457 3.937008 5.905512 27.821522 0.000000 2.362205 28.346457 3.937008 3.543307 28.346457 0.000000 3.543307 27.821522 3.937008 2.362205 27.821522 3.937008 2.362205 26.771652 0.000000 1.417323 26.771652 3.937008 1.417323 27.821522 0.000000 2.362205 26.771652 3.937008 1.417323 25.196850 0.000000 0.708661 25.196850 3.937008 0.708661 26.771652 0.000000 1.417323 25.196850 3.937008 0.708661 23.097113 0.000000 0.236220 23.097113 3.937008 0.236220 25.196850 0.000000 0.708661 23.097113 3.937008 0.236220 20.472441 0.000000 0.000000 20.472441 3.937008 0.000000 23.097113 0.000000 0.236220 20.472441 3.937008 0.000000 7.874016 0.000000 0.000000 7.874016 3.937008 0.000000 20.472441 0.000000 0.000000 7.874016 3.937008 0.000000 5.249344 0.000000 0.236220 5.249344 3.937008 0.236220 7.874016 0.000000 0.000000 5.249344 3.937008 0.236220 3.149606 0.000000 0.708661 3.149606 3.937008 0.708661 5.249344 0.000000 0.236220 3.149606 3.937008 0.708661 1.574803 0.000000 1.417323 1.574803 3.937008 1.417323 3.149606 0.000000 0.708661 1.574803 3.937008 1.417323 0.524934 0.000000 2.362205 0.524934 3.937008 2.362205 1.574803 0.000000 1.417323 0.000000 3.937008 3.543307 0.524934 0.000000 2.362205 0.000000 0.000000 3.543307 0.524934 3.937008 2.362205 0.000000 3.937008 5.905512 0.000000 0.000000 3.543307 0.000000 0.000000 5.905512 0.000000 3.937008 3.543307 4.095246 3.937008 5.314961 3.937008 3.543307 5.905512 4.095246 3.543307 5.314961 3.937008 3.937008 5.905512 4.527559 3.937008 4.882647 4.527559 3.543307 4.882647 5.118110 3.543307 4.724409 5.118110 3.937008 4.724409 10.236220 3.543307 4.724409 5.118110 3.937008 4.724409 5.118110 3.543307 4.724409 10.236220 3.937008 4.724409 10.826772 3.543307 4.882647 10.236220 3.937008 4.724409 10.236220 3.543307 4.724409 10.826772 3.937008 4.882647 11.259085 3.937008 5.314961 11.259085 3.543307 5.314961 11.417322 3.937008 5.905512 11.417322 3.543307 5.905512 15.748032 3.937008 5.905512 15.748032 0.000000 1.968504 15.748032 0.000000 5.905512 15.748032 3.937008 1.968504 17.087372 3.543307 5.314961 16.929134 3.937008 5.905512 16.929134 3.543307 5.905512 17.087372 3.937008 5.314961 17.519686 3.543307 4.882647 17.519686 3.937008 4.882647 18.110235 3.937008 4.724409 18.110235 3.543307 4.724409 18.110235 3.543307 4.724409 23.228346 3.937008 4.724409 18.110235 3.937008 4.724409 23.228346 3.543307 4.724409 23.228346 3.543307 4.724409 23.818897 3.937008 4.882647 23.228346 3.937008 4.724409 23.818897 3.543307 4.882647 24.251211 3.543307 5.314961 24.251211 3.937008 5.314961 24.409447 3.543307 5.905512 24.409447 3.937008 5.905512 4.095246 0.393701 5.314961 3.937008 0.000000 5.905512 4.095246 0.000000 5.314961 3.937008 0.393701 5.905512 10.826772 0.393701 4.882647 5.118110 0.393701 4.724409 10.236220 0.393701 4.724409 4.527559 0.393701 4.882647 11.259085 0.393701 5.314961 4.095246 0.393701 5.314961 11.417322 0.393701 5.905512 3.937008 0.393701 5.905512 11.417322 0.393701 5.905512 11.259085 0.000000 5.314961 11.417322 0.000000 5.905512 11.259085 0.393701 5.314961 4.527559 3.543307 4.882647 10.236220 3.543307 4.724409 5.118110 3.543307 4.724409 10.826772 3.543307 4.882647 4.095246 3.543307 5.314961 11.259085 3.543307 5.314961 3.937008 3.543307 5.905512 11.417322 3.543307 5.905512 24.409447 0.000000 5.905512 24.251211 0.393701 5.314961 24.251211 0.000000 5.314961 24.409447 0.393701 5.905512 23.818897 0.393701 4.882647 23.818897 0.000000 4.882647 23.228346 0.000000 4.724409 23.228346 0.393701 4.724409 18.110235 0.000000 4.724409 23.228346 0.393701 4.724409 18.110235 0.393701 4.724409 23.228346 0.000000 4.724409 17.519684 0.000000 4.882647 18.110235 0.393701 4.724409 17.519686 0.393701 4.882647 18.110235 0.000000 4.724409 17.087372 0.393701 5.314961 17.087372 0.000000 5.314961 16.929134 0.393701 5.905512 16.929134 0.000000 5.905511 10.826772 0.000000 4.882647 10.826772 0.393701 4.882647 10.236220 0.393701 4.724409 10.236220 0.000000 4.724409 10.236220 0.000000 4.724409 5.118110 0.393701 4.724409 5.118110 0.000000 4.724409 10.236220 0.393701 4.724409 5.118110 0.000000 4.724409 4.527559 0.393701 4.882647 4.527559 0.000000 4.882647 5.118110 0.393701 4.724409 17.519686 3.543307 4.882647 23.228346 3.543307 4.724409 18.110235 3.543307 4.724409 23.818897 3.543307 4.882647 17.087372 3.543307 5.314961 24.251211 3.543307 5.314961 16.929134 3.543307 5.905512 24.409447 3.543307 5.905512 23.228346 0.393701 4.724409 17.519686 0.393701 4.882647 18.110235 0.393701 4.724409 23.818897 0.393701 4.882647 17.087372 0.393701 5.314961 24.251211 0.393701 5.314961 16.929134 0.393701 5.905512 24.409447 0.393701 5.905512 "
								            />
							</IndexedFaceSet>
						</Shape>
					</Group>
				</Transform>
			</Transform>
			<Transform DEF="instance_30_TRANSFORM"
			           translation="-47.923679 -111.993240 67.425888"
			           scale="1.000000 1.000000 1.000000"
			           rotation="0.000000 1.000000 0.000000 0.000000"
			           >
				<Transform DEF="instance_30_ifs_TRANSFORM"
				           translation="0.000000 0.000000 0.000000"
				           scale="1.000000 1.000000 1.000000"
				           rotation="0.000000 1.000000 0.000000 0.000000"
				           >
					<Group USE="group_ME_ID199" />
				</Transform>
			</Transform>
			<Transform DEF="instance_31_TRANSFORM"
			           translation="-47.923679 -136.402679 67.425888"
			           scale="1.000000 1.000000 1.000000"
			           rotation="0.000000 1.000000 0.000000 0.000000"
			           >
				<Transform DEF="instance_31_ifs_TRANSFORM"
				           translation="0.000000 0.000000 0.000000"
				           scale="1.000000 1.000000 1.000000"
				           rotation="0.000000 1.000000 0.000000 0.000000"
				           >
					<Group USE="group_ME_ID199" />
				</Transform>
			</Transform>
			<Transform DEF="instance_32_TRANSFORM"
			           translation="-7.713356 -111.993240 75.693611"
			           scale="1.000000 1.000000 1.000000"
			           rotation="0.000000 1.000000 0.000000 0.000000"
			           >
				<Transform DEF="instance_32_ifs_TRANSFORM"
				           translation="0.000000 0.000000 0.000000"
				           scale="1.000000 1.000000 1.000000"
				           rotation="0.000000 1.000000 0.000000 0.000000"
				           >
					<Group USE="group_ME_ID199" />
				</Transform>
			</Transform>
			<Transform DEF="instance_33_TRANSFORM"
			           translation="-6.532253 -107.268829 69.788094"
			           scale="1.000000 1.000000 1.000000"
			           rotation="0.000000 0.000000 -1.000000 1.570796"
			           >
				<Transform DEF="instance_33_ifs_TRANSFORM"
				           translation="-0.000000 0.000000 0.000000"
				           scale="1.000000 1.000000 1.000000"
				           rotation="0.000000 1.000000 0.000000 0.000000"
				           >
					<Group USE="group_ME_ID246" />
				</Transform>
			</Transform>
			<Transform DEF="instance_34_TRANSFORM"
			           translation="-7.713356 -136.402679 75.693604"
			           scale="1.000000 1.000000 1.000000"
			           rotation="0.000000 1.000000 0.000000 0.000000"
			           >
				<Transform DEF="instance_34_ifs_TRANSFORM"
				           translation="0.000000 0.000000 0.000000"
				           scale="1.000000 1.000000 1.000000"
				           rotation="0.000000 1.000000 0.000000 0.000000"
				           >
					<Group USE="group_ME_ID199" />
				</Transform>
			</Transform>
			<Transform DEF="instance_35_TRANSFORM"
			           translation="-6.532253 -136.402679 78.055809"
			           scale="1.000000 1.000000 1.000000"
			           rotation="0.000000 1.000000 0.000000 0.000000"
			           >
				<Transform DEF="instance_35_ifs_TRANSFORM"
				           translation="0.000000 0.000000 0.000000"
				           scale="1.000000 1.000000 1.000000"
				           rotation="0.000000 1.000000 0.000000 0.000000"
				           >
					<Group DEF="group_ME_ID259_001">
						<Shape>
							<Appearance>
							</Appearance>
							<IndexedFaceSet solid="false"
							                coordIndex="0 1 2 -1 1 0 3 -1 4 5 6 -1 5 4 7 -1 8 9 10 -1 11 12 13 -1 12 11 14 -1 14 11 15 -1 15 11 16 -1 16 11 8 -1 9 17 18 -1 17 9 19 -1 19 9 8 -1 19 8 11 -1 20 21 22 -1 21 20 23 -1 24 25 26 -1 27 28 29 -1 28 27 30 -1 30 27 31 -1 31 27 32 -1 32 27 24 -1 33 34 35 -1 34 33 25 -1 34 25 24 -1 34 24 27 -1 24 36 32 -1 37 38 39 -1 38 37 40 -1 41 42 43 -1 42 41 44 -1 45 46 47 -1 46 45 48 -1 49 50 51 -1 50 49 52 -1 53 54 55 -1 54 53 56 -1 57 58 59 -1 58 57 60 -1 61 62 63 -1 62 61 64 -1 65 66 67 -1 66 65 68 -1 69 70 71 -1 70 69 72 -1 73 74 75 -1 "
							                >
								<Coordinate DEF="coords_ME_ID259_001"
								            point="3.937008 0.000000 5.905512 0.000000 0.000000 0.000000 3.937008 0.000000 0.000000 0.000000 0.000000 5.905512 3.937008 29.921259 0.000000 3.937008 0.000000 5.905512 3.937008 0.000000 0.000000 3.937008 29.921259 5.905512 1.968504 15.748032 5.905512 0.393701 16.929134 5.905512 0.393701 15.551181 5.905512 3.937008 0.000000 5.905512 0.000000 12.992126 5.905512 0.000000 0.000000 5.905512 0.393701 12.992126 5.905512 0.393701 14.370078 5.905512 1.968504 14.173228 5.905512 0.000000 29.921259 5.905512 0.000000 16.929134 5.905512 3.937008 29.921259 5.905512 0.000000 12.992126 5.905512 0.000000 0.000000 0.000000 0.000000 0.000000 5.905512 0.000000 12.992126 0.000000 1.968504 14.173228 0.000000 0.393701 12.992126 0.000000 0.393701 14.370078 0.000000 3.937008 29.921259 0.000000 0.000000 16.929134 0.000000 0.000000 29.921259 0.000000 0.393701 16.929134 0.000000 0.393701 15.551181 0.000000 1.968504 15.944882 0.000000 0.000000 12.992126 0.000000 3.937008 0.000000 0.000000 0.000000 0.000000 0.000000 1.968504 15.748032 0.000000 0.000000 29.921259 5.905512 3.937008 29.921259 0.000000 0.000000 29.921259 0.000000 3.937008 29.921259 5.905512 0.393701 16.929134 5.905512 0.393701 15.551181 0.000000 0.393701 15.551181 5.905512 0.393701 16.929134 0.000000 1.968504 15.748032 0.000000 0.393701 15.551181 5.905512 0.393701 15.551181 0.000000 1.968504 15.748032 5.905512 1.968504 15.748032 5.905512 1.968504 14.173228 0.000000 1.968504 14.173228 5.905512 1.968504 15.748032 0.000000 0.393701 14.370078 5.905512 1.968504 14.173228 0.000000 0.393701 14.370078 0.000000 1.968504 14.173228 5.905512 0.393701 14.370078 5.905512 0.393701 12.992126 0.000000 0.393701 12.992126 5.905512 0.393701 14.370078 0.000000 0.000000 12.992126 5.905512 0.393701 12.992126 0.000000 0.000000 12.992126 0.000000 0.393701 12.992126 5.905512 0.000000 29.921259 5.905512 0.000000 16.929134 0.000000 0.000000 16.929134 5.905512 0.000000 29.921259 0.000000 0.393701 16.929134 0.000000 0.000000 16.929134 5.905512 0.000000 16.929134 0.000000 0.393701 16.929134 5.905512 1.968504 15.944882 0.000000 1.968504 15.748032 0.000000 0.393701 15.551181 0.000000 "
								            />
							</IndexedFaceSet>
						</Shape>
					</Group>
				</Transform>
			</Transform>
			<Transform DEF="instance_36_TRANSFORM"
			           translation="-42.805573 -136.402679 69.788094"
			           scale="-1.000000 -1.000000 -1.000000"
			           rotation="-1.000000 0.000000 0.000000 3.141593"
			           >
				<Transform DEF="instance_36_ifs_TRANSFORM"
				           translation="0.000000 0.000006 -0.000003"
				           scale="1.000000 1.000000 1.000000"
				           rotation="0.000000 1.000000 0.000000 0.000000"
				           >
					<Group DEF="group_ME_ID267">
						<Shape>
							<Appearance>
							</Appearance>
							<IndexedFaceSet solid="false"
							                coordIndex="0 1 2 -1 3 2 1 -1 4 5 6 -1 7 6 5 -1 8 9 10 -1 9 11 10 -1 10 11 12 -1 13 12 11 -1 9 8 14 -1 14 8 15 -1 15 8 16 -1 16 8 17 -1 18 17 8 -1 19 11 9 -1 20 21 22 -1 22 21 23 -1 24 23 21 -1 22 23 25 -1 26 27 28 -1 29 28 30 -1 28 31 30 -1 31 32 30 -1 33 30 32 -1 28 29 26 -1 26 29 34 -1 34 29 35 -1 35 29 36 -1 37 36 29 -1 38 31 28 -1 39 40 41 -1 42 41 40 -1 43 44 45 -1 46 45 44 -1 44 47 46 -1 48 46 47 -1 49 50 51 -1 52 51 50 -1 53 54 55 -1 56 55 54 -1 57 58 59 -1 60 59 58 -1 61 62 63 -1 62 64 63 -1 65 63 64 -1 66 62 61 -1 67 68 69 -1 70 69 68 -1 71 72 73 -1 73 72 74 -1 72 75 74 -1 76 74 75 -1 77 78 79 -1 80 79 78 -1 81 82 83 -1 84 83 82 -1 85 86 87 -1 88 87 86 -1 89 90 91 -1 92 93 94 -1 95 94 93 -1 96 97 98 -1 99 98 97 -1 "
							                >
								<Coordinate DEF="coords_ME_ID267"
								            point="0.000000 0.000000 5.905512 3.937008 0.000000 5.905512 0.000000 0.000000 0.000000 3.937008 0.000000 0.000000 3.937008 29.921259 5.905512 3.937008 29.921259 0.000000 3.937008 0.000000 5.905512 3.937008 0.000000 0.000000 3.937008 0.000000 5.905512 1.968504 15.748032 5.905512 3.937008 29.921259 5.905512 0.393701 16.535433 5.905512 0.000000 29.921259 5.905512 0.000000 16.535433 5.905512 1.968504 14.173228 5.905512 0.393701 14.370078 5.905512 0.393701 13.385826 5.905512 0.000000 13.385826 5.905512 0.000000 0.000000 5.905512 0.393701 15.551181 5.905512 0.000000 13.385826 3.543307 0.000000 13.385826 5.905512 0.000000 12.992126 3.543307 0.000000 0.000000 0.000000 0.000000 0.000000 5.905512 0.000000 12.992126 0.000000 1.968504 15.944882 0.000000 1.968504 15.748032 0.000000 1.968504 14.173228 0.000000 3.937008 29.921259 0.000000 3.937008 0.000000 0.000000 0.393701 12.992126 0.000000 0.000000 12.992126 0.000000 0.000000 0.000000 0.000000 0.393701 15.551181 0.000000 0.393701 16.929134 0.000000 0.000000 16.929134 0.000000 0.000000 29.921259 0.000000 0.393701 14.370078 0.000000 3.937008 29.921259 5.905512 0.000000 29.921259 5.905512 3.937008 29.921259 0.000000 0.000000 29.921259 0.000000 0.393701 16.929134 3.543307 0.393701 16.535433 3.543307 0.393701 16.929134 0.000000 0.393701 15.551181 0.000000 0.393701 16.535433 5.905512 0.393701 15.551181 5.905512 1.968504 15.748032 5.905512 1.968504 15.748032 0.000000 0.393701 15.551181 5.905512 0.393701 15.551181 0.000000 1.968504 15.748032 0.000000 1.968504 15.748032 5.905512 1.968504 14.173228 0.000000 1.968504 14.173228 5.905512 1.968504 14.173228 5.905512 0.393701 14.370078 5.905512 1.968504 14.173228 0.000000 0.393701 14.370078 0.000000 0.393701 14.370078 5.905512 0.393701 13.385826 3.543307 0.393701 14.370078 0.000000 0.393701 12.992126 3.543307 0.393701 12.992126 0.000000 0.393701 13.385826 5.905512 0.393701 13.385826 5.905512 0.000000 13.385826 5.905512 0.393701 13.385826 3.543307 0.000000 13.385826 3.543307 0.000000 29.921259 0.000000 0.000000 29.921259 5.905512 0.000000 16.929134 0.000000 0.000000 16.929134 3.543307 0.000000 16.535433 5.905512 0.000000 16.535433 3.543307 0.000000 16.535433 5.905512 0.393701 16.535433 5.905512 0.000000 16.535433 3.543307 0.393701 16.535433 3.543307 0.393701 12.992126 3.543307 0.000000 12.992126 3.543307 0.393701 12.992126 0.000000 0.000000 12.992126 0.000000 0.393701 12.992126 3.543307 0.393701 13.385826 3.543307 0.000000 12.992126 3.543307 0.000000 13.385826 3.543307 0.393701 15.551181 0.000000 1.968504 15.748032 0.000000 1.968504 15.944882 0.000000 0.393701 16.929134 3.543307 0.393701 16.929134 0.000000 0.000000 16.929134 3.543307 0.000000 16.929134 0.000000 0.393701 16.535433 3.543307 0.393701 16.929134 3.543307 0.000000 16.535433 3.543307 0.000000 16.929134 3.543307 "
								            />
							</IndexedFaceSet>
						</Shape>
					</Group>
				</Transform>
			</Transform>
			<Transform DEF="instance_37_TRANSFORM"
			           translation="5.278771 -123.410553 69.788094"
			           scale="-1.000000 -1.000000 -1.000000"
			           rotation="-1.000000 0.000000 0.000000 3.141593"
			           >
				<Transform DEF="instance_37_ifs_TRANSFORM"
				           translation="0.000000 -0.000002 0.000003"
				           scale="1.000000 1.000000 1.000000"
				           rotation="0.000000 1.000000 0.000000 0.000000"
				           >
					<Group DEF="group_ME_ID275">
						<Shape>
							<Appearance>
							</Appearance>
							<IndexedFaceSet solid="false"
							                coordIndex="0 1 2 -1 2 1 3 -1 1 4 3 -1 5 3 4 -1 6 1 0 -1 7 8 9 -1 10 11 8 -1 9 8 11 -1 12 13 10 -1 11 10 14 -1 13 15 10 -1 10 15 14 -1 15 16 14 -1 14 16 17 -1 18 17 16 -1 17 18 19 -1 18 20 19 -1 19 20 21 -1 22 21 20 -1 23 24 25 -1 26 25 24 -1 27 28 29 -1 30 29 28 -1 31 32 33 -1 32 34 33 -1 35 33 34 -1 36 37 38 -1 39 38 37 -1 40 41 42 -1 43 42 41 -1 44 45 46 -1 47 48 49 -1 49 48 50 -1 50 48 44 -1 48 51 44 -1 45 44 51 -1 52 53 54 -1 53 55 54 -1 55 56 54 -1 54 56 57 -1 57 56 58 -1 59 58 56 -1 60 61 62 -1 63 64 65 -1 65 64 66 -1 66 64 60 -1 64 67 60 -1 61 60 67 -1 68 69 70 -1 70 69 71 -1 72 71 69 -1 73 69 68 -1 74 75 76 -1 75 77 76 -1 76 77 78 -1 77 79 78 -1 80 78 79 -1 81 75 74 -1 82 83 84 -1 85 84 83 -1 86 87 88 -1 89 88 87 -1 86 90 87 -1 87 90 91 -1 92 91 90 -1 93 94 95 -1 96 97 98 -1 99 98 97 -1 100 101 102 -1 102 101 103 -1 103 101 104 -1 105 104 101 -1 106 107 108 -1 108 107 109 -1 109 107 110 -1 110 107 111 -1 111 107 112 -1 112 107 113 -1 113 107 114 -1 114 107 115 -1 115 107 116 -1 117 116 107 -1 118 119 120 -1 121 120 119 -1 122 123 124 -1 125 124 123 -1 126 127 128 -1 129 128 127 -1 130 131 132 -1 133 132 131 -1 134 135 136 -1 136 135 137 -1 138 137 135 -1 139 140 141 -1 141 140 142 -1 142 140 143 -1 143 140 144 -1 144 140 145 -1 146 145 140 -1 147 148 149 -1 149 148 150 -1 151 150 148 -1 152 153 154 -1 155 154 153 -1 156 157 158 -1 159 158 157 -1 160 161 162 -1 163 162 161 -1 164 165 166 -1 167 166 165 -1 168 169 170 -1 171 170 169 -1 172 173 174 -1 175 174 173 -1 176 177 178 -1 179 178 177 -1 180 181 182 -1 183 182 181 -1 184 185 186 -1 187 186 185 -1 188 189 190 -1 191 190 189 -1 192 193 194 -1 195 194 193 -1 196 197 198 -1 199 198 197 -1 200 201 202 -1 202 201 203 -1 204 203 201 -1 205 206 207 -1 207 206 208 -1 209 208 206 -1 210 211 212 -1 213 212 211 -1 214 215 216 -1 217 216 215 -1 218 219 220 -1 221 220 219 -1 222 223 224 -1 223 225 224 -1 224 225 226 -1 225 227 226 -1 228 226 227 -1 229 223 222 -1 230 231 232 -1 233 232 231 -1 234 235 236 -1 235 237 236 -1 236 237 238 -1 238 237 230 -1 230 237 231 -1 239 231 237 -1 240 241 242 -1 241 243 242 -1 242 243 234 -1 235 234 243 -1 244 245 240 -1 241 240 245 -1 246 247 248 -1 249 250 251 -1 251 250 252 -1 252 250 246 -1 250 253 246 -1 247 246 253 -1 254 255 256 -1 257 256 255 -1 258 259 260 -1 261 260 259 -1 262 263 264 -1 263 265 264 -1 264 265 266 -1 265 267 266 -1 268 266 267 -1 269 263 262 -1 270 271 272 -1 273 274 275 -1 275 274 276 -1 276 274 270 -1 274 277 270 -1 271 270 277 -1 278 279 280 -1 281 280 279 -1 282 283 284 -1 285 284 283 -1 286 287 288 -1 287 289 288 -1 290 291 289 -1 288 289 291 -1 292 287 286 -1 290 289 293 -1 294 295 296 -1 297 296 295 -1 298 299 300 -1 301 300 299 -1 302 303 304 -1 305 304 303 -1 306 307 308 -1 309 308 307 -1 310 311 312 -1 313 312 311 -1 314 315 316 -1 317 316 315 -1 318 319 320 -1 321 320 319 -1 322 323 324 -1 325 324 323 -1 326 327 328 -1 329 328 327 -1 330 331 332 -1 333 332 331 -1 334 335 336 -1 337 336 335 -1 338 339 340 -1 341 340 339 -1 342 343 344 -1 345 344 343 -1 346 347 348 -1 349 348 347 -1 350 351 352 -1 353 352 351 -1 354 355 356 -1 355 357 356 -1 356 357 358 -1 359 358 357 -1 360 361 362 -1 361 363 362 -1 362 363 364 -1 365 364 363 -1 366 367 360 -1 361 360 367 -1 "
							                >
								<Coordinate DEF="coords_ME_ID275"
								            point="7.874016 0.000000 5.905512 7.283464 0.000000 0.787402 1.676070 0.000000 5.905512 3.723315 0.000000 0.787402 7.283464 0.000000 0.000000 6.006779 0.000000 0.000000 7.874016 0.000000 0.787402 16.194578 3.543307 5.905512 12.204723 3.543307 5.905512 16.194578 3.937008 5.905512 12.204723 0.393701 5.905512 11.811023 3.937008 5.905512 16.194578 0.393701 5.905512 16.194578 0.000000 5.905512 11.811023 3.543307 5.905512 11.811023 0.000000 5.905512 11.811023 0.393701 5.905512 7.874016 3.543307 5.905512 7.874016 0.393701 5.905512 7.874016 3.937008 5.905512 7.874016 0.000000 5.905512 1.676070 3.937008 5.905512 1.676070 0.000000 5.905512 1.754810 1.968504 0.787402 0.000000 1.968504 5.174428 3.723315 0.000000 0.787402 1.676070 0.000000 5.905512 6.006779 0.000000 0.000000 4.038275 1.968504 0.000000 3.723315 0.000000 0.787402 1.754810 1.968504 0.787402 7.283464 0.000000 0.000000 7.283464 3.937008 0.000000 6.006779 0.000000 0.000000 6.006779 3.937008 0.000000 4.038275 1.968504 0.000000 7.283464 3.937008 0.787402 7.283464 3.937008 0.000000 7.283464 0.000000 0.787402 7.283464 0.000000 0.000000 7.874016 0.000000 0.787402 7.874016 3.937008 0.787402 7.283464 0.000000 0.787402 7.283464 3.937008 0.787402 7.874016 0.393701 1.968504 7.874016 0.000000 5.905512 7.874016 0.393701 5.905512 7.874016 3.937008 5.905512 7.874016 3.937008 0.787402 7.874016 3.543307 5.905512 7.874016 3.543307 1.968504 7.874016 0.000000 0.787402 12.992126 3.543307 8.267716 12.992126 3.543307 7.480315 18.503937 3.543307 8.267716 12.577283 3.543307 7.041184 12.307123 3.543307 6.500865 18.503937 3.543307 5.905512 16.194578 3.543307 5.905512 12.204723 3.543307 5.905512 16.194578 0.393701 1.968504 16.194578 0.000000 5.905512 16.194578 0.393701 5.905512 16.194578 3.937008 5.905512 16.194578 3.937008 0.000000 16.194578 3.543307 5.905512 16.194578 3.543307 1.968504 16.194578 0.000000 0.000000 11.811023 3.937008 5.905512 12.401574 3.937008 0.787402 16.194578 3.937008 5.905512 16.194578 3.937008 0.000000 12.401574 3.937008 0.000000 11.811023 3.937008 0.787402 11.811023 3.937008 5.905512 11.811023 3.543307 1.968504 11.811023 3.937008 0.787402 11.811023 0.393701 1.968504 11.811023 0.000000 0.787402 11.811023 0.393701 5.905512 11.811023 0.000000 5.905512 11.811023 3.543307 5.905512 11.811023 3.543307 5.905512 7.874016 3.543307 5.905512 11.811023 3.543307 1.968504 7.874016 3.543307 1.968504 1.676070 3.937008 5.905512 7.283464 3.937008 0.787402 7.874016 3.937008 5.905512 7.874016 3.937008 0.787402 3.723315 3.937008 0.787402 7.283464 3.937008 0.000000 6.006779 3.937008 0.000000 1.676070 0.000000 5.905512 0.000000 1.968504 5.174428 1.676070 3.937008 5.905512 7.874016 0.393701 5.905512 11.811023 0.393701 5.905512 7.874016 0.393701 1.968504 11.811023 0.393701 1.968504 11.811023 0.000000 5.905512 16.194578 0.000000 5.905512 11.811023 0.000000 0.787402 12.401574 0.000000 0.787402 12.401574 0.000000 0.000000 16.194578 0.000000 0.000000 12.992126 0.393701 8.267716 40.157478 0.393701 8.267716 12.992126 0.393701 7.480315 12.577283 0.393701 7.041184 12.307123 0.393701 6.500865 12.204723 0.393701 5.905512 16.194578 0.393701 5.905512 20.131584 0.393701 5.905512 26.037098 0.393701 5.905512 29.974104 0.393701 5.905512 37.848122 0.393701 5.905512 40.157478 0.393701 5.905512 12.204723 3.543307 5.905512 12.307123 3.543307 6.500865 12.204723 0.393701 5.905512 12.307123 0.393701 6.500865 1.676070 3.937008 5.905512 0.000000 1.968504 5.174428 3.723315 3.937008 0.787402 1.754810 1.968504 0.787402 6.006779 3.937008 0.000000 3.723315 3.937008 0.787402 4.038275 1.968504 0.000000 1.754810 1.968504 0.787402 11.811023 0.393701 1.968504 11.811023 3.543307 1.968504 7.874016 0.393701 1.968504 7.874016 3.543307 1.968504 40.157478 3.543307 8.267716 40.157478 0.393701 8.267716 18.503937 3.543307 8.267716 12.992126 3.543307 8.267716 12.992126 0.393701 8.267716 40.157478 3.543307 8.267716 18.503937 3.543307 8.267716 40.157478 3.543307 5.905512 37.848122 3.543307 5.905512 29.974104 3.543307 5.905512 26.037098 3.543307 5.905512 20.131584 3.543307 5.905512 18.503937 3.543307 5.905512 18.503937 3.543307 5.905512 16.194578 3.543307 5.905512 20.131584 3.543307 5.905512 20.131584 3.543307 1.968504 16.194578 3.543307 1.968504 12.307123 3.543307 6.500865 12.577283 3.543307 7.041184 12.307123 0.393701 6.500865 12.577283 0.393701 7.041184 12.577283 3.543307 7.041184 12.992126 3.543307 7.480315 12.577283 0.393701 7.041184 12.992126 0.393701 7.480315 12.992126 3.543307 7.480315 12.992126 3.543307 8.267716 12.992126 0.393701 7.480315 12.992126 0.393701 8.267716 20.131584 0.393701 1.968504 20.131584 3.543307 1.968504 16.194578 0.393701 1.968504 16.194578 3.543307 1.968504 16.194578 0.393701 5.905512 20.131584 0.393701 5.905512 16.194578 0.393701 1.968504 20.131584 0.393701 1.968504 16.194578 3.937008 0.000000 12.401574 3.937008 0.000000 16.194578 0.000000 0.000000 12.401574 0.000000 0.000000 12.401574 3.937008 0.000000 12.401574 3.937008 0.787402 12.401574 0.000000 0.000000 12.401574 0.000000 0.787402 12.401574 3.937008 0.787402 11.811023 3.937008 0.787402 12.401574 0.000000 0.787402 11.811023 0.000000 0.787402 40.157478 3.543307 8.267716 40.157478 3.543307 5.905512 40.157478 0.393701 8.267716 40.157478 0.393701 5.905512 26.037098 0.393701 5.905512 26.037098 0.000000 5.905512 20.131584 0.393701 5.905512 20.131584 0.000000 5.905512 26.037098 0.393701 5.905512 29.974104 0.393701 5.905512 26.037098 0.393701 1.968504 29.974104 0.393701 1.968504 37.848122 0.393701 5.905512 37.848122 0.000000 5.905512 29.974104 0.393701 5.905512 29.974104 0.000000 5.905512 40.157478 0.393701 5.905512 41.785130 0.393701 5.905512 37.848122 0.393701 5.905512 37.848122 0.393701 1.968504 41.785130 0.393701 1.968504 40.157478 3.543307 5.905512 37.848122 3.543307 5.905512 41.785130 3.543307 5.905512 41.785130 3.543307 1.968504 37.848122 3.543307 1.968504 37.848122 3.937008 5.905512 37.848122 3.543307 5.905512 29.974104 3.937008 5.905512 29.974104 3.543307 5.905512 29.974104 3.543307 5.905512 26.037098 3.543307 5.905512 29.974104 3.543307 1.968504 26.037098 3.543307 1.968504 26.037098 3.937008 5.905512 26.037098 3.543307 5.905512 20.131584 3.937008 5.905512 20.131584 3.543307 5.905512 20.131584 3.937008 5.905512 20.131584 3.543307 1.968504 20.131584 3.937008 0.000000 20.131584 0.393701 1.968504 20.131584 0.000000 0.000000 20.131584 0.393701 5.905512 20.131584 0.000000 5.905512 20.131584 3.543307 5.905512 41.785130 3.543307 5.905512 41.785130 0.393701 5.905512 40.157478 3.543307 5.905512 40.157478 0.393701 5.905512 48.084343 3.543307 5.905512 48.084343 0.393701 5.905512 48.084343 3.937008 5.905512 48.084343 0.000000 5.905512 41.785130 3.937008 5.905512 41.785130 0.000000 5.905512 48.478043 2.559055 5.905511 48.478043 1.377953 5.905511 48.478043 3.543307 5.905511 48.478043 0.393701 5.905511 50.052845 2.755905 5.905511 50.052845 1.181102 5.905511 26.037098 0.393701 1.968504 26.037098 0.000000 5.905512 26.037098 0.393701 5.905512 26.037098 3.937008 5.905512 26.037098 3.937008 0.000000 26.037098 3.543307 5.905512 26.037098 3.543307 1.968504 26.037098 0.000000 0.000000 20.131584 0.000000 5.905512 26.037098 0.000000 5.905512 20.131584 0.000000 0.000000 26.037098 0.000000 0.000000 29.974104 0.393701 1.968504 29.974104 3.543307 1.968504 26.037098 0.393701 1.968504 26.037098 3.543307 1.968504 29.974104 3.937008 5.905512 29.974104 3.543307 1.968504 29.974104 3.937008 0.000000 29.974104 0.393701 1.968504 29.974104 0.000000 0.000000 29.974104 0.393701 5.905512 29.974104 0.000000 5.905512 29.974104 3.543307 5.905512 37.848122 0.393701 1.968504 37.848122 0.000000 5.905512 37.848122 0.393701 5.905512 37.848122 3.937008 5.905512 37.848122 3.937008 0.000000 37.848122 3.543307 5.905512 37.848122 3.543307 1.968504 37.848122 0.000000 0.000000 29.974104 0.000000 5.905512 37.848122 0.000000 5.905512 29.974104 0.000000 0.000000 37.848122 0.000000 0.000000 41.785130 0.393701 1.968504 41.785130 3.543307 1.968504 37.848122 0.393701 1.968504 37.848122 3.543307 1.968504 41.785130 3.937008 5.905512 41.785130 3.543307 1.968504 41.785130 3.937008 0.000000 41.785130 0.393701 1.968504 41.785130 0.000000 5.905512 41.785130 0.000000 0.000000 41.785130 3.543307 5.905512 41.785130 0.393701 5.905512 37.848122 3.937008 5.905512 29.974104 3.937008 5.905512 37.848122 3.937008 0.000000 29.974104 3.937008 0.000000 26.037098 3.937008 5.905512 20.131584 3.937008 5.905512 26.037098 3.937008 0.000000 20.131584 3.937008 0.000000 26.037098 0.000000 0.000000 26.037098 3.937008 0.000000 20.131584 0.000000 0.000000 20.131584 3.937008 0.000000 48.084343 3.937008 5.905512 48.084343 3.937008 -0.000000 48.084343 3.543307 5.905512 48.084343 3.543307 -0.000000 41.785130 3.937008 5.905512 41.785130 3.937008 0.000000 48.084343 3.937008 5.905512 48.084343 3.937008 -0.000000 41.785130 0.000000 5.905512 48.084343 0.000000 5.905512 41.785130 0.000000 0.000000 48.084343 0.000000 -0.000000 48.084343 0.393701 5.905512 48.084343 0.393701 -0.000000 48.084343 0.000000 5.905512 48.084343 0.000000 -0.000000 48.084343 0.393701 5.905512 48.478043 0.393701 5.905511 48.084343 0.393701 -0.000000 48.478043 0.393701 -0.000000 48.478043 1.377953 5.905511 48.478043 1.377953 -0.000000 48.478043 0.393701 5.905511 48.478043 0.393701 -0.000000 48.478043 1.377953 5.905511 50.052845 1.181102 5.905511 48.478043 1.377953 -0.000000 50.052845 1.181102 -0.000000 50.052845 2.755905 5.905511 50.052845 2.755905 -0.000000 50.052845 1.181102 5.905511 50.052845 1.181102 -0.000000 50.052845 2.755905 5.905511 48.478043 2.559055 5.905511 50.052845 2.755905 -0.000000 48.478043 2.559055 -0.000000 48.478043 3.543307 5.905511 48.478043 3.543307 -0.000000 48.478043 2.559055 5.905511 48.478043 2.559055 -0.000000 48.478043 3.543307 5.905511 48.084343 3.543307 5.905512 48.478043 3.543307 -0.000000 48.084343 3.543307 -0.000000 37.848122 0.000000 0.000000 37.848122 3.937008 0.000000 29.974104 0.000000 0.000000 29.974104 3.937008 0.000000 48.084343 0.393701 -0.000000 48.084343 3.543307 -0.000000 48.084343 0.000000 -0.000000 48.084343 3.937008 -0.000000 41.785130 0.000000 0.000000 41.785130 3.937008 0.000000 48.478043 1.377953 -0.000000 48.478043 2.559055 -0.000000 48.478043 0.393701 -0.000000 48.478043 3.543307 -0.000000 48.084343 0.393701 -0.000000 48.084343 3.543307 -0.000000 50.052845 1.181102 -0.000000 50.052845 2.755905 -0.000000 "
								            />
							</IndexedFaceSet>
						</Shape>
					</Group>
				</Transform>
			</Transform>
			<Transform DEF="instance_37_001_TRANSFORM"
			           translation="5.278771 -123.410553 69.788094"
			           scale="-1.000000 -1.000000 -1.000000"
			           rotation="-1.000000 0.000000 0.000000 3.141593"
			           >
				<Transform DEF="instance_37_001_ifs_TRANSFORM"
				           translation="0.000000 -0.000002 0.000003"
				           scale="1.000000 1.000000 1.000000"
				           rotation="0.000000 1.000000 0.000000 0.000000"
				           >
					<Group DEF="group_ME_ID281_001">
					</Group>
				</Transform>
			</Transform>
			<Transform DEF="instance_38_TRANSFORM"
			           translation="-24.695333 -133.646774 44.984947"
			           scale="1.000000 1.000000 1.000000"
			           rotation="0.000000 1.000000 0.000000 0.000000"
			           >
				<Transform DEF="instance_38_ifs_TRANSFORM"
				           translation="0.000000 0.000000 0.000000"
				           scale="1.000000 1.000000 1.000000"
				           rotation="0.000000 1.000000 0.000000 0.000000"
				           >
					<Group DEF="group_ME_ID287_001">
						<Shape>
							<Appearance>
							</Appearance>
							<IndexedFaceSet solid="false"
							                coordIndex="0 1 2 -1 1 0 3 -1 4 5 6 -1 5 4 7 -1 8 9 10 -1 11 12 13 -1 12 11 14 -1 12 14 9 -1 12 9 8 -1 15 16 17 -1 16 15 18 -1 16 18 19 -1 19 18 20 -1 20 18 21 -1 21 18 22 -1 23 24 25 -1 24 23 26 -1 26 23 27 -1 27 28 29 -1 28 27 23 -1 30 31 32 -1 31 30 33 -1 34 35 36 -1 35 34 37 -1 35 37 38 -1 35 38 39 -1 40 41 42 -1 41 40 43 -1 44 45 46 -1 45 44 47 -1 48 49 50 -1 49 48 51 -1 51 52 49 -1 52 51 53 -1 53 51 54 -1 53 54 55 -1 56 57 58 -1 57 56 59 -1 60 61 62 -1 63 64 65 -1 64 63 66 -1 66 63 67 -1 67 63 68 -1 68 63 69 -1 69 63 70 -1 69 70 71 -1 69 71 72 -1 69 72 73 -1 69 73 74 -1 69 74 75 -1 74 73 76 -1 74 76 77 -1 74 77 78 -1 74 78 79 -1 75 74 61 -1 75 61 80 -1 80 61 60 -1 75 80 81 -1 75 81 82 -1 75 82 83 -1 75 83 84 -1 84 83 85 -1 84 85 86 -1 84 86 87 -1 84 87 88 -1 84 88 89 -1 89 88 90 -1 90 88 91 -1 92 93 94 -1 93 92 95 -1 96 97 98 -1 97 96 99 -1 97 99 100 -1 97 100 101 -1 97 101 102 -1 97 102 103 -1 103 102 104 -1 104 102 105 -1 105 102 106 -1 106 102 107 -1 107 102 108 -1 106 107 109 -1 109 107 110 -1 110 107 111 -1 107 108 112 -1 112 108 113 -1 113 108 114 -1 113 114 115 -1 114 108 116 -1 116 108 117 -1 117 108 118 -1 118 108 119 -1 118 119 120 -1 120 119 121 -1 121 119 122 -1 122 119 123 -1 123 119 124 -1 123 124 125 -1 123 125 126 -1 127 111 107 -1 128 129 130 -1 129 128 131 -1 132 133 134 -1 133 132 135 -1 133 135 136 -1 136 135 137 -1 138 139 140 -1 139 138 141 -1 142 143 144 -1 143 142 145 -1 145 142 146 -1 146 142 147 -1 147 142 148 -1 148 142 149 -1 150 151 152 -1 151 150 153 -1 154 57 155 -1 57 154 58 -1 156 157 158 -1 157 156 159 -1 160 161 159 -1 161 160 162 -1 157 161 163 -1 161 157 159 -1 164 165 166 -1 165 164 167 -1 167 164 168 -1 168 169 167 -1 170 171 172 -1 171 170 173 -1 174 171 175 -1 171 174 172 -1 174 176 177 -1 176 174 175 -1 178 179 180 -1 179 178 181 -1 182 183 184 -1 183 182 185 -1 186 184 183 -1 184 186 187 -1 188 187 186 -1 187 188 189 -1 190 191 192 -1 191 190 193 -1 191 193 194 -1 191 194 195 -1 191 195 196 -1 191 196 197 -1 198 199 200 -1 199 198 201 -1 202 203 204 -1 203 202 205 -1 206 207 208 -1 207 206 209 -1 210 211 212 -1 211 210 213 -1 214 215 216 -1 215 214 217 -1 218 219 220 -1 219 218 221 -1 222 223 224 -1 223 222 225 -1 226 227 228 -1 227 226 229 -1 230 231 232 -1 231 230 233 -1 234 235 236 -1 235 234 237 -1 154 238 239 -1 238 154 155 -1 240 241 242 -1 241 240 243 -1 244 245 246 -1 245 244 247 -1 140 246 245 -1 246 140 139 -1 248 249 250 -1 249 248 251 -1 252 253 254 -1 253 252 255 -1 255 252 256 -1 255 256 257 -1 258 259 260 -1 259 258 261 -1 260 262 263 -1 262 260 259 -1 264 263 262 -1 263 264 265 -1 266 267 268 -1 267 266 269 -1 270 271 272 -1 271 270 273 -1 130 273 270 -1 273 130 129 -1 274 275 276 -1 275 274 277 -1 276 278 279 -1 278 276 275 -1 280 279 278 -1 279 280 281 -1 282 283 284 -1 283 282 285 -1 286 287 288 -1 287 286 289 -1 250 289 286 -1 289 250 249 -1 290 291 292 -1 291 290 293 -1 291 293 294 -1 291 294 295 -1 291 295 296 -1 291 296 297 -1 298 299 300 -1 299 298 301 -1 301 298 302 -1 302 298 303 -1 304 299 301 -1 305 306 307 -1 306 305 308 -1 309 310 311 -1 310 309 312 -1 310 312 313 -1 313 312 314 -1 313 314 315 -1 316 317 318 -1 317 316 319 -1 319 316 320 -1 320 316 321 -1 321 316 322 -1 322 316 323 -1 324 325 326 -1 325 324 327 -1 328 329 330 -1 329 328 331 -1 329 331 332 -1 329 332 333 -1 329 333 334 -1 329 334 335 -1 336 337 338 -1 337 336 339 -1 340 341 342 -1 341 340 343 -1 344 345 346 -1 345 344 347 -1 "
							                >
								<Coordinate DEF="coords_ME_ID287_001"
								            point="2.755905 3.937008 5.905512 1.181103 4.039407 6.500865 1.181103 3.937008 5.905511 2.755905 4.039407 6.500865 2.755905 4.039407 6.500865 1.181103 4.309566 7.041184 1.181103 4.039407 6.500865 2.755905 4.309566 7.041184 1.181102 10.629921 8.267716 1.181103 4.724409 7.480315 1.181103 4.724409 8.267716 1.181103 4.039407 6.500865 1.181102 10.629921 5.905512 1.181103 3.937008 5.905511 1.181103 4.309566 7.041184 0.000000 0.000000 5.905512 0.393701 3.937008 5.905512 0.000000 3.937008 5.905512 3.937008 0.000000 5.905512 1.181103 3.937008 5.905511 2.755905 3.937008 5.905512 3.543307 3.937008 5.905512 3.937008 3.937008 5.905512 2.755905 10.629921 5.905512 2.755905 4.039407 6.500865 2.755905 3.937008 5.905512 2.755905 4.309566 7.041184 2.755905 4.724409 7.480315 2.755905 10.629921 8.267716 2.755905 4.724409 8.267716 2.755905 4.309566 7.041184 1.181103 4.724409 7.480315 1.181103 4.309566 7.041184 2.755905 4.724409 7.480315 0.000000 9.448818 5.905512 1.181102 10.629921 5.905512 0.000000 10.629921 5.905512 0.393701 9.448818 5.905511 0.393701 3.937008 5.905512 1.181103 3.937008 5.905511 2.755905 4.724409 7.480315 1.181103 4.724409 8.267716 1.181103 4.724409 7.480315 2.755905 4.724409 8.267716 1.181103 4.724409 8.267716 2.755905 10.629921 8.267716 1.181102 10.629921 8.267716 2.755905 4.724409 8.267716 0.000000 10.629921 5.905512 3.937008 10.629921 1.968504 0.000000 10.629921 1.968504 1.181102 10.629921 5.905512 3.937008 10.629921 5.905512 2.755905 10.629921 5.905512 1.181102 10.629921 8.267716 2.755905 10.629921 8.267716 0.000000 3.937008 5.905512 0.393701 4.095246 5.314961 0.000000 4.095246 5.314961 0.393701 3.937008 5.905512 0.000000 14.960629 5.905512 -0.000000 13.779528 1.968504 -0.000000 13.779528 5.905512 0.000000 3.937008 5.905512 0.000000 0.000000 3.543307 0.000000 0.000000 5.905512 0.000000 0.551181 2.125984 0.000000 1.653543 1.062992 0.000000 3.307087 0.354331 0.000000 5.511811 0.000000 0.000000 4.095246 5.314961 0.000000 4.527559 4.882647 0.000000 5.118110 4.724409 0.000000 8.267716 4.724409 0.000000 10.629921 1.968504 0.000000 18.897636 0.000000 0.000000 8.858268 4.882647 0.000000 9.290582 5.314961 0.000000 9.448818 5.905512 0.000000 10.629921 5.905512 0.000000 15.118867 5.314961 0.000000 15.551181 4.882647 0.000000 16.141733 4.724409 0.000000 19.291338 4.724409 0.000000 21.102362 0.354331 0.000000 19.881889 4.882647 0.000000 20.314203 5.314961 0.000000 20.472441 5.905512 0.000000 24.409447 5.905512 0.000000 22.755903 1.062992 0.000000 23.858267 2.125984 0.000000 24.409447 3.543307 3.937008 0.000000 5.905512 0.000000 0.000000 3.543307 3.937008 0.000000 3.543307 0.000000 0.000000 5.905512 3.937008 0.000000 3.543307 3.937008 3.937008 5.905512 3.937008 0.000000 5.905512 3.937008 0.551181 2.125984 3.937008 1.653543 1.062992 3.937008 3.307087 0.354331 3.937008 5.511811 0.000000 3.937008 4.095246 5.314961 3.937008 4.527559 4.882647 3.937008 5.118110 4.724409 3.937008 8.267716 4.724409 3.937008 10.629921 1.968504 3.937008 18.897636 0.000000 3.937008 8.858268 4.882647 3.937008 9.290582 5.314961 3.937008 9.448818 5.905512 3.937008 13.779528 1.968504 3.937008 13.779528 5.905512 3.937008 15.118867 5.314961 3.937008 14.960629 5.905512 3.937008 15.551181 4.882647 3.937008 16.141731 4.724409 3.937008 19.291338 4.724409 3.937008 21.102362 0.354331 3.937008 19.881889 4.882647 3.937008 20.314203 5.314961 3.937008 20.472441 5.905512 3.937008 24.409447 5.905512 3.937008 22.755903 1.062992 3.937008 23.858267 2.125984 3.937008 24.409449 3.543307 3.937008 10.629921 5.905512 3.543307 3.937008 5.905512 3.937008 4.095246 5.314961 3.543307 4.095246 5.314961 3.937008 3.937008 5.905512 3.543307 3.937008 5.905512 2.755905 10.629921 5.905512 2.755905 3.937008 5.905512 3.543307 9.448818 5.905512 3.937008 10.629921 5.905512 3.937008 9.448818 5.905512 0.393701 9.448818 5.905511 0.000000 9.290582 5.314961 0.393701 9.290582 5.314961 0.000000 9.448818 5.905512 0.393701 9.448818 5.905511 0.393701 4.095246 5.314961 0.393701 3.937008 5.905512 0.393701 4.527559 4.882647 0.393701 5.118110 4.724409 0.393701 8.267716 4.724409 0.393701 8.858268 4.882647 0.393701 9.290582 5.314961 0.000000 10.629921 1.968504 3.937008 13.779528 1.968504 -0.000000 13.779528 1.968504 3.937008 10.629921 1.968504 0.000000 4.527559 4.882647 0.393701 4.527559 4.882647 3.937008 13.779528 5.905512 -0.000000 13.779528 1.968504 3.937008 13.779528 1.968504 2.755905 13.779528 5.905512 2.755905 13.779528 8.267716 1.181103 13.779528 5.905512 1.181103 13.779528 8.267716 -0.000000 13.779528 5.905512 1.181103 13.779528 5.905512 0.000000 14.960629 5.905512 -0.000000 13.779528 5.905512 0.393701 14.960629 5.905512 1.181102 20.472441 5.905512 0.393701 20.472441 5.905512 0.000000 14.960629 5.905512 0.393701 15.118867 5.314961 0.000000 15.118867 5.314961 0.393701 14.960629 5.905512 0.000000 15.551181 4.882647 0.393701 15.551181 4.882647 0.393701 16.141733 4.724409 0.000000 16.141733 4.724409 0.000000 16.141733 4.724409 0.393701 19.291338 4.724409 0.000000 19.291338 4.724409 0.393701 16.141733 4.724409 0.000000 19.291338 4.724409 0.393701 19.881889 4.882647 0.000000 19.881889 4.882647 0.393701 19.291338 4.724409 0.393701 20.314203 5.314961 0.000000 20.314203 5.314961 0.393701 20.472441 5.905512 0.000000 20.472441 5.905512 0.000000 20.472441 5.905512 3.937008 24.409447 5.905512 0.000000 24.409447 5.905512 0.393701 20.472441 5.905512 1.181102 20.472441 5.905512 2.755905 20.472441 5.905512 3.543307 20.472441 5.905512 3.937008 20.472441 5.905512 0.000000 24.409447 5.905512 3.937008 24.409449 3.543307 0.000000 24.409447 3.543307 3.937008 24.409447 5.905512 0.000000 24.409447 3.543307 3.937008 23.858267 2.125984 0.000000 23.858267 2.125984 3.937008 24.409449 3.543307 3.937008 23.858267 2.125984 0.000000 22.755903 1.062992 0.000000 23.858267 2.125984 3.937008 22.755903 1.062992 3.937008 22.755903 1.062992 0.000000 21.102362 0.354331 0.000000 22.755903 1.062992 3.937008 21.102362 0.354331 3.937008 21.102362 0.354331 0.000000 18.897636 0.000000 0.000000 21.102362 0.354331 3.937008 18.897636 0.000000 3.937008 18.897636 0.000000 0.000000 5.511811 0.000000 0.000000 18.897636 0.000000 3.937008 5.511811 0.000000 3.937008 5.511811 0.000000 0.000000 3.307087 0.354331 0.000000 5.511811 0.000000 3.937008 3.307087 0.354331 3.937008 3.307087 0.354331 0.000000 1.653543 1.062992 0.000000 3.307087 0.354331 3.937008 1.653543 1.062992 3.937008 1.653543 1.062992 0.000000 0.551181 2.125984 0.000000 1.653543 1.062992 3.937008 0.551181 2.125984 3.937008 0.000000 3.543307 0.000000 0.551181 2.125984 3.937008 0.551181 2.125984 0.000000 0.000000 3.543307 0.393701 5.118110 4.724409 0.000000 5.118110 4.724409 0.000000 5.118110 4.724409 0.393701 8.267716 4.724409 0.000000 8.267716 4.724409 0.393701 5.118110 4.724409 0.000000 8.267716 4.724409 0.393701 8.858268 4.882647 0.000000 8.858268 4.882647 0.393701 8.267716 4.724409 3.543307 14.960629 5.905512 3.937008 15.118867 5.314961 3.543307 15.118867 5.314961 3.937008 14.960629 5.905512 2.755905 13.779528 5.905512 3.543307 20.472441 5.905512 2.755905 20.472441 5.905512 3.543307 14.960629 5.905512 3.937008 13.779528 5.905512 3.937008 14.960629 5.905512 3.937008 9.448818 5.905512 3.543307 9.290582 5.314961 3.937008 9.290582 5.314961 3.543307 9.448818 5.905512 3.543307 8.858268 4.882647 3.937008 8.858268 4.882647 3.543307 8.267716 4.724409 3.937008 8.267716 4.724409 3.543307 5.118110 4.724409 3.937008 8.267716 4.724409 3.543307 8.267716 4.724409 3.937008 5.118110 4.724409 3.543307 4.527559 4.882647 3.937008 5.118110 4.724409 3.543307 5.118110 4.724409 3.937008 4.527559 4.882647 3.937008 20.472441 5.905512 3.543307 20.314203 5.314961 3.937008 20.314203 5.314961 3.543307 20.472441 5.905512 3.543307 19.881889 4.882647 3.937008 19.881889 4.882647 3.543307 19.291338 4.724409 3.937008 19.291338 4.724409 3.543307 16.141733 4.724409 3.937008 19.291338 4.724409 3.543307 19.291338 4.724409 3.937008 16.141731 4.724409 3.543307 15.551181 4.882647 3.937008 16.141731 4.724409 3.543307 16.141733 4.724409 3.937008 15.551181 4.882647 3.543307 4.095246 5.314961 3.543307 9.448818 5.905512 3.543307 3.937008 5.905512 3.543307 4.527559 4.882647 3.543307 5.118110 4.724409 3.543307 8.267716 4.724409 3.543307 8.858268 4.882647 3.543307 9.290582 5.314961 2.755905 20.472441 5.905512 2.755905 13.779528 8.267716 2.755905 13.779528 5.905512 2.755905 19.685040 7.480315 2.755905 20.099882 7.041184 2.755905 20.370041 6.500865 2.755905 19.685040 8.267716 1.181103 13.779528 8.267716 2.755905 19.685040 8.267716 1.181102 19.685040 8.267716 2.755905 13.779528 8.267716 1.181102 19.685040 8.267716 1.181103 13.779528 5.905512 1.181103 13.779528 8.267716 1.181102 19.685040 7.480315 1.181102 20.472441 5.905512 1.181102 20.099882 7.041184 1.181102 20.370041 6.500865 0.393701 20.472441 5.905512 0.393701 15.118867 5.314961 0.393701 14.960629 5.905512 0.393701 15.551181 4.882647 0.393701 16.141733 4.724409 0.393701 19.291338 4.724409 0.393701 19.881889 4.882647 0.393701 20.314203 5.314961 1.181102 20.472441 5.905512 2.755905 20.370041 6.500865 2.755905 20.472441 5.905512 1.181102 20.370041 6.500865 3.543307 15.118867 5.314961 3.543307 20.472441 5.905512 3.543307 14.960629 5.905512 3.543307 15.551181 4.882647 3.543307 16.141733 4.724409 3.543307 19.291338 4.724409 3.543307 19.881889 4.882647 3.543307 20.314203 5.314961 1.181102 20.370041 6.500865 2.755905 20.099882 7.041184 2.755905 20.370041 6.500865 1.181102 20.099882 7.041184 1.181102 20.099882 7.041184 2.755905 19.685040 7.480315 2.755905 20.099882 7.041184 1.181102 19.685040 7.480315 1.181102 19.685040 7.480315 2.755905 19.685040 8.267716 2.755905 19.685040 7.480315 1.181102 19.685040 8.267716 "
								            />
							</IndexedFaceSet>
						</Shape>
					</Group>
				</Transform>
			</Transform>
			<Transform DEF="instance_39_TRANSFORM"
			           translation="-24.695333 -139.552292 53.252666"
			           scale="1.000000 1.000000 1.000000"
			           rotation="0.000000 1.000000 0.000000 0.000000"
			           >
				<Transform DEF="group_16_001_TRANSFORM"
				           translation="24.695333 139.552292 -53.252666"
				           scale="1.000000 1.000000 1.000000"
				           rotation="0.000000 1.000000 0.000000 0.000000"
				           >
					<Transform DEF="group_16_001_ifs_TRANSFORM"
					           translation="0.000000 0.000000 0.000000"
					           scale="1.000000 1.000000 1.000000"
					           rotation="0.000000 1.000000 0.000000 0.000000"
					           >
						<Group DEF="group_ME_ID296">
							<Shape>
								<Appearance>
								</Appearance>
								<IndexedFaceSet solid="false"
								                coordIndex="0 1 2 -1 1 0 3 -1 4 5 6 -1 5 4 7 -1 5 7 8 -1 5 8 9 -1 5 9 10 -1 8 7 11 -1 11 7 12 -1 12 7 13 -1 13 7 14 -1 13 14 15 -1 15 14 16 -1 16 14 17 -1 17 14 18 -1 17 18 19 -1 17 19 20 -1 21 10 22 -1 10 21 5 -1 1 23 2 -1 23 1 24 -1 25 26 27 -1 26 25 28 -1 26 28 29 -1 26 29 30 -1 26 30 31 -1 26 31 32 -1 33 3 0 -1 3 33 34 -1 35 36 37 -1 36 35 38 -1 38 35 39 -1 38 39 40 -1 41 42 43 -1 42 41 44 -1 45 46 47 -1 46 45 48 -1 49 50 51 -1 50 49 52 -1 53 54 55 -1 56 55 57 -1 55 56 58 -1 55 58 59 -1 57 55 60 -1 60 55 54 -1 57 60 61 -1 62 59 58 -1 59 62 63 -1 59 63 64 -1 63 62 65 -1 66 59 64 -1 67 68 69 -1 68 67 70 -1 71 72 73 -1 72 71 74 -1 75 76 77 -1 76 75 78 -1 79 80 81 -1 80 79 82 -1 83 84 85 -1 84 83 86 -1 87 88 89 -1 88 87 90 -1 90 87 91 -1 90 91 92 -1 91 87 93 -1 94 95 96 -1 95 94 92 -1 95 92 97 -1 97 92 91 -1 95 97 98 -1 99 100 101 -1 100 99 102 -1 103 101 104 -1 101 103 99 -1 105 104 106 -1 104 105 103 -1 107 108 109 -1 108 107 110 -1 111 112 113 -1 114 115 116 -1 115 114 117 -1 117 114 118 -1 118 114 119 -1 119 114 120 -1 120 114 121 -1 120 121 122 -1 120 122 123 -1 120 123 124 -1 120 124 125 -1 124 123 126 -1 124 126 127 -1 124 127 128 -1 124 128 129 -1 124 129 130 -1 125 124 112 -1 125 112 131 -1 131 112 132 -1 132 112 111 -1 125 131 133 -1 125 133 134 -1 125 134 135 -1 125 135 136 -1 136 135 137 -1 136 137 138 -1 136 138 139 -1 136 139 140 -1 140 139 141 -1 141 139 142 -1 143 144 145 -1 144 143 146 -1 144 146 147 -1 145 148 149 -1 148 145 144 -1 149 148 150 -1 151 152 153 -1 152 151 154 -1 155 156 157 -1 156 155 158 -1 159 160 161 -1 160 159 162 -1 163 164 165 -1 164 163 166 -1 167 168 169 -1 168 167 170 -1 171 172 173 -1 172 171 174 -1 175 176 177 -1 176 175 178 -1 179 180 181 -1 180 179 182 -1 183 184 185 -1 184 183 186 -1 187 188 189 -1 188 187 190 -1 190 187 191 -1 190 191 192 -1 190 192 193 -1 190 193 194 -1 194 193 195 -1 195 193 196 -1 196 193 197 -1 196 197 198 -1 198 197 199 -1 199 197 200 -1 200 197 201 -1 201 197 202 -1 201 202 203 -1 201 203 204 -1 204 203 205 -1 206 207 208 -1 207 206 209 -1 210 211 212 -1 211 210 213 -1 214 215 216 -1 215 214 217 -1 217 214 218 -1 218 214 219 -1 219 214 220 -1 220 214 221 -1 222 223 224 -1 223 222 225 -1 224 226 227 -1 226 224 223 -1 226 228 227 -1 228 226 229 -1 230 231 232 -1 231 230 233 -1 234 235 236 -1 235 234 237 -1 237 212 235 -1 212 237 210 -1 238 239 240 -1 239 238 241 -1 242 243 244 -1 243 242 245 -1 246 247 248 -1 247 246 249 -1 250 251 252 -1 251 250 253 -1 254 255 256 -1 255 254 257 -1 255 257 258 -1 258 257 259 -1 255 258 260 -1 261 259 262 -1 259 261 263 -1 259 263 264 -1 259 264 258 -1 264 263 265 -1 266 267 268 -1 267 266 269 -1 268 270 271 -1 270 268 267 -1 271 272 273 -1 272 271 270 -1 274 275 276 -1 275 274 277 -1 278 279 280 -1 279 278 281 -1 279 282 280 -1 282 279 283 -1 283 284 282 -1 284 283 285 -1 286 287 288 -1 287 286 289 -1 287 289 290 -1 290 289 291 -1 292 293 294 -1 293 292 295 -1 296 297 298 -1 297 296 299 -1 300 301 302 -1 301 300 303 -1 304 305 306 -1 305 304 307 -1 308 306 309 -1 306 308 304 -1 310 308 309 -1 308 310 311 -1 312 313 314 -1 313 312 315 -1 316 317 318 -1 317 316 319 -1 320 319 316 -1 319 320 321 -1 322 321 320 -1 321 322 323 -1 324 325 326 -1 325 324 327 -1 327 324 328 -1 328 324 329 -1 329 324 330 -1 330 324 331 -1 332 333 334 -1 333 332 335 -1 333 335 336 -1 333 336 337 -1 333 337 338 -1 333 338 339 -1 "
								                >
									<Coordinate DEF="coords_ME_ID296"
									            point="3.543307 21.024378 5.314961 3.937008 21.456692 4.882647 3.543307 21.456692 4.882647 3.937008 21.024378 5.314960 3.937008 20.078739 0.000000 3.937008 20.078741 3.818898 3.937008 20.078739 1.968504 3.937008 31.496063 0.000000 3.937008 21.456692 4.882647 3.937008 21.024378 5.314960 3.937008 20.866140 5.905512 3.937008 22.047243 4.724409 3.937008 31.102362 4.724409 3.937008 31.692911 4.882647 3.937008 33.385826 0.354331 3.937008 32.125229 5.314960 3.937008 32.283466 5.905512 3.937008 36.220470 5.905512 3.937008 34.803150 1.062992 3.937008 35.748028 2.125984 3.937008 36.220470 3.543307 3.937008 19.685040 3.818898 3.937008 19.685040 5.905512 3.543307 22.047245 4.724409 3.937008 22.047243 4.724409 3.543307 21.024378 5.314961 3.543307 32.283466 5.905512 3.543307 20.866140 5.905512 3.543307 21.456692 4.882647 3.543307 22.047245 4.724409 3.543307 31.102362 4.724409 3.543307 31.692911 4.882647 3.543307 32.125229 5.314961 3.543307 20.866140 5.905512 3.937008 20.866140 5.905512 3.543307 19.685040 3.525591 0.000000 19.685040 1.968504 3.543307 19.685040 1.968504 0.000000 19.685040 5.905512 3.937008 19.685040 3.818898 3.937008 19.685040 5.905512 3.937008 20.078741 3.818898 3.543307 19.685040 3.525591 3.543307 20.078739 3.525591 3.937008 19.685040 3.818898 3.937008 20.078741 3.818898 3.543307 20.078739 1.968504 3.937008 20.078739 1.968504 3.543307 20.078739 3.525591 3.937008 20.078739 1.968504 3.543307 20.078739 0.000000 3.937008 20.078739 0.000000 3.543307 20.078739 1.968504 3.543307 17.519686 0.000000 3.543307 16.535433 0.000000 1.968504 17.322834 0.000000 0.000000 4.724409 0.000000 3.937008 4.724409 0.000000 0.000000 31.496063 0.000000 1.968504 18.897636 0.000000 3.543307 16.141733 0.000000 3.937008 16.141733 0.000000 3.937008 31.496063 0.000000 3.543307 20.078739 0.000000 3.543307 19.685040 0.000000 3.937008 20.078739 0.000000 3.543307 18.700787 0.000000 0.000000 33.385826 0.354331 3.937008 31.496063 0.000000 0.000000 31.496063 0.000000 3.937008 33.385826 0.354331 0.000000 34.803150 1.062992 3.937008 33.385826 0.354331 0.000000 33.385826 0.354331 3.937008 34.803150 1.062992 0.000000 35.748028 2.125984 3.937008 34.803150 1.062992 0.000000 34.803150 1.062992 3.937008 35.748028 2.125984 0.000000 36.220470 3.543307 3.937008 35.748028 2.125984 0.000000 35.748028 2.125984 3.937008 36.220470 3.543307 0.000000 36.220470 5.905512 3.937008 36.220470 3.543307 0.000000 36.220470 3.543307 3.937008 36.220470 5.905512 3.937008 19.685040 5.905512 0.000000 20.866140 5.905512 0.000000 19.685040 5.905512 0.393701 20.866140 5.905512 3.543307 20.866140 5.905512 0.393701 32.283466 5.905512 3.937008 20.866140 5.905512 0.000000 32.283466 5.905512 3.937008 36.220470 5.905512 0.000000 36.220470 5.905512 3.543307 32.283466 5.905512 3.937008 32.283466 5.905512 3.937008 32.125229 5.314960 3.543307 32.283466 5.905512 3.543307 32.125229 5.314961 3.937008 32.283466 5.905512 3.937008 31.692911 4.882647 3.543307 31.692911 4.882647 3.937008 31.102362 4.724409 3.543307 31.102362 4.724409 3.937008 22.047243 4.724409 3.543307 31.102362 4.724409 3.543307 22.047245 4.724409 3.937008 31.102362 4.724409 0.000000 20.866140 5.905512 0.000000 19.685040 1.968504 0.000000 19.685040 5.905512 0.000000 3.937008 5.905512 0.000000 0.000000 3.543307 0.000000 0.000000 5.905512 0.000000 0.472441 2.125984 0.000000 1.417323 1.062992 0.000000 2.834646 0.354331 0.000000 4.724409 0.000000 0.000000 4.095246 5.314960 0.000000 4.527559 4.882647 0.000000 5.118110 4.724409 0.000000 16.535433 1.968504 0.000000 31.496063 0.000000 0.000000 14.173228 4.724409 0.000000 14.763780 4.882647 0.000000 15.196094 5.314960 0.000000 15.354331 5.905512 0.000000 16.535433 5.905512 0.000000 21.456692 4.882647 0.000000 21.024378 5.314960 0.000000 22.047243 4.724409 0.000000 31.102362 4.724409 0.000000 31.692911 4.882647 0.000000 33.385826 0.354331 0.000000 32.125229 5.314960 0.000000 32.283466 5.905512 0.000000 36.220470 5.905512 0.000000 34.803150 1.062992 0.000000 35.748028 2.125984 0.000000 36.220470 3.543307 0.000000 16.535433 1.968504 1.968504 17.322834 1.968504 0.000000 19.685040 1.968504 3.543307 16.535433 1.968504 3.543307 17.519686 1.968504 1.968504 18.897636 1.968504 3.543307 19.685040 1.968504 3.543307 18.700787 1.968504 3.543307 20.078739 1.968504 3.543307 19.685040 3.525591 3.543307 19.685040 1.968504 3.543307 20.078739 3.525591 3.543307 20.078739 0.000000 3.543307 19.685040 1.968504 3.543307 19.685040 0.000000 3.543307 20.078739 1.968504 3.543307 19.685040 0.000000 3.543307 18.700787 1.968504 3.543307 18.700787 0.000000 3.543307 19.685040 1.968504 3.543307 18.700787 1.968504 1.968504 18.897636 0.000000 3.543307 18.700787 0.000000 1.968504 18.897636 1.968504 1.968504 17.322834 0.000000 1.968504 18.897636 1.968504 1.968504 17.322834 1.968504 1.968504 18.897636 0.000000 1.968504 17.322834 1.968504 3.543307 17.519686 0.000000 1.968504 17.322834 0.000000 3.543307 17.519686 1.968504 3.543307 16.535433 0.000000 3.543307 17.519686 1.968504 3.543307 16.535433 1.968504 3.543307 17.519686 0.000000 3.543307 16.535433 0.000000 3.543307 16.141731 1.968504 3.543307 16.141733 0.000000 3.543307 16.535433 1.968504 3.543307 16.141731 1.968504 3.937008 16.141733 0.000000 3.543307 16.141733 0.000000 3.937008 16.141731 1.968504 3.937008 0.472441 2.125984 3.937008 0.000000 5.905512 3.937008 0.000000 3.543307 3.937008 3.937008 5.905512 3.937008 1.417323 1.062992 3.937008 2.834646 0.354331 3.937008 4.724409 0.000000 3.937008 4.095246 5.314960 3.937008 4.527559 4.882647 3.937008 5.118110 4.724409 3.937008 16.141733 0.000000 3.937008 14.173228 4.724409 3.937008 14.763780 4.882647 3.937008 15.196094 5.314960 3.937008 15.354331 5.905512 3.937008 16.141731 1.968504 3.937008 16.141733 3.818897 3.937008 16.535433 5.905512 3.937008 16.535433 3.818898 3.937008 4.724409 0.000000 0.000000 2.834646 0.354331 0.000000 4.724409 0.000000 3.937008 2.834646 0.354331 0.393701 32.125229 5.314961 0.000000 32.283466 5.905512 0.000000 32.125229 5.314960 0.393701 32.283466 5.905512 0.393701 32.283466 5.905512 0.393701 21.024378 5.314961 0.393701 20.866140 5.905512 0.393701 21.456692 4.882647 0.393701 22.047243 4.724409 0.393701 31.102362 4.724409 0.393701 31.692911 4.882647 0.393701 32.125229 5.314961 0.000000 20.866140 5.905512 0.393701 21.024378 5.314961 0.000000 21.024378 5.314960 0.393701 20.866140 5.905512 0.393701 21.456692 4.882647 0.000000 21.456692 4.882647 0.000000 22.047243 4.724409 0.393701 22.047243 4.724409 0.393701 22.047243 4.724409 0.000000 31.102362 4.724409 0.000000 22.047243 4.724409 0.393701 31.102362 4.724409 0.393701 31.102362 4.724409 0.000000 31.692911 4.882647 0.000000 31.102362 4.724409 0.393701 31.692911 4.882647 3.937008 2.834646 0.354331 0.000000 1.417323 1.062992 0.000000 2.834646 0.354331 3.937008 1.417323 1.062992 3.937008 0.472441 2.125984 0.000000 1.417323 1.062992 3.937008 1.417323 1.062992 0.000000 0.472441 2.125984 3.937008 0.000000 3.543307 0.000000 0.472441 2.125984 3.937008 0.472441 2.125984 0.000000 0.000000 3.543307 3.937008 0.000000 5.905512 0.000000 0.000000 3.543307 3.937008 0.000000 3.543307 0.000000 0.000000 5.905512 0.000000 15.354331 5.905512 3.937008 16.535433 5.905512 0.000000 16.535433 5.905512 0.393701 15.354331 5.905512 3.543307 15.354331 5.905512 0.393701 3.937008 5.905512 3.937008 15.354331 5.905512 0.000000 0.000000 5.905512 0.000000 3.937008 5.905512 3.937008 0.000000 5.905512 3.543307 3.937008 5.905512 3.937008 3.937008 5.905512 0.000000 3.937008 5.905512 0.393701 4.095246 5.314961 0.000000 4.095246 5.314960 0.393701 3.937008 5.905512 0.393701 4.527559 4.882647 0.000000 4.527559 4.882647 0.393701 5.118110 4.724409 0.000000 5.118110 4.724409 0.000000 5.118110 4.724409 0.393701 14.173228 4.724409 0.000000 14.173228 4.724409 0.393701 5.118110 4.724409 0.000000 14.173228 4.724409 0.393701 14.763780 4.882647 0.000000 14.763780 4.882647 0.393701 14.173228 4.724409 0.000000 15.196094 5.314960 0.393701 15.196094 5.314961 0.000000 15.354331 5.905512 0.393701 15.354331 5.905512 0.000000 16.535433 1.968504 3.543307 16.535433 3.525591 3.543307 16.535433 1.968504 0.000000 16.535433 5.905512 3.937008 16.535433 3.818898 3.937008 16.535433 5.905512 3.543307 16.535433 1.968504 3.543307 16.141733 3.525591 3.543307 16.141731 1.968504 3.543307 16.535433 3.525591 3.543307 16.141733 3.525591 3.937008 16.141731 1.968504 3.543307 16.141731 1.968504 3.937008 16.141733 3.818897 3.937008 16.535433 3.818898 3.543307 16.141733 3.525591 3.543307 16.535433 3.525591 3.937008 16.141733 3.818897 3.937008 15.196094 5.314960 3.543307 15.354331 5.905512 3.543307 15.196094 5.314961 3.937008 15.354331 5.905512 3.937008 14.763780 4.882647 3.543307 14.763780 4.882647 3.543307 14.173227 4.724409 3.937008 14.173228 4.724409 3.543307 5.118110 4.724409 3.937008 14.173228 4.724409 3.543307 14.173227 4.724409 3.937008 5.118110 4.724409 3.543307 4.527559 4.882647 3.937008 5.118110 4.724409 3.543307 5.118110 4.724409 3.937008 4.527559 4.882647 3.543307 4.095246 5.314961 3.937008 4.095246 5.314960 3.543307 3.937008 5.905512 3.937008 3.937008 5.905512 0.393701 15.354331 5.905512 0.393701 4.095246 5.314961 0.393701 3.937008 5.905512 0.393701 4.527559 4.882647 0.393701 5.118110 4.724409 0.393701 14.173228 4.724409 0.393701 14.763780 4.882647 0.393701 15.196094 5.314961 3.543307 4.095246 5.314961 3.543307 15.354331 5.905512 3.543307 3.937008 5.905512 3.543307 4.527559 4.882647 3.543307 5.118110 4.724409 3.543307 14.173227 4.724409 3.543307 14.763780 4.882647 3.543307 15.196094 5.314961 "
									            />
								</IndexedFaceSet>
							</Shape>
						</Group>
					</Transform>
				</Transform>
				<Transform DEF="group_17_001_TRANSFORM"
				           translation="25.876436 143.489304 -47.347153"
				           scale="1.000000 1.000000 1.000000"
				           rotation="0.000000 1.000000 0.000000 0.000000"
				           >
					<Transform DEF="group_17_001_ifs_TRANSFORM"
					           translation="0.000000 0.000000 0.000000"
					           scale="1.000000 1.000000 1.000000"
					           rotation="0.000000 1.000000 0.000000 0.000000"
					           >
						<Group DEF="group_ME_ID303_001">
							<Shape>
								<Appearance>
								</Appearance>
								<IndexedFaceSet solid="false"
								                coordIndex="0 1 2 -1 1 0 3 -1 4 5 6 -1 7 8 9 -1 8 7 10 -1 8 10 5 -1 8 5 4 -1 11 12 13 -1 12 11 14 -1 15 16 17 -1 16 15 18 -1 18 15 19 -1 19 20 21 -1 20 19 15 -1 22 23 24 -1 23 22 25 -1 26 27 28 -1 27 26 29 -1 30 31 32 -1 31 30 33 -1 34 35 36 -1 35 34 37 -1 38 39 40 -1 39 38 41 -1 "
								                >
									<Coordinate DEF="coords_ME_ID303_001"
									            point="1.574803 0.787402 2.362205 0.000000 0.787402 1.574803 1.574803 0.787402 1.574803 0.000000 0.787402 2.362205 0.000000 12.598425 2.362205 0.000000 0.787402 1.574803 0.000000 0.787402 2.362205 0.000000 0.102399 0.595353 0.000000 12.598425 0.000000 0.000000 0.000000 0.000000 0.000000 0.372558 1.135672 1.574803 0.787402 1.574803 0.000000 0.372558 1.135672 1.574803 0.372558 1.135672 0.000000 0.787402 1.574803 1.574803 12.598425 0.000000 1.574803 0.102399 0.595353 1.574803 0.000000 0.000000 1.574803 0.372558 1.135672 1.574803 0.787402 1.574803 1.574803 12.598425 2.362205 1.574803 0.787402 2.362205 0.000000 0.787402 2.362205 1.574803 12.598425 2.362205 0.000000 12.598425 2.362205 1.574803 0.787402 2.362205 1.574803 12.598425 0.000000 0.000000 0.000000 0.000000 0.000000 12.598425 0.000000 1.574803 0.000000 0.000000 1.574803 0.102399 0.595353 0.000000 0.000000 0.000000 1.574803 0.000000 0.000000 0.000000 0.102399 0.595353 1.574803 0.372558 1.135672 0.000000 0.102399 0.595353 1.574803 0.102399 0.595353 0.000000 0.372558 1.135672 0.000000 12.598425 0.000000 1.574803 12.598425 2.362205 1.574803 12.598425 0.000000 0.000000 12.598425 2.362205 "
									            />
								</IndexedFaceSet>
							</Shape>
						</Group>
					</Transform>
				</Transform>
				<Transform DEF="group_18_001_TRANSFORM"
				           translation="25.876436 171.835754 -47.347153"
				           scale="-1.000000 -1.000000 -1.000000"
				           rotation="-0.000000 1.000000 -0.000000 3.141593"
				           >
					<Transform DEF="group_18_001_ifs_TRANSFORM"
					           translation="0.000000 0.000000 -0.000000"
					           scale="1.000000 1.000000 1.000000"
					           rotation="0.000000 1.000000 0.000000 0.000000"
					           >
						<Group DEF="group_ME_ID310_001">
							<Shape>
								<Appearance>
								</Appearance>
								<IndexedFaceSet solid="false"
								                coordIndex="0 1 2 -1 3 2 1 -1 4 5 6 -1 5 7 6 -1 7 8 6 -1 9 6 8 -1 10 5 4 -1 11 12 13 -1 14 13 12 -1 15 16 17 -1 18 17 16 -1 16 15 19 -1 19 15 20 -1 21 20 15 -1 22 23 24 -1 25 24 23 -1 26 27 28 -1 29 28 27 -1 30 31 32 -1 33 32 31 -1 34 35 36 -1 37 36 35 -1 38 39 40 -1 41 40 39 -1 "
								                >
									<Coordinate DEF="coords_ME_ID310_001"
									            point="0.000000 0.787402 2.362205 1.574803 0.787402 2.362205 0.000000 0.787402 1.574803 1.574803 0.787402 1.574803 0.000000 12.598425 2.362205 0.000000 0.787402 1.574803 0.000000 12.598425 0.000000 0.000000 0.372558 1.135672 0.000000 0.102399 0.595353 0.000000 0.000000 0.000000 0.000000 0.787402 2.362205 0.000000 0.787402 1.574803 1.574803 0.787402 1.574803 0.000000 0.372558 1.135672 1.574803 0.372558 1.135672 1.574803 12.598425 0.000000 1.574803 0.787402 1.574803 1.574803 12.598425 2.362205 1.574803 0.787402 2.362205 1.574803 0.372558 1.135672 1.574803 0.102399 0.595353 1.574803 0.000000 0.000000 1.574803 0.787402 2.362205 0.000000 0.787402 2.362205 1.574803 12.598425 2.362205 0.000000 12.598425 2.362205 1.574803 0.000000 0.000000 1.574803 12.598425 0.000000 0.000000 0.000000 0.000000 0.000000 12.598425 0.000000 0.000000 0.102399 0.595353 1.574803 0.102399 0.595353 0.000000 0.000000 0.000000 1.574803 0.000000 0.000000 0.000000 0.372558 1.135672 1.574803 0.372558 1.135672 0.000000 0.102399 0.595353 1.574803 0.102399 0.595353 0.000000 12.598425 2.362205 0.000000 12.598425 0.000000 1.574803 12.598425 2.362205 1.574803 12.598425 0.000000 "
									            />
								</IndexedFaceSet>
							</Shape>
						</Group>
					</Transform>
				</Transform>
			</Transform>
		</Transform>
		<Transform DEF="SketchUp_001_TRANSFORM"
		           translation="0.000000 0.000000 0.000000"
		           scale="1.000000 1.000000 1.000000"
		           rotation="-1.000000 0.000000 0.000000 1.570796"
		           >
			<Transform DEF="SketchUp_001_ifs_TRANSFORM"
			           translation="0.000000 0.000000 0.000000"
			           scale="1.000000 1.000000 1.000000"
			           rotation="0.000000 1.000000 0.000000 0.000000"
			           >
				<Group DEF="group_ME_ID320_001">
				</Group>
			</Transform>
		</Transform>
		<Transform DEF="SketchUp_002_TRANSFORM"
		           translation="0.000000 0.000000 0.000000"
		           scale="1.000000 1.000000 1.000000"
		           rotation="-1.000000 0.000000 0.000000 1.570796"
		           >
			<Transform DEF="SketchUp_002_ifs_TRANSFORM"
			           translation="0.000000 0.000000 0.000000"
			           scale="1.000000 1.000000 1.000000"
			           rotation="0.000000 1.000000 0.000000 0.000000"
			           >
				<Group DEF="group_ME_ID324">
				</Group>
			</Transform>
		</Transform>
	</Scene>
</X3D>