<?xml version="1.0" encoding="UTF-8"?>
<!DOCTYPE X3D PUBLIC "ISO//Web3D//DTD X3D 3.0//EN" "http://www.web3d.org/specifications/x3d-3.0.dtd">
<X3D version="3.0" profile="Immersive" xmlns:xsd="http://www.w3.org/2001/XMLSchema-instance" xsd:noNamespaceSchemaLocation="http://www.web3d.org/specifications/x3d-3.0.xsd">
	<head>
		<meta name="filename" content="13-1 六鋪作重栱出卷頭並計心 (纒柱造).x3d" />
		<meta name="created" content="2025-12-29 13:38:44" />
		<meta name="generator" content="Blender 4.2.2 LTS" />
		<meta name="translator" content="Web3D X3D/VRML2 format v2.5.1" />
	</head>
	<Scene>
		<NavigationInfo headlight="true"
		                visibilityLimit="0.0"
		                type='"EXAMINE", "ANY"'
		                avatarSize="0.25, 1.75, 0.75"
		                />
		<Background DEF="WO_World"
		            groundColor="0.051 0.051 0.051"
		            skyColor="0.051 0.051 0.051"
		            />
		<Transform DEF="SketchUp_TRANSFORM"
		           translation="0.000000 0.000000 0.000000"
		           scale="1.000000 1.000000 1.000000"
		           rotation="-1.000000 0.000000 0.000000 1.570796"
		           >
			<Transform DEF="group_0_TRANSFORM"
			           translation="-45.809845 277.530914 127.929573"
			           scale="1.000000 1.000000 1.000000"
			           rotation="0.000000 1.000000 0.000000 0.000000"
			           >
				<Transform DEF="group_0_ifs_TRANSFORM"
				           translation="0.000000 0.000000 0.000000"
				           scale="1.000000 1.000000 1.000000"
				           rotation="0.000000 1.000000 0.000000 0.000000"
				           >
					<Group DEF="group_ME_ID3_012">
						<Shape>
							<Appearance>
								<Material DEF="MA_Color_002__002"
								          diffuseColor="0.776 0.776 0.776"
								          specularColor="0.401 0.401 0.401"
								          emissiveColor="0.000 0.000 0.000"
								          ambientIntensity="0.000"
								          shininess="0.500"
								          transparency="0.839"
								          />
							</Appearance>
							<IndexedFaceSet solid="false"
							                coordIndex="0 1 2 -1 1 0 3 -1 4 5 6 -1 7 6 5 -1 8 9 10 -1 9 8 11 -1 12 13 14 -1 15 14 13 -1 16 17 18 -1 17 16 19 -1 20 21 22 -1 23 22 21 -1 24 25 26 -1 25 24 27 -1 28 29 30 -1 31 30 29 -1 32 33 34 -1 33 32 35 -1 36 37 38 -1 39 38 37 -1 40 41 42 -1 41 40 43 -1 44 45 46 -1 47 46 45 -1 "
							                >
								<Coordinate DEF="coords_ME_ID3_012"
								            point="0.000000 12.598425 17.716536 46.982727 12.598425 5.905512 0.000000 12.598425 5.905512 46.982727 12.598425 17.716536 46.982727 12.598425 17.716536 0.000000 12.598425 17.716536 46.982727 12.598425 5.905512 0.000000 12.598425 5.905512 46.982727 0.000000 17.716536 0.000000 12.598425 17.716536 0.000000 0.000000 17.716536 46.982727 12.598425 17.716536 46.982727 12.598425 17.716536 46.982727 0.000000 17.716536 0.000000 12.598425 17.716536 0.000000 0.000000 17.716536 46.982727 12.598425 5.905512 46.982727 0.000000 17.716536 46.982727 0.000000 5.905512 46.982727 12.598425 17.716536 46.982727 12.598425 17.716536 46.982727 12.598425 5.905512 46.982727 0.000000 17.716536 46.982727 0.000000 5.905512 46.982727 12.598425 5.905512 0.000000 0.000000 5.905512 0.000000 12.598425 5.905512 46.982727 0.000000 5.905512 46.982727 0.000000 5.905512 46.982727 12.598425 5.905512 0.000000 0.000000 5.905512 0.000000 12.598425 5.905512 0.000000 12.598425 17.716536 0.000000 0.000000 5.905512 0.000000 0.000000 17.716536 0.000000 12.598425 5.905512 0.000000 12.598425 5.905512 0.000000 12.598425 17.716536 0.000000 0.000000 5.905512 0.000000 0.000000 17.716536 46.982727 0.000000 17.716536 0.000000 0.000000 5.905512 46.982727 0.000000 5.905512 0.000000 0.000000 17.716536 0.000000 0.000000 17.716536 46.982727 0.000000 17.716536 0.000000 0.000000 5.905512 46.982727 0.000000 5.905512 "
								            />
							</IndexedFaceSet>
						</Shape>
					</Group>
				</Transform>
			</Transform>
			<Transform DEF="group_1_TRANSFORM"
			           translation="-53.643501 370.805786 127.929573"
			           scale="1.000000 1.000000 1.000000"
			           rotation="0.000000 0.000000 -1.000000 0.785398"
			           >
				<Transform DEF="group_1_ifs_TRANSFORM"
				           translation="-0.000015 0.000000 0.000000"
				           scale="1.000000 1.000000 1.000000"
				           rotation="0.000000 1.000000 0.000000 0.000000"
				           >
					<Group DEF="group_ME_ID12_007">
						<Shape>
							<Appearance>
								<Material USE="MA_Color_002__002" />
							</Appearance>
							<IndexedFaceSet solid="false"
							                coordIndex="0 1 2 -1 1 0 3 -1 4 5 6 -1 7 6 5 -1 8 9 10 -1 9 8 11 -1 12 13 14 -1 15 14 13 -1 16 17 18 -1 17 16 19 -1 20 21 22 -1 23 22 21 -1 24 25 26 -1 25 24 27 -1 28 29 30 -1 31 30 29 -1 32 33 34 -1 33 32 35 -1 36 37 38 -1 39 38 37 -1 40 41 42 -1 41 40 43 -1 44 45 46 -1 47 46 45 -1 "
							                >
								<Coordinate DEF="coords_ME_ID12_007"
								            point="0.000000 12.598425 17.716536 46.982727 12.598425 5.905512 0.000000 12.598425 5.905512 46.982727 12.598425 17.716536 46.982727 12.598425 17.716536 0.000000 12.598425 17.716536 46.982727 12.598425 5.905512 0.000000 12.598425 5.905512 46.982727 0.000000 17.716536 0.000000 12.598425 17.716536 0.000000 0.000000 17.716536 46.982727 12.598425 17.716536 46.982727 12.598425 17.716536 46.982727 0.000000 17.716536 0.000000 12.598425 17.716536 0.000000 0.000000 17.716536 46.982727 12.598425 5.905512 46.982727 0.000000 17.716536 46.982727 0.000000 5.905512 46.982727 12.598425 17.716536 46.982727 12.598425 17.716536 46.982727 12.598425 5.905512 46.982727 0.000000 17.716536 46.982727 0.000000 5.905512 46.982727 12.598425 5.905512 0.000000 0.000000 5.905512 0.000000 12.598425 5.905512 46.982727 0.000000 5.905512 46.982727 0.000000 5.905512 46.982727 12.598425 5.905512 0.000000 0.000000 5.905512 0.000000 12.598425 5.905512 0.000000 12.598425 17.716536 0.000000 0.000000 5.905512 0.000000 0.000000 17.716536 0.000000 12.598425 5.905512 0.000000 12.598425 5.905512 0.000000 12.598425 17.716536 0.000000 0.000000 5.905512 0.000000 0.000000 17.716536 46.982727 0.000000 17.716536 0.000000 0.000000 5.905512 46.982727 0.000000 5.905512 0.000000 0.000000 17.716536 0.000000 0.000000 17.716536 46.982727 0.000000 17.716536 0.000000 0.000000 5.905512 46.982727 0.000000 5.905512 "
								            />
							</IndexedFaceSet>
						</Shape>
					</Group>
				</Transform>
			</Transform>
			<Transform DEF="group_2_TRANSFORM"
			           translation="-58.408268 278.145966 145.646103"
			           scale="-1.000000 -1.000000 -1.000000"
			           rotation="-0.707107 0.707107 -0.000000 3.141593"
			           >
				<Transform DEF="group_2_ifs_TRANSFORM"
				           translation="0.000004 -0.000001 0.000005"
				           scale="1.000000 1.000000 1.000000"
				           rotation="0.000000 1.000000 0.000000 0.000000"
				           >
					<Group DEF="group_ME_ID19_005">
						<Shape>
							<Appearance>
								<Material DEF="MA_material_022"
								          diffuseColor="1.000 1.000 1.000"
								          specularColor="0.401 0.401 0.401"
								          emissiveColor="0.000 0.000 0.000"
								          ambientIntensity="0.000"
								          shininess="0.500"
								          transparency="0.000"
								          />
							</Appearance>
							<IndexedFaceSet solid="false"
							                coordIndex="0 1 2 -1 3 2 1 -1 4 5 6 -1 7 6 5 -1 8 9 10 -1 11 10 9 -1 12 13 14 -1 15 14 13 -1 16 17 18 -1 19 18 17 -1 20 21 22 -1 23 22 21 -1 "
							                >
								<Coordinate DEF="coords_ME_ID19_005"
								            point="-13.185917 12.598425 0.000000 -13.185917 12.598425 5.905512 -13.185917 0.000000 0.000000 -13.185917 0.000000 5.905512 116.978668 12.598425 5.905512 116.978661 0.000000 5.905512 -13.185917 12.598425 5.905512 -13.185917 0.000000 5.905512 116.978668 12.598425 5.905512 -13.185917 12.598425 5.905512 116.978668 12.598425 0.000000 -13.185917 12.598425 0.000000 116.978661 0.000000 0.000000 116.978668 12.598425 0.000000 -13.185917 0.000000 0.000000 -13.185917 12.598425 0.000000 -13.185917 0.000000 5.905512 116.978661 0.000000 5.905512 -13.185917 0.000000 0.000000 116.978661 0.000000 0.000000 116.978668 12.598425 5.905512 116.978668 12.598425 0.000000 116.978661 0.000000 5.905512 116.978661 0.000000 0.000000 "
								            />
							</IndexedFaceSet>
						</Shape>
					</Group>
				</Transform>
			</Transform>
			<Transform DEF="group_3_TRANSFORM"
			           translation="50.480724 370.078156 27.450167"
			           scale="1.000000 1.000000 1.000000"
			           rotation="0.000000 0.000000 1.000000 1.570796"
			           >
				<Transform DEF="group_3_ifs_TRANSFORM"
				           translation="0.000004 0.000001 0.000000"
				           scale="1.000000 1.000000 1.000000"
				           rotation="0.000000 1.000000 0.000000 0.000000"
				           >
					<Group DEF="group_ME_ID28_010">
						<Shape>
							<Appearance>
								<Material USE="MA_material_022" />
							</Appearance>
							<IndexedFaceSet solid="false"
							                coordIndex="0 1 2 -1 1 0 3 -1 3 4 1 -1 4 3 5 -1 2 6 7 -1 6 2 1 -1 8 2 9 -1 2 8 0 -1 10 0 11 -1 0 10 3 -1 4 12 13 -1 12 4 5 -1 1 14 6 -1 14 1 4 -1 15 3 10 -1 3 15 5 -1 16 17 18 -1 17 16 19 -1 17 19 20 -1 20 19 21 -1 20 21 22 -1 22 21 23 -1 22 23 24 -1 24 23 25 -1 24 25 26 -1 26 25 27 -1 26 27 28 -1 28 27 29 -1 28 29 30 -1 30 29 31 -1 9 7 32 -1 7 9 2 -1 33 9 34 -1 9 33 8 -1 0 35 11 -1 35 0 8 -1 36 37 38 -1 37 36 39 -1 13 40 41 -1 40 13 12 -1 14 13 42 -1 13 14 4 -1 43 5 15 -1 5 43 12 -1 44 39 36 -1 39 44 45 -1 42 41 46 -1 41 42 13 -1 46 47 48 -1 47 46 41 -1 48 49 50 -1 49 48 47 -1 51 49 52 -1 49 51 50 -1 53 52 54 -1 52 53 51 -1 55 54 56 -1 54 55 53 -1 57 56 58 -1 56 57 55 -1 59 57 58 -1 57 59 60 -1 61 60 59 -1 60 61 62 -1 63 62 61 -1 62 63 64 -1 34 64 63 -1 64 34 65 -1 9 65 34 -1 65 9 32 -1 33 63 66 -1 63 33 34 -1 8 67 35 -1 67 8 33 -1 37 68 38 -1 68 37 69 -1 70 71 72 -1 71 70 73 -1 41 74 47 -1 74 41 40 -1 43 40 12 -1 40 43 75 -1 76 45 44 -1 45 76 77 -1 78 73 70 -1 73 78 79 -1 47 80 49 -1 80 47 74 -1 52 80 81 -1 80 52 49 -1 54 81 82 -1 81 54 52 -1 56 82 83 -1 82 56 54 -1 58 83 84 -1 83 58 56 -1 85 58 84 -1 58 85 59 -1 86 59 85 -1 59 86 61 -1 66 61 86 -1 61 66 63 -1 33 87 67 -1 87 33 66 -1 69 88 68 -1 88 69 89 -1 71 90 72 -1 90 71 91 -1 92 93 94 -1 93 92 95 -1 74 75 96 -1 75 74 40 -1 76 97 77 -1 97 76 98 -1 99 79 78 -1 79 99 100 -1 101 95 92 -1 95 101 102 -1 80 96 103 -1 96 80 74 -1 81 103 104 -1 103 81 80 -1 82 104 105 -1 104 82 81 -1 82 106 83 -1 106 82 105 -1 83 107 84 -1 107 83 106 -1 85 107 108 -1 107 85 84 -1 86 108 109 -1 108 86 85 -1 66 109 87 -1 109 66 86 -1 89 110 88 -1 110 89 111 -1 91 112 90 -1 112 91 113 -1 93 114 94 -1 114 93 115 -1 116 117 118 -1 117 116 119 -1 117 119 120 -1 120 119 121 -1 120 121 122 -1 122 121 123 -1 122 123 124 -1 124 123 125 -1 124 125 126 -1 126 125 127 -1 126 127 128 -1 128 127 129 -1 129 127 130 -1 129 130 131 -1 132 98 133 -1 98 132 97 -1 99 134 100 -1 134 99 135 -1 136 102 101 -1 102 136 137 -1 138 133 139 -1 133 138 132 -1 140 139 141 -1 139 140 138 -1 142 141 143 -1 141 142 140 -1 142 144 145 -1 144 142 143 -1 146 144 147 -1 144 146 145 -1 148 147 149 -1 147 148 146 -1 150 149 151 -1 149 150 148 -1 111 151 110 -1 151 111 150 -1 113 152 112 -1 152 113 153 -1 115 154 114 -1 154 115 155 -1 154 156 157 -1 156 154 155 -1 156 158 157 -1 158 156 159 -1 159 160 158 -1 160 159 161 -1 161 162 160 -1 162 161 163 -1 164 162 163 -1 162 164 165 -1 166 165 164 -1 165 166 167 -1 166 168 167 -1 168 166 169 -1 169 170 168 -1 170 169 171 -1 171 172 170 -1 172 171 173 -1 173 174 172 -1 174 173 175 -1 136 175 137 -1 175 136 174 -1 176 135 177 -1 135 176 134 -1 178 177 179 -1 177 178 176 -1 180 179 181 -1 179 180 178 -1 182 181 183 -1 181 182 180 -1 182 184 185 -1 184 182 183 -1 185 186 187 -1 186 185 184 -1 188 186 189 -1 186 188 187 -1 190 189 191 -1 189 190 188 -1 153 191 152 -1 191 153 190 -1 "
							                >
								<Coordinate DEF="coords_ME_ID28_010"
								            point="12.655928 3.879505 117.329834 13.401598 6.141193 117.894165 12.197019 4.338414 117.894165 14.001192 5.892834 117.329834 13.824590 8.267716 117.894165 14.473584 8.267716 117.329834 12.632502 6.459764 118.110229 11.608378 4.927055 118.110229 10.642599 2.534242 117.329834 10.394239 3.133835 117.894165 14.305669 5.766715 116.535423 12.888966 3.646467 116.535423 14.001192 10.642599 117.329834 13.401598 10.394239 117.894165 12.992126 8.267716 118.110229 14.803149 8.267716 116.535423 3.902931 6.459764 118.110229 3.902931 10.075669 118.110229 3.543307 8.267716 118.110229 4.927054 4.927055 118.110229 4.927054 11.608378 118.110229 6.459763 3.902931 118.110229 6.459763 12.632502 118.110229 8.267716 3.543307 118.110229 8.267716 12.992126 118.110229 10.075669 3.902931 118.110229 10.075669 12.632502 118.110229 11.608378 4.927055 118.110229 11.608378 11.608378 118.110229 12.632502 6.459764 118.110229 12.632502 10.075669 118.110229 12.992126 8.267716 118.110229 10.075669 3.902931 118.110229 8.267716 2.061848 117.329834 8.267716 2.710844 117.894165 10.768719 2.229764 116.535423 14.996759 5.480455 111.548553 12.888966 3.646467 116.535423 13.417903 3.117529 111.548553 14.305669 5.766715 116.535423 12.655928 12.655928 117.329834 12.197019 12.197019 117.894165 12.632502 10.075669 118.110229 14.305669 10.768719 116.535423 15.551181 8.267716 111.548553 14.803149 8.267716 116.535423 11.608378 11.608378 118.110229 10.394239 13.401598 117.894165 10.075669 12.632502 118.110229 8.267716 13.824590 117.894165 8.267716 12.992126 118.110229 6.459763 12.632502 118.110229 6.141193 13.401598 117.894165 4.927054 11.608378 118.110229 4.338414 12.197019 117.894165 3.902931 10.075669 118.110229 3.133835 10.394239 117.894165 3.543307 8.267716 118.110229 2.710843 8.267716 117.894165 3.133835 6.141193 117.894165 3.902931 6.459764 118.110229 4.338414 4.338414 117.894165 4.927054 4.927055 118.110229 6.141193 3.133835 117.894165 6.459763 3.902931 118.110229 8.267716 3.543307 118.110229 5.892834 2.534242 117.329834 8.267716 1.732283 116.535423 11.054977 1.538673 111.548553 10.768719 2.229764 116.535423 15.602980 5.229351 98.425194 13.417903 3.117529 111.548553 13.881885 2.653549 98.425194 14.996759 5.480455 111.548553 10.642599 14.001191 117.329834 12.888966 12.888966 116.535423 14.996759 11.054977 111.548553 14.305669 10.768719 116.535423 16.207350 8.267716 98.425194 15.551181 8.267716 111.548553 8.267716 14.473584 117.329834 5.892834 14.001191 117.329834 3.879505 12.655928 117.329834 2.534242 10.642599 117.329834 2.061848 8.267716 117.329834 2.534242 5.892834 117.329834 3.879505 3.879505 117.329834 5.766715 2.229764 116.535423 8.267716 0.984252 111.548553 8.267716 1.732283 116.535423 11.306083 0.932453 98.425194 11.054977 1.538673 111.548553 15.906091 5.103798 78.740158 13.881885 2.653549 98.425194 14.113874 2.421558 78.740158 15.602980 5.229351 98.425194 10.768719 14.305669 116.535423 12.888966 12.888966 116.535423 13.417903 13.417903 111.548553 15.602980 11.306083 98.425194 14.996759 11.054977 111.548553 16.535433 8.267716 78.740158 16.207350 8.267716 98.425194 8.267716 14.803149 116.535423 5.766715 14.305669 116.535423 3.646467 12.888966 116.535423 2.229764 10.768719 116.535423 1.732283 8.267716 116.535423 2.229764 5.766715 116.535423 3.646467 3.646467 116.535423 5.480455 1.538673 111.548553 5.766715 2.229764 116.535423 8.267716 0.328084 98.425194 8.267716 0.984252 111.548553 11.431634 0.629342 78.740158 11.306083 0.932453 98.425194 0.629342 11.431635 78.740158 0.629342 5.103798 78.740158 0.000000 8.267716 78.740158 2.421558 14.113874 78.740158 2.421558 2.421558 78.740158 5.103798 15.906091 78.740158 5.103798 0.629342 78.740158 8.267716 16.535433 78.740158 8.267716 0.000000 78.740158 11.431634 15.906091 78.740158 11.431634 0.629342 78.740158 14.113874 14.113874 78.740158 14.113874 2.421558 78.740158 15.906091 5.103798 78.740158 15.906091 11.431634 78.740158 16.535433 8.267716 78.740158 10.768719 14.305669 116.535423 11.054977 14.996760 111.548553 13.417903 13.417903 111.548553 13.881885 13.881885 98.425194 15.906091 11.431634 78.740158 15.602980 11.306083 98.425194 8.267716 14.803149 116.535423 8.267716 15.551181 111.548553 5.766715 14.305669 116.535423 5.480455 14.996760 111.548553 3.646467 12.888966 116.535423 3.117529 13.417903 111.548553 1.538673 11.054977 111.548553 2.229764 10.768719 116.535423 1.732283 8.267716 116.535423 0.984252 8.267716 111.548553 2.229764 5.766715 116.535423 1.538673 5.480455 111.548553 3.646467 3.646467 116.535423 3.117529 3.117529 111.548553 5.229351 0.932453 98.425194 5.480455 1.538673 111.548553 8.267716 0.000000 78.740158 8.267716 0.328084 98.425194 5.229351 0.932453 98.425194 5.103798 0.629342 78.740158 2.421558 2.421558 78.740158 2.653549 2.653549 98.425194 0.629342 5.103798 78.740158 0.932453 5.229351 98.425194 0.000000 8.267716 78.740158 0.328084 8.267716 98.425194 0.932453 11.306083 98.425194 0.629342 11.431635 78.740158 2.653549 13.881885 98.425194 2.421558 14.113874 78.740158 5.103798 15.906091 78.740158 5.229351 15.602980 98.425194 8.267716 16.535433 78.740158 8.267716 16.207348 98.425194 11.431634 15.906091 78.740158 11.306083 15.602980 98.425194 14.113874 14.113874 78.740158 13.881885 13.881885 98.425194 11.054977 14.996760 111.548553 11.306083 15.602980 98.425194 8.267716 15.551181 111.548553 8.267716 16.207348 98.425194 5.480455 14.996760 111.548553 5.229351 15.602980 98.425194 3.117529 13.417903 111.548553 2.653549 13.881885 98.425194 0.932453 11.306083 98.425194 1.538673 11.054977 111.548553 0.328084 8.267716 98.425194 0.984252 8.267716 111.548553 1.538673 5.480455 111.548553 0.932453 5.229351 98.425194 3.117529 3.117529 111.548553 2.653549 2.653549 98.425194 "
								            />
							</IndexedFaceSet>
						</Shape>
					</Group>
				</Transform>
			</Transform>
			<Transform DEF="group_4_TRANSFORM"
			           translation="-44.007458 292.125427 27.533070"
			           scale="1.000000 1.000000 1.000000"
			           rotation="-0.000000 -0.000000 -1.000000 3.141593"
			           >
				<Transform DEF="group_4_ifs_TRANSFORM"
				           translation="0.000001 -0.000004 0.000000"
				           scale="1.000000 1.000000 1.000000"
				           rotation="0.000000 1.000000 0.000000 0.000000"
				           >
					<Group DEF="group_ME_ID35_006">
						<Shape>
							<Appearance>
								<Material USE="MA_material_022" />
							</Appearance>
							<IndexedFaceSet solid="false"
							                coordIndex="0 1 2 -1 1 0 3 -1 3 4 1 -1 4 3 5 -1 2 6 7 -1 6 2 1 -1 8 2 9 -1 2 8 0 -1 10 0 11 -1 0 10 3 -1 4 12 13 -1 12 4 5 -1 1 14 6 -1 14 1 4 -1 15 3 10 -1 3 15 5 -1 16 17 18 -1 17 16 19 -1 19 16 20 -1 19 20 21 -1 19 21 22 -1 22 21 23 -1 22 23 24 -1 24 23 25 -1 25 23 26 -1 25 26 27 -1 25 27 28 -1 28 27 29 -1 29 27 30 -1 29 30 31 -1 9 7 32 -1 7 9 2 -1 33 9 34 -1 9 33 8 -1 0 35 11 -1 35 0 8 -1 36 37 38 -1 37 36 39 -1 13 40 41 -1 40 13 12 -1 14 13 42 -1 13 14 4 -1 43 5 15 -1 5 43 12 -1 44 39 36 -1 39 44 45 -1 42 41 46 -1 41 42 13 -1 46 47 48 -1 47 46 41 -1 48 49 50 -1 49 48 47 -1 51 49 52 -1 49 51 50 -1 53 52 54 -1 52 53 51 -1 55 54 56 -1 54 55 53 -1 57 56 58 -1 56 57 55 -1 59 57 58 -1 57 59 60 -1 61 60 59 -1 60 61 62 -1 63 62 61 -1 62 63 64 -1 34 64 63 -1 64 34 65 -1 9 65 34 -1 65 9 32 -1 33 63 66 -1 63 33 34 -1 8 67 35 -1 67 8 33 -1 37 68 38 -1 68 37 69 -1 70 71 72 -1 71 70 73 -1 41 74 47 -1 74 41 40 -1 43 40 12 -1 40 43 75 -1 76 45 44 -1 45 76 77 -1 78 73 70 -1 73 78 79 -1 47 80 49 -1 80 47 74 -1 52 80 81 -1 80 52 49 -1 54 81 82 -1 81 54 52 -1 56 82 83 -1 82 56 54 -1 58 83 84 -1 83 58 56 -1 85 58 84 -1 58 85 59 -1 86 59 85 -1 59 86 61 -1 66 61 86 -1 61 66 63 -1 33 87 67 -1 87 33 66 -1 69 88 68 -1 88 69 89 -1 71 90 72 -1 90 71 91 -1 92 93 94 -1 93 92 95 -1 74 75 96 -1 75 74 40 -1 76 97 77 -1 97 76 98 -1 99 79 78 -1 79 99 100 -1 101 95 92 -1 95 101 102 -1 80 96 103 -1 96 80 74 -1 81 103 104 -1 103 81 80 -1 82 104 105 -1 104 82 81 -1 82 106 83 -1 106 82 105 -1 83 107 84 -1 107 83 106 -1 85 107 108 -1 107 85 84 -1 86 108 109 -1 108 86 85 -1 66 109 87 -1 109 66 86 -1 89 110 88 -1 110 89 111 -1 91 112 90 -1 112 91 113 -1 93 114 94 -1 114 93 115 -1 116 117 118 -1 117 116 119 -1 117 119 120 -1 120 119 121 -1 121 119 122 -1 121 122 123 -1 123 122 124 -1 123 124 125 -1 125 124 126 -1 125 126 127 -1 125 127 128 -1 128 127 129 -1 129 127 130 -1 129 130 131 -1 132 98 133 -1 98 132 97 -1 99 134 100 -1 134 99 135 -1 136 102 101 -1 102 136 137 -1 138 133 139 -1 133 138 132 -1 140 139 141 -1 139 140 138 -1 142 141 143 -1 141 142 140 -1 142 144 145 -1 144 142 143 -1 145 146 147 -1 146 145 144 -1 148 146 149 -1 146 148 147 -1 150 149 151 -1 149 150 148 -1 111 151 110 -1 151 111 150 -1 113 152 112 -1 152 113 153 -1 115 154 114 -1 154 115 155 -1 154 156 157 -1 156 154 155 -1 156 158 157 -1 158 156 159 -1 159 160 158 -1 160 159 161 -1 161 162 160 -1 162 161 163 -1 164 162 163 -1 162 164 165 -1 166 165 164 -1 165 166 167 -1 166 168 167 -1 168 166 169 -1 169 170 168 -1 170 169 171 -1 171 172 170 -1 172 171 173 -1 173 174 172 -1 174 173 175 -1 136 175 137 -1 175 136 174 -1 176 135 177 -1 135 176 134 -1 178 177 179 -1 177 178 176 -1 180 179 181 -1 179 180 178 -1 182 181 183 -1 181 182 180 -1 182 184 185 -1 184 182 183 -1 185 186 187 -1 186 185 184 -1 188 186 189 -1 186 188 187 -1 190 189 191 -1 189 190 188 -1 153 191 152 -1 191 153 190 -1 "
							                >
								<Coordinate DEF="coords_ME_ID35_006"
								            point="12.655928 3.879505 117.329834 13.401598 6.141193 117.894165 12.197019 4.338414 117.894165 14.001191 5.892834 117.329834 13.824590 8.267716 117.894165 14.473584 8.267716 117.329834 12.632502 6.459764 118.110229 11.608378 4.927055 118.110229 10.642599 2.534242 117.329834 10.394239 3.133835 117.894165 14.305669 5.766715 116.535423 12.888966 3.646467 116.535423 14.001191 10.642599 117.329834 13.401598 10.394239 117.894165 12.992126 8.267716 118.110229 14.803149 8.267716 116.535423 3.902931 6.459764 118.110229 3.902931 10.075669 118.110229 3.543307 8.267716 118.110229 4.927054 11.608378 118.110229 4.927054 4.927055 118.110229 6.459764 3.902931 118.110229 6.459764 12.632502 118.110229 8.267716 3.543307 118.110229 8.267716 12.992126 118.110229 10.075669 12.632502 118.110229 10.075669 3.902931 118.110229 11.608378 4.927055 118.110229 11.608378 11.608378 118.110229 12.632502 10.075669 118.110229 12.632502 6.459764 118.110229 12.992126 8.267716 118.110229 10.075669 3.902931 118.110229 8.267716 2.061848 117.329834 8.267716 2.710844 117.894165 10.768719 2.229764 116.535423 14.996760 5.480455 111.548553 12.888966 3.646467 116.535423 13.417903 3.117529 111.548553 14.305669 5.766715 116.535423 12.655928 12.655928 117.329834 12.197019 12.197019 117.894165 12.632502 10.075669 118.110229 14.305669 10.768719 116.535423 15.551181 8.267716 111.548553 14.803149 8.267716 116.535423 11.608378 11.608378 118.110229 10.394239 13.401598 117.894165 10.075669 12.632502 118.110229 8.267716 13.824590 117.894165 8.267716 12.992126 118.110229 6.459764 12.632502 118.110229 6.141193 13.401598 117.894165 4.927054 11.608378 118.110229 4.338414 12.197019 117.894165 3.902931 10.075669 118.110229 3.133835 10.394239 117.894165 3.543307 8.267716 118.110229 2.710843 8.267716 117.894165 3.133835 6.141193 117.894165 3.902931 6.459764 118.110229 4.338414 4.338414 117.894165 4.927054 4.927055 118.110229 6.141193 3.133835 117.894165 6.459764 3.902931 118.110229 8.267716 3.543307 118.110229 5.892834 2.534242 117.329834 8.267716 1.732283 116.535423 11.054977 1.538673 111.548553 10.768719 2.229764 116.535423 15.602980 5.229351 98.425194 13.417903 3.117529 111.548553 13.881885 2.653549 98.425194 14.996760 5.480455 111.548553 10.642599 14.001191 117.329834 12.888966 12.888966 116.535423 14.996760 11.054977 111.548553 14.305669 10.768719 116.535423 16.207348 8.267716 98.425194 15.551181 8.267716 111.548553 8.267716 14.473584 117.329834 5.892834 14.001191 117.329834 3.879505 12.655928 117.329834 2.534242 10.642599 117.329834 2.061848 8.267716 117.329834 2.534242 5.892834 117.329834 3.879505 3.879505 117.329834 5.766714 2.229764 116.535423 8.267716 0.984252 111.548553 8.267716 1.732283 116.535423 11.306083 0.932453 98.425194 11.054977 1.538673 111.548553 15.906091 5.103798 78.740158 13.881885 2.653549 98.425194 14.113874 2.421558 78.740158 15.602980 5.229351 98.425194 10.768719 14.305669 116.535423 12.888966 12.888966 116.535423 13.417903 13.417903 111.548553 15.602980 11.306083 98.425194 14.996760 11.054977 111.548553 16.535433 8.267716 78.740158 16.207348 8.267716 98.425194 8.267716 14.803149 116.535423 5.766715 14.305669 116.535423 3.646467 12.888966 116.535423 2.229764 10.768719 116.535423 1.732283 8.267716 116.535423 2.229764 5.766715 116.535423 3.646467 3.646467 116.535423 5.480455 1.538673 111.548553 5.766714 2.229764 116.535423 8.267716 0.328084 98.425194 8.267716 0.984252 111.548553 11.431634 0.629342 78.740158 11.306083 0.932453 98.425194 0.629342 11.431635 78.740158 0.629342 5.103798 78.740158 0.000000 8.267716 78.740158 2.421558 14.113874 78.740158 2.421558 2.421558 78.740158 5.103798 0.629342 78.740158 5.103798 15.906091 78.740158 8.267716 0.000000 78.740158 8.267716 16.535433 78.740158 11.431634 0.629342 78.740158 11.431634 15.906091 78.740158 14.113874 14.113874 78.740158 14.113874 2.421558 78.740158 15.906091 5.103798 78.740158 15.906091 11.431634 78.740158 16.535433 8.267716 78.740158 10.768719 14.305669 116.535423 11.054977 14.996760 111.548553 13.417903 13.417903 111.548553 13.881885 13.881885 98.425194 15.906091 11.431634 78.740158 15.602980 11.306083 98.425194 8.267716 14.803149 116.535423 8.267716 15.551181 111.548553 5.766715 14.305669 116.535423 5.480455 14.996760 111.548553 3.646467 12.888966 116.535423 3.117529 13.417903 111.548553 1.538673 11.054977 111.548553 2.229764 10.768719 116.535423 0.984252 8.267716 111.548553 1.732283 8.267716 116.535423 2.229764 5.766715 116.535423 1.538673 5.480455 111.548553 3.646467 3.646467 116.535423 3.117529 3.117529 111.548553 5.229351 0.932453 98.425194 5.480455 1.538673 111.548553 8.267716 0.000000 78.740158 8.267716 0.328084 98.425194 5.229351 0.932453 98.425194 5.103798 0.629342 78.740158 2.421558 2.421558 78.740158 2.653549 2.653549 98.425194 0.629342 5.103798 78.740158 0.932453 5.229351 98.425194 0.000000 8.267716 78.740158 0.328084 8.267716 98.425194 0.932453 11.306083 98.425194 0.629342 11.431635 78.740158 2.653549 13.881885 98.425194 2.421558 14.113874 78.740158 5.103798 15.906091 78.740158 5.229351 15.602980 98.425194 8.267716 16.535433 78.740158 8.267716 16.207348 98.425194 11.431634 15.906091 78.740158 11.306083 15.602980 98.425194 14.113874 14.113874 78.740158 13.881885 13.881885 98.425194 11.054977 14.996760 111.548553 11.306083 15.602980 98.425194 8.267716 15.551181 111.548553 8.267716 16.207348 98.425194 5.480455 14.996760 111.548553 5.229351 15.602980 98.425194 3.117529 13.417903 111.548553 2.653549 13.881885 98.425194 0.932453 11.306083 98.425194 1.538673 11.054977 111.548553 0.328084 8.267716 98.425194 0.984252 8.267716 111.548553 1.538673 5.480455 111.548553 0.932453 5.229351 98.425194 3.117529 3.117529 111.548553 2.653549 2.653549 98.425194 "
								            />
							</IndexedFaceSet>
						</Shape>
					</Group>
				</Transform>
			</Transform>
			<Transform DEF="group_5_TRANSFORM"
			           translation="46.212273 399.880066 133.832275"
			           scale="1.000000 1.000000 1.000000"
			           rotation="-0.000000 -0.000000 -1.000000 3.141593"
			           >
				<Transform DEF="group_6_TRANSFORM"
				           translation="94.550438 22.259335 0.002808"
				           scale="1.000000 1.000000 1.000000"
				           rotation="0.000000 1.000000 0.000000 0.000000"
				           >
					<Transform DEF="group_6_ifs_TRANSFORM"
					           translation="0.000001 -0.000004 0.000000"
					           scale="1.000000 1.000000 1.000000"
					           rotation="0.000000 1.000000 0.000000 0.000000"
					           >
						<Group DEF="group_ME_ID43_005">
							<Shape>
								<Appearance>
									<Material USE="MA_material_022" />
								</Appearance>
								<IndexedFaceSet solid="false"
								                coordIndex="0 1 2 -1 1 0 3 -1 4 5 6 -1 5 4 7 -1 7 4 8 -1 7 8 9 -1 9 8 10 -1 10 8 11 -1 10 11 12 -1 11 8 13 -1 13 8 14 -1 14 8 15 -1 15 8 16 -1 12 17 10 -1 2 18 19 -1 18 2 1 -1 20 21 22 -1 21 20 23 -1 21 23 24 -1 25 26 27 -1 26 25 28 -1 28 25 29 -1 29 25 30 -1 29 30 31 -1 30 25 32 -1 24 33 34 -1 33 24 35 -1 35 24 23 -1 35 23 36 -1 35 36 37 -1 37 36 26 -1 37 26 28 -1 38 30 32 -1 30 38 39 -1 39 38 40 -1 39 40 41 -1 41 40 42 -1 42 40 43 -1 42 43 44 -1 41 45 46 -1 45 41 42 -1 46 45 47 -1 48 3 0 -1 3 48 49 -1 50 51 52 -1 51 50 53 -1 54 55 56 -1 19 57 58 -1 57 19 54 -1 54 19 18 -1 54 59 57 -1 60 61 62 -1 61 60 63 -1 64 65 66 -1 65 64 67 -1 68 69 70 -1 69 68 71 -1 72 73 74 -1 73 72 75 -1 74 76 77 -1 76 74 73 -1 77 78 79 -1 78 77 76 -1 79 80 81 -1 80 79 82 -1 82 79 78 -1 82 83 80 -1 81 84 85 -1 86 87 88 -1 86 89 87 -1 89 86 90 -1 82 89 90 -1 58 91 92 -1 92 93 94 -1 93 92 91 -1 93 95 94 -1 95 96 97 -1 96 95 98 -1 98 95 99 -1 98 99 100 -1 97 101 102 -1 101 97 96 -1 102 103 104 -1 103 102 101 -1 104 105 106 -1 105 104 103 -1 107 108 109 -1 108 107 110 -1 111 112 113 -1 112 111 114 -1 115 116 117 -1 116 115 118 -1 119 120 121 -1 120 119 122 -1 123 122 119 -1 122 123 124 -1 125 124 123 -1 124 125 126 -1 127 128 129 -1 129 126 125 -1 126 129 88 -1 88 129 128 -1 130 131 132 -1 131 130 56 -1 131 56 55 -1 133 84 134 -1 84 133 135 -1 84 135 85 -1 136 137 138 -1 137 136 139 -1 54 56 59 -1 93 100 99 -1 100 93 130 -1 130 93 91 -1 130 91 56 -1 56 91 57 -1 56 57 59 -1 57 91 58 -1 82 90 83 -1 127 86 128 -1 86 127 134 -1 86 134 84 -1 86 84 90 -1 90 84 80 -1 90 80 83 -1 80 84 81 -1 86 88 128 -1 93 99 95 -1 140 141 142 -1 143 138 144 -1 138 143 145 -1 138 145 136 -1 136 145 146 -1 136 146 147 -1 136 147 142 -1 136 142 141 -1 136 141 148 -1 136 148 149 -1 136 149 150 -1 136 150 151 -1 130 98 100 -1 134 127 129 -1 130 132 98 -1 133 134 129 -1 "
								                >
									<Coordinate DEF="coords_ME_ID43_005"
									            point="6.692914 86.214973 -0.000000 7.283464 83.695282 11.811023 7.283464 83.695282 -0.000000 6.692914 86.214973 11.811023 0.393701 66.643463 11.811023 0.196850 79.915756 11.811023 0.000000 74.876389 11.811023 0.590551 83.695282 11.811023 7.480315 66.643463 11.811023 1.181102 86.214973 11.811023 1.968504 87.474815 11.811023 5.905512 87.474815 11.811023 5.905512 93.841782 11.811023 6.692914 86.214973 11.811023 7.283464 83.695282 11.811023 7.677166 79.915756 11.811023 7.874016 74.876389 11.811023 1.968504 93.841782 11.811023 7.677166 79.915756 11.811023 7.677166 79.915756 -0.000000 0.196850 79.915756 -0.000000 0.393701 66.643463 -0.000000 0.000000 74.876389 -0.000000 0.590551 83.695282 -0.000000 0.393701 27.198317 0.000000 5.905512 93.841782 -0.000000 1.968504 87.474815 -0.000000 1.968504 93.841782 -0.000000 1.968504 6.366971 0.000000 1.968504 0.000000 0.000000 5.905512 6.366970 0.000000 5.905512 0.000000 0.000000 5.905512 87.474815 -0.000000 0.196850 13.926026 0.000000 0.000000 18.965395 0.000000 0.590551 10.146498 0.000000 1.181102 86.214973 -0.000000 1.181102 7.626813 0.000000 6.692914 86.214973 -0.000000 6.692914 7.626813 0.000000 7.283464 83.695282 -0.000000 7.283464 10.146498 0.000000 7.480315 66.643463 -0.000000 7.677166 79.915756 -0.000000 7.874016 74.876389 -0.000000 7.480315 27.198317 0.000000 7.677166 13.926026 0.000000 7.874016 18.965395 0.000000 5.905512 87.474815 -0.000000 5.905512 87.474815 11.811023 0.393701 48.818893 11.811023 7.480315 66.643463 11.811023 0.393701 66.643463 11.811023 7.480315 48.818893 11.811023 7.874016 74.876389 11.811023 7.480315 66.643463 11.811023 7.874016 66.643463 9.842520 7.874016 74.876389 1.924956 7.874016 74.876389 -0.000000 7.874016 74.876389 9.842520 5.905512 93.841782 -0.000000 5.905512 87.474815 11.811023 5.905512 87.474815 -0.000000 5.905512 93.841782 11.811023 1.968504 93.841782 11.811023 5.905512 93.841782 -0.000000 1.968504 93.841782 -0.000000 5.905512 93.841782 11.811023 1.968504 93.841782 11.811023 1.968504 87.474815 -0.000000 1.968504 87.474815 11.811023 1.968504 93.841782 -0.000000 1.968504 87.474815 11.811023 1.181102 86.214973 -0.000000 1.181102 86.214973 11.811023 1.968504 87.474815 -0.000000 0.590551 83.695282 -0.000000 0.590551 83.695282 11.811023 0.196850 79.915756 -0.000000 0.196850 79.915756 11.811023 0.000000 74.876389 9.842520 0.000000 74.876389 11.811023 0.000000 74.876389 -0.000000 0.000000 74.876389 1.924956 0.000000 66.643463 9.842520 0.393701 66.643463 11.811023 0.000000 27.667223 1.924956 0.393701 27.198317 0.000000 0.000000 18.965395 0.000000 0.393701 66.643463 -0.000000 0.000000 66.643463 1.924956 7.874016 66.174561 1.924956 7.480315 66.643463 -0.000000 7.874016 27.198317 1.924956 7.480315 27.198317 0.000000 7.874016 18.965395 0.000000 7.677166 13.926026 11.811023 7.677166 13.926026 0.000000 7.874016 18.965395 11.811023 7.874016 18.965395 1.924956 7.874016 18.965395 9.842520 7.283464 10.146498 11.811023 7.283464 10.146498 0.000000 6.692914 7.626813 11.811023 6.692914 7.626813 0.000000 5.905512 6.366970 11.811023 5.905512 6.366970 0.000000 5.905512 6.366970 0.000000 5.905512 0.000000 11.811023 5.905512 0.000000 0.000000 5.905512 6.366970 11.811023 5.905512 0.000000 11.811023 1.968504 0.000000 0.000000 5.905512 0.000000 0.000000 1.968504 0.000000 11.811023 1.968504 6.366971 11.811023 1.968504 0.000000 0.000000 1.968504 0.000000 11.811023 1.968504 6.366971 0.000000 1.181102 7.626813 11.811023 1.968504 6.366971 0.000000 1.968504 6.366971 11.811023 1.181102 7.626813 0.000000 0.590551 10.146498 11.811023 0.590551 10.146498 0.000000 0.196850 13.926026 11.811023 0.196850 13.926026 0.000000 0.000000 18.965395 9.842520 0.000000 18.965395 1.924956 0.000000 18.965395 11.811023 7.874016 27.198317 9.842520 7.480315 48.818893 11.811023 7.480315 27.198317 11.811023 0.393701 27.198317 11.811023 0.000000 27.198317 9.842520 0.393701 48.818893 11.811023 7.480315 27.198317 11.811023 0.393701 48.818893 11.811023 0.393701 27.198317 11.811023 7.480315 48.818893 11.811023 5.905512 0.000000 11.811023 5.905512 6.366970 11.811023 1.968504 0.000000 11.811023 0.196850 13.926026 11.811023 0.000000 18.965395 11.811023 0.590551 10.146498 11.811023 1.181102 7.626813 11.811023 1.968504 6.366971 11.811023 6.692914 7.626813 11.811023 7.283464 10.146498 11.811023 7.677166 13.926026 11.811023 7.874016 18.965395 11.811023 "
									            />
								</IndexedFaceSet>
							</Shape>
						</Group>
					</Transform>
				</Transform>
			</Transform>
			<Transform DEF="group_7_TRANSFORM"
			           translation="48.069103 372.066620 145.646103"
			           scale="-1.000000 -1.000000 -1.000000"
			           rotation="-1.000000 0.000000 0.000000 3.141593"
			           >
				<Transform DEF="group_7_ifs_TRANSFORM"
				           translation="0.000000 0.000013 -0.000002"
				           scale="1.000000 1.000000 1.000000"
				           rotation="0.000000 1.000000 0.000000 0.000000"
				           >
					<Group DEF="group_ME_ID50_007">
						<Shape>
							<Appearance>
								<Material USE="MA_material_022" />
							</Appearance>
							<IndexedFaceSet solid="false"
							                coordIndex="0 1 2 -1 3 2 1 -1 4 5 6 -1 7 6 5 -1 8 9 10 -1 11 10 9 -1 12 13 14 -1 15 14 13 -1 16 17 18 -1 19 18 17 -1 20 21 22 -1 23 22 21 -1 "
							                >
								<Coordinate DEF="coords_ME_ID50_007"
								            point="-13.041543 12.598425 0.000000 -13.041543 12.598425 5.905512 -13.041543 0.000000 0.000000 -13.041543 0.000000 5.905512 116.978661 12.598425 5.905512 116.978661 0.000000 5.905512 -13.041543 12.598425 5.905512 -13.041543 0.000000 5.905512 116.978661 12.598425 5.905512 -13.041543 12.598425 5.905512 116.978661 12.598425 0.000000 -13.041543 12.598425 0.000000 116.978661 0.000000 0.000000 116.978661 12.598425 0.000000 -13.041543 0.000000 0.000000 -13.041543 12.598425 0.000000 -13.041543 0.000000 5.905512 116.978661 0.000000 5.905512 -13.041543 0.000000 0.000000 116.978661 0.000000 0.000000 116.978661 12.598425 5.905512 116.978661 12.598425 0.000000 116.978661 0.000000 5.905512 116.978661 0.000000 0.000000 "
								            />
							</IndexedFaceSet>
						</Shape>
					</Group>
				</Transform>
			</Transform>
			<Transform DEF="group_8_TRANSFORM"
			           translation="-51.487915 382.282867 133.835083"
			           scale="1.000000 1.000000 1.000000"
			           rotation="0.000000 0.000000 -1.000000 1.570796"
			           >
				<Transform DEF="group_8_ifs_TRANSFORM"
				           translation="-0.000004 -0.000002 0.000000"
				           scale="1.000000 1.000000 1.000000"
				           rotation="0.000000 1.000000 0.000000 0.000000"
				           >
					<Group DEF="group_ME_ID57_003">
						<Shape>
							<Appearance>
								<Material USE="MA_material_022" />
							</Appearance>
							<IndexedFaceSet solid="false"
							                coordIndex="0 1 2 -1 1 0 3 -1 4 5 6 -1 5 4 7 -1 7 4 8 -1 7 8 9 -1 9 8 10 -1 10 8 11 -1 10 11 12 -1 11 8 13 -1 13 8 14 -1 14 8 15 -1 15 8 16 -1 12 17 10 -1 2 18 19 -1 18 2 1 -1 20 21 22 -1 21 20 23 -1 21 23 24 -1 25 26 27 -1 26 25 28 -1 28 25 29 -1 29 25 30 -1 29 30 31 -1 30 25 32 -1 24 33 34 -1 33 24 35 -1 35 24 23 -1 35 23 36 -1 35 36 37 -1 37 36 26 -1 37 26 28 -1 38 30 32 -1 30 38 39 -1 39 38 40 -1 39 40 41 -1 41 40 42 -1 42 40 43 -1 42 43 44 -1 41 45 46 -1 45 41 42 -1 46 45 47 -1 48 3 0 -1 3 48 49 -1 50 8 4 -1 8 50 51 -1 52 53 54 -1 19 55 56 -1 55 19 52 -1 52 19 18 -1 52 57 55 -1 58 59 60 -1 59 58 61 -1 62 63 64 -1 63 62 65 -1 66 67 68 -1 67 66 69 -1 70 71 72 -1 71 70 73 -1 72 74 75 -1 74 72 71 -1 75 76 77 -1 76 75 74 -1 77 78 79 -1 78 77 80 -1 80 77 76 -1 80 81 78 -1 79 82 83 -1 84 85 86 -1 84 87 85 -1 87 84 88 -1 80 87 88 -1 56 89 90 -1 90 91 92 -1 91 90 89 -1 91 93 92 -1 93 94 95 -1 94 93 96 -1 96 93 97 -1 96 97 98 -1 95 99 100 -1 99 95 94 -1 100 101 102 -1 101 100 99 -1 102 103 104 -1 103 102 101 -1 105 106 107 -1 106 105 108 -1 109 110 111 -1 110 109 112 -1 113 114 115 -1 114 113 116 -1 117 118 119 -1 118 117 120 -1 121 120 117 -1 120 121 122 -1 123 122 121 -1 122 123 124 -1 125 126 127 -1 127 124 123 -1 124 127 86 -1 86 127 126 -1 128 129 130 -1 129 128 54 -1 129 54 53 -1 131 82 132 -1 82 131 133 -1 82 133 83 -1 134 50 135 -1 50 134 51 -1 52 54 57 -1 91 98 97 -1 98 91 128 -1 128 91 89 -1 128 89 54 -1 54 89 55 -1 54 55 57 -1 55 89 56 -1 80 88 81 -1 125 84 126 -1 84 125 132 -1 84 132 82 -1 84 82 88 -1 88 82 78 -1 88 78 81 -1 78 82 79 -1 84 86 126 -1 91 97 93 -1 136 137 138 -1 139 135 140 -1 135 139 141 -1 135 141 134 -1 134 141 142 -1 134 142 143 -1 134 143 138 -1 134 138 137 -1 134 137 144 -1 134 144 145 -1 134 145 146 -1 134 146 147 -1 128 96 98 -1 132 125 127 -1 128 130 96 -1 131 132 127 -1 "
							                >
								<Coordinate DEF="coords_ME_ID57_003"
								            point="6.692914 86.214973 0.000000 7.283464 83.695282 11.811023 7.283464 83.695282 0.000000 6.692914 86.214973 11.811023 0.393701 66.643463 11.811023 0.196850 79.915756 11.811023 0.000000 74.876389 11.811023 0.590551 83.695290 11.811023 7.480315 66.643463 11.811023 1.181102 86.214973 11.811023 1.968504 87.474815 11.811023 5.905511 87.474815 11.811023 5.905512 93.841782 11.811023 6.692914 86.214973 11.811023 7.283464 83.695282 11.811023 7.677166 79.915756 11.811023 7.874016 74.876389 11.811023 1.968504 93.841782 11.811023 7.677166 79.915756 11.811023 7.677166 79.915756 0.000000 0.196850 79.915756 0.000000 0.393701 66.643463 0.000000 0.000000 74.876389 0.000000 0.590551 83.695290 0.000000 0.393701 27.198317 0.000000 5.905512 93.841782 0.000000 1.968504 87.474815 0.000000 1.968504 93.841782 0.000000 1.968504 6.366971 0.000000 1.968504 0.000000 0.000000 5.905512 6.366970 0.000000 5.905512 0.000000 0.000000 5.905511 87.474815 0.000000 0.196850 13.926026 0.000000 0.000000 18.965395 0.000000 0.590551 10.146498 0.000000 1.181102 86.214973 0.000000 1.181102 7.626813 0.000000 6.692914 86.214973 0.000000 6.692914 7.626813 0.000000 7.283464 83.695282 0.000000 7.283464 10.146498 0.000000 7.480315 66.643463 0.000000 7.677166 79.915756 0.000000 7.874016 74.876389 0.000000 7.480315 27.198317 0.000000 7.677166 13.926026 0.000000 7.874016 18.965395 0.000000 5.905511 87.474815 0.000000 5.905511 87.474815 11.811023 0.393701 48.818893 11.811023 7.480315 48.818893 11.811023 7.874016 74.876389 11.811023 7.480315 66.643463 11.811023 7.874016 66.643463 9.842520 7.874016 74.876389 1.924956 7.874016 74.876389 0.000000 7.874016 74.876389 9.842520 5.905512 93.841782 0.000000 5.905511 87.474815 11.811023 5.905511 87.474815 0.000000 5.905512 93.841782 11.811023 1.968504 93.841782 11.811023 5.905512 93.841782 0.000000 1.968504 93.841782 0.000000 5.905512 93.841782 11.811023 1.968504 93.841782 11.811023 1.968504 87.474815 0.000000 1.968504 87.474815 11.811023 1.968504 93.841782 0.000000 1.968504 87.474815 11.811023 1.181102 86.214973 0.000000 1.181102 86.214973 11.811023 1.968504 87.474815 0.000000 0.590551 83.695290 0.000000 0.590551 83.695290 11.811023 0.196850 79.915756 0.000000 0.196850 79.915756 11.811023 0.000000 74.876389 9.842520 0.000000 74.876389 11.811023 0.000000 74.876389 0.000000 0.000000 74.876389 1.924956 0.000000 66.643463 9.842520 0.393701 66.643463 11.811023 0.000000 27.667223 1.924956 0.393701 27.198317 0.000000 0.000000 18.965395 0.000000 0.393701 66.643463 0.000000 0.000000 66.643463 1.924956 7.874016 66.174561 1.924956 7.480315 66.643463 0.000000 7.874016 27.198317 1.924956 7.480315 27.198317 0.000000 7.874016 18.965395 0.000000 7.677166 13.926026 11.811023 7.677166 13.926026 0.000000 7.874016 18.965395 11.811023 7.874016 18.965395 1.924956 7.874016 18.965395 9.842520 7.283464 10.146498 11.811023 7.283464 10.146498 0.000000 6.692914 7.626813 11.811023 6.692914 7.626813 0.000000 5.905512 6.366970 11.811023 5.905512 6.366970 0.000000 5.905512 6.366970 0.000000 5.905512 0.000000 11.811023 5.905512 0.000000 0.000000 5.905512 6.366970 11.811023 5.905512 0.000000 11.811023 1.968504 0.000000 0.000000 5.905512 0.000000 0.000000 1.968504 0.000000 11.811023 1.968504 6.366971 11.811023 1.968504 0.000000 0.000000 1.968504 0.000000 11.811023 1.968504 6.366971 0.000000 1.181102 7.626813 11.811023 1.968504 6.366971 0.000000 1.968504 6.366971 11.811023 1.181102 7.626813 0.000000 0.590551 10.146498 11.811023 0.590551 10.146498 0.000000 0.196850 13.926026 11.811023 0.196850 13.926026 0.000000 0.000000 18.965395 9.842520 0.000000 18.965395 1.924956 0.000000 18.965395 11.811023 7.874016 27.198317 9.842520 7.480315 48.818893 11.811023 7.480315 27.198317 11.811023 0.393701 27.198317 11.811023 0.000000 27.198317 9.842520 0.393701 48.818893 11.811023 7.480315 27.198317 11.811023 0.393701 27.198317 11.811023 5.905512 0.000000 11.811023 5.905512 6.366970 11.811023 1.968504 0.000000 11.811023 0.196850 13.926026 11.811023 0.000000 18.965395 11.811023 0.590551 10.146498 11.811023 1.181102 7.626813 11.811023 1.968504 6.366971 11.811023 6.692914 7.626813 11.811023 7.283464 10.146498 11.811023 7.677166 13.926026 11.811023 7.874016 18.965395 11.811023 "
								            />
							</IndexedFaceSet>
						</Shape>
					</Group>
				</Transform>
			</Transform>
			<Transform DEF="group_9_TRANSFORM"
			           translation="-44.007458 386.613586 27.533070"
			           scale="1.000000 1.000000 1.000000"
			           rotation="-0.000000 -0.000000 -1.000000 3.141593"
			           >
				<Transform DEF="group_9_ifs_TRANSFORM"
				           translation="0.000001 -0.000004 0.000000"
				           scale="1.000000 1.000000 1.000000"
				           rotation="0.000000 1.000000 0.000000 0.000000"
				           >
					<Group DEF="group_ME_ID64_003">
						<Shape>
							<Appearance>
								<Material USE="MA_material_022" />
							</Appearance>
							<IndexedFaceSet solid="false"
							                coordIndex="0 1 2 -1 1 0 3 -1 3 4 1 -1 4 3 5 -1 2 6 7 -1 6 2 1 -1 8 2 9 -1 2 8 0 -1 10 0 11 -1 0 10 3 -1 4 12 13 -1 12 4 5 -1 1 14 6 -1 14 1 4 -1 15 3 10 -1 3 15 5 -1 16 17 18 -1 17 16 19 -1 19 16 20 -1 19 20 21 -1 19 21 22 -1 22 21 23 -1 22 23 24 -1 24 23 25 -1 24 25 26 -1 26 25 27 -1 26 27 28 -1 28 27 29 -1 28 29 30 -1 30 29 31 -1 9 7 32 -1 7 9 2 -1 8 33 34 -1 33 8 9 -1 0 35 11 -1 35 0 8 -1 36 37 38 -1 37 36 39 -1 13 40 41 -1 40 13 12 -1 14 13 42 -1 13 14 4 -1 43 5 15 -1 5 43 12 -1 44 39 36 -1 39 44 45 -1 42 41 46 -1 41 42 13 -1 46 47 48 -1 47 46 41 -1 48 49 50 -1 49 48 47 -1 51 49 52 -1 49 51 50 -1 53 52 54 -1 52 53 51 -1 55 54 56 -1 54 55 53 -1 57 56 58 -1 56 57 55 -1 59 57 58 -1 57 59 60 -1 61 60 59 -1 60 61 62 -1 63 62 61 -1 62 63 64 -1 33 64 63 -1 64 33 65 -1 9 65 33 -1 65 9 32 -1 34 63 66 -1 63 34 33 -1 8 67 35 -1 67 8 34 -1 37 68 38 -1 68 37 69 -1 70 71 72 -1 71 70 73 -1 41 74 47 -1 74 41 40 -1 43 40 12 -1 40 43 75 -1 76 45 44 -1 45 76 77 -1 78 73 70 -1 73 78 79 -1 47 80 49 -1 80 47 74 -1 52 80 81 -1 80 52 49 -1 54 81 82 -1 81 54 52 -1 56 82 83 -1 82 56 54 -1 58 83 84 -1 83 58 56 -1 85 58 84 -1 58 85 59 -1 86 59 85 -1 59 86 61 -1 66 61 86 -1 61 66 63 -1 34 87 67 -1 87 34 66 -1 69 88 68 -1 88 69 89 -1 71 90 72 -1 90 71 91 -1 92 93 94 -1 93 92 95 -1 74 75 96 -1 75 74 40 -1 76 97 77 -1 97 76 98 -1 99 79 78 -1 79 99 100 -1 101 95 92 -1 95 101 102 -1 80 96 103 -1 96 80 74 -1 81 103 104 -1 103 81 80 -1 82 104 105 -1 104 82 81 -1 82 106 83 -1 106 82 105 -1 83 107 84 -1 107 83 106 -1 85 107 108 -1 107 85 84 -1 86 108 109 -1 108 86 85 -1 66 109 87 -1 109 66 86 -1 89 110 88 -1 110 89 111 -1 91 112 90 -1 112 91 113 -1 93 114 94 -1 114 93 115 -1 116 117 118 -1 117 116 119 -1 117 119 120 -1 120 119 121 -1 121 119 122 -1 121 122 123 -1 123 122 124 -1 123 124 125 -1 123 125 126 -1 126 125 127 -1 126 127 128 -1 128 127 129 -1 128 129 130 -1 130 129 131 -1 132 98 133 -1 98 132 97 -1 99 134 100 -1 134 99 135 -1 136 102 101 -1 102 136 137 -1 138 133 139 -1 133 138 132 -1 140 139 141 -1 139 140 138 -1 142 141 143 -1 141 142 140 -1 142 144 145 -1 144 142 143 -1 145 146 147 -1 146 145 144 -1 148 146 149 -1 146 148 147 -1 150 149 151 -1 149 150 148 -1 111 151 110 -1 151 111 150 -1 113 152 112 -1 152 113 153 -1 115 154 114 -1 154 115 155 -1 154 156 157 -1 156 154 155 -1 156 158 157 -1 158 156 159 -1 159 160 158 -1 160 159 161 -1 161 162 160 -1 162 161 163 -1 164 162 163 -1 162 164 165 -1 166 165 164 -1 165 166 167 -1 166 168 167 -1 168 166 169 -1 169 170 168 -1 170 169 171 -1 171 172 170 -1 172 171 173 -1 173 174 172 -1 174 173 175 -1 136 175 137 -1 175 136 174 -1 176 135 177 -1 135 176 134 -1 178 177 179 -1 177 178 176 -1 180 179 181 -1 179 180 178 -1 182 181 183 -1 181 182 180 -1 182 184 185 -1 184 182 183 -1 185 186 187 -1 186 185 184 -1 188 186 189 -1 186 188 187 -1 190 189 191 -1 189 190 188 -1 153 191 152 -1 191 153 190 -1 "
							                >
								<Coordinate DEF="coords_ME_ID64_003"
								            point="12.655928 3.879505 117.329834 13.401598 6.141193 117.894165 12.197019 4.338414 117.894165 14.001191 5.892834 117.329834 13.824590 8.267716 117.894165 14.473584 8.267716 117.329834 12.632502 6.459764 118.110229 11.608378 4.927054 118.110229 10.642599 2.534242 117.329834 10.394239 3.133835 117.894165 14.305669 5.766715 116.535423 12.888966 3.646467 116.535423 14.001191 10.642599 117.329834 13.401598 10.394239 117.894165 12.992126 8.267716 118.110229 14.803149 8.267716 116.535423 3.902931 6.459764 118.110229 3.902931 10.075669 118.110229 3.543307 8.267716 118.110229 4.927054 11.608378 118.110229 4.927054 4.927054 118.110229 6.459764 3.902931 118.110229 6.459764 12.632502 118.110229 8.267716 3.543307 118.110229 8.267716 12.992126 118.110229 10.075669 3.902931 118.110229 10.075669 12.632502 118.110229 11.608378 4.927054 118.110229 11.608378 11.608378 118.110229 12.632502 6.459764 118.110229 12.632502 10.075669 118.110229 12.992126 8.267716 118.110229 10.075669 3.902931 118.110229 8.267716 2.710843 117.894165 8.267716 2.061848 117.329834 10.768719 2.229764 116.535423 14.996760 5.480455 111.548553 12.888966 3.646467 116.535423 13.417903 3.117529 111.548553 14.305669 5.766715 116.535423 12.655928 12.655928 117.329834 12.197019 12.197019 117.894165 12.632502 10.075669 118.110229 14.305669 10.768719 116.535423 15.551181 8.267716 111.548553 14.803149 8.267716 116.535423 11.608378 11.608378 118.110229 10.394239 13.401598 117.894165 10.075669 12.632502 118.110229 8.267716 13.824590 117.894165 8.267716 12.992126 118.110229 6.459764 12.632502 118.110229 6.141193 13.401598 117.894165 4.927054 11.608378 118.110229 4.338414 12.197019 117.894165 3.902931 10.075669 118.110229 3.133835 10.394239 117.894165 3.543307 8.267716 118.110229 2.710844 8.267716 117.894165 3.133835 6.141193 117.894165 3.902931 6.459764 118.110229 4.338414 4.338414 117.894165 4.927054 4.927054 118.110229 6.141193 3.133835 117.894165 6.459764 3.902931 118.110229 8.267716 3.543307 118.110229 5.892834 2.534242 117.329834 8.267716 1.732283 116.535423 11.054977 1.538673 111.548553 10.768719 2.229764 116.535423 15.602980 5.229351 98.425194 13.417903 3.117529 111.548553 13.881885 2.653549 98.425194 14.996760 5.480455 111.548553 10.642599 14.001192 117.329834 12.888966 12.888966 116.535423 14.996760 11.054977 111.548553 14.305669 10.768719 116.535423 16.207348 8.267716 98.425194 15.551181 8.267716 111.548553 8.267716 14.473584 117.329834 5.892834 14.001192 117.329834 3.879505 12.655928 117.329834 2.534242 10.642599 117.329834 2.061848 8.267716 117.329834 2.534242 5.892834 117.329834 3.879505 3.879505 117.329834 5.766714 2.229764 116.535423 8.267716 0.984252 111.548553 8.267716 1.732283 116.535423 11.306083 0.932453 98.425194 11.054977 1.538673 111.548553 15.906091 5.103798 78.740158 13.881885 2.653549 98.425194 14.113874 2.421558 78.740158 15.602980 5.229351 98.425194 10.768719 14.305669 116.535423 12.888966 12.888966 116.535423 13.417903 13.417903 111.548553 15.602980 11.306083 98.425194 14.996760 11.054977 111.548553 16.535433 8.267716 78.740158 16.207348 8.267716 98.425194 8.267716 14.803149 116.535423 5.766715 14.305669 116.535423 3.646467 12.888966 116.535423 2.229764 10.768719 116.535423 1.732283 8.267716 116.535423 2.229764 5.766715 116.535423 3.646467 3.646467 116.535423 5.480455 1.538673 111.548553 5.766714 2.229764 116.535423 8.267716 0.328084 98.425194 8.267716 0.984252 111.548553 11.431634 0.629342 78.740158 11.306083 0.932453 98.425194 0.629342 11.431635 78.740158 0.629342 5.103798 78.740158 0.000000 8.267716 78.740158 2.421558 14.113874 78.740158 2.421558 2.421558 78.740158 5.103798 0.629342 78.740158 5.103798 15.906091 78.740158 8.267716 0.000000 78.740158 8.267716 16.535433 78.740158 11.431634 15.906091 78.740158 11.431634 0.629342 78.740158 14.113874 14.113874 78.740158 14.113874 2.421558 78.740158 15.906091 11.431635 78.740158 15.906091 5.103798 78.740158 16.535433 8.267716 78.740158 10.768719 14.305669 116.535423 11.054977 14.996759 111.548553 13.417903 13.417903 111.548553 13.881885 13.881885 98.425194 15.906091 11.431635 78.740158 15.602980 11.306083 98.425194 8.267716 14.803149 116.535423 8.267716 15.551181 111.548553 5.766715 14.305669 116.535423 5.480455 14.996759 111.548553 3.646467 12.888966 116.535423 3.117529 13.417903 111.548553 1.538673 11.054977 111.548553 2.229764 10.768719 116.535423 0.984252 8.267716 111.548553 1.732283 8.267716 116.535423 2.229764 5.766715 116.535423 1.538673 5.480455 111.548553 3.646467 3.646467 116.535423 3.117529 3.117529 111.548553 5.229351 0.932453 98.425194 5.480455 1.538673 111.548553 8.267716 0.000000 78.740158 8.267716 0.328084 98.425194 5.229351 0.932453 98.425194 5.103798 0.629342 78.740158 2.421558 2.421558 78.740158 2.653549 2.653549 98.425194 0.629342 5.103798 78.740158 0.932453 5.229351 98.425194 0.000000 8.267716 78.740158 0.328084 8.267716 98.425194 0.932453 11.306083 98.425194 0.629342 11.431635 78.740158 2.653549 13.881885 98.425194 2.421558 14.113874 78.740158 5.103798 15.906091 78.740158 5.229351 15.602980 98.425194 8.267716 16.535433 78.740158 8.267716 16.207350 98.425194 11.431634 15.906091 78.740158 11.306083 15.602980 98.425194 14.113874 14.113874 78.740158 13.881885 13.881885 98.425194 11.054977 14.996759 111.548553 11.306083 15.602980 98.425194 8.267716 15.551181 111.548553 8.267716 16.207350 98.425194 5.480455 14.996759 111.548553 5.229351 15.602980 98.425194 3.117529 13.417903 111.548553 2.653549 13.881885 98.425194 0.932453 11.306083 98.425194 1.538673 11.054977 111.548553 0.328084 8.267716 98.425194 0.984252 8.267716 111.548553 1.538673 5.480455 111.548553 0.932453 5.229351 98.425194 3.117529 3.117529 111.548553 2.653549 2.653549 98.425194 "
								            />
							</IndexedFaceSet>
						</Shape>
					</Group>
				</Transform>
			</Transform>
			<Transform DEF="group_10_TRANSFORM"
			           translation="-45.975964 277.530914 157.063431"
			           scale="0.761905 0.761905 1.000000"
			           rotation="0.000000 1.000000 0.000000 0.000000"
			           >
				<Transform DEF="group_10_ifs_TRANSFORM"
				           translation="0.000000 0.000000 -0.000015"
				           scale="1.000000 1.000000 1.000000"
				           rotation="0.000000 1.000000 0.000000 0.000000"
				           >
					<Group DEF="group_ME_ID71_004">
						<Shape>
							<Appearance>
								<Material USE="MA_material_022" />
							</Appearance>
							<IndexedFaceSet solid="false"
							                coordIndex="0 1 2 -1 1 0 3 -1 4 5 6 -1 5 4 7 -1 5 7 8 -1 8 7 9 -1 9 7 10 -1 9 10 11 -1 11 10 12 -1 11 12 13 -1 11 13 14 -1 14 13 15 -1 14 15 16 -1 16 15 17 -1 16 17 18 -1 18 17 19 -1 2 20 21 -1 20 2 1 -1 22 23 24 -1 23 22 25 -1 23 25 26 -1 26 25 27 -1 26 27 28 -1 28 27 29 -1 28 29 30 -1 30 29 31 -1 30 31 32 -1 32 31 33 -1 32 33 34 -1 34 33 35 -1 34 35 36 -1 36 35 37 -1 38 3 0 -1 3 38 39 -1 40 41 42 -1 41 40 43 -1 42 44 45 -1 44 42 41 -1 45 46 47 -1 46 45 44 -1 46 48 47 -1 48 46 49 -1 49 50 48 -1 50 49 51 -1 51 52 50 -1 52 51 53 -1 53 54 52 -1 54 53 55 -1 21 54 55 -1 54 21 20 -1 38 56 39 -1 56 38 57 -1 57 58 56 -1 58 57 59 -1 59 60 58 -1 60 59 61 -1 61 62 60 -1 62 61 63 -1 62 43 40 -1 43 62 63 -1 "
							                >
								<Coordinate DEF="coords_ME_ID71_004"
								            point="0.629342 11.431635 51.727161 0.000000 8.267716 -11.417322 0.000000 8.267716 51.727161 0.629342 11.431635 -11.417322 0.629342 11.431635 -11.417322 0.629342 5.103798 -11.417322 0.000000 8.267716 -11.417322 2.421558 14.113874 -11.417322 2.421558 2.421558 -11.417322 5.103798 0.629342 -11.417322 5.103798 15.906091 -11.417322 8.267716 0.000000 -11.417322 8.267716 16.535433 -11.417322 11.431634 15.906091 -11.417322 11.431634 0.629342 -11.417322 14.113874 14.113874 -11.417322 14.113874 2.421558 -11.417322 15.906091 11.431635 -11.417322 15.906091 5.103798 -11.417322 16.535433 8.267716 -11.417322 0.629342 5.103798 -11.417322 0.629342 5.103798 51.727161 0.629342 5.103798 51.727161 0.629342 11.431635 51.727161 0.000000 8.267716 51.727161 2.421558 2.421558 51.727161 2.421558 14.113874 51.727161 5.103798 0.629342 51.727161 5.103798 15.906091 51.727161 8.267716 0.000000 51.727161 8.267716 16.535433 51.727161 11.431634 0.629342 51.727161 11.431634 15.906091 51.727161 14.113874 2.421558 51.727161 14.113874 14.113874 51.727161 15.906091 5.103798 51.727161 15.906091 11.431635 51.727161 16.535433 8.267716 51.727161 2.421558 14.113874 51.727161 2.421558 14.113874 -11.417322 15.906091 11.431635 -11.417322 16.535433 8.267716 51.727161 16.535433 8.267716 -11.417322 15.906091 11.431635 51.727161 15.906091 5.103798 51.727161 15.906091 5.103798 -11.417322 14.113874 2.421558 51.727161 14.113874 2.421558 -11.417322 11.431634 0.629342 -11.417322 11.431634 0.629342 51.727161 8.267716 0.000000 -11.417322 8.267716 0.000000 51.727161 5.103798 0.629342 -11.417322 5.103798 0.629342 51.727161 2.421558 2.421558 -11.417322 2.421558 2.421558 51.727161 5.103798 15.906091 -11.417322 5.103798 15.906091 51.727161 8.267716 16.535433 -11.417322 8.267716 16.535433 51.727161 11.431634 15.906091 -11.417322 11.431634 15.906091 51.727161 14.113874 14.113874 -11.417322 14.113874 14.113874 51.727161 "
								            />
							</IndexedFaceSet>
						</Shape>
					</Group>
				</Transform>
			</Transform>
			<Transform DEF="group_11_TRANSFORM"
			           translation="-66.448402 376.377380 156.276031"
			           scale="1.000000 1.000000 1.000000"
			           rotation="0.000000 1.000000 0.000000 0.000000"
			           >
				<Transform DEF="group_11_ifs_TRANSFORM"
				           translation="0.000000 0.000000 0.000000"
				           scale="1.000000 1.000000 1.000000"
				           rotation="0.000000 1.000000 0.000000 0.000000"
				           >
					<Group DEF="group_ME_ID78_004">
						<Shape>
							<Appearance>
								<Material USE="MA_material_022" />
							</Appearance>
							<IndexedFaceSet solid="false"
							                coordIndex="0 1 2 -1 1 0 3 -1 4 5 6 -1 5 4 7 -1 7 4 8 -1 7 8 9 -1 9 8 10 -1 9 10 11 -1 11 10 12 -1 11 12 13 -1 13 12 14 -1 13 14 15 -1 15 14 16 -1 15 16 17 -1 17 16 18 -1 17 18 19 -1 20 21 22 -1 21 20 23 -1 24 25 26 -1 25 27 28 -1 27 25 24 -1 27 24 29 -1 27 29 30 -1 30 29 31 -1 30 31 32 -1 32 31 33 -1 32 33 34 -1 34 33 35 -1 35 33 36 -1 35 36 37 -1 37 36 38 -1 38 36 39 -1 40 41 42 -1 41 40 43 -1 43 40 44 -1 43 44 45 -1 45 44 46 -1 45 46 47 -1 47 46 48 -1 47 48 49 -1 49 48 50 -1 50 48 51 -1 50 51 52 -1 52 51 53 -1 52 53 54 -1 54 53 55 -1 34 56 57 -1 56 34 42 -1 42 34 35 -1 56 42 41 -1 57 56 58 -1 57 58 59 -1 57 59 60 -1 61 62 63 -1 62 61 64 -1 65 66 67 -1 66 65 68 -1 69 70 71 -1 70 69 72 -1 73 74 75 -1 74 73 76 -1 74 76 77 -1 77 76 78 -1 79 76 80 -1 76 79 81 -1 76 81 78 -1 81 79 82 -1 82 83 81 -1 83 82 84 -1 85 86 87 -1 86 85 88 -1 89 90 91 -1 90 89 92 -1 93 94 95 -1 94 93 96 -1 97 98 99 -1 98 97 100 -1 101 102 103 -1 102 101 104 -1 102 105 106 -1 105 102 104 -1 107 105 108 -1 105 107 106 -1 109 110 111 -1 110 109 112 -1 113 114 115 -1 114 113 116 -1 113 68 65 -1 68 113 115 -1 117 118 119 -1 118 117 120 -1 121 122 123 -1 122 121 124 -1 125 126 127 -1 126 125 128 -1 129 130 131 -1 130 129 132 -1 133 134 135 -1 134 133 136 -1 137 138 139 -1 138 137 140 -1 141 142 143 -1 142 141 144 -1 145 146 147 -1 146 145 148 -1 147 149 150 -1 149 147 146 -1 151 152 153 -1 152 151 154 -1 155 153 156 -1 153 155 151 -1 157 155 156 -1 155 157 158 -1 159 160 161 -1 160 159 162 -1 163 164 165 -1 164 163 166 -1 167 163 168 -1 163 167 166 -1 169 168 170 -1 168 169 167 -1 171 172 173 -1 172 171 174 -1 175 176 177 -1 176 175 178 -1 179 180 181 -1 180 179 182 -1 183 184 185 -1 184 183 186 -1 187 188 189 -1 188 187 190 -1 191 190 192 -1 190 191 188 -1 193 194 195 -1 194 193 196 -1 197 198 199 -1 198 197 200 -1 201 202 203 -1 202 201 204 -1 205 206 207 -1 206 205 208 -1 209 210 211 -1 210 209 212 -1 213 214 215 -1 214 213 216 -1 217 218 219 -1 218 217 220 -1 218 220 221 -1 221 220 222 -1 221 222 223 -1 223 222 224 -1 223 224 225 -1 225 224 226 -1 225 226 227 -1 227 226 228 -1 228 226 229 -1 228 229 230 -1 230 229 231 -1 231 229 232 -1 233 234 235 -1 234 233 236 -1 236 233 237 -1 236 237 238 -1 238 237 239 -1 238 239 240 -1 240 239 241 -1 240 241 242 -1 242 241 243 -1 242 243 244 -1 244 243 245 -1 244 245 246 -1 246 245 247 -1 246 247 248 -1 227 249 250 -1 249 227 228 -1 249 228 235 -1 249 235 234 -1 250 249 251 -1 250 251 252 -1 250 252 253 -1 254 255 256 -1 255 254 257 -1 258 259 260 -1 259 258 261 -1 261 258 262 -1 261 262 263 -1 263 262 264 -1 263 264 265 -1 265 264 266 -1 265 266 267 -1 267 266 268 -1 268 266 269 -1 268 269 270 -1 270 269 271 -1 270 271 272 -1 272 271 273 -1 274 275 276 -1 275 274 277 -1 277 274 278 -1 277 278 279 -1 279 278 280 -1 279 280 281 -1 281 280 282 -1 281 282 283 -1 283 282 284 -1 283 284 285 -1 285 284 286 -1 285 286 287 -1 287 286 288 -1 287 288 289 -1 290 291 292 -1 291 290 293 -1 294 295 296 -1 295 294 297 -1 297 294 298 -1 297 298 299 -1 299 298 300 -1 299 300 301 -1 301 300 302 -1 301 302 303 -1 303 302 304 -1 303 304 305 -1 305 304 306 -1 305 306 307 -1 307 306 308 -1 307 308 309 -1 310 311 312 -1 311 310 313 -1 314 315 316 -1 315 314 317 -1 318 319 320 -1 319 318 321 -1 322 323 324 -1 323 322 325 -1 320 326 327 -1 326 320 319 -1 328 326 329 -1 326 328 327 -1 330 331 332 -1 331 330 333 -1 334 335 336 -1 335 334 337 -1 334 338 339 -1 338 334 336 -1 339 340 341 -1 340 339 338 -1 342 343 344 -1 343 342 345 -1 346 347 348 -1 347 346 349 -1 350 351 352 -1 351 350 353 -1 354 355 356 -1 355 354 357 -1 358 359 360 -1 359 358 361 -1 362 363 364 -1 363 362 365 -1 365 366 363 -1 366 365 367 -1 366 368 369 -1 368 366 367 -1 370 371 372 -1 371 370 373 -1 374 375 376 -1 375 374 377 -1 375 312 376 -1 312 375 310 -1 378 379 380 -1 379 378 381 -1 382 383 384 -1 383 382 385 -1 "
							                >
								<Coordinate DEF="coords_ME_ID78_004"
								            point="29.112717 3.937008 7.041184 29.527559 3.543307 7.480315 29.112717 3.543307 7.041184 29.527557 3.937008 7.480315 29.330708 3.543307 4.882647 33.858269 3.543307 4.724409 29.921259 3.543307 4.724409 34.448818 3.543307 4.882647 28.898396 3.543307 5.314961 34.881130 3.543307 5.314961 28.740156 3.543307 5.905512 35.039371 3.543307 5.905512 28.842558 3.543307 6.500865 34.936970 3.543307 6.500865 29.112717 3.543307 7.041184 34.666813 3.543307 7.041184 29.527559 3.543307 7.480315 34.251968 3.543307 7.480315 29.527559 3.543307 8.267716 34.251968 3.543307 8.267716 28.842558 3.937008 6.500865 29.112717 3.543307 7.041184 28.842558 3.543307 6.500865 29.112717 3.937008 7.041184 3.779527 3.937008 0.354331 10.236220 3.937008 0.000000 6.299213 3.937008 0.000000 35.669289 3.937008 0.354331 33.464569 3.937008 0.000000 1.889764 3.937008 1.062992 37.322834 3.937008 1.062992 0.629921 3.937008 2.125984 38.425194 3.937008 2.125984 0.000000 3.937008 3.543307 38.976376 3.937008 3.543307 5.905512 3.937008 4.724409 0.000000 3.937008 5.905512 5.314961 3.937008 4.882647 4.882647 3.937008 5.314961 4.724409 3.937008 5.905512 11.220472 3.937008 4.882647 29.921259 3.937008 4.724409 10.629921 3.937008 4.724409 29.330708 3.937008 4.882647 11.652785 3.937008 5.314961 28.898396 3.937008 5.314961 11.811023 3.937008 5.905512 28.740156 3.937008 5.905512 11.708624 3.937008 6.500865 28.842558 3.937008 6.500865 29.112717 3.937008 7.041184 11.438465 3.937008 7.041184 29.527557 3.937008 7.480315 11.023622 3.937008 7.480315 29.527557 3.937008 8.267716 11.023622 3.937008 8.267716 33.858269 3.937008 4.724409 38.976376 3.937008 5.905512 34.448818 3.937008 4.882647 34.881130 3.937008 5.314961 35.039371 3.937008 5.905512 29.527557 3.937008 7.480315 29.527559 3.543307 8.267716 29.527559 3.543307 7.480315 29.527557 3.937008 8.267716 28.898396 3.543307 5.314961 28.740156 3.937008 5.905512 28.740156 3.543307 5.905512 28.898396 3.937008 5.314961 28.740156 3.937008 5.905512 28.842558 3.543307 6.500865 28.740156 3.543307 5.905512 28.842558 3.937008 6.500865 5.511811 0.393701 8.267716 11.023622 3.543307 8.267716 5.511811 3.543307 8.267716 11.023622 0.393701 8.267716 11.023622 3.937008 8.267716 29.527557 3.937008 8.267716 29.527559 0.000000 8.267716 11.023622 0.000000 8.267716 29.527559 3.543307 8.267716 29.527559 0.393701 8.267716 34.251968 3.543307 8.267716 34.251968 0.393701 8.267716 34.251968 0.393701 7.480315 34.251968 3.543307 8.267716 34.251968 0.393701 8.267716 34.251968 3.543307 7.480315 34.666813 0.393701 7.041184 34.251968 3.543307 7.480315 34.251968 0.393701 7.480315 34.666813 3.543307 7.041184 34.936970 0.393701 6.500865 34.666813 3.543307 7.041184 34.666813 0.393701 7.041184 34.936970 3.543307 6.500865 35.039371 0.393701 5.905512 34.936970 3.543307 6.500865 34.936970 0.393701 6.500865 35.039371 3.543307 5.905512 35.039371 3.937008 5.905512 34.881130 3.543307 5.314961 35.039371 3.543307 5.905512 34.881130 3.937008 5.314961 34.448818 3.937008 4.882647 34.448818 3.543307 4.882647 33.858269 3.543307 4.724409 33.858269 3.937008 4.724409 29.921259 3.543307 4.724409 33.858269 3.937008 4.724409 29.921259 3.937008 4.724409 33.858269 3.543307 4.724409 29.330708 3.543307 4.882647 29.921259 3.937008 4.724409 29.330708 3.937008 4.882647 29.921259 3.543307 4.724409 33.464569 3.937008 0.000000 10.236220 0.000000 0.000000 10.236220 3.937008 0.000000 33.464569 0.000000 0.000000 10.236220 3.937008 0.000000 6.299213 0.000000 0.000000 6.299213 3.937008 0.000000 10.236220 0.000000 0.000000 6.299213 3.937008 0.000000 3.779527 0.000000 0.354331 3.779527 3.937008 0.354331 6.299213 0.000000 0.000000 3.779527 3.937008 0.354331 1.889764 0.000000 1.062992 1.889764 3.937008 1.062992 3.779527 0.000000 0.354331 1.889764 3.937008 1.062992 0.629921 0.000000 2.125984 0.629921 3.937008 2.125984 1.889764 0.000000 1.062992 0.000000 0.000000 3.543307 0.629921 3.937008 2.125984 0.629921 0.000000 2.125984 0.000000 3.937008 3.543307 0.000000 3.937008 5.905512 0.000000 0.000000 3.543307 0.000000 0.000000 5.905512 0.000000 3.937008 3.543307 4.724409 0.000000 5.905512 4.724409 3.543307 5.905511 0.000000 0.000000 5.905512 4.724409 0.393701 5.905512 4.724409 3.937008 5.905512 0.000000 3.937008 5.905512 4.882647 3.937008 5.314961 4.724409 3.543307 5.905511 4.882647 3.543307 5.314961 4.724409 3.937008 5.905512 5.314961 3.937008 4.882647 5.314961 3.543307 4.882647 5.905512 3.543307 4.724409 5.905512 3.937008 4.724409 10.629921 3.543307 4.724409 5.905512 3.937008 4.724409 5.905512 3.543307 4.724409 10.629921 3.937008 4.724409 11.220472 3.543307 4.882647 10.629921 3.937008 4.724409 10.629921 3.543307 4.724409 11.220472 3.937008 4.882647 11.652785 3.937008 5.314961 11.652785 3.543307 5.314961 11.811023 3.937008 5.905512 11.811023 3.543307 5.905511 11.708624 3.543307 6.500865 11.811023 3.937008 5.905512 11.811023 3.543307 5.905511 11.708624 3.937008 6.500865 11.438465 3.937008 7.041184 11.708624 3.543307 6.500865 11.438465 3.543307 7.041184 11.708624 3.937008 6.500865 11.023622 3.937008 7.480315 11.438465 3.543307 7.041184 11.023622 3.543307 7.480315 11.438465 3.937008 7.041184 11.023622 3.543307 8.267716 11.023622 3.937008 7.480315 11.023622 3.543307 7.480315 11.023622 3.937008 8.267716 38.976376 0.000000 5.905512 35.039371 0.393701 5.905512 35.039371 0.000000 5.905512 38.976376 3.937008 5.905512 35.039371 3.543307 5.905512 35.039371 3.937008 5.905512 38.976376 3.937008 3.543307 38.976376 0.000000 5.905512 38.976376 0.000000 3.543307 38.976376 3.937008 5.905512 38.425194 3.937008 2.125984 38.976376 0.000000 3.543307 38.425198 0.000000 2.125984 38.976376 3.937008 3.543307 38.425194 3.937008 2.125984 37.322834 0.000000 1.062992 37.322834 3.937008 1.062992 38.425198 0.000000 2.125984 37.322834 3.937008 1.062992 35.669289 0.000000 0.354331 35.669289 3.937008 0.354331 37.322834 0.000000 1.062992 35.669289 3.937008 0.354331 33.464569 0.000000 0.000000 33.464569 3.937008 0.000000 35.669289 0.000000 0.354331 11.023622 0.000000 8.267716 11.023622 0.393701 7.480315 11.023622 0.000000 7.480315 11.023622 0.393701 8.267716 33.464569 0.000000 0.000000 6.299213 0.000000 0.000000 10.236220 0.000000 0.000000 35.669289 0.000000 0.354331 3.779527 0.000000 0.354331 37.322834 0.000000 1.062992 1.889764 0.000000 1.062992 38.425198 0.000000 2.125984 0.629921 0.000000 2.125984 38.976376 0.000000 3.543307 0.000000 0.000000 3.543307 33.858269 0.000000 4.724409 38.976376 0.000000 5.905512 34.448818 0.000000 4.882647 34.881130 0.000000 5.314961 35.039371 0.000000 5.905512 29.330708 0.000000 4.882647 10.629921 0.000000 4.724409 29.921259 0.000000 4.724409 11.220472 0.000000 4.882647 28.898394 0.000000 5.314961 11.652785 0.000000 5.314961 28.740156 0.000000 5.905512 11.811023 0.000000 5.905512 28.842558 0.000000 6.500865 11.708624 0.000000 6.500865 29.112717 0.000000 7.041184 11.438465 0.000000 7.041184 29.527559 0.000000 7.480315 11.023622 0.000000 7.480315 29.527559 0.000000 8.267716 11.023622 0.000000 8.267716 5.905511 0.000000 4.724409 0.000000 0.000000 5.905512 5.314961 0.000000 4.882647 4.882647 0.000000 5.314961 4.724409 0.000000 5.905512 29.527559 0.393701 7.480315 29.527559 0.000000 8.267716 29.527559 0.000000 7.480315 29.527559 0.393701 8.267716 34.448818 0.393701 4.882647 29.921259 0.393701 4.724409 33.858269 0.393701 4.724409 29.330708 0.393701 4.882647 34.881134 0.393701 5.314961 28.898396 0.393701 5.314961 35.039371 0.393701 5.905512 28.740156 0.393701 5.905512 34.936970 0.393701 6.500865 28.842558 0.393701 6.500865 29.112717 0.393701 7.041184 34.666813 0.393701 7.041184 29.527559 0.393701 7.480315 34.251968 0.393701 7.480315 29.527559 0.393701 8.267716 34.251968 0.393701 8.267716 5.314961 3.543307 4.882647 10.629921 3.543307 4.724409 5.905512 3.543307 4.724409 11.220472 3.543307 4.882647 4.882647 3.543307 5.314961 11.652785 3.543307 5.314961 4.724409 3.543307 5.905511 11.811023 3.543307 5.905511 4.826808 3.543307 6.500865 11.708624 3.543307 6.500865 5.096968 3.543307 7.041184 11.438465 3.543307 7.041184 5.511811 3.543307 7.480315 11.023622 3.543307 7.480315 5.511811 3.543307 8.267716 11.023622 3.543307 8.267716 5.511811 0.393701 8.267716 5.511811 3.543307 7.480315 5.511811 0.393701 7.480315 5.511811 3.543307 8.267716 11.220472 0.393701 4.882647 5.905512 0.393701 4.724409 10.629921 0.393701 4.724409 5.314961 0.393701 4.882647 11.652785 0.393701 5.314961 4.882647 0.393701 5.314961 11.811023 0.393701 5.905512 4.724409 0.393701 5.905512 11.708624 0.393701 6.500865 4.826808 0.393701 6.500865 11.438465 0.393701 7.041184 5.096968 0.393701 7.041184 11.023622 0.393701 7.480315 5.511811 0.393701 7.480315 11.023622 0.393701 8.267716 5.511811 0.393701 8.267716 4.882647 0.393701 5.314961 4.724409 0.000000 5.905512 4.882647 0.000000 5.314961 4.724409 0.393701 5.905512 4.826808 0.393701 6.500865 4.724409 3.543307 5.905511 4.724409 0.393701 5.905512 4.826808 3.543307 6.500865 35.039371 0.000000 5.905512 34.881134 0.393701 5.314961 34.881130 0.000000 5.314961 35.039371 0.393701 5.905512 11.023622 0.393701 7.480315 11.438465 0.000000 7.041184 11.023622 0.000000 7.480315 11.438465 0.393701 7.041184 34.448818 0.393701 4.882647 34.448818 0.000000 4.882647 33.858269 0.000000 4.724409 33.858269 0.393701 4.724409 29.921259 0.000000 4.724409 33.858269 0.393701 4.724409 29.921259 0.393701 4.724409 33.858269 0.000000 4.724409 29.330708 0.000000 4.882647 29.921259 0.393701 4.724409 29.330708 0.393701 4.882647 29.921259 0.000000 4.724409 28.898396 0.393701 5.314961 28.898394 0.000000 5.314961 28.740156 0.393701 5.905512 28.740156 0.000000 5.905512 28.740156 0.393701 5.905512 28.842558 0.000000 6.500865 28.740156 0.000000 5.905512 28.842558 0.393701 6.500865 28.842558 0.393701 6.500865 29.112717 0.000000 7.041184 28.842558 0.000000 6.500865 29.112717 0.393701 7.041184 29.112717 0.393701 7.041184 29.527559 0.000000 7.480315 29.112717 0.000000 7.041184 29.527559 0.393701 7.480315 11.438465 0.393701 7.041184 11.708624 0.000000 6.500865 11.438465 0.000000 7.041184 11.708624 0.393701 6.500865 11.708624 0.000000 6.500865 11.811023 0.393701 5.905512 11.811023 0.000000 5.905512 11.708624 0.393701 6.500865 11.811023 0.393701 5.905512 11.652785 0.000000 5.314961 11.811023 0.000000 5.905512 11.652785 0.393701 5.314961 11.220472 0.000000 4.882647 11.220472 0.393701 4.882647 10.629921 0.393701 4.724409 10.629921 0.000000 4.724409 10.629921 0.000000 4.724409 5.905512 0.393701 4.724409 5.905511 0.000000 4.724409 10.629921 0.393701 4.724409 5.905511 0.000000 4.724409 5.314961 0.393701 4.882647 5.314961 0.000000 4.882647 5.905512 0.393701 4.724409 5.096968 3.543307 7.041184 4.826808 0.393701 6.500865 5.096968 0.393701 7.041184 4.826808 3.543307 6.500865 5.511811 3.543307 7.480315 5.096968 0.393701 7.041184 5.511811 0.393701 7.480315 5.096968 3.543307 7.041184 "
								            />
							</IndexedFaceSet>
						</Shape>
					</Group>
				</Transform>
			</Transform>
			<Transform DEF="group_12_TRANSFORM"
			           translation="-54.243679 392.519104 156.276031"
			           scale="1.000000 1.000000 1.000000"
			           rotation="0.000000 0.000000 -1.000000 1.570796"
			           >
				<Transform DEF="group_12_ifs_TRANSFORM"
				           translation="-0.000004 -0.000001 0.000000"
				           scale="1.000000 1.000000 1.000000"
				           rotation="0.000000 1.000000 0.000000 0.000000"
				           >
					<Group DEF="group_ME_ID85_006">
						<Shape>
							<Appearance>
								<Material USE="MA_material_022" />
							</Appearance>
							<IndexedFaceSet solid="false"
							                coordIndex="0 1 2 -1 1 0 3 -1 4 5 6 -1 5 4 7 -1 7 4 8 -1 7 8 9 -1 9 8 10 -1 9 10 11 -1 11 10 12 -1 11 12 13 -1 13 12 14 -1 13 14 15 -1 15 14 16 -1 15 16 17 -1 17 16 18 -1 17 18 19 -1 20 21 22 -1 21 20 23 -1 24 25 26 -1 25 27 28 -1 27 25 24 -1 27 24 29 -1 27 29 30 -1 30 29 31 -1 30 31 32 -1 32 31 33 -1 32 33 34 -1 34 33 35 -1 35 33 36 -1 35 36 37 -1 37 36 38 -1 38 36 39 -1 40 41 42 -1 41 40 43 -1 43 40 44 -1 43 44 45 -1 45 44 46 -1 45 46 47 -1 47 46 48 -1 47 48 49 -1 49 48 50 -1 50 48 51 -1 50 51 52 -1 52 51 53 -1 52 53 54 -1 54 53 55 -1 34 56 57 -1 56 34 42 -1 42 34 35 -1 56 42 41 -1 57 56 58 -1 57 58 59 -1 57 59 60 -1 61 62 63 -1 62 61 64 -1 65 66 67 -1 66 65 68 -1 69 70 71 -1 70 69 72 -1 73 74 75 -1 74 73 76 -1 74 76 77 -1 77 76 78 -1 79 76 80 -1 76 79 81 -1 76 81 78 -1 81 79 82 -1 82 83 81 -1 83 82 84 -1 85 86 87 -1 86 85 88 -1 89 90 91 -1 90 89 92 -1 93 94 95 -1 94 93 96 -1 97 98 99 -1 98 97 100 -1 101 102 103 -1 102 101 104 -1 102 105 106 -1 105 102 104 -1 107 105 108 -1 105 107 106 -1 109 110 111 -1 110 109 112 -1 113 114 115 -1 114 113 116 -1 113 68 65 -1 68 113 115 -1 117 118 119 -1 118 117 120 -1 121 122 123 -1 122 121 124 -1 125 126 127 -1 126 125 128 -1 129 130 131 -1 130 129 132 -1 133 134 135 -1 134 133 136 -1 137 138 139 -1 138 137 140 -1 141 142 143 -1 142 141 144 -1 145 146 147 -1 146 145 148 -1 147 149 150 -1 149 147 146 -1 151 152 153 -1 152 151 154 -1 155 153 156 -1 153 155 151 -1 157 155 156 -1 155 157 158 -1 159 160 161 -1 160 159 162 -1 163 164 165 -1 164 163 166 -1 167 163 168 -1 163 167 166 -1 169 168 170 -1 168 169 167 -1 171 172 173 -1 172 171 174 -1 175 176 177 -1 176 175 178 -1 179 180 181 -1 180 179 182 -1 183 184 185 -1 184 183 186 -1 187 188 189 -1 188 187 190 -1 191 190 192 -1 190 191 188 -1 193 194 195 -1 194 193 196 -1 197 198 199 -1 198 197 200 -1 201 202 203 -1 202 201 204 -1 205 206 207 -1 206 205 208 -1 209 210 211 -1 210 209 212 -1 213 214 215 -1 214 213 216 -1 217 218 219 -1 218 217 220 -1 218 220 221 -1 221 220 222 -1 221 222 223 -1 223 222 224 -1 223 224 225 -1 225 224 226 -1 225 226 227 -1 227 226 228 -1 228 226 229 -1 228 229 230 -1 230 229 231 -1 231 229 232 -1 233 234 235 -1 234 233 236 -1 236 233 237 -1 236 237 238 -1 238 237 239 -1 238 239 240 -1 240 239 241 -1 240 241 242 -1 242 241 243 -1 242 243 244 -1 244 243 245 -1 244 245 246 -1 246 245 247 -1 246 247 248 -1 227 249 250 -1 249 227 228 -1 249 228 235 -1 249 235 234 -1 250 249 251 -1 250 251 252 -1 250 252 253 -1 254 255 256 -1 255 254 257 -1 258 259 260 -1 259 258 261 -1 261 258 262 -1 261 262 263 -1 263 262 264 -1 263 264 265 -1 265 264 266 -1 265 266 267 -1 267 266 268 -1 268 266 269 -1 268 269 270 -1 270 269 271 -1 270 271 272 -1 272 271 273 -1 274 275 276 -1 275 274 277 -1 277 274 278 -1 277 278 279 -1 279 278 280 -1 279 280 281 -1 281 280 282 -1 281 282 283 -1 283 282 284 -1 283 284 285 -1 285 284 286 -1 285 286 287 -1 287 286 288 -1 287 288 289 -1 290 291 292 -1 291 290 293 -1 294 295 296 -1 295 294 297 -1 297 294 298 -1 297 298 299 -1 299 298 300 -1 299 300 301 -1 301 300 302 -1 301 302 303 -1 303 302 304 -1 303 304 305 -1 305 304 306 -1 305 306 307 -1 307 306 308 -1 307 308 309 -1 310 311 312 -1 311 310 313 -1 314 315 316 -1 315 314 317 -1 318 319 320 -1 319 318 321 -1 322 323 324 -1 323 322 325 -1 320 326 327 -1 326 320 319 -1 328 326 329 -1 326 328 327 -1 330 331 332 -1 331 330 333 -1 334 335 336 -1 335 334 337 -1 334 338 339 -1 338 334 336 -1 339 340 341 -1 340 339 338 -1 342 343 344 -1 343 342 345 -1 346 347 348 -1 347 346 349 -1 350 351 352 -1 351 350 353 -1 354 355 356 -1 355 354 357 -1 358 359 360 -1 359 358 361 -1 362 363 364 -1 363 362 365 -1 365 366 363 -1 366 365 367 -1 366 368 369 -1 368 366 367 -1 370 371 372 -1 371 370 373 -1 374 375 376 -1 375 374 377 -1 375 312 376 -1 312 375 310 -1 378 379 380 -1 379 378 381 -1 382 383 384 -1 383 382 385 -1 "
							                >
								<Coordinate DEF="coords_ME_ID85_006"
								            point="29.112717 3.937008 7.041184 29.527559 3.543307 7.480315 29.112717 3.543307 7.041184 29.527557 3.937008 7.480315 29.330708 3.543307 4.882647 33.858269 3.543307 4.724409 29.921259 3.543307 4.724409 34.448818 3.543307 4.882647 28.898396 3.543307 5.314961 34.881130 3.543307 5.314961 28.740156 3.543307 5.905512 35.039371 3.543307 5.905512 28.842558 3.543307 6.500865 34.936970 3.543307 6.500865 29.112717 3.543307 7.041184 34.666813 3.543307 7.041184 29.527559 3.543307 7.480315 34.251968 3.543307 7.480315 29.527559 3.543307 8.267716 34.251968 3.543307 8.267716 28.842558 3.937008 6.500865 29.112717 3.543307 7.041184 28.842558 3.543307 6.500865 29.112717 3.937008 7.041184 3.779527 3.937008 0.354331 10.236220 3.937008 0.000000 6.299213 3.937008 0.000000 35.669289 3.937008 0.354331 33.464569 3.937008 0.000000 1.889764 3.937008 1.062992 37.322834 3.937008 1.062992 0.629921 3.937008 2.125984 38.425194 3.937008 2.125984 0.000000 3.937008 3.543307 38.976376 3.937008 3.543307 5.905512 3.937008 4.724409 0.000000 3.937008 5.905512 5.314961 3.937008 4.882647 4.882647 3.937008 5.314961 4.724409 3.937008 5.905512 11.220472 3.937008 4.882647 29.921259 3.937008 4.724409 10.629921 3.937008 4.724409 29.330708 3.937008 4.882647 11.652785 3.937008 5.314961 28.898396 3.937008 5.314961 11.811023 3.937008 5.905512 28.740156 3.937008 5.905512 11.708624 3.937008 6.500865 28.842558 3.937008 6.500865 29.112717 3.937008 7.041184 11.438465 3.937008 7.041184 29.527557 3.937008 7.480315 11.023622 3.937008 7.480315 29.527557 3.937008 8.267716 11.023622 3.937008 8.267716 33.858269 3.937008 4.724409 38.976376 3.937008 5.905512 34.448818 3.937008 4.882647 34.881130 3.937008 5.314961 35.039371 3.937008 5.905512 29.527557 3.937008 7.480315 29.527559 3.543307 8.267716 29.527559 3.543307 7.480315 29.527557 3.937008 8.267716 28.898396 3.543307 5.314961 28.740156 3.937008 5.905512 28.740156 3.543307 5.905512 28.898396 3.937008 5.314961 28.740156 3.937008 5.905512 28.842558 3.543307 6.500865 28.740156 3.543307 5.905512 28.842558 3.937008 6.500865 5.511811 0.393701 8.267716 11.023622 3.543307 8.267716 5.511811 3.543307 8.267716 11.023622 0.393701 8.267716 11.023622 3.937008 8.267716 29.527557 3.937008 8.267716 29.527559 0.000000 8.267716 11.023622 0.000000 8.267716 29.527559 3.543307 8.267716 29.527559 0.393701 8.267716 34.251968 3.543307 8.267716 34.251968 0.393701 8.267716 34.251968 0.393701 7.480315 34.251968 3.543307 8.267716 34.251968 0.393701 8.267716 34.251968 3.543307 7.480315 34.666813 0.393701 7.041184 34.251968 3.543307 7.480315 34.251968 0.393701 7.480315 34.666813 3.543307 7.041184 34.936970 0.393701 6.500865 34.666813 3.543307 7.041184 34.666813 0.393701 7.041184 34.936970 3.543307 6.500865 35.039371 0.393701 5.905512 34.936970 3.543307 6.500865 34.936970 0.393701 6.500865 35.039371 3.543307 5.905512 35.039371 3.937008 5.905512 34.881130 3.543307 5.314961 35.039371 3.543307 5.905512 34.881130 3.937008 5.314961 34.448818 3.937008 4.882647 34.448818 3.543307 4.882647 33.858269 3.543307 4.724409 33.858269 3.937008 4.724409 29.921259 3.543307 4.724409 33.858269 3.937008 4.724409 29.921259 3.937008 4.724409 33.858269 3.543307 4.724409 29.330708 3.543307 4.882647 29.921259 3.937008 4.724409 29.330708 3.937008 4.882647 29.921259 3.543307 4.724409 33.464569 3.937008 0.000000 10.236220 0.000000 0.000000 10.236220 3.937008 0.000000 33.464569 0.000000 0.000000 10.236220 3.937008 0.000000 6.299213 0.000000 0.000000 6.299213 3.937008 0.000000 10.236220 0.000000 0.000000 6.299213 3.937008 0.000000 3.779527 0.000000 0.354331 3.779527 3.937008 0.354331 6.299213 0.000000 0.000000 3.779527 3.937008 0.354331 1.889764 0.000000 1.062992 1.889764 3.937008 1.062992 3.779527 0.000000 0.354331 1.889764 3.937008 1.062992 0.629921 0.000000 2.125984 0.629921 3.937008 2.125984 1.889764 0.000000 1.062992 0.000000 0.000000 3.543307 0.629921 3.937008 2.125984 0.629921 0.000000 2.125984 0.000000 3.937008 3.543307 0.000000 3.937008 5.905512 0.000000 0.000000 3.543307 0.000000 0.000000 5.905512 0.000000 3.937008 3.543307 4.724409 0.000000 5.905512 4.724409 3.543307 5.905511 0.000000 0.000000 5.905512 4.724409 0.393701 5.905512 4.724409 3.937008 5.905512 0.000000 3.937008 5.905512 4.882647 3.937008 5.314961 4.724409 3.543307 5.905511 4.882647 3.543307 5.314961 4.724409 3.937008 5.905512 5.314961 3.937008 4.882647 5.314961 3.543307 4.882647 5.905512 3.543307 4.724409 5.905512 3.937008 4.724409 10.629921 3.543307 4.724409 5.905512 3.937008 4.724409 5.905512 3.543307 4.724409 10.629921 3.937008 4.724409 11.220472 3.543307 4.882647 10.629921 3.937008 4.724409 10.629921 3.543307 4.724409 11.220472 3.937008 4.882647 11.652785 3.937008 5.314961 11.652785 3.543307 5.314961 11.811023 3.937008 5.905512 11.811023 3.543307 5.905511 11.708624 3.543307 6.500865 11.811023 3.937008 5.905512 11.811023 3.543307 5.905511 11.708624 3.937008 6.500865 11.438465 3.937008 7.041184 11.708624 3.543307 6.500865 11.438465 3.543307 7.041184 11.708624 3.937008 6.500865 11.023622 3.937008 7.480315 11.438465 3.543307 7.041184 11.023622 3.543307 7.480315 11.438465 3.937008 7.041184 11.023622 3.543307 8.267716 11.023622 3.937008 7.480315 11.023622 3.543307 7.480315 11.023622 3.937008 8.267716 38.976376 0.000000 5.905512 35.039371 0.393701 5.905512 35.039371 0.000000 5.905512 38.976376 3.937008 5.905512 35.039371 3.543307 5.905512 35.039371 3.937008 5.905512 38.976376 3.937008 3.543307 38.976376 0.000000 5.905512 38.976376 0.000000 3.543307 38.976376 3.937008 5.905512 38.425194 3.937008 2.125984 38.976376 0.000000 3.543307 38.425198 0.000000 2.125984 38.976376 3.937008 3.543307 38.425194 3.937008 2.125984 37.322834 0.000000 1.062992 37.322834 3.937008 1.062992 38.425198 0.000000 2.125984 37.322834 3.937008 1.062992 35.669289 0.000000 0.354331 35.669289 3.937008 0.354331 37.322834 0.000000 1.062992 35.669289 3.937008 0.354331 33.464569 0.000000 0.000000 33.464569 3.937008 0.000000 35.669289 0.000000 0.354331 11.023622 0.000000 8.267716 11.023622 0.393701 7.480315 11.023622 0.000000 7.480315 11.023622 0.393701 8.267716 33.464569 0.000000 0.000000 6.299213 0.000000 0.000000 10.236220 0.000000 0.000000 35.669289 0.000000 0.354331 3.779527 0.000000 0.354331 37.322834 0.000000 1.062992 1.889764 0.000000 1.062992 38.425198 0.000000 2.125984 0.629921 0.000000 2.125984 38.976376 0.000000 3.543307 0.000000 0.000000 3.543307 33.858269 0.000000 4.724409 38.976376 0.000000 5.905512 34.448818 0.000000 4.882647 34.881130 0.000000 5.314961 35.039371 0.000000 5.905512 29.330708 0.000000 4.882647 10.629921 0.000000 4.724409 29.921259 0.000000 4.724409 11.220472 0.000000 4.882647 28.898394 0.000000 5.314961 11.652785 0.000000 5.314961 28.740156 0.000000 5.905512 11.811023 0.000000 5.905512 28.842558 0.000000 6.500865 11.708624 0.000000 6.500865 29.112717 0.000000 7.041184 11.438465 0.000000 7.041184 29.527559 0.000000 7.480315 11.023622 0.000000 7.480315 29.527559 0.000000 8.267716 11.023622 0.000000 8.267716 5.905511 0.000000 4.724409 0.000000 0.000000 5.905512 5.314961 0.000000 4.882647 4.882647 0.000000 5.314961 4.724409 0.000000 5.905512 29.527559 0.393701 7.480315 29.527559 0.000000 8.267716 29.527559 0.000000 7.480315 29.527559 0.393701 8.267716 34.448818 0.393701 4.882647 29.921259 0.393701 4.724409 33.858269 0.393701 4.724409 29.330708 0.393701 4.882647 34.881134 0.393701 5.314961 28.898396 0.393701 5.314961 35.039371 0.393701 5.905512 28.740156 0.393701 5.905512 34.936970 0.393701 6.500865 28.842558 0.393701 6.500865 29.112717 0.393701 7.041184 34.666813 0.393701 7.041184 29.527559 0.393701 7.480315 34.251968 0.393701 7.480315 29.527559 0.393701 8.267716 34.251968 0.393701 8.267716 5.314961 3.543307 4.882647 10.629921 3.543307 4.724409 5.905512 3.543307 4.724409 11.220472 3.543307 4.882647 4.882647 3.543307 5.314961 11.652785 3.543307 5.314961 4.724409 3.543307 5.905511 11.811023 3.543307 5.905511 4.826808 3.543307 6.500865 11.708624 3.543307 6.500865 5.096968 3.543307 7.041184 11.438465 3.543307 7.041184 5.511811 3.543307 7.480315 11.023622 3.543307 7.480315 5.511811 3.543307 8.267716 11.023622 3.543307 8.267716 5.511811 0.393701 8.267716 5.511811 3.543307 7.480315 5.511811 0.393701 7.480315 5.511811 3.543307 8.267716 11.220472 0.393701 4.882647 5.905512 0.393701 4.724409 10.629921 0.393701 4.724409 5.314961 0.393701 4.882647 11.652785 0.393701 5.314961 4.882647 0.393701 5.314961 11.811023 0.393701 5.905512 4.724409 0.393701 5.905512 11.708624 0.393701 6.500865 4.826808 0.393701 6.500865 11.438465 0.393701 7.041184 5.096968 0.393701 7.041184 11.023622 0.393701 7.480315 5.511811 0.393701 7.480315 11.023622 0.393701 8.267716 5.511811 0.393701 8.267716 4.882647 0.393701 5.314961 4.724409 0.000000 5.905512 4.882647 0.000000 5.314961 4.724409 0.393701 5.905512 4.826808 0.393701 6.500865 4.724409 3.543307 5.905511 4.724409 0.393701 5.905512 4.826808 3.543307 6.500865 35.039371 0.000000 5.905512 34.881134 0.393701 5.314961 34.881130 0.000000 5.314961 35.039371 0.393701 5.905512 11.023622 0.393701 7.480315 11.438465 0.000000 7.041184 11.023622 0.000000 7.480315 11.438465 0.393701 7.041184 34.448818 0.393701 4.882647 34.448818 0.000000 4.882647 33.858269 0.000000 4.724409 33.858269 0.393701 4.724409 29.921259 0.000000 4.724409 33.858269 0.393701 4.724409 29.921259 0.393701 4.724409 33.858269 0.000000 4.724409 29.330708 0.000000 4.882647 29.921259 0.393701 4.724409 29.330708 0.393701 4.882647 29.921259 0.000000 4.724409 28.898396 0.393701 5.314961 28.898394 0.000000 5.314961 28.740156 0.393701 5.905512 28.740156 0.000000 5.905512 28.740156 0.393701 5.905512 28.842558 0.000000 6.500865 28.740156 0.000000 5.905512 28.842558 0.393701 6.500865 28.842558 0.393701 6.500865 29.112717 0.000000 7.041184 28.842558 0.000000 6.500865 29.112717 0.393701 7.041184 29.112717 0.393701 7.041184 29.527559 0.000000 7.480315 29.112717 0.000000 7.041184 29.527559 0.393701 7.480315 11.438465 0.393701 7.041184 11.708624 0.000000 6.500865 11.438465 0.000000 7.041184 11.708624 0.393701 6.500865 11.708624 0.000000 6.500865 11.811023 0.393701 5.905512 11.811023 0.000000 5.905512 11.708624 0.393701 6.500865 11.811023 0.393701 5.905512 11.652785 0.000000 5.314961 11.811023 0.000000 5.905512 11.652785 0.393701 5.314961 11.220472 0.000000 4.882647 11.220472 0.393701 4.882647 10.629921 0.393701 4.724409 10.629921 0.000000 4.724409 10.629921 0.000000 4.724409 5.905512 0.393701 4.724409 5.905511 0.000000 4.724409 10.629921 0.393701 4.724409 5.905511 0.000000 4.724409 5.314961 0.393701 4.882647 5.314961 0.000000 4.882647 5.905512 0.393701 4.724409 5.096968 3.543307 7.041184 4.826808 0.393701 6.500865 5.096968 0.393701 7.041184 4.826808 3.543307 6.500865 5.511811 3.543307 7.480315 5.096968 0.393701 7.041184 5.511811 0.393701 7.480315 5.096968 3.543307 7.041184 "
								            />
							</IndexedFaceSet>
						</Shape>
					</Group>
				</Transform>
			</Transform>
			<Transform DEF="group_13_TRANSFORM"
			           translation="-67.148476 390.435272 156.276031"
			           scale="1.000000 1.000000 1.000000"
			           rotation="0.000000 0.000000 -1.000000 0.785398"
			           >
				<Transform DEF="group_13_ifs_TRANSFORM"
				           translation="0.000027 -0.000019 0.000000"
				           scale="1.000000 1.000000 1.000000"
				           rotation="0.000000 1.000000 0.000000 0.000000"
				           >
					<Group DEF="group_ME_ID92_004">
						<Shape>
							<Appearance>
								<Material USE="MA_material_022" />
							</Appearance>
							<IndexedFaceSet solid="false"
							                coordIndex="0 1 2 -1 3 4 5 -1 4 3 6 -1 6 3 7 -1 7 3 8 -1 8 3 9 -1 1 10 11 -1 10 1 0 -1 10 0 12 -1 10 12 13 -1 10 13 14 -1 14 13 5 -1 14 5 4 -1 10 14 15 -1 10 15 16 -1 10 16 17 -1 10 17 18 -1 10 18 19 -1 10 19 20 -1 10 20 21 -1 22 23 24 -1 25 26 27 -1 26 25 23 -1 26 23 28 -1 28 23 29 -1 29 23 22 -1 30 31 32 -1 31 30 33 -1 34 35 36 -1 35 34 37 -1 38 39 40 -1 39 38 41 -1 42 43 44 -1 43 42 45 -1 46 47 48 -1 47 46 49 -1 50 51 52 -1 51 50 53 -1 54 55 56 -1 55 54 57 -1 58 59 60 -1 59 58 61 -1 62 63 64 -1 63 62 65 -1 66 67 68 -1 67 66 69 -1 68 70 71 -1 70 68 67 -1 72 73 74 -1 73 72 75 -1 76 74 77 -1 74 76 72 -1 78 76 77 -1 76 78 79 -1 80 81 82 -1 81 80 83 -1 84 85 86 -1 85 84 87 -1 88 84 89 -1 84 88 87 -1 90 89 91 -1 89 90 88 -1 92 93 94 -1 93 92 95 -1 96 97 98 -1 97 96 99 -1 100 101 102 -1 101 100 103 -1 104 105 106 -1 105 104 107 -1 108 109 110 -1 109 108 111 -1 111 108 112 -1 111 112 113 -1 113 112 114 -1 113 114 115 -1 115 114 116 -1 115 116 117 -1 117 116 118 -1 117 118 119 -1 119 118 120 -1 119 120 121 -1 121 120 122 -1 121 122 123 -1 124 125 126 -1 125 124 127 -1 128 129 130 -1 129 128 131 -1 131 128 132 -1 131 132 133 -1 133 132 134 -1 133 134 135 -1 135 134 136 -1 135 136 137 -1 137 136 138 -1 137 138 139 -1 139 138 140 -1 139 140 141 -1 141 140 142 -1 141 142 143 -1 144 145 146 -1 145 144 147 -1 148 149 150 -1 149 148 151 -1 149 151 152 -1 152 151 153 -1 153 151 154 -1 154 151 155 -1 154 155 156 -1 155 151 157 -1 157 151 158 -1 158 151 159 -1 159 151 160 -1 160 151 161 -1 161 151 162 -1 162 151 163 -1 156 164 165 -1 164 156 155 -1 165 164 166 -1 165 166 167 -1 165 167 168 -1 165 168 169 -1 170 171 172 -1 171 170 173 -1 174 175 176 -1 175 174 177 -1 178 179 180 -1 179 178 181 -1 182 183 184 -1 183 182 185 -1 186 172 187 -1 172 186 170 -1 188 186 187 -1 186 188 189 -1 190 191 192 -1 191 190 193 -1 194 195 196 -1 195 194 197 -1 198 194 199 -1 194 198 197 -1 200 199 201 -1 199 200 198 -1 202 203 204 -1 203 202 205 -1 206 207 208 -1 207 206 209 -1 210 211 212 -1 211 210 213 -1 "
							                >
								<Coordinate DEF="coords_ME_ID92_004"
								            point="3.779527 3.937008 0.354331 10.236220 3.937008 0.000000 6.299213 3.937008 0.000000 0.000000 3.937008 5.905512 5.905512 3.937008 4.724409 0.000000 3.937008 3.543307 5.314961 3.937008 4.882647 4.882647 3.937008 5.314961 4.724409 3.937008 5.905512 2.362205 3.937008 5.905512 33.691238 3.937008 8.267716 33.691238 3.937008 -0.000000 1.889764 3.937008 1.062992 0.629921 3.937008 2.125984 10.629921 3.937008 4.724409 11.220472 3.937008 4.882647 11.652785 3.937008 5.314961 11.811023 3.937008 5.905512 11.708624 3.937008 6.500865 11.438465 3.937008 7.041184 11.023622 3.937008 7.480315 11.023622 3.937008 8.267716 33.691238 0.000000 8.267716 11.023622 0.393701 8.267716 11.023622 0.000000 8.267716 5.511811 0.393701 8.267716 11.023622 3.543307 8.267716 5.511811 3.543307 8.267716 11.023622 3.937008 8.267716 33.691238 3.937008 8.267716 33.691238 3.937008 -0.000000 33.691238 0.000000 8.267716 33.691238 -0.000000 0.000000 33.691238 3.937008 8.267716 33.691238 3.937008 -0.000000 10.236220 0.000000 0.000000 10.236220 3.937008 0.000000 33.691238 -0.000000 0.000000 10.236220 3.937008 0.000000 6.299213 0.000000 0.000000 6.299213 3.937008 0.000000 10.236220 0.000000 0.000000 6.299213 3.937008 0.000000 3.779527 0.000000 0.354331 3.779527 3.937008 0.354331 6.299213 0.000000 0.000000 3.779527 3.937008 0.354331 1.889764 0.000000 1.062992 1.889764 3.937008 1.062992 3.779527 0.000000 0.354331 1.889764 3.937008 1.062992 0.629921 0.000000 2.125984 0.629921 3.937008 2.125984 1.889764 0.000000 1.062992 0.000000 0.000000 3.543307 0.629921 3.937008 2.125984 0.629921 0.000000 2.125984 0.000000 3.937008 3.543307 0.000000 3.937008 5.905512 0.000000 0.000000 3.543307 0.000000 0.000000 5.905512 0.000000 3.937008 3.543307 0.000000 0.000000 5.905512 2.362205 3.937008 5.905512 0.000000 3.937008 5.905512 2.362205 0.000000 5.905512 4.724409 0.000000 5.905512 4.724409 3.543307 5.905511 2.362205 0.000000 5.905512 4.724409 0.393701 5.905512 4.724409 3.937008 5.905512 2.362205 3.937008 5.905512 4.882647 3.937008 5.314961 4.724409 3.543307 5.905511 4.882647 3.543307 5.314961 4.724409 3.937008 5.905512 5.314961 3.937008 4.882647 5.314961 3.543307 4.882647 5.905512 3.543307 4.724409 5.905512 3.937008 4.724409 10.629921 3.543307 4.724409 5.905512 3.937008 4.724409 5.905512 3.543307 4.724409 10.629921 3.937008 4.724409 11.220472 3.543307 4.882647 10.629921 3.937008 4.724409 10.629921 3.543307 4.724409 11.220472 3.937008 4.882647 11.652785 3.937008 5.314961 11.652785 3.543307 5.314961 11.811023 3.937008 5.905512 11.811023 3.543307 5.905511 11.708624 3.543307 6.500865 11.811023 3.937008 5.905512 11.811023 3.543307 5.905511 11.708624 3.937008 6.500865 11.438465 3.937008 7.041184 11.708624 3.543307 6.500865 11.438465 3.543307 7.041184 11.708624 3.937008 6.500865 11.023622 3.937008 7.480315 11.438465 3.543307 7.041184 11.023622 3.543307 7.480315 11.438465 3.937008 7.041184 11.023622 3.543307 8.267716 11.023622 3.937008 7.480315 11.023622 3.543307 7.480315 11.023622 3.937008 8.267716 5.314961 3.543307 4.882647 10.629921 3.543307 4.724409 5.905512 3.543307 4.724409 11.220472 3.543307 4.882647 4.882647 3.543307 5.314961 11.652785 3.543307 5.314961 4.724409 3.543307 5.905511 11.811023 3.543307 5.905511 4.826808 3.543307 6.500865 11.708624 3.543307 6.500865 5.096968 3.543307 7.041184 11.438465 3.543307 7.041184 5.511811 3.543307 7.480315 11.023622 3.543307 7.480315 5.511811 3.543307 8.267716 11.023622 3.543307 8.267716 5.511811 0.393701 8.267716 5.511811 3.543307 7.480315 5.511811 0.393701 7.480315 5.511811 3.543307 8.267716 11.220472 0.393701 4.882647 5.905512 0.393701 4.724409 10.629921 0.393701 4.724409 5.314961 0.393701 4.882647 11.652785 0.393701 5.314961 4.882647 0.393701 5.314961 11.811023 0.393701 5.905512 4.724409 0.393701 5.905512 11.708624 0.393701 6.500865 4.826808 0.393701 6.500865 11.438465 0.393701 7.041184 5.096968 0.393701 7.041184 11.023622 0.393701 7.480315 5.511811 0.393701 7.480315 11.023622 0.393701 8.267716 5.511811 0.393701 8.267716 11.023622 0.000000 8.267716 11.023622 0.393701 7.480315 11.023622 0.000000 7.480315 11.023622 0.393701 8.267716 33.691238 -0.000000 0.000000 6.299213 0.000000 0.000000 10.236220 0.000000 0.000000 33.691238 0.000000 8.267716 3.779527 0.000000 0.354331 1.889764 0.000000 1.062992 0.629921 0.000000 2.125984 10.629921 0.000000 4.724409 0.000000 0.000000 3.543307 11.220472 0.000000 4.882647 11.652785 0.000000 5.314961 11.811023 0.000000 5.905512 11.708624 0.000000 6.500865 11.438465 0.000000 7.041184 11.023622 0.000000 7.480315 11.023622 0.000000 8.267716 5.905511 0.000000 4.724409 0.000000 0.000000 5.905512 5.314961 0.000000 4.882647 4.882647 0.000000 5.314961 4.724409 0.000000 5.905512 2.362205 0.000000 5.905512 4.882647 0.393701 5.314961 4.724409 0.000000 5.905512 4.882647 0.000000 5.314961 4.724409 0.393701 5.905512 4.826808 0.393701 6.500865 4.724409 3.543307 5.905511 4.724409 0.393701 5.905512 4.826808 3.543307 6.500865 5.096968 3.543307 7.041184 4.826808 0.393701 6.500865 5.096968 0.393701 7.041184 4.826808 3.543307 6.500865 5.511811 3.543307 7.480315 5.096968 0.393701 7.041184 5.511811 0.393701 7.480315 5.096968 3.543307 7.041184 5.314961 0.393701 4.882647 5.314961 0.000000 4.882647 5.905511 0.000000 4.724409 5.905512 0.393701 4.724409 10.629921 0.000000 4.724409 5.905512 0.393701 4.724409 5.905511 0.000000 4.724409 10.629921 0.393701 4.724409 11.220472 0.000000 4.882647 10.629921 0.393701 4.724409 10.629921 0.000000 4.724409 11.220472 0.393701 4.882647 11.652785 0.393701 5.314961 11.652785 0.000000 5.314961 11.811023 0.393701 5.905512 11.811023 0.000000 5.905512 11.708624 0.000000 6.500865 11.811023 0.393701 5.905512 11.811023 0.000000 5.905512 11.708624 0.393701 6.500865 11.438465 0.393701 7.041184 11.708624 0.000000 6.500865 11.438465 0.000000 7.041184 11.708624 0.393701 6.500865 11.023622 0.393701 7.480315 11.438465 0.000000 7.041184 11.023622 0.000000 7.480315 11.438465 0.393701 7.041184 "
								            />
							</IndexedFaceSet>
						</Shape>
					</Group>
				</Transform>
			</Transform>
			<Transform DEF="group_14_TRANSFORM"
			           translation="-27.472027 388.188385 164.543747"
			           scale="1.000000 1.000000 1.000000"
			           rotation="0.000000 0.000000 1.000000 1.570796"
			           >
				<Transform DEF="group_14_ifs_TRANSFORM"
				           translation="-0.000002 0.000001 0.000000"
				           scale="1.000000 1.000000 1.000000"
				           rotation="0.000000 1.000000 0.000000 0.000000"
				           >
					<Group DEF="group_ME_ID99_002">
						<Shape>
							<Appearance>
								<Material USE="MA_material_022" />
							</Appearance>
							<IndexedFaceSet solid="false"
							                coordIndex="0 1 2 -1 1 0 3 -1 1 3 4 -1 1 4 5 -1 1 5 6 -1 6 5 7 -1 6 7 8 -1 8 7 9 -1 9 7 10 -1 10 7 11 -1 10 11 12 -1 12 11 13 -1 13 11 14 -1 14 11 15 -1 15 11 16 -1 16 11 17 -1 16 17 18 -1 18 17 19 -1 19 17 20 -1 20 17 21 -1 20 21 22 -1 22 21 23 -1 23 21 24 -1 24 21 25 -1 25 21 26 -1 25 26 27 -1 25 27 28 -1 29 30 31 -1 30 29 32 -1 33 34 35 -1 34 33 36 -1 37 38 39 -1 38 37 40 -1 41 42 43 -1 42 41 44 -1 45 46 47 -1 46 45 48 -1 49 50 51 -1 50 49 52 -1 53 54 55 -1 54 53 56 -1 54 56 57 -1 54 57 58 -1 54 58 59 -1 54 59 60 -1 61 62 63 -1 62 61 64 -1 65 61 63 -1 61 65 66 -1 67 66 65 -1 66 67 68 -1 69 70 71 -1 70 69 72 -1 73 74 75 -1 74 73 76 -1 77 76 73 -1 76 77 78 -1 79 78 77 -1 78 79 80 -1 81 82 83 -1 82 81 84 -1 82 84 85 -1 85 84 86 -1 85 86 87 -1 88 89 90 -1 89 88 91 -1 92 90 89 -1 90 92 93 -1 94 93 92 -1 93 94 95 -1 96 94 97 -1 94 96 95 -1 98 97 99 -1 97 98 96 -1 100 99 101 -1 99 100 98 -1 101 102 100 -1 102 101 103 -1 104 105 106 -1 105 104 107 -1 105 107 108 -1 109 110 111 -1 110 109 112 -1 113 114 115 -1 114 113 116 -1 117 118 119 -1 118 117 120 -1 121 122 123 -1 122 121 124 -1 125 126 127 -1 126 125 128 -1 129 130 131 -1 130 129 132 -1 133 134 135 -1 134 133 136 -1 136 133 137 -1 137 133 138 -1 138 133 139 -1 138 139 140 -1 140 139 141 -1 140 141 142 -1 140 142 143 -1 140 143 144 -1 144 143 145 -1 144 145 146 -1 144 146 147 -1 144 147 148 -1 144 148 149 -1 144 149 150 -1 150 149 151 -1 150 151 152 -1 150 152 153 -1 150 153 154 -1 154 153 155 -1 154 155 156 -1 154 156 157 -1 154 157 158 -1 154 158 159 -1 154 159 160 -1 160 159 161 -1 160 161 162 -1 162 161 163 -1 164 165 166 -1 165 164 167 -1 168 169 170 -1 169 168 171 -1 172 173 174 -1 173 172 175 -1 173 175 176 -1 173 176 177 -1 173 177 178 -1 173 178 179 -1 180 181 182 -1 181 180 183 -1 184 185 186 -1 185 184 187 -1 188 186 189 -1 186 188 184 -1 190 188 189 -1 188 190 191 -1 192 191 190 -1 191 192 193 -1 194 192 195 -1 192 194 193 -1 196 194 195 -1 194 196 197 -1 198 197 196 -1 197 198 199 -1 182 200 201 -1 200 182 181 -1 201 202 203 -1 202 201 200 -1 204 205 206 -1 205 204 207 -1 208 209 210 -1 209 208 211 -1 210 164 166 -1 164 210 209 -1 212 213 214 -1 213 212 215 -1 215 212 216 -1 216 212 217 -1 217 212 218 -1 218 212 219 -1 "
							                >
								<Coordinate DEF="coords_ME_ID99_002"
								            point="3.937008 0.000000 3.543307 3.937008 3.937008 5.905512 3.937008 0.000000 5.905512 3.937008 0.629921 2.125984 3.937008 1.889764 1.062992 3.937008 3.779527 0.354331 3.937008 4.095246 5.314961 3.937008 6.299213 0.000000 3.937008 4.527559 4.882647 3.937008 5.118110 4.724409 3.937008 9.055119 4.724409 3.937008 18.110235 0.000000 3.937008 9.645669 4.882647 3.937008 10.077983 5.314961 3.937008 10.236220 5.905512 3.937008 41.224716 5.905512 3.937008 41.382954 5.314961 3.937008 44.488136 0.000000 3.937008 41.815266 4.882647 3.937008 42.405819 4.724409 3.937008 44.881836 4.724409 3.937008 47.244038 0.000000 3.937008 45.472385 4.882647 3.937008 45.904701 5.314961 3.937008 46.062939 5.905511 3.937008 50.787350 5.905511 3.937008 49.015690 0.590551 3.937008 50.196796 1.771654 3.937008 50.787350 3.543307 3.937008 44.488136 0.000000 0.000000 18.110235 0.000000 0.000000 44.488136 0.000000 3.937008 18.110235 0.000000 3.937008 47.244038 0.000000 0.000000 44.488136 0.000000 0.000000 47.244038 0.000000 3.937008 44.488136 0.000000 0.000000 49.015690 0.590551 3.937008 47.244038 0.000000 0.000000 47.244038 0.000000 3.937008 49.015690 0.590551 0.000000 49.015690 0.590551 3.937008 50.196796 1.771654 3.937008 49.015690 0.590551 0.000000 50.196796 1.771654 0.000000 50.196796 1.771654 3.937008 50.787350 3.543307 3.937008 50.196796 1.771654 0.000000 50.787350 3.543307 0.000000 50.787350 3.543307 3.937008 50.787350 5.905511 3.937008 50.787350 3.543307 -0.000000 50.787346 5.905512 0.000000 48.035408 5.905512 3.937008 50.787350 5.905511 -0.000000 50.787346 5.905512 0.000000 46.556332 5.905512 0.000000 46.062939 5.905512 0.393701 46.062939 5.905512 3.543307 46.062935 5.905512 3.937008 46.062939 5.905511 3.937008 45.904701 5.314961 3.543307 46.062935 5.905512 3.543307 45.904701 5.314961 3.937008 46.062939 5.905511 3.543307 45.472385 4.882647 3.937008 45.472385 4.882647 3.543307 44.881836 4.724409 3.937008 44.881836 4.724409 3.543307 42.405819 4.724409 3.937008 44.881836 4.724409 3.543307 44.881836 4.724409 3.937008 42.405819 4.724409 3.543307 41.815266 4.882647 3.937008 42.405819 4.724409 3.543307 42.405819 4.724409 3.937008 41.815266 4.882647 3.543307 41.382954 5.314961 3.937008 41.382954 5.314961 3.543307 41.224716 5.905512 3.937008 41.224716 5.905512 0.000000 10.236220 5.905512 0.393701 41.224716 5.905512 0.000000 41.224716 5.905512 1.968504 9.645670 5.905512 3.543307 41.224716 5.905512 3.937008 10.236220 5.905512 3.937008 41.224716 5.905512 3.937008 10.236220 5.905512 1.968504 9.566550 5.610236 3.937008 10.077983 5.314961 1.968504 9.645670 5.905512 1.968504 9.350393 5.394080 3.937008 9.645669 4.882647 1.968504 8.980020 5.294838 3.937008 9.055119 4.724409 3.937008 5.118110 4.724409 1.968504 5.193209 5.294838 3.937008 4.527559 4.882647 1.968504 4.822835 5.394080 3.937008 4.095246 5.314961 1.968504 4.606678 5.610236 3.937008 3.937008 5.905512 1.968504 4.527559 5.905512 0.000000 0.000000 5.905512 1.968504 4.527559 5.905512 0.000000 3.937008 5.905512 3.937008 0.000000 5.905512 3.937008 3.937008 5.905512 3.937008 0.000000 3.543307 0.000000 0.000000 5.905512 0.000000 0.000000 3.543307 3.937008 0.000000 5.905512 3.937008 0.629921 2.125984 0.000000 0.000000 3.543307 0.000000 0.629921 2.125984 3.937008 0.000000 3.543307 3.937008 1.889764 1.062992 0.000000 0.629921 2.125984 0.000000 1.889764 1.062992 3.937008 0.629921 2.125984 3.937008 3.779527 0.354331 0.000000 1.889764 1.062992 0.000000 3.779527 0.354331 3.937008 1.889764 1.062992 3.937008 6.299213 0.000000 0.000000 3.779527 0.354331 0.000000 6.299213 0.000000 3.937008 3.779527 0.354331 3.937008 18.110235 0.000000 0.000000 6.299213 0.000000 0.000000 18.110235 0.000000 3.937008 6.299213 0.000000 0.000000 3.937008 5.905512 0.000000 0.000000 3.543307 0.000000 0.000000 5.905512 0.000000 0.629921 2.125984 0.000000 1.889764 1.062992 0.000000 3.779527 0.354331 0.000000 4.095246 5.314961 0.000000 6.299213 0.000000 0.000000 4.527559 4.882647 0.000000 5.118110 4.724409 0.000000 9.055119 4.724409 0.000000 18.110235 0.000000 0.000000 9.645670 4.882647 0.000000 10.077983 5.314961 0.000000 10.236220 5.905512 0.000000 41.224716 5.905512 0.000000 41.382954 5.314961 0.000000 44.488136 0.000000 0.000000 41.815266 4.882647 0.000000 42.405819 4.724409 0.000000 44.881836 4.724409 0.000000 47.244038 0.000000 0.000000 45.472385 4.882647 0.000000 45.904701 5.314961 0.000000 46.062939 5.905512 0.000000 46.556332 5.905512 0.000000 48.035408 5.905512 0.000000 49.015690 0.590551 -0.000000 50.787346 5.905512 0.000000 50.196796 1.771654 0.000000 50.787350 3.543307 0.393701 45.904701 5.314961 0.000000 46.062939 5.905512 0.000000 45.904701 5.314961 0.393701 46.062939 5.905512 0.393701 41.224716 5.905512 3.543307 46.062935 5.905512 0.393701 46.062939 5.905512 3.543307 41.224716 5.905512 3.543307 41.382954 5.314961 3.543307 46.062935 5.905512 3.543307 41.224716 5.905512 3.543307 41.815266 4.882647 3.543307 42.405819 4.724409 3.543307 44.881836 4.724409 3.543307 45.472385 4.882647 3.543307 45.904701 5.314961 0.000000 41.224716 5.905512 0.393701 41.382954 5.314961 0.000000 41.382954 5.314961 0.393701 41.224716 5.905512 1.968504 9.566550 5.610236 0.000000 10.236220 5.905512 0.000000 10.077983 5.314961 1.968504 9.645670 5.905512 1.968504 9.350393 5.394080 0.000000 9.645670 4.882647 0.000000 9.055119 4.724409 1.968504 8.980020 5.294838 0.000000 5.118110 4.724409 1.968504 5.193209 5.294838 1.968504 4.822835 5.394080 0.000000 4.527559 4.882647 0.000000 4.095246 5.314961 1.968504 4.606678 5.610236 0.000000 3.937008 5.905512 1.968504 4.527559 5.905512 0.393701 41.815266 4.882647 0.000000 41.815266 4.882647 0.393701 42.405819 4.724409 0.000000 42.405819 4.724409 0.000000 42.405819 4.724409 0.393701 44.881836 4.724409 0.000000 44.881836 4.724409 0.393701 42.405819 4.724409 0.000000 44.881836 4.724409 0.393701 45.472385 4.882647 0.000000 45.472385 4.882647 0.393701 44.881836 4.724409 0.393701 46.062939 5.905512 0.393701 41.382954 5.314961 0.393701 41.224716 5.905512 0.393701 41.815266 4.882647 0.393701 42.405819 4.724409 0.393701 44.881836 4.724409 0.393701 45.472385 4.882647 0.393701 45.904701 5.314961 "
								            />
							</IndexedFaceSet>
						</Shape>
					</Group>
				</Transform>
			</Transform>
			<Transform DEF="group_15_TRANSFORM"
			           translation="-66.054703 353.542725 164.543747"
			           scale="1.000000 1.000000 1.000000"
			           rotation="0.000000 1.000000 0.000000 0.000000"
			           >
				<Transform DEF="group_15_ifs_TRANSFORM"
				           translation="0.000000 0.000000 0.000000"
				           scale="1.000000 1.000000 1.000000"
				           rotation="0.000000 1.000000 0.000000 0.000000"
				           >
					<Group DEF="group_ME_ID106_002">
						<Shape>
							<Appearance>
								<Material USE="MA_material_022" />
							</Appearance>
							<IndexedFaceSet solid="false"
							                coordIndex="0 1 2 -1 1 0 3 -1 1 3 4 -1 1 4 5 -1 1 5 6 -1 6 5 7 -1 6 7 8 -1 8 7 9 -1 9 7 10 -1 10 7 11 -1 10 11 12 -1 12 11 13 -1 13 11 14 -1 14 11 15 -1 15 11 16 -1 16 11 17 -1 16 17 18 -1 18 17 19 -1 19 17 20 -1 20 17 21 -1 20 21 22 -1 22 21 23 -1 23 21 24 -1 24 21 25 -1 25 21 26 -1 25 26 27 -1 25 27 28 -1 29 30 31 -1 30 29 32 -1 33 34 35 -1 34 33 36 -1 37 38 39 -1 38 37 40 -1 41 42 43 -1 42 41 44 -1 45 46 47 -1 46 45 48 -1 49 50 51 -1 50 49 52 -1 53 54 55 -1 54 53 56 -1 54 56 57 -1 54 57 58 -1 54 58 59 -1 54 59 60 -1 61 62 63 -1 62 61 64 -1 65 61 63 -1 61 65 66 -1 67 66 65 -1 66 67 68 -1 69 70 71 -1 70 69 72 -1 73 74 75 -1 74 73 76 -1 77 76 73 -1 76 77 78 -1 79 78 77 -1 78 79 80 -1 81 82 83 -1 82 81 84 -1 82 84 85 -1 85 84 86 -1 85 86 87 -1 88 89 90 -1 89 88 91 -1 92 90 89 -1 90 92 93 -1 94 93 92 -1 93 94 95 -1 96 94 97 -1 94 96 95 -1 98 97 99 -1 97 98 96 -1 100 99 101 -1 99 100 98 -1 101 102 100 -1 102 101 103 -1 104 105 106 -1 105 104 107 -1 105 107 108 -1 109 110 111 -1 110 109 112 -1 113 114 115 -1 114 113 116 -1 117 118 119 -1 118 117 120 -1 121 122 123 -1 122 121 124 -1 125 126 127 -1 126 125 128 -1 129 130 131 -1 130 129 132 -1 133 134 135 -1 134 133 136 -1 136 133 137 -1 137 133 138 -1 138 133 139 -1 138 139 140 -1 140 139 141 -1 140 141 142 -1 140 142 143 -1 140 143 144 -1 144 143 145 -1 144 145 146 -1 144 146 147 -1 144 147 148 -1 144 148 149 -1 144 149 150 -1 150 149 151 -1 150 151 152 -1 150 152 153 -1 150 153 154 -1 154 153 155 -1 154 155 156 -1 154 156 157 -1 154 157 158 -1 154 158 159 -1 154 159 160 -1 160 159 161 -1 160 161 162 -1 162 161 163 -1 164 165 166 -1 165 164 167 -1 168 169 170 -1 169 168 171 -1 172 173 174 -1 173 172 175 -1 173 175 176 -1 173 176 177 -1 173 177 178 -1 173 178 179 -1 180 181 182 -1 181 180 183 -1 184 185 186 -1 185 184 187 -1 188 186 189 -1 186 188 184 -1 190 188 189 -1 188 190 191 -1 192 191 190 -1 191 192 193 -1 194 192 195 -1 192 194 193 -1 196 194 195 -1 194 196 197 -1 198 197 196 -1 197 198 199 -1 182 200 201 -1 200 182 181 -1 201 202 203 -1 202 201 200 -1 204 205 206 -1 205 204 207 -1 208 209 210 -1 209 208 211 -1 210 164 166 -1 164 210 209 -1 212 213 214 -1 213 212 215 -1 215 212 216 -1 216 212 217 -1 217 212 218 -1 218 212 219 -1 "
							                >
								<Coordinate DEF="coords_ME_ID106_002"
								            point="3.937008 0.000000 3.543307 3.937008 3.937008 5.905512 3.937008 0.000000 5.905512 3.937008 0.629921 2.125984 3.937008 1.889764 1.062992 3.937008 3.779527 0.354331 3.937008 4.095246 5.314961 3.937008 6.299213 0.000000 3.937008 4.527559 4.882647 3.937008 5.118110 4.724409 3.937008 9.055119 4.724409 3.937008 18.110235 0.000000 3.937008 9.645669 4.882647 3.937008 10.077983 5.314961 3.937008 10.236220 5.905512 3.937008 41.224716 5.905512 3.937008 41.382954 5.314961 3.937008 44.488136 0.000000 3.937008 41.815266 4.882647 3.937008 42.405819 4.724409 3.937008 44.881836 4.724409 3.937008 47.244038 0.000000 3.937008 45.472385 4.882647 3.937008 45.904701 5.314961 3.937008 46.062939 5.905511 3.937008 50.787350 5.905511 3.937008 49.015690 0.590551 3.937008 50.196796 1.771654 3.937008 50.787350 3.543307 3.937008 44.488136 0.000000 0.000000 18.110235 0.000000 0.000000 44.488136 0.000000 3.937008 18.110235 0.000000 3.937008 47.244038 0.000000 0.000000 44.488136 0.000000 0.000000 47.244038 0.000000 3.937008 44.488136 0.000000 0.000000 49.015690 0.590551 3.937008 47.244038 0.000000 0.000000 47.244038 0.000000 3.937008 49.015690 0.590551 0.000000 49.015690 0.590551 3.937008 50.196796 1.771654 3.937008 49.015690 0.590551 0.000000 50.196796 1.771654 0.000000 50.196796 1.771654 3.937008 50.787350 3.543307 3.937008 50.196796 1.771654 0.000000 50.787350 3.543307 0.000000 50.787350 3.543307 3.937008 50.787350 5.905511 3.937008 50.787350 3.543307 -0.000000 50.787346 5.905512 0.000000 48.035408 5.905512 3.937008 50.787350 5.905511 -0.000000 50.787346 5.905512 0.000000 46.556332 5.905512 0.000000 46.062939 5.905512 0.393701 46.062939 5.905512 3.543307 46.062935 5.905512 3.937008 46.062939 5.905511 3.937008 45.904701 5.314961 3.543307 46.062935 5.905512 3.543307 45.904701 5.314961 3.937008 46.062939 5.905511 3.543307 45.472385 4.882647 3.937008 45.472385 4.882647 3.543307 44.881836 4.724409 3.937008 44.881836 4.724409 3.543307 42.405819 4.724409 3.937008 44.881836 4.724409 3.543307 44.881836 4.724409 3.937008 42.405819 4.724409 3.543307 41.815266 4.882647 3.937008 42.405819 4.724409 3.543307 42.405819 4.724409 3.937008 41.815266 4.882647 3.543307 41.382954 5.314961 3.937008 41.382954 5.314961 3.543307 41.224716 5.905512 3.937008 41.224716 5.905512 0.000000 10.236220 5.905512 0.393701 41.224716 5.905512 0.000000 41.224716 5.905512 1.968504 9.645670 5.905512 3.543307 41.224716 5.905512 3.937008 10.236220 5.905512 3.937008 41.224716 5.905512 3.937008 10.236220 5.905512 1.968504 9.566550 5.610236 3.937008 10.077983 5.314961 1.968504 9.645670 5.905512 1.968504 9.350393 5.394080 3.937008 9.645669 4.882647 1.968504 8.980020 5.294838 3.937008 9.055119 4.724409 3.937008 5.118110 4.724409 1.968504 5.193209 5.294838 3.937008 4.527559 4.882647 1.968504 4.822835 5.394080 3.937008 4.095246 5.314961 1.968504 4.606678 5.610236 3.937008 3.937008 5.905512 1.968504 4.527559 5.905512 0.000000 0.000000 5.905512 1.968504 4.527559 5.905512 0.000000 3.937008 5.905512 3.937008 0.000000 5.905512 3.937008 3.937008 5.905512 3.937008 0.000000 3.543307 0.000000 0.000000 5.905512 0.000000 0.000000 3.543307 3.937008 0.000000 5.905512 3.937008 0.629921 2.125984 0.000000 0.000000 3.543307 0.000000 0.629921 2.125984 3.937008 0.000000 3.543307 3.937008 1.889764 1.062992 0.000000 0.629921 2.125984 0.000000 1.889764 1.062992 3.937008 0.629921 2.125984 3.937008 3.779527 0.354331 0.000000 1.889764 1.062992 0.000000 3.779527 0.354331 3.937008 1.889764 1.062992 3.937008 6.299213 0.000000 0.000000 3.779527 0.354331 0.000000 6.299213 0.000000 3.937008 3.779527 0.354331 3.937008 18.110235 0.000000 0.000000 6.299213 0.000000 0.000000 18.110235 0.000000 3.937008 6.299213 0.000000 0.000000 3.937008 5.905512 0.000000 0.000000 3.543307 0.000000 0.000000 5.905512 0.000000 0.629921 2.125984 0.000000 1.889764 1.062992 0.000000 3.779527 0.354331 0.000000 4.095246 5.314961 0.000000 6.299213 0.000000 0.000000 4.527559 4.882647 0.000000 5.118110 4.724409 0.000000 9.055119 4.724409 0.000000 18.110235 0.000000 0.000000 9.645670 4.882647 0.000000 10.077983 5.314961 0.000000 10.236220 5.905512 0.000000 41.224716 5.905512 0.000000 41.382954 5.314961 0.000000 44.488136 0.000000 0.000000 41.815266 4.882647 0.000000 42.405819 4.724409 0.000000 44.881836 4.724409 0.000000 47.244038 0.000000 0.000000 45.472385 4.882647 0.000000 45.904701 5.314961 0.000000 46.062939 5.905512 0.000000 46.556332 5.905512 0.000000 48.035408 5.905512 0.000000 49.015690 0.590551 -0.000000 50.787346 5.905512 0.000000 50.196796 1.771654 0.000000 50.787350 3.543307 0.393701 45.904701 5.314961 0.000000 46.062939 5.905512 0.000000 45.904701 5.314961 0.393701 46.062939 5.905512 0.393701 41.224716 5.905512 3.543307 46.062935 5.905512 0.393701 46.062939 5.905512 3.543307 41.224716 5.905512 3.543307 41.382954 5.314961 3.543307 46.062935 5.905512 3.543307 41.224716 5.905512 3.543307 41.815266 4.882647 3.543307 42.405819 4.724409 3.543307 44.881836 4.724409 3.543307 45.472385 4.882647 3.543307 45.904701 5.314961 0.000000 41.224716 5.905512 0.393701 41.382954 5.314961 0.000000 41.382954 5.314961 0.393701 41.224716 5.905512 1.968504 9.566550 5.610236 0.000000 10.236220 5.905512 0.000000 10.077983 5.314961 1.968504 9.645670 5.905512 1.968504 9.350393 5.394080 0.000000 9.645670 4.882647 0.000000 9.055119 4.724409 1.968504 8.980020 5.294838 0.000000 5.118110 4.724409 1.968504 5.193209 5.294838 1.968504 4.822835 5.394080 0.000000 4.527559 4.882647 0.000000 4.095246 5.314961 1.968504 4.606678 5.610236 0.000000 3.937008 5.905512 1.968504 4.527559 5.905512 0.393701 41.815266 4.882647 0.000000 41.815266 4.882647 0.393701 42.405819 4.724409 0.000000 42.405819 4.724409 0.000000 42.405819 4.724409 0.393701 44.881836 4.724409 0.000000 44.881836 4.724409 0.393701 42.405819 4.724409 0.000000 44.881836 4.724409 0.393701 45.472385 4.882647 0.000000 45.472385 4.882647 0.393701 44.881836 4.724409 0.393701 46.062939 5.905512 0.393701 41.382954 5.314961 0.393701 41.224716 5.905512 0.393701 41.815266 4.882647 0.393701 42.405819 4.724409 0.393701 44.881836 4.724409 0.393701 45.472385 4.882647 0.393701 45.904701 5.314961 "
								            />
							</IndexedFaceSet>
						</Shape>
					</Group>
				</Transform>
			</Transform>
			<Transform DEF="group_16_TRANSFORM"
			           translation="-45.975964 359.448242 157.063431"
			           scale="0.761905 0.761905 1.000000"
			           rotation="0.000000 1.000000 0.000000 0.000000"
			           >
				<Transform DEF="group_16_ifs_TRANSFORM"
				           translation="0.000000 -0.000031 -0.000015"
				           scale="1.000000 1.000000 1.000000"
				           rotation="0.000000 1.000000 0.000000 0.000000"
				           >
					<Group DEF="group_ME_ID113_002">
						<Shape>
							<Appearance>
								<Material USE="MA_material_022" />
							</Appearance>
							<IndexedFaceSet solid="false"
							                coordIndex="0 1 2 -1 1 0 3 -1 4 5 6 -1 5 4 7 -1 5 7 8 -1 8 7 9 -1 9 7 10 -1 9 10 11 -1 11 10 12 -1 11 12 13 -1 11 13 14 -1 14 13 15 -1 14 15 16 -1 16 15 17 -1 16 17 18 -1 18 17 19 -1 2 20 21 -1 20 2 1 -1 22 23 24 -1 23 22 25 -1 23 25 26 -1 26 25 27 -1 26 27 28 -1 28 27 29 -1 28 29 30 -1 30 29 31 -1 30 31 32 -1 32 31 33 -1 32 33 34 -1 34 33 35 -1 34 35 36 -1 36 35 37 -1 38 3 0 -1 3 38 39 -1 40 41 42 -1 41 40 43 -1 42 44 45 -1 44 42 41 -1 45 46 47 -1 46 45 44 -1 46 48 47 -1 48 46 49 -1 49 50 48 -1 50 49 51 -1 51 52 50 -1 52 51 53 -1 53 54 52 -1 54 53 55 -1 21 54 55 -1 54 21 20 -1 38 56 39 -1 56 38 57 -1 57 58 56 -1 58 57 59 -1 59 60 58 -1 60 59 61 -1 61 62 60 -1 62 61 63 -1 62 43 40 -1 43 62 63 -1 "
							                >
								<Coordinate DEF="coords_ME_ID113_002"
								            point="0.629342 11.431635 51.727161 0.000000 8.267716 -11.417322 0.000000 8.267716 51.727161 0.629342 11.431635 -11.417322 0.629342 11.431635 -11.417322 0.629342 5.103798 -11.417322 0.000000 8.267716 -11.417322 2.421558 14.113874 -11.417322 2.421558 2.421558 -11.417322 5.103798 0.629342 -11.417322 5.103798 15.906091 -11.417322 8.267716 0.000000 -11.417322 8.267716 16.535433 -11.417322 11.431634 15.906091 -11.417322 11.431634 0.629342 -11.417322 14.113874 14.113874 -11.417322 14.113874 2.421558 -11.417322 15.906091 11.431635 -11.417322 15.906091 5.103798 -11.417322 16.535433 8.267716 -11.417322 0.629342 5.103798 -11.417322 0.629342 5.103798 51.727161 0.629342 5.103798 51.727161 0.629342 11.431635 51.727161 0.000000 8.267716 51.727161 2.421558 2.421558 51.727161 2.421558 14.113874 51.727161 5.103798 0.629342 51.727161 5.103798 15.906091 51.727161 8.267716 0.000000 51.727161 8.267716 16.535433 51.727161 11.431634 0.629342 51.727161 11.431634 15.906091 51.727161 14.113874 2.421558 51.727161 14.113874 14.113874 51.727161 15.906091 5.103798 51.727161 15.906091 11.431635 51.727161 16.535433 8.267716 51.727161 2.421558 14.113874 51.727161 2.421558 14.113874 -11.417322 15.906091 11.431635 -11.417322 16.535433 8.267716 51.727161 16.535433 8.267716 -11.417322 15.906091 11.431635 51.727161 15.906091 5.103798 51.727161 15.906091 5.103798 -11.417322 14.113874 2.421558 51.727161 14.113874 2.421558 -11.417322 11.431634 0.629342 -11.417322 11.431634 0.629342 51.727161 8.267716 0.000000 -11.417322 8.267716 0.000000 51.727161 5.103798 0.629342 -11.417322 5.103798 0.629342 51.727161 2.421558 2.421558 -11.417322 2.421558 2.421558 51.727161 5.103798 15.906091 -11.417322 5.103798 15.906091 51.727161 8.267716 16.535433 -11.417322 8.267716 16.535433 51.727161 11.431634 15.906091 -11.417322 11.431634 15.906091 51.727161 14.113874 14.113874 -11.417322 14.113874 14.113874 51.727161 "
								            />
							</IndexedFaceSet>
						</Shape>
					</Group>
				</Transform>
			</Transform>
			<Transform DEF="group_17_TRANSFORM"
			           translation="-80.650314 375.659607 164.543747"
			           scale="1.000000 1.000000 1.000000"
			           rotation="0.000000 1.000000 0.000000 0.000000"
			           >
				<Transform DEF="group_18_TRANSFORM"
				           translation="4.454216 23.823303 0.000000"
				           scale="1.000000 1.000000 1.000000"
				           rotation="0.000000 0.000000 -1.000000 0.785398"
				           >
					<Transform DEF="group_18_ifs_TRANSFORM"
					           translation="0.000034 -0.000027 0.000000"
					           scale="1.000000 1.000000 1.000000"
					           rotation="0.000000 1.000000 0.000000 0.000000"
					           >
						<Group DEF="group_ME_ID121_002">
							<Shape>
								<Appearance>
									<Material USE="MA_material_022" />
								</Appearance>
								<IndexedFaceSet solid="false"
								                coordIndex="0 1 2 -1 3 4 5 -1 4 3 6 -1 6 3 7 -1 7 3 8 -1 8 3 9 -1 1 10 11 -1 10 1 0 -1 10 0 12 -1 10 12 13 -1 10 13 5 -1 10 5 14 -1 14 5 4 -1 10 14 15 -1 10 15 16 -1 10 16 17 -1 10 17 18 -1 10 18 19 -1 10 19 20 -1 10 20 21 -1 22 23 24 -1 25 26 27 -1 26 25 23 -1 26 23 28 -1 28 23 29 -1 29 23 22 -1 30 31 32 -1 31 30 33 -1 34 35 36 -1 35 34 37 -1 38 39 40 -1 39 38 41 -1 42 43 44 -1 43 42 45 -1 46 47 48 -1 47 46 49 -1 50 51 52 -1 51 50 53 -1 54 55 56 -1 55 54 57 -1 58 59 60 -1 59 58 61 -1 62 63 64 -1 63 62 65 -1 66 67 68 -1 67 66 69 -1 68 70 71 -1 70 68 67 -1 72 73 74 -1 73 72 75 -1 76 72 74 -1 72 76 77 -1 78 77 76 -1 77 78 79 -1 80 81 82 -1 81 80 83 -1 84 85 86 -1 85 84 87 -1 88 84 89 -1 84 88 87 -1 90 89 91 -1 89 90 88 -1 92 93 94 -1 93 92 95 -1 96 97 98 -1 97 96 99 -1 100 101 102 -1 101 100 103 -1 104 105 106 -1 105 104 107 -1 108 109 110 -1 109 108 111 -1 111 108 112 -1 111 112 113 -1 113 112 114 -1 113 114 115 -1 115 114 116 -1 115 116 117 -1 117 116 118 -1 117 118 119 -1 119 118 120 -1 119 120 121 -1 121 120 122 -1 121 122 123 -1 124 125 126 -1 125 124 127 -1 128 129 130 -1 129 128 131 -1 131 128 132 -1 131 132 133 -1 133 132 134 -1 133 134 135 -1 135 134 136 -1 135 136 137 -1 137 136 138 -1 137 138 139 -1 139 138 140 -1 139 140 141 -1 141 140 142 -1 141 142 143 -1 144 145 146 -1 145 144 147 -1 148 149 150 -1 149 148 151 -1 151 148 152 -1 152 148 153 -1 153 148 154 -1 154 148 155 -1 155 148 156 -1 156 148 157 -1 157 148 158 -1 158 148 159 -1 159 148 160 -1 160 148 161 -1 161 148 162 -1 162 148 163 -1 155 164 165 -1 164 155 156 -1 165 164 166 -1 165 166 167 -1 165 167 168 -1 165 168 169 -1 170 171 172 -1 171 170 173 -1 174 175 176 -1 175 174 177 -1 178 179 180 -1 179 178 181 -1 182 183 184 -1 183 182 185 -1 186 173 170 -1 173 186 187 -1 188 187 186 -1 187 188 189 -1 190 191 192 -1 191 190 193 -1 194 195 196 -1 195 194 197 -1 198 197 194 -1 197 198 199 -1 200 198 201 -1 198 200 199 -1 202 203 204 -1 203 202 205 -1 206 207 208 -1 207 206 209 -1 210 211 212 -1 211 210 213 -1 "
								                >
									<Coordinate DEF="coords_ME_ID121_002"
									            point="-0.157480 3.937008 0.354331 6.299213 3.937008 0.000000 2.362205 3.937008 0.000000 -3.937008 3.937008 5.905512 1.968504 3.937008 4.724409 -3.937008 3.937008 3.543307 1.377953 3.937008 4.882647 0.945639 3.937008 5.314961 0.787402 3.937008 5.905512 -1.574803 3.937008 5.905512 49.677654 3.937008 8.267716 49.677654 3.937008 -0.000000 -2.047244 3.937008 1.062992 -3.307087 3.937008 2.125984 6.692914 3.937008 4.724409 7.283464 3.937008 4.882647 7.715778 3.937008 5.314961 7.874016 3.937008 5.905512 7.771616 3.937008 6.500865 7.501457 3.937008 7.041184 7.086615 3.937008 7.480315 7.086615 3.937008 8.267716 49.677654 -0.000000 8.267716 7.086615 0.393701 8.267716 7.086615 -0.000000 8.267716 1.574803 0.393701 8.267716 7.086615 3.543307 8.267716 1.574803 3.543307 8.267716 7.086615 3.937008 8.267716 49.677654 3.937008 8.267716 49.677654 3.937008 -0.000000 49.677654 -0.000000 8.267716 49.677654 -0.000000 0.000000 49.677654 3.937008 8.267716 49.677654 3.937008 -0.000000 6.299213 -0.000000 0.000000 6.299213 3.937008 0.000000 49.677654 -0.000000 0.000000 6.299213 3.937008 0.000000 2.362205 -0.000000 0.000000 2.362205 3.937008 0.000000 6.299213 -0.000000 0.000000 2.362205 3.937008 0.000000 -0.157480 -0.000000 0.354331 -0.157480 3.937008 0.354331 2.362205 -0.000000 0.000000 -0.157480 3.937008 0.354331 -2.047244 -0.000000 1.062992 -2.047244 3.937008 1.062992 -0.157480 -0.000000 0.354331 -2.047244 3.937008 1.062992 -3.307087 -0.000000 2.125984 -3.307087 3.937008 2.125984 -2.047244 -0.000000 1.062992 -3.937008 -0.000000 3.543307 -3.307087 3.937008 2.125984 -3.307087 -0.000000 2.125984 -3.937008 3.937008 3.543307 -3.937008 3.937008 5.905512 -3.937008 -0.000000 3.543307 -3.937008 -0.000000 5.905512 -3.937008 3.937008 3.543307 -3.937008 -0.000000 5.905512 -1.574803 3.937008 5.905512 -3.937008 3.937008 5.905512 -1.574803 -0.000000 5.905512 0.787402 -0.000000 5.905512 0.787402 3.543307 5.905512 -1.574803 -0.000000 5.905512 0.787402 0.393701 5.905512 0.787402 3.937008 5.905512 -1.574803 3.937008 5.905512 0.945639 3.937008 5.314961 0.787402 3.543307 5.905512 0.945639 3.543307 5.314961 0.787402 3.937008 5.905512 1.377953 3.543307 4.882647 1.377953 3.937008 4.882647 1.968504 3.543307 4.724409 1.968504 3.937008 4.724409 6.692914 3.543307 4.724409 1.968504 3.937008 4.724409 1.968504 3.543307 4.724409 6.692914 3.937008 4.724409 7.283464 3.543307 4.882647 6.692914 3.937008 4.724409 6.692914 3.543307 4.724409 7.283464 3.937008 4.882647 7.715778 3.937008 5.314961 7.715778 3.543307 5.314961 7.874016 3.937008 5.905512 7.874016 3.543307 5.905512 7.771616 3.937008 6.500865 7.874016 3.543307 5.905512 7.771616 3.543307 6.500865 7.874016 3.937008 5.905512 7.501457 3.937008 7.041184 7.771616 3.543307 6.500865 7.501457 3.543307 7.041184 7.771616 3.937008 6.500865 7.086615 3.937008 7.480315 7.501457 3.543307 7.041184 7.086615 3.543307 7.480315 7.501457 3.937008 7.041184 7.086615 3.543307 8.267716 7.086615 3.937008 7.480315 7.086615 3.543307 7.480315 7.086615 3.937008 8.267716 1.377953 3.543307 4.882647 6.692914 3.543307 4.724409 1.968504 3.543307 4.724409 7.283464 3.543307 4.882647 0.945639 3.543307 5.314961 7.715778 3.543307 5.314961 0.787402 3.543307 5.905512 7.874016 3.543307 5.905512 0.889800 3.543307 6.500865 7.771616 3.543307 6.500865 1.159960 3.543307 7.041184 7.501457 3.543307 7.041184 1.574803 3.543307 7.480315 7.086615 3.543307 7.480315 1.574803 3.543307 8.267716 7.086615 3.543307 8.267716 1.574803 0.393701 8.267716 1.574803 3.543307 7.480315 1.574803 0.393701 7.480315 1.574803 3.543307 8.267716 7.283464 0.393701 4.882647 1.968504 0.393701 4.724409 6.692914 0.393701 4.724409 1.377953 0.393701 4.882647 7.715778 0.393701 5.314961 0.945639 0.393701 5.314961 7.874016 0.393701 5.905512 0.787402 0.393701 5.905512 7.771616 0.393701 6.500865 0.889800 0.393701 6.500865 7.501457 0.393701 7.041184 1.159960 0.393701 7.041184 7.086615 0.393701 7.480315 1.574803 0.393701 7.480315 7.086615 0.393701 8.267716 1.574803 0.393701 8.267716 7.086615 -0.000000 8.267716 7.086615 0.393701 7.480315 7.086614 -0.000000 7.480315 7.086615 0.393701 8.267716 49.677654 -0.000000 8.267716 6.299213 -0.000000 0.000000 49.677654 -0.000000 0.000000 2.362205 -0.000000 0.000000 -0.157480 -0.000000 0.354331 -2.047244 -0.000000 1.062992 -3.307087 -0.000000 2.125984 -3.937008 -0.000000 3.543307 6.692914 -0.000000 4.724409 7.283464 -0.000000 4.882647 7.715778 -0.000000 5.314961 7.874016 -0.000000 5.905512 7.771616 -0.000000 6.500865 7.501457 -0.000000 7.041184 7.086614 -0.000000 7.480315 7.086615 -0.000000 8.267716 1.968504 -0.000000 4.724409 -3.937008 -0.000000 5.905512 1.377953 -0.000000 4.882647 0.945639 -0.000000 5.314961 0.787402 -0.000000 5.905512 -1.574803 -0.000000 5.905512 0.945639 -0.000000 5.314961 0.787402 0.393701 5.905512 0.787402 -0.000000 5.905512 0.945639 0.393701 5.314961 0.889800 0.393701 6.500865 0.787402 3.543307 5.905512 0.787402 0.393701 5.905512 0.889800 3.543307 6.500865 1.159960 3.543307 7.041184 0.889800 0.393701 6.500865 1.159960 0.393701 7.041184 0.889800 3.543307 6.500865 1.574803 3.543307 7.480315 1.159960 0.393701 7.041184 1.574803 0.393701 7.480315 1.159960 3.543307 7.041184 1.377953 -0.000000 4.882647 1.377953 0.393701 4.882647 1.968504 -0.000000 4.724409 1.968504 0.393701 4.724409 6.692914 -0.000000 4.724409 1.968504 0.393701 4.724409 1.968504 -0.000000 4.724409 6.692914 0.393701 4.724409 7.283464 -0.000000 4.882647 6.692914 0.393701 4.724409 6.692914 -0.000000 4.724409 7.283464 0.393701 4.882647 7.715778 -0.000000 5.314961 7.715778 0.393701 5.314961 7.874016 0.393701 5.905512 7.874016 -0.000000 5.905512 7.771616 -0.000000 6.500865 7.874016 0.393701 5.905512 7.874016 -0.000000 5.905512 7.771616 0.393701 6.500865 7.501457 0.393701 7.041184 7.771616 -0.000000 6.500865 7.501457 -0.000000 7.041184 7.771616 0.393701 6.500865 7.086615 0.393701 7.480315 7.501457 -0.000000 7.041184 7.086614 -0.000000 7.480315 7.501457 0.393701 7.041184 "
									            />
								</IndexedFaceSet>
							</Shape>
						</Group>
					</Transform>
				</Transform>
				<Transform DEF="instance_0_TRANSFORM"
				           translation="9.465210 26.607178 5.898499"
				           scale="1.000000 1.000000 1.000000"
				           rotation="0.000000 0.000000 1.000000 2.356194"
				           >
					<Transform DEF="instance_0_ifs_TRANSFORM"
					           translation="-0.000008 0.000023 0.000000"
					           scale="1.000000 1.000000 1.000000"
					           rotation="0.000000 1.000000 0.000000 0.000000"
					           >
						<Group DEF="group_ME_ID129_001">
							<Shape>
								<Appearance>
								</Appearance>
								<IndexedFaceSet solid="false"
								                coordIndex="0 1 2 -1 1 0 3 -1 1 3 4 -1 5 6 7 -1 6 5 8 -1 9 10 11 -1 10 9 12 -1 13 14 15 -1 14 13 16 -1 2 17 18 -1 17 2 1 -1 17 1 4 -1 17 4 19 -1 20 21 22 -1 21 20 23 -1 24 8 5 -1 8 24 25 -1 26 16 13 -1 16 26 27 -1 18 28 29 -1 28 18 17 -1 28 17 19 -1 28 19 30 -1 31 22 32 -1 22 31 20 -1 33 25 24 -1 25 33 34 -1 35 27 26 -1 27 35 36 -1 37 38 39 -1 38 37 40 -1 40 37 41 -1 42 32 43 -1 32 42 31 -1 44 45 46 -1 45 44 47 -1 48 49 50 -1 49 48 51 -1 52 53 54 -1 53 52 55 -1 56 57 58 -1 57 56 59 -1 "
								                >
									<Coordinate DEF="coords_ME_ID129_001"
									            point="5.511811 0.787402 0.000000 5.614210 6.299213 0.595353 5.614210 0.685003 0.595353 5.511811 6.299213 0.000000 5.614210 6.401612 0.595353 5.614210 0.685003 0.595353 0.787402 0.787402 0.000000 5.511811 0.787402 0.000000 0.685003 0.685003 0.595353 5.511811 6.299213 0.000000 0.787402 0.787402 0.000000 0.787402 6.299213 0.000000 5.511811 0.787402 0.000000 0.685003 6.401612 0.595353 5.511811 6.299213 0.000000 0.787402 6.299213 0.000000 5.614210 6.401612 0.595353 5.884369 6.299213 1.135672 5.884369 0.414843 1.135672 5.884369 6.671771 1.135672 0.685003 6.401612 0.595353 0.787402 0.787402 0.000000 0.685003 0.685003 0.595353 0.787402 6.299213 0.000000 5.884369 0.414843 1.135672 0.414843 0.414843 1.135672 0.414843 6.671771 1.135672 5.884369 6.671771 1.135672 6.299213 6.299213 1.574803 6.299213 0.000000 1.574803 6.299213 7.086615 1.574803 0.414843 6.671771 1.135672 0.414843 0.414843 1.135672 6.299213 0.000000 1.574803 0.000000 0.000000 1.574803 0.000000 7.086615 1.574803 6.299213 7.086615 1.574803 6.299213 6.299213 1.574803 6.299213 0.000000 2.362205 6.299213 0.000000 1.574803 6.299213 7.086615 2.362205 6.299213 7.086615 1.574803 0.000000 7.086615 1.574803 0.000000 0.000000 1.574803 6.299213 0.000000 2.362205 0.000000 0.000000 1.574803 6.299213 0.000000 1.574803 0.000000 0.000000 2.362205 0.000000 7.086615 2.362205 6.299213 7.086615 1.574803 0.000000 7.086615 1.574803 6.299213 7.086615 2.362205 6.299213 0.000000 2.362205 0.000000 7.086615 2.362205 0.000000 0.000000 2.362205 6.299213 7.086615 2.362205 0.000000 7.086615 2.362205 0.000000 0.000000 1.574803 0.000000 0.000000 2.362205 0.000000 7.086615 1.574803 "
									            />
								</IndexedFaceSet>
							</Shape>
						</Group>
					</Transform>
				</Transform>
			</Transform>
			<Transform DEF="group_19_TRANSFORM"
			           translation="-92.440849 350.786835 186.970657"
			           scale="1.000000 1.000000 1.000000"
			           rotation="0.000000 1.000000 0.000000 0.000000"
			           >
				<Transform DEF="instance_1_TRANSFORM"
				           translation="1.583000 24.015747 0.014038"
				           scale="1.000000 1.000000 1.000000"
				           rotation="0.000000 1.000000 0.000000 0.000000"
				           >
					<Transform DEF="instance_1_ifs_TRANSFORM"
					           translation="0.000000 0.000000 0.000000"
					           scale="1.000000 1.000000 1.000000"
					           rotation="0.000000 1.000000 0.000000 0.000000"
					           >
						<Group DEF="group_ME_ID138_004">
							<Shape>
								<Appearance>
								</Appearance>
								<IndexedFaceSet solid="false"
								                coordIndex="0 1 2 -1 1 0 3 -1 4 5 6 -1 5 4 7 -1 8 9 10 -1 9 8 11 -1 12 13 14 -1 13 12 15 -1 15 12 10 -1 15 10 9 -1 16 17 18 -1 17 16 19 -1 17 19 20 -1 20 19 21 -1 21 19 22 -1 22 19 23 -1 24 18 17 -1 25 26 27 -1 26 25 28 -1 29 30 31 -1 30 29 32 -1 30 32 33 -1 31 34 35 -1 34 31 30 -1 35 34 36 -1 37 38 39 -1 38 37 40 -1 41 42 43 -1 42 41 44 -1 45 46 47 -1 46 45 48 -1 49 50 51 -1 50 49 52 -1 50 52 53 -1 51 54 55 -1 54 51 50 -1 55 54 56 -1 57 58 59 -1 58 57 60 -1 61 62 63 -1 62 61 64 -1 62 64 65 -1 62 65 66 -1 67 68 69 -1 68 67 70 -1 71 72 73 -1 72 71 74 -1 75 76 77 -1 76 75 78 -1 79 80 81 -1 80 79 82 -1 83 64 61 -1 64 83 84 -1 64 84 85 -1 64 85 65 -1 86 87 88 -1 87 86 89 -1 77 90 91 -1 90 77 76 -1 81 92 93 -1 92 81 80 -1 94 84 83 -1 84 94 95 -1 84 95 85 -1 89 96 87 -1 96 89 97 -1 91 98 99 -1 98 91 90 -1 93 100 101 -1 100 93 92 -1 102 103 104 -1 103 102 105 -1 97 106 96 -1 106 97 107 -1 "
								                >
									<Coordinate DEF="coords_ME_ID138_004"
									            point="6.299213 5.511811 3.937008 5.118110 5.511811 2.362205 6.299213 5.511811 2.362205 5.118110 5.511811 3.937008 5.118110 7.086615 3.937008 5.118110 5.511811 2.362205 5.118110 5.511811 3.937008 5.118110 7.086615 2.362205 6.299213 1.574803 2.362205 5.118110 5.511811 2.362205 5.118110 1.574803 2.362205 6.299213 5.511811 2.362205 5.118110 0.000000 2.362205 1.181102 7.086615 2.362205 1.181102 0.000000 2.362205 5.118110 7.086615 2.362205 6.299213 0.000000 1.574803 6.299213 1.574803 2.362205 6.299213 0.000000 3.937008 6.299213 6.299213 1.574803 6.299213 5.511811 2.362205 6.299213 5.511811 3.937008 6.299213 7.086615 3.937008 6.299213 7.086615 1.574803 6.299213 1.574803 3.937008 6.299213 5.511811 3.937008 5.118110 7.086615 3.937008 5.118110 5.511811 3.937008 6.299213 7.086615 3.937008 0.000000 7.086615 1.574803 1.181102 7.086615 2.362205 6.299213 7.086615 1.574803 0.000000 7.086615 3.937008 1.181102 7.086615 3.937008 5.118110 7.086615 2.362205 6.299213 7.086615 3.937008 5.118110 7.086615 3.937008 5.118110 1.574803 3.937008 5.118110 0.000000 2.362205 5.118110 0.000000 3.937008 5.118110 1.574803 2.362205 5.118110 1.574803 3.937008 6.299213 1.574803 2.362205 5.118110 1.574803 2.362205 6.299213 1.574803 3.937008 1.181102 7.086615 2.362205 1.181102 0.000000 3.937008 1.181102 0.000000 2.362205 1.181102 7.086615 3.937008 6.299213 0.000000 1.574803 5.118110 0.000000 2.362205 0.000000 0.000000 1.574803 6.299213 0.000000 3.937008 5.118110 0.000000 3.937008 1.181102 0.000000 2.362205 0.000000 0.000000 3.937008 1.181102 0.000000 3.937008 6.299213 0.000000 3.937008 5.118110 1.574803 3.937008 5.118110 0.000000 3.937008 6.299213 1.574803 3.937008 5.884369 0.414843 1.135672 6.299213 6.299213 1.574803 6.299213 0.000000 1.574803 5.884369 6.299213 1.135672 5.884369 6.671771 1.135672 6.299213 7.086615 1.574803 0.000000 7.086615 3.937008 0.000000 0.000000 1.574803 0.000000 0.000000 3.937008 0.000000 7.086615 1.574803 1.181102 0.000000 3.937008 0.000000 7.086615 3.937008 0.000000 0.000000 3.937008 1.181102 7.086615 3.937008 0.000000 7.086615 1.574803 5.884369 6.671771 1.135672 0.414843 6.671771 1.135672 6.299213 7.086615 1.574803 6.299213 0.000000 1.574803 0.414843 0.414843 1.135672 5.884369 0.414843 1.135672 0.000000 0.000000 1.574803 5.614210 0.685003 0.595353 5.614210 6.299213 0.595353 5.614210 6.401612 0.595353 0.000000 7.086615 1.574803 0.414843 0.414843 1.135672 0.000000 0.000000 1.574803 0.414843 6.671771 1.135672 5.614210 6.401612 0.595353 0.685003 6.401612 0.595353 0.685003 0.685003 0.595353 5.614210 0.685003 0.595353 5.511811 0.787402 0.000000 5.511811 6.299213 0.000000 0.685003 0.685003 0.595353 0.685003 6.401612 0.595353 5.511811 6.299213 0.000000 0.787402 6.299213 0.000000 0.787402 0.787402 0.000000 5.511811 0.787402 0.000000 5.511811 6.299213 0.000000 0.787402 0.787402 0.000000 0.787402 6.299213 0.000000 5.511811 0.787402 0.000000 0.787402 0.787402 0.000000 0.787402 6.299213 0.000000 "
									            />
								</IndexedFaceSet>
							</Shape>
						</Group>
					</Transform>
				</Transform>
				<Transform DEF="instance_2_TRANSFORM"
				           translation="1.583054 35.826782 0.014038"
				           scale="1.000000 1.000000 1.000000"
				           rotation="0.000000 1.000000 0.000000 0.000000"
				           >
					<Transform DEF="instance_2_ifs_TRANSFORM"
					           translation="0.000000 0.000000 0.000000"
					           scale="1.000000 1.000000 1.000000"
					           rotation="0.000000 1.000000 0.000000 0.000000"
					           >
						<Group USE="group_ME_ID138_004" />
					</Transform>
				</Transform>
				<Transform DEF="instance_3_TRANSFORM"
				           translation="49.220791 66.141724 0.014038"
				           scale="1.000000 1.000000 1.000000"
				           rotation="0.000000 0.000000 -1.000000 1.570796"
				           >
					<Transform DEF="instance_3_ifs_TRANSFORM"
					           translation="-0.000003 0.000001 0.000000"
					           scale="1.000000 1.000000 1.000000"
					           rotation="0.000000 1.000000 0.000000 0.000000"
					           >
						<Group USE="group_ME_ID138_004" />
					</Transform>
				</Transform>
				<Transform DEF="instance_4_TRANSFORM"
				           translation="1.583000 0.000000 0.014038"
				           scale="1.000000 1.000000 1.000000"
				           rotation="0.000000 1.000000 0.000000 0.000000"
				           >
					<Transform DEF="instance_4_ifs_TRANSFORM"
					           translation="0.000000 0.000000 0.000000"
					           scale="1.000000 1.000000 1.000000"
					           rotation="0.000000 1.000000 0.000000 0.000000"
					           >
						<Group DEF="group_ME_ID148_003">
							<Shape>
								<Appearance>
								</Appearance>
								<IndexedFaceSet solid="false"
								                coordIndex="0 1 2 -1 1 0 3 -1 4 5 6 -1 5 4 7 -1 5 7 8 -1 9 10 11 -1 10 9 12 -1 13 14 15 -1 14 13 16 -1 17 3 0 -1 3 17 18 -1 19 20 21 -1 20 19 22 -1 6 23 24 -1 23 6 5 -1 23 5 8 -1 23 8 25 -1 26 15 27 -1 15 26 13 -1 28 18 17 -1 18 28 29 -1 30 22 19 -1 22 30 31 -1 24 32 33 -1 32 24 23 -1 32 23 25 -1 32 25 34 -1 35 27 36 -1 27 35 26 -1 37 38 39 -1 38 37 40 -1 38 40 41 -1 39 42 43 -1 42 39 38 -1 43 42 44 -1 45 31 30 -1 31 45 46 -1 47 48 49 -1 48 47 50 -1 50 47 51 -1 52 53 54 -1 53 52 55 -1 56 57 58 -1 57 56 59 -1 60 61 62 -1 61 60 63 -1 64 65 66 -1 65 64 67 -1 68 69 70 -1 69 68 71 -1 72 73 74 -1 73 72 75 -1 76 77 78 -1 77 76 79 -1 77 79 80 -1 78 81 82 -1 81 78 77 -1 82 81 83 -1 "
								                >
									<Coordinate DEF="coords_ME_ID148_003"
									            point="0.685003 4.826808 0.595353 5.511811 4.724409 0.000000 0.787402 4.724409 0.000000 5.614210 4.826808 0.595353 5.511811 0.787402 0.000000 5.614210 4.724409 0.595353 5.614210 0.685003 0.595353 5.511811 4.724409 0.000000 5.614210 4.826808 0.595353 5.511811 4.724409 0.000000 0.787402 0.787402 0.000000 0.787402 4.724409 0.000000 5.511811 0.787402 0.000000 0.685003 4.826808 0.595353 0.787402 0.787402 0.000000 0.685003 0.685003 0.595353 0.787402 4.724409 0.000000 0.414843 5.096968 1.135672 5.884369 5.096968 1.135672 5.614210 0.685003 0.595353 0.787402 0.787402 0.000000 5.511811 0.787402 0.000000 0.685003 0.685003 0.595353 5.884369 4.724409 1.135672 5.884369 0.414843 1.135672 5.884369 5.096968 1.135672 0.414843 5.096968 1.135672 0.414843 0.414843 1.135672 -0.000000 5.511811 1.574803 6.299213 5.511811 1.574803 5.884369 0.414843 1.135672 0.414843 0.414843 1.135672 6.299213 4.724409 1.574803 6.299213 0.000000 1.574803 6.299213 5.511811 1.574803 -0.000000 5.511811 1.574803 0.000000 0.000000 1.574803 -0.000000 5.511811 1.574803 1.181102 5.511811 2.362205 6.299213 5.511811 1.574803 -0.000000 5.511811 3.937008 1.181102 5.511811 3.937008 5.118110 5.511811 2.362205 6.299213 5.511811 3.937008 5.118110 5.511811 3.937008 6.299213 0.000000 1.574803 0.000000 0.000000 1.574803 6.299213 4.724409 1.574803 6.299213 0.000000 3.937008 6.299213 0.000000 1.574803 6.299213 5.511811 3.937008 6.299213 5.511811 1.574803 -0.000000 5.511811 3.937008 0.000000 0.000000 1.574803 0.000000 0.000000 3.937008 -0.000000 5.511811 1.574803 0.000000 0.000000 3.937008 1.181102 5.511811 3.937008 -0.000000 5.511811 3.937008 1.181102 0.000000 3.937008 1.181102 5.511811 2.362205 1.181102 0.000000 3.937008 1.181102 0.000000 2.362205 1.181102 5.511811 3.937008 1.181102 0.000000 2.362205 5.118110 5.511811 2.362205 1.181102 5.511811 2.362205 5.118110 0.000000 2.362205 5.118110 5.511811 3.937008 5.118110 0.000000 2.362205 5.118110 0.000000 3.937008 5.118110 5.511811 2.362205 5.118110 0.000000 3.937008 6.299213 5.511811 3.937008 5.118110 5.511811 3.937008 6.299213 0.000000 3.937008 6.299213 0.000000 1.574803 5.118110 0.000000 2.362205 0.000000 0.000000 1.574803 6.299213 0.000000 3.937008 5.118110 0.000000 3.937008 1.181102 0.000000 2.362205 0.000000 0.000000 3.937008 1.181102 0.000000 3.937008 "
									            />
								</IndexedFaceSet>
							</Shape>
						</Group>
					</Transform>
				</Transform>
				<Transform DEF="instance_5_TRANSFORM"
				           translation="36.622368 66.141724 0.014038"
				           scale="1.000000 1.000000 1.000000"
				           rotation="0.000000 0.000000 -1.000000 1.570796"
				           >
					<Transform DEF="instance_5_ifs_TRANSFORM"
					           translation="-0.000004 0.000001 0.000000"
					           scale="1.000000 1.000000 1.000000"
					           rotation="0.000000 1.000000 0.000000 0.000000"
					           >
						<Group USE="group_ME_ID138_004" />
					</Transform>
				</Transform>
				<Transform DEF="instance_6_TRANSFORM"
				           translation="24.811348 66.141663 0.014038"
				           scale="1.000000 1.000000 1.000000"
				           rotation="0.000000 0.000000 -1.000000 1.570796"
				           >
					<Transform DEF="instance_6_ifs_TRANSFORM"
					           translation="-0.000005 0.000001 0.000000"
					           scale="1.000000 1.000000 1.000000"
					           rotation="0.000000 1.000000 0.000000 0.000000"
					           >
						<Group USE="group_ME_ID138_004" />
					</Transform>
				</Transform>
				<Transform DEF="instance_7_TRANSFORM"
				           translation="1.583054 47.637787 0.014038"
				           scale="1.000000 1.000000 1.000000"
				           rotation="0.000000 1.000000 0.000000 0.000000"
				           >
					<Transform DEF="instance_7_ifs_TRANSFORM"
					           translation="0.000000 0.000000 0.000000"
					           scale="1.000000 1.000000 1.000000"
					           rotation="0.000000 1.000000 0.000000 0.000000"
					           >
						<Group USE="group_ME_ID138_004" />
					</Transform>
				</Transform>
				<Transform DEF="instance_8_TRANSFORM"
				           translation="1.583000 11.417328 0.014038"
				           scale="1.000000 1.000000 1.000000"
				           rotation="0.000000 1.000000 0.000000 0.000000"
				           >
					<Transform DEF="instance_8_ifs_TRANSFORM"
					           translation="0.000000 0.000000 0.000000"
					           scale="1.000000 1.000000 1.000000"
					           rotation="0.000000 1.000000 0.000000 0.000000"
					           >
						<Group USE="group_ME_ID138_004" />
					</Transform>
				</Transform>
				<Transform DEF="instance_9_TRANSFORM"
				           translation="62.212917 66.141724 0.014038"
				           scale="1.000000 1.000000 1.000000"
				           rotation="0.000000 0.000000 -1.000000 1.570796"
				           >
					<Transform DEF="instance_9_ifs_TRANSFORM"
					           translation="-0.000002 -0.000001 0.000000"
					           scale="1.000000 1.000000 1.000000"
					           rotation="0.000000 1.000000 0.000000 0.000000"
					           >
						<Group USE="group_ME_ID148_003" />
					</Transform>
				</Transform>
				<Transform DEF="instance_10_TRANSFORM"
				           translation="13.000320 66.141663 0.014038"
				           scale="1.000000 1.000000 1.000000"
				           rotation="0.000000 0.000000 -1.000000 1.570796"
				           >
					<Transform DEF="instance_10_ifs_TRANSFORM"
					           translation="-0.000006 0.000001 0.000000"
					           scale="1.000000 1.000000 1.000000"
					           rotation="0.000000 1.000000 0.000000 0.000000"
					           >
						<Group USE="group_ME_ID138_004" />
					</Transform>
				</Transform>
				<Transform DEF="instance_11_TRANSFORM"
				           translation="9.465210 63.270508 0.000000"
				           scale="1.000000 1.000000 1.000000"
				           rotation="0.000000 0.000000 1.000000 2.356194"
				           >
					<Transform DEF="instance_11_ifs_TRANSFORM"
					           translation="0.000004 -0.000011 0.000000"
					           scale="1.000000 1.000000 1.000000"
					           rotation="0.000000 1.000000 0.000000 0.000000"
					           >
						<Group USE="group_ME_ID129_001" />
					</Transform>
				</Transform>
			</Transform>
			<Transform DEF="group_20_TRANSFORM"
			           translation="-99.332352 264.960052 181.079178"
			           scale="1.000000 1.000000 1.000000"
			           rotation="0.000000 1.000000 0.000000 0.000000"
			           >
				<Transform DEF="group_21_TRANSFORM"
				           translation="33.277649 94.488190 0.000000"
				           scale="1.000000 1.000000 1.000000"
				           rotation="0.000000 1.000000 0.000000 0.000000"
				           >
					<Transform DEF="group_21_ifs_TRANSFORM"
					           translation="0.000000 0.000000 0.000000"
					           scale="1.000000 1.000000 1.000000"
					           rotation="0.000000 1.000000 0.000000 0.000000"
					           >
						<Group DEF="group_ME_ID163_002">
							<Shape>
								<Appearance>
									<Material USE="MA_material_022" />
								</Appearance>
								<IndexedFaceSet solid="false"
								                coordIndex="0 1 2 -1 1 0 3 -1 1 3 4 -1 4 3 5 -1 6 7 8 -1 7 6 9 -1 10 11 12 -1 11 10 13 -1 14 15 16 -1 15 14 17 -1 15 17 18 -1 19 20 21 -1 20 19 22 -1 23 24 25 -1 24 23 26 -1 27 28 29 -1 28 27 30 -1 31 32 33 -1 32 31 34 -1 34 31 35 -1 34 35 36 -1 37 38 39 -1 38 37 40 -1 41 42 43 -1 42 41 44 -1 45 46 47 -1 "
								                >
									<Coordinate DEF="coords_ME_ID163_002"
									            point="3.937008 -94.488182 0.000000 3.937008 53.937008 5.905512 3.937008 -94.488182 5.905512 3.937008 59.741249 0.000000 3.937008 64.071960 5.905512 3.937008 62.024715 0.787402 3.937008 -94.488182 5.905512 0.000000 53.937008 5.905512 -0.000000 -94.488182 5.905512 3.937008 53.937008 5.905512 3.937008 -94.488182 0.000000 -0.000000 -94.488182 5.905512 -0.000000 -94.488182 0.000000 3.937008 -94.488182 5.905512 0.000000 59.741249 0.000000 3.937008 -94.488182 0.000000 -0.000000 -94.488182 0.000000 1.968504 61.709755 0.000000 3.937008 59.741249 0.000000 3.937008 62.024715 0.787402 1.968504 61.709755 0.000000 1.968504 63.993217 0.787402 3.937008 59.741249 0.000000 1.968504 65.748032 5.174428 3.937008 62.024715 0.787402 1.968504 63.993217 0.787402 3.937008 64.071960 5.905512 3.937008 53.937008 5.905512 0.000000 64.071960 5.905512 0.000000 53.937008 5.905512 3.937008 64.071960 5.905512 0.000000 53.937008 5.905512 -0.000000 -94.488182 0.000000 -0.000000 -94.488182 5.905512 0.000000 59.741249 0.000000 0.000000 64.071960 5.905512 0.000000 62.024715 0.787402 1.968504 63.993217 0.787402 0.000000 59.741249 0.000000 0.000000 62.024715 0.787402 1.968504 61.709755 0.000000 0.000000 64.071960 5.905512 1.968504 63.993217 0.787402 0.000000 62.024715 0.787402 1.968504 65.748032 5.174428 3.937008 64.071960 5.905512 1.968504 65.748032 5.174428 0.000000 64.071960 5.905512 "
									            />
								</IndexedFaceSet>
							</Shape>
						</Group>
					</Transform>
				</Transform>
				<Transform DEF="group_22_TRANSFORM"
				           translation="15.601616 98.818878 0.000000"
				           scale="1.000000 1.000000 1.000000"
				           rotation="0.000000 1.000000 0.000000 0.000000"
				           >
					<Transform DEF="group_22_ifs_TRANSFORM"
					           translation="0.000000 0.000000 0.000000"
					           scale="1.000000 1.000000 1.000000"
					           rotation="0.000000 1.000000 0.000000 0.000000"
					           >
						<Group DEF="group_ME_ID170_003">
							<Shape>
								<Appearance>
									<Material USE="MA_material_022" />
								</Appearance>
								<IndexedFaceSet solid="false"
								                coordIndex="0 1 2 -1 1 0 3 -1 4 5 6 -1 5 4 7 -1 7 4 8 -1 8 4 9 -1 9 4 10 -1 10 4 11 -1 11 4 12 -1 13 7 8 -1 14 15 16 -1 15 14 17 -1 18 19 20 -1 19 18 21 -1 21 18 22 -1 22 18 23 -1 21 22 24 -1 21 24 25 -1 21 25 26 -1 21 26 27 -1 28 29 30 -1 29 28 31 -1 32 33 34 -1 33 32 35 -1 36 37 38 -1 37 36 39 -1 37 39 40 -1 41 42 43 -1 42 41 44 -1 45 46 47 -1 46 45 48 -1 49 50 51 -1 50 49 52 -1 53 54 55 -1 54 53 56 -1 57 58 59 -1 58 57 60 -1 61 62 63 -1 62 61 64 -1 65 66 67 -1 66 65 68 -1 69 70 71 -1 "
								                >
									<Coordinate DEF="coords_ME_ID170_003"
									            point="44.053982 0.000001 8.267716 -0.827905 3.937008 8.267716 -0.827905 0.000000 8.267716 44.053982 3.937009 8.267716 44.053982 0.000001 8.267716 -9.388056 0.000000 0.000000 44.053982 0.000001 -0.000000 -11.671519 0.000000 0.787402 -1.615307 0.000000 5.905512 -1.512908 0.000000 6.500865 -1.242749 0.000000 7.041184 -0.827905 0.000000 7.480315 -0.827905 0.000000 8.267716 -13.718764 0.000000 5.905512 44.053982 0.000001 -0.000000 44.053982 3.937009 8.267716 44.053982 0.000001 8.267716 44.053982 3.937009 0.000000 -11.671519 3.937008 0.787402 44.053982 3.937009 0.000000 -9.388056 3.937008 0.000000 44.053982 3.937009 8.267716 -1.615307 3.937008 5.905512 -13.718764 3.937008 5.905512 -1.512908 3.937008 6.500865 -1.242749 3.937008 7.041184 -0.827905 3.937008 7.480315 -0.827905 3.937008 8.267716 -0.827905 3.937008 8.267716 -0.827905 0.000000 7.480315 -0.827905 0.000000 8.267716 -0.827905 3.937008 7.480315 -11.356559 1.968504 0.000000 -11.671519 0.000000 0.787402 -13.640024 1.968504 0.787402 -9.388056 0.000000 0.000000 -9.388056 3.937008 0.000000 -9.388056 0.000000 0.000000 -11.356559 1.968504 0.000000 44.053982 3.937009 0.000000 44.053982 0.000001 -0.000000 -0.827905 3.937008 7.480315 -1.242749 0.000000 7.041184 -0.827905 0.000000 7.480315 -1.242749 3.937008 7.041184 -1.242749 3.937008 7.041184 -1.512908 0.000000 6.500865 -1.242749 0.000000 7.041184 -1.512908 3.937008 6.500865 -1.512908 3.937008 6.500865 -1.615307 0.000000 5.905512 -1.512908 0.000000 6.500865 -1.615307 3.937008 5.905512 -1.615307 0.000000 5.905512 -13.718764 3.937008 5.905512 -13.718764 0.000000 5.905512 -1.615307 3.937008 5.905512 -15.394834 1.968504 5.174428 -11.671519 0.000000 0.787402 -13.718764 0.000000 5.905512 -13.640024 1.968504 0.787402 -11.671519 3.937008 0.787402 -11.356559 1.968504 0.000000 -13.640024 1.968504 0.787402 -9.388056 3.937008 0.000000 -13.718764 3.937008 5.905512 -13.640024 1.968504 0.787402 -15.394834 1.968504 5.174428 -11.671519 3.937008 0.787402 -13.718764 3.937008 5.905512 -15.394834 1.968504 5.174428 -13.718764 0.000000 5.905512 "
									            />
								</IndexedFaceSet>
							</Shape>
						</Group>
					</Transform>
				</Transform>
				<Transform DEF="group_23_TRANSFORM"
				           translation="61.624104 144.841400 0.000000"
				           scale="-1.000000 -1.000000 -1.000000"
				           rotation="-0.707107 -0.707107 0.000000 3.141593"
				           >
					<Transform DEF="group_23_ifs_TRANSFORM"
					           translation="0.000003 0.000001 -0.000003"
					           scale="1.000000 1.000000 1.000000"
					           rotation="0.000000 1.000000 0.000000 0.000000"
					           >
						<Group DEF="group_ME_ID177_001">
							<Shape>
								<Appearance>
									<Material USE="MA_material_022" />
								</Appearance>
								<IndexedFaceSet solid="false"
								                coordIndex="0 1 2 -1 3 2 1 -1 4 5 6 -1 7 8 9 -1 9 8 10 -1 10 8 11 -1 11 8 4 -1 4 8 5 -1 5 8 12 -1 13 12 8 -1 14 15 16 -1 17 16 15 -1 18 19 20 -1 19 21 20 -1 21 22 20 -1 22 23 20 -1 24 25 23 -1 23 25 20 -1 20 25 26 -1 27 26 25 -1 28 29 30 -1 31 30 29 -1 32 33 34 -1 35 34 33 -1 36 37 38 -1 37 39 38 -1 40 38 39 -1 41 42 43 -1 44 43 42 -1 45 46 47 -1 48 47 46 -1 49 50 51 -1 52 51 50 -1 53 54 55 -1 56 55 54 -1 57 58 59 -1 60 59 58 -1 61 62 63 -1 64 63 62 -1 65 66 67 -1 68 67 66 -1 69 70 71 -1 "
								                >
									<Coordinate DEF="coords_ME_ID177_001"
									            point="44.053982 3.937009 8.267716 44.053982 0.000001 8.267716 -0.827905 3.937008 8.267716 -0.827905 -0.000000 8.267716 -1.615307 -0.000000 5.905512 -11.671519 0.000000 0.787402 -13.718764 -0.000000 5.905512 -0.827905 -0.000000 8.267716 44.053982 0.000001 8.267716 -0.827905 -0.000000 7.480315 -1.242749 -0.000000 7.041184 -1.512908 0.000000 6.500865 -9.388056 -0.000000 0.000000 44.053982 0.000001 -0.000000 44.053982 3.937009 0.000000 44.053982 0.000001 -0.000000 44.053982 3.937009 8.267716 44.053982 0.000001 8.267716 -0.827905 3.937008 8.267716 -0.827905 3.937008 7.480315 44.053982 3.937009 8.267716 -1.242749 3.937008 7.041184 -1.512908 3.937008 6.500865 -1.615307 3.937008 5.905512 -13.718764 3.937008 5.905512 -11.671519 3.937008 0.787402 44.053982 3.937009 0.000000 -9.388056 3.937008 0.000000 -0.827905 3.937008 7.480315 -0.827905 3.937008 8.267716 -0.827905 -0.000000 7.480315 -0.827905 -0.000000 8.267716 -9.388056 -0.000000 0.000000 -11.356559 1.968504 0.000000 -11.671519 0.000000 0.787402 -13.640024 1.968504 0.787402 44.053982 0.000001 -0.000000 44.053982 3.937009 0.000000 -9.388056 -0.000000 0.000000 -9.388056 3.937008 0.000000 -11.356559 1.968504 0.000000 -1.242749 3.937008 7.041184 -0.827905 3.937008 7.480315 -1.242749 -0.000000 7.041184 -0.827905 -0.000000 7.480315 -1.512908 3.937008 6.500865 -1.242749 3.937008 7.041184 -1.512908 0.000000 6.500865 -1.242749 -0.000000 7.041184 -1.512908 3.937008 6.500865 -1.512908 0.000000 6.500865 -1.615307 3.937008 5.905512 -1.615307 -0.000000 5.905512 -1.615307 3.937008 5.905512 -1.615307 -0.000000 5.905512 -13.718764 3.937008 5.905512 -13.718764 -0.000000 5.905512 -13.640024 1.968504 0.787402 -15.394835 1.968504 5.174428 -11.671519 0.000000 0.787402 -13.718764 -0.000000 5.905512 -9.388056 3.937008 0.000000 -11.671519 3.937008 0.787402 -11.356559 1.968504 0.000000 -13.640024 1.968504 0.787402 -11.671519 3.937008 0.787402 -13.718764 3.937008 5.905512 -13.640024 1.968504 0.787402 -15.394835 1.968504 5.174428 -13.718764 -0.000000 5.905512 -15.394835 1.968504 5.174428 -13.718764 3.937008 5.905512 "
									            />
								</IndexedFaceSet>
							</Shape>
						</Group>
					</Transform>
				</Transform>
				<Transform DEF="group_24_TRANSFORM"
				           translation="8.587074 149.072052 0.000000"
				           scale="1.000000 1.000000 1.000000"
				           rotation="0.000000 0.000000 -1.000000 0.785398"
				           >
					<Transform DEF="group_24_ifs_TRANSFORM"
					           translation="0.000023 -0.000023 0.000015"
					           scale="1.000000 1.000000 1.000000"
					           rotation="0.000000 1.000000 0.000000 0.000000"
					           >
						<Group DEF="group_ME_ID184_001">
							<Shape>
								<Appearance>
									<Material USE="MA_material_022" />
								</Appearance>
								<IndexedFaceSet solid="false"
								                coordIndex="0 1 2 -1 1 0 3 -1 4 5 6 -1 5 4 7 -1 7 4 8 -1 8 4 9 -1 8 10 7 -1 11 12 13 -1 12 11 14 -1 15 16 17 -1 18 19 20 -1 19 18 16 -1 19 16 15 -1 19 15 21 -1 22 23 24 -1 23 22 25 -1 26 27 28 -1 27 26 29 -1 30 31 32 -1 31 30 33 -1 34 35 36 -1 35 34 37 -1 38 39 40 -1 39 38 41 -1 41 38 42 -1 43 44 45 -1 44 43 46 -1 47 48 49 -1 48 47 50 -1 51 52 53 -1 "
								                >
									<Coordinate DEF="coords_ME_ID184_001"
									            point="71.645233 3.937009 -0.000000 5.865008 -0.000000 0.000000 5.865008 3.937008 0.000000 71.645233 0.000001 -0.000000 71.645233 0.000001 5.905511 5.865008 -0.000000 0.000000 71.645233 0.000001 -0.000000 -6.536567 0.000000 0.000000 -10.096717 0.000000 0.787402 -12.143961 0.000000 5.905512 -7.813252 0.000000 0.000000 5.865008 3.937008 0.000000 -6.536567 0.000000 0.000000 -6.536567 3.937008 0.000000 5.865008 -0.000000 0.000000 -10.096717 3.937008 0.787402 -6.536567 3.937008 0.000000 -7.813252 3.937008 0.000000 5.865008 3.937008 0.000000 71.645233 3.937009 5.905511 71.645233 3.937009 -0.000000 -12.143961 3.937008 5.905512 71.645233 0.000001 -0.000000 71.645233 3.937009 5.905511 71.645233 0.000001 5.905511 71.645233 3.937009 -0.000000 71.645233 0.000001 5.905511 -12.143961 3.937008 5.905512 -12.143961 0.000000 5.905512 71.645233 3.937009 5.905511 -13.820031 1.968504 5.174428 -10.096717 0.000000 0.787402 -12.143961 0.000000 5.905512 -12.065221 1.968504 0.787402 -9.781757 1.968504 0.000000 -10.096717 0.000000 0.787402 -12.065221 1.968504 0.787402 -7.813252 0.000000 0.000000 -7.813252 3.937008 0.000000 -7.813252 0.000000 0.000000 -9.781757 1.968504 0.000000 -6.536567 0.000000 0.000000 -6.536567 3.937008 0.000000 -10.096717 3.937008 0.787402 -9.781757 1.968504 0.000000 -12.065221 1.968504 0.787402 -7.813252 3.937008 0.000000 -13.820031 1.968504 5.174428 -10.096717 3.937008 0.787402 -12.065221 1.968504 0.787402 -12.143961 3.937008 5.905512 -12.143961 3.937008 5.905512 -13.820031 1.968504 5.174428 -12.143961 0.000000 5.905512 "
									            />
								</IndexedFaceSet>
							</Shape>
						</Group>
					</Transform>
				</Transform>
				<Transform DEF="group_25_TRANSFORM"
				           translation="65.954811 123.228333 0.000000"
				           scale="1.000000 1.000000 1.000000"
				           rotation="0.000000 0.000000 1.000000 1.570796"
				           >
					<Transform DEF="group_25_ifs_TRANSFORM"
					           translation="-0.000003 -0.000001 0.000000"
					           scale="1.000000 1.000000 1.000000"
					           rotation="0.000000 1.000000 0.000000 0.000000"
					           >
						<Group DEF="group_ME_ID191_002">
							<Shape>
								<Appearance>
									<Material USE="MA_material_022" />
								</Appearance>
								<IndexedFaceSet solid="false"
								                coordIndex="0 1 2 -1 1 0 3 -1 3 0 4 -1 3 4 5 -1 6 7 8 -1 7 6 9 -1 7 9 10 -1 11 12 13 -1 12 11 14 -1 15 16 17 -1 16 15 18 -1 19 20 21 -1 20 19 22 -1 23 24 25 -1 24 23 26 -1 27 28 29 -1 28 27 30 -1 31 32 33 -1 32 31 34 -1 35 36 37 -1 36 35 38 -1 38 35 39 -1 39 35 40 -1 41 42 43 -1 44 45 46 -1 45 44 47 -1 "
								                >
									<Coordinate DEF="coords_ME_ID191_002"
									            point="0.000000 53.937008 5.905512 -0.000000 -94.488182 -0.000000 -0.000000 -94.488182 5.905512 0.000000 59.741249 0.000000 0.000000 64.071960 5.905512 0.000000 62.024715 0.787402 0.000000 59.741249 0.000000 3.937007 -94.488182 -0.000000 -0.000000 -94.488182 -0.000000 1.968504 61.709755 0.000000 3.937008 59.741249 0.000000 3.937007 -94.488182 -0.000000 -0.000000 -94.488182 5.905512 -0.000000 -94.488182 -0.000000 3.937008 -94.488182 5.905512 3.937008 -94.488182 5.905512 0.000000 53.937008 5.905512 -0.000000 -94.488182 5.905512 3.937008 53.937008 5.905512 3.937008 53.937008 5.905512 0.000000 64.071960 5.905512 0.000000 53.937008 5.905512 3.937008 64.071960 5.905512 0.000000 64.071960 5.905512 1.968504 63.993217 0.787402 0.000000 62.024715 0.787402 1.968504 65.748032 5.174428 1.968504 63.993217 0.787402 0.000000 59.741249 0.000000 0.000000 62.024715 0.787402 1.968504 61.709755 0.000000 3.937008 62.024715 0.787402 1.968504 61.709755 0.000000 1.968504 63.993217 0.787402 3.937008 59.741249 0.000000 3.937008 59.741249 0.000000 3.937008 -94.488182 5.905512 3.937007 -94.488182 -0.000000 3.937008 53.937008 5.905512 3.937008 64.071960 5.905512 3.937008 62.024715 0.787402 3.937008 64.071960 5.905512 1.968504 65.748032 5.174428 0.000000 64.071960 5.905512 1.968504 65.748032 5.174428 3.937008 62.024715 0.787402 1.968504 63.993217 0.787402 3.937008 64.071960 5.905512 "
									            />
								</IndexedFaceSet>
							</Shape>
						</Group>
					</Transform>
				</Transform>
				<Transform DEF="group_26_TRANSFORM"
				           translation="21.466629 67.742218 0.000000"
				           scale="1.000000 1.000000 1.000000"
				           rotation="0.000000 1.000000 0.000000 0.000000"
				           >
					<Transform DEF="group_26_ifs_TRANSFORM"
					           translation="0.000000 0.000000 0.000000"
					           scale="1.000000 1.000000 1.000000"
					           rotation="0.000000 1.000000 0.000000 0.000000"
					           >
						<Group DEF="group_ME_ID198_002">
							<Shape>
								<Appearance>
									<Material USE="MA_material_022" />
								</Appearance>
								<IndexedFaceSet solid="false"
								                coordIndex="0 1 2 -1 1 0 3 -1 4 5 6 -1 5 4 7 -1 8 9 10 -1 11 12 13 -1 12 11 14 -1 14 11 15 -1 14 15 16 -1 14 16 17 -1 14 17 18 -1 18 17 19 -1 19 17 20 -1 20 17 21 -1 20 21 22 -1 22 21 23 -1 23 21 24 -1 24 21 25 -1 25 21 26 -1 26 21 27 -1 26 27 28 -1 29 30 31 -1 30 29 32 -1 33 34 35 -1 34 33 36 -1 37 38 39 -1 38 37 40 -1 40 37 41 -1 41 37 42 -1 42 37 43 -1 43 37 44 -1 43 44 45 -1 43 45 46 -1 43 46 47 -1 47 46 48 -1 47 48 49 -1 47 49 50 -1 47 50 51 -1 47 51 52 -1 47 52 53 -1 53 52 54 -1 55 56 57 -1 56 55 58 -1 58 55 59 -1 60 61 62 -1 61 60 63 -1 64 62 61 -1 62 64 65 -1 66 65 64 -1 65 66 67 -1 68 66 69 -1 66 68 67 -1 70 69 71 -1 69 70 68 -1 71 72 70 -1 72 71 73 -1 73 74 72 -1 74 73 75 -1 76 77 78 -1 77 76 79 -1 77 79 80 -1 81 82 83 -1 82 81 84 -1 85 86 87 -1 86 85 88 -1 89 90 91 -1 90 89 92 -1 93 94 95 -1 94 93 96 -1 97 98 99 -1 98 97 100 -1 101 102 103 -1 102 101 104 -1 105 106 107 -1 106 105 108 -1 106 108 109 -1 110 111 112 -1 111 110 113 -1 112 114 115 -1 114 112 111 -1 115 116 117 -1 116 115 114 -1 117 118 119 -1 118 117 116 -1 119 120 121 -1 120 119 118 -1 120 122 121 -1 122 120 123 -1 123 124 122 -1 124 123 125 -1 "
								                >
									<Coordinate DEF="coords_ME_ID198_002"
									            point="1.968504 92.494003 5.174428 3.937008 88.770691 0.787402 1.968504 90.739189 0.787402 3.937008 90.817940 5.905512 0.000000 90.817940 5.905512 1.968504 90.739189 0.787402 0.000000 88.770691 0.787402 1.968504 92.494003 5.174428 3.937008 90.817940 5.905512 1.968504 92.494003 5.174428 0.000000 90.817940 5.905512 3.937008 15.407393 2.125984 3.937008 14.934953 5.905512 3.937008 14.934953 3.543307 3.937008 18.871962 5.905512 3.937008 16.352276 1.062992 3.937008 17.769598 0.354331 3.937008 19.659361 0.000000 3.937008 19.030199 5.314961 3.937008 19.462511 4.882647 3.937008 20.053062 4.724409 3.937008 31.470385 0.000000 3.937008 29.895582 4.724409 3.937008 30.486134 4.882647 3.937008 30.918446 5.314961 3.937008 31.076683 5.905512 3.937008 90.817940 5.905512 3.937008 86.487228 0.000000 3.937008 88.770691 0.787402 3.937008 88.770691 0.787402 1.968504 88.455727 0.000000 1.968504 90.739189 0.787402 3.937008 86.487228 0.000000 1.968504 90.739189 0.787402 0.000000 86.487228 0.000000 0.000000 88.770691 0.787402 1.968504 88.455727 0.000000 0.000000 18.871962 5.905512 0.000000 14.934953 3.543307 0.000000 14.934953 5.905512 0.000000 15.407393 2.125984 0.000000 16.352276 1.062992 0.000000 17.769598 0.354331 0.000000 19.659361 0.000000 0.000000 19.030199 5.314961 0.000000 19.462511 4.882647 0.000000 20.053062 4.724409 0.000000 31.470385 0.000000 0.000000 29.895584 4.724409 0.000000 30.486134 4.882647 0.000000 30.918446 5.314961 0.000000 31.076683 5.905512 0.000000 90.817940 5.905512 0.000000 86.487228 0.000000 0.000000 88.770691 0.787402 1.968504 30.486134 5.905512 0.000000 90.817940 5.905512 0.000000 31.076683 5.905512 3.937008 90.817940 5.905512 3.937008 31.076683 5.905512 3.937008 31.076683 5.905512 1.968504 30.407015 5.610236 3.937008 30.918446 5.314961 1.968504 30.486134 5.905512 1.968504 30.190857 5.394080 3.937008 30.486134 4.882647 1.968504 29.820484 5.294838 3.937008 29.895582 4.724409 3.937008 20.053062 4.724409 1.968504 20.128160 5.294838 3.937008 19.462511 4.882647 1.968504 19.757788 5.394080 3.937008 19.030199 5.314961 1.968504 19.541632 5.610236 3.937008 18.871962 5.905512 1.968504 19.462511 5.905512 0.000000 14.934953 5.905512 1.968504 19.462511 5.905512 0.000000 18.871962 5.905512 3.937008 14.934953 5.905512 3.937008 18.871962 5.905512 3.937008 14.934953 5.905512 0.000000 14.934953 3.543307 3.937008 14.934953 3.543307 0.000000 14.934953 5.905512 3.937008 14.934953 3.543307 0.000000 15.407393 2.125984 3.937008 15.407393 2.125984 0.000000 14.934953 3.543307 3.937008 15.407393 2.125984 0.000000 16.352276 1.062992 3.937008 16.352276 1.062992 0.000000 15.407393 2.125984 3.937008 17.769598 0.354331 0.000000 16.352276 1.062992 0.000000 17.769598 0.354331 3.937008 16.352276 1.062992 3.937008 19.659361 0.000000 0.000000 17.769598 0.354331 0.000000 19.659361 0.000000 3.937008 17.769598 0.354331 3.937008 31.470385 0.000000 0.000000 19.659361 0.000000 0.000000 31.470385 0.000000 3.937008 19.659361 0.000000 0.000000 86.487228 0.000000 3.937008 31.470385 0.000000 0.000000 31.470385 0.000000 1.968504 88.455727 0.000000 3.937008 86.487228 0.000000 0.000000 18.871962 5.905512 1.968504 19.541632 5.610236 0.000000 19.030199 5.314961 1.968504 19.462511 5.905512 1.968504 19.757788 5.394080 0.000000 19.462511 4.882647 1.968504 20.128160 5.294838 0.000000 20.053062 4.724409 1.968504 29.820484 5.294838 0.000000 29.895584 4.724409 1.968504 30.190857 5.394080 0.000000 30.486134 4.882647 0.000000 30.918446 5.314961 1.968504 30.407015 5.610236 0.000000 31.076683 5.905512 1.968504 30.486134 5.905512 "
									            />
								</IndexedFaceSet>
							</Shape>
						</Group>
					</Transform>
				</Transform>
				<Transform DEF="group_27_TRANSFORM"
				           translation="9.655602 87.007874 0.000000"
				           scale="1.000000 1.000000 1.000000"
				           rotation="0.000000 1.000000 0.000000 0.000000"
				           >
					<Transform DEF="group_27_ifs_TRANSFORM"
					           translation="0.000000 0.000000 0.000000"
					           scale="1.000000 1.000000 1.000000"
					           rotation="0.000000 1.000000 0.000000 0.000000"
					           >
						<Group DEF="group_ME_ID205_003">
							<Shape>
								<Appearance>
									<Material USE="MA_material_022" />
								</Appearance>
								<IndexedFaceSet solid="false"
								                coordIndex="0 1 2 -1 1 0 3 -1 3 0 4 -1 4 0 5 -1 5 0 6 -1 6 0 7 -1 6 7 8 -1 6 8 9 -1 6 9 10 -1 6 10 11 -1 11 10 12 -1 12 10 13 -1 12 13 14 -1 12 14 15 -1 12 15 16 -1 12 16 17 -1 18 19 20 -1 19 18 21 -1 19 21 22 -1 23 24 25 -1 24 23 26 -1 27 28 29 -1 28 27 30 -1 31 32 33 -1 32 31 34 -1 35 36 37 -1 36 35 38 -1 39 40 41 -1 40 39 42 -1 43 44 45 -1 44 43 46 -1 47 48 49 -1 48 47 50 -1 48 50 51 -1 52 53 54 -1 53 52 55 -1 54 56 57 -1 56 54 53 -1 57 58 59 -1 58 57 56 -1 59 60 61 -1 60 59 58 -1 61 62 63 -1 62 61 60 -1 62 64 63 -1 64 62 65 -1 65 66 64 -1 66 65 67 -1 68 69 70 -1 69 68 71 -1 71 68 72 -1 73 74 75 -1 74 73 76 -1 77 78 79 -1 78 77 80 -1 81 82 83 -1 82 81 84 -1 85 86 87 -1 86 85 88 -1 86 88 89 -1 86 89 90 -1 86 90 91 -1 86 91 92 -1 92 91 93 -1 93 91 94 -1 94 91 95 -1 95 91 96 -1 95 96 97 -1 95 97 98 -1 98 97 99 -1 99 97 100 -1 100 97 101 -1 101 97 102 -1 103 104 105 -1 104 103 106 -1 107 105 108 -1 105 107 103 -1 107 109 110 -1 109 107 108 -1 110 111 112 -1 111 110 109 -1 112 113 114 -1 113 112 111 -1 114 115 116 -1 115 114 113 -1 117 116 115 -1 116 117 118 -1 119 120 121 -1 122 123 124 -1 123 122 125 -1 "
								                >
									<Coordinate DEF="coords_ME_ID205_003"
									            point="0.000000 3.543307 5.905512 0.000000 -0.393701 3.543307 0.000000 -0.393701 5.905512 0.000000 0.131234 2.362205 0.000000 1.181102 1.417323 0.000000 2.755905 0.708661 0.000000 4.855643 0.236220 0.000000 3.701545 5.314961 0.000000 4.133858 4.882647 0.000000 4.724409 4.724409 0.000000 10.629921 4.724409 0.000000 7.480315 0.000000 0.000000 67.221565 -0.000000 0.000000 11.220472 4.882647 0.000000 11.652785 5.314961 0.000000 11.811023 5.905512 0.000000 71.552277 5.905512 0.000000 69.505035 0.787402 0.000000 67.221565 -0.000000 3.937008 7.480315 0.000000 0.000000 7.480315 0.000000 1.968504 69.190071 -0.000000 3.937008 67.221565 -0.000000 3.937008 7.480315 0.000000 0.000000 4.855643 0.236220 0.000000 7.480315 0.000000 3.937008 4.855643 0.236220 3.937008 4.855643 0.236220 0.000000 2.755905 0.708661 0.000000 4.855643 0.236220 3.937008 2.755905 0.708661 3.937008 2.755905 0.708661 0.000000 1.181102 1.417323 0.000000 2.755905 0.708661 3.937008 1.181102 1.417323 3.937008 1.181102 1.417323 0.000000 0.131234 2.362205 0.000000 1.181102 1.417323 3.937008 0.131234 2.362205 3.937008 0.131234 2.362205 0.000000 -0.393701 3.543307 0.000000 0.131234 2.362205 3.937008 -0.393701 3.543307 3.937008 -0.393701 3.543307 0.000000 -0.393701 5.905512 0.000000 -0.393701 3.543307 3.937008 -0.393701 5.905512 0.000000 -0.393701 5.905512 1.968504 4.133858 5.905512 0.000000 3.543307 5.905512 3.937008 -0.393701 5.905512 3.937008 3.543307 5.905512 0.000000 3.543307 5.905512 1.968504 4.212977 5.610236 0.000000 3.701545 5.314961 1.968504 4.133858 5.905512 1.968504 4.429134 5.394080 0.000000 4.133858 4.882647 1.968504 4.799508 5.294838 0.000000 4.724409 4.724409 1.968504 10.554823 5.294838 0.000000 10.629921 4.724409 1.968504 10.925197 5.394080 0.000000 11.220472 4.882647 0.000000 11.652785 5.314961 1.968504 11.141354 5.610236 0.000000 11.811023 5.905512 1.968504 11.220472 5.905512 1.968504 11.220472 5.905512 0.000000 71.552277 5.905512 0.000000 11.811023 5.905512 3.937008 71.552277 5.905512 3.937008 11.811023 5.905512 0.000000 71.552277 5.905512 1.968504 71.473534 0.787402 0.000000 69.505035 0.787402 1.968504 73.228348 5.174428 1.968504 71.473534 0.787402 0.000000 67.221565 -0.000000 0.000000 69.505035 0.787402 1.968504 69.190071 -0.000000 3.937008 69.505035 0.787402 1.968504 69.190071 -0.000000 1.968504 71.473534 0.787402 3.937008 67.221565 -0.000000 3.937008 -0.393701 3.543307 3.937008 3.543307 5.905512 3.937008 -0.393701 5.905512 3.937008 0.131234 2.362205 3.937008 1.181102 1.417323 3.937008 2.755905 0.708661 3.937008 4.855643 0.236220 3.937008 3.701545 5.314961 3.937008 4.133858 4.882647 3.937008 4.724409 4.724409 3.937008 10.629921 4.724409 3.937008 7.480315 0.000000 3.937008 67.221565 -0.000000 3.937008 11.220472 4.882647 3.937008 11.652785 5.314961 3.937008 11.811023 5.905512 3.937008 71.552277 5.905512 3.937008 69.505035 0.787402 1.968504 4.212977 5.610236 3.937008 3.543307 5.905512 3.937008 3.701545 5.314961 1.968504 4.133858 5.905512 1.968504 4.429134 5.394080 3.937008 4.133858 4.882647 3.937008 4.724409 4.724409 1.968504 4.799508 5.294838 3.937008 10.629921 4.724409 1.968504 10.554823 5.294838 3.937008 11.220472 4.882647 1.968504 10.925197 5.394080 3.937008 11.652785 5.314961 1.968504 11.141354 5.610236 3.937008 11.811023 5.905512 1.968504 11.220472 5.905512 3.937008 71.552277 5.905512 1.968504 73.228348 5.174428 0.000000 71.552277 5.905512 1.968504 73.228348 5.174428 3.937008 69.505035 0.787402 1.968504 71.473534 0.787402 3.937008 71.552277 5.905512 "
									            />
								</IndexedFaceSet>
							</Shape>
						</Group>
					</Transform>
				</Transform>
				<Transform DEF="group_28_TRANSFORM"
				           translation="92.700790 135.039368 0.000000"
				           scale="1.000000 1.000000 1.000000"
				           rotation="0.000000 0.000000 1.000000 1.570796"
				           >
					<Transform DEF="group_28_ifs_TRANSFORM"
					           translation="-0.000001 0.000000 0.000000"
					           scale="1.000000 1.000000 1.000000"
					           rotation="0.000000 1.000000 0.000000 0.000000"
					           >
						<Group DEF="group_ME_ID212_005">
							<Shape>
								<Appearance>
									<Material USE="MA_material_022" />
								</Appearance>
								<IndexedFaceSet solid="false"
								                coordIndex="0 1 2 -1 1 0 3 -1 4 5 6 -1 5 4 7 -1 8 9 10 -1 11 12 13 -1 12 11 14 -1 14 11 15 -1 14 15 16 -1 14 16 17 -1 14 17 18 -1 18 17 19 -1 19 17 20 -1 20 17 21 -1 20 21 22 -1 22 21 23 -1 23 21 24 -1 24 21 25 -1 25 21 26 -1 26 21 27 -1 26 27 28 -1 29 30 31 -1 30 29 32 -1 33 34 35 -1 34 33 36 -1 37 38 39 -1 38 37 40 -1 40 37 41 -1 41 37 42 -1 42 37 43 -1 43 37 44 -1 43 44 45 -1 43 45 46 -1 43 46 47 -1 47 46 48 -1 47 48 49 -1 47 49 50 -1 47 50 51 -1 47 51 52 -1 47 52 53 -1 53 52 54 -1 55 56 57 -1 56 55 58 -1 58 55 59 -1 60 61 62 -1 61 60 63 -1 64 62 61 -1 62 64 65 -1 66 65 64 -1 65 66 67 -1 68 66 69 -1 66 68 67 -1 70 69 71 -1 69 70 68 -1 71 72 70 -1 72 71 73 -1 73 74 72 -1 74 73 75 -1 76 77 78 -1 77 76 79 -1 77 79 80 -1 81 82 83 -1 82 81 84 -1 85 86 87 -1 86 85 88 -1 89 90 91 -1 90 89 92 -1 93 94 95 -1 94 93 96 -1 97 98 99 -1 98 97 100 -1 101 102 103 -1 102 101 104 -1 105 106 107 -1 106 105 108 -1 106 108 109 -1 110 111 112 -1 111 110 113 -1 112 114 115 -1 114 112 111 -1 115 116 117 -1 116 115 114 -1 117 118 119 -1 118 117 116 -1 119 120 121 -1 120 119 118 -1 120 122 121 -1 122 120 123 -1 123 124 122 -1 124 123 125 -1 "
								                >
									<Coordinate DEF="coords_ME_ID212_005"
									            point="1.968504 92.494003 5.174428 3.937008 88.770691 0.787402 1.968504 90.739189 0.787402 3.937008 90.817940 5.905512 0.000000 90.817940 5.905512 1.968504 90.739189 0.787402 0.000000 88.770691 0.787402 1.968504 92.494003 5.174428 3.937008 90.817940 5.905512 1.968504 92.494003 5.174428 0.000000 90.817940 5.905512 3.937008 15.407393 2.125984 3.937008 14.934953 5.905512 3.937008 14.934953 3.543307 3.937008 18.871962 5.905512 3.937008 16.352276 1.062992 3.937008 17.769598 0.354331 3.937008 19.659361 0.000000 3.937008 19.030199 5.314961 3.937008 19.462511 4.882647 3.937008 20.053062 4.724409 3.937008 31.470385 0.000000 3.937008 29.895582 4.724409 3.937008 30.486134 4.882647 3.937008 30.918446 5.314961 3.937008 31.076683 5.905512 3.937008 90.817940 5.905512 3.937008 86.487228 0.000000 3.937008 88.770691 0.787402 3.937008 88.770691 0.787402 1.968504 88.455727 0.000000 1.968504 90.739189 0.787402 3.937008 86.487228 0.000000 1.968504 90.739189 0.787402 0.000000 86.487228 0.000000 0.000000 88.770691 0.787402 1.968504 88.455727 0.000000 0.000000 18.871962 5.905512 0.000000 14.934953 3.543307 0.000000 14.934953 5.905512 0.000000 15.407393 2.125984 0.000000 16.352276 1.062992 0.000000 17.769598 0.354331 0.000000 19.659361 0.000000 0.000000 19.030199 5.314961 0.000000 19.462511 4.882647 0.000000 20.053062 4.724409 0.000000 31.470385 0.000000 0.000000 29.895584 4.724409 0.000000 30.486134 4.882647 0.000000 30.918446 5.314961 0.000000 31.076683 5.905512 0.000000 90.817940 5.905512 0.000000 86.487228 0.000000 0.000000 88.770691 0.787402 1.968504 30.486134 5.905512 0.000000 90.817940 5.905512 0.000000 31.076683 5.905512 3.937008 90.817940 5.905512 3.937008 31.076683 5.905512 3.937008 31.076683 5.905512 1.968504 30.407015 5.610236 3.937008 30.918446 5.314961 1.968504 30.486134 5.905512 1.968504 30.190857 5.394080 3.937008 30.486134 4.882647 1.968504 29.820484 5.294838 3.937008 29.895582 4.724409 3.937008 20.053062 4.724409 1.968504 20.128160 5.294838 3.937008 19.462511 4.882647 1.968504 19.757788 5.394080 3.937008 19.030199 5.314961 1.968504 19.541632 5.610236 3.937008 18.871962 5.905512 1.968504 19.462511 5.905512 0.000000 14.934953 5.905512 1.968504 19.462511 5.905512 0.000000 18.871962 5.905512 3.937008 14.934953 5.905512 3.937008 18.871962 5.905512 3.937008 14.934953 5.905512 0.000000 14.934953 3.543307 3.937008 14.934953 3.543307 0.000000 14.934953 5.905512 3.937008 14.934953 3.543307 0.000000 15.407393 2.125984 3.937008 15.407393 2.125984 0.000000 14.934953 3.543307 3.937008 15.407393 2.125984 0.000000 16.352276 1.062992 3.937008 16.352276 1.062992 0.000000 15.407393 2.125984 3.937008 17.769598 0.354331 0.000000 16.352276 1.062992 0.000000 17.769598 0.354331 3.937008 16.352276 1.062992 3.937008 19.659361 0.000000 0.000000 17.769598 0.354331 0.000000 19.659361 0.000000 3.937008 17.769598 0.354331 3.937008 31.470385 0.000000 0.000000 19.659361 0.000000 0.000000 31.470385 0.000000 3.937008 19.659361 0.000000 0.000000 86.487228 0.000000 3.937008 31.470385 0.000000 0.000000 31.470385 0.000000 1.968504 88.455727 0.000000 3.937008 86.487228 0.000000 0.000000 18.871962 5.905512 1.968504 19.541632 5.610236 0.000000 19.030199 5.314961 1.968504 19.462511 5.905512 1.968504 19.757788 5.394080 0.000000 19.462511 4.882647 1.968504 20.128160 5.294838 0.000000 20.053062 4.724409 1.968504 29.820484 5.294838 0.000000 29.895584 4.724409 1.968504 30.190857 5.394080 0.000000 30.486134 4.882647 0.000000 30.918446 5.314961 1.968504 30.407015 5.610236 0.000000 31.076683 5.905512 1.968504 30.486134 5.905512 "
									            />
								</IndexedFaceSet>
							</Shape>
						</Group>
					</Transform>
				</Transform>
				<Transform DEF="group_29_TRANSFORM"
				           translation="73.435127 146.850372 0.000000"
				           scale="1.000000 1.000000 1.000000"
				           rotation="0.000000 0.000000 1.000000 1.570796"
				           >
					<Transform DEF="group_29_ifs_TRANSFORM"
					           translation="-0.000002 0.000001 0.000000"
					           scale="1.000000 1.000000 1.000000"
					           rotation="0.000000 1.000000 0.000000 0.000000"
					           >
						<Group DEF="group_ME_ID219_001">
							<Shape>
								<Appearance>
									<Material USE="MA_material_022" />
								</Appearance>
								<IndexedFaceSet solid="false"
								                coordIndex="0 1 2 -1 1 0 3 -1 3 0 4 -1 4 0 5 -1 5 0 6 -1 6 0 7 -1 6 7 8 -1 6 8 9 -1 6 9 10 -1 6 10 11 -1 11 10 12 -1 12 10 13 -1 12 13 14 -1 12 14 15 -1 12 15 16 -1 12 16 17 -1 18 19 20 -1 19 18 21 -1 19 21 22 -1 23 24 25 -1 24 23 26 -1 27 28 29 -1 28 27 30 -1 31 32 33 -1 32 31 34 -1 35 36 37 -1 36 35 38 -1 39 40 41 -1 40 39 42 -1 43 44 45 -1 44 43 46 -1 47 48 49 -1 48 47 50 -1 48 50 51 -1 52 53 54 -1 53 52 55 -1 54 56 57 -1 56 54 53 -1 57 58 59 -1 58 57 56 -1 59 60 61 -1 60 59 58 -1 61 62 63 -1 62 61 60 -1 62 64 63 -1 64 62 65 -1 65 66 64 -1 66 65 67 -1 68 69 70 -1 69 68 71 -1 71 68 72 -1 73 74 75 -1 74 73 76 -1 77 78 79 -1 78 77 80 -1 81 82 83 -1 82 81 84 -1 85 86 87 -1 86 85 88 -1 86 88 89 -1 86 89 90 -1 86 90 91 -1 86 91 92 -1 92 91 93 -1 93 91 94 -1 94 91 95 -1 95 91 96 -1 95 96 97 -1 95 97 98 -1 98 97 99 -1 99 97 100 -1 100 97 101 -1 101 97 102 -1 103 104 105 -1 104 103 106 -1 107 105 108 -1 105 107 103 -1 107 109 110 -1 109 107 108 -1 110 111 112 -1 111 110 109 -1 112 113 114 -1 113 112 111 -1 114 115 116 -1 115 114 113 -1 117 116 115 -1 116 117 118 -1 119 120 121 -1 122 123 124 -1 123 122 125 -1 "
								                >
									<Coordinate DEF="coords_ME_ID219_001"
									            point="0.000000 3.543307 5.905512 0.000000 -0.393701 3.543307 0.000000 -0.393701 5.905512 0.000000 0.131234 2.362205 0.000000 1.181102 1.417323 0.000000 2.755905 0.708661 0.000000 4.855643 0.236220 0.000000 3.701545 5.314961 0.000000 4.133858 4.882647 0.000000 4.724409 4.724409 0.000000 10.629921 4.724409 0.000000 7.480315 0.000000 0.000000 67.221565 -0.000000 0.000000 11.220472 4.882647 0.000000 11.652785 5.314961 0.000000 11.811023 5.905512 0.000000 71.552277 5.905512 0.000000 69.505028 0.787402 0.000000 67.221565 -0.000000 3.937008 7.480315 0.000000 0.000000 7.480315 0.000000 1.968504 69.190071 -0.000000 3.937008 67.221565 -0.000000 3.937008 7.480315 0.000000 0.000000 4.855643 0.236220 0.000000 7.480315 0.000000 3.937008 4.855643 0.236220 3.937008 4.855643 0.236220 0.000000 2.755905 0.708661 0.000000 4.855643 0.236220 3.937008 2.755905 0.708661 3.937008 2.755905 0.708661 0.000000 1.181102 1.417323 0.000000 2.755905 0.708661 3.937008 1.181102 1.417323 3.937008 1.181102 1.417323 0.000000 0.131234 2.362205 0.000000 1.181102 1.417323 3.937008 0.131234 2.362205 3.937008 0.131234 2.362205 0.000000 -0.393701 3.543307 0.000000 0.131234 2.362205 3.937008 -0.393701 3.543307 3.937008 -0.393701 3.543307 0.000000 -0.393701 5.905512 0.000000 -0.393701 3.543307 3.937008 -0.393701 5.905512 0.000000 -0.393701 5.905512 1.968504 4.133858 5.905512 0.000000 3.543307 5.905512 3.937008 -0.393701 5.905512 3.937008 3.543307 5.905512 0.000000 3.543307 5.905512 1.968504 4.212977 5.610236 0.000000 3.701545 5.314961 1.968504 4.133858 5.905512 1.968504 4.429134 5.394080 0.000000 4.133858 4.882647 1.968504 4.799508 5.294838 0.000000 4.724409 4.724409 1.968504 10.554823 5.294838 0.000000 10.629921 4.724409 1.968504 10.925197 5.394080 0.000000 11.220472 4.882647 0.000000 11.652785 5.314961 1.968504 11.141354 5.610236 0.000000 11.811023 5.905512 1.968504 11.220472 5.905512 1.968504 11.220472 5.905512 0.000000 71.552277 5.905512 0.000000 11.811023 5.905512 3.937008 71.552277 5.905512 3.937008 11.811024 5.905512 0.000000 71.552277 5.905512 1.968504 71.473534 0.787402 0.000000 69.505028 0.787402 1.968504 73.228348 5.174428 1.968504 71.473534 0.787402 0.000000 67.221565 -0.000000 0.000000 69.505028 0.787402 1.968504 69.190071 -0.000000 3.937008 69.505028 0.787402 1.968504 69.190071 -0.000000 1.968504 71.473534 0.787402 3.937008 67.221565 -0.000000 3.937008 -0.393701 3.543307 3.937008 3.543307 5.905512 3.937008 -0.393701 5.905512 3.937008 0.131234 2.362205 3.937008 1.181102 1.417323 3.937008 2.755905 0.708661 3.937008 4.855643 0.236220 3.937008 3.701545 5.314961 3.937008 4.133858 4.882647 3.937008 4.724409 4.724409 3.937008 10.629921 4.724409 3.937008 7.480315 0.000000 3.937008 67.221565 -0.000000 3.937008 11.220472 4.882647 3.937008 11.652785 5.314961 3.937008 11.811024 5.905512 3.937008 71.552277 5.905512 3.937008 69.505028 0.787402 1.968504 4.212977 5.610236 3.937008 3.543307 5.905512 3.937008 3.701545 5.314961 1.968504 4.133858 5.905512 1.968504 4.429134 5.394080 3.937008 4.133858 4.882647 3.937008 4.724409 4.724409 1.968504 4.799508 5.294838 3.937008 10.629921 4.724409 1.968504 10.554823 5.294838 3.937008 11.220472 4.882647 1.968504 10.925197 5.394080 3.937008 11.652785 5.314961 1.968504 11.141354 5.610236 3.937008 11.811024 5.905512 1.968504 11.220472 5.905512 3.937008 71.552277 5.905512 1.968504 73.228348 5.174428 0.000000 71.552277 5.905512 1.968504 73.228348 5.174428 3.937008 69.505028 0.787402 1.968504 71.473534 0.787402 3.937008 71.552277 5.905512 "
									            />
								</IndexedFaceSet>
							</Shape>
						</Group>
					</Transform>
				</Transform>
				<Transform DEF="group_30_TRANSFORM"
				           translation="15.601616 111.417328 0.000000"
				           scale="1.000000 1.000000 1.000000"
				           rotation="0.000000 1.000000 0.000000 0.000000"
				           >
					<Transform DEF="group_30_ifs_TRANSFORM"
					           translation="0.000000 0.000000 0.000000"
					           scale="1.000000 1.000000 1.000000"
					           rotation="0.000000 1.000000 0.000000 0.000000"
					           >
						<Group DEF="group_ME_ID226_003">
							<Shape>
								<Appearance>
									<Material USE="MA_material_022" />
								</Appearance>
								<IndexedFaceSet solid="false"
								                coordIndex="0 1 2 -1 1 0 3 -1 4 5 6 -1 5 4 7 -1 7 4 8 -1 8 4 9 -1 9 4 10 -1 10 4 11 -1 11 4 12 -1 13 7 8 -1 14 15 16 -1 15 14 17 -1 18 19 20 -1 19 18 21 -1 21 18 22 -1 22 18 23 -1 21 22 24 -1 21 24 25 -1 21 25 26 -1 21 26 27 -1 28 29 30 -1 29 28 31 -1 32 33 34 -1 33 32 35 -1 36 37 38 -1 37 36 39 -1 37 39 40 -1 41 42 43 -1 42 41 44 -1 45 46 47 -1 46 45 48 -1 49 50 51 -1 50 49 52 -1 53 54 55 -1 54 53 56 -1 57 58 59 -1 58 57 60 -1 61 62 63 -1 62 61 64 -1 65 66 67 -1 66 65 68 -1 69 70 71 -1 "
								                >
									<Coordinate DEF="coords_ME_ID226_003"
									            point="44.053982 0.000001 8.267716 -0.827905 3.937008 8.267716 -0.827905 0.000000 8.267716 44.053982 3.937009 8.267716 44.053982 0.000001 8.267716 -9.388056 0.000000 0.000000 44.053982 0.000001 -0.000000 -11.671519 0.000000 0.787402 -1.615307 0.000000 5.905512 -1.512908 0.000000 6.500865 -1.242749 0.000000 7.041184 -0.827905 0.000000 7.480315 -0.827905 0.000000 8.267716 -13.718764 0.000000 5.905512 44.053982 0.000001 -0.000000 44.053982 3.937009 8.267716 44.053982 0.000001 8.267716 44.053982 3.937009 0.000000 -11.671519 3.937008 0.787402 44.053982 3.937009 0.000000 -9.388056 3.937008 0.000000 44.053982 3.937009 8.267716 -1.615307 3.937008 5.905512 -13.718764 3.937008 5.905512 -1.512908 3.937008 6.500865 -1.242749 3.937008 7.041184 -0.827905 3.937008 7.480315 -0.827905 3.937008 8.267716 -0.827905 3.937008 8.267716 -0.827905 0.000000 7.480315 -0.827905 0.000000 8.267716 -0.827905 3.937008 7.480315 -11.356559 1.968504 0.000000 -11.671519 0.000000 0.787402 -13.640024 1.968504 0.787402 -9.388056 0.000000 0.000000 -9.388056 3.937008 0.000000 -9.388056 0.000000 0.000000 -11.356559 1.968504 0.000000 44.053982 3.937009 0.000000 44.053982 0.000001 -0.000000 -0.827905 3.937008 7.480315 -1.242749 0.000000 7.041184 -0.827905 0.000000 7.480315 -1.242749 3.937008 7.041184 -1.242749 3.937008 7.041184 -1.512908 0.000000 6.500865 -1.242749 0.000000 7.041184 -1.512908 3.937008 6.500865 -1.512908 3.937008 6.500865 -1.615307 0.000000 5.905512 -1.512908 0.000000 6.500865 -1.615307 3.937008 5.905512 -1.615307 0.000000 5.905512 -13.718764 3.937008 5.905512 -13.718764 0.000000 5.905512 -1.615307 3.937008 5.905512 -15.394834 1.968504 5.174428 -11.671519 0.000000 0.787402 -13.718764 0.000000 5.905512 -13.640024 1.968504 0.787402 -11.671519 3.937008 0.787402 -11.356559 1.968504 0.000000 -13.640024 1.968504 0.787402 -9.388056 3.937008 0.000000 -13.718764 3.937008 5.905512 -13.640024 1.968504 0.787402 -15.394834 1.968504 5.174428 -11.671519 3.937008 0.787402 -13.718764 3.937008 5.905512 -15.394834 1.968504 5.174428 -13.718764 0.000000 5.905512 "
									            />
								</IndexedFaceSet>
							</Shape>
						</Group>
					</Transform>
				</Transform>
				<Transform DEF="group_31_TRANSFORM"
				           translation="49.025677 144.841400 0.000000"
				           scale="-1.000000 -1.000000 -1.000000"
				           rotation="-0.707107 -0.707107 0.000000 3.141593"
				           >
					<Transform DEF="group_31_ifs_TRANSFORM"
					           translation="0.000004 0.000001 -0.000004"
					           scale="1.000000 1.000000 1.000000"
					           rotation="0.000000 1.000000 0.000000 0.000000"
					           >
						<Group DEF="group_ME_ID233_003">
							<Shape>
								<Appearance>
									<Material USE="MA_material_022" />
								</Appearance>
								<IndexedFaceSet solid="false"
								                coordIndex="0 1 2 -1 3 2 1 -1 4 5 6 -1 7 8 9 -1 9 8 10 -1 10 8 11 -1 11 8 4 -1 4 8 5 -1 5 8 12 -1 13 12 8 -1 14 15 16 -1 17 16 15 -1 18 19 20 -1 19 21 20 -1 21 22 20 -1 22 23 20 -1 24 25 23 -1 23 25 20 -1 20 25 26 -1 27 26 25 -1 28 29 30 -1 31 30 29 -1 32 33 34 -1 35 34 33 -1 36 37 38 -1 37 39 38 -1 40 38 39 -1 41 42 43 -1 44 43 42 -1 45 46 47 -1 48 47 46 -1 49 50 51 -1 52 51 50 -1 53 54 55 -1 56 55 54 -1 57 58 59 -1 60 59 58 -1 61 62 63 -1 64 63 62 -1 65 66 67 -1 68 67 66 -1 69 70 71 -1 "
								                >
									<Coordinate DEF="coords_ME_ID233_003"
									            point="44.053982 3.937009 8.267716 44.053982 0.000001 8.267716 -0.827905 3.937008 8.267716 -0.827905 -0.000000 8.267716 -1.615307 -0.000000 5.905512 -11.671519 0.000000 0.787402 -13.718764 -0.000000 5.905512 -0.827905 -0.000000 8.267716 44.053982 0.000001 8.267716 -0.827905 -0.000000 7.480315 -1.242749 -0.000000 7.041184 -1.512908 0.000000 6.500865 -9.388056 -0.000000 0.000000 44.053982 0.000001 -0.000000 44.053982 3.937009 0.000000 44.053982 0.000001 -0.000000 44.053982 3.937009 8.267716 44.053982 0.000001 8.267716 -0.827905 3.937008 8.267716 -0.827905 3.937008 7.480315 44.053982 3.937009 8.267716 -1.242749 3.937008 7.041184 -1.512908 3.937008 6.500865 -1.615307 3.937008 5.905512 -13.718764 3.937008 5.905512 -11.671519 3.937008 0.787402 44.053982 3.937009 0.000000 -9.388056 3.937008 0.000000 -0.827905 3.937008 7.480315 -0.827905 3.937008 8.267716 -0.827905 -0.000000 7.480315 -0.827905 -0.000000 8.267716 -9.388056 -0.000000 0.000000 -11.356559 1.968504 0.000000 -11.671519 0.000000 0.787402 -13.640024 1.968504 0.787402 44.053982 0.000001 -0.000000 44.053982 3.937009 0.000000 -9.388056 -0.000000 0.000000 -9.388056 3.937008 0.000000 -11.356559 1.968504 0.000000 -1.242749 3.937008 7.041184 -0.827905 3.937008 7.480315 -1.242749 -0.000000 7.041184 -0.827905 -0.000000 7.480315 -1.512908 3.937008 6.500865 -1.242749 3.937008 7.041184 -1.512908 0.000000 6.500865 -1.242749 -0.000000 7.041184 -1.512908 3.937008 6.500865 -1.512908 0.000000 6.500865 -1.615307 3.937008 5.905512 -1.615307 -0.000000 5.905512 -1.615307 3.937008 5.905512 -1.615307 -0.000000 5.905512 -13.718764 3.937008 5.905512 -13.718764 -0.000000 5.905512 -13.640024 1.968504 0.787402 -15.394835 1.968504 5.174428 -11.671519 0.000000 0.787402 -13.718764 -0.000000 5.905512 -9.388056 3.937008 0.000000 -11.671519 3.937008 0.787402 -11.356559 1.968504 0.000000 -13.640024 1.968504 0.787402 -11.671519 3.937008 0.787402 -13.718764 3.937008 5.905512 -13.640024 1.968504 0.787402 -15.394835 1.968504 5.174428 -13.718764 -0.000000 5.905512 -15.394835 1.968504 5.174428 -13.718764 3.937008 5.905512 "
									            />
								</IndexedFaceSet>
							</Shape>
						</Group>
					</Transform>
				</Transform>
			</Transform>
			<Transform DEF="group_32_TRANSFORM"
			           translation="-92.440849 346.849823 178.702942"
			           scale="1.000000 1.000000 1.000000"
			           rotation="0.000000 1.000000 0.000000 0.000000"
			           >
				<Transform DEF="instance_12_TRANSFORM"
				           translation="66.149925 46.456696 0.014038"
				           scale="1.000000 1.000000 1.000000"
				           rotation="0.000000 0.000000 -1.000000 1.570796"
				           >
					<Transform DEF="instance_12_ifs_TRANSFORM"
					           translation="-0.000002 -0.000001 0.000000"
					           scale="1.000000 1.000000 1.000000"
					           rotation="0.000000 1.000000 0.000000 0.000000"
					           >
						<Group USE="group_ME_ID148_003" />
					</Transform>
				</Transform>
				<Transform DEF="instance_13_TRANSFORM"
				           translation="25.205040 0.000000 0.014038"
				           scale="1.000000 1.000000 1.000000"
				           rotation="0.000000 1.000000 0.000000 0.000000"
				           >
					<Transform DEF="instance_13_ifs_TRANSFORM"
					           translation="0.000000 0.000000 0.000000"
					           scale="1.000000 1.000000 1.000000"
					           rotation="0.000000 1.000000 0.000000 0.000000"
					           >
						<Group USE="group_ME_ID148_003" />
					</Transform>
				</Transform>
				<Transform DEF="instance_14_TRANSFORM"
				           translation="1.583000 27.952759 0.014038"
				           scale="1.000000 1.000000 1.000000"
				           rotation="0.000000 1.000000 0.000000 0.000000"
				           >
					<Transform DEF="instance_14_ifs_TRANSFORM"
					           translation="0.000000 0.000000 0.000000"
					           scale="1.000000 1.000000 1.000000"
					           rotation="0.000000 1.000000 0.000000 0.000000"
					           >
						<Group USE="group_ME_ID138_004" />
					</Transform>
				</Transform>
				<Transform DEF="instance_15_TRANSFORM"
				           translation="1.583000 15.354340 0.014038"
				           scale="1.000000 1.000000 1.000000"
				           rotation="0.000000 1.000000 0.000000 0.000000"
				           >
					<Transform DEF="instance_15_ifs_TRANSFORM"
					           translation="0.000000 0.000000 0.000000"
					           scale="1.000000 1.000000 1.000000"
					           rotation="0.000000 1.000000 0.000000 0.000000"
					           >
						<Group USE="group_ME_ID138_004" />
					</Transform>
				</Transform>
				<Transform DEF="instance_16_TRANSFORM"
				           translation="1.583054 39.763763 0.014038"
				           scale="1.000000 1.000000 1.000000"
				           rotation="0.000000 1.000000 0.000000 0.000000"
				           >
					<Transform DEF="instance_16_ifs_TRANSFORM"
					           translation="0.000000 0.000000 0.000000"
					           scale="1.000000 1.000000 1.000000"
					           rotation="0.000000 1.000000 0.000000 0.000000"
					           >
						<Group USE="group_ME_ID138_004" />
					</Transform>
				</Transform>
				<Transform DEF="instance_17_TRANSFORM"
				           translation="36.622368 70.078735 0.014038"
				           scale="1.000000 1.000000 1.000000"
				           rotation="0.000000 0.000000 -1.000000 1.570796"
				           >
					<Transform DEF="instance_17_ifs_TRANSFORM"
					           translation="-0.000004 0.000001 0.000000"
					           scale="1.000000 1.000000 1.000000"
					           rotation="0.000000 1.000000 0.000000 0.000000"
					           >
						<Group USE="group_ME_ID138_004" />
					</Transform>
				</Transform>
				<Transform DEF="instance_18_TRANSFORM"
				           translation="49.220791 70.078735 0.014038"
				           scale="1.000000 1.000000 1.000000"
				           rotation="0.000000 0.000000 -1.000000 1.570796"
				           >
					<Transform DEF="instance_18_ifs_TRANSFORM"
					           translation="-0.000003 0.000001 0.000000"
					           scale="1.000000 1.000000 1.000000"
					           rotation="0.000000 1.000000 0.000000 0.000000"
					           >
						<Group USE="group_ME_ID138_004" />
					</Transform>
				</Transform>
				<Transform DEF="instance_19_TRANSFORM"
				           translation="24.811348 70.078674 0.014038"
				           scale="1.000000 1.000000 1.000000"
				           rotation="0.000000 0.000000 -1.000000 1.570796"
				           >
					<Transform DEF="instance_19_ifs_TRANSFORM"
					           translation="-0.000005 0.000001 0.000000"
					           scale="1.000000 1.000000 1.000000"
					           rotation="0.000000 1.000000 0.000000 0.000000"
					           >
						<Group USE="group_ME_ID138_004" />
					</Transform>
				</Transform>
				<Transform DEF="instance_20_TRANSFORM"
				           translation="13.394020 5.905518 0.014038"
				           scale="1.000000 1.000000 1.000000"
				           rotation="0.000000 1.000000 0.000000 0.000000"
				           >
					<Transform DEF="instance_20_ifs_TRANSFORM"
					           translation="0.000000 0.000000 0.000000"
					           scale="1.000000 1.000000 1.000000"
					           rotation="0.000000 1.000000 0.000000 0.000000"
					           >
						<Group USE="group_ME_ID148_003" />
					</Transform>
				</Transform>
				<Transform DEF="instance_21_TRANSFORM"
				           translation="13.000320 70.078674 0.014038"
				           scale="1.000000 1.000000 1.000000"
				           rotation="0.000000 0.000000 -1.000000 1.570796"
				           >
					<Transform DEF="instance_21_ifs_TRANSFORM"
					           translation="-0.000006 0.000001 0.000000"
					           scale="1.000000 1.000000 1.000000"
					           rotation="0.000000 1.000000 0.000000 0.000000"
					           >
						<Group USE="group_ME_ID138_004" />
					</Transform>
				</Transform>
				<Transform DEF="instance_22_TRANSFORM"
				           translation="60.244415 58.267700 0.014038"
				           scale="1.000000 1.000000 1.000000"
				           rotation="0.000000 0.000000 -1.000000 1.570796"
				           >
					<Transform DEF="instance_22_ifs_TRANSFORM"
					           translation="-0.000002 0.000000 0.000000"
					           scale="1.000000 1.000000 1.000000"
					           rotation="0.000000 1.000000 0.000000 0.000000"
					           >
						<Group USE="group_ME_ID148_003" />
					</Transform>
				</Transform>
				<Transform DEF="instance_23_TRANSFORM"
				           translation="1.583054 51.574799 0.014038"
				           scale="1.000000 1.000000 1.000000"
				           rotation="0.000000 1.000000 0.000000 0.000000"
				           >
					<Transform DEF="instance_23_ifs_TRANSFORM"
					           translation="0.000000 0.000000 0.000000"
					           scale="1.000000 1.000000 1.000000"
					           rotation="0.000000 1.000000 0.000000 0.000000"
					           >
						<Group USE="group_ME_ID138_004" />
					</Transform>
				</Transform>
				<Transform DEF="instance_24_TRANSFORM"
				           translation="9.465210 67.207520 0.000000"
				           scale="1.000000 1.000000 1.000000"
				           rotation="0.000000 0.000000 1.000000 2.356194"
				           >
					<Transform DEF="instance_24_ifs_TRANSFORM"
					           translation="0.000004 -0.000011 0.000000"
					           scale="1.000000 1.000000 1.000000"
					           rotation="0.000000 1.000000 0.000000 0.000000"
					           >
						<Group USE="group_ME_ID129_001" />
					</Transform>
				</Transform>
			</Transform>
			<Transform DEF="group_33_TRANSFORM"
			           translation="-90.770523 264.960052 172.804443"
			           scale="1.000000 1.000000 1.000000"
			           rotation="0.000000 1.000000 0.000000 0.000000"
			           >
				<Transform DEF="group_34_TRANSFORM"
				           translation="24.715820 92.686371 0.007019"
				           scale="1.000000 1.000000 1.000000"
				           rotation="0.000000 1.000000 0.000000 0.000000"
				           >
					<Transform DEF="group_34_ifs_TRANSFORM"
					           translation="0.000000 0.000000 0.000000"
					           scale="1.000000 1.000000 1.000000"
					           rotation="0.000000 1.000000 0.000000 0.000000"
					           >
						<Group DEF="group_ME_ID255">
							<Shape>
								<Appearance>
									<Material USE="MA_material_022" />
								</Appearance>
								<IndexedFaceSet solid="false"
								                coordIndex="0 1 2 -1 1 0 3 -1 4 5 6 -1 5 4 7 -1 8 9 10 -1 9 8 11 -1 9 11 12 -1 12 11 13 -1 12 13 14 -1 15 16 17 -1 16 15 18 -1 18 15 19 -1 19 15 20 -1 20 15 21 -1 21 15 22 -1 21 22 23 -1 21 23 24 -1 21 24 25 -1 25 24 26 -1 25 26 27 -1 25 27 28 -1 25 28 29 -1 25 29 30 -1 25 30 31 -1 25 31 32 -1 32 31 33 -1 32 33 34 -1 32 34 35 -1 32 35 36 -1 36 35 37 -1 36 37 38 -1 36 38 39 -1 36 39 40 -1 36 40 41 -1 36 41 42 -1 42 41 43 -1 42 43 44 -1 44 43 45 -1 46 2 47 -1 2 46 0 -1 48 49 50 -1 49 48 51 -1 51 48 52 -1 51 52 53 -1 51 53 54 -1 51 54 55 -1 55 54 56 -1 56 54 57 -1 57 54 58 -1 57 58 59 -1 59 58 60 -1 60 58 61 -1 61 58 62 -1 62 58 63 -1 63 58 64 -1 64 58 65 -1 64 65 66 -1 66 65 67 -1 67 65 68 -1 68 65 69 -1 68 69 70 -1 70 69 71 -1 71 69 72 -1 72 69 73 -1 73 69 74 -1 73 74 75 -1 73 75 76 -1 77 6 5 -1 6 77 78 -1 79 80 81 -1 80 79 82 -1 83 84 85 -1 84 83 86 -1 87 88 89 -1 88 87 90 -1 89 91 92 -1 91 89 88 -1 92 93 94 -1 93 92 91 -1 95 96 97 -1 96 95 98 -1 99 100 101 -1 100 99 102 -1 101 103 104 -1 103 101 100 -1 103 105 104 -1 105 103 106 -1 107 108 109 -1 108 107 110 -1 108 110 111 -1 108 111 112 -1 108 112 113 -1 108 113 114 -1 115 116 117 -1 116 115 118 -1 119 120 121 -1 120 119 122 -1 123 124 125 -1 124 123 126 -1 127 128 129 -1 128 127 130 -1 131 132 133 -1 132 131 134 -1 135 136 137 -1 136 135 138 -1 139 140 141 -1 140 139 142 -1 143 144 145 -1 144 143 146 -1 147 148 149 -1 148 147 150 -1 151 152 153 -1 152 151 154 -1 155 156 157 -1 156 155 158 -1 159 160 161 -1 160 159 162 -1 163 164 165 -1 164 163 166 -1 164 166 167 -1 168 169 170 -1 169 168 171 -1 170 172 173 -1 172 170 169 -1 173 174 175 -1 174 173 172 -1 175 176 177 -1 176 175 174 -1 177 46 47 -1 46 177 176 -1 178 179 180 -1 179 178 181 -1 182 178 180 -1 178 182 183 -1 184 183 182 -1 183 184 185 -1 186 187 188 -1 187 186 189 -1 190 191 192 -1 191 190 193 -1 81 193 190 -1 193 81 80 -1 194 78 77 -1 78 194 195 -1 196 194 197 -1 194 196 195 -1 198 197 199 -1 197 198 196 -1 199 200 198 -1 200 199 201 -1 201 202 200 -1 202 201 203 -1 204 205 206 -1 205 204 207 -1 205 207 208 -1 205 208 209 -1 205 209 210 -1 205 210 211 -1 212 213 214 -1 213 212 215 -1 215 212 216 -1 216 212 217 -1 217 212 218 -1 218 212 219 -1 "
								                >
									<Coordinate DEF="coords_ME_ID255"
									            point="1.968504 5.462860 5.610236 0.000000 6.132530 5.905512 0.000000 5.974292 5.314961 1.968504 5.541978 5.905512 3.937008 6.132530 5.905512 1.968504 5.462860 5.610236 3.937008 5.974292 5.314961 1.968504 5.541978 5.905512 0.000000 6.132530 5.905512 0.393701 48.932045 5.905512 0.000000 48.932045 5.905511 1.968504 5.541978 5.905512 3.543307 48.932049 5.905512 3.937008 6.132530 5.905512 3.937008 48.932045 5.905512 0.000000 -6.072195 5.905512 0.000000 -10.009202 3.543307 0.000000 -10.009202 5.905512 0.000000 -9.536761 2.125984 0.000000 -8.591880 1.062992 0.000000 -7.174557 0.354331 0.000000 -5.284793 0.000000 0.000000 -5.913957 5.314961 0.000000 -5.481644 4.882647 0.000000 -4.891092 4.724409 0.000000 6.526230 0.000000 0.000000 4.951427 4.724409 0.000000 5.541978 4.882647 0.000000 5.974292 5.314961 0.000000 6.132530 5.905512 0.000000 48.932045 5.905511 0.000000 49.090282 5.314960 0.000000 52.195465 0.000000 0.000000 49.522598 4.882647 0.000000 50.113152 4.724409 0.000000 52.589169 4.724409 0.000000 54.951374 0.000000 0.000000 53.179722 4.882647 0.000000 53.612030 5.314961 0.000000 53.770267 5.905512 0.000000 54.263664 5.905512 0.000000 55.742741 5.905512 0.000000 56.723026 0.590551 0.000000 58.494678 5.905512 0.000000 57.904129 1.771654 0.000000 58.494678 3.543307 1.968504 5.246703 5.394080 0.000000 5.541978 4.882647 3.937008 -9.536761 2.125984 3.937008 -10.009202 5.905512 3.937008 -10.009202 3.543307 3.937008 -6.072195 5.905512 3.937008 -8.591880 1.062992 3.937008 -7.174557 0.354331 3.937008 -5.284793 0.000000 3.937008 -5.913957 5.314961 3.937008 -5.481644 4.882647 3.937008 -4.891093 4.724409 3.937008 6.526230 0.000000 3.937008 4.951427 4.724409 3.937008 5.541978 4.882647 3.937008 5.974292 5.314961 3.937008 6.132530 5.905512 3.937008 48.932045 5.905512 3.937008 49.090282 5.314961 3.937008 52.195469 0.000000 3.937008 49.522598 4.882647 3.937008 50.113152 4.724409 3.937008 52.589169 4.724409 3.937008 54.951374 0.000000 3.937008 53.179722 4.882647 3.937008 53.612034 5.314961 3.937008 53.770267 5.905512 3.937008 58.494678 5.905512 3.937008 56.723026 0.590551 3.937008 57.904129 1.771654 3.937008 58.494678 3.543307 1.968504 5.246703 5.394080 3.937008 5.541978 4.882647 3.543307 48.932049 5.905512 3.937008 49.090282 5.314961 3.543307 49.090282 5.314961 3.937008 48.932045 5.905512 0.393701 48.932045 5.905512 3.543307 53.770267 5.905512 0.393701 53.770267 5.905512 3.543307 48.932049 5.905512 0.000000 48.932045 5.905511 0.393701 49.090282 5.314961 0.000000 49.090282 5.314960 0.393701 48.932045 5.905512 0.393701 49.522598 4.882647 0.000000 49.522598 4.882647 0.393701 50.113152 4.724409 0.000000 50.113152 4.724409 0.000000 50.113152 4.724409 0.393701 52.589169 4.724409 0.000000 52.589169 4.724409 0.393701 50.113152 4.724409 0.000000 52.589169 4.724409 0.393701 53.179722 4.882647 0.000000 53.179722 4.882647 0.393701 52.589169 4.724409 0.393701 53.612030 5.314961 0.000000 53.612030 5.314961 0.000000 53.770267 5.905512 0.393701 53.770267 5.905512 0.000000 55.742741 5.905512 3.937008 58.494678 5.905512 0.000000 58.494678 5.905512 0.000000 54.263664 5.905512 0.000000 53.770267 5.905512 0.393701 53.770267 5.905512 3.543307 53.770267 5.905512 3.937008 53.770267 5.905512 0.000000 58.494678 3.543307 3.937008 58.494678 5.905512 3.937008 58.494678 3.543307 0.000000 58.494678 5.905512 0.000000 57.904129 1.771654 3.937008 58.494678 3.543307 3.937008 57.904129 1.771654 0.000000 58.494678 3.543307 0.000000 56.723026 0.590551 3.937008 57.904129 1.771654 3.937008 56.723026 0.590551 0.000000 57.904129 1.771654 0.000000 56.723026 0.590551 3.937008 54.951374 0.000000 0.000000 54.951374 0.000000 3.937008 56.723026 0.590551 3.937008 54.951374 0.000000 0.000000 52.195465 0.000000 0.000000 54.951374 0.000000 3.937008 52.195469 0.000000 3.937008 52.195469 0.000000 0.000000 6.526230 0.000000 0.000000 52.195465 0.000000 3.937008 6.526230 0.000000 3.937008 6.526230 0.000000 0.000000 -5.284793 0.000000 0.000000 6.526230 0.000000 3.937008 -5.284793 0.000000 3.937008 -5.284793 0.000000 0.000000 -7.174557 0.354331 0.000000 -5.284793 0.000000 3.937008 -7.174557 0.354331 3.937008 -7.174557 0.354331 0.000000 -8.591880 1.062992 0.000000 -7.174557 0.354331 3.937008 -8.591880 1.062992 3.937008 -9.536761 2.125984 0.000000 -8.591880 1.062992 3.937008 -8.591880 1.062992 0.000000 -9.536761 2.125984 3.937008 -10.009202 3.543307 0.000000 -9.536761 2.125984 3.937008 -9.536761 2.125984 0.000000 -10.009202 3.543307 3.937008 -10.009202 5.905512 0.000000 -10.009202 3.543307 3.937008 -10.009202 3.543307 0.000000 -10.009202 5.905512 0.000000 -10.009202 5.905512 1.968504 -5.481644 5.905512 0.000000 -6.072195 5.905512 3.937008 -10.009202 5.905512 3.937008 -6.072195 5.905512 0.000000 -6.072195 5.905512 1.968504 -5.402524 5.610236 0.000000 -5.913957 5.314961 1.968504 -5.481644 5.905512 1.968504 -5.186368 5.394080 0.000000 -5.481644 4.882647 1.968504 -4.815994 5.294838 0.000000 -4.891092 4.724409 1.968504 4.876329 5.294838 0.000000 4.951427 4.724409 3.937008 53.612034 5.314961 3.543307 53.770267 5.905512 3.543307 53.612030 5.314960 3.937008 53.770267 5.905512 3.543307 53.179722 4.882647 3.937008 53.179722 4.882647 3.543307 52.589169 4.724410 3.937008 52.589169 4.724409 3.543307 50.113152 4.724409 3.937008 52.589169 4.724409 3.543307 52.589169 4.724410 3.937008 50.113152 4.724409 3.543307 49.522598 4.882647 3.937008 50.113152 4.724409 3.543307 50.113152 4.724409 3.937008 49.522598 4.882647 1.968504 4.876329 5.294838 3.937008 4.951427 4.724409 3.937008 -4.891093 4.724409 1.968504 -4.815994 5.294838 3.937008 -5.481644 4.882647 1.968504 -5.186368 5.394080 3.937008 -5.913957 5.314961 1.968504 -5.402524 5.610236 3.937008 -6.072195 5.905512 1.968504 -5.481644 5.905512 3.543307 49.090282 5.314961 3.543307 53.770267 5.905512 3.543307 48.932049 5.905512 3.543307 49.522598 4.882647 3.543307 50.113152 4.724409 3.543307 52.589169 4.724410 3.543307 53.179722 4.882647 3.543307 53.612030 5.314960 0.393701 53.770267 5.905512 0.393701 49.090282 5.314961 0.393701 48.932045 5.905512 0.393701 49.522598 4.882647 0.393701 50.113152 4.724409 0.393701 52.589169 4.724409 0.393701 53.179722 4.882647 0.393701 53.612030 5.314961 "
									            />
								</IndexedFaceSet>
							</Shape>
						</Group>
					</Transform>
				</Transform>
				<Transform DEF="group_35_TRANSFORM"
				           translation="12.904793 88.582672 0.007019"
				           scale="1.000000 1.000000 1.000000"
				           rotation="0.000000 1.000000 0.000000 0.000000"
				           >
					<Transform DEF="group_35_ifs_TRANSFORM"
					           translation="0.000000 0.000000 0.000000"
					           scale="1.000000 1.000000 1.000000"
					           rotation="0.000000 1.000000 0.000000 0.000000"
					           >
						<Group DEF="group_ME_ID262_001">
							<Shape>
								<Appearance>
									<Material USE="MA_material_022" />
								</Appearance>
								<IndexedFaceSet solid="false"
								                coordIndex="0 1 2 -1 1 0 3 -1 1 3 4 -1 1 4 5 -1 1 5 6 -1 6 5 7 -1 6 7 8 -1 8 7 9 -1 9 7 10 -1 10 7 11 -1 10 11 12 -1 12 11 13 -1 13 11 14 -1 14 11 15 -1 15 11 16 -1 16 11 17 -1 16 17 18 -1 18 17 19 -1 19 17 20 -1 20 17 21 -1 20 21 22 -1 22 21 23 -1 23 21 24 -1 24 21 25 -1 25 21 26 -1 25 26 27 -1 25 27 28 -1 29 30 31 -1 30 29 32 -1 33 34 35 -1 34 33 36 -1 37 38 39 -1 38 37 40 -1 41 42 43 -1 42 41 44 -1 45 46 47 -1 46 45 48 -1 49 50 51 -1 50 49 52 -1 53 54 55 -1 54 53 56 -1 54 56 57 -1 54 57 58 -1 54 58 59 -1 54 59 60 -1 61 62 63 -1 62 61 64 -1 65 61 63 -1 61 65 66 -1 67 66 65 -1 66 67 68 -1 69 70 71 -1 70 69 72 -1 73 74 75 -1 74 73 76 -1 77 76 73 -1 76 77 78 -1 79 78 77 -1 78 79 80 -1 81 82 83 -1 82 81 84 -1 82 84 85 -1 85 84 86 -1 85 86 87 -1 88 89 90 -1 89 88 91 -1 92 90 89 -1 90 92 93 -1 94 93 92 -1 93 94 95 -1 96 94 97 -1 94 96 95 -1 98 97 99 -1 97 98 96 -1 100 99 101 -1 99 100 98 -1 101 102 100 -1 102 101 103 -1 104 105 106 -1 105 104 107 -1 105 107 108 -1 109 110 111 -1 110 109 112 -1 113 114 115 -1 114 113 116 -1 117 118 119 -1 118 117 120 -1 121 122 123 -1 122 121 124 -1 125 126 127 -1 126 125 128 -1 129 130 131 -1 130 129 132 -1 133 134 135 -1 134 133 136 -1 136 133 137 -1 137 133 138 -1 138 133 139 -1 138 139 140 -1 140 139 141 -1 140 141 142 -1 140 142 143 -1 140 143 144 -1 144 143 145 -1 144 145 146 -1 144 146 147 -1 144 147 148 -1 144 148 149 -1 144 149 150 -1 150 149 151 -1 150 151 152 -1 150 152 153 -1 150 153 154 -1 154 153 155 -1 154 155 156 -1 154 156 157 -1 154 157 158 -1 154 158 159 -1 154 159 160 -1 160 159 161 -1 160 161 162 -1 162 161 163 -1 164 165 166 -1 165 164 167 -1 168 169 170 -1 169 168 171 -1 172 173 174 -1 173 172 175 -1 173 175 176 -1 173 176 177 -1 173 177 178 -1 173 178 179 -1 180 181 182 -1 181 180 183 -1 184 185 186 -1 185 184 187 -1 188 186 189 -1 186 188 184 -1 190 188 189 -1 188 190 191 -1 192 191 190 -1 191 192 193 -1 194 192 195 -1 192 194 193 -1 196 194 195 -1 194 196 197 -1 198 197 196 -1 197 198 199 -1 182 200 201 -1 200 182 181 -1 201 202 203 -1 202 201 200 -1 204 205 206 -1 205 204 207 -1 208 209 210 -1 209 208 211 -1 210 164 166 -1 164 210 209 -1 212 213 214 -1 213 212 215 -1 215 212 216 -1 216 212 217 -1 217 212 218 -1 218 212 219 -1 "
								                >
									<Coordinate DEF="coords_ME_ID262_001"
									            point="3.937008 0.000000 3.543307 3.937008 3.937008 5.905512 3.937008 0.000000 5.905512 3.937008 0.629921 2.125984 3.937008 1.889764 1.062992 3.937008 3.779527 0.354331 3.937008 4.095246 5.314961 3.937008 6.299213 0.000000 3.937008 4.527559 4.882647 3.937008 5.118110 4.724409 3.937008 9.055119 4.724409 3.937008 18.110235 0.000000 3.937008 9.645669 4.882647 3.937008 10.077983 5.314961 3.937008 10.236220 5.905512 3.937008 53.035736 5.905511 3.937008 53.193974 5.314961 3.937008 56.299156 0.000000 3.937008 53.626289 4.882647 3.937008 54.216843 4.724409 3.937008 56.692860 4.724409 3.937008 59.055065 0.000000 3.937008 57.283413 4.882647 3.937008 57.715721 5.314961 3.937008 57.873959 5.905512 3.937008 62.598370 5.905512 3.937008 60.826717 0.590551 3.937008 62.007816 1.771654 3.937008 62.598370 3.543307 3.937008 56.299156 0.000000 0.000000 18.110235 0.000000 0.000000 56.299156 0.000000 3.937008 18.110235 0.000000 3.937008 59.055065 0.000000 0.000000 56.299156 0.000000 0.000000 59.055065 0.000000 3.937008 56.299156 0.000000 0.000000 60.826717 0.590551 3.937008 59.055065 0.000000 0.000000 59.055065 0.000000 3.937008 60.826717 0.590551 0.000000 60.826717 0.590551 3.937008 62.007816 1.771654 3.937008 60.826717 0.590551 0.000000 62.007816 1.771654 0.000000 62.007816 1.771654 3.937008 62.598370 3.543307 3.937008 62.007816 1.771654 0.000000 62.598370 3.543307 0.000000 62.598370 3.543307 3.937008 62.598370 5.905512 3.937008 62.598370 3.543307 -0.000000 62.598370 5.905512 -0.000000 59.846432 5.905512 3.937008 62.598370 5.905512 -0.000000 62.598370 5.905512 -0.000000 58.367359 5.905512 -0.000000 57.873959 5.905512 0.393701 57.873959 5.905512 3.543307 57.873959 5.905512 3.937008 57.873959 5.905512 3.937008 57.715721 5.314961 3.543307 57.873959 5.905512 3.543307 57.715721 5.314961 3.937008 57.873959 5.905512 3.543307 57.283413 4.882647 3.937008 57.283413 4.882647 3.543307 56.692860 4.724409 3.937008 56.692860 4.724409 3.543307 54.216843 4.724409 3.937008 56.692860 4.724409 3.543307 56.692860 4.724409 3.937008 54.216843 4.724409 3.543307 53.626289 4.882647 3.937008 54.216843 4.724409 3.543307 54.216843 4.724409 3.937008 53.626289 4.882647 3.543307 53.193977 5.314961 3.937008 53.193974 5.314961 3.543307 53.035736 5.905512 3.937008 53.035736 5.905511 0.000000 10.236220 5.905512 0.393701 53.035736 5.905512 0.000000 53.035736 5.905512 1.968504 9.645670 5.905512 3.543307 53.035736 5.905512 3.937008 10.236220 5.905512 3.937008 53.035736 5.905511 3.937008 10.236220 5.905512 1.968504 9.566550 5.610236 3.937008 10.077983 5.314961 1.968504 9.645670 5.905512 1.968504 9.350393 5.394080 3.937008 9.645669 4.882647 1.968504 8.980020 5.294838 3.937008 9.055119 4.724409 3.937008 5.118110 4.724409 1.968504 5.193209 5.294838 3.937008 4.527559 4.882647 1.968504 4.822835 5.394080 3.937008 4.095246 5.314961 1.968504 4.606678 5.610236 3.937008 3.937008 5.905512 1.968504 4.527559 5.905512 0.000000 0.000000 5.905512 1.968504 4.527559 5.905512 0.000000 3.937008 5.905512 3.937008 0.000000 5.905512 3.937008 3.937008 5.905512 3.937008 0.000000 3.543307 0.000000 0.000000 5.905512 0.000000 0.000000 3.543307 3.937008 0.000000 5.905512 3.937008 0.629921 2.125984 0.000000 0.000000 3.543307 0.000000 0.629921 2.125984 3.937008 0.000000 3.543307 3.937008 1.889764 1.062992 0.000000 0.629921 2.125984 0.000000 1.889764 1.062992 3.937008 0.629921 2.125984 3.937008 3.779527 0.354331 0.000000 1.889764 1.062992 0.000000 3.779527 0.354331 3.937008 1.889764 1.062992 3.937008 6.299213 0.000000 0.000000 3.779527 0.354331 0.000000 6.299213 0.000000 3.937008 3.779527 0.354331 3.937008 18.110235 0.000000 0.000000 6.299213 0.000000 0.000000 18.110235 0.000000 3.937008 6.299213 0.000000 0.000000 3.937008 5.905512 0.000000 0.000000 3.543307 0.000000 0.000000 5.905512 0.000000 0.629921 2.125984 0.000000 1.889764 1.062992 0.000000 3.779527 0.354331 0.000000 4.095246 5.314961 0.000000 6.299213 0.000000 0.000000 4.527559 4.882647 0.000000 5.118110 4.724409 0.000000 9.055119 4.724409 0.000000 18.110235 0.000000 0.000000 9.645670 4.882647 0.000000 10.077983 5.314961 0.000000 10.236220 5.905512 0.000000 53.035736 5.905512 0.000000 53.193974 5.314961 0.000000 56.299156 0.000000 0.000000 53.626289 4.882647 0.000000 54.216843 4.724409 -0.000000 56.692860 4.724409 0.000000 59.055065 0.000000 -0.000000 57.283413 4.882647 -0.000000 57.715725 5.314961 -0.000000 57.873959 5.905512 -0.000000 58.367359 5.905512 -0.000000 59.846432 5.905512 0.000000 60.826717 0.590551 -0.000000 62.598370 5.905512 0.000000 62.007816 1.771654 0.000000 62.598370 3.543307 0.393701 57.715721 5.314961 -0.000000 57.873959 5.905512 -0.000000 57.715725 5.314961 0.393701 57.873959 5.905512 0.393701 53.035736 5.905512 3.543307 57.873959 5.905512 0.393701 57.873959 5.905512 3.543307 53.035736 5.905512 3.543307 53.193977 5.314961 3.543307 57.873959 5.905512 3.543307 53.035736 5.905512 3.543307 53.626289 4.882647 3.543307 54.216843 4.724409 3.543307 56.692860 4.724409 3.543307 57.283413 4.882647 3.543307 57.715721 5.314961 0.000000 53.035736 5.905512 0.393701 53.193977 5.314961 0.000000 53.193974 5.314961 0.393701 53.035736 5.905512 1.968504 9.566550 5.610236 0.000000 10.236220 5.905512 0.000000 10.077983 5.314961 1.968504 9.645670 5.905512 1.968504 9.350393 5.394080 0.000000 9.645670 4.882647 0.000000 9.055119 4.724409 1.968504 8.980020 5.294838 0.000000 5.118110 4.724409 1.968504 5.193209 5.294838 1.968504 4.822835 5.394080 0.000000 4.527559 4.882647 0.000000 4.095246 5.314961 1.968504 4.606678 5.610236 0.000000 3.937008 5.905512 1.968504 4.527559 5.905512 0.393701 53.626289 4.882647 0.000000 53.626289 4.882647 0.393701 54.216843 4.724409 0.000000 54.216843 4.724409 0.000000 54.216843 4.724409 0.393701 56.692860 4.724409 -0.000000 56.692860 4.724409 0.393701 54.216843 4.724409 -0.000000 56.692860 4.724409 0.393701 57.283413 4.882647 -0.000000 57.283413 4.882647 0.393701 56.692860 4.724409 0.393701 57.873959 5.905512 0.393701 53.193977 5.314961 0.393701 53.035736 5.905512 0.393701 53.626289 4.882647 0.393701 54.216843 4.724409 0.393701 56.692860 4.724409 0.393701 57.283413 4.882647 0.393701 57.715721 5.314961 "
									            />
								</IndexedFaceSet>
							</Shape>
						</Group>
					</Transform>
				</Transform>
				<Transform DEF="group_36_TRANSFORM"
				           translation="63.298492 135.039368 0.007019"
				           scale="1.000000 1.000000 1.000000"
				           rotation="0.000000 0.000000 1.000000 1.570796"
				           >
					<Transform DEF="group_36_ifs_TRANSFORM"
					           translation="-0.000002 -0.000000 0.000000"
					           scale="1.000000 1.000000 1.000000"
					           rotation="0.000000 1.000000 0.000000 0.000000"
					           >
						<Group DEF="group_ME_ID269_003">
							<Shape>
								<Appearance>
									<Material USE="MA_material_022" />
								</Appearance>
								<IndexedFaceSet solid="false"
								                coordIndex="0 1 2 -1 1 0 3 -1 1 3 4 -1 1 4 5 -1 1 5 6 -1 6 5 7 -1 6 7 8 -1 8 7 9 -1 9 7 10 -1 10 7 11 -1 10 11 12 -1 12 11 13 -1 13 11 14 -1 14 11 15 -1 15 11 16 -1 16 11 17 -1 16 17 18 -1 18 17 19 -1 19 17 20 -1 20 17 21 -1 20 21 22 -1 22 21 23 -1 23 21 24 -1 24 21 25 -1 25 21 26 -1 25 26 27 -1 25 27 28 -1 29 30 31 -1 30 29 32 -1 33 34 35 -1 34 33 36 -1 37 38 39 -1 38 37 40 -1 41 42 43 -1 42 41 44 -1 45 46 47 -1 46 45 48 -1 49 50 51 -1 50 49 52 -1 53 54 55 -1 54 53 56 -1 54 56 57 -1 54 57 58 -1 54 58 59 -1 54 59 60 -1 61 62 63 -1 62 61 64 -1 65 61 63 -1 61 65 66 -1 67 66 65 -1 66 67 68 -1 69 70 71 -1 70 69 72 -1 73 74 75 -1 74 73 76 -1 77 76 73 -1 76 77 78 -1 79 78 77 -1 78 79 80 -1 81 82 83 -1 82 81 84 -1 82 84 85 -1 85 84 86 -1 85 86 87 -1 88 89 90 -1 89 88 91 -1 92 90 89 -1 90 92 93 -1 94 93 92 -1 93 94 95 -1 96 94 97 -1 94 96 95 -1 98 97 99 -1 97 98 96 -1 100 99 101 -1 99 100 98 -1 101 102 100 -1 102 101 103 -1 104 105 106 -1 105 104 107 -1 105 107 108 -1 109 110 111 -1 110 109 112 -1 113 114 115 -1 114 113 116 -1 117 118 119 -1 118 117 120 -1 121 122 123 -1 122 121 124 -1 125 126 127 -1 126 125 128 -1 129 130 131 -1 130 129 132 -1 133 134 135 -1 134 133 136 -1 136 133 137 -1 137 133 138 -1 138 133 139 -1 138 139 140 -1 140 139 141 -1 140 141 142 -1 140 142 143 -1 140 143 144 -1 144 143 145 -1 144 145 146 -1 144 146 147 -1 144 147 148 -1 144 148 149 -1 144 149 150 -1 150 149 151 -1 150 151 152 -1 150 152 153 -1 150 153 154 -1 154 153 155 -1 154 155 156 -1 154 156 157 -1 154 157 158 -1 154 158 159 -1 154 159 160 -1 160 159 161 -1 160 161 162 -1 162 161 163 -1 164 165 166 -1 165 164 167 -1 168 169 170 -1 169 168 171 -1 172 173 174 -1 173 172 175 -1 173 175 176 -1 173 176 177 -1 173 177 178 -1 173 178 179 -1 180 181 182 -1 181 180 183 -1 184 185 186 -1 185 184 187 -1 188 186 189 -1 186 188 184 -1 190 188 189 -1 188 190 191 -1 192 191 190 -1 191 192 193 -1 194 192 195 -1 192 194 193 -1 196 194 195 -1 194 196 197 -1 198 197 196 -1 197 198 199 -1 182 200 201 -1 200 182 181 -1 201 202 203 -1 202 201 200 -1 204 205 206 -1 205 204 207 -1 208 209 210 -1 209 208 211 -1 210 164 166 -1 164 210 209 -1 212 213 214 -1 213 212 215 -1 215 212 216 -1 216 212 217 -1 217 212 218 -1 218 212 219 -1 "
								                >
									<Coordinate DEF="coords_ME_ID269_003"
									            point="3.937008 0.000000 3.543307 3.937008 3.937008 5.905512 3.937008 0.000000 5.905512 3.937008 0.629921 2.125984 3.937008 1.889764 1.062992 3.937008 3.779527 0.354331 3.937008 4.095246 5.314961 3.937008 6.299213 0.000000 3.937008 4.527559 4.882647 3.937008 5.118110 4.724409 3.937008 9.055119 4.724409 3.937008 18.110235 0.000000 3.937008 9.645670 4.882647 3.937008 10.077983 5.314961 3.937008 10.236220 5.905512 3.937008 53.035736 5.905511 3.937008 53.193974 5.314961 3.937008 56.299156 0.000000 3.937008 53.626289 4.882647 3.937008 54.216843 4.724409 3.937008 56.692860 4.724409 3.937008 59.055065 0.000000 3.937008 57.283409 4.882647 3.937008 57.715721 5.314961 3.937008 57.873959 5.905512 3.937008 62.598370 5.905512 3.937008 60.826717 0.590551 3.937008 62.007816 1.771654 3.937008 62.598370 3.543307 3.937008 56.299156 0.000000 0.000000 18.110235 0.000000 0.000000 56.299156 0.000000 3.937008 18.110235 0.000000 3.937008 59.055065 0.000000 0.000000 56.299156 0.000000 0.000000 59.055061 0.000000 3.937008 56.299156 0.000000 0.000000 60.826717 0.590551 3.937008 59.055065 0.000000 0.000000 59.055061 0.000000 3.937008 60.826717 0.590551 0.000000 60.826717 0.590551 3.937008 62.007816 1.771654 3.937008 60.826717 0.590551 0.000000 62.007816 1.771654 0.000000 62.007816 1.771654 3.937008 62.598370 3.543307 3.937008 62.007816 1.771654 0.000000 62.598370 3.543307 0.000000 62.598370 3.543307 3.937008 62.598370 5.905512 3.937008 62.598370 3.543307 -0.000000 62.598370 5.905512 -0.000000 59.846432 5.905512 3.937008 62.598370 5.905512 -0.000000 62.598370 5.905512 -0.000000 58.367359 5.905512 -0.000000 57.873959 5.905512 0.393701 57.873959 5.905512 3.543307 57.873959 5.905512 3.937008 57.873959 5.905512 3.937008 57.715721 5.314961 3.543307 57.873959 5.905512 3.543307 57.715721 5.314961 3.937008 57.873959 5.905512 3.543307 57.283413 4.882647 3.937008 57.283409 4.882647 3.543307 56.692856 4.724409 3.937008 56.692860 4.724409 3.543307 54.216843 4.724409 3.937008 56.692860 4.724409 3.543307 56.692856 4.724409 3.937008 54.216843 4.724409 3.543307 53.626289 4.882647 3.937008 54.216843 4.724409 3.543307 54.216843 4.724409 3.937008 53.626289 4.882647 3.543307 53.193974 5.314961 3.937008 53.193974 5.314961 3.543307 53.035736 5.905512 3.937008 53.035736 5.905511 0.000000 10.236220 5.905512 0.393701 53.035736 5.905512 0.000000 53.035736 5.905512 1.968504 9.645670 5.905512 3.543307 53.035736 5.905512 3.937008 10.236220 5.905512 3.937008 53.035736 5.905511 3.937008 10.236220 5.905512 1.968504 9.566550 5.610236 3.937008 10.077983 5.314961 1.968504 9.645670 5.905512 1.968504 9.350394 5.394080 3.937008 9.645670 4.882647 1.968504 8.980020 5.294838 3.937008 9.055119 4.724409 3.937008 5.118110 4.724409 1.968504 5.193209 5.294838 3.937008 4.527559 4.882647 1.968504 4.822835 5.394080 3.937008 4.095246 5.314961 1.968504 4.606678 5.610236 3.937008 3.937008 5.905512 1.968504 4.527559 5.905512 0.000000 0.000000 5.905512 1.968504 4.527559 5.905512 0.000000 3.937008 5.905512 3.937008 0.000000 5.905512 3.937008 3.937008 5.905512 3.937008 0.000000 3.543307 0.000000 0.000000 5.905512 0.000000 0.000000 3.543307 3.937008 0.000000 5.905512 3.937008 0.629921 2.125984 0.000000 0.000000 3.543307 0.000000 0.629921 2.125984 3.937008 0.000000 3.543307 3.937008 1.889764 1.062992 0.000000 0.629921 2.125984 0.000000 1.889764 1.062992 3.937008 0.629921 2.125984 3.937008 3.779527 0.354331 0.000000 1.889764 1.062992 0.000000 3.779527 0.354331 3.937008 1.889764 1.062992 3.937008 6.299213 0.000000 0.000000 3.779527 0.354331 0.000000 6.299213 0.000000 3.937008 3.779527 0.354331 3.937008 18.110235 0.000000 0.000000 6.299213 0.000000 0.000000 18.110235 0.000000 3.937008 6.299213 0.000000 0.000000 3.937008 5.905512 0.000000 0.000000 3.543307 0.000000 0.000000 5.905512 0.000000 0.629921 2.125984 0.000000 1.889764 1.062992 0.000000 3.779527 0.354331 0.000000 4.095246 5.314961 0.000000 6.299213 0.000000 0.000000 4.527559 4.882647 0.000000 5.118110 4.724409 0.000000 9.055119 4.724409 0.000000 18.110235 0.000000 0.000000 9.645669 4.882647 0.000000 10.077983 5.314961 0.000000 10.236220 5.905512 0.000000 53.035736 5.905512 0.000000 53.193977 5.314961 0.000000 56.299156 0.000000 0.000000 53.626289 4.882647 0.000000 54.216843 4.724409 -0.000000 56.692860 4.724409 0.000000 59.055061 0.000000 -0.000000 57.283413 4.882647 -0.000000 57.715721 5.314961 -0.000000 57.873959 5.905512 -0.000000 58.367359 5.905512 -0.000000 59.846432 5.905512 0.000000 60.826717 0.590551 -0.000000 62.598370 5.905512 0.000000 62.007816 1.771654 0.000000 62.598370 3.543307 0.393701 57.715721 5.314961 -0.000000 57.873959 5.905512 -0.000000 57.715721 5.314961 0.393701 57.873959 5.905512 0.393701 53.035736 5.905512 3.543307 57.873959 5.905512 0.393701 57.873959 5.905512 3.543307 53.035736 5.905512 3.543307 53.193974 5.314961 3.543307 57.873959 5.905512 3.543307 53.035736 5.905512 3.543307 53.626289 4.882647 3.543307 54.216843 4.724409 3.543307 56.692856 4.724409 3.543307 57.283413 4.882647 3.543307 57.715721 5.314961 0.000000 53.035736 5.905512 0.393701 53.193974 5.314961 0.000000 53.193977 5.314961 0.393701 53.035736 5.905512 1.968504 9.566550 5.610236 0.000000 10.236220 5.905512 0.000000 10.077983 5.314961 1.968504 9.645670 5.905512 1.968504 9.350394 5.394080 0.000000 9.645669 4.882647 0.000000 9.055119 4.724409 1.968504 8.980020 5.294838 0.000000 5.118110 4.724409 1.968504 5.193209 5.294838 1.968504 4.822835 5.394080 0.000000 4.527559 4.882647 0.000000 4.095246 5.314961 1.968504 4.606678 5.610236 0.000000 3.937008 5.905512 1.968504 4.527559 5.905512 0.393701 53.626289 4.882647 0.000000 53.626289 4.882647 0.393701 54.216843 4.724409 0.000000 54.216843 4.724409 0.000000 54.216843 4.724409 0.393701 56.692860 4.724409 -0.000000 56.692860 4.724409 0.393701 54.216843 4.724409 -0.000000 56.692860 4.724409 0.393701 57.283413 4.882647 -0.000000 57.283413 4.882647 0.393701 56.692860 4.724409 0.393701 57.873959 5.905512 0.393701 53.193974 5.314961 0.393701 53.035736 5.905512 0.393701 53.626289 4.882647 0.393701 54.216843 4.724409 0.393701 56.692860 4.724409 0.393701 57.283413 4.882647 0.393701 57.715721 5.314961 "
									            />
								</IndexedFaceSet>
							</Shape>
						</Group>
					</Transform>
				</Transform>
				<Transform DEF="group_37_TRANSFORM"
				           translation="2.783882 146.313385 0.000000"
				           scale="1.000000 1.000000 1.000000"
				           rotation="0.000000 0.000000 -1.000000 0.785398"
				           >
					<Transform DEF="group_37_ifs_TRANSFORM"
					           translation="-0.000011 0.000004 0.000000"
					           scale="1.000000 1.000000 1.000000"
					           rotation="0.000000 1.000000 0.000000 0.000000"
					           >
						<Group DEF="group_ME_ID276_003">
							<Shape>
								<Appearance>
									<Material USE="MA_material_022" />
								</Appearance>
								<IndexedFaceSet solid="false"
								                coordIndex="0 1 2 -1 3 4 5 -1 4 3 6 -1 6 3 7 -1 7 3 8 -1 8 3 9 -1 1 10 11 -1 10 1 0 -1 10 0 12 -1 10 12 13 -1 10 13 5 -1 10 5 14 -1 14 5 4 -1 10 14 15 -1 10 15 16 -1 10 16 17 -1 10 17 18 -1 10 18 19 -1 10 19 20 -1 10 20 21 -1 22 23 24 -1 25 26 27 -1 26 25 23 -1 26 23 28 -1 28 23 29 -1 29 23 22 -1 30 31 32 -1 31 30 33 -1 34 35 36 -1 35 34 37 -1 38 39 40 -1 39 38 41 -1 42 43 44 -1 43 42 45 -1 46 47 48 -1 47 46 49 -1 50 51 52 -1 51 50 53 -1 54 55 56 -1 55 54 57 -1 58 59 60 -1 59 58 61 -1 62 63 64 -1 63 62 65 -1 66 67 68 -1 67 66 69 -1 68 70 71 -1 70 68 67 -1 72 73 74 -1 73 72 75 -1 76 72 74 -1 72 76 77 -1 78 77 76 -1 77 78 79 -1 80 81 82 -1 81 80 83 -1 84 85 86 -1 85 84 87 -1 88 84 89 -1 84 88 87 -1 90 89 91 -1 89 90 88 -1 92 93 94 -1 93 92 95 -1 96 97 98 -1 97 96 99 -1 100 101 102 -1 101 100 103 -1 104 105 106 -1 105 104 107 -1 108 109 110 -1 109 108 111 -1 111 108 112 -1 111 112 113 -1 113 112 114 -1 113 114 115 -1 115 114 116 -1 115 116 117 -1 117 116 118 -1 117 118 119 -1 119 118 120 -1 119 120 121 -1 121 120 122 -1 121 122 123 -1 124 125 126 -1 125 124 127 -1 128 129 130 -1 129 128 131 -1 131 128 132 -1 131 132 133 -1 133 132 134 -1 133 134 135 -1 135 134 136 -1 135 136 137 -1 137 136 138 -1 137 138 139 -1 139 138 140 -1 139 140 141 -1 141 140 142 -1 141 142 143 -1 144 145 146 -1 145 144 147 -1 148 149 150 -1 149 148 151 -1 151 148 152 -1 152 148 153 -1 153 148 154 -1 154 148 155 -1 155 148 156 -1 156 148 157 -1 157 148 158 -1 158 148 159 -1 159 148 160 -1 160 148 161 -1 161 148 162 -1 162 148 163 -1 155 164 165 -1 164 155 156 -1 165 164 166 -1 165 166 167 -1 165 167 168 -1 165 168 169 -1 170 171 172 -1 171 170 173 -1 174 175 176 -1 175 174 177 -1 178 179 180 -1 179 178 181 -1 182 183 184 -1 183 182 185 -1 186 173 170 -1 173 186 187 -1 188 187 186 -1 187 188 189 -1 190 191 192 -1 191 190 193 -1 194 195 196 -1 195 194 197 -1 198 197 194 -1 197 198 199 -1 200 198 201 -1 198 200 199 -1 202 203 204 -1 203 202 205 -1 206 207 208 -1 207 206 209 -1 210 211 212 -1 211 210 213 -1 "
								                >
									<Coordinate DEF="coords_ME_ID276_003"
									            point="-0.157480 3.937008 0.354331 6.299213 3.937008 0.000000 2.362205 3.937008 0.000000 -3.937008 3.937008 5.905512 1.968504 3.937008 4.724409 -3.937008 3.937008 3.543307 1.377953 3.937008 4.882647 0.945639 3.937008 5.314961 0.787402 3.937008 5.905512 -1.574803 3.937008 5.905512 66.351990 3.937008 8.267716 66.351990 3.937008 -0.000000 -2.047244 3.937008 1.062992 -3.307087 3.937008 2.125984 6.692914 3.937008 4.724409 7.283464 3.937008 4.882647 7.715778 3.937008 5.314961 7.874016 3.937008 5.905512 7.771616 3.937008 6.500865 7.501457 3.937008 7.041184 7.086615 3.937008 7.480315 7.086615 3.937008 8.267716 66.351990 -0.000000 8.267716 7.086615 0.393701 8.267716 7.086615 -0.000000 8.267716 1.574803 0.393701 8.267716 7.086615 3.543307 8.267716 1.574803 3.543307 8.267716 7.086615 3.937008 8.267716 66.351990 3.937008 8.267716 66.351990 3.937008 -0.000000 66.351990 -0.000000 8.267716 66.351990 -0.000000 0.000000 66.351990 3.937008 8.267716 66.351990 3.937008 -0.000000 6.299213 -0.000000 0.000000 6.299213 3.937008 0.000000 66.351990 -0.000000 0.000000 6.299213 3.937008 0.000000 2.362205 -0.000000 0.000000 2.362205 3.937008 0.000000 6.299213 -0.000000 0.000000 2.362205 3.937008 0.000000 -0.157480 -0.000000 0.354331 -0.157480 3.937008 0.354331 2.362205 -0.000000 0.000000 -0.157480 3.937008 0.354331 -2.047244 -0.000000 1.062992 -2.047244 3.937008 1.062992 -0.157480 -0.000000 0.354331 -2.047244 3.937008 1.062992 -3.307087 -0.000000 2.125984 -3.307087 3.937008 2.125984 -2.047244 -0.000000 1.062992 -3.937008 -0.000000 3.543307 -3.307087 3.937008 2.125984 -3.307087 -0.000000 2.125984 -3.937008 3.937008 3.543307 -3.937008 3.937008 5.905512 -3.937008 -0.000000 3.543307 -3.937008 -0.000000 5.905512 -3.937008 3.937008 3.543307 -3.937008 -0.000000 5.905512 -1.574803 3.937008 5.905512 -3.937008 3.937008 5.905512 -1.574803 -0.000000 5.905512 0.787402 -0.000000 5.905512 0.787402 3.543307 5.905512 -1.574803 -0.000000 5.905512 0.787402 0.393701 5.905512 0.787402 3.937008 5.905512 -1.574803 3.937008 5.905512 0.945639 3.937008 5.314961 0.787402 3.543307 5.905512 0.945639 3.543307 5.314961 0.787402 3.937008 5.905512 1.377953 3.543307 4.882647 1.377953 3.937008 4.882647 1.968504 3.543307 4.724409 1.968504 3.937008 4.724409 6.692914 3.543307 4.724409 1.968504 3.937008 4.724409 1.968504 3.543307 4.724409 6.692914 3.937008 4.724409 7.283464 3.543307 4.882647 6.692914 3.937008 4.724409 6.692914 3.543307 4.724409 7.283464 3.937008 4.882647 7.715778 3.937008 5.314961 7.715778 3.543307 5.314961 7.874016 3.937008 5.905512 7.874016 3.543307 5.905512 7.771616 3.937008 6.500865 7.874016 3.543307 5.905512 7.771617 3.543307 6.500865 7.874016 3.937008 5.905512 7.501457 3.937008 7.041184 7.771617 3.543307 6.500865 7.501457 3.543307 7.041184 7.771616 3.937008 6.500865 7.086615 3.937008 7.480315 7.501457 3.543307 7.041184 7.086615 3.543307 7.480315 7.501457 3.937008 7.041184 7.086615 3.543307 8.267716 7.086615 3.937008 7.480315 7.086615 3.543307 7.480315 7.086615 3.937008 8.267716 1.377953 3.543307 4.882647 6.692914 3.543307 4.724409 1.968504 3.543307 4.724409 7.283464 3.543307 4.882647 0.945639 3.543307 5.314961 7.715778 3.543307 5.314961 0.787402 3.543307 5.905512 7.874016 3.543307 5.905512 0.889800 3.543307 6.500865 7.771617 3.543307 6.500865 1.159960 3.543307 7.041184 7.501457 3.543307 7.041184 1.574803 3.543307 7.480315 7.086615 3.543307 7.480315 1.574803 3.543307 8.267716 7.086615 3.543307 8.267716 1.574803 0.393701 8.267716 1.574803 3.543307 7.480315 1.574803 0.393701 7.480315 1.574803 3.543307 8.267716 7.283464 0.393701 4.882647 1.968504 0.393701 4.724409 6.692914 0.393701 4.724409 1.377953 0.393701 4.882647 7.715778 0.393701 5.314961 0.945639 0.393701 5.314961 7.874016 0.393701 5.905512 0.787402 0.393701 5.905512 7.771616 0.393701 6.500865 0.889800 0.393701 6.500865 7.501457 0.393701 7.041184 1.159960 0.393701 7.041184 7.086615 0.393701 7.480315 1.574803 0.393701 7.480315 7.086615 0.393701 8.267716 1.574803 0.393701 8.267716 7.086615 -0.000000 8.267716 7.086615 0.393701 7.480315 7.086615 -0.000000 7.480315 7.086615 0.393701 8.267716 66.351990 -0.000000 8.267716 6.299213 -0.000000 0.000000 66.351990 -0.000000 0.000000 2.362205 -0.000000 0.000000 -0.157480 -0.000000 0.354331 -2.047244 -0.000000 1.062992 -3.307087 -0.000000 2.125984 -3.937008 -0.000000 3.543307 6.692914 -0.000000 4.724409 7.283464 -0.000000 4.882647 7.715778 -0.000000 5.314961 7.874016 -0.000000 5.905512 7.771616 -0.000000 6.500865 7.501457 -0.000000 7.041184 7.086615 -0.000000 7.480315 7.086615 -0.000000 8.267716 1.968504 -0.000000 4.724409 -3.937008 -0.000000 5.905512 1.377953 -0.000000 4.882647 0.945639 -0.000000 5.314961 0.787402 -0.000000 5.905512 -1.574803 -0.000000 5.905512 0.945639 -0.000000 5.314961 0.787402 0.393701 5.905512 0.787402 -0.000000 5.905512 0.945639 0.393701 5.314961 0.889800 0.393701 6.500865 0.787402 3.543307 5.905512 0.787402 0.393701 5.905512 0.889800 3.543307 6.500865 1.159960 3.543307 7.041184 0.889800 0.393701 6.500865 1.159960 0.393701 7.041184 0.889800 3.543307 6.500865 1.574803 3.543307 7.480315 1.159960 0.393701 7.041184 1.574803 0.393701 7.480315 1.159960 3.543307 7.041184 1.377953 -0.000000 4.882647 1.377953 0.393701 4.882647 1.968504 -0.000000 4.724409 1.968504 0.393701 4.724409 6.692914 -0.000000 4.724409 1.968504 0.393701 4.724409 1.968504 -0.000000 4.724409 6.692914 0.393701 4.724409 7.283464 -0.000000 4.882647 6.692914 0.393701 4.724409 6.692914 -0.000000 4.724409 7.283464 0.393701 4.882647 7.715778 -0.000000 5.314961 7.715778 0.393701 5.314961 7.874016 0.393701 5.905512 7.874016 -0.000000 5.905512 7.771616 -0.000000 6.500865 7.874016 0.393701 5.905512 7.874016 -0.000000 5.905512 7.771616 0.393701 6.500865 7.501457 0.393701 7.041184 7.771616 -0.000000 6.500865 7.501457 -0.000000 7.041184 7.771616 0.393701 6.500865 7.086615 0.393701 7.480315 7.501457 -0.000000 7.041184 7.086615 -0.000000 7.480315 7.501457 0.393701 7.041184 "
									            />
								</IndexedFaceSet>
							</Shape>
						</Group>
					</Transform>
				</Transform>
				<Transform DEF="group_38_TRANSFORM"
				           translation="59.194801 123.228333 0.007019"
				           scale="1.000000 1.000000 1.000000"
				           rotation="0.000000 0.000000 1.000000 1.570796"
				           >
					<Transform DEF="group_38_ifs_TRANSFORM"
					           translation="-0.000002 0.000001 0.000000"
					           scale="1.000000 1.000000 1.000000"
					           rotation="0.000000 1.000000 0.000000 0.000000"
					           >
						<Group DEF="group_ME_ID283_001">
							<Shape>
								<Appearance>
									<Material USE="MA_material_022" />
								</Appearance>
								<IndexedFaceSet solid="false"
								                coordIndex="0 1 2 -1 1 0 3 -1 4 5 6 -1 5 4 7 -1 8 9 10 -1 9 8 11 -1 9 11 12 -1 12 11 13 -1 12 13 14 -1 15 16 17 -1 16 15 18 -1 18 15 19 -1 19 15 20 -1 20 15 21 -1 21 15 22 -1 21 22 23 -1 21 23 24 -1 21 24 25 -1 25 24 26 -1 25 26 27 -1 25 27 28 -1 25 28 29 -1 25 29 30 -1 25 30 31 -1 25 31 32 -1 32 31 33 -1 32 33 34 -1 32 34 35 -1 32 35 36 -1 36 35 37 -1 36 37 38 -1 36 38 39 -1 36 39 40 -1 36 40 41 -1 36 41 42 -1 42 41 43 -1 42 43 44 -1 44 43 45 -1 46 2 47 -1 2 46 0 -1 48 49 50 -1 49 48 51 -1 51 48 52 -1 51 52 53 -1 51 53 54 -1 51 54 55 -1 55 54 56 -1 56 54 57 -1 57 54 58 -1 57 58 59 -1 59 58 60 -1 60 58 61 -1 61 58 62 -1 62 58 63 -1 63 58 64 -1 64 58 65 -1 64 65 66 -1 66 65 67 -1 67 65 68 -1 68 65 69 -1 68 69 70 -1 70 69 71 -1 71 69 72 -1 72 69 73 -1 73 69 74 -1 73 74 75 -1 73 75 76 -1 77 6 5 -1 6 77 78 -1 79 80 81 -1 80 79 82 -1 83 84 85 -1 84 83 86 -1 87 88 89 -1 88 87 90 -1 89 91 92 -1 91 89 88 -1 92 93 94 -1 93 92 91 -1 95 96 97 -1 96 95 98 -1 99 100 101 -1 100 99 102 -1 101 103 104 -1 103 101 100 -1 103 105 104 -1 105 103 106 -1 107 108 109 -1 108 107 110 -1 108 110 111 -1 108 111 112 -1 108 112 113 -1 108 113 114 -1 115 116 117 -1 116 115 118 -1 119 120 121 -1 120 119 122 -1 123 124 125 -1 124 123 126 -1 127 128 129 -1 128 127 130 -1 131 132 133 -1 132 131 134 -1 135 136 137 -1 136 135 138 -1 139 140 141 -1 140 139 142 -1 143 144 145 -1 144 143 146 -1 147 148 149 -1 148 147 150 -1 151 152 153 -1 152 151 154 -1 155 156 157 -1 156 155 158 -1 159 160 161 -1 160 159 162 -1 163 164 165 -1 164 163 166 -1 164 166 167 -1 168 169 170 -1 169 168 171 -1 170 172 173 -1 172 170 169 -1 173 174 175 -1 174 173 172 -1 175 176 177 -1 176 175 174 -1 177 46 47 -1 46 177 176 -1 178 179 180 -1 179 178 181 -1 182 178 180 -1 178 182 183 -1 184 183 182 -1 183 184 185 -1 186 187 188 -1 187 186 189 -1 190 191 192 -1 191 190 193 -1 81 193 190 -1 193 81 80 -1 194 78 77 -1 78 194 195 -1 196 194 197 -1 194 196 195 -1 198 197 199 -1 197 198 196 -1 199 200 198 -1 200 199 201 -1 201 202 200 -1 202 201 203 -1 204 205 206 -1 205 204 207 -1 205 207 208 -1 205 208 209 -1 205 209 210 -1 205 210 211 -1 212 213 214 -1 213 212 215 -1 215 212 216 -1 216 212 217 -1 217 212 218 -1 218 212 219 -1 "
								                >
									<Coordinate DEF="coords_ME_ID283_001"
									            point="1.968504 5.462860 5.610236 0.000000 6.132530 5.905512 0.000000 5.974292 5.314961 1.968504 5.541978 5.905512 3.937008 6.132530 5.905512 1.968504 5.462860 5.610236 3.937008 5.974292 5.314961 1.968504 5.541978 5.905512 0.000000 6.132530 5.905512 0.393701 48.932045 5.905512 0.000000 48.932045 5.905511 1.968504 5.541978 5.905512 3.543307 48.932049 5.905512 3.937008 6.132530 5.905512 3.937008 48.932045 5.905512 0.000000 -6.072195 5.905512 0.000000 -10.009202 3.543307 0.000000 -10.009202 5.905512 0.000000 -9.536761 2.125984 0.000000 -8.591880 1.062992 0.000000 -7.174557 0.354331 0.000000 -5.284793 0.000000 0.000000 -5.913957 5.314961 0.000000 -5.481644 4.882647 0.000000 -4.891092 4.724409 0.000000 6.526230 0.000000 0.000000 4.951427 4.724409 0.000000 5.541978 4.882647 0.000000 5.974292 5.314961 0.000000 6.132530 5.905512 0.000000 48.932045 5.905511 0.000000 49.090282 5.314960 0.000000 52.195465 0.000000 0.000000 49.522598 4.882647 0.000000 50.113152 4.724409 0.000000 52.589169 4.724409 0.000000 54.951374 0.000000 0.000000 53.179722 4.882647 0.000000 53.612030 5.314961 0.000000 53.770267 5.905512 0.000000 54.263664 5.905512 0.000000 55.742741 5.905512 0.000000 56.723026 0.590551 0.000000 58.494678 5.905512 0.000000 57.904129 1.771654 0.000000 58.494678 3.543307 1.968504 5.246703 5.394080 0.000000 5.541978 4.882647 3.937008 -9.536761 2.125984 3.937008 -10.009202 5.905512 3.937008 -10.009202 3.543307 3.937008 -6.072195 5.905512 3.937008 -8.591880 1.062992 3.937008 -7.174557 0.354331 3.937008 -5.284793 0.000000 3.937008 -5.913957 5.314961 3.937008 -5.481644 4.882647 3.937008 -4.891093 4.724409 3.937008 6.526230 0.000000 3.937008 4.951427 4.724409 3.937008 5.541978 4.882647 3.937008 5.974292 5.314961 3.937008 6.132530 5.905512 3.937008 48.932045 5.905512 3.937008 49.090282 5.314961 3.937008 52.195469 0.000000 3.937008 49.522598 4.882647 3.937008 50.113152 4.724409 3.937008 52.589169 4.724409 3.937008 54.951374 0.000000 3.937008 53.179722 4.882647 3.937008 53.612034 5.314961 3.937008 53.770267 5.905512 3.937008 58.494678 5.905512 3.937008 56.723026 0.590551 3.937008 57.904129 1.771654 3.937008 58.494678 3.543307 1.968504 5.246703 5.394080 3.937008 5.541978 4.882647 3.543307 48.932049 5.905512 3.937008 49.090282 5.314961 3.543307 49.090282 5.314961 3.937008 48.932045 5.905512 0.393701 48.932045 5.905512 3.543307 53.770267 5.905512 0.393701 53.770267 5.905512 3.543307 48.932049 5.905512 0.000000 48.932045 5.905511 0.393701 49.090282 5.314961 0.000000 49.090282 5.314960 0.393701 48.932045 5.905512 0.393701 49.522598 4.882647 0.000000 49.522598 4.882647 0.393701 50.113152 4.724409 0.000000 50.113152 4.724409 0.000000 50.113152 4.724409 0.393701 52.589169 4.724409 0.000000 52.589169 4.724409 0.393701 50.113152 4.724409 0.000000 52.589169 4.724409 0.393701 53.179722 4.882647 0.000000 53.179722 4.882647 0.393701 52.589169 4.724409 0.393701 53.612030 5.314961 0.000000 53.612030 5.314961 0.000000 53.770267 5.905512 0.393701 53.770267 5.905512 0.000000 55.742741 5.905512 3.937008 58.494678 5.905512 0.000000 58.494678 5.905512 0.000000 54.263664 5.905512 0.000000 53.770267 5.905512 0.393701 53.770267 5.905512 3.543307 53.770267 5.905512 3.937008 53.770267 5.905512 0.000000 58.494678 3.543307 3.937008 58.494678 5.905512 3.937008 58.494678 3.543307 0.000000 58.494678 5.905512 0.000000 57.904129 1.771654 3.937008 58.494678 3.543307 3.937008 57.904129 1.771654 0.000000 58.494678 3.543307 0.000000 56.723026 0.590551 3.937008 57.904129 1.771654 3.937008 56.723026 0.590551 0.000000 57.904129 1.771654 0.000000 56.723026 0.590551 3.937008 54.951374 0.000000 0.000000 54.951374 0.000000 3.937008 56.723026 0.590551 3.937008 54.951374 0.000000 0.000000 52.195465 0.000000 0.000000 54.951374 0.000000 3.937008 52.195469 0.000000 3.937008 52.195469 0.000000 0.000000 6.526230 0.000000 0.000000 52.195465 0.000000 3.937008 6.526230 0.000000 3.937008 6.526230 0.000000 0.000000 -5.284793 0.000000 0.000000 6.526230 0.000000 3.937008 -5.284793 0.000000 3.937008 -5.284793 0.000000 0.000000 -7.174557 0.354331 0.000000 -5.284793 0.000000 3.937008 -7.174557 0.354331 3.937008 -7.174557 0.354331 0.000000 -8.591880 1.062992 0.000000 -7.174557 0.354331 3.937008 -8.591880 1.062992 3.937008 -9.536761 2.125984 0.000000 -8.591880 1.062992 3.937008 -8.591880 1.062992 0.000000 -9.536761 2.125984 3.937008 -10.009202 3.543307 0.000000 -9.536761 2.125984 3.937008 -9.536761 2.125984 0.000000 -10.009202 3.543307 3.937008 -10.009202 5.905512 0.000000 -10.009202 3.543307 3.937008 -10.009202 3.543307 0.000000 -10.009202 5.905512 0.000000 -10.009202 5.905512 1.968504 -5.481644 5.905512 0.000000 -6.072195 5.905512 3.937008 -10.009202 5.905512 3.937008 -6.072195 5.905512 0.000000 -6.072195 5.905512 1.968504 -5.402524 5.610236 0.000000 -5.913957 5.314961 1.968504 -5.481644 5.905512 1.968504 -5.186368 5.394080 0.000000 -5.481644 4.882647 1.968504 -4.815994 5.294838 0.000000 -4.891092 4.724409 1.968504 4.876329 5.294838 0.000000 4.951427 4.724409 3.937008 53.612034 5.314961 3.543307 53.770267 5.905512 3.543307 53.612030 5.314960 3.937008 53.770267 5.905512 3.543307 53.179722 4.882647 3.937008 53.179722 4.882647 3.543307 52.589169 4.724410 3.937008 52.589169 4.724409 3.543307 50.113152 4.724409 3.937008 52.589169 4.724409 3.543307 52.589169 4.724410 3.937008 50.113152 4.724409 3.543307 49.522598 4.882647 3.937008 50.113152 4.724409 3.543307 50.113152 4.724409 3.937008 49.522598 4.882647 1.968504 4.876329 5.294838 3.937008 4.951427 4.724409 3.937008 -4.891093 4.724409 1.968504 -4.815994 5.294838 3.937008 -5.481644 4.882647 1.968504 -5.186368 5.394080 3.937008 -5.913957 5.314961 1.968504 -5.402524 5.610236 3.937008 -6.072195 5.905512 1.968504 -5.481644 5.905512 3.543307 49.090282 5.314961 3.543307 53.770267 5.905512 3.543307 48.932049 5.905512 3.543307 49.522598 4.882647 3.543307 50.113152 4.724409 3.543307 52.589169 4.724410 3.543307 53.179722 4.882647 3.543307 53.612030 5.314960 0.393701 53.770267 5.905512 0.393701 49.090282 5.314961 0.393701 48.932045 5.905512 0.393701 49.522598 4.882647 0.393701 50.113152 4.724409 0.393701 52.589169 4.724409 0.393701 53.179722 4.882647 0.393701 53.612030 5.314961 "
									            />
								</IndexedFaceSet>
							</Shape>
						</Group>
					</Transform>
				</Transform>
				<Transform DEF="instance_25_TRANSFORM"
				           translation="0.700066 98.818878 0.007019"
				           scale="1.000000 1.000000 1.000000"
				           rotation="0.000000 1.000000 0.000000 0.000000"
				           >
					<Transform DEF="instance_25_ifs_TRANSFORM"
					           translation="0.000000 0.000000 0.000000"
					           scale="1.000000 1.000000 1.000000"
					           rotation="0.000000 1.000000 0.000000 0.000000"
					           >
						<Group DEF="group_ME_ID291_001">
							<Shape>
								<Appearance>
								</Appearance>
								<IndexedFaceSet solid="false"
								                coordIndex="0 1 2 -1 1 0 3 -1 4 5 6 -1 5 4 7 -1 7 4 8 -1 7 8 9 -1 9 8 10 -1 10 8 11 -1 11 8 12 -1 12 8 13 -1 13 8 14 -1 14 8 15 -1 15 8 16 -1 16 8 17 -1 17 8 18 -1 18 8 19 -1 11 20 21 -1 20 11 12 -1 21 20 22 -1 21 22 23 -1 21 23 24 -1 25 26 27 -1 26 25 28 -1 29 30 31 -1 30 29 32 -1 32 29 33 -1 33 29 34 -1 35 36 37 -1 36 35 38 -1 38 35 39 -1 39 35 40 -1 39 40 41 -1 39 41 31 -1 39 31 42 -1 42 31 30 -1 39 42 43 -1 39 43 44 -1 39 44 45 -1 39 45 46 -1 39 46 47 -1 47 46 48 -1 47 48 49 -1 47 49 50 -1 51 52 53 -1 52 51 54 -1 55 56 57 -1 56 55 58 -1 59 60 61 -1 60 59 56 -1 60 56 62 -1 62 56 58 -1 63 64 65 -1 64 63 66 -1 67 68 69 -1 68 67 70 -1 71 72 73 -1 72 71 74 -1 75 76 77 -1 76 75 78 -1 79 80 81 -1 80 79 82 -1 82 83 80 -1 83 82 84 -1 83 85 86 -1 85 83 84 -1 87 88 89 -1 88 87 90 -1 91 92 93 -1 92 91 94 -1 92 95 93 -1 95 92 96 -1 96 97 95 -1 97 96 98 -1 99 100 101 -1 100 99 102 -1 101 103 104 -1 103 101 100 -1 105 106 107 -1 106 105 108 -1 109 110 111 -1 110 109 112 -1 113 114 115 -1 114 113 116 -1 117 118 119 -1 118 117 120 -1 121 122 123 -1 122 121 124 -1 124 121 125 -1 126 127 128 -1 127 126 129 -1 130 128 131 -1 128 130 126 -1 132 130 131 -1 130 132 133 -1 134 135 136 -1 135 134 137 -1 138 139 140 -1 139 138 141 -1 142 138 143 -1 138 142 141 -1 144 143 145 -1 143 144 142 -1 146 147 148 -1 147 146 149 -1 150 151 152 -1 151 150 153 -1 154 155 156 -1 155 154 157 -1 158 159 160 -1 159 158 161 -1 162 163 164 -1 163 162 165 -1 165 162 166 -1 165 166 167 -1 167 166 168 -1 167 168 169 -1 169 168 170 -1 169 170 171 -1 171 170 172 -1 171 172 173 -1 173 172 174 -1 173 174 175 -1 175 174 176 -1 175 176 177 -1 178 179 180 -1 179 178 181 -1 182 183 184 -1 183 182 185 -1 185 182 186 -1 185 186 187 -1 187 186 188 -1 187 188 189 -1 189 188 190 -1 189 190 191 -1 191 190 192 -1 191 192 193 -1 193 192 194 -1 193 194 195 -1 195 194 196 -1 195 196 197 -1 198 199 200 -1 199 198 201 -1 202 203 204 -1 203 202 205 -1 206 207 208 -1 207 206 209 -1 "
								                >
									<Coordinate DEF="coords_ME_ID291_001"
									            point="3.779527 3.937008 0.354331 1.889764 0.000000 1.062992 1.889764 3.937008 1.062992 3.779527 0.000000 0.354331 50.393700 0.000000 0.000000 6.299213 0.000000 0.000000 10.236220 0.000000 0.000000 3.779527 0.000000 0.354331 50.393700 0.000000 8.267716 1.889764 0.000000 1.062992 0.629921 0.000000 2.125984 0.000000 0.000000 3.543307 10.629921 0.000000 4.724409 11.220472 0.000000 4.882647 11.652785 0.000000 5.314961 11.811023 0.000000 5.905512 11.708624 0.000000 6.500865 11.438465 0.000000 7.041184 11.023622 0.000000 7.480315 11.023622 0.000000 8.267716 5.905511 0.000000 4.724409 0.000000 0.000000 5.905512 5.314961 0.000000 4.882647 4.882647 0.000000 5.314961 4.724409 0.000000 5.905512 1.889764 3.937008 1.062992 0.629921 0.000000 2.125984 0.629921 3.937008 2.125984 1.889764 0.000000 1.062992 0.000000 3.937008 5.905512 5.905512 3.937008 4.724409 -0.000000 3.937008 3.543307 5.314961 3.937008 4.882647 4.882647 3.937008 5.314961 4.724409 3.937008 5.905512 3.779527 3.937008 0.354331 10.236220 3.937008 0.000000 6.299213 3.937008 0.000000 50.393700 3.937008 0.000000 50.393700 3.937008 5.962598 1.889764 3.937008 1.062992 0.629921 3.937008 2.125984 10.629921 3.937008 4.724409 11.220472 3.937008 4.882647 11.652785 3.937008 5.314961 11.811023 3.937008 5.905512 11.708624 3.937008 6.500865 50.393700 3.937008 8.267716 11.438465 3.937008 7.041184 11.023622 3.937008 7.480315 11.023622 3.937008 8.267716 6.299213 3.937008 0.000000 3.779527 0.000000 0.354331 3.779527 3.937008 0.354331 6.299213 0.000000 0.000000 50.393700 0.000000 8.267716 11.023622 0.393701 8.267716 11.023622 0.000000 8.267716 50.393700 3.937008 8.267716 5.511811 0.393701 8.267716 11.023622 3.543307 8.267716 5.511811 3.543307 8.267716 11.023622 3.937008 8.267716 11.023622 0.000000 8.267716 11.023622 0.393701 7.480315 11.023622 0.000000 7.480315 11.023622 0.393701 8.267716 11.023622 0.393701 7.480315 11.438465 0.000000 7.041184 11.023622 0.000000 7.480315 11.438465 0.393701 7.041184 11.438465 0.393701 7.041184 11.708624 0.000000 6.500865 11.438465 0.000000 7.041184 11.708624 0.393701 6.500865 11.708624 0.000000 6.500865 11.811023 0.393701 5.905512 11.811023 0.000000 5.905512 11.708624 0.393701 6.500865 11.811023 0.393701 5.905512 11.652785 0.000000 5.314961 11.811023 0.000000 5.905512 11.652785 0.393701 5.314961 11.220472 0.000000 4.882647 11.220472 0.393701 4.882647 10.629921 0.393701 4.724409 10.629921 0.000000 4.724409 10.629921 0.000000 4.724409 5.905512 0.393701 4.724409 5.905511 0.000000 4.724409 10.629921 0.393701 4.724409 5.905511 0.000000 4.724409 5.314961 0.393701 4.882647 5.314961 0.000000 4.882647 5.905512 0.393701 4.724409 4.882647 0.000000 5.314961 4.882647 0.393701 5.314961 4.724409 0.000000 5.905512 4.724409 0.393701 5.905512 4.724409 0.000000 5.905512 4.724409 3.543307 5.905511 0.000000 0.000000 5.905512 4.724409 0.393701 5.905512 4.724409 3.937008 5.905512 0.000000 3.937008 5.905512 0.000000 3.937008 5.905512 0.000000 0.000000 3.543307 0.000000 0.000000 5.905512 -0.000000 3.937008 3.543307 0.000000 0.000000 3.543307 0.629921 3.937008 2.125984 0.629921 0.000000 2.125984 -0.000000 3.937008 3.543307 10.236220 3.937008 0.000000 6.299213 0.000000 0.000000 6.299213 3.937008 0.000000 10.236220 0.000000 0.000000 50.393700 3.937008 0.000000 10.236220 0.000000 0.000000 10.236220 3.937008 0.000000 50.393700 0.000000 0.000000 50.393700 0.000000 0.000000 50.393700 3.937008 8.267716 50.393700 0.000000 8.267716 50.393700 3.937008 5.962598 50.393700 3.937008 0.000000 4.882647 3.937008 5.314961 4.724409 3.543307 5.905511 4.882647 3.543307 5.314961 4.724409 3.937008 5.905512 5.314961 3.937008 4.882647 5.314961 3.543307 4.882647 5.905512 3.543307 4.724409 5.905512 3.937008 4.724409 10.629921 3.543307 4.724409 5.905512 3.937008 4.724409 5.905512 3.543307 4.724409 10.629921 3.937008 4.724409 11.220472 3.543307 4.882647 10.629921 3.937008 4.724409 10.629921 3.543307 4.724409 11.220472 3.937008 4.882647 11.652785 3.937008 5.314961 11.652785 3.543307 5.314961 11.811023 3.937008 5.905512 11.811023 3.543307 5.905511 11.708624 3.543307 6.500865 11.811023 3.937008 5.905512 11.811023 3.543307 5.905511 11.708624 3.937008 6.500865 11.438465 3.937008 7.041184 11.708624 3.543307 6.500865 11.438465 3.543307 7.041184 11.708624 3.937008 6.500865 11.023622 3.937008 7.480315 11.438465 3.543307 7.041184 11.023622 3.543307 7.480315 11.438465 3.937008 7.041184 11.023622 3.543307 8.267716 11.023622 3.937008 7.480315 11.023622 3.543307 7.480315 11.023622 3.937008 8.267716 5.314961 3.543307 4.882647 10.629921 3.543307 4.724409 5.905512 3.543307 4.724409 11.220472 3.543307 4.882647 4.882647 3.543307 5.314961 11.652785 3.543307 5.314961 4.724409 3.543307 5.905511 11.811023 3.543307 5.905511 4.826808 3.543307 6.500865 11.708624 3.543307 6.500865 5.096968 3.543307 7.041184 11.438465 3.543307 7.041184 5.511811 3.543307 7.480315 11.023622 3.543307 7.480315 5.511811 3.543307 8.267716 11.023622 3.543307 8.267716 5.511811 0.393701 8.267716 5.511811 3.543307 7.480315 5.511811 0.393701 7.480315 5.511811 3.543307 8.267716 11.220472 0.393701 4.882647 5.905512 0.393701 4.724409 10.629921 0.393701 4.724409 5.314961 0.393701 4.882647 11.652785 0.393701 5.314961 4.882647 0.393701 5.314961 11.811023 0.393701 5.905512 4.724409 0.393701 5.905512 11.708624 0.393701 6.500865 4.826808 0.393701 6.500865 11.438465 0.393701 7.041184 5.096968 0.393701 7.041184 11.023622 0.393701 7.480315 5.511811 0.393701 7.480315 11.023622 0.393701 8.267716 5.511811 0.393701 8.267716 4.826808 0.393701 6.500865 4.724409 3.543307 5.905511 4.724409 0.393701 5.905512 4.826808 3.543307 6.500865 5.096968 3.543307 7.041184 4.826808 0.393701 6.500865 5.096968 0.393701 7.041184 4.826808 3.543307 6.500865 5.511811 3.543307 7.480315 5.096968 0.393701 7.041184 5.511811 0.393701 7.480315 5.096968 3.543307 7.041184 "
									            />
								</IndexedFaceSet>
							</Shape>
						</Group>
					</Transform>
				</Transform>
				<Transform DEF="instance_26_TRANSFORM"
				           translation="-9.536156 111.417328 0.007019"
				           scale="1.000000 1.000000 1.000000"
				           rotation="0.000000 1.000000 0.000000 0.000000"
				           >
					<Transform DEF="instance_26_ifs_TRANSFORM"
					           translation="0.000000 0.000000 0.000000"
					           scale="1.000000 1.000000 1.000000"
					           rotation="0.000000 1.000000 0.000000 0.000000"
					           >
						<Group DEF="group_ME_ID299">
							<Shape>
								<Appearance>
								</Appearance>
								<IndexedFaceSet solid="false"
								                coordIndex="0 1 2 -1 1 0 3 -1 4 5 6 -1 5 4 7 -1 8 9 10 -1 9 8 11 -1 11 8 12 -1 11 12 13 -1 13 12 14 -1 13 14 15 -1 15 14 16 -1 15 16 17 -1 17 16 18 -1 17 18 19 -1 19 18 20 -1 19 20 21 -1 21 20 22 -1 21 22 23 -1 24 25 26 -1 25 24 27 -1 28 29 30 -1 29 28 31 -1 31 28 32 -1 31 32 33 -1 33 32 34 -1 33 34 35 -1 35 34 36 -1 35 36 37 -1 37 36 38 -1 37 38 39 -1 39 38 40 -1 39 40 41 -1 41 40 42 -1 41 42 43 -1 44 45 46 -1 45 44 47 -1 46 48 49 -1 48 46 45 -1 50 51 52 -1 51 50 53 -1 54 50 52 -1 50 54 55 -1 56 55 54 -1 55 56 57 -1 58 59 60 -1 59 58 61 -1 62 63 64 -1 63 62 65 -1 66 65 62 -1 65 66 67 -1 68 66 69 -1 66 68 67 -1 70 71 72 -1 71 70 73 -1 74 75 76 -1 75 74 77 -1 78 79 80 -1 79 78 81 -1 82 83 84 -1 83 82 85 -1 86 87 88 -1 87 86 89 -1 90 91 92 -1 91 90 87 -1 91 87 93 -1 93 87 89 -1 94 95 96 -1 95 94 97 -1 98 99 100 -1 99 98 101 -1 102 103 104 -1 103 102 105 -1 106 107 108 -1 107 106 109 -1 110 111 112 -1 111 110 113 -1 114 115 116 -1 115 114 117 -1 115 118 119 -1 118 115 117 -1 119 120 121 -1 120 119 118 -1 122 123 124 -1 123 122 125 -1 126 127 128 -1 127 126 129 -1 127 130 128 -1 130 127 131 -1 131 132 130 -1 132 131 133 -1 134 135 136 -1 135 134 137 -1 137 134 138 -1 137 138 139 -1 139 138 140 -1 140 138 141 -1 141 138 142 -1 142 138 143 -1 143 138 144 -1 144 138 145 -1 145 146 144 -1 146 145 147 -1 146 147 148 -1 148 147 149 -1 149 147 150 -1 150 147 151 -1 141 152 153 -1 152 141 142 -1 153 152 154 -1 153 154 155 -1 153 155 156 -1 157 158 159 -1 158 157 160 -1 160 157 161 -1 161 157 162 -1 163 164 165 -1 164 163 166 -1 166 163 167 -1 167 163 168 -1 167 168 169 -1 167 169 170 -1 171 172 173 -1 172 171 174 -1 174 171 175 -1 175 171 176 -1 175 176 177 -1 175 177 159 -1 175 159 178 -1 178 159 158 -1 175 178 179 -1 175 179 180 -1 175 180 164 -1 164 180 165 -1 181 182 183 -1 182 181 184 -1 185 186 187 -1 186 185 188 -1 186 188 189 -1 190 191 192 -1 191 190 193 -1 194 195 196 -1 195 194 197 -1 198 199 200 -1 199 198 201 -1 202 203 204 -1 203 202 205 -1 206 207 208 -1 207 206 209 -1 210 211 212 -1 211 210 213 -1 214 215 216 -1 215 214 217 -1 218 219 220 -1 219 218 221 -1 "
								                >
									<Coordinate DEF="coords_ME_ID299"
									            point="15.333189 3.543307 7.041184 15.063028 0.393701 6.500865 15.333189 0.393701 7.041184 15.063028 3.543307 6.500865 15.063028 0.393701 6.500865 14.960629 3.543307 5.905512 14.960629 0.393701 5.905512 15.063028 3.543307 6.500865 21.456692 0.393701 4.882647 16.141733 0.393701 4.724409 20.866140 0.393701 4.724409 15.551181 0.393701 4.882647 21.889006 0.393701 5.314961 15.118867 0.393701 5.314961 22.047243 0.393701 5.905512 14.960629 0.393701 5.905512 21.944845 0.393701 6.500865 15.063028 0.393701 6.500865 21.674685 0.393701 7.041184 15.333189 0.393701 7.041184 21.259842 0.393701 7.480315 15.748032 0.393701 7.480315 21.259842 0.393701 8.267716 15.748032 0.393701 8.267716 15.748032 3.543307 7.480315 15.333189 0.393701 7.041184 15.748032 0.393701 7.480315 15.333189 3.543307 7.041184 15.551181 3.543307 4.882647 20.866140 3.543307 4.724409 16.141733 3.543307 4.724409 21.456692 3.543307 4.882647 15.118867 3.543307 5.314961 21.889008 3.543307 5.314961 14.960629 3.543307 5.905512 22.047243 3.543307 5.905512 15.063028 3.543307 6.500865 21.944845 3.543307 6.500865 15.333189 3.543307 7.041184 21.674685 3.543307 7.041184 15.748032 3.543307 7.480315 21.259842 3.543307 7.480315 15.748032 3.543307 8.267716 21.259842 3.543307 8.267716 14.960629 0.000000 5.905512 14.960629 3.543307 5.905512 10.236220 0.000000 5.905512 14.960629 0.393701 5.905512 14.960629 3.937008 5.905511 10.236220 3.937008 5.905511 15.118867 0.393701 5.314961 14.960629 0.000000 5.905512 15.118867 0.000000 5.314961 14.960629 0.393701 5.905512 15.551181 0.000000 4.882647 15.551181 0.393701 4.882647 16.141733 0.000000 4.724409 16.141733 0.393701 4.724409 20.866140 0.000000 4.724409 16.141733 0.393701 4.724409 16.141733 0.000000 4.724409 20.866140 0.393701 4.724409 21.456692 0.000000 4.882647 20.866140 0.393701 4.724409 20.866140 0.000000 4.724409 21.456692 0.393701 4.882647 21.889006 0.000000 5.314961 21.889006 0.393701 5.314961 22.047243 0.393701 5.905512 22.047243 0.000000 5.905512 21.944845 0.000000 6.500865 22.047243 0.393701 5.905512 22.047243 0.000000 5.905512 21.944845 0.393701 6.500865 21.674685 0.393701 7.041184 21.944845 0.000000 6.500865 21.674685 0.000000 7.041184 21.944845 0.393701 6.500865 21.259842 0.393701 7.480315 21.674685 0.000000 7.041184 21.259842 0.000000 7.480315 21.674685 0.393701 7.041184 21.259842 0.000000 8.267716 21.259842 0.393701 7.480315 21.259842 0.000000 7.480315 21.259842 0.393701 8.267716 50.000000 0.000000 8.267716 21.259842 0.393701 8.267716 21.259842 0.000000 8.267716 50.000000 3.937008 8.267716 15.748032 0.393701 8.267716 21.259842 3.543307 8.267716 15.748032 3.543307 8.267716 21.259842 3.937008 8.267716 15.748032 0.393701 8.267716 15.748032 3.543307 7.480315 15.748032 0.393701 7.480315 15.748032 3.543307 8.267716 21.259842 3.543307 8.267716 21.259842 3.937008 7.480315 21.259842 3.543307 7.480315 21.259842 3.937008 8.267716 21.259842 3.937008 7.480315 21.674685 3.543307 7.041184 21.259842 3.543307 7.480315 21.674685 3.937008 7.041184 21.674685 3.937008 7.041184 21.944845 3.543307 6.500865 21.674685 3.543307 7.041184 21.944845 3.937008 6.500865 21.944845 3.543307 6.500865 22.047243 3.937008 5.905512 22.047243 3.543307 5.905512 21.944845 3.937008 6.500865 22.047243 3.937008 5.905512 21.889008 3.543307 5.314961 22.047243 3.543307 5.905512 21.889006 3.937008 5.314961 21.456692 3.937008 4.882647 21.456692 3.543307 4.882647 20.866140 3.937008 4.724409 20.866140 3.543307 4.724409 20.866140 3.543307 4.724409 16.141733 3.937008 4.724409 16.141733 3.543307 4.724409 20.866140 3.937008 4.724409 16.141733 3.543307 4.724409 15.551181 3.937008 4.882647 15.551181 3.543307 4.882647 16.141733 3.937008 4.724409 15.118867 3.543307 5.314961 15.118867 3.937008 5.314961 14.960629 3.543307 5.905512 14.960629 3.937008 5.905511 161.417328 0.000000 0.000000 16.535433 0.000000 0.000000 20.472441 0.000000 0.000000 14.015748 0.000000 0.354331 161.417328 0.000000 5.905512 12.125983 0.000000 1.062992 10.866141 0.000000 2.125984 10.236220 0.000000 3.543307 20.866140 0.000000 4.724409 21.456692 0.000000 4.882647 21.889006 0.000000 5.314961 50.000000 0.000000 5.905512 22.047243 0.000000 5.905512 50.000000 0.000000 8.267716 21.944845 0.000000 6.500865 21.674685 0.000000 7.041184 21.259842 0.000000 7.480315 21.259842 0.000000 8.267716 16.141733 0.000000 4.724409 10.236220 0.000000 5.905512 15.551181 0.000000 4.882647 15.118867 0.000000 5.314961 14.960629 0.000000 5.905512 10.236220 3.937008 5.905511 16.141733 3.937008 4.724409 10.236220 3.937008 3.543307 15.551181 3.937008 4.882647 15.118867 3.937008 5.314961 14.960629 3.937008 5.905511 21.944845 3.937008 6.500865 50.000000 3.937008 5.905512 22.047243 3.937008 5.905512 50.000000 3.937008 5.962598 50.000000 3.937008 8.267716 21.674685 3.937008 7.041184 21.259842 3.937008 7.480315 21.259842 3.937008 8.267716 14.015748 3.937008 0.354331 20.472441 3.937008 0.000000 16.535433 3.937008 0.000000 161.417313 3.937008 0.000000 161.417328 3.937008 5.905511 12.125983 3.937008 1.062992 10.866141 3.937008 2.125984 20.866140 3.937008 4.724409 21.456692 3.937008 4.882647 21.889006 3.937008 5.314961 10.236220 3.937008 5.905511 10.236220 0.000000 3.543307 10.236220 0.000000 5.905512 10.236220 3.937008 3.543307 50.000000 3.937008 5.905512 50.000000 0.000000 8.267716 50.000000 0.000000 5.905512 50.000000 3.937008 5.962598 50.000000 3.937008 8.267716 10.236220 0.000000 3.543307 10.866141 3.937008 2.125984 10.866141 0.000000 2.125984 10.236220 3.937008 3.543307 12.125983 3.937008 1.062992 10.866141 0.000000 2.125984 10.866141 3.937008 2.125984 12.125983 0.000000 1.062992 14.015748 3.937008 0.354331 12.125983 0.000000 1.062992 12.125983 3.937008 1.062992 14.015748 0.000000 0.354331 16.535433 3.937008 0.000000 14.015748 0.000000 0.354331 14.015748 3.937008 0.354331 16.535433 0.000000 0.000000 20.472441 3.937008 0.000000 16.535433 0.000000 0.000000 16.535433 3.937008 0.000000 20.472441 0.000000 0.000000 161.417313 3.937008 0.000000 20.472441 0.000000 0.000000 20.472441 3.937008 0.000000 161.417328 0.000000 0.000000 161.417328 0.000000 0.000000 161.417328 3.937008 5.905511 161.417328 0.000000 5.905512 161.417313 3.937008 0.000000 50.000000 0.000000 5.905512 161.417328 3.937008 5.905511 50.000000 3.937008 5.905512 161.417328 0.000000 5.905512 "
									            />
								</IndexedFaceSet>
							</Shape>
						</Group>
					</Transform>
				</Transform>
				<Transform DEF="instance_27_TRANSFORM"
				           translation="49.125267 151.181122 0.007019"
				           scale="1.000000 1.000000 1.000000"
				           rotation="0.000000 0.000000 -1.000000 1.570796"
				           >
					<Transform DEF="instance_27_ifs_TRANSFORM"
					           translation="-0.000003 0.000001 0.000000"
					           scale="1.000000 1.000000 1.000000"
					           rotation="0.000000 1.000000 0.000000 0.000000"
					           >
						<Group DEF="group_ME_ID307">
							<Shape>
								<Appearance>
								</Appearance>
								<IndexedFaceSet solid="false"
								                coordIndex="0 1 2 -1 1 0 3 -1 4 5 6 -1 5 4 7 -1 7 4 8 -1 7 8 9 -1 9 8 10 -1 10 8 11 -1 11 8 12 -1 12 8 13 -1 13 8 14 -1 14 8 15 -1 15 8 16 -1 16 8 17 -1 17 8 18 -1 18 8 19 -1 11 20 21 -1 20 11 12 -1 21 20 22 -1 21 22 23 -1 21 23 24 -1 25 26 27 -1 26 25 28 -1 29 30 31 -1 30 29 32 -1 32 29 33 -1 33 29 34 -1 35 36 37 -1 36 35 38 -1 38 35 39 -1 39 35 40 -1 39 40 41 -1 39 41 31 -1 39 31 42 -1 42 31 30 -1 39 42 43 -1 39 43 44 -1 39 44 45 -1 39 45 46 -1 39 46 47 -1 47 46 48 -1 47 48 49 -1 47 49 50 -1 51 52 53 -1 52 51 54 -1 55 56 57 -1 56 55 58 -1 59 60 61 -1 60 59 56 -1 60 56 62 -1 62 56 58 -1 63 64 65 -1 64 63 66 -1 67 68 69 -1 68 67 70 -1 71 72 73 -1 72 71 74 -1 75 76 77 -1 76 75 78 -1 79 80 81 -1 80 79 82 -1 82 83 80 -1 83 82 84 -1 83 85 86 -1 85 83 84 -1 87 88 89 -1 88 87 90 -1 91 92 93 -1 92 91 94 -1 92 95 93 -1 95 92 96 -1 96 97 95 -1 97 96 98 -1 99 100 101 -1 100 99 102 -1 101 103 104 -1 103 101 100 -1 105 106 107 -1 106 105 108 -1 109 110 111 -1 110 109 112 -1 113 114 115 -1 114 113 116 -1 117 118 119 -1 118 117 120 -1 121 122 123 -1 122 121 124 -1 124 121 125 -1 126 127 128 -1 127 126 129 -1 130 128 131 -1 128 130 126 -1 132 130 131 -1 130 132 133 -1 134 135 136 -1 135 134 137 -1 138 139 140 -1 139 138 141 -1 142 138 143 -1 138 142 141 -1 144 143 145 -1 143 144 142 -1 146 147 148 -1 147 146 149 -1 150 151 152 -1 151 150 153 -1 154 155 156 -1 155 154 157 -1 158 159 160 -1 159 158 161 -1 162 163 164 -1 163 162 165 -1 165 162 166 -1 165 166 167 -1 167 166 168 -1 167 168 169 -1 169 168 170 -1 169 170 171 -1 171 170 172 -1 171 172 173 -1 173 172 174 -1 173 174 175 -1 175 174 176 -1 175 176 177 -1 178 179 180 -1 179 178 181 -1 182 183 184 -1 183 182 185 -1 185 182 186 -1 185 186 187 -1 187 186 188 -1 187 188 189 -1 189 188 190 -1 189 190 191 -1 191 190 192 -1 191 192 193 -1 193 192 194 -1 193 194 195 -1 195 194 196 -1 195 196 197 -1 198 199 200 -1 199 198 201 -1 202 203 204 -1 203 202 205 -1 206 207 208 -1 207 206 209 -1 "
								                >
									<Coordinate DEF="coords_ME_ID307"
									            point="3.779527 3.937008 0.354331 1.889764 0.000000 1.062992 1.889764 3.937008 1.062992 3.779527 0.000000 0.354331 50.393700 0.000000 0.000000 6.299213 0.000000 0.000000 10.236220 0.000000 0.000000 3.779527 0.000000 0.354331 50.393700 0.000000 8.267716 1.889764 0.000000 1.062992 0.629921 0.000000 2.125984 0.000000 0.000000 3.543307 10.629921 0.000000 4.724409 11.220472 0.000000 4.882647 11.652785 0.000000 5.314961 11.811023 0.000000 5.905512 11.708624 0.000000 6.500865 11.438465 0.000000 7.041184 11.023622 0.000000 7.480315 11.023622 0.000000 8.267716 5.905511 0.000000 4.724409 0.000000 0.000000 5.905512 5.314961 0.000000 4.882647 4.882647 0.000000 5.314961 4.724409 0.000000 5.905512 1.889764 3.937008 1.062992 0.629921 0.000000 2.125984 0.629921 3.937008 2.125984 1.889764 0.000000 1.062992 0.000000 3.937008 5.905512 5.905512 3.937008 4.724409 -0.000000 3.937008 3.543307 5.314961 3.937008 4.882647 4.882647 3.937008 5.314961 4.724409 3.937008 5.905512 3.779527 3.937008 0.354331 10.236220 3.937008 0.000000 6.299213 3.937008 0.000000 50.393700 3.937008 0.000000 50.393700 3.937008 5.962598 1.889764 3.937008 1.062992 0.629921 3.937008 2.125984 10.629921 3.937008 4.724409 11.220472 3.937008 4.882647 11.652785 3.937008 5.314961 11.811023 3.937008 5.905512 11.708624 3.937008 6.500865 50.393700 3.937008 8.267716 11.438465 3.937008 7.041184 11.023622 3.937008 7.480315 11.023622 3.937008 8.267716 6.299213 3.937008 0.000000 3.779527 0.000000 0.354331 3.779527 3.937008 0.354331 6.299213 0.000000 0.000000 50.393700 0.000000 8.267716 11.023622 0.393701 8.267716 11.023622 0.000000 8.267716 50.393700 3.937008 8.267716 5.511811 0.393701 8.267716 11.023622 3.543307 8.267716 5.511811 3.543307 8.267716 11.023622 3.937008 8.267716 11.023622 0.000000 8.267716 11.023622 0.393701 7.480315 11.023622 0.000000 7.480315 11.023622 0.393701 8.267716 11.023622 0.393701 7.480315 11.438465 0.000000 7.041184 11.023622 0.000000 7.480315 11.438465 0.393701 7.041184 11.438465 0.393701 7.041184 11.708624 0.000000 6.500865 11.438465 0.000000 7.041184 11.708624 0.393701 6.500865 11.708624 0.000000 6.500865 11.811023 0.393701 5.905512 11.811023 0.000000 5.905512 11.708624 0.393701 6.500865 11.811023 0.393701 5.905512 11.652785 0.000000 5.314961 11.811023 0.000000 5.905512 11.652785 0.393701 5.314961 11.220472 0.000000 4.882647 11.220472 0.393701 4.882647 10.629921 0.393701 4.724409 10.629921 0.000000 4.724409 10.629921 0.000000 4.724409 5.905512 0.393701 4.724409 5.905511 0.000000 4.724409 10.629921 0.393701 4.724409 5.905511 0.000000 4.724409 5.314961 0.393701 4.882647 5.314961 0.000000 4.882647 5.905512 0.393701 4.724409 4.882647 0.000000 5.314961 4.882647 0.393701 5.314961 4.724409 0.000000 5.905512 4.724409 0.393701 5.905512 4.724409 0.000000 5.905512 4.724409 3.543307 5.905511 0.000000 0.000000 5.905512 4.724409 0.393701 5.905512 4.724409 3.937008 5.905512 0.000000 3.937008 5.905512 0.000000 3.937008 5.905512 0.000000 0.000000 3.543307 0.000000 0.000000 5.905512 -0.000000 3.937008 3.543307 0.000000 0.000000 3.543307 0.629921 3.937008 2.125984 0.629921 0.000000 2.125984 -0.000000 3.937008 3.543307 10.236220 3.937008 0.000000 6.299213 0.000000 0.000000 6.299213 3.937008 0.000000 10.236220 0.000000 0.000000 50.393700 3.937008 0.000000 10.236220 0.000000 0.000000 10.236220 3.937008 0.000000 50.393700 0.000000 0.000000 50.393700 0.000000 0.000000 50.393700 3.937008 8.267716 50.393700 0.000000 8.267716 50.393700 3.937008 5.962598 50.393700 3.937008 0.000000 4.882647 3.937008 5.314961 4.724409 3.543307 5.905511 4.882647 3.543307 5.314961 4.724409 3.937008 5.905512 5.314961 3.937008 4.882647 5.314961 3.543307 4.882647 5.905512 3.543307 4.724409 5.905512 3.937008 4.724409 10.629921 3.543307 4.724409 5.905512 3.937008 4.724409 5.905512 3.543307 4.724409 10.629921 3.937008 4.724409 11.220472 3.543307 4.882647 10.629921 3.937008 4.724409 10.629921 3.543307 4.724409 11.220472 3.937008 4.882647 11.652785 3.937008 5.314961 11.652785 3.543307 5.314961 11.811023 3.937008 5.905512 11.811023 3.543307 5.905511 11.708624 3.543307 6.500865 11.811023 3.937008 5.905512 11.811023 3.543307 5.905511 11.708624 3.937008 6.500865 11.438465 3.937008 7.041184 11.708624 3.543307 6.500865 11.438465 3.543307 7.041184 11.708624 3.937008 6.500865 11.023622 3.937008 7.480315 11.438465 3.543307 7.041184 11.023622 3.543307 7.480315 11.438465 3.937008 7.041184 11.023622 3.543307 8.267716 11.023622 3.937008 7.480315 11.023622 3.543307 7.480315 11.023622 3.937008 8.267716 5.314961 3.543307 4.882647 10.629921 3.543307 4.724409 5.905512 3.543307 4.724409 11.220472 3.543307 4.882647 4.882647 3.543307 5.314961 11.652785 3.543307 5.314961 4.724409 3.543307 5.905511 11.811023 3.543307 5.905511 4.826808 3.543307 6.500865 11.708624 3.543307 6.500865 5.096968 3.543307 7.041184 11.438465 3.543307 7.041184 5.511811 3.543307 7.480315 11.023622 3.543307 7.480315 5.511811 3.543307 8.267716 11.023622 3.543307 8.267716 5.511811 0.393701 8.267716 5.511811 3.543307 7.480315 5.511811 0.393701 7.480315 5.511811 3.543307 8.267716 11.220472 0.393701 4.882647 5.905512 0.393701 4.724409 10.629921 0.393701 4.724409 5.314961 0.393701 4.882647 11.652785 0.393701 5.314961 4.882647 0.393701 5.314961 11.811023 0.393701 5.905512 4.724409 0.393701 5.905512 11.708624 0.393701 6.500865 4.826808 0.393701 6.500865 11.438465 0.393701 7.041184 5.096968 0.393701 7.041184 11.023622 0.393701 7.480315 5.511811 0.393701 7.480315 11.023622 0.393701 8.267716 5.511811 0.393701 8.267716 4.826808 0.393701 6.500865 4.724409 3.543307 5.905511 4.724409 0.393701 5.905512 4.826808 3.543307 6.500865 5.096968 3.543307 7.041184 4.826808 0.393701 6.500865 5.096968 0.393701 7.041184 4.826808 3.543307 6.500865 5.511811 3.543307 7.480315 5.096968 0.393701 7.041184 5.511811 0.393701 7.480315 5.096968 3.543307 7.041184 "
									            />
								</IndexedFaceSet>
							</Shape>
						</Group>
					</Transform>
				</Transform>
				<Transform DEF="instance_28_TRANSFORM"
				           translation="36.526840 161.417328 0.007019"
				           scale="1.000000 1.000000 1.000000"
				           rotation="0.000000 0.000000 -1.000000 1.570796"
				           >
					<Transform DEF="instance_28_ifs_TRANSFORM"
					           translation="-0.000004 0.000002 0.000000"
					           scale="1.000000 1.000000 1.000000"
					           rotation="0.000000 1.000000 0.000000 0.000000"
					           >
						<Group DEF="group_ME_ID315_001">
							<Shape>
								<Appearance>
								</Appearance>
								<IndexedFaceSet solid="false"
								                coordIndex="0 1 2 -1 1 0 3 -1 4 5 6 -1 5 4 7 -1 8 9 10 -1 9 8 11 -1 11 8 12 -1 11 12 13 -1 13 12 14 -1 13 14 15 -1 15 14 16 -1 15 16 17 -1 17 16 18 -1 17 18 19 -1 19 18 20 -1 19 20 21 -1 21 20 22 -1 21 22 23 -1 24 25 26 -1 25 24 27 -1 28 29 30 -1 29 28 31 -1 31 28 32 -1 31 32 33 -1 33 32 34 -1 33 34 35 -1 35 34 36 -1 35 36 37 -1 37 36 38 -1 37 38 39 -1 39 38 40 -1 39 40 41 -1 41 40 42 -1 41 42 43 -1 44 45 46 -1 45 44 47 -1 46 48 49 -1 48 46 45 -1 50 51 52 -1 51 50 53 -1 54 50 52 -1 50 54 55 -1 56 55 54 -1 55 56 57 -1 58 59 60 -1 59 58 61 -1 62 63 64 -1 63 62 65 -1 66 65 62 -1 65 66 67 -1 68 66 69 -1 66 68 67 -1 70 71 72 -1 71 70 73 -1 74 75 76 -1 75 74 77 -1 78 79 80 -1 79 78 81 -1 82 83 84 -1 83 82 85 -1 86 87 88 -1 87 86 89 -1 90 91 92 -1 91 90 87 -1 91 87 93 -1 93 87 89 -1 94 95 96 -1 95 94 97 -1 98 99 100 -1 99 98 101 -1 102 103 104 -1 103 102 105 -1 106 107 108 -1 107 106 109 -1 110 111 112 -1 111 110 113 -1 114 115 116 -1 115 114 117 -1 115 118 119 -1 118 115 117 -1 119 120 121 -1 120 119 118 -1 122 123 124 -1 123 122 125 -1 126 127 128 -1 127 126 129 -1 127 130 128 -1 130 127 131 -1 131 132 130 -1 132 131 133 -1 134 135 136 -1 135 134 137 -1 137 134 138 -1 137 138 139 -1 139 138 140 -1 140 138 141 -1 141 138 142 -1 142 138 143 -1 143 138 144 -1 144 138 145 -1 145 138 146 -1 146 147 145 -1 147 146 148 -1 147 148 149 -1 149 148 150 -1 150 148 151 -1 141 152 153 -1 152 141 142 -1 153 152 154 -1 153 154 155 -1 153 155 156 -1 157 158 159 -1 158 157 160 -1 160 157 161 -1 161 157 162 -1 163 164 165 -1 164 163 166 -1 166 163 167 -1 167 163 168 -1 167 168 169 -1 167 169 170 -1 171 172 173 -1 172 171 174 -1 174 171 175 -1 175 171 176 -1 175 176 177 -1 175 177 159 -1 175 159 178 -1 178 159 158 -1 175 178 179 -1 175 179 180 -1 175 180 165 -1 175 165 164 -1 181 182 183 -1 182 181 184 -1 185 186 187 -1 186 185 188 -1 188 185 189 -1 190 191 192 -1 191 190 193 -1 194 195 196 -1 195 194 197 -1 198 199 200 -1 199 198 201 -1 202 203 204 -1 203 202 205 -1 206 207 208 -1 207 206 209 -1 210 211 212 -1 211 210 213 -1 214 215 216 -1 215 214 217 -1 218 219 220 -1 219 218 221 -1 "
								                >
									<Coordinate DEF="coords_ME_ID315_001"
									            point="15.333189 3.543307 7.041184 15.063028 0.393701 6.500865 15.333189 0.393701 7.041184 15.063028 3.543307 6.500865 15.063028 0.393701 6.500865 14.960629 3.543307 5.905512 14.960629 0.393701 5.905512 15.063028 3.543307 6.500865 21.456692 0.393701 4.882647 16.141733 0.393701 4.724409 20.866140 0.393701 4.724409 15.551181 0.393701 4.882647 21.889006 0.393701 5.314961 15.118867 0.393701 5.314961 22.047243 0.393701 5.905512 14.960629 0.393701 5.905512 21.944845 0.393701 6.500865 15.063028 0.393701 6.500865 21.674685 0.393701 7.041184 15.333189 0.393701 7.041184 21.259842 0.393701 7.480315 15.748032 0.393701 7.480315 21.259842 0.393701 8.267716 15.748032 0.393701 8.267716 15.748032 3.543307 7.480315 15.333189 0.393701 7.041184 15.748032 0.393701 7.480315 15.333189 3.543307 7.041184 15.551181 3.543307 4.882647 20.866140 3.543307 4.724409 16.141733 3.543307 4.724409 21.456692 3.543307 4.882647 15.118867 3.543307 5.314961 21.889008 3.543307 5.314961 14.960629 3.543307 5.905512 22.047243 3.543307 5.905512 15.063028 3.543307 6.500865 21.944845 3.543307 6.500865 15.333189 3.543307 7.041184 21.674685 3.543307 7.041184 15.748032 3.543307 7.480315 21.259842 3.543307 7.480315 15.748032 3.543307 8.267716 21.259842 3.543307 8.267716 14.960629 0.000000 5.905512 14.960629 3.543307 5.905512 10.236220 0.000000 5.905512 14.960629 0.393701 5.905512 14.960629 3.937008 5.905511 10.236220 3.937008 5.905511 15.118867 0.393701 5.314961 14.960629 0.000000 5.905512 15.118867 0.000000 5.314961 14.960629 0.393701 5.905512 15.551181 0.000000 4.882647 15.551181 0.393701 4.882647 16.141733 0.000000 4.724409 16.141733 0.393701 4.724409 20.866140 0.000000 4.724409 16.141733 0.393701 4.724409 16.141733 0.000000 4.724409 20.866140 0.393701 4.724409 21.456692 0.000000 4.882647 20.866140 0.393701 4.724409 20.866140 0.000000 4.724409 21.456692 0.393701 4.882647 21.889006 0.000000 5.314961 21.889006 0.393701 5.314961 22.047243 0.393701 5.905512 22.047243 0.000000 5.905512 21.944845 0.000000 6.500865 22.047243 0.393701 5.905512 22.047243 0.000000 5.905512 21.944845 0.393701 6.500865 21.674685 0.393701 7.041184 21.944845 0.000000 6.500865 21.674685 0.000000 7.041184 21.944845 0.393701 6.500865 21.259842 0.393701 7.480315 21.674685 0.000000 7.041184 21.259842 0.000000 7.480315 21.674685 0.393701 7.041184 21.259842 0.000000 8.267716 21.259842 0.393701 7.480315 21.259842 0.000000 7.480315 21.259842 0.393701 8.267716 50.000000 0.000000 8.267716 21.259842 0.393701 8.267716 21.259842 0.000000 8.267716 50.000000 3.937008 8.267716 15.748032 0.393701 8.267716 21.259842 3.543307 8.267716 15.748032 3.543307 8.267716 21.259842 3.937008 8.267716 15.748032 0.393701 8.267716 15.748032 3.543307 7.480315 15.748032 0.393701 7.480315 15.748032 3.543307 8.267716 21.259842 3.543307 8.267716 21.259842 3.937008 7.480315 21.259842 3.543307 7.480315 21.259842 3.937008 8.267716 21.259842 3.937008 7.480315 21.674685 3.543307 7.041184 21.259842 3.543307 7.480315 21.674685 3.937008 7.041184 21.674685 3.937008 7.041184 21.944845 3.543307 6.500865 21.674685 3.543307 7.041184 21.944845 3.937008 6.500865 21.944845 3.543307 6.500865 22.047243 3.937008 5.905512 22.047243 3.543307 5.905512 21.944845 3.937008 6.500865 22.047243 3.937008 5.905512 21.889008 3.543307 5.314961 22.047243 3.543307 5.905512 21.889006 3.937008 5.314961 21.456692 3.937008 4.882647 21.456692 3.543307 4.882647 20.866140 3.937008 4.724409 20.866140 3.543307 4.724409 20.866140 3.543307 4.724409 16.141733 3.937008 4.724409 16.141733 3.543307 4.724409 20.866140 3.937008 4.724409 16.141733 3.543307 4.724409 15.551181 3.937008 4.882647 15.551181 3.543307 4.882647 16.141733 3.937008 4.724409 15.118867 3.543307 5.314961 15.118867 3.937008 5.314961 14.960629 3.543307 5.905512 14.960629 3.937008 5.905511 161.417328 0.000000 0.000000 16.535433 0.000000 0.000000 20.472441 0.000000 0.000000 14.015748 0.000000 0.354331 161.417313 0.000000 5.905512 12.125983 0.000000 1.062992 10.866141 0.000000 2.125984 10.236220 0.000000 3.543307 20.866140 0.000000 4.724409 21.456692 0.000000 4.882647 21.889006 0.000000 5.314961 22.047243 0.000000 5.905512 50.000000 0.000000 5.905511 21.944845 0.000000 6.500865 50.000000 0.000000 8.267716 21.674685 0.000000 7.041184 21.259842 0.000000 7.480315 21.259842 0.000000 8.267716 16.141733 0.000000 4.724409 10.236220 0.000000 5.905512 15.551181 0.000000 4.882647 15.118867 0.000000 5.314961 14.960629 0.000000 5.905512 10.236220 3.937008 5.905511 16.141733 3.937008 4.724409 10.236220 3.937008 3.543307 15.551181 3.937008 4.882647 15.118867 3.937008 5.314961 14.960629 3.937008 5.905511 21.944845 3.937008 6.500865 50.000000 3.937008 5.905511 22.047243 3.937008 5.905512 50.000000 3.937008 5.962598 50.000000 3.937008 8.267716 21.674685 3.937008 7.041184 21.259842 3.937008 7.480315 21.259842 3.937008 8.267716 14.015748 3.937008 0.354331 20.472441 3.937008 0.000000 16.535433 3.937008 0.000000 161.417328 3.937008 0.000000 161.417328 3.937008 5.905512 12.125983 3.937008 1.062992 10.866141 3.937008 2.125984 20.866140 3.937008 4.724409 21.456692 3.937008 4.882647 21.889006 3.937008 5.314961 10.236220 3.937008 5.905511 10.236220 0.000000 3.543307 10.236220 0.000000 5.905512 10.236220 3.937008 3.543307 50.000000 0.000000 5.905511 50.000000 3.937008 8.267716 50.000000 0.000000 8.267716 50.000000 3.937008 5.962598 50.000000 3.937008 5.905511 10.236220 0.000000 3.543307 10.866141 3.937008 2.125984 10.866141 0.000000 2.125984 10.236220 3.937008 3.543307 12.125983 3.937008 1.062992 10.866141 0.000000 2.125984 10.866141 3.937008 2.125984 12.125983 0.000000 1.062992 14.015748 3.937008 0.354331 12.125983 0.000000 1.062992 12.125983 3.937008 1.062992 14.015748 0.000000 0.354331 16.535433 3.937008 0.000000 14.015748 0.000000 0.354331 14.015748 3.937008 0.354331 16.535433 0.000000 0.000000 20.472441 3.937008 0.000000 16.535433 0.000000 0.000000 16.535433 3.937008 0.000000 20.472441 0.000000 0.000000 161.417328 3.937008 0.000000 20.472441 0.000000 0.000000 20.472441 3.937008 0.000000 161.417328 0.000000 0.000000 161.417328 0.000000 0.000000 161.417328 3.937008 5.905512 161.417313 0.000000 5.905512 161.417328 3.937008 0.000000 50.000000 0.000000 5.905511 161.417328 3.937008 5.905512 50.000000 3.937008 5.905511 161.417313 0.000000 5.905512 "
									            />
								</IndexedFaceSet>
							</Shape>
						</Group>
					</Transform>
				</Transform>
			</Transform>
			<Transform DEF="group_39_TRANSFORM"
			           translation="-99.125565 305.904938 151.521606"
			           scale="1.000000 1.000000 1.000000"
			           rotation="0.000000 1.000000 0.000000 0.000000"
			           >
				<Transform DEF="group_40_TRANSFORM"
				           translation="44.881889 6.692902 4.724411"
				           scale="1.000000 1.000000 1.000000"
				           rotation="0.000000 1.000000 0.000000 0.000000"
				           >
					<Transform DEF="group_41_TRANSFORM"
					           translation="1.181103 7.874023 5.905518"
					           scale="1.000000 1.000000 1.000000"
					           rotation="0.000000 1.000000 0.000000 0.000000"
					           >
						<Transform DEF="group_41_ifs_TRANSFORM"
						           translation="0.000000 0.000000 0.000000"
						           scale="1.000000 1.000000 1.000000"
						           rotation="0.000000 1.000000 0.000000 0.000000"
						           >
							<Group DEF="group_ME_ID324">
								<Shape>
									<Appearance>
										<Material USE="MA_material_022" />
									</Appearance>
									<IndexedFaceSet solid="false"
									                coordIndex="0 1 2 -1 1 0 3 -1 4 5 6 -1 5 4 7 -1 7 8 5 -1 8 7 9 -1 8 9 10 -1 11 12 13 -1 12 11 14 -1 15 16 17 -1 16 15 18 -1 18 15 19 -1 19 15 20 -1 21 16 18 -1 22 23 24 -1 23 22 25 -1 26 27 28 -1 27 26 29 -1 30 31 32 -1 31 30 33 -1 34 35 36 -1 35 34 37 -1 38 39 40 -1 39 38 41 -1 "
									                >
										<Coordinate DEF="coords_ME_ID324"
										            point="0.000000 12.598426 0.000000 1.574803 12.496026 0.595353 1.574803 12.598425 0.000000 0.000000 12.496026 0.595353 0.000000 11.811023 2.362205 0.000000 5.905512 0.000000 0.000000 5.905512 2.362205 0.000000 11.811023 1.574803 0.000000 12.598426 0.000000 0.000000 12.225867 1.135672 0.000000 12.496026 0.595353 0.000000 12.496026 0.595353 1.574803 12.225867 1.135672 1.574803 12.496026 0.595353 0.000000 12.225867 1.135672 1.574803 12.598425 0.000000 1.574803 5.905512 2.362205 1.574803 5.905512 0.000000 1.574803 11.811023 1.574803 1.574803 12.225867 1.135672 1.574803 12.496026 0.595353 1.574803 11.811023 2.362205 1.574803 12.598425 0.000000 0.000000 5.905512 0.000000 0.000000 12.598426 0.000000 1.574803 5.905512 0.000000 0.000000 5.905512 2.362205 1.574803 11.811023 2.362205 0.000000 11.811023 2.362205 1.574803 5.905512 2.362205 0.000000 11.811023 1.574803 1.574803 11.811023 2.362205 1.574803 11.811023 1.574803 0.000000 11.811023 2.362205 0.000000 12.225867 1.135672 1.574803 11.811023 1.574803 1.574803 12.225867 1.135672 0.000000 11.811023 1.574803 1.574803 5.905512 2.362205 0.000000 5.905512 0.000000 1.574803 5.905512 0.000000 0.000000 5.905512 2.362205 "
										            />
									</IndexedFaceSet>
								</Shape>
							</Group>
						</Transform>
					</Transform>
					<Transform DEF="group_42_TRANSFORM"
					           translation="1.181103 16.535431 5.905518"
					           scale="-1.000000 -1.000000 -1.000000"
					           rotation="-0.000000 1.000000 -0.000000 3.141593"
					           >
						<Transform DEF="group_42_ifs_TRANSFORM"
						           translation="-0.000001 0.000000 0.000005"
						           scale="1.000000 1.000000 1.000000"
						           rotation="0.000000 1.000000 0.000000 0.000000"
						           >
							<Group DEF="group_ME_ID331">
								<Shape>
									<Appearance>
										<Material USE="MA_material_022" />
									</Appearance>
									<IndexedFaceSet solid="false"
									                coordIndex="0 1 2 -1 3 2 1 -1 4 5 6 -1 5 7 6 -1 8 6 7 -1 7 9 8 -1 10 8 9 -1 11 12 13 -1 14 13 12 -1 15 16 17 -1 18 19 20 -1 20 19 15 -1 15 19 16 -1 21 16 19 -1 22 23 24 -1 25 24 23 -1 26 27 28 -1 29 28 27 -1 30 31 32 -1 33 32 31 -1 34 35 36 -1 37 36 35 -1 38 39 40 -1 41 40 39 -1 "
									                >
										<Coordinate DEF="coords_ME_ID331"
										            point="0.000000 12.496026 0.595353 0.000000 12.598426 0.000000 1.574803 12.496026 0.595353 1.574803 12.598425 0.000000 0.000000 12.496026 0.595353 0.000000 12.225867 1.135672 0.000000 12.598426 0.000000 0.000000 11.811023 1.574803 0.000000 5.905512 0.000000 0.000000 11.811023 2.362205 0.000000 5.905512 2.362205 0.000000 12.225867 1.135672 0.000000 12.496026 0.595353 1.574803 12.225867 1.135672 1.574803 12.496026 0.595353 1.574803 11.811023 1.574803 1.574803 5.905512 2.362205 1.574803 11.811023 2.362205 1.574803 12.496026 0.595353 1.574803 12.598425 0.000000 1.574803 12.225867 1.135672 1.574803 5.905512 0.000000 1.574803 5.905512 0.000000 1.574803 12.598425 0.000000 0.000000 5.905512 0.000000 0.000000 12.598426 0.000000 1.574803 5.905512 2.362205 0.000000 5.905512 2.362205 1.574803 11.811023 2.362205 0.000000 11.811023 2.362205 0.000000 11.811023 2.362205 0.000000 11.811023 1.574803 1.574803 11.811023 2.362205 1.574803 11.811023 1.574803 0.000000 11.811023 1.574803 0.000000 12.225867 1.135672 1.574803 11.811023 1.574803 1.574803 12.225867 1.135672 0.000000 5.905512 2.362205 1.574803 5.905512 2.362205 0.000000 5.905512 0.000000 1.574803 5.905512 0.000000 "
										            />
									</IndexedFaceSet>
								</Shape>
							</Group>
						</Transform>
					</Transform>
					<Transform DEF="instance_29_TRANSFORM"
					           translation="0.000000 24.409454 0.000000"
					           scale="1.000000 1.000000 1.000000"
					           rotation="0.000000 0.000000 -1.000000 1.570796"
					           >
						<Transform DEF="instance_29_ifs_TRANSFORM"
						           translation="-0.000004 -0.000001 0.000000"
						           scale="1.000000 1.000000 1.000000"
						           rotation="0.000000 1.000000 0.000000 0.000000"
						           >
							<Group DEF="group_ME_ID339_001">
								<Shape>
									<Appearance>
									</Appearance>
									<IndexedFaceSet solid="false"
									                coordIndex="0 1 2 -1 1 0 3 -1 4 5 6 -1 5 4 7 -1 7 4 8 -1 8 4 9 -1 10 11 12 -1 11 10 13 -1 13 10 14 -1 13 14 15 -1 15 14 16 -1 15 16 17 -1 17 16 18 -1 17 18 19 -1 17 19 20 -1 18 16 21 -1 21 16 6 -1 21 6 5 -1 20 19 22 -1 15 23 24 -1 23 15 17 -1 24 23 25 -1 25 23 26 -1 26 23 27 -1 24 25 28 -1 24 28 29 -1 26 27 30 -1 29 31 32 -1 31 29 28 -1 32 31 33 -1 32 33 34 -1 32 34 35 -1 36 37 38 -1 37 36 39 -1 40 41 42 -1 41 40 43 -1 43 40 44 -1 44 40 45 -1 46 47 48 -1 47 46 49 -1 49 46 50 -1 49 50 51 -1 51 50 52 -1 51 52 53 -1 53 52 54 -1 53 54 55 -1 53 55 56 -1 54 52 57 -1 57 52 42 -1 57 42 41 -1 56 55 58 -1 51 59 60 -1 59 51 53 -1 60 59 61 -1 61 59 62 -1 62 59 63 -1 60 61 64 -1 60 64 65 -1 62 63 66 -1 65 67 68 -1 67 65 64 -1 68 67 69 -1 68 69 70 -1 68 70 71 -1 72 73 74 -1 73 72 75 -1 76 77 78 -1 77 76 79 -1 80 81 82 -1 81 80 83 -1 84 85 86 -1 85 84 87 -1 87 84 88 -1 87 88 89 -1 89 90 87 -1 90 89 91 -1 90 92 93 -1 92 90 91 -1 92 91 94 -1 92 94 95 -1 96 97 98 -1 97 96 99 -1 100 99 96 -1 99 100 101 -1 100 102 101 -1 102 100 103 -1 104 105 106 -1 105 104 107 -1 108 109 110 -1 109 108 111 -1 112 109 111 -1 109 112 113 -1 114 113 112 -1 113 114 115 -1 116 117 118 -1 117 116 119 -1 120 121 122 -1 121 120 123 -1 124 125 126 -1 125 124 127 -1 128 129 130 -1 129 128 131 -1 132 133 134 -1 133 132 135 -1 136 137 138 -1 137 136 139 -1 140 141 142 -1 141 140 143 -1 144 145 146 -1 145 144 147 -1 148 149 150 -1 149 148 151 -1 152 153 154 -1 153 152 155 -1 153 155 156 -1 156 155 149 -1 156 149 157 -1 157 149 151 -1 154 158 159 -1 158 154 153 -1 160 161 162 -1 161 160 163 -1 164 162 165 -1 162 164 160 -1 166 164 165 -1 164 166 167 -1 168 169 170 -1 169 168 171 -1 172 173 174 -1 173 172 175 -1 176 172 177 -1 172 176 175 -1 178 177 179 -1 177 178 176 -1 180 181 182 -1 181 180 183 -1 184 185 186 -1 185 184 187 -1 187 188 185 -1 188 187 189 -1 188 190 191 -1 190 188 189 -1 192 193 194 -1 193 192 195 -1 196 197 198 -1 197 196 199 -1 197 200 198 -1 200 197 201 -1 201 202 200 -1 202 201 203 -1 204 205 206 -1 205 204 207 -1 206 208 209 -1 208 206 205 -1 210 208 211 -1 208 210 209 -1 212 213 214 -1 213 212 215 -1 216 217 218 -1 217 216 219 -1 216 220 221 -1 220 216 218 -1 221 222 223 -1 222 221 220 -1 224 225 226 -1 225 224 227 -1 227 224 228 -1 227 228 229 -1 229 228 230 -1 229 230 231 -1 232 233 234 -1 233 232 235 -1 235 232 236 -1 235 236 237 -1 237 236 238 -1 237 238 239 -1 240 241 242 -1 241 240 243 -1 243 240 244 -1 243 244 245 -1 245 244 246 -1 245 246 247 -1 248 249 250 -1 249 248 251 -1 251 248 252 -1 251 252 253 -1 253 252 254 -1 253 254 255 -1 "
									                >
										<Coordinate DEF="coords_ME_ID339_001"
										            point="5.511811 3.937008 0.000000 3.307087 0.000000 0.354331 3.307087 3.937008 0.354331 5.511811 0.000000 0.000000 0.000000 3.937008 5.905512 5.118110 3.937008 4.724409 0.000000 3.937008 3.543307 4.527559 3.937008 4.882647 4.095246 3.937008 5.314961 3.937008 3.937008 5.905512 3.307087 3.937008 0.354331 18.897636 3.937008 0.000000 5.511811 3.937008 0.000000 21.102362 3.937008 0.354331 1.653543 3.937008 1.062992 22.755903 3.937008 1.062992 0.551181 3.937008 2.125984 10.629921 3.937008 1.968504 9.645670 3.937008 4.882647 10.077983 3.937008 5.314961 10.629921 3.937008 5.905512 9.055119 3.937008 4.724409 10.236220 3.937008 5.905512 13.779528 3.937008 1.968504 23.858267 3.937008 2.125984 14.763780 3.937008 4.882647 14.331466 3.937008 5.314961 13.779528 3.937008 5.905512 15.354331 3.937008 4.724409 24.409447 3.937008 3.543307 14.173228 3.937008 5.905512 19.291338 3.937008 4.724409 24.409447 3.937008 5.905512 19.881889 3.937008 4.882647 20.314203 3.937008 5.314961 20.472441 3.937008 5.905512 18.897636 3.937008 0.000000 5.511811 0.000000 0.000000 5.511811 3.937008 0.000000 18.897636 0.000000 0.000000 24.409449 0.000000 5.905512 19.291338 0.000000 4.724409 24.409449 0.000000 3.543307 19.881889 0.000000 4.882647 20.314203 0.000000 5.314961 20.472441 0.000000 5.905512 21.102362 0.000000 0.354331 5.511811 0.000000 0.000000 18.897636 0.000000 0.000000 3.307087 0.000000 0.354331 22.755903 0.000000 1.062992 1.653543 0.000000 1.062992 23.858267 0.000000 2.125984 13.779528 0.000000 1.968504 14.763780 0.000000 4.882647 14.331466 0.000000 5.314961 13.779528 0.000000 5.905512 15.354331 0.000000 4.724409 14.173228 0.000000 5.905512 10.629921 0.000000 1.968504 0.551181 0.000000 2.125984 9.645670 0.000000 4.882647 10.077983 0.000000 5.314961 10.629921 0.000000 5.905512 9.055119 0.000000 4.724409 0.000000 0.000000 3.543307 10.236220 0.000000 5.905512 5.118110 0.000000 4.724409 0.000000 0.000000 5.905512 4.527559 0.000000 4.882647 4.095246 0.000000 5.314961 3.937008 0.000000 5.905512 3.307087 3.937008 0.354331 1.653543 0.000000 1.062992 1.653543 3.937008 1.062992 3.307087 0.000000 0.354331 10.629921 0.000000 1.968504 13.779528 3.937008 1.968504 10.629921 3.937008 1.968504 13.779528 0.000000 1.968504 13.779528 3.937008 5.905512 13.779528 0.000000 1.968504 13.779528 0.000000 5.905512 13.779528 3.937008 1.968504 13.779528 0.000000 5.905512 14.173228 3.937008 5.905512 13.779528 3.937008 5.905512 14.173228 3.543307 5.905512 14.173228 0.000000 5.905512 14.173227 0.393701 5.905512 20.472441 3.543307 5.905512 20.472441 0.393701 5.905512 24.409447 3.937008 5.905512 20.472441 3.937008 5.905512 20.472441 0.000000 5.905512 24.409449 0.000000 5.905512 14.331466 3.543307 5.314961 14.173228 3.937008 5.905512 14.173228 3.543307 5.905512 14.331466 3.937008 5.314961 14.763780 3.543307 4.882647 14.763780 3.937008 4.882647 15.354331 3.937008 4.724409 15.354331 3.543307 4.724409 15.354331 3.543307 4.724409 19.291338 3.937008 4.724409 15.354331 3.937008 4.724409 19.291338 3.543307 4.724409 19.291338 3.543307 4.724409 19.881889 3.937008 4.882647 19.291338 3.937008 4.724409 19.881889 3.543307 4.882647 20.314203 3.543307 5.314961 20.314203 3.937008 5.314961 20.472441 3.543307 5.905512 20.472441 3.937008 5.905512 24.409447 3.937008 3.543307 24.409449 0.000000 5.905512 24.409449 0.000000 3.543307 24.409447 3.937008 5.905512 23.858267 3.937008 2.125984 24.409449 0.000000 3.543307 23.858267 0.000000 2.125984 24.409447 3.937008 3.543307 23.858267 3.937008 2.125984 22.755903 0.000000 1.062992 22.755903 3.937008 1.062992 23.858267 0.000000 2.125984 22.755903 3.937008 1.062992 21.102362 0.000000 0.354331 21.102362 3.937008 0.354331 22.755903 0.000000 1.062992 21.102362 3.937008 0.354331 18.897636 0.000000 0.000000 18.897636 3.937008 0.000000 21.102362 0.000000 0.354331 1.653543 3.937008 1.062992 0.551181 0.000000 2.125984 0.551181 3.937008 2.125984 1.653543 0.000000 1.062992 0.000000 0.000000 3.543307 0.551181 3.937008 2.125984 0.551181 0.000000 2.125984 0.000000 3.937008 3.543307 0.000000 3.937008 5.905512 0.000000 0.000000 3.543307 0.000000 0.000000 5.905512 0.000000 3.937008 3.543307 10.629921 0.000000 5.905512 10.236220 0.393701 5.905512 10.236220 0.000000 5.905512 10.629921 3.937008 5.905512 3.937008 0.000000 5.905512 3.937008 3.543307 5.905512 0.000000 0.000000 5.905512 3.937008 0.393701 5.905512 10.236220 3.543307 5.905512 10.236220 3.937008 5.905512 3.937008 3.937008 5.905512 0.000000 3.937008 5.905512 4.095246 3.937008 5.314961 3.937008 3.543307 5.905512 4.095246 3.543307 5.314961 3.937008 3.937008 5.905512 4.527559 3.937008 4.882647 4.527559 3.543307 4.882647 5.118110 3.543307 4.724409 5.118110 3.937008 4.724409 9.055119 3.543307 4.724409 5.118110 3.937008 4.724409 5.118110 3.543307 4.724409 9.055119 3.937008 4.724409 9.645670 3.543307 4.882647 9.055119 3.937008 4.724409 9.055119 3.543307 4.724409 9.645670 3.937008 4.882647 10.077983 3.937008 5.314961 10.077983 3.543307 5.314961 10.236220 3.937008 5.905512 10.236220 3.543307 5.905512 10.629921 0.000000 1.968504 10.629921 3.937008 5.905512 10.629921 0.000000 5.905512 10.629921 3.937008 1.968504 10.236220 0.393701 5.905512 10.077983 0.000000 5.314961 10.236220 0.000000 5.905512 10.077983 0.393701 5.314961 9.645670 0.000000 4.882647 9.645669 0.393701 4.882647 9.055119 0.393701 4.724409 9.055119 0.000000 4.724409 9.055119 0.000000 4.724409 5.118110 0.393701 4.724409 5.118110 0.000000 4.724409 9.055119 0.393701 4.724409 5.118110 0.000000 4.724409 4.527559 0.393701 4.882647 4.527559 0.000000 4.882647 5.118110 0.393701 4.724409 4.095246 0.000000 5.314961 4.095246 0.393701 5.314961 3.937008 0.000000 5.905512 3.937008 0.393701 5.905512 20.472441 0.000000 5.905512 20.314203 0.393701 5.314961 20.314203 0.000000 5.314961 20.472441 0.393701 5.905512 19.881889 0.393701 4.882647 19.881889 0.000000 4.882647 19.291338 0.000000 4.724409 19.291338 0.393701 4.724409 15.354331 0.000000 4.724409 19.291338 0.393701 4.724409 15.354331 0.393701 4.724409 19.291338 0.000000 4.724409 14.763780 0.000000 4.882647 15.354331 0.393701 4.724409 14.763780 0.393701 4.882647 15.354331 0.000000 4.724409 14.331466 0.393701 5.314961 14.331466 0.000000 5.314961 14.173227 0.393701 5.905512 14.173228 0.000000 5.905512 19.881889 0.393701 4.882647 15.354331 0.393701 4.724409 19.291338 0.393701 4.724409 14.763780 0.393701 4.882647 20.314203 0.393701 5.314961 14.331466 0.393701 5.314961 20.472441 0.393701 5.905512 14.173227 0.393701 5.905512 14.763780 3.543307 4.882647 19.291338 3.543307 4.724409 15.354331 3.543307 4.724409 19.881889 3.543307 4.882647 14.331466 3.543307 5.314961 20.314203 3.543307 5.314961 14.173228 3.543307 5.905512 20.472441 3.543307 5.905512 4.527559 3.543307 4.882647 9.055119 3.543307 4.724409 5.118110 3.543307 4.724409 9.645670 3.543307 4.882647 4.095246 3.543307 5.314961 10.077983 3.543307 5.314961 3.937008 3.543307 5.905512 10.236220 3.543307 5.905512 9.645669 0.393701 4.882647 5.118110 0.393701 4.724409 9.055119 0.393701 4.724409 4.527559 0.393701 4.882647 10.077983 0.393701 5.314961 4.095246 0.393701 5.314961 10.236220 0.393701 5.905512 3.937008 0.393701 5.905512 "
										            />
									</IndexedFaceSet>
								</Shape>
							</Group>
						</Transform>
					</Transform>
				</Transform>
				<Transform DEF="group_43_TRANSFORM"
				           translation="44.881886 0.787415 12.992126"
				           scale="1.000000 1.000000 1.000000"
				           rotation="0.000000 1.000000 0.000000 0.000000"
				           >
					<Transform DEF="group_44_TRANSFORM"
					           translation="0.000000 36.220459 0.000000"
					           scale="1.000000 1.000000 1.000000"
					           rotation="0.000000 0.000000 -1.000000 1.570796"
					           >
						<Transform DEF="group_44_ifs_TRANSFORM"
						           translation="-0.000004 -0.000001 0.000000"
						           scale="1.000000 1.000000 1.000000"
						           rotation="0.000000 1.000000 0.000000 0.000000"
						           >
							<Group DEF="group_ME_ID347_003">
								<Shape>
									<Appearance>
										<Material USE="MA_material_022" />
									</Appearance>
									<IndexedFaceSet solid="false"
									                coordIndex="0 1 2 -1 1 0 3 -1 4 5 6 -1 5 4 7 -1 7 4 8 -1 8 4 9 -1 10 11 12 -1 11 10 13 -1 13 10 14 -1 13 14 15 -1 15 14 16 -1 15 16 17 -1 17 16 18 -1 17 18 19 -1 17 19 20 -1 17 20 21 -1 18 16 6 -1 18 6 5 -1 21 20 22 -1 15 23 24 -1 23 15 17 -1 24 23 25 -1 25 23 26 -1 26 23 27 -1 27 23 28 -1 24 25 29 -1 27 28 30 -1 29 31 32 -1 31 29 25 -1 32 31 33 -1 32 33 34 -1 32 34 35 -1 36 37 38 -1 37 36 39 -1 40 41 42 -1 41 40 43 -1 43 40 44 -1 43 44 45 -1 45 44 46 -1 45 46 47 -1 1 48 2 -1 48 1 49 -1 50 51 52 -1 51 50 53 -1 54 55 56 -1 55 54 57 -1 55 57 58 -1 58 57 51 -1 58 51 59 -1 59 51 53 -1 56 60 61 -1 60 56 55 -1 62 63 64 -1 63 62 65 -1 65 66 63 -1 66 65 67 -1 66 68 69 -1 68 66 67 -1 48 70 71 -1 70 48 49 -1 72 73 74 -1 73 72 75 -1 76 77 78 -1 77 76 79 -1 80 81 82 -1 81 80 83 -1 84 85 86 -1 85 84 87 -1 88 89 90 -1 89 88 91 -1 92 93 94 -1 93 92 95 -1 96 97 98 -1 97 96 99 -1 100 101 102 -1 101 100 103 -1 104 105 106 -1 105 104 107 -1 108 109 110 -1 109 108 111 -1 112 113 114 -1 113 112 115 -1 116 117 118 -1 117 116 119 -1 119 116 120 -1 119 120 121 -1 121 122 119 -1 122 121 123 -1 122 124 125 -1 124 122 123 -1 124 123 126 -1 124 126 127 -1 128 129 130 -1 129 128 131 -1 129 132 133 -1 132 129 131 -1 134 132 135 -1 132 134 133 -1 136 137 138 -1 137 136 139 -1 140 141 142 -1 141 140 143 -1 140 144 145 -1 144 140 142 -1 145 146 147 -1 146 145 144 -1 148 149 150 -1 149 148 151 -1 152 153 154 -1 153 152 155 -1 156 157 158 -1 157 156 159 -1 160 161 162 -1 161 160 163 -1 164 165 166 -1 165 164 167 -1 167 164 168 -1 167 168 169 -1 169 168 170 -1 169 170 171 -1 172 173 174 -1 173 172 175 -1 176 177 178 -1 177 176 179 -1 179 176 180 -1 180 176 181 -1 182 183 184 -1 183 182 185 -1 185 182 186 -1 185 186 187 -1 187 186 188 -1 187 188 189 -1 189 188 190 -1 189 190 191 -1 189 191 192 -1 189 192 193 -1 190 188 178 -1 190 178 177 -1 193 192 194 -1 187 195 196 -1 195 187 189 -1 196 195 197 -1 197 195 198 -1 198 195 199 -1 199 195 200 -1 196 197 201 -1 199 200 202 -1 201 203 204 -1 203 201 197 -1 204 203 205 -1 204 205 206 -1 204 206 207 -1 208 209 210 -1 209 208 211 -1 211 208 212 -1 211 212 213 -1 213 212 214 -1 213 214 215 -1 216 217 218 -1 217 216 219 -1 220 221 222 -1 221 220 223 -1 223 220 224 -1 223 224 225 -1 225 224 226 -1 225 226 227 -1 228 229 230 -1 229 228 231 -1 163 232 161 -1 232 163 233 -1 232 234 235 -1 234 232 233 -1 236 237 238 -1 237 236 239 -1 240 241 242 -1 241 240 243 -1 241 172 242 -1 172 241 175 -1 244 231 228 -1 231 244 245 -1 244 246 245 -1 246 244 247 -1 248 249 250 -1 249 248 251 -1 252 253 254 -1 253 252 255 -1 217 253 255 -1 253 217 219 -1 "
									                >
										<Coordinate DEF="coords_ME_ID347_003"
										            point="5.118110 0.000000 4.724409 4.527559 0.393701 4.882647 4.527559 0.000000 4.882647 5.118110 0.393701 4.724409 36.220470 0.000000 5.905512 31.102362 0.000000 4.724409 36.220470 0.000000 3.543307 31.692911 0.000000 4.882647 32.125229 0.000000 5.314961 32.283466 0.000000 5.905512 33.385826 0.000000 0.354331 4.724409 0.000000 0.000000 31.496063 0.000000 0.000000 2.834646 0.000000 0.354331 34.803150 0.000000 1.062992 1.417323 0.000000 1.062992 35.748028 0.000000 2.125984 19.685040 0.000000 1.968504 21.259842 0.000000 4.724409 20.669291 0.000000 4.882647 20.236977 0.000000 5.314961 19.685040 0.000000 5.905512 20.078739 0.000000 5.905512 16.535433 0.000000 1.968504 0.472441 0.000000 2.125984 14.960629 0.000000 4.724409 15.551181 0.000000 4.882647 15.983494 0.000000 5.314961 16.535433 0.000000 5.905512 0.000000 0.000000 3.543307 16.141733 0.000000 5.905512 5.118110 0.000000 4.724409 0.000000 0.000000 5.905512 4.527559 0.000000 4.882647 4.095246 0.000000 5.314961 3.937008 0.000000 5.905512 14.960629 0.000000 4.724409 5.118110 0.393701 4.724409 5.118110 0.000000 4.724409 14.960629 0.393701 4.724409 15.551181 0.393701 4.882647 5.118110 0.393701 4.724409 14.960629 0.393701 4.724409 4.527559 0.393701 4.882647 15.983494 0.393701 5.314961 4.095245 0.393701 5.314961 16.141733 0.393701 5.905512 3.937008 0.393701 5.905512 4.095246 0.000000 5.314961 4.095245 0.393701 5.314961 16.535433 0.000000 5.905512 16.141733 0.393701 5.905512 16.141733 0.000000 5.905512 16.535433 3.937008 5.905512 3.937008 0.000000 5.905512 3.937008 3.543307 5.905511 0.000000 0.000000 5.905512 3.937008 0.393701 5.905512 16.141733 3.543307 5.905511 16.141733 3.937008 5.905512 3.937008 3.937008 5.905512 0.000000 3.937008 5.905512 16.141733 0.393701 5.905512 15.983494 0.000000 5.314961 16.141733 0.000000 5.905512 15.983494 0.393701 5.314961 15.551181 0.000000 4.882647 15.551181 0.393701 4.882647 14.960629 0.393701 4.724409 14.960629 0.000000 4.724409 3.937008 0.393701 5.905512 3.937008 0.000000 5.905512 0.000000 3.937008 5.905512 0.000000 0.000000 3.543307 0.000000 0.000000 5.905512 0.000000 3.937008 3.543307 0.000000 0.000000 3.543307 0.472441 3.937008 2.125984 0.472441 0.000000 2.125984 0.000000 3.937008 3.543307 0.472441 0.000000 2.125984 1.417323 3.937008 1.062992 1.417323 0.000000 1.062992 0.472441 3.937008 2.125984 2.834646 3.937008 0.354331 1.417323 0.000000 1.062992 1.417323 3.937008 1.062992 2.834646 0.000000 0.354331 4.724409 3.937008 0.000000 2.834646 0.000000 0.354331 2.834646 3.937008 0.354331 4.724409 0.000000 0.000000 31.496063 3.937008 0.000000 4.724409 0.000000 0.000000 4.724409 3.937008 0.000000 31.496063 0.000000 0.000000 33.385826 3.937008 0.354331 31.496063 0.000000 0.000000 31.496063 3.937008 0.000000 33.385826 0.000000 0.354331 34.803150 3.937008 1.062992 33.385826 0.000000 0.354331 33.385826 3.937008 0.354331 34.803150 0.000000 1.062992 34.803150 3.937008 1.062992 35.748028 0.000000 2.125984 34.803150 0.000000 1.062992 35.748028 3.937008 2.125984 35.748028 3.937008 2.125984 36.220470 0.000000 3.543307 35.748028 0.000000 2.125984 36.220470 3.937008 3.543307 36.220470 3.937008 3.543307 36.220470 0.000000 5.905512 36.220470 0.000000 3.543307 36.220470 3.937008 5.905512 19.685040 0.000000 5.905512 20.078739 3.937008 5.905512 19.685040 3.937008 5.905512 20.078739 3.543307 5.905511 20.078739 0.000000 5.905512 20.078739 0.393701 5.905512 32.283466 3.543307 5.905511 32.283466 0.393701 5.905512 36.220470 3.937008 5.905512 32.283466 3.937008 5.905512 32.283466 0.000000 5.905512 36.220470 0.000000 5.905512 32.283466 0.393701 5.905512 32.125229 0.000000 5.314961 32.283466 0.000000 5.905512 32.125229 0.393701 5.314961 31.692911 0.393701 4.882647 31.692911 0.000000 4.882647 31.102362 0.000000 4.724409 31.102362 0.393701 4.724409 21.259842 0.000000 4.724409 31.102362 0.393701 4.724409 21.259842 0.393701 4.724409 31.102362 0.000000 4.724409 20.669291 0.000000 4.882647 21.259842 0.393701 4.724409 20.669291 0.393701 4.882647 21.259842 0.000000 4.724409 20.236977 0.393701 5.314961 20.236977 0.000000 5.314961 20.078739 0.393701 5.905512 20.078739 0.000000 5.905512 19.685040 3.937008 5.905512 19.685040 0.000000 1.968504 19.685040 0.000000 5.905512 19.685040 3.937008 1.968504 16.535433 0.000000 1.968504 19.685040 3.937008 1.968504 16.535433 3.937008 1.968504 19.685040 0.000000 1.968504 16.535433 3.937008 1.968504 16.535433 0.000000 5.905512 16.535433 0.000000 1.968504 16.535433 3.937008 5.905512 16.141733 3.937008 5.905512 15.983494 3.543307 5.314961 16.141733 3.543307 5.905511 15.983494 3.937008 5.314961 4.527559 3.543307 4.882647 14.960629 3.543307 4.724409 5.118110 3.543307 4.724409 15.551181 3.543307 4.882647 4.095246 3.543307 5.314961 15.983494 3.543307 5.314961 3.937008 3.543307 5.905511 16.141733 3.543307 5.905511 4.095246 3.543307 5.314961 3.937008 3.937008 5.905512 3.937008 3.543307 5.905511 4.095246 3.937008 5.314961 0.000000 3.937008 5.905512 5.118110 3.937008 4.724409 0.000000 3.937008 3.543307 4.527559 3.937008 4.882647 4.095246 3.937008 5.314961 3.937008 3.937008 5.905512 2.834646 3.937008 0.354331 31.496063 3.937008 0.000000 4.724409 3.937008 0.000000 33.385826 3.937008 0.354331 1.417323 3.937008 1.062992 34.803150 3.937008 1.062992 0.472441 3.937008 2.125984 16.535433 3.937008 1.968504 14.960629 3.937008 4.724409 15.551181 3.937008 4.882647 15.983494 3.937008 5.314961 16.535433 3.937008 5.905512 16.141733 3.937008 5.905512 19.685040 3.937008 1.968504 35.748028 3.937008 2.125984 21.259842 3.937008 4.724409 20.669292 3.937008 4.882647 20.236977 3.937008 5.314961 19.685040 3.937008 5.905512 36.220470 3.937008 3.543307 20.078739 3.937008 5.905512 31.102362 3.937008 4.724409 36.220470 3.937008 5.905512 31.692911 3.937008 4.882647 32.125229 3.937008 5.314961 32.283466 3.937008 5.905512 31.692911 0.393701 4.882647 21.259842 0.393701 4.724409 31.102362 0.393701 4.724409 20.669291 0.393701 4.882647 32.125229 0.393701 5.314961 20.236977 0.393701 5.314961 32.283466 0.393701 5.905512 20.078739 0.393701 5.905512 32.283466 3.937008 5.905512 32.125229 3.543307 5.314961 32.283466 3.543307 5.905511 32.125229 3.937008 5.314961 20.669291 3.543307 4.882647 31.102362 3.543307 4.724409 21.259842 3.543307 4.724409 31.692911 3.543307 4.882647 20.236977 3.543307 5.314961 32.125229 3.543307 5.314961 20.078739 3.543307 5.905511 32.283466 3.543307 5.905511 20.236977 3.543307 5.314961 20.078739 3.937008 5.905512 20.078739 3.543307 5.905511 20.236977 3.937008 5.314961 15.551181 3.543307 4.882647 15.551181 3.937008 4.882647 14.960629 3.937008 4.724409 14.960629 3.543307 4.724409 14.960629 3.543307 4.724409 5.118110 3.937008 4.724409 5.118110 3.543307 4.724409 14.960629 3.937008 4.724409 5.118110 3.543307 4.724409 4.527559 3.937008 4.882647 4.527559 3.543307 4.882647 5.118110 3.937008 4.724409 20.669291 3.543307 4.882647 20.669292 3.937008 4.882647 21.259842 3.937008 4.724409 21.259842 3.543307 4.724409 21.259842 3.543307 4.724409 31.102362 3.937008 4.724409 21.259842 3.937008 4.724409 31.102362 3.543307 4.724409 31.102362 3.543307 4.724409 31.692911 3.937008 4.882647 31.102362 3.937008 4.724409 31.692911 3.543307 4.882647 "
										            />
									</IndexedFaceSet>
								</Shape>
							</Group>
						</Transform>
					</Transform>
					<Transform DEF="group_45_TRANSFORM"
					           translation="1.181103 19.685028 5.905518"
					           scale="1.000000 1.000000 1.000000"
					           rotation="0.000000 1.000000 0.000000 0.000000"
					           >
						<Transform DEF="group_45_ifs_TRANSFORM"
						           translation="0.000000 0.000000 0.000000"
						           scale="1.000000 1.000000 1.000000"
						           rotation="0.000000 1.000000 0.000000 0.000000"
						           >
							<Group DEF="group_ME_ID354_003">
								<Shape>
									<Appearance>
										<Material USE="MA_material_022" />
									</Appearance>
									<IndexedFaceSet solid="false"
									                coordIndex="0 1 2 -1 1 0 3 -1 4 5 6 -1 5 4 7 -1 7 8 5 -1 8 7 9 -1 8 9 10 -1 11 12 13 -1 12 11 14 -1 15 16 17 -1 16 15 18 -1 18 15 19 -1 19 15 20 -1 21 16 18 -1 22 23 24 -1 23 22 25 -1 26 27 28 -1 27 26 29 -1 30 31 32 -1 31 30 33 -1 34 35 36 -1 35 34 37 -1 38 39 40 -1 39 38 41 -1 "
									                >
										<Coordinate DEF="coords_ME_ID354_003"
										            point="0.000000 12.598426 0.000000 1.574803 12.496026 0.595353 1.574803 12.598425 0.000000 0.000000 12.496026 0.595353 0.000000 11.811023 2.362205 0.000000 0.000000 0.000000 0.000000 0.000000 2.362205 0.000000 11.811023 1.574803 0.000000 12.598426 0.000000 0.000000 12.225867 1.135672 0.000000 12.496026 0.595353 0.000000 12.496026 0.595353 1.574803 12.225867 1.135672 1.574803 12.496026 0.595353 0.000000 12.225867 1.135672 1.574803 12.598425 0.000000 1.574803 0.000000 2.362205 1.574803 0.000000 0.000000 1.574803 11.811023 1.574803 1.574803 12.225867 1.135672 1.574803 12.496026 0.595353 1.574803 11.811023 2.362205 1.574803 12.598425 0.000000 0.000000 0.000000 0.000000 0.000000 12.598426 0.000000 1.574803 0.000000 0.000000 0.000000 0.000000 2.362205 1.574803 11.811023 2.362205 0.000000 11.811023 2.362205 1.574803 0.000000 2.362205 0.000000 11.811023 1.574803 1.574803 11.811023 2.362205 1.574803 11.811023 1.574803 0.000000 11.811023 2.362205 0.000000 12.225867 1.135672 1.574803 11.811023 1.574803 1.574803 12.225867 1.135672 0.000000 11.811023 1.574803 1.574803 0.000000 2.362205 0.000000 0.000000 0.000000 1.574803 0.000000 0.000000 0.000000 0.000000 2.362205 "
										            />
									</IndexedFaceSet>
								</Shape>
							</Group>
						</Transform>
					</Transform>
					<Transform DEF="group_46_TRANSFORM"
					           translation="1.181103 16.535431 5.905518"
					           scale="-1.000000 -1.000000 -1.000000"
					           rotation="-0.000000 1.000000 -0.000000 3.141593"
					           >
						<Transform DEF="group_46_ifs_TRANSFORM"
						           translation="-0.000000 0.000000 0.000005"
						           scale="1.000000 1.000000 1.000000"
						           rotation="0.000000 1.000000 0.000000 0.000000"
						           >
							<Group DEF="group_ME_ID361_001">
								<Shape>
									<Appearance>
										<Material USE="MA_material_022" />
									</Appearance>
									<IndexedFaceSet solid="false"
									                coordIndex="0 1 2 -1 3 2 1 -1 4 5 6 -1 5 7 6 -1 8 6 7 -1 7 9 8 -1 10 8 9 -1 11 12 13 -1 14 13 12 -1 15 16 17 -1 18 19 20 -1 20 19 15 -1 15 19 16 -1 21 16 19 -1 22 23 24 -1 25 24 23 -1 26 27 28 -1 29 28 27 -1 30 31 32 -1 33 32 31 -1 34 35 36 -1 37 36 35 -1 38 39 40 -1 41 40 39 -1 "
									                >
										<Coordinate DEF="coords_ME_ID361_001"
										            point="0.000000 12.496026 0.595353 0.000000 12.598426 0.000000 1.574803 12.496026 0.595353 1.574803 12.598425 0.000000 0.000000 12.496026 0.595353 0.000000 12.225867 1.135672 0.000000 12.598426 0.000000 0.000000 11.811023 1.574803 0.000000 0.000000 0.000000 0.000000 11.811023 2.362205 0.000000 0.000000 2.362205 0.000000 12.225867 1.135672 0.000000 12.496026 0.595353 1.574803 12.225867 1.135672 1.574803 12.496026 0.595353 1.574803 11.811023 1.574803 1.574803 0.000000 2.362205 1.574803 11.811023 2.362205 1.574803 12.496026 0.595353 1.574803 12.598425 0.000000 1.574803 12.225867 1.135672 1.574803 0.000000 0.000000 1.574803 0.000000 0.000000 1.574803 12.598425 0.000000 0.000000 0.000000 0.000000 0.000000 12.598426 0.000000 1.574803 0.000000 2.362205 0.000000 0.000000 2.362205 1.574803 11.811023 2.362205 0.000000 11.811023 2.362205 0.000000 11.811023 2.362205 0.000000 11.811023 1.574803 1.574803 11.811023 2.362205 1.574803 11.811023 1.574803 0.000000 11.811023 1.574803 0.000000 12.225867 1.135672 1.574803 11.811023 1.574803 1.574803 12.225867 1.135672 0.000000 0.000000 2.362205 1.574803 0.000000 2.362205 0.000000 0.000000 0.000000 1.574803 0.000000 0.000000 "
										            />
									</IndexedFaceSet>
								</Shape>
							</Group>
						</Transform>
					</Transform>
				</Transform>
				<Transform DEF="group_47_TRANSFORM"
				           translation="15.394836 16.929138 29.527557"
				           scale="1.000000 1.000000 1.000000"
				           rotation="0.000000 1.000000 0.000000 0.000000"
				           >
					<Transform DEF="group_47_ifs_TRANSFORM"
					           translation="0.000000 0.000000 0.000000"
					           scale="1.000000 1.000000 1.000000"
					           rotation="0.000000 1.000000 0.000000 0.000000"
					           >
						<Group DEF="group_ME_ID368_001">
							<Shape>
								<Appearance>
									<Material USE="MA_material_022" />
								</Appearance>
								<IndexedFaceSet solid="false"
								                coordIndex="0 1 2 -1 1 0 3 -1 4 5 6 -1 5 4 7 -1 7 4 8 -1 8 4 9 -1 9 4 10 -1 10 4 11 -1 11 4 12 -1 13 7 8 -1 14 15 16 -1 15 14 17 -1 18 19 20 -1 21 22 23 -1 22 21 20 -1 22 20 19 -1 22 19 24 -1 22 24 25 -1 22 25 26 -1 22 26 27 -1 28 29 30 -1 29 28 31 -1 32 33 34 -1 33 32 35 -1 36 37 38 -1 37 36 39 -1 40 41 42 -1 41 40 43 -1 44 45 46 -1 45 44 47 -1 48 49 50 -1 49 48 51 -1 52 53 54 -1 53 52 55 -1 56 57 58 -1 57 56 59 -1 57 59 60 -1 61 62 63 -1 62 61 64 -1 65 66 67 -1 66 65 68 -1 69 70 71 -1 "
								                >
									<Coordinate DEF="coords_ME_ID368_001"
									            point="55.865005 0.000001 8.267716 -0.827905 3.937008 8.267716 -0.827905 0.000000 8.267716 55.865005 3.937009 8.267716 55.865005 0.000001 8.267716 -9.388056 0.000000 0.000000 55.865005 0.000001 -0.000000 -11.671519 0.000000 0.787402 -1.615307 0.000000 5.905512 -1.512908 0.000000 6.500865 -1.242749 0.000000 7.041184 -0.827905 0.000000 7.480315 -0.827905 0.000000 8.267716 -13.718764 0.000000 5.905512 55.865005 0.000001 -0.000000 55.865005 3.937009 8.267716 55.865005 0.000001 8.267716 55.865005 3.937009 0.000000 -13.718764 3.937008 5.905512 -1.615307 3.937008 5.905512 -11.671519 3.937008 0.787402 -9.388056 3.937008 0.000000 55.865005 3.937009 8.267716 55.865005 3.937009 0.000000 -1.512908 3.937008 6.500865 -1.242749 3.937008 7.041184 -0.827905 3.937008 7.480315 -0.827905 3.937008 8.267716 -0.827905 3.937008 8.267716 -0.827905 0.000000 7.480315 -0.827905 0.000000 8.267716 -0.827905 3.937008 7.480315 -0.827905 3.937008 7.480315 -1.242749 0.000000 7.041184 -0.827905 0.000000 7.480315 -1.242749 3.937008 7.041184 -1.242749 3.937008 7.041184 -1.512908 0.000000 6.500865 -1.242749 0.000000 7.041184 -1.512908 3.937008 6.500865 -1.512908 3.937008 6.500865 -1.615307 0.000000 5.905512 -1.512908 0.000000 6.500865 -1.615307 3.937008 5.905512 -1.615307 0.000000 5.905512 -13.718764 3.937008 5.905512 -13.718764 0.000000 5.905512 -1.615307 3.937008 5.905512 -15.394835 1.968504 5.174428 -11.671519 0.000000 0.787402 -13.718764 0.000000 5.905512 -13.640024 1.968504 0.787402 -11.356559 1.968504 0.000000 -11.671519 0.000000 0.787402 -13.640024 1.968504 0.787402 -9.388056 0.000000 0.000000 -9.388056 3.937008 0.000000 -9.388056 0.000000 0.000000 -11.356559 1.968504 0.000000 55.865005 3.937009 0.000000 55.865005 0.000001 -0.000000 -11.671519 3.937008 0.787402 -11.356559 1.968504 0.000000 -13.640024 1.968504 0.787402 -9.388056 3.937008 0.000000 -13.718764 3.937008 5.905512 -13.640024 1.968504 0.787402 -15.394835 1.968504 5.174428 -11.671519 3.937008 0.787402 -13.718764 3.937008 5.905512 -15.394835 1.968504 5.174428 -13.718764 0.000000 5.905512 "
									            />
								</IndexedFaceSet>
							</Shape>
						</Group>
					</Transform>
				</Transform>
				<Transform DEF="instance_30_TRANSFORM"
				           translation="13.385826 4.724396 29.527557"
				           scale="1.000000 1.000000 1.000000"
				           rotation="0.000000 0.000000 1.000000 1.570796"
				           >
					<Transform DEF="instance_30_ifs_TRANSFORM"
					           translation="-0.000006 0.000001 0.000000"
					           scale="1.000000 1.000000 1.000000"
					           rotation="0.000000 1.000000 0.000000 0.000000"
					           >
						<Group DEF="group_ME_ID376_001">
							<Shape>
								<Appearance>
								</Appearance>
								<IndexedFaceSet solid="false"
								                coordIndex="0 1 2 -1 1 0 3 -1 4 5 6 -1 5 4 7 -1 7 4 8 -1 8 4 9 -1 10 11 12 -1 11 10 13 -1 13 10 14 -1 13 14 15 -1 15 14 16 -1 15 16 17 -1 17 16 18 -1 17 18 19 -1 19 18 20 -1 19 20 21 -1 19 21 22 -1 19 22 23 -1 20 18 6 -1 20 6 5 -1 23 22 24 -1 17 25 26 -1 25 17 19 -1 26 25 27 -1 27 25 28 -1 28 25 29 -1 29 25 30 -1 26 27 31 -1 29 30 32 -1 31 33 34 -1 33 31 27 -1 34 33 35 -1 34 35 36 -1 34 36 37 -1 38 39 40 -1 39 38 41 -1 41 38 42 -1 43 44 45 -1 44 43 46 -1 46 43 47 -1 47 43 48 -1 49 50 51 -1 50 49 52 -1 50 52 53 -1 50 53 54 -1 50 54 55 -1 52 49 45 -1 52 45 44 -1 55 54 56 -1 57 58 59 -1 58 57 60 -1 60 57 61 -1 60 61 62 -1 62 61 51 -1 62 51 63 -1 63 51 64 -1 64 51 65 -1 65 51 50 -1 64 65 66 -1 66 65 67 -1 67 65 68 -1 68 65 69 -1 64 66 70 -1 68 69 71 -1 70 72 73 -1 72 70 66 -1 73 72 74 -1 73 74 75 -1 73 75 76 -1 77 78 79 -1 78 77 80 -1 81 82 83 -1 82 81 84 -1 84 81 85 -1 86 87 88 -1 87 86 89 -1 90 91 92 -1 91 90 93 -1 94 95 96 -1 95 94 97 -1 98 99 100 -1 99 98 101 -1 102 103 104 -1 103 102 105 -1 106 107 108 -1 107 106 109 -1 110 111 112 -1 111 110 113 -1 114 115 116 -1 115 114 117 -1 118 119 120 -1 119 118 121 -1 122 123 124 -1 123 122 125 -1 126 127 128 -1 127 126 129 -1 130 131 132 -1 131 130 133 -1 134 135 136 -1 135 134 137 -1 138 139 140 -1 139 138 141 -1 139 141 142 -1 143 144 145 -1 144 143 146 -1 147 146 143 -1 146 147 148 -1 147 149 148 -1 149 147 150 -1 150 151 149 -1 151 150 152 -1 153 151 152 -1 151 153 154 -1 155 154 153 -1 154 155 156 -1 157 156 155 -1 156 157 158 -1 159 160 161 -1 160 159 162 -1 163 164 165 -1 164 163 166 -1 164 166 167 -1 168 169 170 -1 169 168 171 -1 168 172 171 -1 172 168 173 -1 173 174 172 -1 174 173 175 -1 175 176 174 -1 176 175 177 -1 178 176 177 -1 176 178 179 -1 180 179 178 -1 179 180 181 -1 182 181 180 -1 181 182 183 -1 184 185 186 -1 185 184 187 -1 188 189 190 -1 189 188 191 -1 192 189 193 -1 189 192 190 -1 194 193 195 -1 193 194 192 -1 194 196 197 -1 196 194 195 -1 197 198 199 -1 198 197 196 -1 199 200 201 -1 200 199 198 -1 201 202 203 -1 202 201 200 -1 187 204 185 -1 204 187 205 -1 206 205 207 -1 205 206 204 -1 206 208 209 -1 208 206 207 -1 209 210 211 -1 210 209 208 -1 211 212 213 -1 212 211 210 -1 212 214 213 -1 214 212 215 -1 "
								                >
									<Coordinate DEF="coords_ME_ID376_001"
									            point="12.598425 0.000000 1.968504 12.598425 3.937008 5.905512 12.598425 0.000000 5.905512 12.598425 3.937008 1.968504 0.000000 3.937008 5.905512 5.118110 3.937008 4.724409 0.000000 3.937008 3.543307 4.527559 3.937008 4.882647 4.095246 3.937008 5.314960 3.937008 3.937008 5.905512 5.249344 3.937008 0.236220 20.472441 3.937008 0.000000 7.874016 3.937008 0.000000 23.097113 3.937008 0.236220 3.149606 3.937008 0.708661 25.196850 3.937008 0.708661 1.574803 3.937008 1.417323 26.771652 3.937008 1.417323 0.524934 3.937008 2.362205 12.598425 3.937008 1.968504 11.023622 3.937008 4.724409 11.614173 3.937008 4.882647 12.046487 3.937008 5.314960 12.598425 3.937008 5.905512 12.204723 3.937008 5.905512 15.748032 3.937008 1.968504 27.821522 3.937008 2.362205 17.322834 3.937008 4.724409 16.732285 3.937008 4.882647 16.299971 3.937008 5.314961 15.748032 3.937008 5.905512 28.346457 3.937008 3.543307 16.141733 3.937008 5.905512 23.228346 3.937008 4.724409 28.346457 3.937008 5.905511 23.818897 3.937008 4.882647 24.251211 3.937008 5.314961 24.409447 3.937008 5.905512 12.204723 0.000000 5.905512 12.204723 3.937008 5.905512 11.614173 1.968504 5.905512 12.598425 3.937008 5.905512 12.598425 0.000000 5.905512 28.346457 0.000000 5.905511 23.228346 0.000000 4.724409 28.346457 0.000000 3.543307 23.818897 0.000000 4.882647 24.251211 0.000000 5.314961 24.409447 0.000000 5.905511 27.821522 0.000000 2.362205 15.748032 0.000000 1.968504 26.771652 0.000000 1.417323 17.322834 0.000000 4.724409 16.732285 0.000000 4.882647 16.299971 0.000000 5.314961 15.748032 0.000000 5.905511 16.141733 0.000000 5.905511 23.097113 0.000000 0.236220 7.874016 0.000000 0.000000 20.472441 0.000000 0.000000 5.249344 0.000000 0.236220 25.196850 0.000000 0.708661 3.149606 0.000000 0.708661 1.574803 0.000000 1.417323 0.524934 0.000000 2.362205 12.598425 0.000000 1.968504 11.023622 0.000000 4.724409 11.614173 0.000000 4.882647 12.046487 0.000000 5.314961 12.598425 0.000000 5.905512 0.000000 0.000000 3.543307 12.204723 0.000000 5.905512 5.118110 0.000000 4.724409 0.000000 0.000000 5.905511 4.527559 0.000000 4.882647 4.095246 0.000000 5.314961 3.937008 0.000000 5.905512 12.598425 0.000000 1.968504 15.748032 3.937008 1.968504 12.598425 3.937008 1.968504 15.748032 0.000000 1.968504 24.409447 0.000000 5.905511 24.409447 3.937008 5.905512 23.818897 1.968504 5.905512 28.346457 3.937008 5.905511 28.346457 0.000000 5.905511 28.346457 3.937008 3.543307 28.346457 0.000000 5.905511 28.346457 0.000000 3.543307 28.346457 3.937008 5.905511 27.821522 0.000000 2.362205 28.346457 3.937008 3.543307 28.346457 0.000000 3.543307 27.821522 3.937008 2.362205 27.821522 3.937008 2.362205 26.771652 0.000000 1.417323 26.771652 3.937008 1.417323 27.821522 0.000000 2.362205 26.771652 3.937008 1.417323 25.196850 0.000000 0.708661 25.196850 3.937008 0.708661 26.771652 0.000000 1.417323 25.196850 3.937008 0.708661 23.097113 0.000000 0.236220 23.097113 3.937008 0.236220 25.196850 0.000000 0.708661 23.097113 3.937008 0.236220 20.472441 0.000000 0.000000 20.472441 3.937008 0.000000 23.097113 0.000000 0.236220 20.472441 3.937008 0.000000 7.874016 0.000000 0.000000 7.874016 3.937008 0.000000 20.472441 0.000000 0.000000 7.874016 3.937008 0.000000 5.249344 0.000000 0.236220 5.249344 3.937008 0.236220 7.874016 0.000000 0.000000 5.249344 3.937008 0.236220 3.149606 0.000000 0.708661 3.149606 3.937008 0.708661 5.249344 0.000000 0.236220 3.149606 3.937008 0.708661 1.574803 0.000000 1.417323 1.574803 3.937008 1.417323 3.149606 0.000000 0.708661 1.574803 3.937008 1.417323 0.524934 0.000000 2.362205 0.524934 3.937008 2.362205 1.574803 0.000000 1.417323 0.000000 3.937008 3.543307 0.524934 0.000000 2.362205 0.000000 0.000000 3.543307 0.524934 3.937008 2.362205 0.000000 3.937008 5.905512 0.000000 0.000000 3.543307 0.000000 0.000000 5.905511 0.000000 3.937008 3.543307 0.000000 0.000000 5.905511 3.937008 3.937008 5.905512 0.000000 3.937008 5.905512 3.937008 0.000000 5.905512 4.527559 1.968504 5.905512 4.606678 1.968504 5.610236 3.937008 3.937008 5.905512 4.527559 1.968504 5.905512 4.095246 3.937008 5.314960 4.822835 1.968504 5.394080 4.527559 3.937008 4.882647 5.118110 3.937008 4.724409 5.193209 1.968504 5.294838 11.023622 3.937008 4.724409 10.948524 1.968504 5.294838 11.318897 1.968504 5.394080 11.614173 3.937008 4.882647 11.535054 1.968504 5.610236 12.046487 3.937008 5.314960 11.614173 1.968504 5.905512 12.204723 3.937008 5.905512 15.748032 3.937008 5.905512 15.748032 0.000000 1.968504 15.748032 0.000000 5.905511 15.748032 3.937008 1.968504 15.748032 0.000000 5.905511 16.141733 3.937008 5.905512 15.748032 3.937008 5.905512 16.141733 0.000000 5.905511 16.732285 1.968504 5.905512 16.811401 1.968504 5.610236 16.141733 3.937008 5.905512 16.732285 1.968504 5.905512 16.299971 3.937008 5.314961 16.732285 3.937008 4.882647 17.027559 1.968504 5.394080 17.322834 3.937008 4.724409 17.397932 1.968504 5.294838 23.228346 3.937008 4.724409 23.153248 1.968504 5.294838 23.523621 1.968504 5.394080 23.818897 3.937008 4.882647 23.739779 1.968504 5.610236 24.251211 3.937008 5.314961 23.818897 1.968504 5.905512 24.409447 3.937008 5.905512 11.614173 1.968504 5.905512 12.046487 0.000000 5.314961 12.204723 0.000000 5.905512 11.535054 1.968504 5.610236 24.409447 0.000000 5.905511 23.739779 1.968504 5.610236 24.251211 0.000000 5.314961 23.818897 1.968504 5.905512 23.818897 0.000000 4.882647 23.523621 1.968504 5.394080 23.228346 0.000000 4.724409 23.153248 1.968504 5.294838 17.397932 1.968504 5.294838 17.322834 0.000000 4.724409 17.027559 1.968504 5.394080 16.732285 0.000000 4.882647 16.811401 1.968504 5.610236 16.299971 0.000000 5.314961 16.732285 1.968504 5.905512 16.141733 0.000000 5.905511 11.614173 0.000000 4.882647 11.318897 1.968504 5.394080 11.023622 0.000000 4.724409 10.948524 1.968504 5.294838 5.193209 1.968504 5.294838 5.118110 0.000000 4.724409 4.822835 1.968504 5.394080 4.527559 0.000000 4.882647 4.606678 1.968504 5.610236 4.095246 0.000000 5.314961 3.937008 0.000000 5.905512 4.527559 1.968504 5.905512 "
									            />
								</IndexedFaceSet>
							</Shape>
						</Group>
					</Transform>
				</Transform>
				<Transform DEF="instance_31_TRANSFORM"
				           translation="43.700787 32.283478 18.897644"
				           scale="1.000000 1.000000 1.000000"
				           rotation="0.000000 1.000000 0.000000 0.000000"
				           >
					<Transform DEF="instance_31_ifs_TRANSFORM"
					           translation="0.000000 0.000000 0.000000"
					           scale="1.000000 1.000000 1.000000"
					           rotation="0.000000 1.000000 0.000000 0.000000"
					           >
						<Group USE="group_ME_ID148_003" />
					</Transform>
				</Transform>
				<Transform DEF="instance_32_TRANSFORM"
				           translation="20.078735 25.984253 27.165359"
				           scale="1.000000 1.000000 1.000000"
				           rotation="0.000000 1.000000 0.000000 0.000000"
				           >
					<Transform DEF="instance_32_ifs_TRANSFORM"
					           translation="0.000000 0.000000 0.000000"
					           scale="1.000000 1.000000 1.000000"
					           rotation="0.000000 1.000000 0.000000 0.000000"
					           >
						<Group USE="group_ME_ID148_003" />
					</Transform>
				</Transform>
				<Transform DEF="instance_33_TRANSFORM"
				           translation="20.078735 5.511810 27.165359"
				           scale="1.000000 1.000000 1.000000"
				           rotation="0.000000 1.000000 0.000000 0.000000"
				           >
					<Transform DEF="instance_33_ifs_TRANSFORM"
					           translation="0.000000 0.000000 0.000000"
					           scale="1.000000 1.000000 1.000000"
					           rotation="0.000000 1.000000 0.000000 0.000000"
					           >
						<Group USE="group_ME_ID148_003" />
					</Transform>
				</Transform>
				<Transform DEF="instance_34_TRANSFORM"
				           translation="38.188976 22.440948 18.897644"
				           scale="1.000000 1.000000 1.000000"
				           rotation="-0.000000 -0.000000 -1.000000 3.141593"
				           >
					<Transform DEF="instance_34_ifs_TRANSFORM"
					           translation="0.000002 -0.000005 0.000000"
					           scale="1.000000 1.000000 1.000000"
					           rotation="0.000000 1.000000 0.000000 0.000000"
					           >
						<Group DEF="group_ME_ID387">
							<Shape>
								<Appearance>
								</Appearance>
								<IndexedFaceSet solid="false"
								                coordIndex="0 1 2 -1 1 0 3 -1 4 5 6 -1 5 7 8 -1 7 5 9 -1 9 5 4 -1 10 11 12 -1 11 10 13 -1 14 15 16 -1 15 14 17 -1 17 14 18 -1 18 14 19 -1 20 21 22 -1 21 20 23 -1 21 23 24 -1 24 23 25 -1 25 23 26 -1 27 22 21 -1 28 29 30 -1 29 28 31 -1 32 33 34 -1 33 32 35 -1 36 37 38 -1 37 36 39 -1 37 39 35 -1 35 39 33 -1 40 41 42 -1 41 40 43 -1 44 45 46 -1 45 44 47 -1 48 49 50 -1 49 48 51 -1 49 51 52 -1 50 53 54 -1 53 50 49 -1 54 53 55 -1 56 57 58 -1 57 56 59 -1 60 61 62 -1 61 60 63 -1 61 63 64 -1 62 65 66 -1 65 62 61 -1 66 65 67 -1 68 69 70 -1 69 68 71 -1 72 73 74 -1 73 72 75 -1 75 72 76 -1 77 78 79 -1 78 77 80 -1 81 82 83 -1 82 81 84 -1 85 86 87 -1 86 85 88 -1 89 90 91 -1 90 89 92 -1 71 93 69 -1 93 71 94 -1 95 96 97 -1 96 95 98 -1 96 98 99 -1 96 99 100 -1 87 101 102 -1 101 87 86 -1 91 103 104 -1 103 91 90 -1 94 105 93 -1 105 94 106 -1 107 98 95 -1 98 107 108 -1 98 108 109 -1 98 109 99 -1 102 110 111 -1 110 102 101 -1 104 112 113 -1 112 104 103 -1 114 115 116 -1 115 114 117 -1 118 108 107 -1 108 118 119 -1 108 119 109 -1 "
								                >
									<Coordinate DEF="coords_ME_ID387"
									            point="1.181102 1.574803 3.149606 0.590551 5.511811 3.149606 0.590551 1.574803 3.149606 1.181102 5.511811 3.149606 1.181102 5.511811 3.937008 0.590551 5.511811 3.149606 1.181102 5.511811 3.149606 0.000000 5.511811 2.362205 0.590551 5.511811 2.362205 0.000000 5.511811 3.937008 0.590551 5.511811 3.149606 0.590551 1.574803 2.362205 0.590551 1.574803 3.149606 0.590551 5.511811 2.362205 0.000000 1.574803 3.937008 0.590551 1.574803 2.362205 0.000000 1.574803 2.362205 0.590551 1.574803 3.149606 1.181102 1.574803 3.149606 1.181102 1.574803 3.937008 1.181102 0.000000 2.362205 1.181102 1.574803 3.149606 1.181102 0.000000 3.937008 1.181102 7.086615 2.362205 1.181102 5.511811 3.149606 1.181102 5.511811 3.937008 1.181102 7.086615 3.937008 1.181102 1.574803 3.937008 1.181102 5.511811 3.937008 0.000000 7.086615 3.937008 0.000000 5.511811 3.937008 1.181102 7.086615 3.937008 0.000000 7.086615 3.937008 0.000000 5.511811 2.362205 0.000000 5.511811 3.937008 0.000000 7.086615 1.574803 0.000000 1.574803 3.937008 0.000000 0.000000 1.574803 0.000000 0.000000 3.937008 0.000000 1.574803 2.362205 0.590551 1.574803 2.362205 0.000000 5.511811 2.362205 0.000000 1.574803 2.362205 0.590551 5.511811 2.362205 1.181102 0.000000 3.937008 0.000000 1.574803 3.937008 0.000000 0.000000 3.937008 1.181102 1.574803 3.937008 6.299213 0.000000 1.574803 5.118110 0.000000 2.362205 0.000000 0.000000 1.574803 6.299213 0.000000 3.937008 5.118110 0.000000 3.937008 1.181102 0.000000 2.362205 0.000000 0.000000 3.937008 1.181102 0.000000 3.937008 5.118110 0.000000 2.362205 1.181102 7.086615 2.362205 1.181102 0.000000 2.362205 5.118110 7.086615 2.362205 0.000000 7.086615 1.574803 1.181102 7.086615 2.362205 6.299213 7.086615 1.574803 0.000000 7.086615 3.937008 1.181102 7.086615 3.937008 5.118110 7.086615 2.362205 6.299213 7.086615 3.937008 5.118110 7.086615 3.937008 0.000000 7.086615 1.574803 0.414843 0.414843 1.135672 0.000000 0.000000 1.574803 0.414843 6.671771 1.135672 6.299213 6.299213 1.574803 6.299213 0.000000 3.937008 6.299213 0.000000 1.574803 6.299213 7.086615 3.937008 6.299213 7.086615 1.574803 6.299213 0.000000 3.937008 5.118110 7.086615 3.937008 5.118110 0.000000 3.937008 6.299213 7.086615 3.937008 5.118110 7.086615 3.937008 5.118110 0.000000 2.362205 5.118110 0.000000 3.937008 5.118110 7.086615 2.362205 6.299213 0.000000 1.574803 0.414843 0.414843 1.135672 5.884369 0.414843 1.135672 0.000000 0.000000 1.574803 0.000000 7.086615 1.574803 5.884369 6.671771 1.135672 0.414843 6.671771 1.135672 6.299213 7.086615 1.574803 0.685003 0.685003 0.595353 0.685003 6.401612 0.595353 5.884369 0.414843 1.135672 6.299213 6.299213 1.574803 6.299213 0.000000 1.574803 5.884369 6.299213 1.135672 5.884369 6.671771 1.135672 6.299213 7.086615 1.574803 0.685003 0.685003 0.595353 5.614210 0.685003 0.595353 5.614210 6.401612 0.595353 0.685003 6.401612 0.595353 0.787402 0.787402 0.000000 0.787402 6.299213 0.000000 5.614210 0.685003 0.595353 5.614210 6.299213 0.595353 5.614210 6.401612 0.595353 0.787402 0.787402 0.000000 5.511811 0.787402 0.000000 5.511811 6.299213 0.000000 0.787402 6.299213 0.000000 5.511811 6.299213 0.000000 0.787402 0.787402 0.000000 0.787402 6.299213 0.000000 5.511811 0.787402 0.000000 5.511811 0.787402 0.000000 5.511811 6.299213 0.000000 "
									            />
								</IndexedFaceSet>
							</Shape>
						</Group>
					</Transform>
				</Transform>
				<Transform DEF="instance_35_TRANSFORM"
				           translation="43.700787 0.000000 18.897644"
				           scale="1.000000 1.000000 1.000000"
				           rotation="0.000000 1.000000 0.000000 0.000000"
				           >
					<Transform DEF="instance_35_ifs_TRANSFORM"
					           translation="0.000000 0.000000 0.000000"
					           scale="1.000000 1.000000 1.000000"
					           rotation="0.000000 1.000000 0.000000 0.000000"
					           >
						<Group USE="group_ME_ID148_003" />
					</Transform>
				</Transform>
				<Transform DEF="instance_36_TRANSFORM"
				           translation="43.700787 26.377960 10.629913"
				           scale="1.000000 1.000000 1.000000"
				           rotation="0.000000 1.000000 0.000000 0.000000"
				           >
					<Transform DEF="instance_36_ifs_TRANSFORM"
					           translation="0.000000 0.000000 0.000000"
					           scale="1.000000 1.000000 1.000000"
					           rotation="0.000000 1.000000 0.000000 0.000000"
					           >
						<Group USE="group_ME_ID148_003" />
					</Transform>
				</Transform>
				<Transform DEF="instance_37_TRANSFORM"
				           translation="20.078735 15.354340 18.897644"
				           scale="1.000000 1.000000 1.000000"
				           rotation="0.000000 1.000000 0.000000 0.000000"
				           >
					<Transform DEF="instance_37_ifs_TRANSFORM"
					           translation="0.000000 0.000000 0.000000"
					           scale="1.000000 1.000000 1.000000"
					           rotation="0.000000 1.000000 0.000000 0.000000"
					           >
						<Group USE="group_ME_ID138_004" />
					</Transform>
				</Transform>
				<Transform DEF="instance_38_TRANSFORM"
				           translation="8.267715 3.937012 35.433075"
				           scale="1.000000 1.000000 1.000000"
				           rotation="0.000000 1.000000 0.000000 0.000000"
				           >
					<Transform DEF="instance_38_ifs_TRANSFORM"
					           translation="0.000000 0.000000 0.000000"
					           scale="1.000000 1.000000 1.000000"
					           rotation="0.000000 1.000000 0.000000 0.000000"
					           >
						<Group USE="group_ME_ID148_003" />
					</Transform>
				</Transform>
				<Transform DEF="instance_39_TRANSFORM"
				           translation="8.267715 28.346466 35.433075"
				           scale="1.000000 1.000000 1.000000"
				           rotation="0.000000 1.000000 0.000000 0.000000"
				           >
					<Transform DEF="instance_39_ifs_TRANSFORM"
					           translation="0.000000 0.000000 0.000000"
					           scale="1.000000 1.000000 1.000000"
					           rotation="0.000000 1.000000 0.000000 0.000000"
					           >
						<Group USE="group_ME_ID148_003" />
					</Transform>
				</Transform>
				<Transform DEF="instance_40_TRANSFORM"
				           translation="33.070862 30.708649 12.992126"
				           scale="1.000000 1.000000 1.000000"
				           rotation="0.000000 0.000000 -1.000000 1.570796"
				           >
					<Transform DEF="instance_40_ifs_TRANSFORM"
					           translation="-0.000005 0.000003 0.000000"
					           scale="1.000000 1.000000 1.000000"
					           rotation="0.000000 1.000000 0.000000 0.000000"
					           >
						<Group DEF="group_ME_ID400_002">
							<Shape>
								<Appearance>
								</Appearance>
								<IndexedFaceSet solid="false"
								                coordIndex="0 1 2 -1 1 0 3 -1 4 3 5 -1 3 4 1 -1 6 7 8 -1 7 6 9 -1 9 6 10 -1 10 6 11 -1 12 13 14 -1 13 12 15 -1 15 12 16 -1 15 16 17 -1 17 16 18 -1 17 18 19 -1 19 18 20 -1 19 20 21 -1 19 21 22 -1 20 18 23 -1 23 18 8 -1 23 8 7 -1 22 21 24 -1 17 25 26 -1 25 17 19 -1 26 25 27 -1 27 25 28 -1 28 25 29 -1 26 27 30 -1 26 30 31 -1 28 29 32 -1 31 33 34 -1 33 31 30 -1 34 33 35 -1 34 35 36 -1 34 36 37 -1 38 2 39 -1 2 38 0 -1 40 41 42 -1 41 40 43 -1 4 44 45 -1 44 4 5 -1 42 46 47 -1 46 42 41 -1 48 49 50 -1 49 48 51 -1 49 51 52 -1 53 54 55 -1 54 53 56 -1 57 58 59 -1 58 57 60 -1 61 62 63 -1 62 61 64 -1 65 66 67 -1 66 65 68 -1 69 70 71 -1 70 69 72 -1 73 74 75 -1 74 73 76 -1 77 78 79 -1 78 77 80 -1 81 82 83 -1 82 81 84 -1 85 86 87 -1 86 85 88 -1 89 90 91 -1 90 89 92 -1 93 94 95 -1 94 93 96 -1 97 98 99 -1 98 97 100 -1 100 97 101 -1 102 103 104 -1 103 102 105 -1 105 106 103 -1 106 105 107 -1 108 107 109 -1 107 108 106 -1 108 110 111 -1 110 108 109 -1 111 112 113 -1 112 111 110 -1 113 114 115 -1 114 113 112 -1 115 116 117 -1 116 115 114 -1 118 119 120 -1 119 118 121 -1 119 121 122 -1 123 124 125 -1 124 123 126 -1 127 128 129 -1 128 127 130 -1 131 132 133 -1 132 131 134 -1 135 136 137 -1 136 135 138 -1 138 135 139 -1 45 140 141 -1 140 45 44 -1 141 142 143 -1 142 141 140 -1 143 144 145 -1 144 143 142 -1 146 40 147 -1 40 146 43 -1 148 149 150 -1 149 148 151 -1 151 148 152 -1 152 148 153 -1 154 155 156 -1 155 154 157 -1 157 154 158 -1 157 158 159 -1 159 158 160 -1 159 160 161 -1 161 160 162 -1 161 162 163 -1 161 163 164 -1 162 160 165 -1 165 160 150 -1 165 150 149 -1 164 163 166 -1 159 167 168 -1 167 159 161 -1 168 167 169 -1 169 167 170 -1 170 167 171 -1 168 169 172 -1 168 172 173 -1 170 171 174 -1 173 175 176 -1 175 173 172 -1 176 175 177 -1 176 177 178 -1 176 178 179 -1 180 46 181 -1 46 180 47 -1 182 183 184 -1 183 182 185 -1 186 187 188 -1 187 186 189 -1 187 190 191 -1 190 187 189 -1 191 192 193 -1 192 191 190 -1 194 192 195 -1 192 194 193 -1 196 195 197 -1 195 196 194 -1 198 197 199 -1 197 198 196 -1 198 200 201 -1 200 198 199 -1 202 181 203 -1 181 202 180 -1 182 203 185 -1 203 182 202 -1 "
								                >
									<Coordinate DEF="coords_ME_ID400_002"
									            point="9.566550 1.968504 5.610236 9.645670 0.000000 4.882647 10.077983 0.000000 5.314961 9.350394 1.968504 5.394080 9.055119 0.000000 4.724409 8.980020 1.968504 5.294838 24.409447 0.000000 5.905512 19.291338 0.000000 4.724409 24.409447 0.000000 3.543307 19.881889 0.000000 4.882647 20.314203 0.000000 5.314961 20.472441 0.000000 5.905512 20.629921 0.000000 0.354331 6.299213 0.000000 0.000000 18.110235 0.000000 0.000000 3.779527 0.000000 0.354331 22.519684 0.000000 1.062992 1.889764 0.000000 1.062992 23.779526 0.000000 2.125984 13.779528 0.000000 1.968504 14.763780 0.000000 4.882647 14.331466 0.000000 5.314961 13.779528 0.000000 5.905512 15.354331 0.000000 4.724409 14.173228 0.000000 5.905512 10.629921 0.000000 1.968504 0.629921 0.000000 2.125984 9.645670 0.000000 4.882647 10.077983 0.000000 5.314961 10.629921 0.000000 5.905512 9.055119 0.000000 4.724409 0.000000 0.000000 3.543307 10.236220 0.000000 5.905512 5.118110 0.000000 4.724409 0.000000 0.000000 5.905512 4.527559 0.000000 4.882647 4.095246 0.000000 5.314961 3.937008 0.000000 5.905512 9.645670 1.968504 5.905512 10.236220 0.000000 5.905512 9.566550 1.968504 5.610236 9.645670 3.937008 4.882647 9.350394 1.968504 5.394080 10.077983 3.937008 5.314961 5.193209 1.968504 5.294838 5.118110 0.000000 4.724409 9.055119 3.937008 4.724409 8.980020 1.968504 5.294838 0.000000 0.000000 5.905512 3.937008 3.937008 5.905512 0.000000 3.937008 5.905512 3.937008 0.000000 5.905512 4.527559 1.968504 5.905512 0.000000 3.937008 5.905512 0.000000 0.000000 3.543307 0.000000 0.000000 5.905512 0.000000 3.937008 3.543307 0.000000 0.000000 3.543307 0.629921 3.937008 2.125984 0.629921 0.000000 2.125984 0.000000 3.937008 3.543307 1.889764 3.937008 1.062992 0.629921 0.000000 2.125984 0.629921 3.937008 2.125984 1.889764 0.000000 1.062992 3.779527 3.937008 0.354331 1.889764 0.000000 1.062992 1.889764 3.937008 1.062992 3.779527 0.000000 0.354331 6.299213 3.937008 0.000000 3.779527 0.000000 0.354331 3.779527 3.937008 0.354331 6.299213 0.000000 0.000000 18.110235 3.937008 0.000000 6.299213 0.000000 0.000000 6.299213 3.937008 0.000000 18.110235 0.000000 0.000000 20.629921 3.937008 0.354331 18.110235 0.000000 0.000000 18.110235 3.937008 0.000000 20.629921 0.000000 0.354331 22.519684 3.937008 1.062992 20.629921 0.000000 0.354331 20.629921 3.937008 0.354331 22.519684 0.000000 1.062992 23.779526 3.937008 2.125984 22.519684 0.000000 1.062992 22.519684 3.937008 1.062992 23.779526 0.000000 2.125984 23.779526 3.937008 2.125984 24.409447 0.000000 3.543307 23.779526 0.000000 2.125984 24.409447 3.937008 3.543307 24.409447 3.937008 3.543307 24.409447 0.000000 5.905512 24.409447 0.000000 3.543307 24.409447 3.937008 5.905512 20.472441 0.000000 5.905512 20.472441 3.937008 5.905512 19.881889 1.968504 5.905512 24.409447 3.937008 5.905512 24.409447 0.000000 5.905512 19.881889 1.968504 5.905512 20.314203 0.000000 5.314961 20.472441 0.000000 5.905512 19.802771 1.968504 5.610236 19.881889 0.000000 4.882647 19.586615 1.968504 5.394080 19.291338 0.000000 4.724409 19.216240 1.968504 5.294838 15.429428 1.968504 5.294838 15.354331 0.000000 4.724409 15.059054 1.968504 5.394080 14.763780 0.000000 4.882647 14.842898 1.968504 5.610236 14.331466 0.000000 5.314961 14.763780 1.968504 5.905512 14.173228 0.000000 5.905512 13.779528 0.000000 5.905512 14.173228 3.937008 5.905512 13.779528 3.937008 5.905512 14.173228 0.000000 5.905512 14.763780 1.968504 5.905512 13.779528 3.937008 5.905512 13.779528 0.000000 1.968504 13.779528 0.000000 5.905512 13.779528 3.937008 1.968504 10.629921 0.000000 1.968504 13.779528 3.937008 1.968504 10.629921 3.937008 1.968504 13.779528 0.000000 1.968504 10.629921 0.000000 1.968504 10.629921 3.937008 5.905512 10.629921 0.000000 5.905512 10.629921 3.937008 1.968504 10.236220 0.000000 5.905512 10.236220 3.937008 5.905512 9.645670 1.968504 5.905512 10.629921 3.937008 5.905512 10.629921 0.000000 5.905512 4.822835 1.968504 5.394080 4.527559 0.000000 4.882647 4.606678 1.968504 5.610236 4.095246 0.000000 5.314961 4.527559 1.968504 5.905512 3.937008 0.000000 5.905512 10.236220 3.937008 5.905512 9.645670 1.968504 5.905512 0.000000 3.937008 5.905512 5.118110 3.937008 4.724409 0.000000 3.937008 3.543307 4.527559 3.937008 4.882647 4.095246 3.937008 5.314961 3.937008 3.937008 5.905512 3.779527 3.937008 0.354331 18.110235 3.937008 0.000000 6.299213 3.937008 0.000000 20.629921 3.937008 0.354331 1.889764 3.937008 1.062992 22.519684 3.937008 1.062992 0.629921 3.937008 2.125984 10.629921 3.937008 1.968504 9.645670 3.937008 4.882647 10.077983 3.937008 5.314961 10.629921 3.937008 5.905512 9.055119 3.937008 4.724409 10.236220 3.937008 5.905512 13.779528 3.937008 1.968504 23.779526 3.937008 2.125984 14.763780 3.937008 4.882647 14.331466 3.937008 5.314961 13.779528 3.937008 5.905512 15.354331 3.937008 4.724409 24.409447 3.937008 3.543307 14.173228 3.937008 5.905512 19.291338 3.937008 4.724409 24.409447 3.937008 5.905512 19.881889 3.937008 4.882647 20.314203 3.937008 5.314961 20.472441 3.937008 5.905512 5.193209 1.968504 5.294838 5.118110 3.937008 4.724409 4.606678 1.968504 5.610236 3.937008 3.937008 5.905512 4.527559 1.968504 5.905512 4.095246 3.937008 5.314961 20.472441 3.937008 5.905512 19.802771 1.968504 5.610236 19.881889 1.968504 5.905512 20.314203 3.937008 5.314961 19.881889 3.937008 4.882647 19.586615 1.968504 5.394080 19.291338 3.937008 4.724409 19.216240 1.968504 5.294838 15.429428 1.968504 5.294838 15.354331 3.937008 4.724409 15.059054 1.968504 5.394080 14.763780 3.937008 4.882647 14.842898 1.968504 5.610236 14.331466 3.937008 5.314961 14.173228 3.937008 5.905512 14.763780 1.968504 5.905512 4.822835 1.968504 5.394080 4.527559 3.937008 4.882647 "
									            />
								</IndexedFaceSet>
							</Shape>
						</Group>
					</Transform>
				</Transform>
				<Transform DEF="instance_41_TRANSFORM"
				           translation="20.866142 16.929138 12.992126"
				           scale="1.000000 1.000000 1.000000"
				           rotation="0.000000 1.000000 0.000000 0.000000"
				           >
					<Transform DEF="instance_41_ifs_TRANSFORM"
					           translation="0.000000 0.000000 0.000000"
					           scale="1.000000 1.000000 1.000000"
					           rotation="0.000000 1.000000 0.000000 0.000000"
					           >
						<Group DEF="group_ME_ID408_001">
							<Shape>
								<Appearance>
								</Appearance>
								<IndexedFaceSet solid="false"
								                coordIndex="0 1 2 -1 1 0 3 -1 4 5 6 -1 5 4 7 -1 7 4 8 -1 7 8 9 -1 9 8 10 -1 10 8 11 -1 11 8 12 -1 11 12 13 -1 12 8 14 -1 14 8 15 -1 15 8 16 -1 16 8 17 -1 17 8 18 -1 18 8 19 -1 19 8 20 -1 13 21 11 -1 21 13 22 -1 21 22 23 -1 21 23 24 -1 25 26 27 -1 26 25 28 -1 29 30 31 -1 30 29 32 -1 32 29 33 -1 33 29 34 -1 35 36 37 -1 36 35 38 -1 38 35 39 -1 39 35 40 -1 39 40 41 -1 39 41 31 -1 39 31 42 -1 42 31 30 -1 39 42 43 -1 39 43 44 -1 39 44 45 -1 39 45 46 -1 39 46 47 -1 47 46 48 -1 47 48 49 -1 47 49 50 -1 51 52 53 -1 52 51 54 -1 55 56 57 -1 56 55 58 -1 59 60 61 -1 60 59 56 -1 60 56 62 -1 62 56 58 -1 63 64 65 -1 64 63 66 -1 67 68 69 -1 68 67 70 -1 71 72 73 -1 72 71 74 -1 75 76 77 -1 76 75 78 -1 79 80 81 -1 80 79 82 -1 82 83 80 -1 83 82 84 -1 83 85 86 -1 85 83 84 -1 87 88 89 -1 88 87 90 -1 91 92 93 -1 92 91 94 -1 92 95 93 -1 95 92 96 -1 96 97 95 -1 97 96 98 -1 99 100 101 -1 100 99 102 -1 101 103 104 -1 103 101 100 -1 105 106 107 -1 106 105 108 -1 109 110 111 -1 110 109 112 -1 113 114 115 -1 114 113 116 -1 117 118 119 -1 118 117 120 -1 121 122 123 -1 122 121 124 -1 124 121 125 -1 126 127 128 -1 127 126 129 -1 130 128 131 -1 128 130 126 -1 132 130 131 -1 130 132 133 -1 134 135 136 -1 135 134 137 -1 138 139 140 -1 139 138 141 -1 142 138 143 -1 138 142 141 -1 144 143 145 -1 143 144 142 -1 146 147 148 -1 147 146 149 -1 150 151 152 -1 151 150 153 -1 154 155 156 -1 155 154 157 -1 158 159 160 -1 159 158 161 -1 162 163 164 -1 163 162 165 -1 165 162 166 -1 165 166 167 -1 167 166 168 -1 167 168 169 -1 169 168 170 -1 170 168 171 -1 170 171 172 -1 170 172 173 -1 173 172 174 -1 174 172 175 -1 174 175 176 -1 174 176 177 -1 178 179 180 -1 179 178 181 -1 182 183 184 -1 183 182 185 -1 185 182 186 -1 185 186 187 -1 187 186 188 -1 188 186 189 -1 188 189 190 -1 188 190 191 -1 191 190 192 -1 192 190 193 -1 192 193 194 -1 192 194 195 -1 195 194 196 -1 195 196 197 -1 198 199 200 -1 199 198 201 -1 202 203 204 -1 203 202 205 -1 206 207 208 -1 207 206 209 -1 "
								                >
									<Coordinate DEF="coords_ME_ID408_001"
									            point="3.779527 3.937008 0.354331 1.889764 0.000000 1.062992 1.889764 3.937008 1.062992 3.779527 0.000000 0.354331 50.393700 0.000000 0.000000 6.299213 0.000000 0.000000 10.236220 0.000000 0.000000 3.779527 0.000000 0.354331 50.393700 0.000000 8.267716 1.889764 0.000000 1.062992 0.629921 0.000000 2.125984 0.000000 0.000000 3.543307 10.629921 0.000000 4.724409 5.905511 0.000000 4.724409 11.220472 0.000000 4.882647 11.652785 0.000000 5.314961 11.811023 0.000000 5.905512 11.708624 0.000000 6.500865 11.438465 0.000000 7.041184 11.023622 0.000000 7.480315 11.023622 0.000000 8.267716 0.000000 0.000000 5.905512 5.314961 0.000000 4.882647 4.882647 0.000000 5.314961 4.724409 0.000000 5.905512 1.889764 3.937008 1.062992 0.629921 0.000000 2.125984 0.629921 3.937008 2.125984 1.889764 0.000000 1.062992 0.000000 3.937008 5.905512 5.905512 3.937008 4.724409 0.000000 3.937008 3.543307 5.314961 3.937008 4.882647 4.882647 3.937008 5.314961 4.724409 3.937008 5.905512 3.779527 3.937008 0.354331 10.236220 3.937008 0.000000 6.299213 3.937008 0.000000 50.393700 3.937008 0.000000 50.393700 3.937008 5.962598 1.889764 3.937008 1.062992 0.629921 3.937008 2.125984 10.629921 3.937008 4.724409 11.220472 3.937008 4.882647 11.652785 3.937008 5.314961 11.811023 3.937008 5.905512 11.708624 3.937008 6.500865 50.393700 3.937008 8.267716 11.438465 3.937008 7.041184 11.023622 3.937008 7.480315 11.023622 3.937008 8.267716 6.299213 3.937008 0.000000 3.779527 0.000000 0.354331 3.779527 3.937008 0.354331 6.299213 0.000000 0.000000 50.393700 0.000000 8.267716 11.023622 0.393701 8.267716 11.023622 0.000000 8.267716 50.393700 3.937008 8.267716 5.511811 0.393701 8.267716 11.023622 3.543307 8.267716 5.511811 3.543307 8.267716 11.023622 3.937008 8.267716 11.023622 0.000000 8.267716 11.023622 0.393701 7.480315 11.023622 0.000000 7.480315 11.023622 0.393701 8.267716 11.023622 0.393701 7.480315 11.438465 0.000000 7.041184 11.023622 0.000000 7.480315 11.438465 0.393701 7.041184 11.438465 0.393701 7.041184 11.708624 0.000000 6.500865 11.438465 0.000000 7.041184 11.708624 0.393701 6.500865 11.708624 0.000000 6.500865 11.811023 0.393701 5.905512 11.811023 0.000000 5.905512 11.708624 0.393701 6.500865 11.811023 0.393701 5.905512 11.652785 0.000000 5.314961 11.811023 0.000000 5.905512 11.652785 0.393701 5.314961 11.220472 0.000000 4.882647 11.220472 0.393701 4.882647 10.629921 0.393701 4.724409 10.629921 0.000000 4.724409 10.629921 0.000000 4.724409 5.905512 0.393701 4.724409 5.905511 0.000000 4.724409 10.629921 0.393701 4.724409 5.905511 0.000000 4.724409 5.314961 0.393701 4.882647 5.314961 0.000000 4.882647 5.905512 0.393701 4.724409 4.882647 0.000000 5.314961 4.882647 0.393701 5.314961 4.724409 0.000000 5.905512 4.724409 0.393701 5.905512 4.724409 0.000000 5.905512 4.724409 3.543307 5.905512 0.000000 0.000000 5.905512 4.724409 0.393701 5.905512 4.724409 3.937008 5.905512 0.000000 3.937008 5.905512 0.000000 3.937008 5.905512 0.000000 0.000000 3.543307 0.000000 0.000000 5.905512 0.000000 3.937008 3.543307 0.000000 0.000000 3.543307 0.629921 3.937008 2.125984 0.629921 0.000000 2.125984 0.000000 3.937008 3.543307 10.236220 3.937008 0.000000 6.299213 0.000000 0.000000 6.299213 3.937008 0.000000 10.236220 0.000000 0.000000 50.393700 3.937008 0.000000 10.236220 0.000000 0.000000 10.236220 3.937008 0.000000 50.393700 0.000000 0.000000 50.393700 0.000000 0.000000 50.393700 3.937008 8.267716 50.393700 0.000000 8.267716 50.393700 3.937008 5.962598 50.393700 3.937008 0.000000 4.882647 3.937008 5.314961 4.724409 3.543307 5.905512 4.882647 3.543307 5.314961 4.724409 3.937008 5.905512 5.314961 3.937008 4.882647 5.314961 3.543307 4.882647 5.905512 3.543307 4.724409 5.905512 3.937008 4.724409 10.629921 3.543307 4.724409 5.905512 3.937008 4.724409 5.905512 3.543307 4.724409 10.629921 3.937008 4.724409 11.220472 3.543307 4.882647 10.629921 3.937008 4.724409 10.629921 3.543307 4.724409 11.220472 3.937008 4.882647 11.652785 3.937008 5.314961 11.652785 3.543307 5.314961 11.811023 3.937008 5.905512 11.811023 3.543307 5.905511 11.708624 3.543307 6.500865 11.811023 3.937008 5.905512 11.811023 3.543307 5.905511 11.708624 3.937008 6.500865 11.438465 3.937008 7.041184 11.708624 3.543307 6.500865 11.438465 3.543307 7.041184 11.708624 3.937008 6.500865 11.023622 3.937008 7.480315 11.438465 3.543307 7.041184 11.023622 3.543307 7.480315 11.438465 3.937008 7.041184 11.023622 3.543307 8.267716 11.023622 3.937008 7.480315 11.023622 3.543307 7.480315 11.023622 3.937008 8.267716 5.314961 3.543307 4.882647 10.629921 3.543307 4.724409 5.905512 3.543307 4.724409 11.220472 3.543307 4.882647 4.882647 3.543307 5.314961 11.652785 3.543307 5.314961 4.724409 3.543307 5.905512 11.811023 3.543307 5.905511 11.708624 3.543307 6.500865 4.826808 3.543307 6.500865 5.096968 3.543307 7.041184 11.438465 3.543307 7.041184 11.023622 3.543307 7.480315 5.511811 3.543307 7.480315 5.511811 3.543307 8.267716 11.023622 3.543307 8.267716 5.511811 0.393701 8.267716 5.511811 3.543307 7.480315 5.511811 0.393701 7.480315 5.511811 3.543307 8.267716 11.220472 0.393701 4.882647 5.905512 0.393701 4.724409 10.629921 0.393701 4.724409 5.314961 0.393701 4.882647 11.652785 0.393701 5.314961 4.882647 0.393701 5.314961 4.724409 0.393701 5.905512 11.811023 0.393701 5.905512 11.708624 0.393701 6.500865 4.826808 0.393701 6.500865 5.096968 0.393701 7.041184 11.438465 0.393701 7.041184 11.023622 0.393701 7.480315 5.511811 0.393701 7.480315 11.023622 0.393701 8.267716 5.511811 0.393701 8.267716 4.826808 0.393701 6.500865 4.724409 3.543307 5.905512 4.724409 0.393701 5.905512 4.826808 3.543307 6.500865 5.096968 3.543307 7.041184 4.826808 0.393701 6.500865 5.096968 0.393701 7.041184 4.826808 3.543307 6.500865 5.511811 3.543307 7.480315 5.096968 0.393701 7.041184 5.511811 0.393701 7.480315 5.096968 3.543307 7.041184 "
									            />
								</IndexedFaceSet>
							</Shape>
						</Group>
					</Transform>
				</Transform>
				<Transform DEF="instance_42_TRANSFORM"
				           translation="9.055115 16.929138 21.259842"
				           scale="1.000000 1.000000 1.000000"
				           rotation="0.000000 1.000000 0.000000 0.000000"
				           >
					<Transform DEF="instance_42_ifs_TRANSFORM"
					           translation="0.000000 0.000000 0.000000"
					           scale="1.000000 1.000000 1.000000"
					           rotation="0.000000 1.000000 0.000000 0.000000"
					           >
						<Group DEF="group_ME_ID416_001">
							<Shape>
								<Appearance>
								</Appearance>
								<IndexedFaceSet solid="false"
								                coordIndex="0 1 2 -1 1 0 3 -1 4 5 6 -1 5 4 7 -1 7 4 8 -1 7 8 9 -1 9 8 10 -1 10 8 11 -1 11 8 12 -1 11 12 13 -1 12 8 14 -1 14 8 15 -1 15 8 16 -1 16 8 17 -1 17 8 18 -1 18 8 19 -1 19 8 20 -1 13 21 11 -1 21 13 22 -1 21 22 23 -1 21 23 24 -1 25 26 27 -1 26 25 28 -1 29 30 31 -1 30 29 32 -1 32 29 33 -1 33 29 34 -1 35 36 37 -1 36 35 38 -1 38 35 39 -1 39 35 40 -1 39 40 41 -1 39 41 31 -1 39 31 42 -1 42 31 30 -1 39 42 43 -1 39 43 44 -1 39 44 45 -1 39 45 46 -1 39 46 47 -1 47 46 48 -1 47 48 49 -1 47 49 50 -1 51 52 53 -1 52 51 54 -1 55 56 57 -1 56 55 58 -1 59 60 61 -1 60 59 56 -1 60 56 62 -1 62 56 58 -1 63 64 65 -1 64 63 66 -1 67 68 69 -1 68 67 70 -1 71 72 73 -1 72 71 74 -1 75 76 77 -1 76 75 78 -1 79 80 81 -1 80 79 82 -1 82 83 80 -1 83 82 84 -1 83 85 86 -1 85 83 84 -1 87 88 89 -1 88 87 90 -1 91 92 93 -1 92 91 94 -1 92 95 93 -1 95 92 96 -1 96 97 95 -1 97 96 98 -1 99 100 101 -1 100 99 102 -1 101 103 104 -1 103 101 100 -1 105 106 107 -1 106 105 108 -1 109 110 111 -1 110 109 112 -1 113 114 115 -1 114 113 116 -1 117 118 119 -1 118 117 120 -1 121 122 123 -1 122 121 124 -1 124 121 125 -1 126 127 128 -1 127 126 129 -1 130 128 131 -1 128 130 126 -1 132 130 131 -1 130 132 133 -1 134 135 136 -1 135 134 137 -1 138 139 140 -1 139 138 141 -1 142 138 143 -1 138 142 141 -1 144 143 145 -1 143 144 142 -1 146 147 148 -1 147 146 149 -1 150 151 152 -1 151 150 153 -1 154 155 156 -1 155 154 157 -1 158 159 160 -1 159 158 161 -1 162 163 164 -1 163 162 165 -1 165 162 166 -1 165 166 167 -1 167 166 168 -1 167 168 169 -1 169 168 170 -1 170 168 171 -1 170 171 172 -1 170 172 173 -1 173 172 174 -1 174 172 175 -1 174 175 176 -1 174 176 177 -1 178 179 180 -1 179 178 181 -1 182 183 184 -1 183 182 185 -1 185 182 186 -1 185 186 187 -1 187 186 188 -1 188 186 189 -1 188 189 190 -1 188 190 191 -1 191 190 192 -1 192 190 193 -1 192 193 194 -1 192 194 195 -1 195 194 196 -1 195 196 197 -1 198 199 200 -1 199 198 201 -1 202 203 204 -1 203 202 205 -1 206 207 208 -1 207 206 209 -1 "
								                >
									<Coordinate DEF="coords_ME_ID416_001"
									            point="3.779527 3.937008 0.354331 1.889764 0.000000 1.062992 1.889764 3.937008 1.062992 3.779527 0.000000 0.354331 62.204723 0.000000 0.000000 6.299213 0.000000 0.000000 10.236220 0.000000 0.000000 3.779527 0.000000 0.354331 62.204723 0.000000 8.267716 1.889764 0.000000 1.062992 0.629921 0.000000 2.125984 0.000000 0.000000 3.543307 10.629921 0.000000 4.724409 5.905511 0.000000 4.724409 11.220472 0.000000 4.882647 11.652785 0.000000 5.314961 11.811023 0.000000 5.905512 11.708624 0.000000 6.500865 11.438465 0.000000 7.041184 11.023622 0.000000 7.480315 11.023622 0.000000 8.267716 0.000000 0.000000 5.905512 5.314961 0.000000 4.882647 4.882647 0.000000 5.314961 4.724409 0.000000 5.905512 1.889764 3.937008 1.062992 0.629921 0.000000 2.125984 0.629921 3.937008 2.125984 1.889764 0.000000 1.062992 0.000000 3.937008 5.905512 5.905512 3.937008 4.724409 0.000000 3.937008 3.543307 5.314961 3.937008 4.882647 4.882647 3.937008 5.314961 4.724409 3.937008 5.905512 3.779527 3.937008 0.354331 10.236220 3.937008 0.000000 6.299213 3.937008 0.000000 62.204723 3.937008 0.000000 62.204723 3.937008 5.962598 1.889764 3.937008 1.062992 0.629921 3.937008 2.125984 10.629921 3.937008 4.724409 11.220472 3.937008 4.882647 11.652785 3.937008 5.314961 11.811023 3.937008 5.905512 11.708624 3.937008 6.500865 62.204723 3.937008 8.267716 11.438465 3.937008 7.041184 11.023622 3.937008 7.480315 11.023622 3.937008 8.267716 6.299213 3.937008 0.000000 3.779527 0.000000 0.354331 3.779527 3.937008 0.354331 6.299213 0.000000 0.000000 62.204723 0.000000 8.267716 11.023622 0.393701 8.267716 11.023622 0.000000 8.267716 62.204723 3.937008 8.267716 5.511811 0.393701 8.267716 11.023622 3.543307 8.267716 5.511811 3.543307 8.267716 11.023622 3.937008 8.267716 11.023622 0.000000 8.267716 11.023622 0.393701 7.480315 11.023622 0.000000 7.480315 11.023622 0.393701 8.267716 11.023622 0.393701 7.480315 11.438465 0.000000 7.041184 11.023622 0.000000 7.480315 11.438465 0.393701 7.041184 11.438465 0.393701 7.041184 11.708624 0.000000 6.500865 11.438465 0.000000 7.041184 11.708624 0.393701 6.500865 11.708624 0.000000 6.500865 11.811023 0.393701 5.905512 11.811023 0.000000 5.905512 11.708624 0.393701 6.500865 11.811023 0.393701 5.905512 11.652785 0.000000 5.314961 11.811023 0.000000 5.905512 11.652785 0.393701 5.314961 11.220472 0.000000 4.882647 11.220472 0.393701 4.882647 10.629921 0.393701 4.724409 10.629921 0.000000 4.724409 10.629921 0.000000 4.724409 5.905512 0.393701 4.724409 5.905511 0.000000 4.724409 10.629921 0.393701 4.724409 5.905511 0.000000 4.724409 5.314961 0.393701 4.882647 5.314961 0.000000 4.882647 5.905512 0.393701 4.724409 4.882647 0.000000 5.314961 4.882647 0.393701 5.314961 4.724409 0.000000 5.905512 4.724409 0.393701 5.905512 4.724409 0.000000 5.905512 4.724409 3.543307 5.905512 0.000000 0.000000 5.905512 4.724409 0.393701 5.905512 4.724409 3.937008 5.905512 0.000000 3.937008 5.905512 0.000000 3.937008 5.905512 0.000000 0.000000 3.543307 0.000000 0.000000 5.905512 0.000000 3.937008 3.543307 0.000000 0.000000 3.543307 0.629921 3.937008 2.125984 0.629921 0.000000 2.125984 0.000000 3.937008 3.543307 10.236220 3.937008 0.000000 6.299213 0.000000 0.000000 6.299213 3.937008 0.000000 10.236220 0.000000 0.000000 62.204723 3.937008 0.000000 10.236220 0.000000 0.000000 10.236220 3.937008 0.000000 62.204723 0.000000 0.000000 62.204723 0.000000 0.000000 62.204723 3.937008 8.267716 62.204723 0.000000 8.267716 62.204723 3.937008 5.962598 62.204723 3.937008 0.000000 4.882647 3.937008 5.314961 4.724409 3.543307 5.905512 4.882647 3.543307 5.314961 4.724409 3.937008 5.905512 5.314961 3.937008 4.882647 5.314961 3.543307 4.882647 5.905512 3.543307 4.724409 5.905512 3.937008 4.724409 10.629921 3.543307 4.724409 5.905512 3.937008 4.724409 5.905512 3.543307 4.724409 10.629921 3.937008 4.724409 11.220472 3.543307 4.882647 10.629921 3.937008 4.724409 10.629921 3.543307 4.724409 11.220472 3.937008 4.882647 11.652785 3.937008 5.314961 11.652785 3.543307 5.314961 11.811023 3.937008 5.905512 11.811023 3.543307 5.905511 11.708624 3.543307 6.500865 11.811023 3.937008 5.905512 11.811023 3.543307 5.905511 11.708624 3.937008 6.500865 11.438465 3.937008 7.041184 11.708624 3.543307 6.500865 11.438465 3.543307 7.041184 11.708624 3.937008 6.500865 11.023622 3.937008 7.480315 11.438465 3.543307 7.041184 11.023622 3.543307 7.480315 11.438465 3.937008 7.041184 11.023622 3.543307 8.267716 11.023622 3.937008 7.480315 11.023622 3.543307 7.480315 11.023622 3.937008 8.267716 5.314961 3.543307 4.882647 10.629921 3.543307 4.724409 5.905512 3.543307 4.724409 11.220472 3.543307 4.882647 4.882647 3.543307 5.314961 11.652785 3.543307 5.314961 4.724409 3.543307 5.905512 11.811023 3.543307 5.905511 11.708624 3.543307 6.500865 4.826808 3.543307 6.500865 5.096968 3.543307 7.041184 11.438465 3.543307 7.041184 11.023622 3.543307 7.480315 5.511811 3.543307 7.480315 5.511811 3.543307 8.267716 11.023622 3.543307 8.267716 5.511811 0.393701 8.267716 5.511811 3.543307 7.480315 5.511811 0.393701 7.480315 5.511811 3.543307 8.267716 11.220472 0.393701 4.882647 5.905512 0.393701 4.724409 10.629921 0.393701 4.724409 5.314961 0.393701 4.882647 11.652785 0.393701 5.314961 4.882647 0.393701 5.314961 4.724409 0.393701 5.905512 11.811023 0.393701 5.905512 11.708624 0.393701 6.500865 4.826808 0.393701 6.500865 5.096968 0.393701 7.041184 11.438465 0.393701 7.041184 11.023622 0.393701 7.480315 5.511811 0.393701 7.480315 11.023622 0.393701 8.267716 5.511811 0.393701 8.267716 4.826808 0.393701 6.500865 4.724409 3.543307 5.905512 4.724409 0.393701 5.905512 4.826808 3.543307 6.500865 5.096968 3.543307 7.041184 4.826808 0.393701 6.500865 5.096968 0.393701 7.041184 4.826808 3.543307 6.500865 5.511811 3.543307 7.480315 5.096968 0.393701 7.041184 5.511811 0.393701 7.480315 5.096968 3.543307 7.041184 "
									            />
								</IndexedFaceSet>
							</Shape>
						</Group>
					</Transform>
				</Transform>
				<Transform DEF="instance_43_TRANSFORM"
				           translation="31.889763 5.511810 18.897644"
				           scale="1.000000 1.000000 1.000000"
				           rotation="0.000000 1.000000 0.000000 0.000000"
				           >
					<Transform DEF="instance_43_ifs_TRANSFORM"
					           translation="0.000000 0.000000 0.000000"
					           scale="1.000000 1.000000 1.000000"
					           rotation="0.000000 1.000000 0.000000 0.000000"
					           >
						<Group USE="group_ME_ID148_003" />
					</Transform>
				</Transform>
				<Transform DEF="instance_44_TRANSFORM"
				           translation="8.267715 15.354340 35.433075"
				           scale="1.000000 1.000000 1.000000"
				           rotation="0.000000 1.000000 0.000000 0.000000"
				           >
					<Transform DEF="instance_44_ifs_TRANSFORM"
					           translation="0.000000 0.000000 0.000000"
					           scale="1.000000 1.000000 1.000000"
					           rotation="0.000000 1.000000 0.000000 0.000000"
					           >
						<Group USE="group_ME_ID138_004" />
					</Transform>
				</Transform>
				<Transform DEF="instance_45_TRANSFORM"
				           translation="31.889763 25.984253 18.897644"
				           scale="1.000000 1.000000 1.000000"
				           rotation="0.000000 1.000000 0.000000 0.000000"
				           >
					<Transform DEF="instance_45_ifs_TRANSFORM"
					           translation="0.000000 0.000000 0.000000"
					           scale="1.000000 1.000000 1.000000"
					           rotation="0.000000 1.000000 0.000000 0.000000"
					           >
						<Group USE="group_ME_ID148_003" />
					</Transform>
				</Transform>
				<Transform DEF="instance_46_TRANSFORM"
				           translation="32.677170 16.929138 4.724411"
				           scale="1.000000 1.000000 1.000000"
				           rotation="0.000000 1.000000 0.000000 0.000000"
				           >
					<Transform DEF="instance_46_ifs_TRANSFORM"
					           translation="0.000000 0.000000 0.000000"
					           scale="1.000000 1.000000 1.000000"
					           rotation="0.000000 1.000000 0.000000 0.000000"
					           >
						<Group DEF="group_ME_ID427">
							<Shape>
								<Appearance>
								</Appearance>
								<IndexedFaceSet solid="false"
								                coordIndex="0 1 2 -1 1 0 3 -1 4 5 6 -1 5 4 7 -1 7 4 8 -1 7 8 9 -1 9 8 10 -1 10 8 11 -1 10 11 12 -1 12 11 13 -1 11 8 14 -1 14 8 15 -1 15 8 16 -1 16 8 17 -1 17 8 18 -1 18 8 19 -1 19 8 20 -1 13 21 12 -1 21 13 22 -1 21 22 23 -1 21 23 24 -1 25 26 27 -1 26 25 28 -1 29 30 31 -1 30 29 32 -1 32 29 33 -1 33 29 34 -1 35 36 37 -1 36 35 38 -1 38 35 39 -1 39 35 40 -1 39 40 41 -1 39 41 31 -1 39 31 42 -1 42 31 30 -1 39 42 43 -1 39 43 44 -1 39 44 45 -1 39 45 46 -1 39 46 47 -1 47 46 48 -1 47 48 49 -1 47 49 50 -1 51 52 53 -1 52 51 54 -1 55 56 57 -1 56 55 58 -1 59 60 61 -1 60 59 56 -1 60 56 62 -1 62 56 58 -1 63 64 65 -1 64 63 66 -1 67 68 69 -1 68 67 70 -1 71 72 73 -1 72 71 74 -1 75 76 77 -1 76 75 78 -1 79 80 81 -1 80 79 82 -1 82 83 80 -1 83 82 84 -1 83 85 86 -1 85 83 84 -1 87 88 89 -1 88 87 90 -1 91 92 93 -1 92 91 94 -1 92 95 93 -1 95 92 96 -1 96 97 95 -1 97 96 98 -1 99 100 101 -1 100 99 102 -1 101 103 104 -1 103 101 100 -1 105 106 107 -1 106 105 108 -1 109 110 111 -1 110 109 112 -1 113 114 115 -1 114 113 116 -1 117 118 119 -1 118 117 120 -1 121 122 123 -1 122 121 124 -1 124 121 125 -1 126 127 128 -1 127 126 129 -1 130 128 131 -1 128 130 126 -1 132 130 131 -1 130 132 133 -1 134 135 136 -1 135 134 137 -1 138 139 140 -1 139 138 141 -1 142 138 143 -1 138 142 141 -1 144 143 145 -1 143 144 142 -1 146 147 148 -1 147 146 149 -1 150 151 152 -1 151 150 153 -1 154 155 156 -1 155 154 157 -1 158 159 160 -1 159 158 161 -1 162 163 164 -1 163 162 165 -1 165 162 166 -1 165 166 167 -1 167 166 168 -1 167 168 169 -1 169 168 170 -1 170 168 171 -1 170 171 172 -1 170 172 173 -1 173 172 174 -1 174 172 175 -1 174 175 176 -1 174 176 177 -1 178 179 180 -1 179 178 181 -1 182 183 184 -1 183 182 185 -1 185 182 186 -1 185 186 187 -1 187 186 188 -1 188 186 189 -1 188 189 190 -1 188 190 191 -1 191 190 192 -1 192 190 193 -1 192 193 194 -1 192 194 195 -1 195 194 196 -1 195 196 197 -1 198 199 200 -1 199 198 201 -1 202 203 204 -1 203 202 205 -1 206 207 208 -1 207 206 209 -1 "
								                >
									<Coordinate DEF="coords_ME_ID427"
									            point="3.779527 3.937008 0.354331 1.889764 0.000000 1.062992 1.889764 3.937008 1.062992 3.779527 0.000000 0.354331 38.582676 0.000000 0.000000 6.299213 0.000000 0.000000 10.236220 0.000000 0.000000 3.779527 0.000000 0.354331 38.582676 0.000000 8.267716 1.889764 0.000000 1.062992 0.629921 0.000000 2.125984 10.629921 0.000000 4.724409 0.000000 0.000000 3.543307 5.905511 0.000000 4.724409 11.220472 0.000000 4.882647 11.652785 0.000000 5.314961 11.811023 0.000000 5.905512 11.708624 0.000000 6.500865 11.438465 0.000000 7.041184 11.023622 0.000000 7.480315 11.023622 0.000000 8.267716 0.000000 0.000000 5.905512 5.314961 0.000000 4.882647 4.882647 0.000000 5.314961 4.724409 0.000000 5.905512 1.889764 3.937008 1.062992 0.629921 0.000000 2.125984 0.629921 3.937008 2.125984 1.889764 0.000000 1.062992 0.000000 3.937008 5.905512 5.905512 3.937008 4.724409 0.000000 3.937008 3.543307 5.314961 3.937008 4.882647 4.882647 3.937008 5.314961 4.724409 3.937008 5.905512 3.779527 3.937008 0.354331 10.236220 3.937008 0.000000 6.299213 3.937008 0.000000 38.582676 3.937008 0.000000 38.582676 3.937008 5.962598 1.889764 3.937008 1.062992 0.629921 3.937008 2.125984 10.629921 3.937008 4.724409 11.220472 3.937008 4.882647 11.652785 3.937008 5.314961 11.811023 3.937008 5.905512 11.708624 3.937008 6.500865 38.582676 3.937008 8.267716 11.438465 3.937008 7.041184 11.023622 3.937008 7.480315 11.023622 3.937008 8.267716 6.299213 3.937008 0.000000 3.779527 0.000000 0.354331 3.779527 3.937008 0.354331 6.299213 0.000000 0.000000 38.582676 0.000000 8.267716 11.023622 0.393701 8.267716 11.023622 0.000000 8.267716 38.582676 3.937008 8.267716 5.511811 0.393701 8.267716 11.023622 3.543307 8.267716 5.511811 3.543307 8.267716 11.023622 3.937008 8.267716 11.023622 0.000000 8.267716 11.023622 0.393701 7.480315 11.023622 0.000000 7.480315 11.023622 0.393701 8.267716 11.023622 0.393701 7.480315 11.438465 0.000000 7.041184 11.023622 0.000000 7.480315 11.438465 0.393701 7.041184 11.438465 0.393701 7.041184 11.708624 0.000000 6.500865 11.438465 0.000000 7.041184 11.708624 0.393701 6.500865 11.708624 0.000000 6.500865 11.811023 0.393701 5.905512 11.811023 0.000000 5.905512 11.708624 0.393701 6.500865 11.811023 0.393701 5.905512 11.652785 0.000000 5.314961 11.811023 0.000000 5.905512 11.652785 0.393701 5.314961 11.220472 0.000000 4.882647 11.220472 0.393701 4.882647 10.629921 0.393701 4.724409 10.629921 0.000000 4.724409 10.629921 0.000000 4.724409 5.905512 0.393701 4.724409 5.905511 0.000000 4.724409 10.629921 0.393701 4.724409 5.905511 0.000000 4.724409 5.314961 0.393701 4.882647 5.314961 0.000000 4.882647 5.905512 0.393701 4.724409 4.882647 0.000000 5.314961 4.882647 0.393701 5.314961 4.724409 0.000000 5.905512 4.724409 0.393701 5.905512 4.724409 0.000000 5.905512 4.724409 3.543307 5.905512 0.000000 0.000000 5.905512 4.724409 0.393701 5.905512 4.724409 3.937008 5.905512 0.000000 3.937008 5.905512 0.000000 3.937008 5.905512 0.000000 0.000000 3.543307 0.000000 0.000000 5.905512 0.000000 3.937008 3.543307 0.000000 0.000000 3.543307 0.629921 3.937008 2.125984 0.629921 0.000000 2.125984 0.000000 3.937008 3.543307 10.236220 3.937008 0.000000 6.299213 0.000000 0.000000 6.299213 3.937008 0.000000 10.236220 0.000000 0.000000 38.582676 3.937008 0.000000 10.236220 0.000000 0.000000 10.236220 3.937008 0.000000 38.582676 0.000000 0.000000 38.582676 0.000000 0.000000 38.582676 3.937008 8.267716 38.582676 0.000000 8.267716 38.582676 3.937008 5.962598 38.582676 3.937008 0.000000 4.882647 3.937008 5.314961 4.724409 3.543307 5.905512 4.882647 3.543307 5.314961 4.724409 3.937008 5.905512 5.314961 3.937008 4.882647 5.314961 3.543307 4.882647 5.905512 3.543307 4.724409 5.905512 3.937008 4.724409 10.629921 3.543307 4.724409 5.905512 3.937008 4.724409 5.905512 3.543307 4.724409 10.629921 3.937008 4.724409 11.220472 3.543307 4.882647 10.629921 3.937008 4.724409 10.629921 3.543307 4.724409 11.220472 3.937008 4.882647 11.652785 3.937008 5.314961 11.652785 3.543307 5.314961 11.811023 3.937008 5.905512 11.811023 3.543307 5.905511 11.708624 3.543307 6.500865 11.811023 3.937008 5.905512 11.811023 3.543307 5.905511 11.708624 3.937008 6.500865 11.438465 3.937008 7.041184 11.708624 3.543307 6.500865 11.438465 3.543307 7.041184 11.708624 3.937008 6.500865 11.023622 3.937008 7.480315 11.438465 3.543307 7.041184 11.023622 3.543307 7.480315 11.438465 3.937008 7.041184 11.023622 3.543307 8.267716 11.023622 3.937008 7.480315 11.023622 3.543307 7.480315 11.023622 3.937008 8.267716 5.314961 3.543307 4.882647 10.629921 3.543307 4.724409 5.905512 3.543307 4.724409 11.220472 3.543307 4.882647 4.882647 3.543307 5.314961 11.652785 3.543307 5.314961 4.724409 3.543307 5.905512 11.811023 3.543307 5.905511 11.708624 3.543307 6.500865 4.826808 3.543307 6.500865 5.096968 3.543307 7.041184 11.438465 3.543307 7.041184 11.023622 3.543307 7.480315 5.511811 3.543307 7.480315 5.511811 3.543307 8.267716 11.023622 3.543307 8.267716 5.511811 0.393701 8.267716 5.511811 3.543307 7.480315 5.511811 0.393701 7.480315 5.511811 3.543307 8.267716 11.220472 0.393701 4.882647 5.905512 0.393701 4.724409 10.629921 0.393701 4.724409 5.314961 0.393701 4.882647 11.652785 0.393701 5.314961 4.882647 0.393701 5.314961 4.724409 0.393701 5.905512 11.811023 0.393701 5.905512 11.708624 0.393701 6.500865 4.826808 0.393701 6.500865 5.096968 0.393701 7.041184 11.438465 0.393701 7.041184 11.023622 0.393701 7.480315 5.511811 0.393701 7.480315 11.023622 0.393701 8.267716 5.511811 0.393701 8.267716 4.826808 0.393701 6.500865 4.724409 3.543307 5.905512 4.724409 0.393701 5.905512 4.826808 3.543307 6.500865 5.096968 3.543307 7.041184 4.826808 0.393701 6.500865 5.096968 0.393701 7.041184 4.826808 3.543307 6.500865 5.511811 3.543307 7.480315 5.096968 0.393701 7.041184 5.511811 0.393701 7.480315 5.096968 3.543307 7.041184 "
									            />
								</IndexedFaceSet>
							</Shape>
						</Group>
					</Transform>
				</Transform>
				<Transform DEF="instance_47_TRANSFORM"
				           translation="53.149605 25.196838 0.000000"
				           scale="1.000000 1.000000 1.000000"
				           rotation="0.000000 0.000000 1.000000 3.141593"
				           >
					<Transform DEF="instance_47_ifs_TRANSFORM"
					           translation="-0.000002 0.000004 0.000000"
					           scale="1.000000 1.000000 1.000000"
					           rotation="0.000000 1.000000 0.000000 0.000000"
					           >
						<Group DEF="group_ME_ID435_001">
							<Shape>
								<Appearance>
								</Appearance>
								<IndexedFaceSet solid="false"
								                coordIndex="0 1 2 -1 1 0 3 -1 4 5 6 -1 5 4 7 -1 5 7 8 -1 6 9 10 -1 9 6 5 -1 10 9 11 -1 12 13 14 -1 13 12 15 -1 13 15 16 -1 16 15 17 -1 17 15 18 -1 19 14 13 -1 20 21 22 -1 21 20 23 -1 23 20 24 -1 24 20 25 -1 26 27 28 -1 29 30 31 -1 30 29 32 -1 30 32 33 -1 33 32 27 -1 33 27 26 -1 34 35 36 -1 35 34 37 -1 35 37 38 -1 38 37 39 -1 39 37 40 -1 40 37 41 -1 42 36 35 -1 43 44 45 -1 44 43 46 -1 47 48 49 -1 50 51 52 -1 51 50 53 -1 51 53 54 -1 54 53 48 -1 54 48 47 -1 55 56 57 -1 56 55 58 -1 59 60 61 -1 60 59 62 -1 63 64 65 -1 64 66 67 -1 66 64 68 -1 68 64 63 -1 69 70 71 -1 70 69 72 -1 73 74 75 -1 74 73 76 -1 74 76 77 -1 75 78 79 -1 78 75 74 -1 79 78 80 -1 81 82 83 -1 82 81 84 -1 85 86 87 -1 86 85 88 -1 89 90 91 -1 90 89 92 -1 93 94 95 -1 94 93 96 -1 97 98 99 -1 98 97 100 -1 101 102 103 -1 102 101 104 -1 104 101 105 -1 105 101 106 -1 107 108 109 -1 108 107 110 -1 111 112 113 -1 112 114 115 -1 114 112 116 -1 116 112 111 -1 117 118 119 -1 118 117 120 -1 118 120 121 -1 121 120 122 -1 123 124 125 -1 124 123 126 -1 61 127 128 -1 127 61 60 -1 129 130 131 -1 130 129 132 -1 96 133 94 -1 133 96 134 -1 135 136 137 -1 136 135 138 -1 139 120 117 -1 120 139 140 -1 120 140 141 -1 120 141 122 -1 128 142 143 -1 142 128 127 -1 131 144 145 -1 144 131 130 -1 134 146 133 -1 146 134 147 -1 148 140 139 -1 140 148 149 -1 140 149 141 -1 150 151 152 -1 151 150 153 -1 145 154 155 -1 154 145 144 -1 "
								                >
									<Coordinate DEF="coords_ME_ID435_001"
									            point="4.330709 0.000000 7.874016 0.000000 4.330709 7.874016 0.000000 0.000000 7.874016 4.330709 4.330709 7.874016 12.598425 0.000000 3.149606 8.267716 0.000000 4.724409 0.000000 0.000000 3.149606 12.598425 0.000000 7.874016 8.267716 0.000000 7.874016 4.330709 0.000000 4.724409 0.000000 0.000000 7.874016 4.330709 0.000000 7.874016 4.330709 0.000000 4.724409 4.330709 4.330709 6.299212 4.330709 0.000000 7.874016 4.330709 12.598425 4.724409 4.330709 8.267716 6.299212 4.330709 8.267716 7.874016 4.330709 12.598425 7.874016 4.330709 4.330709 7.874016 0.000000 4.330709 7.874016 3.149606 4.330709 4.724409 0.000000 4.330709 4.724409 3.149606 4.330709 6.299212 4.330709 4.330709 6.299212 4.330709 4.330709 7.874016 0.000000 12.598425 7.874016 0.000000 8.267716 4.724409 0.000000 8.267716 7.874016 0.000000 4.330709 7.874016 0.000000 0.000000 3.149606 0.000000 0.000000 7.874016 0.000000 4.330709 4.724409 0.000000 12.598425 3.149606 12.598425 0.000000 3.149606 12.598425 4.330709 4.724409 12.598425 0.000000 7.874016 12.598425 11.023622 3.149606 12.598425 8.267716 4.724409 12.598425 8.267716 7.874016 12.598425 12.598425 7.874016 12.598425 12.598425 3.149606 12.598425 4.330709 7.874016 12.598425 0.000000 7.874016 8.267716 4.330709 7.874016 8.267716 0.000000 7.874016 12.598425 4.330709 7.874016 8.267716 12.598425 7.874016 8.267716 8.267716 6.299212 8.267716 8.267716 7.874016 8.267716 4.330709 7.874016 8.267716 0.000000 4.724409 8.267716 0.000000 7.874016 8.267716 4.330709 6.299212 8.267716 12.598425 4.724409 8.267716 0.000000 4.724409 4.330709 12.598425 4.724409 4.330709 0.000000 4.724409 8.267716 12.598425 4.724409 12.598425 0.000000 3.149606 0.829686 0.829686 2.271344 11.768739 0.829686 2.271344 0.000000 0.000000 3.149606 4.330709 8.267716 7.874016 3.149606 8.267716 6.299212 4.330709 8.267716 6.299212 0.000000 8.267716 4.724409 3.149606 8.267716 4.724409 0.000000 8.267716 7.874016 3.149606 4.330709 6.299212 4.330709 8.267716 6.299212 3.149606 8.267716 6.299212 4.330709 4.330709 6.299212 0.000000 12.598425 3.149606 4.330709 12.598425 4.724409 12.598425 12.598425 3.149606 0.000000 12.598425 7.874016 4.330709 12.598425 7.874016 8.267716 12.598425 4.724409 12.598425 12.598425 7.874016 8.267716 12.598425 7.874016 4.330709 8.267716 7.874016 0.000000 12.598425 7.874016 0.000000 8.267716 7.874016 4.330709 12.598425 7.874016 3.149606 8.267716 6.299212 3.149606 4.330709 4.724409 3.149606 4.330709 6.299212 3.149606 8.267716 4.724409 3.149606 4.330709 4.724409 0.000000 8.267716 4.724409 0.000000 4.330709 4.724409 3.149606 8.267716 4.724409 0.000000 12.598425 3.149606 0.829686 0.829686 2.271344 0.000000 0.000000 3.149606 0.829686 11.768739 2.271344 12.598425 8.267716 7.874016 8.267716 12.598425 7.874016 8.267716 8.267716 7.874016 12.598425 12.598425 7.874016 12.598425 8.267716 7.874016 9.448818 8.267716 4.724409 12.598425 8.267716 4.724409 9.448818 8.267716 6.299212 8.267716 8.267716 6.299212 8.267716 8.267716 7.874016 12.598425 4.330709 4.724409 9.448818 8.267716 4.724409 9.448818 4.330709 4.724409 12.598425 8.267716 4.724409 8.267716 4.330709 7.874016 9.448818 4.330709 6.299212 8.267716 4.330709 6.299212 12.598425 4.330709 4.724409 9.448818 4.330709 4.724409 12.598425 4.330709 7.874016 11.768739 0.829686 2.271344 12.598425 11.023622 3.149606 12.598425 0.000000 3.149606 11.768739 11.023622 2.271344 12.598425 12.598425 3.149606 11.768739 11.768739 2.271344 9.448818 4.330709 6.299212 8.267716 8.267716 6.299212 8.267716 4.330709 6.299212 9.448818 8.267716 6.299212 1.370005 1.370005 1.190706 11.228419 1.370005 1.190706 0.000000 12.598425 3.149606 11.768739 11.768739 2.271344 0.829686 11.768739 2.271344 12.598425 12.598425 3.149606 1.370005 1.370005 1.190706 1.370005 11.228419 1.190706 9.448818 8.267716 4.724409 9.448818 4.330709 6.299212 9.448818 4.330709 4.724409 9.448818 8.267716 6.299212 11.228419 1.370005 1.190706 11.228419 11.023622 1.190706 11.228419 11.228419 1.190706 1.574803 1.574803 0.000000 11.023622 1.574803 0.000000 11.228419 11.228419 1.190706 1.370005 11.228419 1.190706 1.574803 1.574803 0.000000 1.574803 11.023622 0.000000 11.023622 1.574803 0.000000 11.023622 11.023622 0.000000 11.023622 11.023622 0.000000 1.574803 1.574803 0.000000 1.574803 11.023622 0.000000 11.023622 1.574803 0.000000 11.023622 11.023622 0.000000 1.574803 11.023622 0.000000 "
									            />
								</IndexedFaceSet>
							</Shape>
						</Group>
					</Transform>
				</Transform>
				<Transform DEF="instance_48_TRANSFORM"
				           translation="31.889763 32.283478 27.165359"
				           scale="1.000000 1.000000 1.000000"
				           rotation="0.000000 1.000000 0.000000 0.000000"
				           >
					<Transform DEF="instance_48_ifs_TRANSFORM"
					           translation="0.000000 0.000000 0.000000"
					           scale="1.000000 1.000000 1.000000"
					           rotation="0.000000 1.000000 0.000000 0.000000"
					           >
						<Group USE="group_ME_ID148_003" />
					</Transform>
				</Transform>
				<Transform DEF="instance_49_TRANSFORM"
				           translation="21.259842 30.708649 21.259842"
				           scale="1.000000 1.000000 1.000000"
				           rotation="0.000000 0.000000 -1.000000 1.570796"
				           >
					<Transform DEF="instance_49_ifs_TRANSFORM"
					           translation="-0.000006 0.000003 0.000000"
					           scale="1.000000 1.000000 1.000000"
					           rotation="0.000000 1.000000 0.000000 0.000000"
					           >
						<Group USE="group_ME_ID400_002" />
					</Transform>
				</Transform>
				<Transform DEF="instance_50_TRANSFORM"
				           translation="43.700787 5.905518 10.629913"
				           scale="1.000000 1.000000 1.000000"
				           rotation="0.000000 1.000000 0.000000 0.000000"
				           >
					<Transform DEF="instance_50_ifs_TRANSFORM"
					           translation="0.000000 0.000000 0.000000"
					           scale="1.000000 1.000000 1.000000"
					           rotation="0.000000 1.000000 0.000000 0.000000"
					           >
						<Group USE="group_ME_ID148_003" />
					</Transform>
				</Transform>
				<Transform DEF="instance_51_TRANSFORM"
				           translation="31.889763 15.354340 10.629913"
				           scale="1.000000 1.000000 1.000000"
				           rotation="0.000000 1.000000 0.000000 0.000000"
				           >
					<Transform DEF="instance_51_ifs_TRANSFORM"
					           translation="0.000000 0.000000 0.000000"
					           scale="1.000000 1.000000 1.000000"
					           rotation="0.000000 1.000000 0.000000 0.000000"
					           >
						<Group USE="group_ME_ID138_004" />
					</Transform>
				</Transform>
				<Transform DEF="instance_52_TRANSFORM"
				           translation="33.070862 37.007874 21.259842"
				           scale="1.000000 1.000000 1.000000"
				           rotation="0.000000 0.000000 -1.000000 1.570796"
				           >
					<Transform DEF="instance_52_ifs_TRANSFORM"
					           translation="-0.000005 0.000003 0.000000"
					           scale="1.000000 1.000000 1.000000"
					           rotation="0.000000 1.000000 0.000000 0.000000"
					           >
						<Group DEF="group_ME_ID447_002">
							<Shape>
								<Appearance>
								</Appearance>
								<IndexedFaceSet solid="false"
								                coordIndex="0 1 2 -1 1 0 3 -1 4 5 6 -1 5 4 7 -1 7 4 8 -1 8 4 9 -1 10 11 12 -1 11 10 13 -1 13 10 14 -1 13 14 15 -1 15 14 16 -1 15 16 17 -1 17 16 18 -1 17 18 19 -1 17 19 20 -1 17 20 21 -1 18 16 6 -1 18 6 5 -1 21 20 22 -1 15 23 24 -1 23 15 17 -1 24 23 25 -1 25 23 26 -1 26 23 27 -1 27 23 28 -1 24 25 29 -1 27 28 30 -1 29 31 32 -1 31 29 25 -1 32 31 33 -1 32 33 34 -1 32 34 35 -1 36 37 38 -1 37 36 39 -1 40 41 42 -1 41 40 43 -1 43 40 44 -1 44 40 45 -1 46 47 48 -1 47 46 49 -1 49 46 50 -1 49 50 51 -1 51 50 52 -1 51 52 53 -1 53 52 54 -1 53 54 55 -1 53 55 56 -1 53 56 57 -1 54 52 42 -1 54 42 41 -1 57 56 58 -1 51 59 60 -1 59 51 53 -1 60 59 61 -1 61 59 62 -1 62 59 63 -1 63 59 64 -1 60 61 65 -1 63 64 66 -1 65 67 68 -1 67 65 61 -1 68 67 69 -1 68 69 70 -1 68 70 71 -1 72 73 74 -1 73 72 75 -1 76 77 78 -1 77 76 79 -1 79 76 80 -1 81 82 83 -1 82 81 84 -1 84 85 82 -1 85 84 86 -1 87 86 88 -1 86 87 85 -1 87 89 90 -1 89 87 88 -1 90 91 92 -1 91 90 89 -1 92 93 94 -1 93 92 91 -1 94 95 96 -1 95 94 93 -1 97 98 99 -1 98 97 100 -1 98 100 101 -1 102 103 104 -1 103 102 105 -1 106 107 108 -1 107 106 109 -1 110 111 112 -1 111 110 113 -1 114 115 116 -1 115 114 117 -1 118 119 120 -1 119 118 121 -1 122 123 124 -1 123 122 125 -1 126 127 128 -1 127 126 129 -1 130 131 132 -1 131 130 133 -1 134 135 136 -1 135 134 137 -1 137 134 138 -1 139 140 141 -1 140 139 142 -1 140 143 144 -1 143 140 142 -1 145 143 146 -1 143 145 144 -1 145 147 148 -1 147 145 146 -1 148 149 150 -1 149 148 147 -1 150 151 152 -1 151 150 149 -1 152 153 154 -1 153 152 151 -1 155 156 157 -1 156 155 158 -1 156 158 159 -1 160 161 162 -1 161 160 163 -1 164 165 166 -1 165 164 167 -1 168 169 170 -1 169 168 171 -1 172 173 174 -1 173 172 175 -1 172 176 175 -1 176 172 177 -1 177 178 176 -1 178 177 179 -1 179 180 178 -1 180 179 181 -1 182 180 181 -1 180 182 183 -1 184 183 182 -1 183 184 185 -1 186 184 187 -1 184 186 185 -1 188 189 190 -1 189 188 191 -1 192 188 193 -1 188 192 191 -1 193 194 192 -1 194 193 195 -1 195 196 194 -1 196 195 197 -1 198 196 197 -1 196 198 199 -1 200 199 198 -1 199 200 201 -1 202 200 203 -1 200 202 201 -1 "
								                >
									<Coordinate DEF="coords_ME_ID447_002"
									            point="34.803150 3.937008 1.062992 35.748028 0.000000 2.125984 34.803150 0.000000 1.062992 35.748028 3.937008 2.125984 36.220470 0.000000 5.905512 31.102362 0.000000 4.724409 36.220470 0.000000 3.543307 31.692911 0.000000 4.882647 32.125229 0.000000 5.314961 32.283466 0.000000 5.905512 33.385826 0.000000 0.354331 4.724409 0.000000 0.000000 31.496063 0.000000 0.000000 2.834646 0.000000 0.354331 34.803150 0.000000 1.062992 1.417323 0.000000 1.062992 35.748028 0.000000 2.125984 19.685040 0.000000 1.968504 21.259842 0.000000 4.724409 20.669291 0.000000 4.882647 20.236977 0.000000 5.314961 19.685040 0.000000 5.905512 20.078739 0.000000 5.905512 16.535433 0.000000 1.968504 0.472441 0.000000 2.125984 14.960629 0.000000 4.724409 15.551181 0.000000 4.882647 15.983494 0.000000 5.314961 16.535433 0.000000 5.905512 0.000000 0.000000 3.543307 16.141733 0.000000 5.905512 5.118110 0.000000 4.724409 0.000000 0.000000 5.905512 4.527559 0.000000 4.882647 4.095246 0.000000 5.314961 3.937008 0.000000 5.905512 34.803150 3.937008 1.062992 33.385826 0.000000 0.354331 33.385826 3.937008 0.354331 34.803150 0.000000 1.062992 0.000000 3.937008 5.905512 5.118110 3.937008 4.724409 0.000000 3.937008 3.543307 4.527559 3.937008 4.882647 4.095246 3.937008 5.314961 3.937008 3.937008 5.905512 2.834646 3.937008 0.354331 31.496063 3.937008 0.000000 4.724409 3.937008 0.000000 33.385826 3.937008 0.354331 1.417323 3.937008 1.062992 34.803150 3.937008 1.062992 0.472441 3.937008 2.125984 16.535433 3.937008 1.968504 14.960629 3.937008 4.724409 15.551181 3.937008 4.882647 15.983494 3.937008 5.314961 16.535433 3.937008 5.905512 16.141733 3.937008 5.905512 19.685040 3.937008 1.968504 35.748028 3.937008 2.125984 21.259842 3.937008 4.724409 20.669291 3.937008 4.882647 20.236977 3.937008 5.314961 19.685040 3.937008 5.905512 36.220470 3.937008 3.543307 20.078739 3.937008 5.905512 31.102362 3.937008 4.724409 36.220470 3.937008 5.905512 31.692911 3.937008 4.882647 32.125229 3.937008 5.314961 32.283466 3.937008 5.905512 35.748028 3.937008 2.125984 36.220470 0.000000 3.543307 35.748028 0.000000 2.125984 36.220470 3.937008 3.543307 16.141733 0.000000 5.905512 16.141733 3.937008 5.905512 15.551181 1.968504 5.905512 16.535433 3.937008 5.905512 16.535433 0.000000 5.905512 15.551181 1.968504 5.905512 15.983494 0.000000 5.314961 16.141733 0.000000 5.905512 15.472062 1.968504 5.610236 15.551181 0.000000 4.882647 15.255905 1.968504 5.394080 14.960629 0.000000 4.724409 14.885530 1.968504 5.294838 5.193209 1.968504 5.294838 5.118110 0.000000 4.724409 4.822835 1.968504 5.394080 4.527559 0.000000 4.882647 4.606678 1.968504 5.610236 4.095246 0.000000 5.314961 4.527559 1.968504 5.905512 3.937008 0.000000 5.905512 0.000000 0.000000 5.905512 3.937008 3.937008 5.905512 0.000000 3.937008 5.905512 3.937008 0.000000 5.905512 4.527559 1.968504 5.905512 0.000000 3.937008 5.905512 0.000000 0.000000 3.543307 0.000000 0.000000 5.905512 0.000000 3.937008 3.543307 0.000000 0.000000 3.543307 0.472441 3.937008 2.125984 0.472441 0.000000 2.125984 0.000000 3.937008 3.543307 0.472441 0.000000 2.125984 1.417323 3.937008 1.062992 1.417323 0.000000 1.062992 0.472441 3.937008 2.125984 2.834646 3.937008 0.354331 1.417323 0.000000 1.062992 1.417323 3.937008 1.062992 2.834646 0.000000 0.354331 4.724409 3.937008 0.000000 2.834646 0.000000 0.354331 2.834646 3.937008 0.354331 4.724409 0.000000 0.000000 31.496063 3.937008 0.000000 4.724409 0.000000 0.000000 4.724409 3.937008 0.000000 31.496063 0.000000 0.000000 33.385826 3.937008 0.354331 31.496063 0.000000 0.000000 31.496063 3.937008 0.000000 33.385826 0.000000 0.354331 36.220470 3.937008 3.543307 36.220470 0.000000 5.905512 36.220470 0.000000 3.543307 36.220470 3.937008 5.905512 32.283466 0.000000 5.905512 32.283466 3.937008 5.905512 31.692911 1.968504 5.905512 36.220470 3.937008 5.905512 36.220470 0.000000 5.905512 31.692911 1.968504 5.905512 32.125229 0.000000 5.314961 32.283466 0.000000 5.905512 31.613794 1.968504 5.610236 31.397638 1.968504 5.394080 31.692911 0.000000 4.882647 31.102362 0.000000 4.724409 31.027266 1.968504 5.294838 21.334942 1.968504 5.294838 21.259842 0.000000 4.724409 20.964567 1.968504 5.394080 20.669291 0.000000 4.882647 20.748409 1.968504 5.610236 20.236977 0.000000 5.314961 20.669291 1.968504 5.905512 20.078739 0.000000 5.905512 19.685040 0.000000 5.905512 20.078739 3.937008 5.905512 19.685040 3.937008 5.905512 20.078739 0.000000 5.905512 20.669291 1.968504 5.905512 19.685040 3.937008 5.905512 19.685040 0.000000 1.968504 19.685040 0.000000 5.905512 19.685040 3.937008 1.968504 16.535433 0.000000 1.968504 19.685040 3.937008 1.968504 16.535433 3.937008 1.968504 19.685040 0.000000 1.968504 16.535433 3.937008 1.968504 16.535433 0.000000 5.905512 16.535433 0.000000 1.968504 16.535433 3.937008 5.905512 20.748409 1.968504 5.610236 20.078739 3.937008 5.905512 20.669291 1.968504 5.905512 20.236977 3.937008 5.314961 20.669291 3.937008 4.882647 20.964567 1.968504 5.394080 21.259842 3.937008 4.724409 21.334942 1.968504 5.294838 31.102362 3.937008 4.724409 31.027266 1.968504 5.294838 31.397638 1.968504 5.394080 31.692911 3.937008 4.882647 31.613794 1.968504 5.610236 32.125229 3.937008 5.314961 32.283466 3.937008 5.905512 31.692911 1.968504 5.905512 4.606678 1.968504 5.610236 3.937008 3.937008 5.905512 4.527559 1.968504 5.905512 4.095246 3.937008 5.314961 4.527559 3.937008 4.882647 4.822835 1.968504 5.394080 5.118110 3.937008 4.724409 5.193209 1.968504 5.294838 14.960629 3.937008 4.724409 14.885530 1.968504 5.294838 15.255905 1.968504 5.394080 15.551181 3.937008 4.882647 15.472062 1.968504 5.610236 15.983494 3.937008 5.314961 16.141733 3.937008 5.905512 15.551181 1.968504 5.905512 "
									            />
								</IndexedFaceSet>
							</Shape>
						</Group>
					</Transform>
				</Transform>
				<Transform DEF="instance_53_TRANSFORM"
				           translation="31.889763 0.000000 27.165359"
				           scale="1.000000 1.000000 1.000000"
				           rotation="0.000000 1.000000 0.000000 0.000000"
				           >
					<Transform DEF="instance_53_ifs_TRANSFORM"
					           translation="0.000000 0.000000 0.000000"
					           scale="1.000000 1.000000 1.000000"
					           rotation="0.000000 1.000000 0.000000 0.000000"
					           >
						<Group USE="group_ME_ID148_003" />
					</Transform>
				</Transform>
				<Transform DEF="instance_54_TRANSFORM"
				           translation="8.267715 15.354340 27.165359"
				           scale="1.000000 1.000000 1.000000"
				           rotation="0.000000 1.000000 0.000000 0.000000"
				           >
					<Transform DEF="instance_54_ifs_TRANSFORM"
					           translation="0.000000 0.000000 0.000000"
					           scale="1.000000 1.000000 1.000000"
					           rotation="0.000000 1.000000 0.000000 0.000000"
					           >
						<Group USE="group_ME_ID138_004" />
					</Transform>
				</Transform>
				<Transform DEF="instance_55_TRANSFORM"
				           translation="20.078735 0.000000 35.433075"
				           scale="1.000000 1.000000 1.000000"
				           rotation="0.000000 1.000000 0.000000 0.000000"
				           >
					<Transform DEF="instance_55_ifs_TRANSFORM"
					           translation="0.000000 0.000000 0.000000"
					           scale="1.000000 1.000000 1.000000"
					           rotation="0.000000 1.000000 0.000000 0.000000"
					           >
						<Group USE="group_ME_ID148_003" />
					</Transform>
				</Transform>
				<Transform DEF="instance_56_TRANSFORM"
				           translation="21.259842 37.007874 29.527557"
				           scale="1.000000 1.000000 1.000000"
				           rotation="0.000000 0.000000 -1.000000 1.570796"
				           >
					<Transform DEF="instance_56_ifs_TRANSFORM"
					           translation="-0.000006 0.000003 0.000000"
					           scale="1.000000 1.000000 1.000000"
					           rotation="0.000000 1.000000 0.000000 0.000000"
					           >
						<Group USE="group_ME_ID447_002" />
					</Transform>
				</Transform>
				<Transform DEF="instance_57_TRANSFORM"
				           translation="20.078735 32.283478 35.433075"
				           scale="1.000000 1.000000 1.000000"
				           rotation="0.000000 1.000000 0.000000 0.000000"
				           >
					<Transform DEF="instance_57_ifs_TRANSFORM"
					           translation="0.000000 0.000000 0.000000"
					           scale="1.000000 1.000000 1.000000"
					           rotation="0.000000 1.000000 0.000000 0.000000"
					           >
						<Group USE="group_ME_ID148_003" />
					</Transform>
				</Transform>
				<Transform DEF="instance_58_TRANSFORM"
				           translation="43.700787 16.141724 35.433075"
				           scale="1.000000 1.000000 1.000000"
				           rotation="0.000000 1.000000 0.000000 0.000000"
				           >
					<Transform DEF="instance_58_ifs_TRANSFORM"
					           translation="0.000000 0.000000 0.000000"
					           scale="1.000000 1.000000 1.000000"
					           rotation="0.000000 1.000000 0.000000 0.000000"
					           >
						<Group USE="group_ME_ID148_003" />
					</Transform>
				</Transform>
			</Transform>
			<Transform DEF="group_48_TRANSFORM"
			           translation="-99.125565 264.960052 151.521606"
			           scale="1.000000 1.000000 1.000000"
			           rotation="0.000000 1.000000 0.000000 0.000000"
			           >
				<Transform DEF="group_49_TRANSFORM"
				           translation="44.881889 6.692902 4.724411"
				           scale="1.000000 1.000000 1.000000"
				           rotation="0.000000 1.000000 0.000000 0.000000"
				           >
					<Transform DEF="group_41_001_TRANSFORM"
					           translation="1.181103 7.874023 5.905518"
					           scale="1.000000 1.000000 1.000000"
					           rotation="0.000000 1.000000 0.000000 0.000000"
					           >
						<Transform DEF="group_41_001_ifs_TRANSFORM"
						           translation="0.000000 0.000000 0.000000"
						           scale="1.000000 1.000000 1.000000"
						           rotation="0.000000 1.000000 0.000000 0.000000"
						           >
							<Group DEF="group_ME_ID462">
								<Shape>
									<Appearance>
										<Material USE="MA_material_022" />
									</Appearance>
									<IndexedFaceSet solid="false"
									                coordIndex="0 1 2 -1 1 0 3 -1 4 5 6 -1 5 4 7 -1 7 8 5 -1 8 7 9 -1 8 9 10 -1 11 12 13 -1 12 11 14 -1 15 16 17 -1 16 15 18 -1 18 15 19 -1 19 15 20 -1 21 16 18 -1 22 23 24 -1 23 22 25 -1 26 27 28 -1 27 26 29 -1 30 31 32 -1 31 30 33 -1 34 35 36 -1 35 34 37 -1 38 39 40 -1 39 38 41 -1 "
									                >
										<Coordinate DEF="coords_ME_ID462"
										            point="0.000000 12.598426 0.000000 1.574803 12.496026 0.595353 1.574803 12.598425 0.000000 0.000000 12.496026 0.595353 0.000000 11.811023 2.362205 0.000000 5.905512 0.000000 0.000000 5.905512 2.362205 0.000000 11.811023 1.574803 0.000000 12.598426 0.000000 0.000000 12.225867 1.135672 0.000000 12.496026 0.595353 0.000000 12.496026 0.595353 1.574803 12.225867 1.135672 1.574803 12.496026 0.595353 0.000000 12.225867 1.135672 1.574803 12.598425 0.000000 1.574803 5.905512 2.362205 1.574803 5.905512 0.000000 1.574803 11.811023 1.574803 1.574803 12.225867 1.135672 1.574803 12.496026 0.595353 1.574803 11.811023 2.362205 1.574803 12.598425 0.000000 0.000000 5.905512 0.000000 0.000000 12.598426 0.000000 1.574803 5.905512 0.000000 0.000000 5.905512 2.362205 1.574803 11.811023 2.362205 0.000000 11.811023 2.362205 1.574803 5.905512 2.362205 0.000000 11.811023 1.574803 1.574803 11.811023 2.362205 1.574803 11.811023 1.574803 0.000000 11.811023 2.362205 0.000000 12.225867 1.135672 1.574803 11.811023 1.574803 1.574803 12.225867 1.135672 0.000000 11.811023 1.574803 1.574803 5.905512 2.362205 0.000000 5.905512 0.000000 1.574803 5.905512 0.000000 0.000000 5.905512 2.362205 "
										            />
									</IndexedFaceSet>
								</Shape>
							</Group>
						</Transform>
					</Transform>
					<Transform DEF="group_42_001_TRANSFORM"
					           translation="1.181103 16.535431 5.905518"
					           scale="-1.000000 -1.000000 -1.000000"
					           rotation="-0.000000 1.000000 -0.000000 3.141593"
					           >
						<Transform DEF="group_42_001_ifs_TRANSFORM"
						           translation="-0.000001 0.000000 0.000005"
						           scale="1.000000 1.000000 1.000000"
						           rotation="0.000000 1.000000 0.000000 0.000000"
						           >
							<Group DEF="group_ME_ID469_001">
								<Shape>
									<Appearance>
										<Material USE="MA_material_022" />
									</Appearance>
									<IndexedFaceSet solid="false"
									                coordIndex="0 1 2 -1 3 2 1 -1 4 5 6 -1 5 7 6 -1 8 6 7 -1 7 9 8 -1 10 8 9 -1 11 12 13 -1 14 13 12 -1 15 16 17 -1 18 19 20 -1 20 19 15 -1 15 19 16 -1 21 16 19 -1 22 23 24 -1 25 24 23 -1 26 27 28 -1 29 28 27 -1 30 31 32 -1 33 32 31 -1 34 35 36 -1 37 36 35 -1 38 39 40 -1 41 40 39 -1 "
									                >
										<Coordinate DEF="coords_ME_ID469_001"
										            point="0.000000 12.496026 0.595353 0.000000 12.598426 0.000000 1.574803 12.496026 0.595353 1.574803 12.598425 0.000000 0.000000 12.496026 0.595353 0.000000 12.225867 1.135672 0.000000 12.598426 0.000000 0.000000 11.811023 1.574803 0.000000 5.905512 0.000000 0.000000 11.811023 2.362205 0.000000 5.905512 2.362205 0.000000 12.225867 1.135672 0.000000 12.496026 0.595353 1.574803 12.225867 1.135672 1.574803 12.496026 0.595353 1.574803 11.811023 1.574803 1.574803 5.905512 2.362205 1.574803 11.811023 2.362205 1.574803 12.496026 0.595353 1.574803 12.598425 0.000000 1.574803 12.225867 1.135672 1.574803 5.905512 0.000000 1.574803 5.905512 0.000000 1.574803 12.598425 0.000000 0.000000 5.905512 0.000000 0.000000 12.598426 0.000000 1.574803 5.905512 2.362205 0.000000 5.905512 2.362205 1.574803 11.811023 2.362205 0.000000 11.811023 2.362205 0.000000 11.811023 2.362205 0.000000 11.811023 1.574803 1.574803 11.811023 2.362205 1.574803 11.811023 1.574803 0.000000 11.811023 1.574803 0.000000 12.225867 1.135672 1.574803 11.811023 1.574803 1.574803 12.225867 1.135672 0.000000 5.905512 2.362205 1.574803 5.905512 2.362205 0.000000 5.905512 0.000000 1.574803 5.905512 0.000000 "
										            />
									</IndexedFaceSet>
								</Shape>
							</Group>
						</Transform>
					</Transform>
					<Transform DEF="instance_29_001_TRANSFORM"
					           translation="0.000000 24.409454 0.000000"
					           scale="1.000000 1.000000 1.000000"
					           rotation="0.000000 0.000000 -1.000000 1.570796"
					           >
						<Transform DEF="instance_29_001_ifs_TRANSFORM"
						           translation="-0.000004 -0.000001 0.000000"
						           scale="1.000000 1.000000 1.000000"
						           rotation="0.000000 1.000000 0.000000 0.000000"
						           >
							<Group USE="group_ME_ID339_001" />
						</Transform>
					</Transform>
				</Transform>
				<Transform DEF="group_50_TRANSFORM"
				           translation="44.881886 0.787415 12.992126"
				           scale="1.000000 1.000000 1.000000"
				           rotation="0.000000 1.000000 0.000000 0.000000"
				           >
					<Transform DEF="group_44_001_TRANSFORM"
					           translation="0.000000 36.220459 0.000000"
					           scale="1.000000 1.000000 1.000000"
					           rotation="0.000000 0.000000 -1.000000 1.570796"
					           >
						<Transform DEF="group_44_001_ifs_TRANSFORM"
						           translation="-0.000004 -0.000000 0.000000"
						           scale="1.000000 1.000000 1.000000"
						           rotation="0.000000 1.000000 0.000000 0.000000"
						           >
							<Group DEF="group_ME_ID478">
								<Shape>
									<Appearance>
										<Material USE="MA_material_022" />
									</Appearance>
									<IndexedFaceSet solid="false"
									                coordIndex="0 1 2 -1 1 0 3 -1 4 5 6 -1 5 4 7 -1 7 4 8 -1 8 4 9 -1 10 11 12 -1 11 10 13 -1 13 10 14 -1 13 14 15 -1 15 14 16 -1 15 16 17 -1 17 16 18 -1 17 18 19 -1 17 19 20 -1 17 20 21 -1 18 16 6 -1 18 6 5 -1 21 20 22 -1 15 23 24 -1 23 15 17 -1 24 23 25 -1 25 23 26 -1 26 23 27 -1 27 23 28 -1 24 25 29 -1 27 28 30 -1 29 31 32 -1 31 29 25 -1 32 31 33 -1 32 33 34 -1 32 34 35 -1 36 37 38 -1 37 36 39 -1 40 41 42 -1 41 40 43 -1 43 40 44 -1 43 44 45 -1 45 44 46 -1 45 46 47 -1 1 48 2 -1 48 1 49 -1 50 51 52 -1 51 50 53 -1 54 55 56 -1 55 54 57 -1 55 57 58 -1 58 57 51 -1 58 51 59 -1 59 51 53 -1 56 60 61 -1 60 56 55 -1 62 63 64 -1 63 62 65 -1 65 66 63 -1 66 65 67 -1 66 68 69 -1 68 66 67 -1 48 70 71 -1 70 48 49 -1 72 73 74 -1 73 72 75 -1 76 77 78 -1 77 76 79 -1 80 81 82 -1 81 80 83 -1 84 85 86 -1 85 84 87 -1 88 89 90 -1 89 88 91 -1 92 93 94 -1 93 92 95 -1 96 97 98 -1 97 96 99 -1 100 101 102 -1 101 100 103 -1 104 105 106 -1 105 104 107 -1 108 109 110 -1 109 108 111 -1 112 113 114 -1 113 112 115 -1 116 117 118 -1 117 116 119 -1 119 116 120 -1 119 120 121 -1 121 122 119 -1 122 121 123 -1 122 124 125 -1 124 122 123 -1 124 123 126 -1 124 126 127 -1 128 129 130 -1 129 128 131 -1 129 132 133 -1 132 129 131 -1 134 132 135 -1 132 134 133 -1 136 137 138 -1 137 136 139 -1 140 141 142 -1 141 140 143 -1 140 144 145 -1 144 140 142 -1 145 146 147 -1 146 145 144 -1 148 149 150 -1 149 148 151 -1 152 153 154 -1 153 152 155 -1 156 157 158 -1 157 156 159 -1 160 161 162 -1 161 160 163 -1 164 165 166 -1 165 164 167 -1 167 164 168 -1 167 168 169 -1 169 168 170 -1 169 170 171 -1 172 173 174 -1 173 172 175 -1 176 177 178 -1 177 176 179 -1 179 176 180 -1 180 176 181 -1 182 183 184 -1 183 182 185 -1 185 182 186 -1 185 186 187 -1 187 186 188 -1 187 188 189 -1 189 188 190 -1 189 190 191 -1 189 191 192 -1 189 192 193 -1 190 188 178 -1 190 178 177 -1 193 192 194 -1 187 195 196 -1 195 187 189 -1 196 195 197 -1 197 195 198 -1 198 195 199 -1 199 195 200 -1 196 197 201 -1 199 200 202 -1 201 203 204 -1 203 201 197 -1 204 203 205 -1 204 205 206 -1 204 206 207 -1 208 209 210 -1 209 208 211 -1 211 208 212 -1 211 212 213 -1 213 212 214 -1 213 214 215 -1 216 217 218 -1 217 216 219 -1 220 221 222 -1 221 220 223 -1 223 220 224 -1 223 224 225 -1 225 224 226 -1 225 226 227 -1 228 229 230 -1 229 228 231 -1 163 232 161 -1 232 163 233 -1 232 234 235 -1 234 232 233 -1 236 237 238 -1 237 236 239 -1 240 241 242 -1 241 240 243 -1 241 172 242 -1 172 241 175 -1 244 231 228 -1 231 244 245 -1 244 246 245 -1 246 244 247 -1 248 249 250 -1 249 248 251 -1 252 253 254 -1 253 252 255 -1 217 253 255 -1 253 217 219 -1 "
									                >
										<Coordinate DEF="coords_ME_ID478"
										            point="5.118110 0.000000 4.724409 4.527559 0.393701 4.882647 4.527559 0.000000 4.882647 5.118110 0.393701 4.724409 36.220470 0.000000 5.905512 31.102362 0.000000 4.724409 36.220470 0.000000 3.543307 31.692911 0.000000 4.882647 32.125229 0.000000 5.314961 32.283466 0.000000 5.905512 33.385826 0.000000 0.354331 4.724409 0.000000 0.000000 31.496063 0.000000 0.000000 2.834646 0.000000 0.354331 34.803150 0.000000 1.062992 1.417323 0.000000 1.062992 35.748028 0.000000 2.125984 19.685040 0.000000 1.968504 21.259842 0.000000 4.724409 20.669291 0.000000 4.882647 20.236977 0.000000 5.314961 19.685040 0.000000 5.905512 20.078739 0.000000 5.905512 16.535433 0.000000 1.968504 0.472441 0.000000 2.125984 14.960629 0.000000 4.724409 15.551181 0.000000 4.882647 15.983494 0.000000 5.314961 16.535433 0.000000 5.905512 0.000000 0.000000 3.543307 16.141733 0.000000 5.905512 5.118110 0.000000 4.724409 0.000000 0.000000 5.905512 4.527559 0.000000 4.882647 4.095246 0.000000 5.314961 3.937008 0.000000 5.905512 14.960629 0.000000 4.724409 5.118110 0.393701 4.724409 5.118110 0.000000 4.724409 14.960629 0.393701 4.724409 15.551181 0.393701 4.882647 5.118110 0.393701 4.724409 14.960629 0.393701 4.724409 4.527559 0.393701 4.882647 15.983494 0.393701 5.314961 4.095245 0.393701 5.314961 16.141733 0.393701 5.905512 3.937008 0.393701 5.905512 4.095246 0.000000 5.314961 4.095245 0.393701 5.314961 16.535433 0.000000 5.905512 16.141733 0.393701 5.905512 16.141733 0.000000 5.905512 16.535433 3.937008 5.905512 3.937008 0.000000 5.905512 3.937008 3.543307 5.905511 0.000000 0.000000 5.905512 3.937008 0.393701 5.905512 16.141733 3.543307 5.905511 16.141733 3.937008 5.905512 3.937008 3.937008 5.905512 0.000000 3.937008 5.905512 16.141733 0.393701 5.905512 15.983494 0.000000 5.314961 16.141733 0.000000 5.905512 15.983494 0.393701 5.314961 15.551181 0.000000 4.882647 15.551181 0.393701 4.882647 14.960629 0.393701 4.724409 14.960629 0.000000 4.724409 3.937008 0.393701 5.905512 3.937008 0.000000 5.905512 0.000000 3.937008 5.905512 0.000000 0.000000 3.543307 0.000000 0.000000 5.905512 0.000000 3.937008 3.543307 0.000000 0.000000 3.543307 0.472441 3.937008 2.125984 0.472441 0.000000 2.125984 0.000000 3.937008 3.543307 0.472441 0.000000 2.125984 1.417323 3.937008 1.062992 1.417323 0.000000 1.062992 0.472441 3.937008 2.125984 2.834646 3.937008 0.354331 1.417323 0.000000 1.062992 1.417323 3.937008 1.062992 2.834646 0.000000 0.354331 4.724409 3.937008 0.000000 2.834646 0.000000 0.354331 2.834646 3.937008 0.354331 4.724409 0.000000 0.000000 31.496063 3.937008 0.000000 4.724409 0.000000 0.000000 4.724409 3.937008 0.000000 31.496063 0.000000 0.000000 33.385826 3.937008 0.354331 31.496063 0.000000 0.000000 31.496063 3.937008 0.000000 33.385826 0.000000 0.354331 34.803150 3.937008 1.062992 33.385826 0.000000 0.354331 33.385826 3.937008 0.354331 34.803150 0.000000 1.062992 34.803150 3.937008 1.062992 35.748028 0.000000 2.125984 34.803150 0.000000 1.062992 35.748028 3.937008 2.125984 35.748028 3.937008 2.125984 36.220470 0.000000 3.543307 35.748028 0.000000 2.125984 36.220470 3.937008 3.543307 36.220470 3.937008 3.543307 36.220470 0.000000 5.905512 36.220470 0.000000 3.543307 36.220470 3.937008 5.905512 19.685040 0.000000 5.905512 20.078739 3.937008 5.905512 19.685040 3.937008 5.905512 20.078739 3.543307 5.905511 20.078739 0.000000 5.905512 20.078739 0.393701 5.905512 32.283466 3.543307 5.905511 32.283466 0.393701 5.905512 36.220470 3.937008 5.905512 32.283466 3.937008 5.905512 32.283466 0.000000 5.905512 36.220470 0.000000 5.905512 32.283466 0.393701 5.905512 32.125229 0.000000 5.314961 32.283466 0.000000 5.905512 32.125229 0.393701 5.314961 31.692911 0.393701 4.882647 31.692911 0.000000 4.882647 31.102362 0.000000 4.724409 31.102362 0.393701 4.724409 21.259842 0.000000 4.724409 31.102362 0.393701 4.724409 21.259842 0.393701 4.724409 31.102362 0.000000 4.724409 20.669291 0.000000 4.882647 21.259842 0.393701 4.724409 20.669291 0.393701 4.882647 21.259842 0.000000 4.724409 20.236977 0.393701 5.314961 20.236977 0.000000 5.314961 20.078739 0.393701 5.905512 20.078739 0.000000 5.905512 19.685040 3.937008 5.905512 19.685040 0.000000 1.968504 19.685040 0.000000 5.905512 19.685040 3.937008 1.968504 16.535433 0.000000 1.968504 19.685040 3.937008 1.968504 16.535433 3.937008 1.968504 19.685040 0.000000 1.968504 16.535433 3.937008 1.968504 16.535433 0.000000 5.905512 16.535433 0.000000 1.968504 16.535433 3.937008 5.905512 16.141733 3.937008 5.905512 15.983494 3.543307 5.314961 16.141733 3.543307 5.905511 15.983494 3.937008 5.314961 4.527559 3.543307 4.882647 14.960629 3.543307 4.724409 5.118110 3.543307 4.724409 15.551181 3.543307 4.882647 4.095246 3.543307 5.314961 15.983494 3.543307 5.314961 3.937008 3.543307 5.905511 16.141733 3.543307 5.905511 4.095246 3.543307 5.314961 3.937008 3.937008 5.905512 3.937008 3.543307 5.905511 4.095246 3.937008 5.314961 0.000000 3.937008 5.905512 5.118110 3.937008 4.724409 0.000000 3.937008 3.543307 4.527559 3.937008 4.882647 4.095246 3.937008 5.314961 3.937008 3.937008 5.905512 2.834646 3.937008 0.354331 31.496063 3.937008 0.000000 4.724409 3.937008 0.000000 33.385826 3.937008 0.354331 1.417323 3.937008 1.062992 34.803150 3.937008 1.062992 0.472441 3.937008 2.125984 16.535433 3.937008 1.968504 14.960629 3.937008 4.724409 15.551181 3.937008 4.882647 15.983494 3.937008 5.314961 16.535433 3.937008 5.905512 16.141733 3.937008 5.905512 19.685040 3.937008 1.968504 35.748028 3.937008 2.125984 21.259842 3.937008 4.724409 20.669292 3.937008 4.882647 20.236977 3.937008 5.314961 19.685040 3.937008 5.905512 36.220470 3.937008 3.543307 20.078739 3.937008 5.905512 31.102362 3.937008 4.724409 36.220470 3.937008 5.905512 31.692911 3.937008 4.882647 32.125229 3.937008 5.314961 32.283466 3.937008 5.905512 31.692911 0.393701 4.882647 21.259842 0.393701 4.724409 31.102362 0.393701 4.724409 20.669291 0.393701 4.882647 32.125229 0.393701 5.314961 20.236977 0.393701 5.314961 32.283466 0.393701 5.905512 20.078739 0.393701 5.905512 32.283466 3.937008 5.905512 32.125229 3.543307 5.314961 32.283466 3.543307 5.905511 32.125229 3.937008 5.314961 20.669291 3.543307 4.882647 31.102362 3.543307 4.724409 21.259842 3.543307 4.724409 31.692911 3.543307 4.882647 20.236977 3.543307 5.314961 32.125229 3.543307 5.314961 20.078739 3.543307 5.905511 32.283466 3.543307 5.905511 20.236977 3.543307 5.314961 20.078739 3.937008 5.905512 20.078739 3.543307 5.905511 20.236977 3.937008 5.314961 15.551181 3.543307 4.882647 15.551181 3.937008 4.882647 14.960629 3.937008 4.724409 14.960629 3.543307 4.724409 14.960629 3.543307 4.724409 5.118110 3.937008 4.724409 5.118110 3.543307 4.724409 14.960629 3.937008 4.724409 5.118110 3.543307 4.724409 4.527559 3.937008 4.882647 4.527559 3.543307 4.882647 5.118110 3.937008 4.724409 20.669291 3.543307 4.882647 20.669292 3.937008 4.882647 21.259842 3.937008 4.724409 21.259842 3.543307 4.724409 21.259842 3.543307 4.724409 31.102362 3.937008 4.724409 21.259842 3.937008 4.724409 31.102362 3.543307 4.724409 31.102362 3.543307 4.724409 31.692911 3.937008 4.882647 31.102362 3.937008 4.724409 31.692911 3.543307 4.882647 "
										            />
									</IndexedFaceSet>
								</Shape>
							</Group>
						</Transform>
					</Transform>
					<Transform DEF="group_45_001_TRANSFORM"
					           translation="1.181103 19.685028 5.905518"
					           scale="1.000000 1.000000 1.000000"
					           rotation="0.000000 1.000000 0.000000 0.000000"
					           >
						<Transform DEF="group_45_001_ifs_TRANSFORM"
						           translation="0.000000 0.000000 0.000000"
						           scale="1.000000 1.000000 1.000000"
						           rotation="0.000000 1.000000 0.000000 0.000000"
						           >
							<Group DEF="group_ME_ID485">
								<Shape>
									<Appearance>
										<Material USE="MA_material_022" />
									</Appearance>
									<IndexedFaceSet solid="false"
									                coordIndex="0 1 2 -1 1 0 3 -1 4 5 6 -1 5 4 7 -1 7 8 5 -1 8 7 9 -1 8 9 10 -1 11 12 13 -1 12 11 14 -1 15 16 17 -1 16 15 18 -1 18 15 19 -1 19 15 20 -1 21 16 18 -1 22 23 24 -1 23 22 25 -1 26 27 28 -1 27 26 29 -1 30 31 32 -1 31 30 33 -1 34 35 36 -1 35 34 37 -1 38 39 40 -1 39 38 41 -1 "
									                >
										<Coordinate DEF="coords_ME_ID485"
										            point="0.000000 12.598426 0.000000 1.574803 12.496026 0.595353 1.574803 12.598425 0.000000 0.000000 12.496026 0.595353 0.000000 11.811023 2.362205 0.000000 0.000000 0.000000 0.000000 0.000000 2.362205 0.000000 11.811023 1.574803 0.000000 12.598426 0.000000 0.000000 12.225867 1.135672 0.000000 12.496026 0.595353 0.000000 12.496026 0.595353 1.574803 12.225867 1.135672 1.574803 12.496026 0.595353 0.000000 12.225867 1.135672 1.574803 12.598425 0.000000 1.574803 0.000000 2.362205 1.574803 0.000000 0.000000 1.574803 11.811023 1.574803 1.574803 12.225867 1.135672 1.574803 12.496026 0.595353 1.574803 11.811023 2.362205 1.574803 12.598425 0.000000 0.000000 0.000000 0.000000 0.000000 12.598426 0.000000 1.574803 0.000000 0.000000 0.000000 0.000000 2.362205 1.574803 11.811023 2.362205 0.000000 11.811023 2.362205 1.574803 0.000000 2.362205 0.000000 11.811023 1.574803 1.574803 11.811023 2.362205 1.574803 11.811023 1.574803 0.000000 11.811023 2.362205 0.000000 12.225867 1.135672 1.574803 11.811023 1.574803 1.574803 12.225867 1.135672 0.000000 11.811023 1.574803 1.574803 0.000000 2.362205 0.000000 0.000000 0.000000 1.574803 0.000000 0.000000 0.000000 0.000000 2.362205 "
										            />
									</IndexedFaceSet>
								</Shape>
							</Group>
						</Transform>
					</Transform>
					<Transform DEF="group_46_001_TRANSFORM"
					           translation="1.181103 16.535431 5.905518"
					           scale="-1.000000 -1.000000 -1.000000"
					           rotation="-0.000000 1.000000 -0.000000 3.141593"
					           >
						<Transform DEF="group_46_001_ifs_TRANSFORM"
						           translation="-0.000000 0.000000 0.000005"
						           scale="1.000000 1.000000 1.000000"
						           rotation="0.000000 1.000000 0.000000 0.000000"
						           >
							<Group DEF="group_ME_ID492">
								<Shape>
									<Appearance>
										<Material USE="MA_material_022" />
									</Appearance>
									<IndexedFaceSet solid="false"
									                coordIndex="0 1 2 -1 3 2 1 -1 4 5 6 -1 5 7 6 -1 8 6 7 -1 7 9 8 -1 10 8 9 -1 11 12 13 -1 14 13 12 -1 15 16 17 -1 18 19 20 -1 20 19 15 -1 15 19 16 -1 21 16 19 -1 22 23 24 -1 25 24 23 -1 26 27 28 -1 29 28 27 -1 30 31 32 -1 33 32 31 -1 34 35 36 -1 37 36 35 -1 38 39 40 -1 41 40 39 -1 "
									                >
										<Coordinate DEF="coords_ME_ID492"
										            point="0.000000 12.496026 0.595353 0.000000 12.598426 0.000000 1.574803 12.496026 0.595353 1.574803 12.598425 0.000000 0.000000 12.496026 0.595353 0.000000 12.225867 1.135672 0.000000 12.598426 0.000000 0.000000 11.811023 1.574803 0.000000 0.000000 0.000000 0.000000 11.811023 2.362205 0.000000 0.000000 2.362205 0.000000 12.225867 1.135672 0.000000 12.496026 0.595353 1.574803 12.225867 1.135672 1.574803 12.496026 0.595353 1.574803 11.811023 1.574803 1.574803 0.000000 2.362205 1.574803 11.811023 2.362205 1.574803 12.496026 0.595353 1.574803 12.598425 0.000000 1.574803 12.225867 1.135672 1.574803 0.000000 0.000000 1.574803 0.000000 0.000000 1.574803 12.598425 0.000000 0.000000 0.000000 0.000000 0.000000 12.598426 0.000000 1.574803 0.000000 2.362205 0.000000 0.000000 2.362205 1.574803 11.811023 2.362205 0.000000 11.811023 2.362205 0.000000 11.811023 2.362205 0.000000 11.811023 1.574803 1.574803 11.811023 2.362205 1.574803 11.811023 1.574803 0.000000 11.811023 1.574803 0.000000 12.225867 1.135672 1.574803 11.811023 1.574803 1.574803 12.225867 1.135672 0.000000 0.000000 2.362205 1.574803 0.000000 2.362205 0.000000 0.000000 0.000000 1.574803 0.000000 0.000000 "
										            />
									</IndexedFaceSet>
								</Shape>
							</Group>
						</Transform>
					</Transform>
				</Transform>
				<Transform DEF="group_51_TRANSFORM"
				           translation="15.394836 16.929138 29.527557"
				           scale="1.000000 1.000000 1.000000"
				           rotation="0.000000 1.000000 0.000000 0.000000"
				           >
					<Transform DEF="group_51_ifs_TRANSFORM"
					           translation="0.000000 0.000000 0.000000"
					           scale="1.000000 1.000000 1.000000"
					           rotation="0.000000 1.000000 0.000000 0.000000"
					           >
						<Group DEF="group_ME_ID499">
							<Shape>
								<Appearance>
									<Material USE="MA_material_022" />
								</Appearance>
								<IndexedFaceSet solid="false"
								                coordIndex="0 1 2 -1 1 0 3 -1 4 5 6 -1 5 4 7 -1 7 4 8 -1 8 4 9 -1 9 4 10 -1 10 4 11 -1 11 4 12 -1 13 7 8 -1 14 15 16 -1 15 14 17 -1 18 19 20 -1 21 22 23 -1 22 21 20 -1 22 20 19 -1 22 19 24 -1 22 24 25 -1 22 25 26 -1 22 26 27 -1 28 29 30 -1 29 28 31 -1 32 33 34 -1 33 32 35 -1 36 37 38 -1 37 36 39 -1 40 41 42 -1 41 40 43 -1 44 45 46 -1 45 44 47 -1 48 49 50 -1 49 48 51 -1 52 53 54 -1 53 52 55 -1 56 57 58 -1 57 56 59 -1 57 59 60 -1 61 62 63 -1 62 61 64 -1 65 66 67 -1 66 65 68 -1 69 70 71 -1 "
								                >
									<Coordinate DEF="coords_ME_ID499"
									            point="55.865005 0.000001 8.267716 -0.827905 3.937008 8.267716 -0.827905 0.000000 8.267716 55.865005 3.937009 8.267716 55.865005 0.000001 8.267716 -9.388056 0.000000 0.000000 55.865005 0.000001 -0.000000 -11.671519 0.000000 0.787402 -1.615307 0.000000 5.905512 -1.512908 0.000000 6.500865 -1.242749 0.000000 7.041184 -0.827905 0.000000 7.480315 -0.827905 0.000000 8.267716 -13.718764 0.000000 5.905512 55.865005 0.000001 -0.000000 55.865005 3.937009 8.267716 55.865005 0.000001 8.267716 55.865005 3.937009 0.000000 -13.718764 3.937008 5.905512 -1.615307 3.937008 5.905512 -11.671519 3.937008 0.787402 -9.388056 3.937008 0.000000 55.865005 3.937009 8.267716 55.865005 3.937009 0.000000 -1.512908 3.937008 6.500865 -1.242749 3.937008 7.041184 -0.827905 3.937008 7.480315 -0.827905 3.937008 8.267716 -0.827905 3.937008 8.267716 -0.827905 0.000000 7.480315 -0.827905 0.000000 8.267716 -0.827905 3.937008 7.480315 -0.827905 3.937008 7.480315 -1.242749 0.000000 7.041184 -0.827905 0.000000 7.480315 -1.242749 3.937008 7.041184 -1.242749 3.937008 7.041184 -1.512908 0.000000 6.500865 -1.242749 0.000000 7.041184 -1.512908 3.937008 6.500865 -1.512908 3.937008 6.500865 -1.615307 0.000000 5.905512 -1.512908 0.000000 6.500865 -1.615307 3.937008 5.905512 -1.615307 0.000000 5.905512 -13.718764 3.937008 5.905512 -13.718764 0.000000 5.905512 -1.615307 3.937008 5.905512 -15.394835 1.968504 5.174428 -11.671519 0.000000 0.787402 -13.718764 0.000000 5.905512 -13.640024 1.968504 0.787402 -11.356559 1.968504 0.000000 -11.671519 0.000000 0.787402 -13.640024 1.968504 0.787402 -9.388056 0.000000 0.000000 -9.388056 3.937008 0.000000 -9.388056 0.000000 0.000000 -11.356559 1.968504 0.000000 55.865005 3.937009 0.000000 55.865005 0.000001 -0.000000 -11.671519 3.937008 0.787402 -11.356559 1.968504 0.000000 -13.640024 1.968504 0.787402 -9.388056 3.937008 0.000000 -13.718764 3.937008 5.905512 -13.640024 1.968504 0.787402 -15.394835 1.968504 5.174428 -11.671519 3.937008 0.787402 -13.718764 3.937008 5.905512 -15.394835 1.968504 5.174428 -13.718764 0.000000 5.905512 "
									            />
								</IndexedFaceSet>
							</Shape>
						</Group>
					</Transform>
				</Transform>
				<Transform DEF="instance_59_TRANSFORM"
				           translation="13.385826 4.724396 29.527557"
				           scale="1.000000 1.000000 1.000000"
				           rotation="0.000000 0.000000 1.000000 1.570796"
				           >
					<Transform DEF="instance_59_ifs_TRANSFORM"
					           translation="-0.000006 -0.000003 0.000000"
					           scale="1.000000 1.000000 1.000000"
					           rotation="0.000000 1.000000 0.000000 0.000000"
					           >
						<Group USE="group_ME_ID376_001" />
					</Transform>
				</Transform>
				<Transform DEF="instance_60_TRANSFORM"
				           translation="43.700787 32.283478 18.897644"
				           scale="1.000000 1.000000 1.000000"
				           rotation="0.000000 1.000000 0.000000 0.000000"
				           >
					<Transform DEF="instance_60_ifs_TRANSFORM"
					           translation="0.000000 0.000000 0.000000"
					           scale="1.000000 1.000000 1.000000"
					           rotation="0.000000 1.000000 0.000000 0.000000"
					           >
						<Group USE="group_ME_ID148_003" />
					</Transform>
				</Transform>
				<Transform DEF="instance_61_TRANSFORM"
				           translation="20.078735 25.984253 27.165359"
				           scale="1.000000 1.000000 1.000000"
				           rotation="0.000000 1.000000 0.000000 0.000000"
				           >
					<Transform DEF="instance_61_ifs_TRANSFORM"
					           translation="0.000000 0.000000 0.000000"
					           scale="1.000000 1.000000 1.000000"
					           rotation="0.000000 1.000000 0.000000 0.000000"
					           >
						<Group USE="group_ME_ID148_003" />
					</Transform>
				</Transform>
				<Transform DEF="instance_62_TRANSFORM"
				           translation="20.078735 5.511810 27.165359"
				           scale="1.000000 1.000000 1.000000"
				           rotation="0.000000 1.000000 0.000000 0.000000"
				           >
					<Transform DEF="instance_62_ifs_TRANSFORM"
					           translation="0.000000 0.000000 0.000000"
					           scale="1.000000 1.000000 1.000000"
					           rotation="0.000000 1.000000 0.000000 0.000000"
					           >
						<Group USE="group_ME_ID148_003" />
					</Transform>
				</Transform>
				<Transform DEF="instance_63_TRANSFORM"
				           translation="38.188976 22.440948 18.897644"
				           scale="1.000000 1.000000 1.000000"
				           rotation="-0.000000 -0.000000 -1.000000 3.141593"
				           >
					<Transform DEF="instance_63_ifs_TRANSFORM"
					           translation="0.000002 -0.000005 0.000000"
					           scale="1.000000 1.000000 1.000000"
					           rotation="0.000000 1.000000 0.000000 0.000000"
					           >
						<Group USE="group_ME_ID387" />
					</Transform>
				</Transform>
				<Transform DEF="instance_64_TRANSFORM"
				           translation="43.700787 0.000000 18.897644"
				           scale="1.000000 1.000000 1.000000"
				           rotation="0.000000 1.000000 0.000000 0.000000"
				           >
					<Transform DEF="instance_64_ifs_TRANSFORM"
					           translation="0.000000 0.000000 0.000000"
					           scale="1.000000 1.000000 1.000000"
					           rotation="0.000000 1.000000 0.000000 0.000000"
					           >
						<Group USE="group_ME_ID148_003" />
					</Transform>
				</Transform>
				<Transform DEF="instance_65_TRANSFORM"
				           translation="43.700787 26.377960 10.629913"
				           scale="1.000000 1.000000 1.000000"
				           rotation="0.000000 1.000000 0.000000 0.000000"
				           >
					<Transform DEF="instance_65_ifs_TRANSFORM"
					           translation="0.000000 0.000000 0.000000"
					           scale="1.000000 1.000000 1.000000"
					           rotation="0.000000 1.000000 0.000000 0.000000"
					           >
						<Group USE="group_ME_ID148_003" />
					</Transform>
				</Transform>
				<Transform DEF="instance_66_TRANSFORM"
				           translation="20.078735 15.354340 18.897644"
				           scale="1.000000 1.000000 1.000000"
				           rotation="0.000000 1.000000 0.000000 0.000000"
				           >
					<Transform DEF="instance_66_ifs_TRANSFORM"
					           translation="0.000000 0.000000 0.000000"
					           scale="1.000000 1.000000 1.000000"
					           rotation="0.000000 1.000000 0.000000 0.000000"
					           >
						<Group USE="group_ME_ID138_004" />
					</Transform>
				</Transform>
				<Transform DEF="instance_67_TRANSFORM"
				           translation="8.267715 3.937012 35.433075"
				           scale="1.000000 1.000000 1.000000"
				           rotation="0.000000 1.000000 0.000000 0.000000"
				           >
					<Transform DEF="instance_67_ifs_TRANSFORM"
					           translation="0.000000 0.000000 0.000000"
					           scale="1.000000 1.000000 1.000000"
					           rotation="0.000000 1.000000 0.000000 0.000000"
					           >
						<Group USE="group_ME_ID148_003" />
					</Transform>
				</Transform>
				<Transform DEF="instance_68_TRANSFORM"
				           translation="8.267715 28.346466 35.433075"
				           scale="1.000000 1.000000 1.000000"
				           rotation="0.000000 1.000000 0.000000 0.000000"
				           >
					<Transform DEF="instance_68_ifs_TRANSFORM"
					           translation="0.000000 0.000000 0.000000"
					           scale="1.000000 1.000000 1.000000"
					           rotation="0.000000 1.000000 0.000000 0.000000"
					           >
						<Group USE="group_ME_ID148_003" />
					</Transform>
				</Transform>
				<Transform DEF="instance_69_TRANSFORM"
				           translation="33.070862 30.708649 12.992126"
				           scale="1.000000 1.000000 1.000000"
				           rotation="0.000000 0.000000 -1.000000 1.570796"
				           >
					<Transform DEF="instance_69_ifs_TRANSFORM"
					           translation="-0.000005 -0.000001 0.000000"
					           scale="1.000000 1.000000 1.000000"
					           rotation="0.000000 1.000000 0.000000 0.000000"
					           >
						<Group USE="group_ME_ID400_002" />
					</Transform>
				</Transform>
				<Transform DEF="instance_70_TRANSFORM"
				           translation="20.866142 16.929138 12.992126"
				           scale="1.000000 1.000000 1.000000"
				           rotation="0.000000 1.000000 0.000000 0.000000"
				           >
					<Transform DEF="instance_70_ifs_TRANSFORM"
					           translation="0.000000 0.000000 0.000000"
					           scale="1.000000 1.000000 1.000000"
					           rotation="0.000000 1.000000 0.000000 0.000000"
					           >
						<Group USE="group_ME_ID408_001" />
					</Transform>
				</Transform>
				<Transform DEF="instance_71_TRANSFORM"
				           translation="9.055115 16.929138 21.259842"
				           scale="1.000000 1.000000 1.000000"
				           rotation="0.000000 1.000000 0.000000 0.000000"
				           >
					<Transform DEF="instance_71_ifs_TRANSFORM"
					           translation="0.000000 0.000000 0.000000"
					           scale="1.000000 1.000000 1.000000"
					           rotation="0.000000 1.000000 0.000000 0.000000"
					           >
						<Group USE="group_ME_ID416_001" />
					</Transform>
				</Transform>
				<Transform DEF="instance_72_TRANSFORM"
				           translation="31.889763 5.511810 18.897644"
				           scale="1.000000 1.000000 1.000000"
				           rotation="0.000000 1.000000 0.000000 0.000000"
				           >
					<Transform DEF="instance_72_ifs_TRANSFORM"
					           translation="0.000000 0.000000 0.000000"
					           scale="1.000000 1.000000 1.000000"
					           rotation="0.000000 1.000000 0.000000 0.000000"
					           >
						<Group USE="group_ME_ID148_003" />
					</Transform>
				</Transform>
				<Transform DEF="instance_73_TRANSFORM"
				           translation="8.267715 15.354340 35.433075"
				           scale="1.000000 1.000000 1.000000"
				           rotation="0.000000 1.000000 0.000000 0.000000"
				           >
					<Transform DEF="instance_73_ifs_TRANSFORM"
					           translation="0.000000 0.000000 0.000000"
					           scale="1.000000 1.000000 1.000000"
					           rotation="0.000000 1.000000 0.000000 0.000000"
					           >
						<Group USE="group_ME_ID138_004" />
					</Transform>
				</Transform>
				<Transform DEF="instance_74_TRANSFORM"
				           translation="31.889763 25.984253 18.897644"
				           scale="1.000000 1.000000 1.000000"
				           rotation="0.000000 1.000000 0.000000 0.000000"
				           >
					<Transform DEF="instance_74_ifs_TRANSFORM"
					           translation="0.000000 0.000000 0.000000"
					           scale="1.000000 1.000000 1.000000"
					           rotation="0.000000 1.000000 0.000000 0.000000"
					           >
						<Group USE="group_ME_ID148_003" />
					</Transform>
				</Transform>
				<Transform DEF="instance_75_TRANSFORM"
				           translation="32.677170 16.929138 4.724411"
				           scale="1.000000 1.000000 1.000000"
				           rotation="0.000000 1.000000 0.000000 0.000000"
				           >
					<Transform DEF="instance_75_ifs_TRANSFORM"
					           translation="0.000000 0.000000 0.000000"
					           scale="1.000000 1.000000 1.000000"
					           rotation="0.000000 1.000000 0.000000 0.000000"
					           >
						<Group USE="group_ME_ID427" />
					</Transform>
				</Transform>
				<Transform DEF="instance_76_TRANSFORM"
				           translation="53.149605 25.196838 0.000000"
				           scale="1.000000 1.000000 1.000000"
				           rotation="0.000000 0.000000 1.000000 3.141593"
				           >
					<Transform DEF="instance_76_ifs_TRANSFORM"
					           translation="-0.000001 0.000004 0.000000"
					           scale="1.000000 1.000000 1.000000"
					           rotation="0.000000 1.000000 0.000000 0.000000"
					           >
						<Group USE="group_ME_ID435_001" />
					</Transform>
				</Transform>
				<Transform DEF="instance_77_TRANSFORM"
				           translation="31.889763 32.283478 27.165359"
				           scale="1.000000 1.000000 1.000000"
				           rotation="0.000000 1.000000 0.000000 0.000000"
				           >
					<Transform DEF="instance_77_ifs_TRANSFORM"
					           translation="0.000000 0.000000 0.000000"
					           scale="1.000000 1.000000 1.000000"
					           rotation="0.000000 1.000000 0.000000 0.000000"
					           >
						<Group USE="group_ME_ID148_003" />
					</Transform>
				</Transform>
				<Transform DEF="instance_78_TRANSFORM"
				           translation="21.259842 30.708649 21.259842"
				           scale="1.000000 1.000000 1.000000"
				           rotation="0.000000 0.000000 -1.000000 1.570796"
				           >
					<Transform DEF="instance_78_ifs_TRANSFORM"
					           translation="-0.000006 -0.000001 0.000000"
					           scale="1.000000 1.000000 1.000000"
					           rotation="0.000000 1.000000 0.000000 0.000000"
					           >
						<Group USE="group_ME_ID400_002" />
					</Transform>
				</Transform>
				<Transform DEF="instance_79_TRANSFORM"
				           translation="43.700787 5.905518 10.629913"
				           scale="1.000000 1.000000 1.000000"
				           rotation="0.000000 1.000000 0.000000 0.000000"
				           >
					<Transform DEF="instance_79_ifs_TRANSFORM"
					           translation="0.000000 0.000000 0.000000"
					           scale="1.000000 1.000000 1.000000"
					           rotation="0.000000 1.000000 0.000000 0.000000"
					           >
						<Group USE="group_ME_ID148_003" />
					</Transform>
				</Transform>
				<Transform DEF="instance_80_TRANSFORM"
				           translation="31.889763 15.354340 10.629913"
				           scale="1.000000 1.000000 1.000000"
				           rotation="0.000000 1.000000 0.000000 0.000000"
				           >
					<Transform DEF="instance_80_ifs_TRANSFORM"
					           translation="0.000000 0.000000 0.000000"
					           scale="1.000000 1.000000 1.000000"
					           rotation="0.000000 1.000000 0.000000 0.000000"
					           >
						<Group USE="group_ME_ID138_004" />
					</Transform>
				</Transform>
				<Transform DEF="instance_81_TRANSFORM"
				           translation="33.070862 37.007874 21.259842"
				           scale="1.000000 1.000000 1.000000"
				           rotation="0.000000 0.000000 -1.000000 1.570796"
				           >
					<Transform DEF="instance_81_ifs_TRANSFORM"
					           translation="-0.000005 -0.000000 0.000000"
					           scale="1.000000 1.000000 1.000000"
					           rotation="0.000000 1.000000 0.000000 0.000000"
					           >
						<Group USE="group_ME_ID447_002" />
					</Transform>
				</Transform>
				<Transform DEF="instance_82_TRANSFORM"
				           translation="31.889763 0.000000 27.165359"
				           scale="1.000000 1.000000 1.000000"
				           rotation="0.000000 1.000000 0.000000 0.000000"
				           >
					<Transform DEF="instance_82_ifs_TRANSFORM"
					           translation="0.000000 0.000000 0.000000"
					           scale="1.000000 1.000000 1.000000"
					           rotation="0.000000 1.000000 0.000000 0.000000"
					           >
						<Group USE="group_ME_ID148_003" />
					</Transform>
				</Transform>
				<Transform DEF="instance_83_TRANSFORM"
				           translation="8.267715 15.354340 27.165359"
				           scale="1.000000 1.000000 1.000000"
				           rotation="0.000000 1.000000 0.000000 0.000000"
				           >
					<Transform DEF="instance_83_ifs_TRANSFORM"
					           translation="0.000000 0.000000 0.000000"
					           scale="1.000000 1.000000 1.000000"
					           rotation="0.000000 1.000000 0.000000 0.000000"
					           >
						<Group USE="group_ME_ID138_004" />
					</Transform>
				</Transform>
				<Transform DEF="instance_84_TRANSFORM"
				           translation="20.078735 32.283478 35.433075"
				           scale="1.000000 1.000000 1.000000"
				           rotation="0.000000 1.000000 0.000000 0.000000"
				           >
					<Transform DEF="instance_84_ifs_TRANSFORM"
					           translation="0.000000 0.000000 0.000000"
					           scale="1.000000 1.000000 1.000000"
					           rotation="0.000000 1.000000 0.000000 0.000000"
					           >
						<Group USE="group_ME_ID148_003" />
					</Transform>
				</Transform>
				<Transform DEF="instance_85_TRANSFORM"
				           translation="21.259842 37.007874 29.527557"
				           scale="1.000000 1.000000 1.000000"
				           rotation="0.000000 0.000000 -1.000000 1.570796"
				           >
					<Transform DEF="instance_85_ifs_TRANSFORM"
					           translation="-0.000006 -0.000000 0.000000"
					           scale="1.000000 1.000000 1.000000"
					           rotation="0.000000 1.000000 0.000000 0.000000"
					           >
						<Group USE="group_ME_ID447_002" />
					</Transform>
				</Transform>
				<Transform DEF="instance_86_TRANSFORM"
				           translation="20.078735 0.000000 35.433075"
				           scale="1.000000 1.000000 1.000000"
				           rotation="0.000000 1.000000 0.000000 0.000000"
				           >
					<Transform DEF="instance_86_ifs_TRANSFORM"
					           translation="0.000000 0.000000 0.000000"
					           scale="1.000000 1.000000 1.000000"
					           rotation="0.000000 1.000000 0.000000 0.000000"
					           >
						<Group USE="group_ME_ID148_003" />
					</Transform>
				</Transform>
				<Transform DEF="instance_87_TRANSFORM"
				           translation="43.700787 16.141724 35.433075"
				           scale="1.000000 1.000000 1.000000"
				           rotation="0.000000 1.000000 0.000000 0.000000"
				           >
					<Transform DEF="instance_87_ifs_TRANSFORM"
					           translation="0.000000 0.000000 0.000000"
					           scale="1.000000 1.000000 1.000000"
					           rotation="0.000000 1.000000 0.000000 0.000000"
					           >
						<Group USE="group_ME_ID148_003" />
					</Transform>
				</Transform>
			</Transform>
			<Transform DEF="group_52_TRANSFORM"
			           translation="-17.629507 425.196289 151.551620"
			           scale="1.000000 1.000000 1.000000"
			           rotation="0.000000 0.000000 -1.000000 1.570796"
			           >
				<Transform DEF="group_53_TRANSFORM"
				           translation="44.881897 6.692913 4.724411"
				           scale="1.000000 1.000000 1.000000"
				           rotation="0.000000 1.000000 0.000000 0.000000"
				           >
					<Transform DEF="group_41_002_TRANSFORM"
					           translation="1.181091 7.874016 5.905518"
					           scale="1.000000 1.000000 1.000000"
					           rotation="0.000000 1.000000 0.000000 0.000000"
					           >
						<Transform DEF="group_41_002_ifs_TRANSFORM"
						           translation="-0.000000 0.000000 0.000000"
						           scale="1.000000 1.000000 1.000000"
						           rotation="0.000000 1.000000 0.000000 0.000000"
						           >
							<Group DEF="group_ME_ID537">
								<Shape>
									<Appearance>
										<Material USE="MA_material_022" />
									</Appearance>
									<IndexedFaceSet solid="false"
									                coordIndex="0 1 2 -1 1 0 3 -1 4 5 6 -1 5 4 7 -1 7 8 5 -1 8 7 9 -1 8 9 10 -1 11 12 13 -1 12 11 14 -1 15 16 17 -1 16 15 18 -1 18 15 19 -1 19 15 20 -1 21 16 18 -1 22 23 24 -1 23 22 25 -1 26 27 28 -1 27 26 29 -1 30 31 32 -1 31 30 33 -1 34 35 36 -1 35 34 37 -1 38 39 40 -1 39 38 41 -1 "
									                >
										<Coordinate DEF="coords_ME_ID537"
										            point="0.000000 12.598426 0.000000 1.574803 12.496026 0.595353 1.574803 12.598425 0.000000 0.000000 12.496026 0.595353 0.000000 11.811023 2.362205 0.000000 5.905512 0.000000 0.000000 5.905512 2.362205 0.000000 11.811023 1.574803 0.000000 12.598426 0.000000 0.000000 12.225867 1.135672 0.000000 12.496026 0.595353 0.000000 12.496026 0.595353 1.574803 12.225867 1.135672 1.574803 12.496026 0.595353 0.000000 12.225867 1.135672 1.574803 12.598425 0.000000 1.574803 5.905512 2.362205 1.574803 5.905512 0.000000 1.574803 11.811023 1.574803 1.574803 12.225867 1.135672 1.574803 12.496026 0.595353 1.574803 11.811023 2.362205 1.574803 12.598425 0.000000 0.000000 5.905512 0.000000 0.000000 12.598426 0.000000 1.574803 5.905512 0.000000 0.000000 5.905512 2.362205 1.574803 11.811023 2.362205 0.000000 11.811023 2.362205 1.574803 5.905512 2.362205 0.000000 11.811023 1.574803 1.574803 11.811023 2.362205 1.574803 11.811023 1.574803 0.000000 11.811023 2.362205 0.000000 12.225867 1.135672 1.574803 11.811023 1.574803 1.574803 12.225867 1.135672 0.000000 11.811023 1.574803 1.574803 5.905512 2.362205 0.000000 5.905512 0.000000 1.574803 5.905512 0.000000 0.000000 5.905512 2.362205 "
										            />
									</IndexedFaceSet>
								</Shape>
							</Group>
						</Transform>
					</Transform>
					<Transform DEF="group_42_002_TRANSFORM"
					           translation="1.181092 16.535433 5.905518"
					           scale="-1.000000 -1.000000 -1.000000"
					           rotation="-0.000000 1.000000 -0.000000 3.141593"
					           >
						<Transform DEF="group_42_002_ifs_TRANSFORM"
						           translation="0.000015 -0.000000 0.000003"
						           scale="1.000000 1.000000 1.000000"
						           rotation="0.000000 1.000000 0.000000 0.000000"
						           >
							<Group DEF="group_ME_ID544">
								<Shape>
									<Appearance>
										<Material USE="MA_material_022" />
									</Appearance>
									<IndexedFaceSet solid="false"
									                coordIndex="0 1 2 -1 3 2 1 -1 4 5 6 -1 5 7 6 -1 8 6 7 -1 7 9 8 -1 10 8 9 -1 11 12 13 -1 14 13 12 -1 15 16 17 -1 18 19 20 -1 20 19 15 -1 15 19 16 -1 21 16 19 -1 22 23 24 -1 25 24 23 -1 26 27 28 -1 29 28 27 -1 30 31 32 -1 33 32 31 -1 34 35 36 -1 37 36 35 -1 38 39 40 -1 41 40 39 -1 "
									                >
										<Coordinate DEF="coords_ME_ID544"
										            point="0.000000 12.496026 0.595353 0.000000 12.598426 0.000000 1.574803 12.496026 0.595353 1.574803 12.598425 0.000000 0.000000 12.496026 0.595353 0.000000 12.225867 1.135672 0.000000 12.598426 0.000000 0.000000 11.811023 1.574803 0.000000 5.905512 0.000000 0.000000 11.811023 2.362205 0.000000 5.905512 2.362205 0.000000 12.225867 1.135672 0.000000 12.496026 0.595353 1.574803 12.225867 1.135672 1.574803 12.496026 0.595353 1.574803 11.811023 1.574803 1.574803 5.905512 2.362205 1.574803 11.811023 2.362205 1.574803 12.496026 0.595353 1.574803 12.598425 0.000000 1.574803 12.225867 1.135672 1.574803 5.905512 0.000000 1.574803 5.905512 0.000000 1.574803 12.598425 0.000000 0.000000 5.905512 0.000000 0.000000 12.598426 0.000000 1.574803 5.905512 2.362205 0.000000 5.905512 2.362205 1.574803 11.811023 2.362205 0.000000 11.811023 2.362205 0.000000 11.811023 2.362205 0.000000 11.811023 1.574803 1.574803 11.811023 2.362205 1.574803 11.811023 1.574803 0.000000 11.811023 1.574803 0.000000 12.225867 1.135672 1.574803 11.811023 1.574803 1.574803 12.225867 1.135672 0.000000 5.905512 2.362205 1.574803 5.905512 2.362205 0.000000 5.905512 0.000000 1.574803 5.905512 0.000000 "
										            />
									</IndexedFaceSet>
								</Shape>
							</Group>
						</Transform>
					</Transform>
					<Transform DEF="instance_29_002_TRANSFORM"
					           translation="0.000001 24.409449 0.000000"
					           scale="1.000000 1.000000 1.000000"
					           rotation="0.000000 0.000000 -1.000000 1.570796"
					           >
						<Transform DEF="instance_29_002_ifs_TRANSFORM"
						           translation="-0.000000 0.000002 0.000000"
						           scale="1.000000 1.000000 1.000000"
						           rotation="0.000000 1.000000 0.000000 0.000000"
						           >
							<Group USE="group_ME_ID339_001" />
						</Transform>
					</Transform>
				</Transform>
				<Transform DEF="group_54_TRANSFORM"
				           translation="44.881897 0.787401 12.992126"
				           scale="1.000000 1.000000 1.000000"
				           rotation="0.000000 1.000000 0.000000 0.000000"
				           >
					<Transform DEF="group_44_002_TRANSFORM"
					           translation="0.000001 36.220470 0.000000"
					           scale="1.000000 1.000000 1.000000"
					           rotation="0.000000 0.000000 -1.000000 1.570796"
					           >
						<Transform DEF="group_44_002_ifs_TRANSFORM"
						           translation="-0.000000 0.000003 0.000000"
						           scale="1.000000 1.000000 1.000000"
						           rotation="0.000000 1.000000 0.000000 0.000000"
						           >
							<Group DEF="group_ME_ID553">
								<Shape>
									<Appearance>
										<Material USE="MA_material_022" />
									</Appearance>
									<IndexedFaceSet solid="false"
									                coordIndex="0 1 2 -1 1 0 3 -1 4 5 6 -1 5 4 7 -1 7 4 8 -1 8 4 9 -1 10 11 12 -1 11 10 13 -1 13 10 14 -1 13 14 15 -1 15 14 16 -1 15 16 17 -1 17 16 18 -1 17 18 19 -1 17 19 20 -1 17 20 21 -1 18 16 6 -1 18 6 5 -1 21 20 22 -1 15 23 24 -1 23 15 17 -1 24 23 25 -1 25 23 26 -1 26 23 27 -1 27 23 28 -1 24 25 29 -1 27 28 30 -1 29 31 32 -1 31 29 25 -1 32 31 33 -1 32 33 34 -1 32 34 35 -1 36 37 38 -1 37 36 39 -1 40 41 42 -1 41 40 43 -1 43 40 44 -1 43 44 45 -1 45 44 46 -1 45 46 47 -1 1 48 2 -1 48 1 49 -1 50 51 52 -1 51 50 53 -1 54 55 56 -1 55 54 57 -1 55 57 58 -1 58 57 51 -1 58 51 59 -1 59 51 53 -1 56 60 61 -1 60 56 55 -1 62 63 64 -1 63 62 65 -1 65 66 63 -1 66 65 67 -1 66 68 69 -1 68 66 67 -1 48 70 71 -1 70 48 49 -1 72 73 74 -1 73 72 75 -1 76 77 78 -1 77 76 79 -1 80 81 82 -1 81 80 83 -1 84 85 86 -1 85 84 87 -1 88 89 90 -1 89 88 91 -1 92 93 94 -1 93 92 95 -1 96 97 98 -1 97 96 99 -1 100 101 102 -1 101 100 103 -1 104 105 106 -1 105 104 107 -1 108 109 110 -1 109 108 111 -1 112 113 114 -1 113 112 115 -1 116 117 118 -1 117 116 119 -1 119 116 120 -1 119 120 121 -1 121 122 119 -1 122 121 123 -1 122 124 125 -1 124 122 123 -1 124 123 126 -1 124 126 127 -1 128 129 130 -1 129 128 131 -1 129 132 133 -1 132 129 131 -1 134 132 135 -1 132 134 133 -1 136 137 138 -1 137 136 139 -1 140 141 142 -1 141 140 143 -1 140 144 145 -1 144 140 142 -1 145 146 147 -1 146 145 144 -1 148 149 150 -1 149 148 151 -1 152 153 154 -1 153 152 155 -1 156 157 158 -1 157 156 159 -1 160 161 162 -1 161 160 163 -1 164 165 166 -1 165 164 167 -1 167 164 168 -1 167 168 169 -1 169 168 170 -1 169 170 171 -1 172 173 174 -1 173 172 175 -1 176 177 178 -1 177 176 179 -1 179 176 180 -1 180 176 181 -1 182 183 184 -1 183 182 185 -1 185 182 186 -1 185 186 187 -1 187 186 188 -1 187 188 189 -1 189 188 190 -1 189 190 191 -1 189 191 192 -1 189 192 193 -1 190 188 178 -1 190 178 177 -1 193 192 194 -1 187 195 196 -1 195 187 189 -1 196 195 197 -1 197 195 198 -1 198 195 199 -1 199 195 200 -1 196 197 201 -1 199 200 202 -1 201 203 204 -1 203 201 197 -1 204 203 205 -1 204 205 206 -1 204 206 207 -1 208 209 210 -1 209 208 211 -1 211 208 212 -1 211 212 213 -1 213 212 214 -1 213 214 215 -1 216 217 218 -1 217 216 219 -1 220 221 222 -1 221 220 223 -1 223 220 224 -1 223 224 225 -1 225 224 226 -1 225 226 227 -1 228 229 230 -1 229 228 231 -1 163 232 161 -1 232 163 233 -1 232 234 235 -1 234 232 233 -1 236 237 238 -1 237 236 239 -1 240 241 242 -1 241 240 243 -1 241 172 242 -1 172 241 175 -1 244 231 228 -1 231 244 245 -1 244 246 245 -1 246 244 247 -1 248 249 250 -1 249 248 251 -1 252 253 254 -1 253 252 255 -1 217 253 255 -1 253 217 219 -1 "
									                >
										<Coordinate DEF="coords_ME_ID553"
										            point="5.118110 0.000000 4.724409 4.527559 0.393701 4.882647 4.527559 0.000000 4.882647 5.118110 0.393701 4.724409 36.220470 0.000000 5.905512 31.102362 0.000000 4.724409 36.220470 0.000000 3.543307 31.692911 0.000000 4.882647 32.125229 0.000000 5.314961 32.283466 0.000000 5.905512 33.385826 0.000000 0.354331 4.724409 0.000000 0.000000 31.496063 0.000000 0.000000 2.834646 0.000000 0.354331 34.803150 0.000000 1.062992 1.417323 0.000000 1.062992 35.748028 0.000000 2.125984 19.685040 0.000000 1.968504 21.259842 0.000000 4.724409 20.669291 0.000000 4.882647 20.236977 0.000000 5.314961 19.685040 0.000000 5.905512 20.078739 0.000000 5.905512 16.535433 0.000000 1.968504 0.472441 0.000000 2.125984 14.960629 0.000000 4.724409 15.551181 0.000000 4.882647 15.983494 0.000000 5.314961 16.535433 0.000000 5.905512 0.000000 0.000000 3.543307 16.141733 0.000000 5.905512 5.118110 0.000000 4.724409 0.000000 0.000000 5.905512 4.527559 0.000000 4.882647 4.095246 0.000000 5.314961 3.937008 0.000000 5.905512 14.960629 0.000000 4.724409 5.118110 0.393701 4.724409 5.118110 0.000000 4.724409 14.960629 0.393701 4.724409 15.551181 0.393701 4.882647 5.118110 0.393701 4.724409 14.960629 0.393701 4.724409 4.527559 0.393701 4.882647 15.983494 0.393701 5.314961 4.095245 0.393701 5.314961 16.141733 0.393701 5.905512 3.937008 0.393701 5.905512 4.095246 0.000000 5.314961 4.095245 0.393701 5.314961 16.535433 0.000000 5.905512 16.141733 0.393701 5.905512 16.141733 0.000000 5.905512 16.535433 3.937008 5.905512 3.937008 0.000000 5.905512 3.937008 3.543307 5.905511 0.000000 0.000000 5.905512 3.937008 0.393701 5.905512 16.141733 3.543307 5.905511 16.141733 3.937008 5.905512 3.937008 3.937008 5.905512 0.000000 3.937008 5.905512 16.141733 0.393701 5.905512 15.983494 0.000000 5.314961 16.141733 0.000000 5.905512 15.983494 0.393701 5.314961 15.551181 0.000000 4.882647 15.551181 0.393701 4.882647 14.960629 0.393701 4.724409 14.960629 0.000000 4.724409 3.937008 0.393701 5.905512 3.937008 0.000000 5.905512 0.000000 3.937008 5.905512 0.000000 0.000000 3.543307 0.000000 0.000000 5.905512 0.000000 3.937008 3.543307 0.000000 0.000000 3.543307 0.472441 3.937008 2.125984 0.472441 0.000000 2.125984 0.000000 3.937008 3.543307 0.472441 0.000000 2.125984 1.417323 3.937008 1.062992 1.417323 0.000000 1.062992 0.472441 3.937008 2.125984 2.834646 3.937008 0.354331 1.417323 0.000000 1.062992 1.417323 3.937008 1.062992 2.834646 0.000000 0.354331 4.724409 3.937008 0.000000 2.834646 0.000000 0.354331 2.834646 3.937008 0.354331 4.724409 0.000000 0.000000 31.496063 3.937008 0.000000 4.724409 0.000000 0.000000 4.724409 3.937008 0.000000 31.496063 0.000000 0.000000 33.385826 3.937008 0.354331 31.496063 0.000000 0.000000 31.496063 3.937008 0.000000 33.385826 0.000000 0.354331 34.803150 3.937008 1.062992 33.385826 0.000000 0.354331 33.385826 3.937008 0.354331 34.803150 0.000000 1.062992 34.803150 3.937008 1.062992 35.748028 0.000000 2.125984 34.803150 0.000000 1.062992 35.748028 3.937008 2.125984 35.748028 3.937008 2.125984 36.220470 0.000000 3.543307 35.748028 0.000000 2.125984 36.220470 3.937008 3.543307 36.220470 3.937008 3.543307 36.220470 0.000000 5.905512 36.220470 0.000000 3.543307 36.220470 3.937008 5.905512 19.685040 0.000000 5.905512 20.078739 3.937008 5.905512 19.685040 3.937008 5.905512 20.078739 3.543307 5.905511 20.078739 0.000000 5.905512 20.078739 0.393701 5.905512 32.283466 3.543307 5.905511 32.283466 0.393701 5.905512 36.220470 3.937008 5.905512 32.283466 3.937008 5.905512 32.283466 0.000000 5.905512 36.220470 0.000000 5.905512 32.283466 0.393701 5.905512 32.125229 0.000000 5.314961 32.283466 0.000000 5.905512 32.125229 0.393701 5.314961 31.692911 0.393701 4.882647 31.692911 0.000000 4.882647 31.102362 0.000000 4.724409 31.102362 0.393701 4.724409 21.259842 0.000000 4.724409 31.102362 0.393701 4.724409 21.259842 0.393701 4.724409 31.102362 0.000000 4.724409 20.669291 0.000000 4.882647 21.259842 0.393701 4.724409 20.669291 0.393701 4.882647 21.259842 0.000000 4.724409 20.236977 0.393701 5.314961 20.236977 0.000000 5.314961 20.078739 0.393701 5.905512 20.078739 0.000000 5.905512 19.685040 3.937008 5.905512 19.685040 0.000000 1.968504 19.685040 0.000000 5.905512 19.685040 3.937008 1.968504 16.535433 0.000000 1.968504 19.685040 3.937008 1.968504 16.535433 3.937008 1.968504 19.685040 0.000000 1.968504 16.535433 3.937008 1.968504 16.535433 0.000000 5.905512 16.535433 0.000000 1.968504 16.535433 3.937008 5.905512 16.141733 3.937008 5.905512 15.983494 3.543307 5.314961 16.141733 3.543307 5.905511 15.983494 3.937008 5.314961 4.527559 3.543307 4.882647 14.960629 3.543307 4.724409 5.118110 3.543307 4.724409 15.551181 3.543307 4.882647 4.095246 3.543307 5.314961 15.983494 3.543307 5.314961 3.937008 3.543307 5.905511 16.141733 3.543307 5.905511 4.095246 3.543307 5.314961 3.937008 3.937008 5.905512 3.937008 3.543307 5.905511 4.095246 3.937008 5.314961 0.000000 3.937008 5.905512 5.118110 3.937008 4.724409 0.000000 3.937008 3.543307 4.527559 3.937008 4.882647 4.095246 3.937008 5.314961 3.937008 3.937008 5.905512 2.834646 3.937008 0.354331 31.496063 3.937008 0.000000 4.724409 3.937008 0.000000 33.385826 3.937008 0.354331 1.417323 3.937008 1.062992 34.803150 3.937008 1.062992 0.472441 3.937008 2.125984 16.535433 3.937008 1.968504 14.960629 3.937008 4.724409 15.551181 3.937008 4.882647 15.983494 3.937008 5.314961 16.535433 3.937008 5.905512 16.141733 3.937008 5.905512 19.685040 3.937008 1.968504 35.748028 3.937008 2.125984 21.259842 3.937008 4.724409 20.669292 3.937008 4.882647 20.236977 3.937008 5.314961 19.685040 3.937008 5.905512 36.220470 3.937008 3.543307 20.078739 3.937008 5.905512 31.102362 3.937008 4.724409 36.220470 3.937008 5.905512 31.692911 3.937008 4.882647 32.125229 3.937008 5.314961 32.283466 3.937008 5.905512 31.692911 0.393701 4.882647 21.259842 0.393701 4.724409 31.102362 0.393701 4.724409 20.669291 0.393701 4.882647 32.125229 0.393701 5.314961 20.236977 0.393701 5.314961 32.283466 0.393701 5.905512 20.078739 0.393701 5.905512 32.283466 3.937008 5.905512 32.125229 3.543307 5.314961 32.283466 3.543307 5.905511 32.125229 3.937008 5.314961 20.669291 3.543307 4.882647 31.102362 3.543307 4.724409 21.259842 3.543307 4.724409 31.692911 3.543307 4.882647 20.236977 3.543307 5.314961 32.125229 3.543307 5.314961 20.078739 3.543307 5.905511 32.283466 3.543307 5.905511 20.236977 3.543307 5.314961 20.078739 3.937008 5.905512 20.078739 3.543307 5.905511 20.236977 3.937008 5.314961 15.551181 3.543307 4.882647 15.551181 3.937008 4.882647 14.960629 3.937008 4.724409 14.960629 3.543307 4.724409 14.960629 3.543307 4.724409 5.118110 3.937008 4.724409 5.118110 3.543307 4.724409 14.960629 3.937008 4.724409 5.118110 3.543307 4.724409 4.527559 3.937008 4.882647 4.527559 3.543307 4.882647 5.118110 3.937008 4.724409 20.669291 3.543307 4.882647 20.669292 3.937008 4.882647 21.259842 3.937008 4.724409 21.259842 3.543307 4.724409 21.259842 3.543307 4.724409 31.102362 3.937008 4.724409 21.259842 3.937008 4.724409 31.102362 3.543307 4.724409 31.102362 3.543307 4.724409 31.692911 3.937008 4.882647 31.102362 3.937008 4.724409 31.692911 3.543307 4.882647 "
										            />
									</IndexedFaceSet>
								</Shape>
							</Group>
						</Transform>
					</Transform>
					<Transform DEF="group_45_002_TRANSFORM"
					           translation="1.181092 19.685040 5.905518"
					           scale="1.000000 1.000000 1.000000"
					           rotation="0.000000 1.000000 0.000000 0.000000"
					           >
						<Transform DEF="group_45_002_ifs_TRANSFORM"
						           translation="0.000000 0.000000 0.000000"
						           scale="1.000000 1.000000 1.000000"
						           rotation="0.000000 1.000000 0.000000 0.000000"
						           >
							<Group DEF="group_ME_ID560">
								<Shape>
									<Appearance>
										<Material USE="MA_material_022" />
									</Appearance>
									<IndexedFaceSet solid="false"
									                coordIndex="0 1 2 -1 1 0 3 -1 4 5 6 -1 5 4 7 -1 7 8 5 -1 8 7 9 -1 8 9 10 -1 11 12 13 -1 12 11 14 -1 15 16 17 -1 16 15 18 -1 18 15 19 -1 19 15 20 -1 21 16 18 -1 22 23 24 -1 23 22 25 -1 26 27 28 -1 27 26 29 -1 30 31 32 -1 31 30 33 -1 34 35 36 -1 35 34 37 -1 38 39 40 -1 39 38 41 -1 "
									                >
										<Coordinate DEF="coords_ME_ID560"
										            point="0.000000 12.598426 0.000000 1.574803 12.496026 0.595353 1.574803 12.598425 0.000000 0.000000 12.496026 0.595353 0.000000 11.811023 2.362205 0.000000 0.000000 0.000000 0.000000 0.000000 2.362205 0.000000 11.811023 1.574803 0.000000 12.598426 0.000000 0.000000 12.225867 1.135672 0.000000 12.496026 0.595353 0.000000 12.496026 0.595353 1.574803 12.225867 1.135672 1.574803 12.496026 0.595353 0.000000 12.225867 1.135672 1.574803 12.598425 0.000000 1.574803 0.000000 2.362205 1.574803 0.000000 0.000000 1.574803 11.811023 1.574803 1.574803 12.225867 1.135672 1.574803 12.496026 0.595353 1.574803 11.811023 2.362205 1.574803 12.598425 0.000000 0.000000 0.000000 0.000000 0.000000 12.598426 0.000000 1.574803 0.000000 0.000000 0.000000 0.000000 2.362205 1.574803 11.811023 2.362205 0.000000 11.811023 2.362205 1.574803 0.000000 2.362205 0.000000 11.811023 1.574803 1.574803 11.811023 2.362205 1.574803 11.811023 1.574803 0.000000 11.811023 2.362205 0.000000 12.225867 1.135672 1.574803 11.811023 1.574803 1.574803 12.225867 1.135672 0.000000 11.811023 1.574803 1.574803 0.000000 2.362205 0.000000 0.000000 0.000000 1.574803 0.000000 0.000000 0.000000 0.000000 2.362205 "
										            />
									</IndexedFaceSet>
								</Shape>
							</Group>
						</Transform>
					</Transform>
					<Transform DEF="group_46_002_TRANSFORM"
					           translation="1.181091 16.535433 5.905518"
					           scale="-1.000000 -1.000000 -1.000000"
					           rotation="-0.000000 1.000000 -0.000000 3.141593"
					           >
						<Transform DEF="group_46_002_ifs_TRANSFORM"
						           translation="0.000015 -0.000000 0.000003"
						           scale="1.000000 1.000000 1.000000"
						           rotation="0.000000 1.000000 0.000000 0.000000"
						           >
							<Group DEF="group_ME_ID567">
								<Shape>
									<Appearance>
										<Material USE="MA_material_022" />
									</Appearance>
									<IndexedFaceSet solid="false"
									                coordIndex="0 1 2 -1 3 2 1 -1 4 5 6 -1 5 7 6 -1 8 6 7 -1 7 9 8 -1 10 8 9 -1 11 12 13 -1 14 13 12 -1 15 16 17 -1 18 19 20 -1 20 19 15 -1 15 19 16 -1 21 16 19 -1 22 23 24 -1 25 24 23 -1 26 27 28 -1 29 28 27 -1 30 31 32 -1 33 32 31 -1 34 35 36 -1 37 36 35 -1 38 39 40 -1 41 40 39 -1 "
									                >
										<Coordinate DEF="coords_ME_ID567"
										            point="0.000000 12.496026 0.595353 0.000000 12.598426 0.000000 1.574803 12.496026 0.595353 1.574803 12.598425 0.000000 0.000000 12.496026 0.595353 0.000000 12.225867 1.135672 0.000000 12.598426 0.000000 0.000000 11.811023 1.574803 0.000000 0.000000 0.000000 0.000000 11.811023 2.362205 0.000000 0.000000 2.362205 0.000000 12.225867 1.135672 0.000000 12.496026 0.595353 1.574803 12.225867 1.135672 1.574803 12.496026 0.595353 1.574803 11.811023 1.574803 1.574803 0.000000 2.362205 1.574803 11.811023 2.362205 1.574803 12.496026 0.595353 1.574803 12.598425 0.000000 1.574803 12.225867 1.135672 1.574803 0.000000 0.000000 1.574803 0.000000 0.000000 1.574803 12.598425 0.000000 0.000000 0.000000 0.000000 0.000000 12.598426 0.000000 1.574803 0.000000 2.362205 0.000000 0.000000 2.362205 1.574803 11.811023 2.362205 0.000000 11.811023 2.362205 0.000000 11.811023 2.362205 0.000000 11.811023 1.574803 1.574803 11.811023 2.362205 1.574803 11.811023 1.574803 0.000000 11.811023 1.574803 0.000000 12.225867 1.135672 1.574803 11.811023 1.574803 1.574803 12.225867 1.135672 0.000000 0.000000 2.362205 1.574803 0.000000 2.362205 0.000000 0.000000 0.000000 1.574803 0.000000 0.000000 "
										            />
									</IndexedFaceSet>
								</Shape>
							</Group>
						</Transform>
					</Transform>
				</Transform>
				<Transform DEF="group_55_TRANSFORM"
				           translation="15.394836 16.929134 29.527557"
				           scale="1.000000 1.000000 1.000000"
				           rotation="0.000000 1.000000 0.000000 0.000000"
				           >
					<Transform DEF="group_55_ifs_TRANSFORM"
					           translation="-0.000000 0.000000 0.000000"
					           scale="1.000000 1.000000 1.000000"
					           rotation="0.000000 1.000000 0.000000 0.000000"
					           >
						<Group DEF="group_ME_ID574">
							<Shape>
								<Appearance>
									<Material USE="MA_material_022" />
								</Appearance>
								<IndexedFaceSet solid="false"
								                coordIndex="0 1 2 -1 1 0 3 -1 4 5 6 -1 5 4 7 -1 7 4 8 -1 8 4 9 -1 9 4 10 -1 10 4 11 -1 11 4 12 -1 13 7 8 -1 14 15 16 -1 15 14 17 -1 18 19 20 -1 21 22 23 -1 22 21 20 -1 22 20 19 -1 22 19 24 -1 22 24 25 -1 22 25 26 -1 22 26 27 -1 28 29 30 -1 29 28 31 -1 32 33 34 -1 33 32 35 -1 36 37 38 -1 37 36 39 -1 40 41 42 -1 41 40 43 -1 44 45 46 -1 45 44 47 -1 48 49 50 -1 49 48 51 -1 52 53 54 -1 53 52 55 -1 56 57 58 -1 57 56 59 -1 57 59 60 -1 61 62 63 -1 62 61 64 -1 65 66 67 -1 66 65 68 -1 69 70 71 -1 "
								                >
									<Coordinate DEF="coords_ME_ID574"
									            point="55.865005 0.000001 8.267716 -0.827905 3.937008 8.267716 -0.827905 0.000000 8.267716 55.865005 3.937009 8.267716 55.865005 0.000001 8.267716 -9.388056 0.000000 0.000000 55.865005 0.000001 -0.000000 -11.671519 0.000000 0.787402 -1.615307 0.000000 5.905512 -1.512908 0.000000 6.500865 -1.242749 0.000000 7.041184 -0.827905 0.000000 7.480315 -0.827905 0.000000 8.267716 -13.718764 0.000000 5.905512 55.865005 0.000001 -0.000000 55.865005 3.937009 8.267716 55.865005 0.000001 8.267716 55.865005 3.937009 0.000000 -13.718764 3.937008 5.905512 -1.615307 3.937008 5.905512 -11.671519 3.937008 0.787402 -9.388056 3.937008 0.000000 55.865005 3.937009 8.267716 55.865005 3.937009 0.000000 -1.512908 3.937008 6.500865 -1.242749 3.937008 7.041184 -0.827905 3.937008 7.480315 -0.827905 3.937008 8.267716 -0.827905 3.937008 8.267716 -0.827905 0.000000 7.480315 -0.827905 0.000000 8.267716 -0.827905 3.937008 7.480315 -0.827905 3.937008 7.480315 -1.242749 0.000000 7.041184 -0.827905 0.000000 7.480315 -1.242749 3.937008 7.041184 -1.242749 3.937008 7.041184 -1.512908 0.000000 6.500865 -1.242749 0.000000 7.041184 -1.512908 3.937008 6.500865 -1.512908 3.937008 6.500865 -1.615307 0.000000 5.905512 -1.512908 0.000000 6.500865 -1.615307 3.937008 5.905512 -1.615307 0.000000 5.905512 -13.718764 3.937008 5.905512 -13.718764 0.000000 5.905512 -1.615307 3.937008 5.905512 -15.394835 1.968504 5.174428 -11.671519 0.000000 0.787402 -13.718764 0.000000 5.905512 -13.640024 1.968504 0.787402 -11.356559 1.968504 0.000000 -11.671519 0.000000 0.787402 -13.640024 1.968504 0.787402 -9.388056 0.000000 0.000000 -9.388056 3.937008 0.000000 -9.388056 0.000000 0.000000 -11.356559 1.968504 0.000000 55.865005 3.937009 0.000000 55.865005 0.000001 -0.000000 -11.671519 3.937008 0.787402 -11.356559 1.968504 0.000000 -13.640024 1.968504 0.787402 -9.388056 3.937008 0.000000 -13.718764 3.937008 5.905512 -13.640024 1.968504 0.787402 -15.394835 1.968504 5.174428 -11.671519 3.937008 0.787402 -13.718764 3.937008 5.905512 -15.394835 1.968504 5.174428 -13.718764 0.000000 5.905512 "
									            />
								</IndexedFaceSet>
							</Shape>
						</Group>
					</Transform>
				</Transform>
				<Transform DEF="instance_88_TRANSFORM"
				           translation="13.385833 4.724409 29.527557"
				           scale="1.000000 1.000000 1.000000"
				           rotation="0.000000 0.000000 1.000000 1.570796"
				           >
					<Transform DEF="instance_88_ifs_TRANSFORM"
					           translation="0.000000 0.000000 0.000000"
					           scale="1.000000 1.000000 1.000000"
					           rotation="0.000000 1.000000 0.000000 0.000000"
					           >
						<Group USE="group_ME_ID376_001" />
					</Transform>
				</Transform>
				<Transform DEF="instance_89_TRANSFORM"
				           translation="43.700775 32.283466 18.897629"
				           scale="1.000000 1.000000 1.000000"
				           rotation="0.000000 1.000000 0.000000 0.000000"
				           >
					<Transform DEF="instance_89_ifs_TRANSFORM"
					           translation="0.000001 0.000000 0.000000"
					           scale="1.000000 1.000000 1.000000"
					           rotation="0.000000 1.000000 0.000000 0.000000"
					           >
						<Group USE="group_ME_ID148_003" />
					</Transform>
				</Transform>
				<Transform DEF="instance_90_TRANSFORM"
				           translation="20.078735 25.984251 27.165359"
				           scale="1.000000 1.000000 1.000000"
				           rotation="0.000000 1.000000 0.000000 0.000000"
				           >
					<Transform DEF="instance_90_ifs_TRANSFORM"
					           translation="0.000001 0.000000 0.000000"
					           scale="1.000000 1.000000 1.000000"
					           rotation="0.000000 1.000000 0.000000 0.000000"
					           >
						<Group USE="group_ME_ID148_003" />
					</Transform>
				</Transform>
				<Transform DEF="instance_91_TRANSFORM"
				           translation="20.078735 5.511810 27.165359"
				           scale="1.000000 1.000000 1.000000"
				           rotation="0.000000 1.000000 0.000000 0.000000"
				           >
					<Transform DEF="instance_91_ifs_TRANSFORM"
					           translation="-0.000001 0.000000 0.000000"
					           scale="1.000000 1.000000 1.000000"
					           rotation="0.000000 1.000000 0.000000 0.000000"
					           >
						<Group USE="group_ME_ID148_003" />
					</Transform>
				</Transform>
				<Transform DEF="instance_92_TRANSFORM"
				           translation="38.188965 22.440945 18.897629"
				           scale="1.000000 1.000000 1.000000"
				           rotation="-0.000000 -0.000000 -1.000000 3.141593"
				           >
					<Transform DEF="instance_92_ifs_TRANSFORM"
					           translation="-0.000001 -0.000000 0.000000"
					           scale="1.000000 1.000000 1.000000"
					           rotation="0.000000 1.000000 0.000000 0.000000"
					           >
						<Group USE="group_ME_ID387" />
					</Transform>
				</Transform>
				<Transform DEF="instance_93_TRANSFORM"
				           translation="43.700775 0.000000 18.897629"
				           scale="1.000000 1.000000 1.000000"
				           rotation="0.000000 1.000000 0.000000 0.000000"
				           >
					<Transform DEF="instance_93_ifs_TRANSFORM"
					           translation="-0.000001 0.000000 0.000000"
					           scale="1.000000 1.000000 1.000000"
					           rotation="0.000000 1.000000 0.000000 0.000000"
					           >
						<Group USE="group_ME_ID148_003" />
					</Transform>
				</Transform>
				<Transform DEF="instance_94_TRANSFORM"
				           translation="43.700775 26.377953 10.629929"
				           scale="1.000000 1.000000 1.000000"
				           rotation="0.000000 1.000000 0.000000 0.000000"
				           >
					<Transform DEF="instance_94_ifs_TRANSFORM"
					           translation="0.000001 0.000000 0.000000"
					           scale="1.000000 1.000000 1.000000"
					           rotation="0.000000 1.000000 0.000000 0.000000"
					           >
						<Group USE="group_ME_ID148_003" />
					</Transform>
				</Transform>
				<Transform DEF="instance_95_TRANSFORM"
				           translation="20.078735 15.354331 18.897629"
				           scale="1.000000 1.000000 1.000000"
				           rotation="0.000000 1.000000 0.000000 0.000000"
				           >
					<Transform DEF="instance_95_ifs_TRANSFORM"
					           translation="-0.000000 0.000000 0.000000"
					           scale="1.000000 1.000000 1.000000"
					           rotation="0.000000 1.000000 0.000000 0.000000"
					           >
						<Group USE="group_ME_ID138_004" />
					</Transform>
				</Transform>
				<Transform DEF="instance_96_TRANSFORM"
				           translation="8.267730 3.937008 35.433075"
				           scale="1.000000 1.000000 1.000000"
				           rotation="0.000000 1.000000 0.000000 0.000000"
				           >
					<Transform DEF="instance_96_ifs_TRANSFORM"
					           translation="-0.000001 0.000000 0.000000"
					           scale="1.000000 1.000000 1.000000"
					           rotation="0.000000 1.000000 0.000000 0.000000"
					           >
						<Group USE="group_ME_ID148_003" />
					</Transform>
				</Transform>
				<Transform DEF="instance_97_TRANSFORM"
				           translation="8.267701 28.346455 35.433075"
				           scale="1.000000 1.000000 1.000000"
				           rotation="0.000000 1.000000 0.000000 0.000000"
				           >
					<Transform DEF="instance_97_ifs_TRANSFORM"
					           translation="0.000001 0.000000 0.000000"
					           scale="1.000000 1.000000 1.000000"
					           rotation="0.000000 1.000000 0.000000 0.000000"
					           >
						<Group USE="group_ME_ID148_003" />
					</Transform>
				</Transform>
				<Transform DEF="instance_98_TRANSFORM"
				           translation="33.070862 30.708662 12.992126"
				           scale="1.000000 1.000000 1.000000"
				           rotation="0.000000 0.000000 -1.000000 1.570796"
				           >
					<Transform DEF="instance_98_ifs_TRANSFORM"
					           translation="-0.000000 0.000002 0.000000"
					           scale="1.000000 1.000000 1.000000"
					           rotation="0.000000 1.000000 0.000000 0.000000"
					           >
						<Group USE="group_ME_ID400_002" />
					</Transform>
				</Transform>
				<Transform DEF="instance_99_TRANSFORM"
				           translation="20.866150 16.929134 12.992126"
				           scale="1.000000 1.000000 1.000000"
				           rotation="0.000000 1.000000 0.000000 0.000000"
				           >
					<Transform DEF="instance_99_ifs_TRANSFORM"
					           translation="-0.000000 0.000000 0.000000"
					           scale="1.000000 1.000000 1.000000"
					           rotation="0.000000 1.000000 0.000000 0.000000"
					           >
						<Group USE="group_ME_ID408_001" />
					</Transform>
				</Transform>
				<Transform DEF="instance_100_TRANSFORM"
				           translation="9.055115 16.929132 21.259842"
				           scale="1.000000 1.000000 1.000000"
				           rotation="0.000000 1.000000 0.000000 0.000000"
				           >
					<Transform DEF="instance_100_ifs_TRANSFORM"
					           translation="-0.000000 0.000000 0.000000"
					           scale="1.000000 1.000000 1.000000"
					           rotation="0.000000 1.000000 0.000000 0.000000"
					           >
						<Group USE="group_ME_ID416_001" />
					</Transform>
				</Transform>
				<Transform DEF="instance_101_TRANSFORM"
				           translation="31.889771 5.511810 18.897629"
				           scale="1.000000 1.000000 1.000000"
				           rotation="0.000000 1.000000 0.000000 0.000000"
				           >
					<Transform DEF="instance_101_ifs_TRANSFORM"
					           translation="-0.000001 0.000000 0.000000"
					           scale="1.000000 1.000000 1.000000"
					           rotation="0.000000 1.000000 0.000000 0.000000"
					           >
						<Group USE="group_ME_ID148_003" />
					</Transform>
				</Transform>
				<Transform DEF="instance_102_TRANSFORM"
				           translation="8.267700 15.354331 35.433075"
				           scale="1.000000 1.000000 1.000000"
				           rotation="0.000000 1.000000 0.000000 0.000000"
				           >
					<Transform DEF="instance_102_ifs_TRANSFORM"
					           translation="-0.000000 0.000000 0.000000"
					           scale="1.000000 1.000000 1.000000"
					           rotation="0.000000 1.000000 0.000000 0.000000"
					           >
						<Group USE="group_ME_ID138_004" />
					</Transform>
				</Transform>
				<Transform DEF="instance_103_TRANSFORM"
				           translation="31.889771 25.984251 18.897644"
				           scale="1.000000 1.000000 1.000000"
				           rotation="0.000000 1.000000 0.000000 0.000000"
				           >
					<Transform DEF="instance_103_ifs_TRANSFORM"
					           translation="0.000001 0.000000 0.000000"
					           scale="1.000000 1.000000 1.000000"
					           rotation="0.000000 1.000000 0.000000 0.000000"
					           >
						<Group USE="group_ME_ID148_003" />
					</Transform>
				</Transform>
				<Transform DEF="instance_104_TRANSFORM"
				           translation="32.677155 16.929134 4.724411"
				           scale="1.000000 1.000000 1.000000"
				           rotation="0.000000 1.000000 0.000000 0.000000"
				           >
					<Transform DEF="instance_104_ifs_TRANSFORM"
					           translation="-0.000000 0.000000 0.000000"
					           scale="1.000000 1.000000 1.000000"
					           rotation="0.000000 1.000000 0.000000 0.000000"
					           >
						<Group USE="group_ME_ID427" />
					</Transform>
				</Transform>
				<Transform DEF="instance_105_TRANSFORM"
				           translation="53.149597 25.196850 0.000000"
				           scale="1.000000 1.000000 1.000000"
				           rotation="0.000000 0.000000 1.000000 3.141593"
				           >
					<Transform DEF="instance_105_ifs_TRANSFORM"
					           translation="0.000000 0.000000 0.000000"
					           scale="1.000000 1.000000 1.000000"
					           rotation="0.000000 1.000000 0.000000 0.000000"
					           >
						<Group USE="group_ME_ID435_001" />
					</Transform>
				</Transform>
				<Transform DEF="instance_106_TRANSFORM"
				           translation="31.889772 32.283466 27.165359"
				           scale="1.000000 1.000000 1.000000"
				           rotation="0.000000 1.000000 0.000000 0.000000"
				           >
					<Transform DEF="instance_106_ifs_TRANSFORM"
					           translation="0.000001 0.000000 0.000000"
					           scale="1.000000 1.000000 1.000000"
					           rotation="0.000000 1.000000 0.000000 0.000000"
					           >
						<Group USE="group_ME_ID148_003" />
					</Transform>
				</Transform>
				<Transform DEF="instance_107_TRANSFORM"
				           translation="21.259829 30.708662 21.259842"
				           scale="1.000000 1.000000 1.000000"
				           rotation="0.000000 0.000000 -1.000000 1.570796"
				           >
					<Transform DEF="instance_107_ifs_TRANSFORM"
					           translation="0.000000 0.000002 0.000000"
					           scale="1.000000 1.000000 1.000000"
					           rotation="0.000000 1.000000 0.000000 0.000000"
					           >
						<Group USE="group_ME_ID400_002" />
					</Transform>
				</Transform>
				<Transform DEF="instance_108_TRANSFORM"
				           translation="43.700775 5.905512 10.629929"
				           scale="1.000000 1.000000 1.000000"
				           rotation="0.000000 1.000000 0.000000 0.000000"
				           >
					<Transform DEF="instance_108_ifs_TRANSFORM"
					           translation="-0.000001 0.000000 0.000000"
					           scale="1.000000 1.000000 1.000000"
					           rotation="0.000000 1.000000 0.000000 0.000000"
					           >
						<Group USE="group_ME_ID148_003" />
					</Transform>
				</Transform>
				<Transform DEF="instance_109_TRANSFORM"
				           translation="31.889771 15.354331 10.629929"
				           scale="1.000000 1.000000 1.000000"
				           rotation="0.000000 1.000000 0.000000 0.000000"
				           >
					<Transform DEF="instance_109_ifs_TRANSFORM"
					           translation="-0.000000 -0.000000 0.000000"
					           scale="1.000000 1.000000 1.000000"
					           rotation="0.000000 1.000000 0.000000 0.000000"
					           >
						<Group USE="group_ME_ID138_004" />
					</Transform>
				</Transform>
				<Transform DEF="instance_110_TRANSFORM"
				           translation="33.070862 37.007874 21.259842"
				           scale="1.000000 1.000000 1.000000"
				           rotation="0.000000 0.000000 -1.000000 1.570796"
				           >
					<Transform DEF="instance_110_ifs_TRANSFORM"
					           translation="-0.000000 0.000003 0.000000"
					           scale="1.000000 1.000000 1.000000"
					           rotation="0.000000 1.000000 0.000000 0.000000"
					           >
						<Group USE="group_ME_ID447_002" />
					</Transform>
				</Transform>
				<Transform DEF="instance_111_TRANSFORM"
				           translation="31.889769 -0.000001 27.165359"
				           scale="1.000000 1.000000 1.000000"
				           rotation="0.000000 1.000000 0.000000 0.000000"
				           >
					<Transform DEF="instance_111_ifs_TRANSFORM"
					           translation="-0.000001 -0.000001 0.000000"
					           scale="1.000000 1.000000 1.000000"
					           rotation="0.000000 1.000000 0.000000 0.000000"
					           >
						<Group USE="group_ME_ID148_003" />
					</Transform>
				</Transform>
				<Transform DEF="instance_112_TRANSFORM"
				           translation="8.267700 15.354331 27.165359"
				           scale="1.000000 1.000000 1.000000"
				           rotation="0.000000 1.000000 0.000000 0.000000"
				           >
					<Transform DEF="instance_112_ifs_TRANSFORM"
					           translation="-0.000000 0.000000 0.000000"
					           scale="1.000000 1.000000 1.000000"
					           rotation="0.000000 1.000000 0.000000 0.000000"
					           >
						<Group USE="group_ME_ID138_004" />
					</Transform>
				</Transform>
				<Transform DEF="instance_113_TRANSFORM"
				           translation="21.259829 37.007870 29.527557"
				           scale="1.000000 1.000000 1.000000"
				           rotation="0.000000 0.000000 -1.000000 1.570796"
				           >
					<Transform DEF="instance_113_ifs_TRANSFORM"
					           translation="0.000000 0.000003 0.000000"
					           scale="1.000000 1.000000 1.000000"
					           rotation="0.000000 1.000000 0.000000 0.000000"
					           >
						<Group USE="group_ME_ID447_002" />
					</Transform>
				</Transform>
				<Transform DEF="instance_114_TRANSFORM"
				           translation="20.078737 32.283466 35.433075"
				           scale="1.000000 1.000000 1.000000"
				           rotation="0.000000 1.000000 0.000000 0.000000"
				           >
					<Transform DEF="instance_114_ifs_TRANSFORM"
					           translation="0.000001 0.000000 0.000000"
					           scale="1.000000 1.000000 1.000000"
					           rotation="0.000000 1.000000 0.000000 0.000000"
					           >
						<Group USE="group_ME_ID148_003" />
					</Transform>
				</Transform>
				<Transform DEF="instance_115_TRANSFORM"
				           translation="20.078733 0.000000 35.433075"
				           scale="1.000000 1.000000 1.000000"
				           rotation="0.000000 1.000000 0.000000 0.000000"
				           >
					<Transform DEF="instance_115_ifs_TRANSFORM"
					           translation="-0.000001 0.000000 0.000000"
					           scale="1.000000 1.000000 1.000000"
					           rotation="0.000000 1.000000 0.000000 0.000000"
					           >
						<Group USE="group_ME_ID148_003" />
					</Transform>
				</Transform>
				<Transform DEF="instance_116_TRANSFORM"
				           translation="43.700775 16.136660 35.433075"
				           scale="1.000000 1.000000 1.000000"
				           rotation="0.000000 1.000000 0.000000 0.000000"
				           >
					<Transform DEF="instance_116_ifs_TRANSFORM"
					           translation="-0.000000 -0.000000 0.000000"
					           scale="1.000000 1.000000 1.000000"
					           rotation="0.000000 1.000000 0.000000 0.000000"
					           >
						<Group USE="group_ME_ID148_003" />
					</Transform>
				</Transform>
			</Transform>
			<Transform DEF="group_56_TRANSFORM"
			           translation="23.315372 425.196259 151.551620"
			           scale="1.000000 1.000000 1.000000"
			           rotation="0.000000 0.000000 -1.000000 1.570796"
			           >
				<Transform DEF="group_57_TRANSFORM"
				           translation="44.881901 6.692913 4.724411"
				           scale="1.000000 1.000000 1.000000"
				           rotation="0.000000 1.000000 0.000000 0.000000"
				           >
					<Transform DEF="group_41_003_TRANSFORM"
					           translation="1.181094 7.874016 5.905518"
					           scale="1.000000 1.000000 1.000000"
					           rotation="0.000000 1.000000 0.000000 0.000000"
					           >
						<Transform DEF="group_41_003_ifs_TRANSFORM"
						           translation="0.000003 -0.000002 0.000000"
						           scale="1.000000 1.000000 1.000000"
						           rotation="0.000000 1.000000 0.000000 0.000000"
						           >
							<Group DEF="group_ME_ID612_001">
								<Shape>
									<Appearance>
										<Material USE="MA_material_022" />
									</Appearance>
									<IndexedFaceSet solid="false"
									                coordIndex="0 1 2 -1 1 0 3 -1 4 5 6 -1 5 4 7 -1 7 8 5 -1 8 7 9 -1 8 9 10 -1 11 12 13 -1 12 11 14 -1 15 16 17 -1 16 15 18 -1 18 15 19 -1 19 15 20 -1 21 16 18 -1 22 23 24 -1 23 22 25 -1 26 27 28 -1 27 26 29 -1 30 31 32 -1 31 30 33 -1 34 35 36 -1 35 34 37 -1 38 39 40 -1 39 38 41 -1 "
									                >
										<Coordinate DEF="coords_ME_ID612_001"
										            point="0.000000 12.598426 0.000000 1.574803 12.496026 0.595353 1.574803 12.598425 0.000000 0.000000 12.496026 0.595353 0.000000 11.811023 2.362205 0.000000 5.905512 0.000000 0.000000 5.905512 2.362205 0.000000 11.811023 1.574803 0.000000 12.598426 0.000000 0.000000 12.225867 1.135672 0.000000 12.496026 0.595353 0.000000 12.496026 0.595353 1.574803 12.225867 1.135672 1.574803 12.496026 0.595353 0.000000 12.225867 1.135672 1.574803 12.598425 0.000000 1.574803 5.905512 2.362205 1.574803 5.905512 0.000000 1.574803 11.811023 1.574803 1.574803 12.225867 1.135672 1.574803 12.496026 0.595353 1.574803 11.811023 2.362205 1.574803 12.598425 0.000000 0.000000 5.905512 0.000000 0.000000 12.598426 0.000000 1.574803 5.905512 0.000000 0.000000 5.905512 2.362205 1.574803 11.811023 2.362205 0.000000 11.811023 2.362205 1.574803 5.905512 2.362205 0.000000 11.811023 1.574803 1.574803 11.811023 2.362205 1.574803 11.811023 1.574803 0.000000 11.811023 2.362205 0.000000 12.225867 1.135672 1.574803 11.811023 1.574803 1.574803 12.225867 1.135672 0.000000 11.811023 1.574803 1.574803 5.905512 2.362205 0.000000 5.905512 0.000000 1.574803 5.905512 0.000000 0.000000 5.905512 2.362205 "
										            />
									</IndexedFaceSet>
								</Shape>
							</Group>
						</Transform>
					</Transform>
					<Transform DEF="group_42_003_TRANSFORM"
					           translation="1.181095 16.535435 5.905518"
					           scale="-1.000000 -1.000000 -1.000000"
					           rotation="-0.000000 1.000000 -0.000000 3.141593"
					           >
						<Transform DEF="group_42_003_ifs_TRANSFORM"
						           translation="0.000018 0.000002 0.000003"
						           scale="1.000000 1.000000 1.000000"
						           rotation="0.000000 1.000000 0.000000 0.000000"
						           >
							<Group DEF="group_ME_ID619_001">
								<Shape>
									<Appearance>
										<Material USE="MA_material_022" />
									</Appearance>
									<IndexedFaceSet solid="false"
									                coordIndex="0 1 2 -1 3 2 1 -1 4 5 6 -1 5 7 6 -1 8 6 7 -1 7 9 8 -1 10 8 9 -1 11 12 13 -1 14 13 12 -1 15 16 17 -1 18 19 20 -1 20 19 15 -1 15 19 16 -1 21 16 19 -1 22 23 24 -1 25 24 23 -1 26 27 28 -1 29 28 27 -1 30 31 32 -1 33 32 31 -1 34 35 36 -1 37 36 35 -1 38 39 40 -1 41 40 39 -1 "
									                >
										<Coordinate DEF="coords_ME_ID619_001"
										            point="0.000000 12.496026 0.595353 0.000000 12.598426 0.000000 1.574803 12.496026 0.595353 1.574803 12.598425 0.000000 0.000000 12.496026 0.595353 0.000000 12.225867 1.135672 0.000000 12.598426 0.000000 0.000000 11.811023 1.574803 0.000000 5.905512 0.000000 0.000000 11.811023 2.362205 0.000000 5.905512 2.362205 0.000000 12.225867 1.135672 0.000000 12.496026 0.595353 1.574803 12.225867 1.135672 1.574803 12.496026 0.595353 1.574803 11.811023 1.574803 1.574803 5.905512 2.362205 1.574803 11.811023 2.362205 1.574803 12.496026 0.595353 1.574803 12.598425 0.000000 1.574803 12.225867 1.135672 1.574803 5.905512 0.000000 1.574803 5.905512 0.000000 1.574803 12.598425 0.000000 0.000000 5.905512 0.000000 0.000000 12.598426 0.000000 1.574803 5.905512 2.362205 0.000000 5.905512 2.362205 1.574803 11.811023 2.362205 0.000000 11.811023 2.362205 0.000000 11.811023 2.362205 0.000000 11.811023 1.574803 1.574803 11.811023 2.362205 1.574803 11.811023 1.574803 0.000000 11.811023 1.574803 0.000000 12.225867 1.135672 1.574803 11.811023 1.574803 1.574803 12.225867 1.135672 0.000000 5.905512 2.362205 1.574803 5.905512 2.362205 0.000000 5.905512 0.000000 1.574803 5.905512 0.000000 "
										            />
									</IndexedFaceSet>
								</Shape>
							</Group>
						</Transform>
					</Transform>
					<Transform DEF="instance_29_003_TRANSFORM"
					           translation="0.000004 24.409451 0.000000"
					           scale="1.000000 1.000000 1.000000"
					           rotation="0.000000 0.000000 -1.000000 1.570796"
					           >
						<Transform DEF="instance_29_003_ifs_TRANSFORM"
						           translation="-0.000000 0.000008 0.000000"
						           scale="1.000000 1.000000 1.000000"
						           rotation="0.000000 1.000000 0.000000 0.000000"
						           >
							<Group USE="group_ME_ID339_001" />
						</Transform>
					</Transform>
				</Transform>
				<Transform DEF="group_58_TRANSFORM"
				           translation="44.881897 0.787401 12.992126"
				           scale="1.000000 1.000000 1.000000"
				           rotation="0.000000 1.000000 0.000000 0.000000"
				           >
					<Transform DEF="group_44_003_TRANSFORM"
					           translation="0.000005 36.220474 0.000000"
					           scale="1.000000 1.000000 1.000000"
					           rotation="0.000000 0.000000 -1.000000 1.570796"
					           >
						<Transform DEF="group_44_003_ifs_TRANSFORM"
						           translation="-0.000000 0.000009 0.000000"
						           scale="1.000000 1.000000 1.000000"
						           rotation="0.000000 1.000000 0.000000 0.000000"
						           >
							<Group DEF="group_ME_ID628">
								<Shape>
									<Appearance>
										<Material USE="MA_material_022" />
									</Appearance>
									<IndexedFaceSet solid="false"
									                coordIndex="0 1 2 -1 1 0 3 -1 4 5 6 -1 5 4 7 -1 7 4 8 -1 8 4 9 -1 10 11 12 -1 11 10 13 -1 13 10 14 -1 13 14 15 -1 15 14 16 -1 15 16 17 -1 17 16 18 -1 17 18 19 -1 17 19 20 -1 17 20 21 -1 18 16 6 -1 18 6 5 -1 21 20 22 -1 15 23 24 -1 23 15 17 -1 24 23 25 -1 25 23 26 -1 26 23 27 -1 27 23 28 -1 24 25 29 -1 27 28 30 -1 29 31 32 -1 31 29 25 -1 32 31 33 -1 32 33 34 -1 32 34 35 -1 36 37 38 -1 37 36 39 -1 40 41 42 -1 41 40 43 -1 43 40 44 -1 43 44 45 -1 45 44 46 -1 45 46 47 -1 1 48 2 -1 48 1 49 -1 50 51 52 -1 51 50 53 -1 54 55 56 -1 55 54 57 -1 55 57 58 -1 58 57 51 -1 58 51 59 -1 59 51 53 -1 56 60 61 -1 60 56 55 -1 62 63 64 -1 63 62 65 -1 65 66 63 -1 66 65 67 -1 66 68 69 -1 68 66 67 -1 48 70 71 -1 70 48 49 -1 72 73 74 -1 73 72 75 -1 76 77 78 -1 77 76 79 -1 80 81 82 -1 81 80 83 -1 84 85 86 -1 85 84 87 -1 88 89 90 -1 89 88 91 -1 92 93 94 -1 93 92 95 -1 96 97 98 -1 97 96 99 -1 100 101 102 -1 101 100 103 -1 104 105 106 -1 105 104 107 -1 108 109 110 -1 109 108 111 -1 112 113 114 -1 113 112 115 -1 116 117 118 -1 117 116 119 -1 119 116 120 -1 119 120 121 -1 121 122 119 -1 122 121 123 -1 122 124 125 -1 124 122 123 -1 124 123 126 -1 124 126 127 -1 128 129 130 -1 129 128 131 -1 129 132 133 -1 132 129 131 -1 134 132 135 -1 132 134 133 -1 136 137 138 -1 137 136 139 -1 140 141 142 -1 141 140 143 -1 140 144 145 -1 144 140 142 -1 145 146 147 -1 146 145 144 -1 148 149 150 -1 149 148 151 -1 152 153 154 -1 153 152 155 -1 156 157 158 -1 157 156 159 -1 160 161 162 -1 161 160 163 -1 164 165 166 -1 165 164 167 -1 167 164 168 -1 167 168 169 -1 169 168 170 -1 169 170 171 -1 172 173 174 -1 173 172 175 -1 176 177 178 -1 177 176 179 -1 179 176 180 -1 180 176 181 -1 182 183 184 -1 183 182 185 -1 185 182 186 -1 185 186 187 -1 187 186 188 -1 187 188 189 -1 189 188 190 -1 189 190 191 -1 189 191 192 -1 189 192 193 -1 190 188 178 -1 190 178 177 -1 193 192 194 -1 187 195 196 -1 195 187 189 -1 196 195 197 -1 197 195 198 -1 198 195 199 -1 199 195 200 -1 196 197 201 -1 199 200 202 -1 201 203 204 -1 203 201 197 -1 204 203 205 -1 204 205 206 -1 204 206 207 -1 208 209 210 -1 209 208 211 -1 211 208 212 -1 211 212 213 -1 213 212 214 -1 213 214 215 -1 216 217 218 -1 217 216 219 -1 220 221 222 -1 221 220 223 -1 223 220 224 -1 223 224 225 -1 225 224 226 -1 225 226 227 -1 228 229 230 -1 229 228 231 -1 163 232 161 -1 232 163 233 -1 232 234 235 -1 234 232 233 -1 236 237 238 -1 237 236 239 -1 240 241 242 -1 241 240 243 -1 241 172 242 -1 172 241 175 -1 244 231 228 -1 231 244 245 -1 244 246 245 -1 246 244 247 -1 248 249 250 -1 249 248 251 -1 252 253 254 -1 253 252 255 -1 217 253 255 -1 253 217 219 -1 "
									                >
										<Coordinate DEF="coords_ME_ID628"
										            point="5.118110 0.000000 4.724409 4.527559 0.393701 4.882647 4.527559 0.000000 4.882647 5.118110 0.393701 4.724409 36.220470 0.000000 5.905512 31.102362 0.000000 4.724409 36.220470 0.000000 3.543307 31.692911 0.000000 4.882647 32.125229 0.000000 5.314961 32.283466 0.000000 5.905512 33.385826 0.000000 0.354331 4.724409 0.000000 0.000000 31.496063 0.000000 0.000000 2.834646 0.000000 0.354331 34.803150 0.000000 1.062992 1.417323 0.000000 1.062992 35.748028 0.000000 2.125984 19.685040 0.000000 1.968504 21.259842 0.000000 4.724409 20.669291 0.000000 4.882647 20.236977 0.000000 5.314961 19.685040 0.000000 5.905512 20.078739 0.000000 5.905512 16.535433 0.000000 1.968504 0.472441 0.000000 2.125984 14.960629 0.000000 4.724409 15.551181 0.000000 4.882647 15.983494 0.000000 5.314961 16.535433 0.000000 5.905512 0.000000 0.000000 3.543307 16.141733 0.000000 5.905512 5.118110 0.000000 4.724409 0.000000 0.000000 5.905512 4.527559 0.000000 4.882647 4.095246 0.000000 5.314961 3.937008 0.000000 5.905512 14.960629 0.000000 4.724409 5.118110 0.393701 4.724409 5.118110 0.000000 4.724409 14.960629 0.393701 4.724409 15.551181 0.393701 4.882647 5.118110 0.393701 4.724409 14.960629 0.393701 4.724409 4.527559 0.393701 4.882647 15.983494 0.393701 5.314961 4.095245 0.393701 5.314961 16.141733 0.393701 5.905512 3.937008 0.393701 5.905512 4.095246 0.000000 5.314961 4.095245 0.393701 5.314961 16.535433 0.000000 5.905512 16.141733 0.393701 5.905512 16.141733 0.000000 5.905512 16.535433 3.937008 5.905512 3.937008 0.000000 5.905512 3.937008 3.543307 5.905511 0.000000 0.000000 5.905512 3.937008 0.393701 5.905512 16.141733 3.543307 5.905511 16.141733 3.937008 5.905512 3.937008 3.937008 5.905512 0.000000 3.937008 5.905512 16.141733 0.393701 5.905512 15.983494 0.000000 5.314961 16.141733 0.000000 5.905512 15.983494 0.393701 5.314961 15.551181 0.000000 4.882647 15.551181 0.393701 4.882647 14.960629 0.393701 4.724409 14.960629 0.000000 4.724409 3.937008 0.393701 5.905512 3.937008 0.000000 5.905512 0.000000 3.937008 5.905512 0.000000 0.000000 3.543307 0.000000 0.000000 5.905512 0.000000 3.937008 3.543307 0.000000 0.000000 3.543307 0.472441 3.937008 2.125984 0.472441 0.000000 2.125984 0.000000 3.937008 3.543307 0.472441 0.000000 2.125984 1.417323 3.937008 1.062992 1.417323 0.000000 1.062992 0.472441 3.937008 2.125984 2.834646 3.937008 0.354331 1.417323 0.000000 1.062992 1.417323 3.937008 1.062992 2.834646 0.000000 0.354331 4.724409 3.937008 0.000000 2.834646 0.000000 0.354331 2.834646 3.937008 0.354331 4.724409 0.000000 0.000000 31.496063 3.937008 0.000000 4.724409 0.000000 0.000000 4.724409 3.937008 0.000000 31.496063 0.000000 0.000000 33.385826 3.937008 0.354331 31.496063 0.000000 0.000000 31.496063 3.937008 0.000000 33.385826 0.000000 0.354331 34.803150 3.937008 1.062992 33.385826 0.000000 0.354331 33.385826 3.937008 0.354331 34.803150 0.000000 1.062992 34.803150 3.937008 1.062992 35.748028 0.000000 2.125984 34.803150 0.000000 1.062992 35.748028 3.937008 2.125984 35.748028 3.937008 2.125984 36.220470 0.000000 3.543307 35.748028 0.000000 2.125984 36.220470 3.937008 3.543307 36.220470 3.937008 3.543307 36.220470 0.000000 5.905512 36.220470 0.000000 3.543307 36.220470 3.937008 5.905512 19.685040 0.000000 5.905512 20.078739 3.937008 5.905512 19.685040 3.937008 5.905512 20.078739 3.543307 5.905511 20.078739 0.000000 5.905512 20.078739 0.393701 5.905512 32.283466 3.543307 5.905511 32.283466 0.393701 5.905512 36.220470 3.937008 5.905512 32.283466 3.937008 5.905512 32.283466 0.000000 5.905512 36.220470 0.000000 5.905512 32.283466 0.393701 5.905512 32.125229 0.000000 5.314961 32.283466 0.000000 5.905512 32.125229 0.393701 5.314961 31.692911 0.393701 4.882647 31.692911 0.000000 4.882647 31.102362 0.000000 4.724409 31.102362 0.393701 4.724409 21.259842 0.000000 4.724409 31.102362 0.393701 4.724409 21.259842 0.393701 4.724409 31.102362 0.000000 4.724409 20.669291 0.000000 4.882647 21.259842 0.393701 4.724409 20.669291 0.393701 4.882647 21.259842 0.000000 4.724409 20.236977 0.393701 5.314961 20.236977 0.000000 5.314961 20.078739 0.393701 5.905512 20.078739 0.000000 5.905512 19.685040 3.937008 5.905512 19.685040 0.000000 1.968504 19.685040 0.000000 5.905512 19.685040 3.937008 1.968504 16.535433 0.000000 1.968504 19.685040 3.937008 1.968504 16.535433 3.937008 1.968504 19.685040 0.000000 1.968504 16.535433 3.937008 1.968504 16.535433 0.000000 5.905512 16.535433 0.000000 1.968504 16.535433 3.937008 5.905512 16.141733 3.937008 5.905512 15.983494 3.543307 5.314961 16.141733 3.543307 5.905511 15.983494 3.937008 5.314961 4.527559 3.543307 4.882647 14.960629 3.543307 4.724409 5.118110 3.543307 4.724409 15.551181 3.543307 4.882647 4.095246 3.543307 5.314961 15.983494 3.543307 5.314961 3.937008 3.543307 5.905511 16.141733 3.543307 5.905511 4.095246 3.543307 5.314961 3.937008 3.937008 5.905512 3.937008 3.543307 5.905511 4.095246 3.937008 5.314961 0.000000 3.937008 5.905512 5.118110 3.937008 4.724409 0.000000 3.937008 3.543307 4.527559 3.937008 4.882647 4.095246 3.937008 5.314961 3.937008 3.937008 5.905512 2.834646 3.937008 0.354331 31.496063 3.937008 0.000000 4.724409 3.937008 0.000000 33.385826 3.937008 0.354331 1.417323 3.937008 1.062992 34.803150 3.937008 1.062992 0.472441 3.937008 2.125984 16.535433 3.937008 1.968504 14.960629 3.937008 4.724409 15.551181 3.937008 4.882647 15.983494 3.937008 5.314961 16.535433 3.937008 5.905512 16.141733 3.937008 5.905512 19.685040 3.937008 1.968504 35.748028 3.937008 2.125984 21.259842 3.937008 4.724409 20.669292 3.937008 4.882647 20.236977 3.937008 5.314961 19.685040 3.937008 5.905512 36.220470 3.937008 3.543307 20.078739 3.937008 5.905512 31.102362 3.937008 4.724409 36.220470 3.937008 5.905512 31.692911 3.937008 4.882647 32.125229 3.937008 5.314961 32.283466 3.937008 5.905512 31.692911 0.393701 4.882647 21.259842 0.393701 4.724409 31.102362 0.393701 4.724409 20.669291 0.393701 4.882647 32.125229 0.393701 5.314961 20.236977 0.393701 5.314961 32.283466 0.393701 5.905512 20.078739 0.393701 5.905512 32.283466 3.937008 5.905512 32.125229 3.543307 5.314961 32.283466 3.543307 5.905511 32.125229 3.937008 5.314961 20.669291 3.543307 4.882647 31.102362 3.543307 4.724409 21.259842 3.543307 4.724409 31.692911 3.543307 4.882647 20.236977 3.543307 5.314961 32.125229 3.543307 5.314961 20.078739 3.543307 5.905511 32.283466 3.543307 5.905511 20.236977 3.543307 5.314961 20.078739 3.937008 5.905512 20.078739 3.543307 5.905511 20.236977 3.937008 5.314961 15.551181 3.543307 4.882647 15.551181 3.937008 4.882647 14.960629 3.937008 4.724409 14.960629 3.543307 4.724409 14.960629 3.543307 4.724409 5.118110 3.937008 4.724409 5.118110 3.543307 4.724409 14.960629 3.937008 4.724409 5.118110 3.543307 4.724409 4.527559 3.937008 4.882647 4.527559 3.543307 4.882647 5.118110 3.937008 4.724409 20.669291 3.543307 4.882647 20.669292 3.937008 4.882647 21.259842 3.937008 4.724409 21.259842 3.543307 4.724409 21.259842 3.543307 4.724409 31.102362 3.937008 4.724409 21.259842 3.937008 4.724409 31.102362 3.543307 4.724409 31.102362 3.543307 4.724409 31.692911 3.937008 4.882647 31.102362 3.937008 4.724409 31.692911 3.543307 4.882647 "
										            />
									</IndexedFaceSet>
								</Shape>
							</Group>
						</Transform>
					</Transform>
					<Transform DEF="group_45_003_TRANSFORM"
					           translation="1.181095 19.685041 5.905518"
					           scale="1.000000 1.000000 1.000000"
					           rotation="0.000000 1.000000 0.000000 0.000000"
					           >
						<Transform DEF="group_45_003_ifs_TRANSFORM"
						           translation="0.000003 -0.000002 0.000000"
						           scale="1.000000 1.000000 1.000000"
						           rotation="0.000000 1.000000 0.000000 0.000000"
						           >
							<Group DEF="group_ME_ID635">
								<Shape>
									<Appearance>
										<Material USE="MA_material_022" />
									</Appearance>
									<IndexedFaceSet solid="false"
									                coordIndex="0 1 2 -1 1 0 3 -1 4 5 6 -1 5 4 7 -1 7 8 5 -1 8 7 9 -1 8 9 10 -1 11 12 13 -1 12 11 14 -1 15 16 17 -1 16 15 18 -1 18 15 19 -1 19 15 20 -1 21 16 18 -1 22 23 24 -1 23 22 25 -1 26 27 28 -1 27 26 29 -1 30 31 32 -1 31 30 33 -1 34 35 36 -1 35 34 37 -1 38 39 40 -1 39 38 41 -1 "
									                >
										<Coordinate DEF="coords_ME_ID635"
										            point="0.000000 12.598426 0.000000 1.574803 12.496026 0.595353 1.574803 12.598425 0.000000 0.000000 12.496026 0.595353 0.000000 11.811023 2.362205 0.000000 0.000000 0.000000 0.000000 0.000000 2.362205 0.000000 11.811023 1.574803 0.000000 12.598426 0.000000 0.000000 12.225867 1.135672 0.000000 12.496026 0.595353 0.000000 12.496026 0.595353 1.574803 12.225867 1.135672 1.574803 12.496026 0.595353 0.000000 12.225867 1.135672 1.574803 12.598425 0.000000 1.574803 0.000000 2.362205 1.574803 0.000000 0.000000 1.574803 11.811023 1.574803 1.574803 12.225867 1.135672 1.574803 12.496026 0.595353 1.574803 11.811023 2.362205 1.574803 12.598425 0.000000 0.000000 0.000000 0.000000 0.000000 12.598426 0.000000 1.574803 0.000000 0.000000 0.000000 0.000000 2.362205 1.574803 11.811023 2.362205 0.000000 11.811023 2.362205 1.574803 0.000000 2.362205 0.000000 11.811023 1.574803 1.574803 11.811023 2.362205 1.574803 11.811023 1.574803 0.000000 11.811023 2.362205 0.000000 12.225867 1.135672 1.574803 11.811023 1.574803 1.574803 12.225867 1.135672 0.000000 11.811023 1.574803 1.574803 0.000000 2.362205 0.000000 0.000000 0.000000 1.574803 0.000000 0.000000 0.000000 0.000000 2.362205 "
										            />
									</IndexedFaceSet>
								</Shape>
							</Group>
						</Transform>
					</Transform>
					<Transform DEF="group_46_003_TRANSFORM"
					           translation="1.181094 16.535433 5.905518"
					           scale="-1.000000 -1.000000 -1.000000"
					           rotation="-0.000000 1.000000 -0.000000 3.141593"
					           >
						<Transform DEF="group_46_003_ifs_TRANSFORM"
						           translation="0.000018 0.000002 0.000003"
						           scale="1.000000 1.000000 1.000000"
						           rotation="0.000000 1.000000 0.000000 0.000000"
						           >
							<Group DEF="group_ME_ID642">
								<Shape>
									<Appearance>
										<Material USE="MA_material_022" />
									</Appearance>
									<IndexedFaceSet solid="false"
									                coordIndex="0 1 2 -1 3 2 1 -1 4 5 6 -1 5 7 6 -1 8 6 7 -1 7 9 8 -1 10 8 9 -1 11 12 13 -1 14 13 12 -1 15 16 17 -1 18 19 20 -1 20 19 15 -1 15 19 16 -1 21 16 19 -1 22 23 24 -1 25 24 23 -1 26 27 28 -1 29 28 27 -1 30 31 32 -1 33 32 31 -1 34 35 36 -1 37 36 35 -1 38 39 40 -1 41 40 39 -1 "
									                >
										<Coordinate DEF="coords_ME_ID642"
										            point="0.000000 12.496026 0.595353 0.000000 12.598426 0.000000 1.574803 12.496026 0.595353 1.574803 12.598425 0.000000 0.000000 12.496026 0.595353 0.000000 12.225867 1.135672 0.000000 12.598426 0.000000 0.000000 11.811023 1.574803 0.000000 0.000000 0.000000 0.000000 11.811023 2.362205 0.000000 0.000000 2.362205 0.000000 12.225867 1.135672 0.000000 12.496026 0.595353 1.574803 12.225867 1.135672 1.574803 12.496026 0.595353 1.574803 11.811023 1.574803 1.574803 0.000000 2.362205 1.574803 11.811023 2.362205 1.574803 12.496026 0.595353 1.574803 12.598425 0.000000 1.574803 12.225867 1.135672 1.574803 0.000000 0.000000 1.574803 0.000000 0.000000 1.574803 12.598425 0.000000 0.000000 0.000000 0.000000 0.000000 12.598426 0.000000 1.574803 0.000000 2.362205 0.000000 0.000000 2.362205 1.574803 11.811023 2.362205 0.000000 11.811023 2.362205 0.000000 11.811023 2.362205 0.000000 11.811023 1.574803 1.574803 11.811023 2.362205 1.574803 11.811023 1.574803 0.000000 11.811023 1.574803 0.000000 12.225867 1.135672 1.574803 11.811023 1.574803 1.574803 12.225867 1.135672 0.000000 0.000000 2.362205 1.574803 0.000000 2.362205 0.000000 0.000000 0.000000 1.574803 0.000000 0.000000 "
										            />
									</IndexedFaceSet>
								</Shape>
							</Group>
						</Transform>
					</Transform>
				</Transform>
				<Transform DEF="group_59_TRANSFORM"
				           translation="15.394839 16.929132 29.527557"
				           scale="1.000000 1.000000 1.000000"
				           rotation="0.000000 1.000000 0.000000 0.000000"
				           >
					<Transform DEF="group_59_ifs_TRANSFORM"
					           translation="0.000003 0.000000 0.000000"
					           scale="1.000000 1.000000 1.000000"
					           rotation="0.000000 1.000000 0.000000 0.000000"
					           >
						<Group DEF="group_ME_ID649">
							<Shape>
								<Appearance>
									<Material USE="MA_material_022" />
								</Appearance>
								<IndexedFaceSet solid="false"
								                coordIndex="0 1 2 -1 1 0 3 -1 4 5 6 -1 5 4 7 -1 7 4 8 -1 8 4 9 -1 9 4 10 -1 10 4 11 -1 11 4 12 -1 13 7 8 -1 14 15 16 -1 15 14 17 -1 18 19 20 -1 21 22 23 -1 22 21 20 -1 22 20 19 -1 22 19 24 -1 22 24 25 -1 22 25 26 -1 22 26 27 -1 28 29 30 -1 29 28 31 -1 32 33 34 -1 33 32 35 -1 36 37 38 -1 37 36 39 -1 40 41 42 -1 41 40 43 -1 44 45 46 -1 45 44 47 -1 48 49 50 -1 49 48 51 -1 52 53 54 -1 53 52 55 -1 56 57 58 -1 57 56 59 -1 57 59 60 -1 61 62 63 -1 62 61 64 -1 65 66 67 -1 66 65 68 -1 69 70 71 -1 "
								                >
									<Coordinate DEF="coords_ME_ID649"
									            point="55.865005 0.000001 8.267716 -0.827905 3.937008 8.267716 -0.827905 0.000000 8.267716 55.865005 3.937009 8.267716 55.865005 0.000001 8.267716 -9.388056 0.000000 0.000000 55.865005 0.000001 -0.000000 -11.671519 0.000000 0.787402 -1.615307 0.000000 5.905512 -1.512908 0.000000 6.500865 -1.242749 0.000000 7.041184 -0.827905 0.000000 7.480315 -0.827905 0.000000 8.267716 -13.718764 0.000000 5.905512 55.865005 0.000001 -0.000000 55.865005 3.937009 8.267716 55.865005 0.000001 8.267716 55.865005 3.937009 0.000000 -13.718764 3.937008 5.905512 -1.615307 3.937008 5.905512 -11.671519 3.937008 0.787402 -9.388056 3.937008 0.000000 55.865005 3.937009 8.267716 55.865005 3.937009 0.000000 -1.512908 3.937008 6.500865 -1.242749 3.937008 7.041184 -0.827905 3.937008 7.480315 -0.827905 3.937008 8.267716 -0.827905 3.937008 8.267716 -0.827905 0.000000 7.480315 -0.827905 0.000000 8.267716 -0.827905 3.937008 7.480315 -0.827905 3.937008 7.480315 -1.242749 0.000000 7.041184 -0.827905 0.000000 7.480315 -1.242749 3.937008 7.041184 -1.242749 3.937008 7.041184 -1.512908 0.000000 6.500865 -1.242749 0.000000 7.041184 -1.512908 3.937008 6.500865 -1.512908 3.937008 6.500865 -1.615307 0.000000 5.905512 -1.512908 0.000000 6.500865 -1.615307 3.937008 5.905512 -1.615307 0.000000 5.905512 -13.718764 3.937008 5.905512 -13.718764 0.000000 5.905512 -1.615307 3.937008 5.905512 -15.394835 1.968504 5.174428 -11.671519 0.000000 0.787402 -13.718764 0.000000 5.905512 -13.640024 1.968504 0.787402 -11.356559 1.968504 0.000000 -11.671519 0.000000 0.787402 -13.640024 1.968504 0.787402 -9.388056 0.000000 0.000000 -9.388056 3.937008 0.000000 -9.388056 0.000000 0.000000 -11.356559 1.968504 0.000000 55.865005 3.937009 0.000000 55.865005 0.000001 -0.000000 -11.671519 3.937008 0.787402 -11.356559 1.968504 0.000000 -13.640024 1.968504 0.787402 -9.388056 3.937008 0.000000 -13.718764 3.937008 5.905512 -13.640024 1.968504 0.787402 -15.394835 1.968504 5.174428 -11.671519 3.937008 0.787402 -13.718764 3.937008 5.905512 -15.394835 1.968504 5.174428 -13.718764 0.000000 5.905512 "
									            />
								</IndexedFaceSet>
							</Shape>
						</Group>
					</Transform>
				</Transform>
				<Transform DEF="instance_117_TRANSFORM"
				           translation="13.385836 4.724410 29.527557"
				           scale="1.000000 1.000000 1.000000"
				           rotation="0.000000 0.000000 1.000000 1.570796"
				           >
					<Transform DEF="instance_117_ifs_TRANSFORM"
					           translation="0.000000 0.000000 0.000000"
					           scale="1.000000 1.000000 1.000000"
					           rotation="0.000000 1.000000 0.000000 0.000000"
					           >
						<Group USE="group_ME_ID376_001" />
					</Transform>
				</Transform>
				<Transform DEF="instance_118_TRANSFORM"
				           translation="43.700779 32.283466 18.897629"
				           scale="1.000000 1.000000 1.000000"
				           rotation="0.000000 1.000000 0.000000 0.000000"
				           >
					<Transform DEF="instance_118_ifs_TRANSFORM"
					           translation="0.000004 -0.000002 0.000000"
					           scale="1.000000 1.000000 1.000000"
					           rotation="0.000000 1.000000 0.000000 0.000000"
					           >
						<Group USE="group_ME_ID148_003" />
					</Transform>
				</Transform>
				<Transform DEF="instance_119_TRANSFORM"
				           translation="20.078739 25.984251 27.165359"
				           scale="1.000000 1.000000 1.000000"
				           rotation="0.000000 1.000000 0.000000 0.000000"
				           >
					<Transform DEF="instance_119_ifs_TRANSFORM"
					           translation="0.000004 0.000000 0.000000"
					           scale="1.000000 1.000000 1.000000"
					           rotation="0.000000 1.000000 0.000000 0.000000"
					           >
						<Group USE="group_ME_ID148_003" />
					</Transform>
				</Transform>
				<Transform DEF="instance_120_TRANSFORM"
				           translation="20.078737 5.511810 27.165359"
				           scale="1.000000 1.000000 1.000000"
				           rotation="0.000000 1.000000 0.000000 0.000000"
				           >
					<Transform DEF="instance_120_ifs_TRANSFORM"
					           translation="0.000002 0.000000 0.000000"
					           scale="1.000000 1.000000 1.000000"
					           rotation="0.000000 1.000000 0.000000 0.000000"
					           >
						<Group USE="group_ME_ID148_003" />
					</Transform>
				</Transform>
				<Transform DEF="instance_121_TRANSFORM"
				           translation="38.188969 22.440945 18.897629"
				           scale="1.000000 1.000000 1.000000"
				           rotation="-0.000000 -0.000000 -1.000000 3.141593"
				           >
					<Transform DEF="instance_121_ifs_TRANSFORM"
					           translation="-0.000007 0.000002 0.000000"
					           scale="1.000000 1.000000 1.000000"
					           rotation="0.000000 1.000000 0.000000 0.000000"
					           >
						<Group USE="group_ME_ID387" />
					</Transform>
				</Transform>
				<Transform DEF="instance_122_TRANSFORM"
				           translation="43.700775 0.000000 18.897629"
				           scale="1.000000 1.000000 1.000000"
				           rotation="0.000000 1.000000 0.000000 0.000000"
				           >
					<Transform DEF="instance_122_ifs_TRANSFORM"
					           translation="0.000002 0.000000 0.000000"
					           scale="1.000000 1.000000 1.000000"
					           rotation="0.000000 1.000000 0.000000 0.000000"
					           >
						<Group USE="group_ME_ID148_003" />
					</Transform>
				</Transform>
				<Transform DEF="instance_123_TRANSFORM"
				           translation="43.700779 26.377953 10.629929"
				           scale="1.000000 1.000000 1.000000"
				           rotation="0.000000 1.000000 0.000000 0.000000"
				           >
					<Transform DEF="instance_123_ifs_TRANSFORM"
					           translation="0.000004 -0.000002 0.000000"
					           scale="1.000000 1.000000 1.000000"
					           rotation="0.000000 1.000000 0.000000 0.000000"
					           >
						<Group USE="group_ME_ID148_003" />
					</Transform>
				</Transform>
				<Transform DEF="instance_124_TRANSFORM"
				           translation="20.078739 15.354330 18.897629"
				           scale="1.000000 1.000000 1.000000"
				           rotation="0.000000 1.000000 0.000000 0.000000"
				           >
					<Transform DEF="instance_124_ifs_TRANSFORM"
					           translation="0.000003 0.000000 0.000000"
					           scale="1.000000 1.000000 1.000000"
					           rotation="0.000000 1.000000 0.000000 0.000000"
					           >
						<Group USE="group_ME_ID138_004" />
					</Transform>
				</Transform>
				<Transform DEF="instance_125_TRANSFORM"
				           translation="8.267733 3.937007 35.433075"
				           scale="1.000000 1.000000 1.000000"
				           rotation="0.000000 1.000000 0.000000 0.000000"
				           >
					<Transform DEF="instance_125_ifs_TRANSFORM"
					           translation="0.000002 -0.000001 0.000000"
					           scale="1.000000 1.000000 1.000000"
					           rotation="0.000000 1.000000 0.000000 0.000000"
					           >
						<Group USE="group_ME_ID148_003" />
					</Transform>
				</Transform>
				<Transform DEF="instance_126_TRANSFORM"
				           translation="8.267704 28.346455 35.433075"
				           scale="1.000000 1.000000 1.000000"
				           rotation="0.000000 1.000000 0.000000 0.000000"
				           >
					<Transform DEF="instance_126_ifs_TRANSFORM"
					           translation="0.000004 0.000001 0.000000"
					           scale="1.000000 1.000000 1.000000"
					           rotation="0.000000 1.000000 0.000000 0.000000"
					           >
						<Group USE="group_ME_ID148_003" />
					</Transform>
				</Transform>
				<Transform DEF="instance_127_TRANSFORM"
				           translation="33.070866 30.708662 12.992126"
				           scale="1.000000 1.000000 1.000000"
				           rotation="0.000000 0.000000 -1.000000 1.570796"
				           >
					<Transform DEF="instance_127_ifs_TRANSFORM"
					           translation="0.000002 0.000008 0.000000"
					           scale="1.000000 1.000000 1.000000"
					           rotation="0.000000 1.000000 0.000000 0.000000"
					           >
						<Group USE="group_ME_ID400_002" />
					</Transform>
				</Transform>
				<Transform DEF="instance_128_TRANSFORM"
				           translation="20.866154 16.929132 12.992126"
				           scale="1.000000 1.000000 1.000000"
				           rotation="0.000000 1.000000 0.000000 0.000000"
				           >
					<Transform DEF="instance_128_ifs_TRANSFORM"
					           translation="0.000003 0.000000 0.000000"
					           scale="1.000000 1.000000 1.000000"
					           rotation="0.000000 1.000000 0.000000 0.000000"
					           >
						<Group USE="group_ME_ID408_001" />
					</Transform>
				</Transform>
				<Transform DEF="instance_129_TRANSFORM"
				           translation="9.055118 16.929132 21.259842"
				           scale="1.000000 1.000000 1.000000"
				           rotation="0.000000 1.000000 0.000000 0.000000"
				           >
					<Transform DEF="instance_129_ifs_TRANSFORM"
					           translation="0.000003 0.000001 0.000000"
					           scale="1.000000 1.000000 1.000000"
					           rotation="0.000000 1.000000 0.000000 0.000000"
					           >
						<Group USE="group_ME_ID416_001" />
					</Transform>
				</Transform>
				<Transform DEF="instance_130_TRANSFORM"
				           translation="31.889772 5.511811 18.897629"
				           scale="1.000000 1.000000 1.000000"
				           rotation="0.000000 1.000000 0.000000 0.000000"
				           >
					<Transform DEF="instance_130_ifs_TRANSFORM"
					           translation="0.000002 -0.000001 0.000000"
					           scale="1.000000 1.000000 1.000000"
					           rotation="0.000000 1.000000 0.000000 0.000000"
					           >
						<Group USE="group_ME_ID148_003" />
					</Transform>
				</Transform>
				<Transform DEF="instance_131_TRANSFORM"
				           translation="8.267734 15.354331 35.433075"
				           scale="1.000000 1.000000 1.000000"
				           rotation="0.000000 1.000000 0.000000 0.000000"
				           >
					<Transform DEF="instance_131_ifs_TRANSFORM"
					           translation="0.000003 0.000001 0.000000"
					           scale="1.000000 1.000000 1.000000"
					           rotation="0.000000 1.000000 0.000000 0.000000"
					           >
						<Group USE="group_ME_ID138_004" />
					</Transform>
				</Transform>
				<Transform DEF="instance_132_TRANSFORM"
				           translation="31.889774 25.984251 18.897644"
				           scale="1.000000 1.000000 1.000000"
				           rotation="0.000000 1.000000 0.000000 0.000000"
				           >
					<Transform DEF="instance_132_ifs_TRANSFORM"
					           translation="0.000004 -0.000001 0.000000"
					           scale="1.000000 1.000000 1.000000"
					           rotation="0.000000 1.000000 0.000000 0.000000"
					           >
						<Group USE="group_ME_ID148_003" />
					</Transform>
				</Transform>
				<Transform DEF="instance_133_TRANSFORM"
				           translation="32.677158 16.929132 4.724411"
				           scale="1.000000 1.000000 1.000000"
				           rotation="0.000000 1.000000 0.000000 0.000000"
				           >
					<Transform DEF="instance_133_ifs_TRANSFORM"
					           translation="0.000003 -0.000001 0.000000"
					           scale="1.000000 1.000000 1.000000"
					           rotation="0.000000 1.000000 0.000000 0.000000"
					           >
						<Group USE="group_ME_ID427" />
					</Transform>
				</Transform>
				<Transform DEF="instance_134_TRANSFORM"
				           translation="53.149601 25.196850 0.000000"
				           scale="1.000000 1.000000 1.000000"
				           rotation="0.000000 0.000000 1.000000 3.141593"
				           >
					<Transform DEF="instance_134_ifs_TRANSFORM"
					           translation="0.000001 0.000001 0.000000"
					           scale="1.000000 1.000000 1.000000"
					           rotation="0.000000 1.000000 0.000000 0.000000"
					           >
						<Group USE="group_ME_ID435_001" />
					</Transform>
				</Transform>
				<Transform DEF="instance_135_TRANSFORM"
				           translation="31.889774 32.283466 27.165359"
				           scale="1.000000 1.000000 1.000000"
				           rotation="0.000000 1.000000 0.000000 0.000000"
				           >
					<Transform DEF="instance_135_ifs_TRANSFORM"
					           translation="0.000004 -0.000001 0.000000"
					           scale="1.000000 1.000000 1.000000"
					           rotation="0.000000 1.000000 0.000000 0.000000"
					           >
						<Group USE="group_ME_ID148_003" />
					</Transform>
				</Transform>
				<Transform DEF="instance_136_TRANSFORM"
				           translation="21.259830 30.708662 21.259842"
				           scale="1.000000 1.000000 1.000000"
				           rotation="0.000000 0.000000 -1.000000 1.570796"
				           >
					<Transform DEF="instance_136_ifs_TRANSFORM"
					           translation="0.000000 0.000008 0.000000"
					           scale="1.000000 1.000000 1.000000"
					           rotation="0.000000 1.000000 0.000000 0.000000"
					           >
						<Group USE="group_ME_ID400_002" />
					</Transform>
				</Transform>
				<Transform DEF="instance_137_TRANSFORM"
				           translation="43.700779 5.905512 10.629929"
				           scale="1.000000 1.000000 1.000000"
				           rotation="0.000000 1.000000 0.000000 0.000000"
				           >
					<Transform DEF="instance_137_ifs_TRANSFORM"
					           translation="0.000002 0.000000 0.000000"
					           scale="1.000000 1.000000 1.000000"
					           rotation="0.000000 1.000000 0.000000 0.000000"
					           >
						<Group USE="group_ME_ID148_003" />
					</Transform>
				</Transform>
				<Transform DEF="instance_138_TRANSFORM"
				           translation="31.889774 15.354333 10.629929"
				           scale="1.000000 1.000000 1.000000"
				           rotation="0.000000 1.000000 0.000000 0.000000"
				           >
					<Transform DEF="instance_138_ifs_TRANSFORM"
					           translation="0.000003 -0.000001 0.000000"
					           scale="1.000000 1.000000 1.000000"
					           rotation="0.000000 1.000000 0.000000 0.000000"
					           >
						<Group USE="group_ME_ID138_004" />
					</Transform>
				</Transform>
				<Transform DEF="instance_139_TRANSFORM"
				           translation="33.070866 37.007874 21.259842"
				           scale="1.000000 1.000000 1.000000"
				           rotation="0.000000 0.000000 -1.000000 1.570796"
				           >
					<Transform DEF="instance_139_ifs_TRANSFORM"
					           translation="0.000002 0.000009 0.000000"
					           scale="1.000000 1.000000 1.000000"
					           rotation="0.000000 1.000000 0.000000 0.000000"
					           >
						<Group USE="group_ME_ID447_002" />
					</Transform>
				</Transform>
				<Transform DEF="instance_140_TRANSFORM"
				           translation="31.889772 -0.000001 27.165359"
				           scale="1.000000 1.000000 1.000000"
				           rotation="0.000000 1.000000 0.000000 0.000000"
				           >
					<Transform DEF="instance_140_ifs_TRANSFORM"
					           translation="0.000002 -0.000001 0.000000"
					           scale="1.000000 1.000000 1.000000"
					           rotation="0.000000 1.000000 0.000000 0.000000"
					           >
						<Group USE="group_ME_ID148_003" />
					</Transform>
				</Transform>
				<Transform DEF="instance_141_TRANSFORM"
				           translation="8.267734 15.354331 27.165359"
				           scale="1.000000 1.000000 1.000000"
				           rotation="0.000000 1.000000 0.000000 0.000000"
				           >
					<Transform DEF="instance_141_ifs_TRANSFORM"
					           translation="0.000003 0.000001 0.000000"
					           scale="1.000000 1.000000 1.000000"
					           rotation="0.000000 1.000000 0.000000 0.000000"
					           >
						<Group USE="group_ME_ID138_004" />
					</Transform>
				</Transform>
				<Transform DEF="instance_142_TRANSFORM"
				           translation="20.078737 0.000000 35.433075"
				           scale="1.000000 1.000000 1.000000"
				           rotation="0.000000 1.000000 0.000000 0.000000"
				           >
					<Transform DEF="instance_142_ifs_TRANSFORM"
					           translation="0.000002 0.000000 0.000000"
					           scale="1.000000 1.000000 1.000000"
					           rotation="0.000000 1.000000 0.000000 0.000000"
					           >
						<Group USE="group_ME_ID148_003" />
					</Transform>
				</Transform>
				<Transform DEF="instance_143_TRANSFORM"
				           translation="20.078739 32.283466 35.433075"
				           scale="1.000000 1.000000 1.000000"
				           rotation="0.000000 1.000000 0.000000 0.000000"
				           >
					<Transform DEF="instance_143_ifs_TRANSFORM"
					           translation="0.000004 0.000000 0.000000"
					           scale="1.000000 1.000000 1.000000"
					           rotation="0.000000 1.000000 0.000000 0.000000"
					           >
						<Group USE="group_ME_ID148_003" />
					</Transform>
				</Transform>
				<Transform DEF="instance_144_TRANSFORM"
				           translation="21.259830 37.007870 29.527557"
				           scale="1.000000 1.000000 1.000000"
				           rotation="0.000000 0.000000 -1.000000 1.570796"
				           >
					<Transform DEF="instance_144_ifs_TRANSFORM"
					           translation="0.000000 0.000009 0.000000"
					           scale="1.000000 1.000000 1.000000"
					           rotation="0.000000 1.000000 0.000000 0.000000"
					           >
						<Group USE="group_ME_ID447_002" />
					</Transform>
				</Transform>
				<Transform DEF="instance_145_TRANSFORM"
				           translation="43.700779 16.136658 35.433075"
				           scale="1.000000 1.000000 1.000000"
				           rotation="0.000000 1.000000 0.000000 0.000000"
				           >
					<Transform DEF="instance_145_ifs_TRANSFORM"
					           translation="0.000003 -0.000002 0.000000"
					           scale="1.000000 1.000000 1.000000"
					           rotation="0.000000 1.000000 0.000000 0.000000"
					           >
						<Group USE="group_ME_ID148_003" />
					</Transform>
				</Transform>
			</Transform>
			<Transform DEF="group_60_TRANSFORM"
			           translation="-89.681824 264.965118 189.346893"
			           scale="1.000000 1.000000 1.000000"
			           rotation="0.000000 1.000000 0.000000 0.000000"
			           >
				<Transform DEF="group_60_ifs_TRANSFORM"
				           translation="0.000000 0.000000 0.000000"
				           scale="1.000000 1.000000 1.000000"
				           rotation="0.000000 1.000000 0.000000 0.000000"
				           >
					<Group DEF="group_ME_ID685_001">
						<Shape>
							<Appearance>
								<Material USE="MA_material_022" />
							</Appearance>
							<IndexedFaceSet solid="false"
							                coordIndex="0 1 2 -1 1 0 3 -1 4 5 6 -1 5 4 7 -1 8 9 10 -1 9 8 11 -1 12 13 14 -1 13 12 15 -1 16 17 18 -1 17 16 19 -1 20 21 22 -1 21 20 23 -1 "
							                >
								<Coordinate DEF="coords_ME_ID685_001"
								            point="3.937008 160.236221 0.000000 3.937008 0.000000 5.905512 3.937008 0.000000 0.000000 3.937008 160.236221 5.905512 0.000000 160.236221 5.905512 3.937008 160.236221 0.000000 0.000000 160.236221 0.000000 3.937008 160.236221 5.905512 3.937008 0.000000 5.905512 0.000000 160.236221 5.905512 0.000000 0.000000 5.905512 3.937008 160.236221 5.905512 3.937008 0.000000 5.905512 0.000000 0.000000 0.000000 3.937008 0.000000 0.000000 0.000000 0.000000 5.905512 3.937008 160.236221 0.000000 0.000000 0.000000 0.000000 0.000000 160.236221 0.000000 3.937008 0.000000 0.000000 0.000000 160.236221 5.905512 0.000000 0.000000 0.000000 0.000000 0.000000 5.905512 0.000000 160.236221 0.000000 "
								            />
							</IndexedFaceSet>
						</Shape>
					</Group>
				</Transform>
			</Transform>
			<Transform DEF="group_61_TRANSFORM"
			           translation="-77.870796 264.965118 189.346893"
			           scale="1.000000 1.000000 1.000000"
			           rotation="0.000000 1.000000 0.000000 0.000000"
			           >
				<Transform DEF="group_61_ifs_TRANSFORM"
				           translation="0.000000 0.000000 0.000000"
				           scale="1.000000 1.000000 1.000000"
				           rotation="0.000000 1.000000 0.000000 0.000000"
				           >
					<Group DEF="group_ME_ID692_001">
						<Shape>
							<Appearance>
								<Material USE="MA_material_022" />
							</Appearance>
							<IndexedFaceSet solid="false"
							                coordIndex="0 1 2 -1 1 0 3 -1 4 5 6 -1 5 4 7 -1 8 9 10 -1 9 8 11 -1 12 13 14 -1 13 12 15 -1 16 17 18 -1 17 16 19 -1 20 21 22 -1 21 20 23 -1 "
							                >
								<Coordinate DEF="coords_ME_ID692_001"
								            point="3.937008 160.236221 0.000000 3.937008 0.000000 5.905512 3.937008 0.000000 0.000000 3.937008 160.236221 5.905512 0.000000 160.236221 5.905512 3.937008 160.236221 0.000000 0.000000 160.236221 0.000000 3.937008 160.236221 5.905512 3.937008 0.000000 5.905512 0.000000 160.236221 5.905512 0.000000 0.000000 5.905512 3.937008 160.236221 5.905512 3.937008 0.000000 5.905512 0.000000 0.000000 0.000000 3.937008 0.000000 0.000000 0.000000 0.000000 5.905512 3.937008 160.236221 0.000000 0.000000 0.000000 0.000000 0.000000 160.236221 0.000000 3.937008 0.000000 0.000000 0.000000 160.236221 5.905512 0.000000 0.000000 0.000000 0.000000 0.000000 5.905512 0.000000 160.236221 0.000000 "
								            />
							</IndexedFaceSet>
						</Shape>
					</Group>
				</Transform>
			</Transform>
			<Transform DEF="group_62_TRANSFORM"
			           translation="-66.059776 264.965118 189.346893"
			           scale="1.000000 1.000000 1.000000"
			           rotation="0.000000 1.000000 0.000000 0.000000"
			           >
				<Transform DEF="group_62_ifs_TRANSFORM"
				           translation="0.000000 0.000000 0.000000"
				           scale="1.000000 1.000000 1.000000"
				           rotation="0.000000 1.000000 0.000000 0.000000"
				           >
					<Group DEF="group_ME_ID699_001">
						<Shape>
							<Appearance>
								<Material USE="MA_material_022" />
							</Appearance>
							<IndexedFaceSet solid="false"
							                coordIndex="0 1 2 -1 1 0 3 -1 4 5 6 -1 5 4 7 -1 8 9 10 -1 9 8 11 -1 12 13 14 -1 13 12 15 -1 16 17 18 -1 17 16 19 -1 20 21 22 -1 21 20 23 -1 "
							                >
								<Coordinate DEF="coords_ME_ID699_001"
								            point="3.937008 160.236221 0.000000 3.937008 0.000000 5.905512 3.937008 0.000000 0.000000 3.937008 160.236221 5.905512 0.000000 160.236221 5.905512 3.937008 160.236221 0.000000 0.000000 160.236221 0.000000 3.937008 160.236221 5.905512 3.937008 0.000000 5.905512 0.000000 160.236221 5.905512 0.000000 0.000000 5.905512 3.937008 160.236221 5.905512 3.937008 0.000000 5.905512 0.000000 0.000000 0.000000 3.937008 0.000000 0.000000 0.000000 0.000000 5.905512 3.937008 160.236221 0.000000 0.000000 0.000000 0.000000 0.000000 160.236221 0.000000 3.937008 0.000000 0.000000 0.000000 160.236221 5.905512 0.000000 0.000000 0.000000 0.000000 0.000000 5.905512 0.000000 160.236221 0.000000 "
								            />
							</IndexedFaceSet>
						</Shape>
					</Group>
				</Transform>
			</Transform>
			<Transform DEF="group_63_TRANSFORM"
			           translation="-54.248753 264.965118 189.346893"
			           scale="1.000000 1.000000 1.000000"
			           rotation="0.000000 1.000000 0.000000 0.000000"
			           >
				<Transform DEF="group_63_ifs_TRANSFORM"
				           translation="0.000000 0.000000 0.000000"
				           scale="1.000000 1.000000 1.000000"
				           rotation="0.000000 1.000000 0.000000 0.000000"
				           >
					<Group DEF="group_ME_ID706_001">
						<Shape>
							<Appearance>
								<Material USE="MA_material_022" />
							</Appearance>
							<IndexedFaceSet solid="false"
							                coordIndex="0 1 2 -1 1 0 3 -1 4 5 6 -1 5 4 7 -1 8 9 10 -1 9 8 11 -1 12 13 14 -1 13 12 15 -1 16 17 18 -1 17 16 19 -1 20 21 22 -1 21 20 23 -1 "
							                >
								<Coordinate DEF="coords_ME_ID706_001"
								            point="3.937008 160.236221 0.000000 3.937008 0.000000 5.905512 3.937008 0.000000 0.000000 3.937008 160.236221 5.905512 0.000000 160.236221 5.905512 3.937008 160.236221 0.000000 0.000000 160.236221 0.000000 3.937008 160.236221 5.905512 3.937008 0.000000 5.905512 0.000000 160.236221 5.905512 0.000000 0.000000 5.905512 3.937008 160.236221 5.905512 3.937008 0.000000 5.905512 0.000000 0.000000 0.000000 3.937008 0.000000 0.000000 0.000000 0.000000 5.905512 3.937008 160.236221 0.000000 0.000000 0.000000 0.000000 0.000000 160.236221 0.000000 3.937008 0.000000 0.000000 0.000000 160.236221 5.905512 0.000000 0.000000 0.000000 0.000000 0.000000 5.905512 0.000000 160.236221 0.000000 "
								            />
							</IndexedFaceSet>
						</Shape>
					</Group>
				</Transform>
			</Transform>
			<Transform DEF="group_64_TRANSFORM"
			           translation="-41.650330 264.965118 189.346893"
			           scale="1.000000 1.000000 1.000000"
			           rotation="0.000000 1.000000 0.000000 0.000000"
			           >
				<Transform DEF="group_64_ifs_TRANSFORM"
				           translation="0.000000 0.000000 0.000000"
				           scale="1.000000 1.000000 1.000000"
				           rotation="0.000000 1.000000 0.000000 0.000000"
				           >
					<Group DEF="group_ME_ID713_001">
						<Shape>
							<Appearance>
								<Material USE="MA_material_022" />
							</Appearance>
							<IndexedFaceSet solid="false"
							                coordIndex="0 1 2 -1 1 0 3 -1 4 5 6 -1 5 4 7 -1 8 9 10 -1 9 8 11 -1 12 13 14 -1 13 12 15 -1 16 17 18 -1 17 16 19 -1 20 21 22 -1 21 20 23 -1 "
							                >
								<Coordinate DEF="coords_ME_ID713_001"
								            point="3.937008 160.236221 0.000000 3.937008 100.787399 5.905512 3.937008 100.787399 0.000000 3.937008 160.236221 5.905512 0.000000 160.236221 5.905512 3.937008 160.236221 0.000000 0.000000 160.236221 0.000000 3.937008 160.236221 5.905512 3.937008 100.787399 5.905512 0.000000 160.236221 5.905512 0.000000 100.787399 5.905512 3.937008 160.236221 5.905512 3.937008 100.787399 5.905512 0.000000 100.787399 0.000000 3.937008 100.787399 0.000000 0.000000 100.787399 5.905512 3.937008 160.236221 0.000000 0.000000 100.787399 0.000000 0.000000 160.236221 0.000000 3.937008 100.787399 0.000000 0.000000 160.236221 5.905512 0.000000 100.787399 0.000000 0.000000 100.787399 5.905512 0.000000 160.236221 0.000000 "
								            />
							</IndexedFaceSet>
						</Shape>
					</Group>
				</Transform>
			</Transform>
			<Transform DEF="group_65_TRANSFORM"
			           translation="-99.125565 411.810455 189.346893"
			           scale="1.000000 1.000000 1.000000"
			           rotation="0.000000 1.000000 0.000000 0.000000"
			           >
				<Transform DEF="group_65_ifs_TRANSFORM"
				           translation="0.000000 0.000000 0.000000"
				           scale="1.000000 1.000000 1.000000"
				           rotation="0.000000 1.000000 0.000000 0.000000"
				           >
					<Group DEF="group_ME_ID720_001">
						<Shape>
							<Appearance>
								<Material USE="MA_material_022" />
							</Appearance>
							<IndexedFaceSet solid="false"
							                coordIndex="0 1 2 -1 1 0 3 -1 4 5 6 -1 5 4 7 -1 8 9 10 -1 9 8 11 -1 12 13 14 -1 13 12 15 -1 16 17 18 -1 17 16 19 -1 20 21 22 -1 21 20 23 -1 "
							                >
								<Coordinate DEF="coords_ME_ID720_001"
								            point="160.236221 3.937008 0.000000 160.236221 0.000000 5.905512 160.236221 0.000000 0.000000 160.236221 3.937008 5.905512 0.000000 0.000000 5.905512 160.236221 3.937008 5.905512 0.000000 3.937008 5.905512 160.236221 0.000000 5.905512 160.236221 0.000000 5.905512 0.000000 0.000000 0.000000 160.236221 0.000000 0.000000 0.000000 0.000000 5.905512 160.236221 3.937008 0.000000 0.000000 0.000000 0.000000 0.000000 3.937008 0.000000 160.236221 0.000000 0.000000 0.000000 3.937008 5.905512 160.236221 3.937008 0.000000 0.000000 3.937008 0.000000 160.236221 3.937008 5.905512 0.000000 3.937008 5.905512 0.000000 0.000000 0.000000 0.000000 0.000000 5.905512 0.000000 3.937008 0.000000 "
								            />
							</IndexedFaceSet>
						</Shape>
					</Group>
				</Transform>
			</Transform>
			<Transform DEF="group_66_TRANSFORM"
			           translation="-99.125565 399.999420 189.346893"
			           scale="1.000000 1.000000 1.000000"
			           rotation="0.000000 1.000000 0.000000 0.000000"
			           >
				<Transform DEF="group_66_ifs_TRANSFORM"
				           translation="0.000000 0.000000 0.000000"
				           scale="1.000000 1.000000 1.000000"
				           rotation="0.000000 1.000000 0.000000 0.000000"
				           >
					<Group DEF="group_ME_ID727">
						<Shape>
							<Appearance>
								<Material USE="MA_material_022" />
							</Appearance>
							<IndexedFaceSet solid="false"
							                coordIndex="0 1 2 -1 1 0 3 -1 4 5 6 -1 5 4 7 -1 8 9 10 -1 9 8 11 -1 12 13 14 -1 13 12 15 -1 16 17 18 -1 17 16 19 -1 20 21 22 -1 21 20 23 -1 "
							                >
								<Coordinate DEF="coords_ME_ID727"
								            point="160.236221 3.937008 0.000000 160.236221 0.000000 5.905512 160.236221 0.000000 0.000000 160.236221 3.937008 5.905512 0.000000 0.000000 5.905512 160.236221 3.937008 5.905512 0.000000 3.937008 5.905512 160.236221 0.000000 5.905512 160.236221 0.000000 5.905512 0.000000 0.000000 0.000000 160.236221 0.000000 0.000000 0.000000 0.000000 5.905512 160.236221 3.937008 0.000000 0.000000 0.000000 0.000000 0.000000 3.937008 0.000000 160.236221 0.000000 0.000000 0.000000 3.937008 5.905512 160.236221 3.937008 0.000000 0.000000 3.937008 0.000000 160.236221 3.937008 5.905512 0.000000 3.937008 5.905512 0.000000 0.000000 0.000000 0.000000 0.000000 5.905512 0.000000 3.937008 0.000000 "
								            />
							</IndexedFaceSet>
						</Shape>
					</Group>
				</Transform>
			</Transform>
			<Transform DEF="group_67_TRANSFORM"
			           translation="-99.125565 388.188385 189.346893"
			           scale="1.000000 1.000000 1.000000"
			           rotation="0.000000 1.000000 0.000000 0.000000"
			           >
				<Transform DEF="group_67_ifs_TRANSFORM"
				           translation="0.000000 0.000000 0.000000"
				           scale="1.000000 1.000000 1.000000"
				           rotation="0.000000 1.000000 0.000000 0.000000"
				           >
					<Group DEF="group_ME_ID734">
						<Shape>
							<Appearance>
								<Material USE="MA_material_022" />
							</Appearance>
							<IndexedFaceSet solid="false"
							                coordIndex="0 1 2 -1 1 0 3 -1 4 5 6 -1 5 4 7 -1 8 9 10 -1 9 8 11 -1 12 13 14 -1 13 12 15 -1 16 17 18 -1 17 16 19 -1 20 21 22 -1 21 20 23 -1 "
							                >
								<Coordinate DEF="coords_ME_ID734"
								            point="160.236221 3.937008 0.000000 160.236221 0.000000 5.905512 160.236221 0.000000 0.000000 160.236221 3.937008 5.905512 0.000000 0.000000 5.905512 160.236221 3.937008 5.905512 0.000000 3.937008 5.905512 160.236221 0.000000 5.905512 160.236221 0.000000 5.905512 0.000000 0.000000 0.000000 160.236221 0.000000 0.000000 0.000000 0.000000 5.905512 160.236221 3.937008 0.000000 0.000000 0.000000 0.000000 0.000000 3.937008 0.000000 160.236221 0.000000 0.000000 0.000000 3.937008 5.905512 160.236221 3.937008 0.000000 0.000000 3.937008 0.000000 160.236221 3.937008 5.905512 0.000000 3.937008 5.905512 0.000000 0.000000 0.000000 0.000000 0.000000 5.905512 0.000000 3.937008 0.000000 "
								            />
							</IndexedFaceSet>
						</Shape>
					</Group>
				</Transform>
			</Transform>
			<Transform DEF="group_68_TRANSFORM"
			           translation="-99.125565 376.377380 189.346893"
			           scale="1.000000 1.000000 1.000000"
			           rotation="0.000000 1.000000 0.000000 0.000000"
			           >
				<Transform DEF="group_68_ifs_TRANSFORM"
				           translation="0.000000 0.000000 0.000000"
				           scale="1.000000 1.000000 1.000000"
				           rotation="0.000000 1.000000 0.000000 0.000000"
				           >
					<Group DEF="group_ME_ID741">
						<Shape>
							<Appearance>
								<Material USE="MA_material_022" />
							</Appearance>
							<IndexedFaceSet solid="false"
							                coordIndex="0 1 2 -1 1 0 3 -1 4 5 6 -1 5 4 7 -1 8 9 10 -1 9 8 11 -1 12 13 14 -1 13 12 15 -1 16 17 18 -1 17 16 19 -1 20 21 22 -1 21 20 23 -1 "
							                >
								<Coordinate DEF="coords_ME_ID741"
								            point="160.236221 3.937008 0.000000 160.236221 0.000000 5.905512 160.236221 0.000000 0.000000 160.236221 3.937008 5.905512 0.000000 0.000000 5.905512 160.236221 3.937008 5.905512 0.000000 3.937008 5.905512 160.236221 0.000000 5.905512 160.236221 0.000000 5.905512 0.000000 0.000000 0.000000 160.236221 0.000000 0.000000 0.000000 0.000000 5.905512 160.236221 3.937008 0.000000 0.000000 0.000000 0.000000 0.000000 3.937008 0.000000 160.236221 0.000000 0.000000 0.000000 3.937008 5.905512 160.236221 3.937008 0.000000 0.000000 3.937008 0.000000 160.236221 3.937008 5.905512 0.000000 3.937008 5.905512 0.000000 0.000000 0.000000 0.000000 0.000000 5.905512 0.000000 3.937008 0.000000 "
								            />
							</IndexedFaceSet>
						</Shape>
					</Group>
				</Transform>
			</Transform>
			<Transform DEF="group_69_TRANSFORM"
			           translation="-99.125565 363.778931 189.346893"
			           scale="1.000000 1.000000 1.000000"
			           rotation="0.000000 1.000000 0.000000 0.000000"
			           >
				<Transform DEF="group_69_ifs_TRANSFORM"
				           translation="0.000000 0.000000 0.000000"
				           scale="1.000000 1.000000 1.000000"
				           rotation="0.000000 1.000000 0.000000 0.000000"
				           >
					<Group DEF="group_ME_ID748_001">
						<Shape>
							<Appearance>
								<Material USE="MA_material_022" />
							</Appearance>
							<IndexedFaceSet solid="false"
							                coordIndex="0 1 2 -1 1 0 3 -1 4 5 6 -1 5 4 7 -1 8 9 10 -1 9 8 11 -1 12 13 14 -1 13 12 15 -1 16 17 18 -1 17 16 19 -1 20 21 22 -1 21 20 23 -1 "
							                >
								<Coordinate DEF="coords_ME_ID748_001"
								            point="60.629921 3.937008 0.000000 60.629921 0.000000 5.905512 60.629921 0.000000 0.000000 60.629921 3.937008 5.905512 0.000000 0.000000 5.905512 60.629921 3.937008 5.905512 0.000000 3.937008 5.905512 60.629921 0.000000 5.905512 60.629921 0.000000 5.905512 0.000000 0.000000 0.000000 60.629921 0.000000 0.000000 0.000000 0.000000 5.905512 60.629921 3.937008 0.000000 0.000000 0.000000 0.000000 0.000000 3.937008 0.000000 60.629921 0.000000 0.000000 0.000000 3.937008 5.905512 60.629921 3.937008 0.000000 0.000000 3.937008 0.000000 60.629921 3.937008 5.905512 0.000000 3.937008 5.905512 0.000000 0.000000 0.000000 0.000000 0.000000 5.905512 0.000000 3.937008 0.000000 "
								            />
							</IndexedFaceSet>
						</Shape>
					</Group>
				</Transform>
			</Transform>
			<Transform DEF="group_70_TRANSFORM"
			           translation="-99.125565 322.834045 189.346893"
			           scale="1.000000 1.000000 1.000000"
			           rotation="0.000000 1.000000 0.000000 0.000000"
			           >
				<Transform DEF="group_70_ifs_TRANSFORM"
				           translation="0.000000 0.000000 0.000000"
				           scale="1.000000 1.000000 1.000000"
				           rotation="0.000000 1.000000 0.000000 0.000000"
				           >
					<Group DEF="group_ME_ID755">
						<Shape>
							<Appearance>
								<Material USE="MA_material_022" />
							</Appearance>
							<IndexedFaceSet solid="false"
							                coordIndex="0 1 2 -1 1 0 3 -1 4 5 6 -1 5 4 7 -1 8 9 10 -1 9 8 11 -1 12 13 14 -1 13 12 15 -1 16 17 18 -1 17 16 19 -1 20 21 22 -1 21 20 23 -1 "
							                >
								<Coordinate DEF="coords_ME_ID755"
								            point="71.259842 3.937008 0.000000 71.259842 0.000000 5.905512 71.259842 0.000000 0.000000 71.259842 3.937008 5.905512 0.000000 0.000000 5.905512 71.259842 3.937008 5.905512 0.000000 3.937008 5.905512 71.259842 0.000000 5.905512 71.259842 0.000000 5.905512 0.000000 0.000000 0.000000 71.259842 0.000000 0.000000 0.000000 0.000000 5.905512 71.259842 3.937008 0.000000 0.000000 0.000000 0.000000 0.000000 3.937008 0.000000 71.259842 0.000000 0.000000 0.000000 3.937008 5.905512 71.259842 3.937008 0.000000 0.000000 3.937008 0.000000 71.259842 3.937008 5.905512 0.000000 3.937008 5.905512 0.000000 0.000000 0.000000 0.000000 0.000000 5.905512 0.000000 3.937008 0.000000 "
								            />
							</IndexedFaceSet>
						</Shape>
					</Group>
				</Transform>
			</Transform>
			<Transform DEF="group_71_TRANSFORM"
			           translation="-99.125565 281.889191 189.346893"
			           scale="1.000000 1.000000 1.000000"
			           rotation="0.000000 1.000000 0.000000 0.000000"
			           >
				<Transform DEF="group_71_ifs_TRANSFORM"
				           translation="0.000000 0.000000 0.000000"
				           scale="1.000000 1.000000 1.000000"
				           rotation="0.000000 1.000000 0.000000 0.000000"
				           >
					<Group DEF="group_ME_ID762">
						<Shape>
							<Appearance>
								<Material USE="MA_material_022" />
							</Appearance>
							<IndexedFaceSet solid="false"
							                coordIndex="0 1 2 -1 1 0 3 -1 4 5 6 -1 5 4 7 -1 8 9 10 -1 9 8 11 -1 12 13 14 -1 13 12 15 -1 16 17 18 -1 17 16 19 -1 20 21 22 -1 21 20 23 -1 "
							                >
								<Coordinate DEF="coords_ME_ID762"
								            point="71.259842 3.937008 0.000000 71.259842 0.000000 5.905512 71.259842 0.000000 0.000000 71.259842 3.937008 5.905512 0.000000 0.000000 5.905512 71.259842 3.937008 5.905512 0.000000 3.937008 5.905512 71.259842 0.000000 5.905512 71.259842 0.000000 5.905512 0.000000 0.000000 0.000000 71.259842 0.000000 0.000000 0.000000 0.000000 5.905512 71.259842 3.937008 0.000000 0.000000 0.000000 0.000000 0.000000 3.937008 0.000000 71.259842 0.000000 0.000000 0.000000 3.937008 5.905512 71.259842 3.937008 0.000000 0.000000 3.937008 0.000000 71.259842 3.937008 5.905512 0.000000 3.937008 5.905512 0.000000 0.000000 0.000000 0.000000 0.000000 5.905512 0.000000 3.937008 0.000000 "
								            />
							</IndexedFaceSet>
						</Shape>
					</Group>
				</Transform>
			</Transform>
			<Transform DEF="group_72_TRANSFORM"
			           translation="-0.705448 264.965118 189.346893"
			           scale="1.000000 1.000000 1.000000"
			           rotation="0.000000 1.000000 0.000000 0.000000"
			           >
				<Transform DEF="group_72_ifs_TRANSFORM"
				           translation="0.000000 0.000000 0.000000"
				           scale="1.000000 1.000000 1.000000"
				           rotation="0.000000 1.000000 0.000000 0.000000"
				           >
					<Group DEF="group_ME_ID769">
						<Shape>
							<Appearance>
								<Material USE="MA_material_022" />
							</Appearance>
							<IndexedFaceSet solid="false"
							                coordIndex="0 1 2 -1 1 0 3 -1 4 5 6 -1 5 4 7 -1 8 9 10 -1 9 8 11 -1 12 13 14 -1 13 12 15 -1 16 17 18 -1 17 16 19 -1 20 21 22 -1 21 20 23 -1 "
							                >
								<Coordinate DEF="coords_ME_ID769"
								            point="3.937008 160.236221 0.000000 3.937008 88.976379 5.905512 3.937008 88.976379 0.000000 3.937008 160.236221 5.905512 0.000000 160.236221 5.905512 3.937008 160.236221 0.000000 0.000000 160.236221 0.000000 3.937008 160.236221 5.905512 3.937008 88.976379 5.905512 0.000000 160.236221 5.905512 0.000000 88.976379 5.905512 3.937008 160.236221 5.905512 3.937008 88.976379 5.905512 0.000000 88.976379 0.000000 3.937008 88.976379 0.000000 0.000000 88.976379 5.905512 3.937008 160.236221 0.000000 0.000000 88.976379 0.000000 0.000000 160.236221 0.000000 3.937008 88.976379 0.000000 0.000000 160.236221 5.905512 0.000000 88.976379 0.000000 0.000000 88.976379 5.905512 0.000000 160.236221 0.000000 "
								            />
							</IndexedFaceSet>
						</Shape>
					</Group>
				</Transform>
			</Transform>
			<Transform DEF="group_73_TRANSFORM"
			           translation="40.239433 264.965118 189.346893"
			           scale="1.000000 1.000000 1.000000"
			           rotation="0.000000 1.000000 0.000000 0.000000"
			           >
				<Transform DEF="group_73_ifs_TRANSFORM"
				           translation="0.000000 0.000000 0.000000"
				           scale="1.000000 1.000000 1.000000"
				           rotation="0.000000 1.000000 0.000000 0.000000"
				           >
					<Group DEF="group_ME_ID776">
						<Shape>
							<Appearance>
								<Material USE="MA_material_022" />
							</Appearance>
							<IndexedFaceSet solid="false"
							                coordIndex="0 1 2 -1 1 0 3 -1 4 5 6 -1 5 4 7 -1 8 9 10 -1 9 8 11 -1 12 13 14 -1 13 12 15 -1 16 17 18 -1 17 16 19 -1 20 21 22 -1 21 20 23 -1 "
							                >
								<Coordinate DEF="coords_ME_ID776"
								            point="3.937008 160.236221 0.000000 3.937008 88.976379 5.905512 3.937008 88.976379 0.000000 3.937008 160.236221 5.905512 0.000000 160.236221 5.905512 3.937008 160.236221 0.000000 0.000000 160.236221 0.000000 3.937008 160.236221 5.905512 3.937008 88.976379 5.905512 0.000000 160.236221 5.905512 0.000000 88.976379 5.905512 3.937008 160.236221 5.905512 3.937008 88.976379 5.905512 0.000000 88.976379 0.000000 3.937008 88.976379 0.000000 0.000000 88.976379 5.905512 3.937008 160.236221 0.000000 0.000000 88.976379 0.000000 0.000000 160.236221 0.000000 3.937008 88.976379 0.000000 0.000000 160.236221 5.905512 0.000000 88.976379 0.000000 0.000000 88.976379 5.905512 0.000000 160.236221 0.000000 "
								            />
							</IndexedFaceSet>
						</Shape>
					</Group>
				</Transform>
			</Transform>
			<Transform DEF="group_74_TRANSFORM"
			           translation="-99.332352 363.174408 189.346893"
			           scale="1.000000 1.000000 1.000000"
			           rotation="0.000000 1.000000 0.000000 0.000000"
			           >
				<Transform DEF="group_74_ifs_TRANSFORM"
				           translation="0.000000 0.000000 0.000000"
				           scale="1.000000 1.000000 1.000000"
				           rotation="0.000000 1.000000 0.000000 0.000000"
				           >
					<Group DEF="group_ME_ID783_001">
						<Shape>
							<Appearance>
								<Material USE="MA_material_022" />
							</Appearance>
							<IndexedFaceSet solid="false"
							                coordIndex="0 1 2 -1 1 0 3 -1 4 5 6 -1 5 4 7 -1 7 4 8 -1 9 10 11 -1 10 9 12 -1 13 14 15 -1 14 13 16 -1 16 13 17 -1 18 19 20 -1 19 18 21 -1 22 23 24 -1 23 22 25 -1 26 27 28 -1 27 26 29 -1 "
							                >
								<Coordinate DEF="coords_ME_ID783_001"
								            point="2.985593 62.026939 0.000000 62.228649 2.783885 5.905512 62.228649 2.783885 0.000000 2.985593 62.026939 5.905512 2.985593 62.026939 0.000000 0.206782 59.237976 0.000000 0.206782 62.026939 0.000000 59.444763 0.000000 0.000000 62.228649 2.783885 0.000000 0.206782 62.026939 5.905512 2.985593 62.026939 0.000000 0.206782 62.026939 0.000000 2.985593 62.026939 5.905512 59.444763 0.000000 5.905512 0.206782 62.026939 5.905512 0.206782 59.237976 5.905512 2.985593 62.026939 5.905512 62.228649 2.783885 5.905512 62.228649 2.783885 5.905512 59.444763 0.000000 0.000000 62.228649 2.783885 0.000000 59.444763 0.000000 5.905512 0.206782 59.237976 5.905512 59.444763 0.000000 0.000000 59.444763 0.000000 5.905512 0.206782 59.237976 0.000000 0.206782 59.237976 5.905512 0.206782 62.026939 0.000000 0.206782 59.237976 0.000000 0.206782 62.026939 5.905512 "
								            />
							</IndexedFaceSet>
						</Shape>
					</Group>
				</Transform>
			</Transform>
			<Transform DEF="group_75_TRANSFORM"
			           translation="-100.306671 265.694641 183.047684"
			           scale="1.000000 1.000000 1.000000"
			           rotation="0.000000 1.000000 0.000000 0.000000"
			           >
				<Transform DEF="group_75_ifs_TRANSFORM"
				           translation="0.000000 0.000000 0.000000"
				           scale="1.000000 1.000000 1.000000"
				           rotation="0.000000 1.000000 0.000000 0.000000"
				           >
					<Group DEF="group_ME_ID790">
						<Shape>
							<Appearance>
								<Material USE="MA_material_022" />
							</Appearance>
							<IndexedFaceSet solid="false"
							                coordIndex="0 1 2 -1 1 0 3 -1 4 5 6 -1 5 4 7 -1 8 9 10 -1 9 8 11 -1 9 11 12 -1 12 11 13 -1 14 15 16 -1 15 14 17 -1 18 19 20 -1 21 20 19 -1 20 21 22 -1 20 22 23 -1 24 25 26 -1 25 24 27 -1 28 29 30 -1 29 28 31 -1 32 33 34 -1 33 32 35 -1 "
							                >
								<Coordinate DEF="coords_ME_ID790"
								            point="1.181102 0.000000 12.204723 0.000000 0.000000 0.000000 1.181102 0.000000 0.000000 0.000000 0.000000 12.204723 1.181102 159.506699 0.000000 1.181102 0.000000 12.204723 1.181102 0.000000 0.000000 1.181102 159.506699 12.204723 1.181102 0.000000 12.204723 0.000000 160.687790 12.204723 0.000000 0.000000 12.204723 1.181102 159.506699 12.204723 161.417328 160.687790 12.204723 161.417328 159.506699 12.204723 0.000000 160.687790 12.204723 0.000000 0.000000 0.000000 0.000000 0.000000 12.204723 0.000000 160.687790 0.000000 1.181102 0.000000 0.000000 0.000000 0.000000 0.000000 1.181102 159.506699 0.000000 0.000000 160.687790 0.000000 161.417328 160.687790 0.000000 161.417328 159.506699 0.000000 161.417328 159.506699 12.204723 1.181102 159.506699 0.000000 161.417328 159.506699 0.000000 1.181102 159.506699 12.204723 161.417328 160.687790 0.000000 161.417328 159.506699 12.204723 161.417328 159.506699 0.000000 161.417328 160.687790 12.204723 0.000000 160.687790 12.204723 161.417328 160.687790 0.000000 0.000000 160.687790 0.000000 161.417328 160.687790 12.204723 "
								            />
							</IndexedFaceSet>
						</Shape>
					</Group>
				</Transform>
			</Transform>
			<Transform DEF="group_76_TRANSFORM"
			           translation="-25.236959 161.199814 106.273224"
			           scale="1.000000 1.000000 1.000000"
			           rotation="0.000000 0.000000 1.000000 1.570796"
			           >
				<Transform DEF="group_76_ifs_TRANSFORM"
				           translation="-0.000002 0.000001 0.000000"
				           scale="1.000000 1.000000 1.000000"
				           rotation="0.000000 1.000000 0.000000 0.000000"
				           >
					<Group DEF="group_ME_ID935_001">
						<Shape>
							<Appearance>
								<Material USE="MA_material_022" />
							</Appearance>
							<IndexedFaceSet solid="false"
							                coordIndex="0 1 2 -1 1 0 3 -1 4 5 6 -1 5 4 7 -1 8 9 10 -1 9 8 11 -1 12 13 14 -1 13 12 15 -1 16 17 18 -1 17 16 19 -1 20 21 22 -1 21 20 23 -1 "
							                >
								<Coordinate DEF="coords_ME_ID935_001"
								            point="10.629923 48.659866 88.949173 10.629923 0.734602 83.043663 10.629923 0.734602 88.949173 10.629923 48.659866 83.043663 10.629923 48.659866 88.949173 14.566930 48.659866 83.043663 10.629923 48.659866 83.043663 14.566930 48.659866 88.949173 14.566930 48.659866 83.043663 10.629923 0.734602 83.043663 10.629923 48.659866 83.043663 14.566930 0.734602 83.043663 14.566930 0.734602 88.949173 10.629923 0.734602 83.043663 14.566930 0.734602 83.043663 10.629923 0.734602 88.949173 14.566930 0.734602 88.949173 10.629923 48.659866 88.949173 10.629923 0.734602 88.949173 14.566930 48.659866 88.949173 14.566930 48.659866 83.043663 14.566930 0.734602 88.949173 14.566930 0.734602 83.043663 14.566930 48.659866 88.949173 "
								            />
							</IndexedFaceSet>
						</Shape>
					</Group>
				</Transform>
				<Transform DEF="group_77_TRANSFORM"
				           translation="1.181103 16.929132 83.073669"
				           scale="1.000000 1.000000 1.000000"
				           rotation="0.000000 1.000000 0.000000 0.000000"
				           >
					<Transform DEF="group_77_ifs_TRANSFORM"
					           translation="-0.000003 0.000001 0.000000"
					           scale="1.000000 1.000000 1.000000"
					           rotation="0.000000 1.000000 0.000000 0.000000"
					           >
						<Group DEF="group_ME_ID798_001">
							<Shape>
								<Appearance>
									<Material USE="MA_material_022" />
								</Appearance>
								<IndexedFaceSet solid="false"
								                coordIndex="0 1 2 -1 1 0 3 -1 4 5 6 -1 5 4 7 -1 8 9 10 -1 9 8 11 -1 12 13 14 -1 13 12 15 -1 16 17 18 -1 17 16 19 -1 20 21 22 -1 21 20 23 -1 "
								                >
									<Coordinate DEF="coords_ME_ID798_001"
									            point="71.259842 3.937008 0.000000 71.259842 0.000000 5.905512 71.259842 0.000000 0.000000 71.259842 3.937008 5.905512 0.000000 0.000000 5.905512 71.259842 3.937008 5.905512 0.000000 3.937008 5.905512 71.259842 0.000000 5.905512 71.259842 0.000000 5.905512 0.000000 0.000000 0.000000 71.259842 0.000000 0.000000 0.000000 0.000000 5.905512 71.259842 3.937008 0.000000 0.000000 0.000000 0.000000 0.000000 3.937008 0.000000 71.259842 0.000000 0.000000 0.000000 3.937008 5.905512 71.259842 3.937008 0.000000 0.000000 3.937008 0.000000 71.259842 3.937008 5.905512 0.000000 3.937008 5.905512 0.000000 0.000000 0.000000 0.000000 0.000000 5.905512 0.000000 3.937008 0.000000 "
									            />
								</IndexedFaceSet>
							</Shape>
						</Group>
					</Transform>
				</Transform>
				<Transform DEF="group_78_TRANSFORM"
				           translation="1.181105 0.000001 45.248383"
				           scale="1.000000 1.000000 1.000000"
				           rotation="0.000000 1.000000 0.000000 0.000000"
				           >
					<Transform DEF="group_79_TRANSFORM"
					           translation="44.881893 6.692914 4.724411"
					           scale="1.000000 1.000000 1.000000"
					           rotation="0.000000 1.000000 0.000000 0.000000"
					           >
						<Transform DEF="group_41_004_TRANSFORM"
						           translation="1.181104 7.874018 5.905518"
						           scale="1.000000 1.000000 1.000000"
						           rotation="0.000000 1.000000 0.000000 0.000000"
						           >
							<Transform DEF="group_41_004_ifs_TRANSFORM"
							           translation="-0.000003 0.000000 0.000000"
							           scale="1.000000 1.000000 1.000000"
							           rotation="0.000000 1.000000 0.000000 0.000000"
							           >
								<Group DEF="group_ME_ID807">
									<Shape>
										<Appearance>
											<Material USE="MA_material_022" />
										</Appearance>
										<IndexedFaceSet solid="false"
										                coordIndex="0 1 2 -1 1 0 3 -1 4 5 6 -1 5 4 7 -1 7 8 5 -1 8 7 9 -1 8 9 10 -1 11 12 13 -1 12 11 14 -1 15 16 17 -1 16 15 18 -1 18 15 19 -1 19 15 20 -1 21 16 18 -1 22 23 24 -1 23 22 25 -1 26 27 28 -1 27 26 29 -1 30 31 32 -1 31 30 33 -1 34 35 36 -1 35 34 37 -1 38 39 40 -1 39 38 41 -1 "
										                >
											<Coordinate DEF="coords_ME_ID807"
											            point="0.000000 12.598426 0.000000 1.574803 12.496026 0.595353 1.574803 12.598425 0.000000 0.000000 12.496026 0.595353 0.000000 11.811023 2.362205 0.000000 5.905512 0.000000 0.000000 5.905512 2.362205 0.000000 11.811023 1.574803 0.000000 12.598426 0.000000 0.000000 12.225867 1.135672 0.000000 12.496026 0.595353 0.000000 12.496026 0.595353 1.574803 12.225867 1.135672 1.574803 12.496026 0.595353 0.000000 12.225867 1.135672 1.574803 12.598425 0.000000 1.574803 5.905512 2.362205 1.574803 5.905512 0.000000 1.574803 11.811023 1.574803 1.574803 12.225867 1.135672 1.574803 12.496026 0.595353 1.574803 11.811023 2.362205 1.574803 12.598425 0.000000 0.000000 5.905512 0.000000 0.000000 12.598426 0.000000 1.574803 5.905512 0.000000 0.000000 5.905512 2.362205 1.574803 11.811023 2.362205 0.000000 11.811023 2.362205 1.574803 5.905512 2.362205 0.000000 11.811023 1.574803 1.574803 11.811023 2.362205 1.574803 11.811023 1.574803 0.000000 11.811023 2.362205 0.000000 12.225867 1.135672 1.574803 11.811023 1.574803 1.574803 12.225867 1.135672 0.000000 11.811023 1.574803 1.574803 5.905512 2.362205 0.000000 5.905512 0.000000 1.574803 5.905512 0.000000 0.000000 5.905512 2.362205 "
											            />
										</IndexedFaceSet>
									</Shape>
								</Group>
							</Transform>
						</Transform>
						<Transform DEF="group_42_004_TRANSFORM"
						           translation="1.181103 16.535433 5.905518"
						           scale="-1.000000 -1.000000 -1.000000"
						           rotation="-0.000000 1.000000 -0.000000 3.141593"
						           >
							<Transform DEF="group_42_004_ifs_TRANSFORM"
							           translation="-0.000005 -0.000000 -0.000003"
							           scale="1.000000 1.000000 1.000000"
							           rotation="0.000000 1.000000 0.000000 0.000000"
							           >
								<Group DEF="group_ME_ID814">
									<Shape>
										<Appearance>
											<Material USE="MA_material_022" />
										</Appearance>
										<IndexedFaceSet solid="false"
										                coordIndex="0 1 2 -1 3 2 1 -1 4 5 6 -1 5 7 6 -1 8 6 7 -1 7 9 8 -1 10 8 9 -1 11 12 13 -1 14 13 12 -1 15 16 17 -1 18 19 20 -1 20 19 15 -1 15 19 16 -1 21 16 19 -1 22 23 24 -1 25 24 23 -1 26 27 28 -1 29 28 27 -1 30 31 32 -1 33 32 31 -1 34 35 36 -1 37 36 35 -1 38 39 40 -1 41 40 39 -1 "
										                >
											<Coordinate DEF="coords_ME_ID814"
											            point="0.000000 12.496026 0.595353 0.000000 12.598426 0.000000 1.574803 12.496026 0.595353 1.574803 12.598425 0.000000 0.000000 12.496026 0.595353 0.000000 12.225867 1.135672 0.000000 12.598426 0.000000 0.000000 11.811023 1.574803 0.000000 5.905512 0.000000 0.000000 11.811023 2.362205 0.000000 5.905512 2.362205 0.000000 12.225867 1.135672 0.000000 12.496026 0.595353 1.574803 12.225867 1.135672 1.574803 12.496026 0.595353 1.574803 11.811023 1.574803 1.574803 5.905512 2.362205 1.574803 11.811023 2.362205 1.574803 12.496026 0.595353 1.574803 12.598425 0.000000 1.574803 12.225867 1.135672 1.574803 5.905512 0.000000 1.574803 5.905512 0.000000 1.574803 12.598425 0.000000 0.000000 5.905512 0.000000 0.000000 12.598426 0.000000 1.574803 5.905512 2.362205 0.000000 5.905512 2.362205 1.574803 11.811023 2.362205 0.000000 11.811023 2.362205 0.000000 11.811023 2.362205 0.000000 11.811023 1.574803 1.574803 11.811023 2.362205 1.574803 11.811023 1.574803 0.000000 11.811023 1.574803 0.000000 12.225867 1.135672 1.574803 11.811023 1.574803 1.574803 12.225867 1.135672 0.000000 5.905512 2.362205 1.574803 5.905512 2.362205 0.000000 5.905512 0.000000 1.574803 5.905512 0.000000 "
											            />
										</IndexedFaceSet>
									</Shape>
								</Group>
							</Transform>
						</Transform>
						<Transform DEF="instance_29_004_TRANSFORM"
						           translation="-0.000004 24.409449 0.000000"
						           scale="1.000000 1.000000 1.000000"
						           rotation="0.000000 0.000000 -1.000000 1.570796"
						           >
							<Transform DEF="instance_29_004_ifs_TRANSFORM"
							           translation="0.000000 0.000000 0.000000"
							           scale="1.000000 1.000000 1.000000"
							           rotation="0.000000 1.000000 0.000000 0.000000"
							           >
								<Group USE="group_ME_ID339_001" />
							</Transform>
						</Transform>
					</Transform>
					<Transform DEF="group_80_TRANSFORM"
					           translation="44.881878 0.787402 12.992126"
					           scale="1.000000 1.000000 1.000000"
					           rotation="0.000000 1.000000 0.000000 0.000000"
					           >
						<Transform DEF="group_44_004_TRANSFORM"
						           translation="-0.000005 36.220470 0.000000"
						           scale="1.000000 1.000000 1.000000"
						           rotation="0.000000 0.000000 -1.000000 1.570796"
						           >
							<Transform DEF="group_44_004_ifs_TRANSFORM"
							           translation="0.000000 0.000000 0.000000"
							           scale="1.000000 1.000000 1.000000"
							           rotation="0.000000 1.000000 0.000000 0.000000"
							           >
								<Group DEF="group_ME_ID823">
									<Shape>
										<Appearance>
											<Material USE="MA_material_022" />
										</Appearance>
										<IndexedFaceSet solid="false"
										                coordIndex="0 1 2 -1 1 0 3 -1 4 5 6 -1 5 4 7 -1 7 4 8 -1 8 4 9 -1 10 11 12 -1 11 10 13 -1 13 10 14 -1 13 14 15 -1 15 14 16 -1 15 16 17 -1 17 16 18 -1 17 18 19 -1 17 19 20 -1 17 20 21 -1 18 16 6 -1 18 6 5 -1 21 20 22 -1 15 23 24 -1 23 15 17 -1 24 23 25 -1 25 23 26 -1 26 23 27 -1 27 23 28 -1 24 25 29 -1 27 28 30 -1 29 31 32 -1 31 29 25 -1 32 31 33 -1 32 33 34 -1 32 34 35 -1 36 37 38 -1 37 36 39 -1 40 41 42 -1 41 40 43 -1 43 40 44 -1 43 44 45 -1 45 44 46 -1 45 46 47 -1 1 48 2 -1 48 1 49 -1 50 51 52 -1 51 50 53 -1 54 55 56 -1 55 54 57 -1 55 57 58 -1 58 57 51 -1 58 51 59 -1 59 51 53 -1 56 60 61 -1 60 56 55 -1 62 63 64 -1 63 62 65 -1 65 66 63 -1 66 65 67 -1 66 68 69 -1 68 66 67 -1 48 70 71 -1 70 48 49 -1 72 73 74 -1 73 72 75 -1 76 77 78 -1 77 76 79 -1 80 81 82 -1 81 80 83 -1 84 85 86 -1 85 84 87 -1 88 89 90 -1 89 88 91 -1 92 93 94 -1 93 92 95 -1 96 97 98 -1 97 96 99 -1 100 101 102 -1 101 100 103 -1 104 105 106 -1 105 104 107 -1 108 109 110 -1 109 108 111 -1 112 113 114 -1 113 112 115 -1 116 117 118 -1 117 116 119 -1 119 116 120 -1 119 120 121 -1 121 122 119 -1 122 121 123 -1 122 124 125 -1 124 122 123 -1 124 123 126 -1 124 126 127 -1 128 129 130 -1 129 128 131 -1 129 132 133 -1 132 129 131 -1 134 132 135 -1 132 134 133 -1 136 137 138 -1 137 136 139 -1 140 141 142 -1 141 140 143 -1 140 144 145 -1 144 140 142 -1 145 146 147 -1 146 145 144 -1 148 149 150 -1 149 148 151 -1 152 153 154 -1 153 152 155 -1 156 157 158 -1 157 156 159 -1 160 161 162 -1 161 160 163 -1 164 165 166 -1 165 164 167 -1 167 164 168 -1 167 168 169 -1 169 168 170 -1 169 170 171 -1 172 173 174 -1 173 172 175 -1 176 177 178 -1 177 176 179 -1 179 176 180 -1 180 176 181 -1 182 183 184 -1 183 182 185 -1 185 182 186 -1 185 186 187 -1 187 186 188 -1 187 188 189 -1 189 188 190 -1 189 190 191 -1 189 191 192 -1 189 192 193 -1 190 188 178 -1 190 178 177 -1 193 192 194 -1 187 195 196 -1 195 187 189 -1 196 195 197 -1 197 195 198 -1 198 195 199 -1 199 195 200 -1 196 197 201 -1 199 200 202 -1 201 203 204 -1 203 201 197 -1 204 203 205 -1 204 205 206 -1 204 206 207 -1 208 209 210 -1 209 208 211 -1 211 208 212 -1 211 212 213 -1 213 212 214 -1 213 214 215 -1 216 217 218 -1 217 216 219 -1 220 221 222 -1 221 220 223 -1 223 220 224 -1 223 224 225 -1 225 224 226 -1 225 226 227 -1 228 229 230 -1 229 228 231 -1 163 232 161 -1 232 163 233 -1 232 234 235 -1 234 232 233 -1 236 237 238 -1 237 236 239 -1 240 241 242 -1 241 240 243 -1 241 172 242 -1 172 241 175 -1 244 231 228 -1 231 244 245 -1 244 246 245 -1 246 244 247 -1 248 249 250 -1 249 248 251 -1 252 253 254 -1 253 252 255 -1 217 253 255 -1 253 217 219 -1 "
										                >
											<Coordinate DEF="coords_ME_ID823"
											            point="5.118110 0.000000 4.724409 4.527559 0.393701 4.882647 4.527559 0.000000 4.882647 5.118110 0.393701 4.724409 36.220470 0.000000 5.905512 31.102362 0.000000 4.724409 36.220470 0.000000 3.543307 31.692911 0.000000 4.882647 32.125229 0.000000 5.314961 32.283466 0.000000 5.905512 33.385826 0.000000 0.354331 4.724409 0.000000 0.000000 31.496063 0.000000 0.000000 2.834646 0.000000 0.354331 34.803150 0.000000 1.062992 1.417323 0.000000 1.062992 35.748028 0.000000 2.125984 19.685040 0.000000 1.968504 21.259842 0.000000 4.724409 20.669291 0.000000 4.882647 20.236977 0.000000 5.314961 19.685040 0.000000 5.905512 20.078739 0.000000 5.905512 16.535433 0.000000 1.968504 0.472441 0.000000 2.125984 14.960629 0.000000 4.724409 15.551181 0.000000 4.882647 15.983494 0.000000 5.314961 16.535433 0.000000 5.905512 0.000000 0.000000 3.543307 16.141733 0.000000 5.905512 5.118110 0.000000 4.724409 0.000000 0.000000 5.905512 4.527559 0.000000 4.882647 4.095246 0.000000 5.314961 3.937008 0.000000 5.905512 14.960629 0.000000 4.724409 5.118110 0.393701 4.724409 5.118110 0.000000 4.724409 14.960629 0.393701 4.724409 15.551181 0.393701 4.882647 5.118110 0.393701 4.724409 14.960629 0.393701 4.724409 4.527559 0.393701 4.882647 15.983494 0.393701 5.314961 4.095245 0.393701 5.314961 16.141733 0.393701 5.905512 3.937008 0.393701 5.905512 4.095246 0.000000 5.314961 4.095245 0.393701 5.314961 16.535433 0.000000 5.905512 16.141733 0.393701 5.905512 16.141733 0.000000 5.905512 16.535433 3.937008 5.905512 3.937008 0.000000 5.905512 3.937008 3.543307 5.905511 0.000000 0.000000 5.905512 3.937008 0.393701 5.905512 16.141733 3.543307 5.905511 16.141733 3.937008 5.905512 3.937008 3.937008 5.905512 0.000000 3.937008 5.905512 16.141733 0.393701 5.905512 15.983494 0.000000 5.314961 16.141733 0.000000 5.905512 15.983494 0.393701 5.314961 15.551181 0.000000 4.882647 15.551181 0.393701 4.882647 14.960629 0.393701 4.724409 14.960629 0.000000 4.724409 3.937008 0.393701 5.905512 3.937008 0.000000 5.905512 0.000000 3.937008 5.905512 0.000000 0.000000 3.543307 0.000000 0.000000 5.905512 0.000000 3.937008 3.543307 0.000000 0.000000 3.543307 0.472441 3.937008 2.125984 0.472441 0.000000 2.125984 0.000000 3.937008 3.543307 0.472441 0.000000 2.125984 1.417323 3.937008 1.062992 1.417323 0.000000 1.062992 0.472441 3.937008 2.125984 2.834646 3.937008 0.354331 1.417323 0.000000 1.062992 1.417323 3.937008 1.062992 2.834646 0.000000 0.354331 4.724409 3.937008 0.000000 2.834646 0.000000 0.354331 2.834646 3.937008 0.354331 4.724409 0.000000 0.000000 31.496063 3.937008 0.000000 4.724409 0.000000 0.000000 4.724409 3.937008 0.000000 31.496063 0.000000 0.000000 33.385826 3.937008 0.354331 31.496063 0.000000 0.000000 31.496063 3.937008 0.000000 33.385826 0.000000 0.354331 34.803150 3.937008 1.062992 33.385826 0.000000 0.354331 33.385826 3.937008 0.354331 34.803150 0.000000 1.062992 34.803150 3.937008 1.062992 35.748028 0.000000 2.125984 34.803150 0.000000 1.062992 35.748028 3.937008 2.125984 35.748028 3.937008 2.125984 36.220470 0.000000 3.543307 35.748028 0.000000 2.125984 36.220470 3.937008 3.543307 36.220470 3.937008 3.543307 36.220470 0.000000 5.905512 36.220470 0.000000 3.543307 36.220470 3.937008 5.905512 19.685040 0.000000 5.905512 20.078739 3.937008 5.905512 19.685040 3.937008 5.905512 20.078739 3.543307 5.905511 20.078739 0.000000 5.905512 20.078739 0.393701 5.905512 32.283466 3.543307 5.905511 32.283466 0.393701 5.905512 36.220470 3.937008 5.905512 32.283466 3.937008 5.905512 32.283466 0.000000 5.905512 36.220470 0.000000 5.905512 32.283466 0.393701 5.905512 32.125229 0.000000 5.314961 32.283466 0.000000 5.905512 32.125229 0.393701 5.314961 31.692911 0.393701 4.882647 31.692911 0.000000 4.882647 31.102362 0.000000 4.724409 31.102362 0.393701 4.724409 21.259842 0.000000 4.724409 31.102362 0.393701 4.724409 21.259842 0.393701 4.724409 31.102362 0.000000 4.724409 20.669291 0.000000 4.882647 21.259842 0.393701 4.724409 20.669291 0.393701 4.882647 21.259842 0.000000 4.724409 20.236977 0.393701 5.314961 20.236977 0.000000 5.314961 20.078739 0.393701 5.905512 20.078739 0.000000 5.905512 19.685040 3.937008 5.905512 19.685040 0.000000 1.968504 19.685040 0.000000 5.905512 19.685040 3.937008 1.968504 16.535433 0.000000 1.968504 19.685040 3.937008 1.968504 16.535433 3.937008 1.968504 19.685040 0.000000 1.968504 16.535433 3.937008 1.968504 16.535433 0.000000 5.905512 16.535433 0.000000 1.968504 16.535433 3.937008 5.905512 16.141733 3.937008 5.905512 15.983494 3.543307 5.314961 16.141733 3.543307 5.905511 15.983494 3.937008 5.314961 4.527559 3.543307 4.882647 14.960629 3.543307 4.724409 5.118110 3.543307 4.724409 15.551181 3.543307 4.882647 4.095246 3.543307 5.314961 15.983494 3.543307 5.314961 3.937008 3.543307 5.905511 16.141733 3.543307 5.905511 4.095246 3.543307 5.314961 3.937008 3.937008 5.905512 3.937008 3.543307 5.905511 4.095246 3.937008 5.314961 0.000000 3.937008 5.905512 5.118110 3.937008 4.724409 0.000000 3.937008 3.543307 4.527559 3.937008 4.882647 4.095246 3.937008 5.314961 3.937008 3.937008 5.905512 2.834646 3.937008 0.354331 31.496063 3.937008 0.000000 4.724409 3.937008 0.000000 33.385826 3.937008 0.354331 1.417323 3.937008 1.062992 34.803150 3.937008 1.062992 0.472441 3.937008 2.125984 16.535433 3.937008 1.968504 14.960629 3.937008 4.724409 15.551181 3.937008 4.882647 15.983494 3.937008 5.314961 16.535433 3.937008 5.905512 16.141733 3.937008 5.905512 19.685040 3.937008 1.968504 35.748028 3.937008 2.125984 21.259842 3.937008 4.724409 20.669292 3.937008 4.882647 20.236977 3.937008 5.314961 19.685040 3.937008 5.905512 36.220470 3.937008 3.543307 20.078739 3.937008 5.905512 31.102362 3.937008 4.724409 36.220470 3.937008 5.905512 31.692911 3.937008 4.882647 32.125229 3.937008 5.314961 32.283466 3.937008 5.905512 31.692911 0.393701 4.882647 21.259842 0.393701 4.724409 31.102362 0.393701 4.724409 20.669291 0.393701 4.882647 32.125229 0.393701 5.314961 20.236977 0.393701 5.314961 32.283466 0.393701 5.905512 20.078739 0.393701 5.905512 32.283466 3.937008 5.905512 32.125229 3.543307 5.314961 32.283466 3.543307 5.905511 32.125229 3.937008 5.314961 20.669291 3.543307 4.882647 31.102362 3.543307 4.724409 21.259842 3.543307 4.724409 31.692911 3.543307 4.882647 20.236977 3.543307 5.314961 32.125229 3.543307 5.314961 20.078739 3.543307 5.905511 32.283466 3.543307 5.905511 20.236977 3.543307 5.314961 20.078739 3.937008 5.905512 20.078739 3.543307 5.905511 20.236977 3.937008 5.314961 15.551181 3.543307 4.882647 15.551181 3.937008 4.882647 14.960629 3.937008 4.724409 14.960629 3.543307 4.724409 14.960629 3.543307 4.724409 5.118110 3.937008 4.724409 5.118110 3.543307 4.724409 14.960629 3.937008 4.724409 5.118110 3.543307 4.724409 4.527559 3.937008 4.882647 4.527559 3.543307 4.882647 5.118110 3.937008 4.724409 20.669291 3.543307 4.882647 20.669292 3.937008 4.882647 21.259842 3.937008 4.724409 21.259842 3.543307 4.724409 21.259842 3.543307 4.724409 31.102362 3.937008 4.724409 21.259842 3.937008 4.724409 31.102362 3.543307 4.724409 31.102362 3.543307 4.724409 31.692911 3.937008 4.882647 31.102362 3.937008 4.724409 31.692911 3.543307 4.882647 "
											            />
										</IndexedFaceSet>
									</Shape>
								</Group>
							</Transform>
						</Transform>
						<Transform DEF="group_45_004_TRANSFORM"
						           translation="1.181103 19.685040 5.905518"
						           scale="1.000000 1.000000 1.000000"
						           rotation="0.000000 1.000000 0.000000 0.000000"
						           >
							<Transform DEF="group_45_004_ifs_TRANSFORM"
							           translation="-0.000003 0.000000 0.000000"
							           scale="1.000000 1.000000 1.000000"
							           rotation="0.000000 1.000000 0.000000 0.000000"
							           >
								<Group DEF="group_ME_ID830">
									<Shape>
										<Appearance>
											<Material USE="MA_material_022" />
										</Appearance>
										<IndexedFaceSet solid="false"
										                coordIndex="0 1 2 -1 1 0 3 -1 4 5 6 -1 5 4 7 -1 7 8 5 -1 8 7 9 -1 8 9 10 -1 11 12 13 -1 12 11 14 -1 15 16 17 -1 16 15 18 -1 18 15 19 -1 19 15 20 -1 21 16 18 -1 22 23 24 -1 23 22 25 -1 26 27 28 -1 27 26 29 -1 30 31 32 -1 31 30 33 -1 34 35 36 -1 35 34 37 -1 38 39 40 -1 39 38 41 -1 "
										                >
											<Coordinate DEF="coords_ME_ID830"
											            point="0.000000 12.598426 0.000000 1.574803 12.496026 0.595353 1.574803 12.598425 0.000000 0.000000 12.496026 0.595353 0.000000 11.811023 2.362205 0.000000 0.000000 0.000000 0.000000 0.000000 2.362205 0.000000 11.811023 1.574803 0.000000 12.598426 0.000000 0.000000 12.225867 1.135672 0.000000 12.496026 0.595353 0.000000 12.496026 0.595353 1.574803 12.225867 1.135672 1.574803 12.496026 0.595353 0.000000 12.225867 1.135672 1.574803 12.598425 0.000000 1.574803 0.000000 2.362205 1.574803 0.000000 0.000000 1.574803 11.811023 1.574803 1.574803 12.225867 1.135672 1.574803 12.496026 0.595353 1.574803 11.811023 2.362205 1.574803 12.598425 0.000000 0.000000 0.000000 0.000000 0.000000 12.598426 0.000000 1.574803 0.000000 0.000000 0.000000 0.000000 2.362205 1.574803 11.811023 2.362205 0.000000 11.811023 2.362205 1.574803 0.000000 2.362205 0.000000 11.811023 1.574803 1.574803 11.811023 2.362205 1.574803 11.811023 1.574803 0.000000 11.811023 2.362205 0.000000 12.225867 1.135672 1.574803 11.811023 1.574803 1.574803 12.225867 1.135672 0.000000 11.811023 1.574803 1.574803 0.000000 2.362205 0.000000 0.000000 0.000000 1.574803 0.000000 0.000000 0.000000 0.000000 2.362205 "
											            />
										</IndexedFaceSet>
									</Shape>
								</Group>
							</Transform>
						</Transform>
						<Transform DEF="group_46_004_TRANSFORM"
						           translation="1.181103 16.535435 5.905518"
						           scale="-1.000000 -1.000000 -1.000000"
						           rotation="-0.000000 1.000000 -0.000000 3.141593"
						           >
							<Transform DEF="group_46_004_ifs_TRANSFORM"
							           translation="-0.000004 -0.000000 -0.000003"
							           scale="1.000000 1.000000 1.000000"
							           rotation="0.000000 1.000000 0.000000 0.000000"
							           >
								<Group DEF="group_ME_ID837">
									<Shape>
										<Appearance>
											<Material USE="MA_material_022" />
										</Appearance>
										<IndexedFaceSet solid="false"
										                coordIndex="0 1 2 -1 3 2 1 -1 4 5 6 -1 5 7 6 -1 8 6 7 -1 7 9 8 -1 10 8 9 -1 11 12 13 -1 14 13 12 -1 15 16 17 -1 18 19 20 -1 20 19 15 -1 15 19 16 -1 21 16 19 -1 22 23 24 -1 25 24 23 -1 26 27 28 -1 29 28 27 -1 30 31 32 -1 33 32 31 -1 34 35 36 -1 37 36 35 -1 38 39 40 -1 41 40 39 -1 "
										                >
											<Coordinate DEF="coords_ME_ID837"
											            point="0.000000 12.496026 0.595353 0.000000 12.598426 0.000000 1.574803 12.496026 0.595353 1.574803 12.598425 0.000000 0.000000 12.496026 0.595353 0.000000 12.225867 1.135672 0.000000 12.598426 0.000000 0.000000 11.811023 1.574803 0.000000 0.000000 0.000000 0.000000 11.811023 2.362205 0.000000 0.000000 2.362205 0.000000 12.225867 1.135672 0.000000 12.496026 0.595353 1.574803 12.225867 1.135672 1.574803 12.496026 0.595353 1.574803 11.811023 1.574803 1.574803 0.000000 2.362205 1.574803 11.811023 2.362205 1.574803 12.496026 0.595353 1.574803 12.598425 0.000000 1.574803 12.225867 1.135672 1.574803 0.000000 0.000000 1.574803 0.000000 0.000000 1.574803 12.598425 0.000000 0.000000 0.000000 0.000000 0.000000 12.598426 0.000000 1.574803 0.000000 2.362205 0.000000 0.000000 2.362205 1.574803 11.811023 2.362205 0.000000 11.811023 2.362205 0.000000 11.811023 2.362205 0.000000 11.811023 1.574803 1.574803 11.811023 2.362205 1.574803 11.811023 1.574803 0.000000 11.811023 1.574803 0.000000 12.225867 1.135672 1.574803 11.811023 1.574803 1.574803 12.225867 1.135672 0.000000 0.000000 2.362205 1.574803 0.000000 2.362205 0.000000 0.000000 0.000000 1.574803 0.000000 0.000000 "
											            />
										</IndexedFaceSet>
									</Shape>
								</Group>
							</Transform>
						</Transform>
					</Transform>
					<Transform DEF="group_81_TRANSFORM"
					           translation="15.394834 16.929134 29.527557"
					           scale="1.000000 1.000000 1.000000"
					           rotation="0.000000 1.000000 0.000000 0.000000"
					           >
						<Transform DEF="group_81_ifs_TRANSFORM"
						           translation="-0.000003 -0.000002 0.000000"
						           scale="1.000000 1.000000 1.000000"
						           rotation="0.000000 1.000000 0.000000 0.000000"
						           >
							<Group DEF="group_ME_ID844">
								<Shape>
									<Appearance>
										<Material USE="MA_material_022" />
									</Appearance>
									<IndexedFaceSet solid="false"
									                coordIndex="0 1 2 -1 1 0 3 -1 4 5 6 -1 5 4 7 -1 7 4 8 -1 8 4 9 -1 9 4 10 -1 10 4 11 -1 11 4 12 -1 13 7 8 -1 14 15 16 -1 15 14 17 -1 18 19 20 -1 21 22 23 -1 22 21 20 -1 22 20 19 -1 22 19 24 -1 22 24 25 -1 22 25 26 -1 22 26 27 -1 28 29 30 -1 29 28 31 -1 32 33 34 -1 33 32 35 -1 36 37 38 -1 37 36 39 -1 40 41 42 -1 41 40 43 -1 44 45 46 -1 45 44 47 -1 48 49 50 -1 49 48 51 -1 52 53 54 -1 53 52 55 -1 56 57 58 -1 57 56 59 -1 57 59 60 -1 61 62 63 -1 62 61 64 -1 65 66 67 -1 66 65 68 -1 69 70 71 -1 "
									                >
										<Coordinate DEF="coords_ME_ID844"
										            point="55.865005 0.000001 8.267716 -0.827905 3.937008 8.267716 -0.827905 0.000000 8.267716 55.865005 3.937009 8.267716 55.865005 0.000001 8.267716 -9.388056 0.000000 0.000000 55.865005 0.000001 -0.000000 -11.671519 0.000000 0.787402 -1.615307 0.000000 5.905512 -1.512908 0.000000 6.500865 -1.242749 0.000000 7.041184 -0.827905 0.000000 7.480315 -0.827905 0.000000 8.267716 -13.718764 0.000000 5.905512 55.865005 0.000001 -0.000000 55.865005 3.937009 8.267716 55.865005 0.000001 8.267716 55.865005 3.937009 0.000000 -13.718764 3.937008 5.905512 -1.615307 3.937008 5.905512 -11.671519 3.937008 0.787402 -9.388056 3.937008 0.000000 55.865005 3.937009 8.267716 55.865005 3.937009 0.000000 -1.512908 3.937008 6.500865 -1.242749 3.937008 7.041184 -0.827905 3.937008 7.480315 -0.827905 3.937008 8.267716 -0.827905 3.937008 8.267716 -0.827905 0.000000 7.480315 -0.827905 0.000000 8.267716 -0.827905 3.937008 7.480315 -0.827905 3.937008 7.480315 -1.242749 0.000000 7.041184 -0.827905 0.000000 7.480315 -1.242749 3.937008 7.041184 -1.242749 3.937008 7.041184 -1.512908 0.000000 6.500865 -1.242749 0.000000 7.041184 -1.512908 3.937008 6.500865 -1.512908 3.937008 6.500865 -1.615307 0.000000 5.905512 -1.512908 0.000000 6.500865 -1.615307 3.937008 5.905512 -1.615307 0.000000 5.905512 -13.718764 3.937008 5.905512 -13.718764 0.000000 5.905512 -1.615307 3.937008 5.905512 -15.394835 1.968504 5.174428 -11.671519 0.000000 0.787402 -13.718764 0.000000 5.905512 -13.640024 1.968504 0.787402 -11.356559 1.968504 0.000000 -11.671519 0.000000 0.787402 -13.640024 1.968504 0.787402 -9.388056 0.000000 0.000000 -9.388056 3.937008 0.000000 -9.388056 0.000000 0.000000 -11.356559 1.968504 0.000000 55.865005 3.937009 0.000000 55.865005 0.000001 -0.000000 -11.671519 3.937008 0.787402 -11.356559 1.968504 0.000000 -13.640024 1.968504 0.787402 -9.388056 3.937008 0.000000 -13.718764 3.937008 5.905512 -13.640024 1.968504 0.787402 -15.394835 1.968504 5.174428 -11.671519 3.937008 0.787402 -13.718764 3.937008 5.905512 -15.394835 1.968504 5.174428 -13.718764 0.000000 5.905512 "
										            />
									</IndexedFaceSet>
								</Shape>
							</Group>
						</Transform>
					</Transform>
					<Transform DEF="instance_146_TRANSFORM"
					           translation="13.385832 4.724411 29.527557"
					           scale="1.000000 1.000000 1.000000"
					           rotation="0.000000 0.000000 1.000000 1.570796"
					           >
						<Transform DEF="instance_146_ifs_TRANSFORM"
						           translation="-0.000000 0.000005 0.000000"
						           scale="1.000000 1.000000 1.000000"
						           rotation="0.000000 1.000000 0.000000 0.000000"
						           >
							<Group USE="group_ME_ID376_001" />
						</Transform>
					</Transform>
					<Transform DEF="instance_147_TRANSFORM"
					           translation="43.700787 32.283470 18.897644"
					           scale="1.000000 1.000000 1.000000"
					           rotation="0.000000 1.000000 0.000000 0.000000"
					           >
						<Transform DEF="instance_147_ifs_TRANSFORM"
						           translation="-0.000004 0.000000 0.000000"
						           scale="1.000000 1.000000 1.000000"
						           rotation="0.000000 1.000000 0.000000 0.000000"
						           >
							<Group USE="group_ME_ID148_003" />
						</Transform>
					</Transform>
					<Transform DEF="instance_148_TRANSFORM"
					           translation="20.078732 25.984249 27.165359"
					           scale="1.000000 1.000000 1.000000"
					           rotation="0.000000 1.000000 0.000000 0.000000"
					           >
						<Transform DEF="instance_148_ifs_TRANSFORM"
						           translation="-0.000004 -0.000001 0.000000"
						           scale="1.000000 1.000000 1.000000"
						           rotation="0.000000 1.000000 0.000000 0.000000"
						           >
							<Group USE="group_ME_ID148_003" />
						</Transform>
					</Transform>
					<Transform DEF="instance_149_TRANSFORM"
					           translation="20.078733 5.511811 27.165359"
					           scale="1.000000 1.000000 1.000000"
					           rotation="0.000000 1.000000 0.000000 0.000000"
					           >
						<Transform DEF="instance_149_ifs_TRANSFORM"
						           translation="-0.000002 0.000000 0.000000"
						           scale="1.000000 1.000000 1.000000"
						           rotation="0.000000 1.000000 0.000000 0.000000"
						           >
							<Group USE="group_ME_ID148_003" />
						</Transform>
					</Transform>
					<Transform DEF="instance_150_TRANSFORM"
					           translation="38.188976 22.440947 18.897644"
					           scale="1.000000 1.000000 1.000000"
					           rotation="-0.000000 -0.000000 -1.000000 3.141593"
					           >
						<Transform DEF="instance_150_ifs_TRANSFORM"
						           translation="-0.000001 -0.000001 0.000000"
						           scale="1.000000 1.000000 1.000000"
						           rotation="0.000000 1.000000 0.000000 0.000000"
						           >
							<Group USE="group_ME_ID387" />
						</Transform>
					</Transform>
					<Transform DEF="instance_151_TRANSFORM"
					           translation="43.700790 0.000000 18.897644"
					           scale="1.000000 1.000000 1.000000"
					           rotation="0.000000 1.000000 0.000000 0.000000"
					           >
						<Transform DEF="instance_151_ifs_TRANSFORM"
						           translation="-0.000002 0.000000 0.000000"
						           scale="1.000000 1.000000 1.000000"
						           rotation="0.000000 1.000000 0.000000 0.000000"
						           >
							<Group USE="group_ME_ID148_003" />
						</Transform>
					</Transform>
					<Transform DEF="instance_152_TRANSFORM"
					           translation="43.700787 26.377951 10.629913"
					           scale="1.000000 1.000000 1.000000"
					           rotation="0.000000 1.000000 0.000000 0.000000"
					           >
						<Transform DEF="instance_152_ifs_TRANSFORM"
						           translation="-0.000004 0.000000 0.000000"
						           scale="1.000000 1.000000 1.000000"
						           rotation="0.000000 1.000000 0.000000 0.000000"
						           >
							<Group USE="group_ME_ID148_003" />
						</Transform>
					</Transform>
					<Transform DEF="instance_153_TRANSFORM"
					           translation="20.078732 15.354332 18.897644"
					           scale="1.000000 1.000000 1.000000"
					           rotation="0.000000 1.000000 0.000000 0.000000"
					           >
						<Transform DEF="instance_153_ifs_TRANSFORM"
						           translation="-0.000003 -0.000001 0.000000"
						           scale="1.000000 1.000000 1.000000"
						           rotation="0.000000 1.000000 0.000000 0.000000"
						           >
							<Group USE="group_ME_ID138_004" />
						</Transform>
					</Transform>
					<Transform DEF="instance_154_TRANSFORM"
					           translation="8.267714 3.937009 35.433075"
					           scale="1.000000 1.000000 1.000000"
					           rotation="0.000000 1.000000 0.000000 0.000000"
					           >
						<Transform DEF="instance_154_ifs_TRANSFORM"
						           translation="-0.000002 -0.000000 0.000000"
						           scale="1.000000 1.000000 1.000000"
						           rotation="0.000000 1.000000 0.000000 0.000000"
						           >
							<Group USE="group_ME_ID148_003" />
						</Transform>
					</Transform>
					<Transform DEF="instance_155_TRANSFORM"
					           translation="8.267712 28.346455 35.433075"
					           scale="1.000000 1.000000 1.000000"
					           rotation="0.000000 1.000000 0.000000 0.000000"
					           >
						<Transform DEF="instance_155_ifs_TRANSFORM"
						           translation="-0.000004 0.000001 0.000000"
						           scale="1.000000 1.000000 1.000000"
						           rotation="0.000000 1.000000 0.000000 0.000000"
						           >
							<Group USE="group_ME_ID148_003" />
						</Transform>
					</Transform>
					<Transform DEF="instance_156_TRANSFORM"
					           translation="33.070858 30.708662 12.992126"
					           scale="1.000000 1.000000 1.000000"
					           rotation="0.000000 0.000000 -1.000000 1.570796"
					           >
						<Transform DEF="instance_156_ifs_TRANSFORM"
						           translation="0.000000 0.000000 0.000000"
						           scale="1.000000 1.000000 1.000000"
						           rotation="0.000000 1.000000 0.000000 0.000000"
						           >
							<Group USE="group_ME_ID400_002" />
						</Transform>
					</Transform>
					<Transform DEF="instance_157_TRANSFORM"
					           translation="20.866146 16.929134 12.992126"
					           scale="1.000000 1.000000 1.000000"
					           rotation="0.000000 1.000000 0.000000 0.000000"
					           >
						<Transform DEF="instance_157_ifs_TRANSFORM"
						           translation="-0.000003 -0.000001 0.000000"
						           scale="1.000000 1.000000 1.000000"
						           rotation="0.000000 1.000000 0.000000 0.000000"
						           >
							<Group USE="group_ME_ID408_001" />
						</Transform>
					</Transform>
					<Transform DEF="instance_158_TRANSFORM"
					           translation="9.055112 16.929134 21.259842"
					           scale="1.000000 1.000000 1.000000"
					           rotation="0.000000 1.000000 0.000000 0.000000"
					           >
						<Transform DEF="instance_158_ifs_TRANSFORM"
						           translation="-0.000003 0.000001 0.000000"
						           scale="1.000000 1.000000 1.000000"
						           rotation="0.000000 1.000000 0.000000 0.000000"
						           >
							<Group USE="group_ME_ID416_001" />
						</Transform>
					</Transform>
					<Transform DEF="instance_159_TRANSFORM"
					           translation="31.889769 5.511812 18.897644"
					           scale="1.000000 1.000000 1.000000"
					           rotation="0.000000 1.000000 0.000000 0.000000"
					           >
						<Transform DEF="instance_159_ifs_TRANSFORM"
						           translation="-0.000002 -0.000001 0.000000"
						           scale="1.000000 1.000000 1.000000"
						           rotation="0.000000 1.000000 0.000000 0.000000"
						           >
							<Group USE="group_ME_ID148_003" />
						</Transform>
					</Transform>
					<Transform DEF="instance_160_TRANSFORM"
					           translation="8.267713 15.354332 35.433075"
					           scale="1.000000 1.000000 1.000000"
					           rotation="0.000000 1.000000 0.000000 0.000000"
					           >
						<Transform DEF="instance_160_ifs_TRANSFORM"
						           translation="-0.000003 0.000001 0.000000"
						           scale="1.000000 1.000000 1.000000"
						           rotation="0.000000 1.000000 0.000000 0.000000"
						           >
							<Group USE="group_ME_ID138_004" />
						</Transform>
					</Transform>
					<Transform DEF="instance_161_TRANSFORM"
					           translation="31.889767 25.984251 18.897644"
					           scale="1.000000 1.000000 1.000000"
					           rotation="0.000000 1.000000 0.000000 0.000000"
					           >
						<Transform DEF="instance_161_ifs_TRANSFORM"
						           translation="-0.000004 -0.000001 0.000000"
						           scale="1.000000 1.000000 1.000000"
						           rotation="0.000000 1.000000 0.000000 0.000000"
						           >
							<Group USE="group_ME_ID148_003" />
						</Transform>
					</Transform>
					<Transform DEF="instance_162_TRANSFORM"
					           translation="32.677166 16.929136 4.724411"
					           scale="1.000000 1.000000 1.000000"
					           rotation="0.000000 1.000000 0.000000 0.000000"
					           >
						<Transform DEF="instance_162_ifs_TRANSFORM"
						           translation="-0.000003 -0.000001 0.000000"
						           scale="1.000000 1.000000 1.000000"
						           rotation="0.000000 1.000000 0.000000 0.000000"
						           >
							<Group USE="group_ME_ID427" />
						</Transform>
					</Transform>
					<Transform DEF="instance_163_TRANSFORM"
					           translation="53.149593 25.196854 0.000000"
					           scale="1.000000 1.000000 1.000000"
					           rotation="0.000000 0.000000 1.000000 3.141593"
					           >
						<Transform DEF="instance_163_ifs_TRANSFORM"
						           translation="-0.000007 -0.000001 0.000000"
						           scale="1.000000 1.000000 1.000000"
						           rotation="0.000000 1.000000 0.000000 0.000000"
						           >
							<Group USE="group_ME_ID435_001" />
						</Transform>
					</Transform>
					<Transform DEF="instance_164_TRANSFORM"
					           translation="31.889767 32.283466 27.165359"
					           scale="1.000000 1.000000 1.000000"
					           rotation="0.000000 1.000000 0.000000 0.000000"
					           >
						<Transform DEF="instance_164_ifs_TRANSFORM"
						           translation="-0.000004 -0.000001 0.000000"
						           scale="1.000000 1.000000 1.000000"
						           rotation="0.000000 1.000000 0.000000 0.000000"
						           >
							<Group USE="group_ME_ID148_003" />
						</Transform>
					</Transform>
					<Transform DEF="instance_165_TRANSFORM"
					           translation="21.259838 30.708660 21.259842"
					           scale="1.000000 1.000000 1.000000"
					           rotation="0.000000 0.000000 -1.000000 1.570796"
					           >
						<Transform DEF="instance_165_ifs_TRANSFORM"
						           translation="0.000000 0.000000 0.000000"
						           scale="1.000000 1.000000 1.000000"
						           rotation="0.000000 1.000000 0.000000 0.000000"
						           >
							<Group USE="group_ME_ID400_002" />
						</Transform>
					</Transform>
					<Transform DEF="instance_166_TRANSFORM"
					           translation="43.700787 5.905512 10.629913"
					           scale="1.000000 1.000000 1.000000"
					           rotation="0.000000 1.000000 0.000000 0.000000"
					           >
						<Transform DEF="instance_166_ifs_TRANSFORM"
						           translation="-0.000002 0.000000 0.000000"
						           scale="1.000000 1.000000 1.000000"
						           rotation="0.000000 1.000000 0.000000 0.000000"
						           >
							<Group USE="group_ME_ID148_003" />
						</Transform>
					</Transform>
					<Transform DEF="instance_167_TRANSFORM"
					           translation="31.889767 15.354329 10.629913"
					           scale="1.000000 1.000000 1.000000"
					           rotation="0.000000 1.000000 0.000000 0.000000"
					           >
						<Transform DEF="instance_167_ifs_TRANSFORM"
						           translation="-0.000003 -0.000001 0.000000"
						           scale="1.000000 1.000000 1.000000"
						           rotation="0.000000 1.000000 0.000000 0.000000"
						           >
							<Group USE="group_ME_ID138_004" />
						</Transform>
					</Transform>
					<Transform DEF="instance_168_TRANSFORM"
					           translation="33.070858 37.007870 21.259842"
					           scale="1.000000 1.000000 1.000000"
					           rotation="0.000000 0.000000 -1.000000 1.570796"
					           >
						<Transform DEF="instance_168_ifs_TRANSFORM"
						           translation="0.000000 0.000000 0.000000"
						           scale="1.000000 1.000000 1.000000"
						           rotation="0.000000 1.000000 0.000000 0.000000"
						           >
							<Group USE="group_ME_ID447_002" />
						</Transform>
					</Transform>
					<Transform DEF="instance_169_TRANSFORM"
					           translation="31.889769 0.000001 27.165359"
					           scale="1.000000 1.000000 1.000000"
					           rotation="0.000000 1.000000 0.000000 0.000000"
					           >
						<Transform DEF="instance_169_ifs_TRANSFORM"
						           translation="-0.000002 -0.000001 0.000000"
						           scale="1.000000 1.000000 1.000000"
						           rotation="0.000000 1.000000 0.000000 0.000000"
						           >
							<Group USE="group_ME_ID148_003" />
						</Transform>
					</Transform>
					<Transform DEF="instance_170_TRANSFORM"
					           translation="8.267713 15.354332 27.165359"
					           scale="1.000000 1.000000 1.000000"
					           rotation="0.000000 1.000000 0.000000 0.000000"
					           >
						<Transform DEF="instance_170_ifs_TRANSFORM"
						           translation="-0.000003 0.000001 0.000000"
						           scale="1.000000 1.000000 1.000000"
						           rotation="0.000000 1.000000 0.000000 0.000000"
						           >
							<Group USE="group_ME_ID138_004" />
						</Transform>
					</Transform>
					<Transform DEF="instance_171_TRANSFORM"
					           translation="20.078732 32.283466 35.433075"
					           scale="1.000000 1.000000 1.000000"
					           rotation="0.000000 1.000000 0.000000 0.000000"
					           >
						<Transform DEF="instance_171_ifs_TRANSFORM"
						           translation="-0.000004 -0.000001 0.000000"
						           scale="1.000000 1.000000 1.000000"
						           rotation="0.000000 1.000000 0.000000 0.000000"
						           >
							<Group USE="group_ME_ID148_003" />
						</Transform>
					</Transform>
					<Transform DEF="instance_172_TRANSFORM"
					           translation="21.259838 37.007877 29.527557"
					           scale="1.000000 1.000000 1.000000"
					           rotation="0.000000 0.000000 -1.000000 1.570796"
					           >
						<Transform DEF="instance_172_ifs_TRANSFORM"
						           translation="0.000000 0.000000 0.000000"
						           scale="1.000000 1.000000 1.000000"
						           rotation="0.000000 1.000000 0.000000 0.000000"
						           >
							<Group USE="group_ME_ID447_002" />
						</Transform>
					</Transform>
					<Transform DEF="instance_173_TRANSFORM"
					           translation="20.078733 0.000000 35.433075"
					           scale="1.000000 1.000000 1.000000"
					           rotation="0.000000 1.000000 0.000000 0.000000"
					           >
						<Transform DEF="instance_173_ifs_TRANSFORM"
						           translation="-0.000002 0.000000 0.000000"
						           scale="1.000000 1.000000 1.000000"
						           rotation="0.000000 1.000000 0.000000 0.000000"
						           >
							<Group USE="group_ME_ID148_003" />
						</Transform>
					</Transform>
					<Transform DEF="instance_174_TRANSFORM"
					           translation="43.700787 16.141733 35.433075"
					           scale="1.000000 1.000000 1.000000"
					           rotation="0.000000 1.000000 0.000000 0.000000"
					           >
						<Transform DEF="instance_174_ifs_TRANSFORM"
						           translation="-0.000003 0.000000 0.000000"
						           scale="1.000000 1.000000 1.000000"
						           rotation="0.000000 1.000000 0.000000 0.000000"
						           >
							<Group USE="group_ME_ID148_003" />
						</Transform>
					</Transform>
				</Transform>
				<Transform DEF="group_82_TRANSFORM"
				           translation="41.898403 13.185919 39.372879"
				           scale="-1.000000 -1.000000 -1.000000"
				           rotation="-0.707107 0.707107 -0.000000 3.141593"
				           >
					<Transform DEF="group_82_ifs_TRANSFORM"
					           translation="0.000000 -0.000003 -0.000002"
					           scale="1.000000 1.000000 1.000000"
					           rotation="0.000000 1.000000 0.000000 0.000000"
					           >
						<Group DEF="group_ME_ID880">
							<Shape>
								<Appearance>
									<Material USE="MA_material_022" />
								</Appearance>
								<IndexedFaceSet solid="false"
								                coordIndex="0 1 2 -1 3 2 1 -1 4 5 6 -1 7 6 5 -1 8 9 10 -1 11 10 9 -1 12 13 14 -1 15 14 13 -1 16 17 18 -1 19 18 17 -1 20 21 22 -1 23 22 21 -1 "
								                >
									<Coordinate DEF="coords_ME_ID880"
									            point="-13.185917 12.598425 0.000000 -13.185917 12.598425 5.905512 -13.185917 0.000000 0.000000 -13.185917 0.000000 5.905512 35.473953 12.598425 5.905512 35.473953 0.000000 5.905512 -13.185917 12.598425 5.905512 -13.185917 0.000000 5.905512 35.473953 12.598425 5.905512 -13.185917 12.598425 5.905512 35.473953 12.598425 0.000000 -13.185917 12.598425 0.000000 35.473953 0.000000 0.000000 35.473953 12.598425 0.000000 -13.185917 0.000000 0.000000 -13.185917 12.598425 0.000000 -13.185917 0.000000 5.905512 35.473953 0.000000 5.905512 -13.185917 0.000000 0.000000 35.473953 0.000000 0.000000 35.473953 12.598425 5.905512 35.473953 12.598425 0.000000 35.473953 0.000000 5.905512 35.473953 0.000000 0.000000 "
									            />
								</IndexedFaceSet>
							</Shape>
						</Group>
					</Transform>
				</Transform>
				<Transform DEF="group_83_TRANSFORM"
				           translation="56.299206 27.165356 -78.740158"
				           scale="1.000000 1.000000 1.000000"
				           rotation="-0.000000 -0.000000 -1.000000 3.141593"
				           >
					<Transform DEF="group_83_ifs_TRANSFORM"
					           translation="-0.000001 -0.000001 0.000000"
					           scale="1.000000 1.000000 1.000000"
					           rotation="0.000000 1.000000 0.000000 0.000000"
					           >
						<Group DEF="group_ME_ID887">
							<Shape>
								<Appearance>
									<Material USE="MA_material_022" />
								</Appearance>
								<IndexedFaceSet solid="false"
								                coordIndex="0 1 2 -1 1 0 3 -1 3 4 1 -1 4 3 5 -1 2 6 7 -1 6 2 1 -1 8 2 9 -1 2 8 0 -1 10 0 11 -1 0 10 3 -1 4 12 13 -1 12 4 5 -1 1 14 6 -1 14 1 4 -1 15 3 10 -1 3 15 5 -1 16 17 18 -1 17 16 19 -1 19 16 20 -1 19 20 21 -1 19 21 22 -1 22 21 23 -1 22 23 24 -1 24 23 25 -1 25 23 26 -1 25 26 27 -1 25 27 28 -1 28 27 29 -1 29 27 30 -1 29 30 31 -1 9 7 32 -1 7 9 2 -1 33 9 34 -1 9 33 8 -1 0 35 11 -1 35 0 8 -1 36 37 38 -1 37 36 39 -1 13 40 41 -1 40 13 12 -1 14 13 42 -1 13 14 4 -1 43 5 15 -1 5 43 12 -1 44 39 36 -1 39 44 45 -1 42 41 46 -1 41 42 13 -1 46 47 48 -1 47 46 41 -1 48 49 50 -1 49 48 47 -1 51 49 52 -1 49 51 50 -1 53 52 54 -1 52 53 51 -1 55 54 56 -1 54 55 53 -1 57 56 58 -1 56 57 55 -1 59 57 58 -1 57 59 60 -1 61 60 59 -1 60 61 62 -1 63 62 61 -1 62 63 64 -1 34 64 63 -1 64 34 65 -1 9 65 34 -1 65 9 32 -1 33 63 66 -1 63 33 34 -1 8 67 35 -1 67 8 33 -1 37 68 38 -1 68 37 69 -1 70 71 72 -1 71 70 73 -1 41 74 47 -1 74 41 40 -1 43 40 12 -1 40 43 75 -1 76 45 44 -1 45 76 77 -1 78 73 70 -1 73 78 79 -1 47 80 49 -1 80 47 74 -1 52 80 81 -1 80 52 49 -1 54 81 82 -1 81 54 52 -1 56 82 83 -1 82 56 54 -1 58 83 84 -1 83 58 56 -1 85 58 84 -1 58 85 59 -1 86 59 85 -1 59 86 61 -1 66 61 86 -1 61 66 63 -1 33 87 67 -1 87 33 66 -1 69 88 68 -1 88 69 89 -1 71 90 72 -1 90 71 91 -1 92 93 94 -1 93 92 95 -1 74 75 96 -1 75 74 40 -1 76 97 77 -1 97 76 98 -1 99 79 78 -1 79 99 100 -1 101 95 92 -1 95 101 102 -1 80 96 103 -1 96 80 74 -1 81 103 104 -1 103 81 80 -1 82 104 105 -1 104 82 81 -1 82 106 83 -1 106 82 105 -1 83 107 84 -1 107 83 106 -1 85 107 108 -1 107 85 84 -1 86 108 109 -1 108 86 85 -1 66 109 87 -1 109 66 86 -1 89 110 88 -1 110 89 111 -1 91 112 90 -1 112 91 113 -1 93 114 94 -1 114 93 115 -1 116 117 118 -1 117 116 119 -1 117 119 120 -1 120 119 121 -1 121 119 122 -1 121 122 123 -1 123 122 124 -1 123 124 125 -1 125 124 126 -1 125 126 127 -1 125 127 128 -1 128 127 129 -1 129 127 130 -1 129 130 131 -1 132 98 133 -1 98 132 97 -1 99 134 100 -1 134 99 135 -1 136 102 101 -1 102 136 137 -1 138 133 139 -1 133 138 132 -1 140 139 141 -1 139 140 138 -1 142 141 143 -1 141 142 140 -1 142 144 145 -1 144 142 143 -1 145 146 147 -1 146 145 144 -1 148 146 149 -1 146 148 147 -1 150 149 151 -1 149 150 148 -1 111 151 110 -1 151 111 150 -1 113 152 112 -1 152 113 153 -1 115 154 114 -1 154 115 155 -1 154 156 157 -1 156 154 155 -1 156 158 157 -1 158 156 159 -1 159 160 158 -1 160 159 161 -1 161 162 160 -1 162 161 163 -1 164 162 163 -1 162 164 165 -1 166 165 164 -1 165 166 167 -1 166 168 167 -1 168 166 169 -1 169 170 168 -1 170 169 171 -1 171 172 170 -1 172 171 173 -1 173 174 172 -1 174 173 175 -1 136 175 137 -1 175 136 174 -1 176 135 177 -1 135 176 134 -1 178 177 179 -1 177 178 176 -1 180 179 181 -1 179 180 178 -1 182 181 183 -1 181 182 180 -1 182 184 185 -1 184 182 183 -1 185 186 187 -1 186 185 184 -1 188 186 189 -1 186 188 187 -1 190 189 191 -1 189 190 188 -1 153 191 152 -1 191 153 190 -1 "
								                >
									<Coordinate DEF="coords_ME_ID887"
									            point="12.655928 3.879505 117.329834 13.401598 6.141193 117.894165 12.197019 4.338414 117.894165 14.001191 5.892834 117.329834 13.824590 8.267716 117.894165 14.473584 8.267716 117.329834 12.632502 6.459764 118.110229 11.608378 4.927055 118.110229 10.642599 2.534242 117.329834 10.394239 3.133835 117.894165 14.305669 5.766715 116.535423 12.888966 3.646467 116.535423 14.001191 10.642599 117.329834 13.401598 10.394239 117.894165 12.992126 8.267716 118.110229 14.803149 8.267716 116.535423 3.902931 6.459764 118.110229 3.902931 10.075669 118.110229 3.543307 8.267716 118.110229 4.927054 11.608378 118.110229 4.927054 4.927055 118.110229 6.459764 3.902931 118.110229 6.459764 12.632502 118.110229 8.267716 3.543307 118.110229 8.267716 12.992126 118.110229 10.075669 12.632502 118.110229 10.075669 3.902931 118.110229 11.608378 4.927055 118.110229 11.608378 11.608378 118.110229 12.632502 10.075669 118.110229 12.632502 6.459764 118.110229 12.992126 8.267716 118.110229 10.075669 3.902931 118.110229 8.267716 2.061848 117.329834 8.267716 2.710844 117.894165 10.768719 2.229764 116.535423 14.996760 5.480455 111.548553 12.888966 3.646467 116.535423 13.417903 3.117529 111.548553 14.305669 5.766715 116.535423 12.655928 12.655928 117.329834 12.197019 12.197019 117.894165 12.632502 10.075669 118.110229 14.305669 10.768719 116.535423 15.551181 8.267716 111.548553 14.803149 8.267716 116.535423 11.608378 11.608378 118.110229 10.394239 13.401598 117.894165 10.075669 12.632502 118.110229 8.267716 13.824590 117.894165 8.267716 12.992126 118.110229 6.459764 12.632502 118.110229 6.141193 13.401598 117.894165 4.927054 11.608378 118.110229 4.338414 12.197019 117.894165 3.902931 10.075669 118.110229 3.133835 10.394239 117.894165 3.543307 8.267716 118.110229 2.710843 8.267716 117.894165 3.133835 6.141193 117.894165 3.902931 6.459764 118.110229 4.338414 4.338414 117.894165 4.927054 4.927055 118.110229 6.141193 3.133835 117.894165 6.459764 3.902931 118.110229 8.267716 3.543307 118.110229 5.892834 2.534242 117.329834 8.267716 1.732283 116.535423 11.054977 1.538673 111.548553 10.768719 2.229764 116.535423 15.602980 5.229351 98.425194 13.417903 3.117529 111.548553 13.881885 2.653549 98.425194 14.996760 5.480455 111.548553 10.642599 14.001191 117.329834 12.888966 12.888966 116.535423 14.996760 11.054977 111.548553 14.305669 10.768719 116.535423 16.207348 8.267716 98.425194 15.551181 8.267716 111.548553 8.267716 14.473584 117.329834 5.892834 14.001191 117.329834 3.879505 12.655928 117.329834 2.534242 10.642599 117.329834 2.061848 8.267716 117.329834 2.534242 5.892834 117.329834 3.879505 3.879505 117.329834 5.766714 2.229764 116.535423 8.267716 0.984252 111.548553 8.267716 1.732283 116.535423 11.306083 0.932453 98.425194 11.054977 1.538673 111.548553 15.906091 5.103798 78.740158 13.881885 2.653549 98.425194 14.113874 2.421558 78.740158 15.602980 5.229351 98.425194 10.768719 14.305669 116.535423 12.888966 12.888966 116.535423 13.417903 13.417903 111.548553 15.602980 11.306083 98.425194 14.996760 11.054977 111.548553 16.535433 8.267716 78.740158 16.207348 8.267716 98.425194 8.267716 14.803149 116.535423 5.766715 14.305669 116.535423 3.646467 12.888966 116.535423 2.229764 10.768719 116.535423 1.732283 8.267716 116.535423 2.229764 5.766715 116.535423 3.646467 3.646467 116.535423 5.480455 1.538673 111.548553 5.766714 2.229764 116.535423 8.267716 0.328084 98.425194 8.267716 0.984252 111.548553 11.431634 0.629342 78.740158 11.306083 0.932453 98.425194 0.629342 11.431635 78.740158 0.629342 5.103798 78.740158 0.000000 8.267716 78.740158 2.421558 14.113874 78.740158 2.421558 2.421558 78.740158 5.103798 0.629342 78.740158 5.103798 15.906091 78.740158 8.267716 0.000000 78.740158 8.267716 16.535433 78.740158 11.431634 0.629342 78.740158 11.431634 15.906091 78.740158 14.113874 14.113874 78.740158 14.113874 2.421558 78.740158 15.906091 5.103798 78.740158 15.906091 11.431634 78.740158 16.535433 8.267716 78.740158 10.768719 14.305669 116.535423 11.054977 14.996760 111.548553 13.417903 13.417903 111.548553 13.881885 13.881885 98.425194 15.906091 11.431634 78.740158 15.602980 11.306083 98.425194 8.267716 14.803149 116.535423 8.267716 15.551181 111.548553 5.766715 14.305669 116.535423 5.480455 14.996760 111.548553 3.646467 12.888966 116.535423 3.117529 13.417903 111.548553 1.538673 11.054977 111.548553 2.229764 10.768719 116.535423 0.984252 8.267716 111.548553 1.732283 8.267716 116.535423 2.229764 5.766715 116.535423 1.538673 5.480455 111.548553 3.646467 3.646467 116.535423 3.117529 3.117529 111.548553 5.229351 0.932453 98.425194 5.480455 1.538673 111.548553 8.267716 0.000000 78.740158 8.267716 0.328084 98.425194 5.229351 0.932453 98.425194 5.103798 0.629342 78.740158 2.421558 2.421558 78.740158 2.653549 2.653549 98.425194 0.629342 5.103798 78.740158 0.932453 5.229351 98.425194 0.000000 8.267716 78.740158 0.328084 8.267716 98.425194 0.932453 11.306083 98.425194 0.629342 11.431635 78.740158 2.653549 13.881885 98.425194 2.421558 14.113874 78.740158 5.103798 15.906091 78.740158 5.229351 15.602980 98.425194 8.267716 16.535433 78.740158 8.267716 16.207348 98.425194 11.431634 15.906091 78.740158 11.306083 15.602980 98.425194 14.113874 14.113874 78.740158 13.881885 13.881885 98.425194 11.054977 14.996760 111.548553 11.306083 15.602980 98.425194 8.267716 15.551181 111.548553 8.267716 16.207348 98.425194 5.480455 14.996760 111.548553 5.229351 15.602980 98.425194 3.117529 13.417903 111.548553 2.653549 13.881885 98.425194 0.932453 11.306083 98.425194 1.538673 11.054977 111.548553 0.328084 8.267716 98.425194 0.984252 8.267716 111.548553 1.538673 5.480455 111.548553 0.932453 5.229351 98.425194 3.117529 3.117529 111.548553 2.653549 2.653549 98.425194 "
									            />
								</IndexedFaceSet>
							</Shape>
						</Group>
					</Transform>
				</Transform>
				<Transform DEF="group_84_TRANSFORM"
				           translation="-0.000002 0.734603 76.774445"
				           scale="1.000000 1.000000 1.000000"
				           rotation="0.000000 1.000000 0.000000 0.000000"
				           >
					<Transform DEF="group_84_ifs_TRANSFORM"
					           translation="-0.000002 0.000001 0.000000"
					           scale="1.000000 1.000000 1.000000"
					           rotation="0.000000 1.000000 0.000000 0.000000"
					           >
						<Group DEF="group_ME_ID894">
							<Shape>
								<Appearance>
									<Material USE="MA_material_022" />
								</Appearance>
								<IndexedFaceSet solid="false"
								                coordIndex="0 1 2 -1 1 0 3 -1 4 5 6 -1 5 4 7 -1 8 9 10 -1 9 8 11 -1 12 13 14 -1 13 12 15 -1 16 17 18 -1 17 16 19 -1 20 21 22 -1 21 20 23 -1 "
								                >
									<Coordinate DEF="coords_ME_ID894"
									            point="1.181102 0.000000 12.204723 0.000000 0.000000 0.000000 1.181102 0.000000 0.000000 0.000000 0.000000 12.204723 1.181102 47.925270 0.000000 1.181102 0.000000 12.204723 1.181102 0.000000 0.000000 1.181102 47.925270 12.204723 1.181102 0.000000 12.204723 0.000000 47.925270 12.204723 0.000000 0.000000 12.204723 1.181102 47.925270 12.204723 0.000000 47.925270 12.204723 0.000000 0.000000 0.000000 0.000000 0.000000 12.204723 0.000000 47.925270 0.000000 1.181102 47.925270 0.000000 0.000000 0.000000 0.000000 0.000000 47.925270 0.000000 1.181102 0.000000 0.000000 0.000000 47.925270 12.204723 1.181102 47.925270 0.000000 0.000000 47.925270 0.000000 1.181102 47.925270 12.204723 "
									            />
								</IndexedFaceSet>
							</Shape>
						</Group>
					</Transform>
				</Transform>
				<Transform DEF="group_85_TRANSFORM"
				           translation="146.518951 134.919998 27.559052"
				           scale="1.000000 1.000000 1.000000"
				           rotation="-0.000000 -0.000000 -1.000000 3.141593"
				           >
					<Transform DEF="group_85_ifs_TRANSFORM"
					           translation="-0.000002 0.000004 0.000000"
					           scale="1.000000 1.000000 1.000000"
					           rotation="0.000000 1.000000 0.000000 0.000000"
					           >
						<Group DEF="group_ME_ID901">
							<Shape>
								<Appearance>
									<Material USE="MA_material_022" />
								</Appearance>
								<IndexedFaceSet solid="false"
								                coordIndex="0 1 2 -1 1 0 3 -1 4 5 6 -1 5 4 7 -1 7 4 8 -1 7 8 9 -1 9 8 10 -1 10 8 11 -1 10 11 12 -1 11 8 13 -1 13 8 14 -1 14 8 15 -1 15 8 16 -1 12 17 10 -1 18 3 0 -1 3 18 19 -1 20 21 22 -1 23 24 25 -1 24 23 26 -1 27 28 29 -1 28 27 30 -1 28 30 31 -1 31 30 32 -1 32 30 33 -1 32 33 21 -1 32 21 34 -1 34 21 20 -1 32 34 35 -1 32 35 25 -1 32 25 24 -1 2 36 37 -1 36 2 1 -1 38 39 40 -1 39 38 41 -1 42 43 44 -1 45 46 47 -1 46 45 42 -1 42 45 48 -1 42 49 46 -1 50 48 45 -1 48 50 51 -1 52 51 50 -1 51 52 53 -1 54 53 52 -1 53 54 55 -1 56 57 58 -1 57 56 59 -1 60 61 62 -1 61 60 63 -1 64 65 66 -1 65 64 67 -1 37 68 69 -1 68 37 70 -1 70 37 36 -1 70 71 68 -1 69 72 73 -1 74 75 76 -1 75 74 77 -1 78 79 80 -1 79 78 81 -1 81 78 82 -1 82 78 83 -1 82 83 84 -1 84 83 85 -1 86 87 88 -1 87 86 89 -1 70 89 86 -1 47 77 74 -1 73 90 91 -1 90 73 72 -1 44 92 93 -1 92 44 43 -1 42 44 49 -1 77 93 75 -1 93 77 44 -1 44 77 46 -1 44 46 49 -1 46 77 47 -1 70 86 71 -1 72 88 90 -1 88 72 86 -1 86 72 68 -1 86 68 71 -1 68 72 69 -1 "
								                >
									<Coordinate DEF="coords_ME_ID901"
									            point="95.731544 108.474304 11.813829 95.140999 105.954620 0.002806 95.140999 105.954620 11.813829 95.731544 108.474304 0.002806 94.944145 88.902802 11.813829 94.747299 102.175087 11.813829 94.550438 97.135719 11.813829 95.140999 105.954620 11.813829 102.030754 88.902802 11.813829 95.731544 108.474304 11.813829 96.518951 109.734146 11.813829 100.455956 109.734146 11.813829 100.455956 116.101120 11.813829 101.243355 108.474304 11.813829 101.833908 105.954620 11.813829 102.227608 102.175087 11.813829 102.424461 97.135719 11.813829 96.518951 116.101112 11.813829 96.518951 109.734146 11.813829 96.518951 109.734146 0.002806 100.455956 116.101120 0.002806 96.518951 109.734146 0.002806 96.518951 116.101112 0.002806 102.227608 102.175087 0.002806 102.030754 88.902802 0.002806 101.833908 105.954620 0.002806 102.424461 97.135719 0.002806 94.747299 102.175087 0.002806 94.944145 88.902802 0.002806 94.550438 97.135719 0.002806 95.140999 105.954620 0.002806 94.944145 86.260147 0.002806 102.030762 86.260147 0.002806 95.731544 108.474304 0.002806 100.455956 109.734146 0.002806 101.243355 108.474304 0.002806 94.747299 102.175087 0.002806 94.747299 102.175087 11.813829 94.944145 86.260147 11.813829 102.030754 88.902802 11.813829 94.944145 88.902802 11.813829 102.030754 86.260147 11.813829 102.424461 97.135719 11.813829 102.030754 88.902802 11.813829 102.424461 88.902802 9.845325 102.227608 102.175087 0.002806 102.424461 97.135719 1.927762 102.424461 97.135719 0.002806 102.227608 102.175087 11.813829 102.424461 97.135719 9.845325 101.833908 105.954620 0.002806 101.833908 105.954620 11.813829 101.243355 108.474304 0.002806 101.243355 108.474304 11.813829 100.455956 109.734146 0.002806 100.455956 109.734146 11.813829 100.455956 116.101120 0.002806 100.455956 109.734146 11.813829 100.455956 109.734146 0.002806 100.455956 116.101120 11.813829 96.518951 116.101112 11.813829 100.455956 116.101120 0.002806 96.518951 116.101112 0.002806 100.455956 116.101120 11.813829 96.518951 116.101112 11.813829 96.518951 109.734146 0.002806 96.518951 109.734146 11.813829 96.518951 116.101112 0.002806 94.550438 97.135719 9.845325 94.550438 97.135719 11.813829 94.550438 97.135719 0.002806 94.550438 97.135719 1.927762 94.550438 88.902802 9.845325 94.944145 88.902802 11.813829 102.030754 88.902802 0.002806 102.424461 86.260147 1.927762 102.030762 86.260147 0.002806 102.424461 88.433891 1.927762 102.424461 86.260147 1.927762 94.944145 86.260147 0.002806 102.030762 86.260147 0.002806 94.550438 86.260147 1.927762 94.550438 86.260147 9.845325 102.424461 86.260147 9.845325 94.944145 86.260147 11.813829 102.030754 86.260147 11.813829 94.550438 88.902802 1.927762 94.944145 86.260147 0.002806 94.550438 86.260147 1.927762 94.944145 88.902802 0.002806 94.550438 86.260147 9.845325 94.944145 86.260147 11.813829 102.030754 86.260147 11.813829 102.424461 86.260147 9.845325 "
									            />
								</IndexedFaceSet>
							</Shape>
						</Group>
					</Transform>
				</Transform>
				<Transform DEF="group_86_TRANSFORM"
				           translation="54.330700 12.570868 50.790207"
				           scale="0.761905 0.761905 1.000000"
				           rotation="0.000000 1.000000 0.000000 0.000000"
				           >
					<Transform DEF="group_86_ifs_TRANSFORM"
					           translation="-0.000004 -0.000005 -0.000015"
					           scale="1.000000 1.000000 1.000000"
					           rotation="0.000000 0.000000 0.000000 0.000000"
					           >
						<Group DEF="group_ME_ID908">
							<Shape>
								<Appearance>
									<Material USE="MA_material_022" />
								</Appearance>
								<IndexedFaceSet solid="false"
								                coordIndex="0 1 2 -1 1 0 3 -1 4 5 6 -1 5 4 7 -1 5 7 8 -1 8 7 9 -1 8 9 10 -1 10 9 11 -1 11 9 12 -1 11 12 13 -1 11 13 14 -1 14 13 15 -1 14 15 16 -1 16 15 17 -1 16 17 18 -1 18 17 19 -1 2 20 21 -1 20 2 1 -1 22 23 24 -1 23 22 25 -1 23 25 26 -1 26 25 27 -1 26 27 28 -1 28 27 29 -1 28 29 30 -1 30 29 31 -1 30 31 32 -1 32 31 33 -1 32 33 34 -1 34 33 35 -1 34 35 36 -1 36 35 37 -1 38 3 0 -1 3 38 39 -1 40 41 42 -1 41 40 43 -1 42 44 45 -1 44 42 41 -1 45 46 47 -1 46 45 44 -1 46 48 47 -1 48 46 49 -1 49 50 48 -1 50 49 51 -1 51 52 50 -1 52 51 53 -1 53 54 52 -1 54 53 55 -1 21 54 55 -1 54 21 20 -1 38 56 39 -1 56 38 57 -1 57 58 56 -1 58 57 59 -1 59 60 58 -1 60 59 61 -1 61 62 60 -1 62 61 63 -1 62 43 40 -1 43 62 63 -1 "
								                >
									<Coordinate DEF="coords_ME_ID908"
									            point="0.629342 11.431635 51.727161 0.000000 8.267716 -11.417322 0.000000 8.267716 51.727161 0.629342 11.431635 -11.417322 0.629342 11.431635 -11.417322 0.629342 5.103798 -11.417322 0.000000 8.267716 -11.417322 2.421558 14.113874 -11.417322 2.421558 2.421558 -11.417322 5.103798 15.906091 -11.417322 5.103798 0.629342 -11.417322 8.267716 0.000000 -11.417322 8.267716 16.535433 -11.417322 11.431634 15.906091 -11.417322 11.431634 0.629342 -11.417322 14.113874 14.113874 -11.417322 14.113874 2.421558 -11.417322 15.906091 11.431635 -11.417322 15.906091 5.103798 -11.417322 16.535433 8.267716 -11.417322 0.629342 5.103798 -11.417322 0.629342 5.103798 51.727161 0.629342 5.103798 51.727161 0.629342 11.431635 51.727161 0.000000 8.267716 51.727161 2.421558 2.421558 51.727161 2.421558 14.113874 51.727161 5.103798 0.629342 51.727161 5.103798 15.906091 51.727161 8.267716 0.000000 51.727161 8.267716 16.535433 51.727161 11.431634 0.629342 51.727161 11.431634 15.906091 51.727161 14.113874 2.421558 51.727161 14.113874 14.113874 51.727161 15.906091 5.103798 51.727161 15.906091 11.431635 51.727161 16.535433 8.267716 51.727161 2.421558 14.113874 51.727161 2.421558 14.113874 -11.417322 15.906091 11.431635 -11.417322 16.535433 8.267716 51.727161 16.535433 8.267716 -11.417322 15.906091 11.431635 51.727161 15.906091 5.103798 51.727161 15.906091 5.103798 -11.417322 14.113874 2.421558 51.727161 14.113874 2.421558 -11.417322 11.431634 0.629342 -11.417322 11.431634 0.629342 51.727161 8.267716 0.000000 -11.417322 8.267716 0.000000 51.727161 5.103798 0.629342 -11.417322 5.103798 0.629342 51.727161 2.421558 2.421558 -11.417322 2.421558 2.421558 51.727161 5.103798 15.906091 -11.417322 5.103798 15.906091 51.727161 8.267716 16.535433 -11.417322 8.267716 16.535433 51.727161 11.431634 15.906091 -11.417322 11.431634 15.906091 51.727161 14.113874 14.113874 -11.417322 14.113874 14.113874 51.727161 "
									            />
								</IndexedFaceSet>
							</Shape>
						</Group>
					</Transform>
				</Transform>
				<Transform DEF="group_87_TRANSFORM"
				           translation="54.496822 12.570868 21.656349"
				           scale="1.000000 1.000000 1.000000"
				           rotation="0.000000 1.000000 0.000000 0.000000"
				           >
					<Transform DEF="group_87_ifs_TRANSFORM"
					           translation="-0.000003 0.000001 0.000000"
					           scale="1.000000 1.000000 1.000000"
					           rotation="0.000000 1.000000 0.000000 0.000000"
					           >
						<Group DEF="group_ME_ID915">
							<Shape>
								<Appearance>
									<Material USE="MA_Color_002__002" />
								</Appearance>
								<IndexedFaceSet solid="false"
								                coordIndex="0 1 2 -1 1 0 3 -1 4 5 6 -1 7 6 5 -1 8 9 10 -1 9 8 11 -1 12 13 14 -1 15 14 13 -1 16 17 18 -1 17 16 19 -1 20 21 22 -1 23 22 21 -1 24 25 26 -1 25 24 27 -1 28 29 30 -1 31 30 29 -1 32 33 34 -1 33 32 35 -1 36 37 38 -1 39 38 37 -1 40 41 42 -1 41 40 43 -1 44 45 46 -1 47 46 45 -1 "
								                >
									<Coordinate DEF="coords_ME_ID915"
									            point="0.000000 12.598425 17.716536 46.982727 12.598425 5.905512 0.000000 12.598425 5.905512 46.982727 12.598425 17.716536 46.982727 12.598425 17.716536 0.000000 12.598425 17.716536 46.982727 12.598425 5.905512 0.000000 12.598425 5.905512 46.982727 0.000000 17.716536 0.000000 12.598425 17.716536 0.000000 0.000000 17.716536 46.982727 12.598425 17.716536 46.982727 12.598425 17.716536 46.982727 0.000000 17.716536 0.000000 12.598425 17.716536 0.000000 0.000000 17.716536 46.982727 12.598425 5.905512 46.982727 0.000000 17.716536 46.982727 0.000000 5.905512 46.982727 12.598425 17.716536 46.982727 12.598425 17.716536 46.982727 12.598425 5.905512 46.982727 0.000000 17.716536 46.982727 0.000000 5.905512 46.982727 12.598425 5.905512 0.000000 0.000000 5.905512 0.000000 12.598425 5.905512 46.982727 0.000000 5.905512 46.982727 0.000000 5.905512 46.982727 12.598425 5.905512 0.000000 0.000000 5.905512 0.000000 12.598425 5.905512 0.000000 12.598425 17.716536 0.000000 0.000000 5.905512 0.000000 0.000000 17.716536 0.000000 12.598425 5.905512 0.000000 12.598425 5.905512 0.000000 12.598425 17.716536 0.000000 0.000000 5.905512 0.000000 0.000000 17.716536 46.982727 0.000000 17.716536 0.000000 0.000000 5.905512 46.982727 0.000000 5.905512 0.000000 0.000000 17.716536 0.000000 0.000000 17.716536 46.982727 0.000000 17.716536 0.000000 0.000000 5.905512 46.982727 0.000000 5.905512 "
									            />
								</IndexedFaceSet>
							</Shape>
						</Group>
					</Transform>
				</Transform>
				<Transform DEF="group_88_TRANSFORM"
				           translation="46.062988 0.000000 66.508224"
				           scale="1.000000 1.000000 1.000000"
				           rotation="0.000000 1.000000 0.000000 0.000000"
				           >
					<Transform DEF="group_88_ifs_TRANSFORM"
					           translation="-0.000002 0.000000 0.000000"
					           scale="1.000000 1.000000 1.000000"
					           rotation="0.000000 1.000000 0.000000 0.000000"
					           >
						<Group DEF="group_ME_ID922_001">
							<Shape>
								<Appearance>
									<Material USE="MA_material_022" />
								</Appearance>
								<IndexedFaceSet solid="false"
								                coordIndex="0 1 2 -1 1 0 3 -1 4 5 6 -1 5 4 7 -1 8 9 10 -1 9 8 11 -1 12 13 14 -1 13 12 15 -1 16 17 18 -1 17 16 19 -1 20 21 22 -1 21 20 23 -1 "
								                >
									<Coordinate DEF="coords_ME_ID922_001"
									            point="0.000000 0.000000 5.905512 3.937008 48.659870 5.905512 0.000000 48.659870 5.905512 3.937008 0.000000 5.905512 0.000000 48.659870 5.905512 3.937008 48.659870 0.000000 0.000000 48.659870 0.000000 3.937008 48.659870 5.905512 0.000000 48.659870 5.905512 0.000000 0.000000 0.000000 0.000000 0.000000 5.905512 0.000000 48.659870 0.000000 3.937008 0.000000 5.905512 0.000000 0.000000 0.000000 3.937008 0.000000 0.000000 0.000000 0.000000 5.905512 3.937008 48.659870 0.000000 3.937008 0.000000 5.905512 3.937008 0.000000 0.000000 3.937008 48.659870 5.905512 3.937008 48.659870 0.000000 0.000000 0.000000 0.000000 0.000000 48.659870 0.000000 3.937008 0.000000 0.000000 "
									            />
								</IndexedFaceSet>
							</Shape>
						</Group>
					</Transform>
				</Transform>
				<Transform DEF="group_89_TRANSFORM"
				           translation="46.062988 0.000000 83.043671"
				           scale="1.000000 1.000000 1.000000"
				           rotation="0.000000 1.000000 0.000000 0.000000"
				           >
					<Transform DEF="group_89_ifs_TRANSFORM"
					           translation="-0.000002 0.000000 0.000000"
					           scale="1.000000 1.000000 1.000000"
					           rotation="0.000000 1.000000 0.000000 0.000000"
					           >
						<Group DEF="group_ME_ID929">
							<Shape>
								<Appearance>
									<Material USE="MA_material_022" />
								</Appearance>
								<IndexedFaceSet solid="false"
								                coordIndex="0 1 2 -1 1 0 3 -1 4 5 6 -1 5 4 7 -1 8 9 10 -1 9 8 11 -1 12 13 14 -1 13 12 15 -1 16 17 18 -1 17 16 19 -1 20 21 22 -1 21 20 23 -1 "
								                >
									<Coordinate DEF="coords_ME_ID929"
									            point="0.000000 0.000000 5.905512 3.937008 48.659870 5.905512 0.000000 48.659870 5.905512 3.937008 0.000000 5.905512 0.000000 48.659870 5.905512 3.937008 48.659870 0.000000 0.000000 48.659870 0.000000 3.937008 48.659870 5.905512 0.000000 48.659870 5.905512 0.000000 0.000000 0.000000 0.000000 0.000000 5.905512 0.000000 48.659870 0.000000 3.937008 0.000000 5.905512 0.000000 0.000000 0.000000 3.937008 0.000000 0.000000 0.000000 0.000000 5.905512 3.937008 48.659870 0.000000 3.937008 0.000000 5.905512 3.937008 0.000000 0.000000 3.937008 48.659870 5.905512 3.937008 48.659870 0.000000 0.000000 0.000000 0.000000 0.000000 48.659870 0.000000 3.937008 0.000000 0.000000 "
									            />
								</IndexedFaceSet>
							</Shape>
						</Group>
					</Transform>
				</Transform>
			</Transform>
			<Transform DEF="group_76_001_TRANSFORM"
			           translation="-25.236959 161.199814 106.273224"
			           scale="1.000000 1.000000 1.000000"
			           rotation="0.000000 0.000000 1.000000 1.570796"
			           >
				<Transform DEF="group_76_001_ifs_TRANSFORM"
				           translation="-0.000002 0.000001 0.000000"
				           scale="1.000000 1.000000 1.000000"
				           rotation="0.000000 1.000000 0.000000 0.000000"
				           >
					<Group DEF="group_ME_ID941_001">
						<Shape>
							<Appearance>
								<Material USE="MA_material_022" />
							</Appearance>
							<IndexedFaceSet solid="false"
							                coordIndex="0 1 2 -1 1 0 3 -1 4 5 6 -1 5 4 7 -1 8 9 10 -1 9 8 11 -1 12 13 14 -1 13 12 15 -1 16 17 18 -1 17 16 19 -1 20 21 22 -1 21 20 23 -1 "
							                >
								<Coordinate DEF="coords_ME_ID941_001"
								            point="22.440947 48.659866 88.949173 26.377954 48.659870 83.043663 22.440947 48.659866 83.043663 26.377954 48.659870 88.949173 22.440947 48.659866 83.043663 26.377954 0.000000 83.043663 22.440947 0.000000 83.043663 26.377954 48.659870 83.043663 22.440947 48.659866 88.949173 22.440947 0.000000 83.043663 22.440947 0.000000 88.949173 22.440947 48.659866 83.043663 26.377954 0.000000 88.949173 22.440947 48.659866 88.949173 22.440947 0.000000 88.949173 26.377954 48.659870 88.949173 26.377954 48.659870 83.043663 26.377954 0.000000 88.949173 26.377954 0.000000 83.043663 26.377954 48.659870 88.949173 26.377954 0.000000 88.949173 22.440947 0.000000 83.043663 26.377954 0.000000 83.043663 22.440947 0.000000 88.949173 "
								            />
							</IndexedFaceSet>
						</Shape>
					</Group>
				</Transform>
			</Transform>
			<Transform DEF="group_76_002_TRANSFORM"
			           translation="-25.236959 161.199814 106.273224"
			           scale="1.000000 1.000000 1.000000"
			           rotation="0.000000 0.000000 1.000000 1.570796"
			           >
				<Transform DEF="group_76_002_ifs_TRANSFORM"
				           translation="-0.000002 0.000001 0.000000"
				           scale="1.000000 1.000000 1.000000"
				           rotation="0.000000 1.000000 0.000000 0.000000"
				           >
					<Group DEF="group_ME_ID947">
						<Shape>
							<Appearance>
								<Material USE="MA_material_022" />
							</Appearance>
							<IndexedFaceSet solid="false"
							                coordIndex="0 1 2 -1 1 0 3 -1 4 5 6 -1 5 4 7 -1 8 9 10 -1 9 8 11 -1 12 13 14 -1 13 12 15 -1 16 17 18 -1 17 16 19 -1 20 21 22 -1 21 20 23 -1 "
							                >
								<Coordinate DEF="coords_ME_ID947"
								            point="38.188976 0.000000 80.681458 34.251968 48.659870 80.681458 34.251968 0.000000 80.681458 38.188976 48.659870 80.681458 34.251968 48.659870 80.681458 38.188976 48.659870 74.775948 34.251968 48.659870 74.775948 38.188976 48.659870 80.681458 34.251968 48.659870 80.681458 34.251968 0.000000 74.775948 34.251968 0.000000 80.681458 34.251968 48.659870 74.775948 38.188976 0.000000 80.681458 34.251968 0.000000 74.775948 38.188976 0.000000 74.775948 34.251968 0.000000 80.681458 38.188976 48.659870 74.775948 38.188976 0.000000 80.681458 38.188976 0.000000 74.775948 38.188976 48.659870 80.681458 38.188976 48.659870 74.775948 34.251968 0.000000 74.775948 34.251968 48.659870 74.775948 38.188976 0.000000 74.775948 "
								            />
							</IndexedFaceSet>
						</Shape>
					</Group>
				</Transform>
			</Transform>
			<Transform DEF="instance_175_TRANSFORM"
			           translation="-26.290926 381.495483 170.449265"
			           scale="1.000000 1.000000 1.000000"
			           rotation="0.000000 0.000000 -1.000000 1.570796"
			           >
				<Transform DEF="instance_175_ifs_TRANSFORM"
				           translation="-0.000002 0.000000 0.000000"
				           scale="1.000000 1.000000 1.000000"
				           rotation="0.000000 1.000000 0.000000 0.000000"
				           >
					<Group USE="group_ME_ID148_003" />
				</Transform>
			</Transform>
			<Transform DEF="instance_176_TRANSFORM"
			           translation="-67.235809 374.802582 162.181549"
			           scale="1.000000 1.000000 1.000000"
			           rotation="0.000000 1.000000 0.000000 0.000000"
			           >
				<Transform DEF="instance_176_ifs_TRANSFORM"
				           translation="0.000000 0.000000 0.000000"
				           scale="1.000000 1.000000 1.000000"
				           rotation="0.000000 1.000000 0.000000 0.000000"
				           >
					<Group USE="group_ME_ID138_004" />
				</Transform>
			</Transform>
			<Transform DEF="instance_177_TRANSFORM"
			           translation="-79.046829 374.802582 170.449265"
			           scale="1.000000 1.000000 1.000000"
			           rotation="0.000000 1.000000 0.000000 0.000000"
			           >
				<Transform DEF="instance_177_ifs_TRANSFORM"
				           translation="0.000000 0.000000 0.000000"
				           scale="1.000000 1.000000 1.000000"
				           rotation="0.000000 1.000000 0.000000 0.000000"
				           >
					<Group USE="group_ME_ID138_004" />
				</Transform>
			</Transform>
			<Transform DEF="instance_178_TRANSFORM"
			           translation="-32.196438 381.495483 162.181549"
			           scale="1.000000 1.000000 1.000000"
			           rotation="0.000000 0.000000 -1.000000 1.570796"
			           >
				<Transform DEF="instance_178_ifs_TRANSFORM"
				           translation="-0.000002 -0.000002 0.000000"
				           scale="1.000000 1.000000 1.000000"
				           rotation="0.000000 1.000000 0.000000 0.000000"
				           >
					<Group USE="group_ME_ID148_003" />
				</Transform>
			</Transform>
			<Transform DEF="instance_179_TRANSFORM"
			           translation="-33.377541 372.046661 151.551620"
			           scale="1.000000 1.000000 1.000000"
			           rotation="0.000000 0.000000 1.000000 1.570796"
			           >
				<Transform DEF="instance_179_ifs_TRANSFORM"
				           translation="-0.000003 0.000001 0.000000"
				           scale="1.000000 1.000000 1.000000"
				           rotation="0.000000 1.000000 0.000000 0.000000"
				           >
					<Group USE="group_ME_ID435_001" />
				</Transform>
			</Transform>
			<Transform DEF="instance_180_TRANSFORM"
			           translation="-67.235809 352.755310 170.449265"
			           scale="1.000000 1.000000 1.000000"
			           rotation="0.000000 1.000000 0.000000 0.000000"
			           >
				<Transform DEF="instance_180_ifs_TRANSFORM"
				           translation="0.000000 0.000000 0.000000"
				           scale="1.000000 1.000000 1.000000"
				           rotation="0.000000 1.000000 0.000000 0.000000"
				           >
					<Group USE="group_ME_ID148_003" />
				</Transform>
			</Transform>
			<Transform DEF="instance_181_TRANSFORM"
			           translation="-43.220058 393.306488 162.181549"
			           scale="1.000000 1.000000 1.000000"
			           rotation="0.000000 0.000000 -1.000000 1.570796"
			           >
				<Transform DEF="instance_181_ifs_TRANSFORM"
				           translation="-0.000003 -0.000001 0.000000"
				           scale="1.000000 1.000000 1.000000"
				           rotation="0.000000 1.000000 0.000000 0.000000"
				           >
					<Group USE="group_ME_ID138_004" />
				</Transform>
			</Transform>
			<Transform DEF="instance_182_TRANSFORM"
			           translation="-59.353596 390.435272 162.174530"
			           scale="1.000000 1.000000 1.000000"
			           rotation="0.000000 0.000000 1.000000 2.356194"
			           >
				<Transform DEF="instance_182_ifs_TRANSFORM"
				           translation="-0.000027 0.000019 0.000000"
				           scale="1.000000 1.000000 1.000000"
				           rotation="0.000000 1.000000 0.000000 0.000000"
				           >
					<Group USE="group_ME_ID129_001" />
				</Transform>
			</Transform>
			<Transform DEF="instance_183_TRANSFORM"
			           translation="-55.818485 393.306488 162.181549"
			           scale="1.000000 1.000000 1.000000"
			           rotation="0.000000 0.000000 -1.000000 1.570796"
			           >
				<Transform DEF="instance_183_ifs_TRANSFORM"
				           translation="-0.000004 -0.000001 0.000000"
				           scale="1.000000 1.000000 1.000000"
				           rotation="0.000000 1.000000 0.000000 0.000000"
				           >
					<Group USE="group_ME_ID138_004" />
				</Transform>
			</Transform>
			<Transform DEF="instance_184_TRANSFORM"
			           translation="-59.353596 390.435272 170.442245"
			           scale="1.000000 1.000000 1.000000"
			           rotation="0.000000 0.000000 1.000000 2.356194"
			           >
				<Transform DEF="instance_184_ifs_TRANSFORM"
				           translation="-0.000027 0.000019 0.000000"
				           scale="1.000000 1.000000 1.000000"
				           rotation="0.000000 1.000000 0.000000 0.000000"
				           >
					<Group USE="group_ME_ID129_001" />
				</Transform>
			</Transform>
			<Transform DEF="instance_185_TRANSFORM"
			           translation="-45.975964 384.645081 151.551620"
			           scale="1.000000 1.000000 1.000000"
			           rotation="0.000000 0.000000 1.000000 3.141593"
			           >
				<Transform DEF="instance_185_ifs_TRANSFORM"
				           translation="-0.000001 0.000004 0.000000"
				           scale="1.000000 1.000000 1.000000"
				           rotation="0.000000 1.000000 0.000000 0.000000"
				           >
					<Group USE="group_ME_ID435_001" />
				</Transform>
			</Transform>
			<Transform DEF="instance_186_TRANSFORM"
			           translation="-67.235809 362.204132 162.181549"
			           scale="1.000000 1.000000 1.000000"
			           rotation="0.000000 1.000000 0.000000 0.000000"
			           >
				<Transform DEF="instance_186_ifs_TRANSFORM"
				           translation="0.000000 0.000000 0.000000"
				           scale="1.000000 1.000000 1.000000"
				           rotation="0.000000 1.000000 0.000000 0.000000"
				           >
					<Group USE="group_ME_ID138_004" />
				</Transform>
			</Transform>
			<Transform DEF="instance_187_TRANSFORM"
			           translation="-32.196438 393.306488 170.449265"
			           scale="1.000000 1.000000 1.000000"
			           rotation="0.000000 0.000000 -1.000000 1.570796"
			           >
				<Transform DEF="instance_187_ifs_TRANSFORM"
				           translation="-0.000002 -0.000001 0.000000"
				           scale="1.000000 1.000000 1.000000"
				           rotation="0.000000 1.000000 0.000000 0.000000"
				           >
					<Group USE="group_ME_ID148_003" />
				</Transform>
			</Transform>
			<Transform DEF="instance_188_TRANSFORM"
			           translation="-55.818485 405.117523 170.449265"
			           scale="1.000000 1.000000 1.000000"
			           rotation="0.000000 0.000000 -1.000000 1.570796"
			           >
				<Transform DEF="instance_188_ifs_TRANSFORM"
				           translation="-0.000004 0.000000 0.000000"
				           scale="1.000000 1.000000 1.000000"
				           rotation="0.000000 1.000000 0.000000 0.000000"
				           >
					<Group USE="group_ME_ID138_004" />
				</Transform>
			</Transform>
			<Transform DEF="instance_189_TRANSFORM"
			           translation="-41.645256 404.330109 164.543747"
			           scale="1.000000 1.000000 1.000000"
			           rotation="0.000000 0.000000 -1.000000 1.570796"
			           >
				<Transform DEF="instance_189_ifs_TRANSFORM"
				           translation="-0.000003 0.000000 0.000000"
				           scale="1.000000 1.000000 1.000000"
				           rotation="0.000000 1.000000 0.000000 0.000000"
				           >
					<Group DEF="group_ME_ID969">
						<Shape>
							<Appearance>
							</Appearance>
							<IndexedFaceSet solid="false"
							                coordIndex="0 1 2 -1 1 0 3 -1 4 5 6 -1 5 4 7 -1 7 4 8 -1 7 8 9 -1 9 8 10 -1 10 8 11 -1 10 11 12 -1 11 8 13 -1 13 8 14 -1 14 8 15 -1 15 8 16 -1 16 8 17 -1 17 8 18 -1 18 8 19 -1 12 20 21 -1 20 12 11 -1 21 20 22 -1 21 22 23 -1 21 23 24 -1 25 26 27 -1 26 25 28 -1 29 30 31 -1 30 29 32 -1 32 29 33 -1 33 29 34 -1 35 36 37 -1 36 35 38 -1 38 35 39 -1 39 35 40 -1 39 40 41 -1 39 41 31 -1 39 31 42 -1 42 31 30 -1 39 42 43 -1 39 43 44 -1 39 44 45 -1 39 45 46 -1 39 46 47 -1 47 46 48 -1 47 48 49 -1 47 49 50 -1 51 52 53 -1 52 51 54 -1 55 56 57 -1 56 55 58 -1 59 60 61 -1 60 59 56 -1 60 56 62 -1 62 56 58 -1 63 64 65 -1 64 63 66 -1 67 68 69 -1 68 67 70 -1 71 72 73 -1 72 71 74 -1 75 76 77 -1 76 75 78 -1 79 80 81 -1 80 79 82 -1 82 83 80 -1 83 82 84 -1 83 85 86 -1 85 83 84 -1 87 88 89 -1 88 87 90 -1 91 92 93 -1 92 91 94 -1 92 95 93 -1 95 92 96 -1 96 97 95 -1 97 96 98 -1 99 100 101 -1 100 99 102 -1 101 103 104 -1 103 101 100 -1 105 106 107 -1 106 105 108 -1 109 110 111 -1 110 109 112 -1 113 114 115 -1 114 113 116 -1 117 118 119 -1 118 117 120 -1 121 122 123 -1 122 121 124 -1 124 121 125 -1 126 127 128 -1 127 126 129 -1 130 128 131 -1 128 130 126 -1 132 130 131 -1 130 132 133 -1 134 135 136 -1 135 134 137 -1 138 139 140 -1 139 138 141 -1 142 138 143 -1 138 142 141 -1 144 143 145 -1 143 144 142 -1 146 147 148 -1 147 146 149 -1 150 151 152 -1 151 150 153 -1 154 155 156 -1 155 154 157 -1 158 159 160 -1 159 158 161 -1 162 163 164 -1 163 162 165 -1 165 162 166 -1 165 166 167 -1 167 166 168 -1 167 168 169 -1 169 168 170 -1 169 170 171 -1 171 170 172 -1 171 172 173 -1 173 172 174 -1 173 174 175 -1 175 174 176 -1 175 176 177 -1 178 179 180 -1 179 178 181 -1 182 183 184 -1 183 182 185 -1 185 182 186 -1 185 186 187 -1 187 186 188 -1 187 188 189 -1 189 188 190 -1 189 190 191 -1 191 190 192 -1 191 192 193 -1 193 192 194 -1 193 194 195 -1 195 194 196 -1 195 196 197 -1 198 199 200 -1 199 198 201 -1 202 203 204 -1 203 202 205 -1 206 207 208 -1 207 206 209 -1 "
							                >
								<Coordinate DEF="coords_ME_ID969"
								            point="3.779527 3.937008 0.354331 1.889764 0.000000 1.062992 1.889764 3.937008 1.062992 3.779527 0.000000 0.354331 38.582676 0.000000 0.000000 6.299213 0.000000 0.000000 10.236220 0.000000 0.000000 3.779527 0.000000 0.354331 38.582676 0.000000 8.267716 1.889764 0.000000 1.062992 0.629921 0.000000 2.125984 10.629921 0.000000 4.724409 0.000000 0.000000 3.543307 11.220472 0.000000 4.882647 11.652785 0.000000 5.314961 11.811023 0.000000 5.905512 11.708624 0.000000 6.500865 11.438465 0.000000 7.041184 11.023622 0.000000 7.480315 11.023622 0.000000 8.267716 5.905511 0.000000 4.724409 0.000000 0.000000 5.905512 5.314961 0.000000 4.882647 4.882647 0.000000 5.314961 4.724409 0.000000 5.905512 1.889764 3.937008 1.062992 0.629921 0.000000 2.125984 0.629921 3.937008 2.125984 1.889764 0.000000 1.062992 0.000000 3.937008 5.905512 5.905512 3.937008 4.724409 -0.000000 3.937008 3.543307 5.314961 3.937008 4.882647 4.882647 3.937008 5.314961 4.724409 3.937008 5.905512 3.779527 3.937008 0.354331 10.236220 3.937008 0.000000 6.299213 3.937008 0.000000 38.582676 3.937008 0.000000 38.582676 3.937008 5.962598 1.889764 3.937008 1.062992 0.629921 3.937008 2.125984 10.629921 3.937008 4.724409 11.220472 3.937008 4.882647 11.652785 3.937008 5.314961 11.811023 3.937008 5.905512 11.708624 3.937008 6.500865 38.582676 3.937008 8.267716 11.438465 3.937008 7.041184 11.023622 3.937008 7.480315 11.023622 3.937008 8.267716 6.299213 3.937008 0.000000 3.779527 0.000000 0.354331 3.779527 3.937008 0.354331 6.299213 0.000000 0.000000 38.582676 0.000000 8.267716 11.023622 0.393701 8.267716 11.023622 0.000000 8.267716 38.582676 3.937008 8.267716 5.511811 0.393701 8.267716 11.023622 3.543307 8.267716 5.511811 3.543307 8.267716 11.023622 3.937008 8.267716 11.023622 0.000000 8.267716 11.023622 0.393701 7.480315 11.023622 0.000000 7.480315 11.023622 0.393701 8.267716 11.023622 0.393701 7.480315 11.438465 0.000000 7.041184 11.023622 0.000000 7.480315 11.438465 0.393701 7.041184 11.438465 0.393701 7.041184 11.708624 0.000000 6.500865 11.438465 0.000000 7.041184 11.708624 0.393701 6.500865 11.708624 0.000000 6.500865 11.811023 0.393701 5.905512 11.811023 0.000000 5.905512 11.708624 0.393701 6.500865 11.811023 0.393701 5.905512 11.652785 0.000000 5.314961 11.811023 0.000000 5.905512 11.652785 0.393701 5.314961 11.220472 0.000000 4.882647 11.220472 0.393701 4.882647 10.629921 0.393701 4.724409 10.629921 0.000000 4.724409 10.629921 0.000000 4.724409 5.905512 0.393701 4.724409 5.905511 0.000000 4.724409 10.629921 0.393701 4.724409 5.905511 0.000000 4.724409 5.314961 0.393701 4.882647 5.314961 0.000000 4.882647 5.905512 0.393701 4.724409 4.882647 0.000000 5.314961 4.882647 0.393701 5.314961 4.724409 0.000000 5.905512 4.724409 0.393701 5.905512 4.724409 0.000000 5.905512 4.724409 3.543307 5.905511 0.000000 0.000000 5.905512 4.724409 0.393701 5.905512 4.724409 3.937008 5.905512 0.000000 3.937008 5.905512 0.000000 3.937008 5.905512 0.000000 0.000000 3.543307 0.000000 0.000000 5.905512 -0.000000 3.937008 3.543307 0.000000 0.000000 3.543307 0.629921 3.937008 2.125984 0.629921 0.000000 2.125984 -0.000000 3.937008 3.543307 10.236220 3.937008 0.000000 6.299213 0.000000 0.000000 6.299213 3.937008 0.000000 10.236220 0.000000 0.000000 38.582676 3.937008 0.000000 10.236220 0.000000 0.000000 10.236220 3.937008 0.000000 38.582676 0.000000 0.000000 38.582676 0.000000 0.000000 38.582676 3.937008 8.267716 38.582676 0.000000 8.267716 38.582676 3.937008 5.962598 38.582676 3.937008 0.000000 4.882647 3.937008 5.314961 4.724409 3.543307 5.905511 4.882647 3.543307 5.314961 4.724409 3.937008 5.905512 5.314961 3.937008 4.882647 5.314961 3.543307 4.882647 5.905512 3.543307 4.724409 5.905512 3.937008 4.724409 10.629921 3.543307 4.724409 5.905512 3.937008 4.724409 5.905512 3.543307 4.724409 10.629921 3.937008 4.724409 11.220472 3.543307 4.882647 10.629921 3.937008 4.724409 10.629921 3.543307 4.724409 11.220472 3.937008 4.882647 11.652785 3.937008 5.314961 11.652785 3.543307 5.314961 11.811023 3.937008 5.905512 11.811023 3.543307 5.905511 11.708624 3.543307 6.500865 11.811023 3.937008 5.905512 11.811023 3.543307 5.905511 11.708624 3.937008 6.500865 11.438465 3.937008 7.041184 11.708624 3.543307 6.500865 11.438465 3.543307 7.041184 11.708624 3.937008 6.500865 11.023622 3.937008 7.480315 11.438465 3.543307 7.041184 11.023622 3.543307 7.480315 11.438465 3.937008 7.041184 11.023622 3.543307 8.267716 11.023622 3.937008 7.480315 11.023622 3.543307 7.480315 11.023622 3.937008 8.267716 5.314961 3.543307 4.882647 10.629921 3.543307 4.724409 5.905512 3.543307 4.724409 11.220472 3.543307 4.882647 4.882647 3.543307 5.314961 11.652785 3.543307 5.314961 4.724409 3.543307 5.905511 11.811023 3.543307 5.905511 4.826808 3.543307 6.500865 11.708624 3.543307 6.500865 5.096968 3.543307 7.041184 11.438465 3.543307 7.041184 5.511811 3.543307 7.480315 11.023622 3.543307 7.480315 5.511811 3.543307 8.267716 11.023622 3.543307 8.267716 5.511811 0.393701 8.267716 5.511811 3.543307 7.480315 5.511811 0.393701 7.480315 5.511811 3.543307 8.267716 11.220472 0.393701 4.882647 5.905512 0.393701 4.724409 10.629921 0.393701 4.724409 5.314961 0.393701 4.882647 11.652785 0.393701 5.314961 4.882647 0.393701 5.314961 11.811023 0.393701 5.905512 4.724409 0.393701 5.905512 11.708624 0.393701 6.500865 4.826808 0.393701 6.500865 11.438465 0.393701 7.041184 5.096968 0.393701 7.041184 11.023622 0.393701 7.480315 5.511811 0.393701 7.480315 11.023622 0.393701 8.267716 5.511811 0.393701 8.267716 4.826808 0.393701 6.500865 4.724409 3.543307 5.905511 4.724409 0.393701 5.905512 4.826808 3.543307 6.500865 5.096968 3.543307 7.041184 4.826808 0.393701 6.500865 5.096968 0.393701 7.041184 4.826808 3.543307 6.500865 5.511811 3.543307 7.480315 5.096968 0.393701 7.041184 5.511811 0.393701 7.480315 5.096968 3.543307 7.041184 "
								            />
							</IndexedFaceSet>
						</Shape>
					</Group>
				</Transform>
			</Transform>
			<Transform DEF="instance_190_TRANSFORM"
			           translation="-41.645256 392.519104 156.276031"
			           scale="1.000000 1.000000 1.000000"
			           rotation="0.000000 0.000000 -1.000000 1.570796"
			           >
				<Transform DEF="instance_190_ifs_TRANSFORM"
				           translation="-0.000003 -0.000001 0.000000"
				           scale="1.000000 1.000000 1.000000"
				           rotation="0.000000 1.000000 0.000000 0.000000"
				           >
					<Group DEF="group_ME_ID977_001">
						<Shape>
							<Appearance>
							</Appearance>
							<IndexedFaceSet solid="false"
							                coordIndex="0 1 2 -1 1 0 3 -1 4 5 6 -1 5 4 7 -1 7 4 8 -1 7 8 9 -1 9 8 10 -1 10 8 11 -1 10 11 12 -1 11 8 13 -1 13 8 14 -1 14 8 15 -1 15 8 16 -1 16 8 17 -1 17 8 18 -1 18 8 19 -1 12 20 21 -1 20 12 11 -1 21 20 22 -1 21 22 23 -1 21 23 24 -1 25 26 27 -1 26 25 28 -1 29 30 31 -1 30 29 32 -1 32 29 33 -1 33 29 34 -1 35 36 37 -1 36 35 38 -1 38 35 39 -1 39 35 40 -1 39 40 41 -1 39 41 31 -1 39 31 42 -1 42 31 30 -1 39 42 43 -1 39 43 44 -1 39 44 45 -1 39 45 46 -1 39 46 47 -1 47 46 48 -1 47 48 49 -1 47 49 50 -1 51 52 53 -1 52 51 54 -1 55 56 57 -1 56 55 58 -1 59 60 61 -1 60 59 56 -1 60 56 62 -1 62 56 58 -1 63 64 65 -1 64 63 66 -1 67 68 69 -1 68 67 70 -1 71 72 73 -1 72 71 74 -1 75 76 77 -1 76 75 78 -1 79 80 81 -1 80 79 82 -1 82 83 80 -1 83 82 84 -1 83 85 86 -1 85 83 84 -1 87 88 89 -1 88 87 90 -1 91 92 93 -1 92 91 94 -1 92 95 93 -1 95 92 96 -1 96 97 95 -1 97 96 98 -1 99 100 101 -1 100 99 102 -1 101 103 104 -1 103 101 100 -1 105 106 107 -1 106 105 108 -1 109 110 111 -1 110 109 112 -1 113 114 115 -1 114 113 116 -1 117 118 119 -1 118 117 120 -1 121 122 123 -1 122 121 124 -1 124 121 125 -1 126 127 128 -1 127 126 129 -1 130 128 131 -1 128 130 126 -1 132 130 131 -1 130 132 133 -1 134 135 136 -1 135 134 137 -1 138 139 140 -1 139 138 141 -1 142 138 143 -1 138 142 141 -1 144 143 145 -1 143 144 142 -1 146 147 148 -1 147 146 149 -1 150 151 152 -1 151 150 153 -1 154 155 156 -1 155 154 157 -1 158 159 160 -1 159 158 161 -1 162 163 164 -1 163 162 165 -1 165 162 166 -1 165 166 167 -1 167 166 168 -1 167 168 169 -1 169 168 170 -1 169 170 171 -1 171 170 172 -1 171 172 173 -1 173 172 174 -1 173 174 175 -1 175 174 176 -1 175 176 177 -1 178 179 180 -1 179 178 181 -1 182 183 184 -1 183 182 185 -1 185 182 186 -1 185 186 187 -1 187 186 188 -1 187 188 189 -1 189 188 190 -1 189 190 191 -1 191 190 192 -1 191 192 193 -1 193 192 194 -1 193 194 195 -1 195 194 196 -1 195 196 197 -1 198 199 200 -1 199 198 201 -1 202 203 204 -1 203 202 205 -1 206 207 208 -1 207 206 209 -1 "
							                >
								<Coordinate DEF="coords_ME_ID977_001"
								            point="3.779527 3.937008 0.354331 1.889764 0.000000 1.062992 1.889764 3.937008 1.062992 3.779527 0.000000 0.354331 26.771652 0.000000 0.000000 6.299213 0.000000 0.000000 10.236220 0.000000 0.000000 3.779527 0.000000 0.354331 26.771652 0.000000 8.267716 1.889764 0.000000 1.062992 0.629921 0.000000 2.125984 10.629921 0.000000 4.724409 0.000000 0.000000 3.543307 11.220472 0.000000 4.882647 11.652785 0.000000 5.314961 11.811023 0.000000 5.905512 11.708624 0.000000 6.500865 11.438465 0.000000 7.041184 11.023622 0.000000 7.480315 11.023622 0.000000 8.267716 5.905511 0.000000 4.724409 0.000000 0.000000 5.905512 5.314961 0.000000 4.882647 4.882647 0.000000 5.314961 4.724409 0.000000 5.905512 1.889764 3.937008 1.062992 0.629921 0.000000 2.125984 0.629921 3.937008 2.125984 1.889764 0.000000 1.062992 0.000000 3.937008 5.905512 5.905512 3.937008 4.724409 -0.000000 3.937008 3.543307 5.314961 3.937008 4.882647 4.882647 3.937008 5.314961 4.724409 3.937008 5.905512 3.779527 3.937008 0.354331 10.236220 3.937008 0.000000 6.299213 3.937008 0.000000 26.771652 3.937008 0.000000 26.771652 3.937008 5.962598 1.889764 3.937008 1.062992 0.629921 3.937008 2.125984 10.629921 3.937008 4.724409 11.220472 3.937008 4.882647 11.652785 3.937008 5.314961 11.811023 3.937008 5.905512 11.708624 3.937008 6.500865 26.771652 3.937008 8.267716 11.438465 3.937008 7.041184 11.023622 3.937008 7.480315 11.023622 3.937008 8.267716 6.299213 3.937008 0.000000 3.779527 0.000000 0.354331 3.779527 3.937008 0.354331 6.299213 0.000000 0.000000 26.771652 0.000000 8.267716 11.023622 0.393701 8.267716 11.023622 0.000000 8.267716 26.771652 3.937008 8.267716 5.511811 0.393701 8.267716 11.023622 3.543307 8.267716 5.511811 3.543307 8.267716 11.023622 3.937008 8.267716 11.023622 0.000000 8.267716 11.023622 0.393701 7.480315 11.023622 0.000000 7.480315 11.023622 0.393701 8.267716 11.023622 0.393701 7.480315 11.438465 0.000000 7.041184 11.023622 0.000000 7.480315 11.438465 0.393701 7.041184 11.438465 0.393701 7.041184 11.708624 0.000000 6.500865 11.438465 0.000000 7.041184 11.708624 0.393701 6.500865 11.708624 0.000000 6.500865 11.811023 0.393701 5.905512 11.811023 0.000000 5.905512 11.708624 0.393701 6.500865 11.811023 0.393701 5.905512 11.652785 0.000000 5.314961 11.811023 0.000000 5.905512 11.652785 0.393701 5.314961 11.220472 0.000000 4.882647 11.220472 0.393701 4.882647 10.629921 0.393701 4.724409 10.629921 0.000000 4.724409 10.629921 0.000000 4.724409 5.905512 0.393701 4.724409 5.905511 0.000000 4.724409 10.629921 0.393701 4.724409 5.905511 0.000000 4.724409 5.314961 0.393701 4.882647 5.314961 0.000000 4.882647 5.905512 0.393701 4.724409 4.882647 0.000000 5.314961 4.882647 0.393701 5.314961 4.724409 0.000000 5.905512 4.724409 0.393701 5.905512 4.724409 0.000000 5.905512 4.724409 3.543307 5.905511 0.000000 0.000000 5.905512 4.724409 0.393701 5.905512 4.724409 3.937008 5.905512 0.000000 3.937008 5.905512 0.000000 3.937008 5.905512 0.000000 0.000000 3.543307 0.000000 0.000000 5.905512 -0.000000 3.937008 3.543307 0.000000 0.000000 3.543307 0.629921 3.937008 2.125984 0.629921 0.000000 2.125984 -0.000000 3.937008 3.543307 10.236220 3.937008 0.000000 6.299213 0.000000 0.000000 6.299213 3.937008 0.000000 10.236220 0.000000 0.000000 26.771652 3.937008 0.000000 10.236220 0.000000 0.000000 10.236220 3.937008 0.000000 26.771652 0.000000 0.000000 26.771652 0.000000 0.000000 26.771652 3.937008 8.267716 26.771652 0.000000 8.267716 26.771652 3.937008 5.962598 26.771652 3.937008 0.000000 4.882647 3.937008 5.314961 4.724409 3.543307 5.905511 4.882647 3.543307 5.314961 4.724409 3.937008 5.905512 5.314961 3.937008 4.882647 5.314961 3.543307 4.882647 5.905512 3.543307 4.724409 5.905512 3.937008 4.724409 10.629921 3.543307 4.724409 5.905512 3.937008 4.724409 5.905512 3.543307 4.724409 10.629921 3.937008 4.724409 11.220472 3.543307 4.882647 10.629921 3.937008 4.724409 10.629921 3.543307 4.724409 11.220472 3.937008 4.882647 11.652785 3.937008 5.314961 11.652785 3.543307 5.314961 11.811023 3.937008 5.905512 11.811023 3.543307 5.905511 11.708624 3.543307 6.500865 11.811023 3.937008 5.905512 11.811023 3.543307 5.905511 11.708624 3.937008 6.500865 11.438465 3.937008 7.041184 11.708624 3.543307 6.500865 11.438465 3.543307 7.041184 11.708624 3.937008 6.500865 11.023622 3.937008 7.480315 11.438465 3.543307 7.041184 11.023622 3.543307 7.480315 11.438465 3.937008 7.041184 11.023622 3.543307 8.267716 11.023622 3.937008 7.480315 11.023622 3.543307 7.480315 11.023622 3.937008 8.267716 5.314961 3.543307 4.882647 10.629921 3.543307 4.724409 5.905512 3.543307 4.724409 11.220472 3.543307 4.882647 4.882647 3.543307 5.314961 11.652785 3.543307 5.314961 4.724409 3.543307 5.905511 11.811023 3.543307 5.905511 4.826808 3.543307 6.500865 11.708624 3.543307 6.500865 5.096968 3.543307 7.041184 11.438465 3.543307 7.041184 5.511811 3.543307 7.480315 11.023622 3.543307 7.480315 5.511811 3.543307 8.267716 11.023622 3.543307 8.267716 5.511811 0.393701 8.267716 5.511811 3.543307 7.480315 5.511811 0.393701 7.480315 5.511811 3.543307 8.267716 11.220472 0.393701 4.882647 5.905512 0.393701 4.724409 10.629921 0.393701 4.724409 5.314961 0.393701 4.882647 11.652785 0.393701 5.314961 4.882647 0.393701 5.314961 11.811023 0.393701 5.905512 4.724409 0.393701 5.905512 11.708624 0.393701 6.500865 4.826808 0.393701 6.500865 11.438465 0.393701 7.041184 5.096968 0.393701 7.041184 11.023622 0.393701 7.480315 5.511811 0.393701 7.480315 11.023622 0.393701 8.267716 5.511811 0.393701 8.267716 4.826808 0.393701 6.500865 4.724409 3.543307 5.905511 4.724409 0.393701 5.905512 4.826808 3.543307 6.500865 5.096968 3.543307 7.041184 4.826808 0.393701 6.500865 5.096968 0.393701 7.041184 4.826808 3.543307 6.500865 5.511811 3.543307 7.480315 5.096968 0.393701 7.041184 5.511811 0.393701 7.480315 5.096968 3.543307 7.041184 "
								            />
							</IndexedFaceSet>
						</Shape>
					</Group>
				</Transform>
			</Transform>
			<Transform DEF="instance_191_TRANSFORM"
			           translation="-78.259430 363.778931 164.543747"
			           scale="1.000000 1.000000 1.000000"
			           rotation="0.000000 1.000000 0.000000 0.000000"
			           >
				<Transform DEF="instance_191_ifs_TRANSFORM"
				           translation="0.000000 0.000000 0.000000"
				           scale="1.000000 1.000000 1.000000"
				           rotation="0.000000 1.000000 0.000000 0.000000"
				           >
					<Group DEF="group_ME_ID985">
						<Shape>
							<Appearance>
							</Appearance>
							<IndexedFaceSet solid="false"
							                coordIndex="0 1 2 -1 1 0 3 -1 4 5 6 -1 5 4 7 -1 7 4 8 -1 7 8 9 -1 9 8 10 -1 10 8 11 -1 10 11 12 -1 11 8 13 -1 13 8 14 -1 14 8 15 -1 15 8 16 -1 16 8 17 -1 17 8 18 -1 18 8 19 -1 12 20 21 -1 20 12 11 -1 21 20 22 -1 21 22 23 -1 21 23 24 -1 25 26 27 -1 26 25 28 -1 29 30 31 -1 30 29 32 -1 32 29 33 -1 33 29 34 -1 35 36 37 -1 36 35 38 -1 38 35 39 -1 39 35 40 -1 39 40 41 -1 39 41 31 -1 39 31 42 -1 42 31 30 -1 39 42 43 -1 39 43 44 -1 39 44 45 -1 39 45 46 -1 39 46 47 -1 47 46 48 -1 47 48 49 -1 47 49 50 -1 51 52 53 -1 52 51 54 -1 55 56 57 -1 56 55 58 -1 59 60 61 -1 60 59 56 -1 60 56 62 -1 62 56 58 -1 63 64 65 -1 64 63 66 -1 67 68 69 -1 68 67 70 -1 71 72 73 -1 72 71 74 -1 75 76 77 -1 76 75 78 -1 79 80 81 -1 80 79 82 -1 82 83 80 -1 83 82 84 -1 83 85 86 -1 85 83 84 -1 87 88 89 -1 88 87 90 -1 91 92 93 -1 92 91 94 -1 92 95 93 -1 95 92 96 -1 96 97 95 -1 97 96 98 -1 99 100 101 -1 100 99 102 -1 101 103 104 -1 103 101 100 -1 105 106 107 -1 106 105 108 -1 109 110 111 -1 110 109 112 -1 113 114 115 -1 114 113 116 -1 117 118 119 -1 118 117 120 -1 121 122 123 -1 122 121 124 -1 124 121 125 -1 126 127 128 -1 127 126 129 -1 130 128 131 -1 128 130 126 -1 132 130 131 -1 130 132 133 -1 134 135 136 -1 135 134 137 -1 138 139 140 -1 139 138 141 -1 142 138 143 -1 138 142 141 -1 144 143 145 -1 143 144 142 -1 146 147 148 -1 147 146 149 -1 150 151 152 -1 151 150 153 -1 154 155 156 -1 155 154 157 -1 158 159 160 -1 159 158 161 -1 162 163 164 -1 163 162 165 -1 165 162 166 -1 165 166 167 -1 167 166 168 -1 167 168 169 -1 169 168 170 -1 169 170 171 -1 171 170 172 -1 171 172 173 -1 173 172 174 -1 173 174 175 -1 175 174 176 -1 175 176 177 -1 178 179 180 -1 179 178 181 -1 182 183 184 -1 183 182 185 -1 185 182 186 -1 185 186 187 -1 187 186 188 -1 187 188 189 -1 189 188 190 -1 189 190 191 -1 191 190 192 -1 191 192 193 -1 193 192 194 -1 193 194 195 -1 195 194 196 -1 195 196 197 -1 198 199 200 -1 199 198 201 -1 202 203 204 -1 203 202 205 -1 206 207 208 -1 207 206 209 -1 "
							                >
								<Coordinate DEF="coords_ME_ID985"
								            point="3.779527 3.937008 0.354331 1.889764 0.000000 1.062992 1.889764 3.937008 1.062992 3.779527 0.000000 0.354331 38.582676 0.000000 0.000000 6.299213 0.000000 0.000000 10.236220 0.000000 0.000000 3.779527 0.000000 0.354331 38.582676 0.000000 8.267716 1.889764 0.000000 1.062992 0.629921 0.000000 2.125984 10.629921 0.000000 4.724409 0.000000 0.000000 3.543307 11.220472 0.000000 4.882647 11.652785 0.000000 5.314961 11.811023 0.000000 5.905512 11.708624 0.000000 6.500865 11.438465 0.000000 7.041184 11.023622 0.000000 7.480315 11.023622 0.000000 8.267716 5.905511 0.000000 4.724409 0.000000 0.000000 5.905512 5.314961 0.000000 4.882647 4.882647 0.000000 5.314961 4.724409 0.000000 5.905512 1.889764 3.937008 1.062992 0.629921 0.000000 2.125984 0.629921 3.937008 2.125984 1.889764 0.000000 1.062992 0.000000 3.937008 5.905512 5.905512 3.937008 4.724409 -0.000000 3.937008 3.543307 5.314961 3.937008 4.882647 4.882647 3.937008 5.314961 4.724409 3.937008 5.905512 3.779527 3.937008 0.354331 10.236220 3.937008 0.000000 6.299213 3.937008 0.000000 38.582676 3.937008 0.000000 38.582676 3.937008 5.962598 1.889764 3.937008 1.062992 0.629921 3.937008 2.125984 10.629921 3.937008 4.724409 11.220472 3.937008 4.882647 11.652785 3.937008 5.314961 11.811023 3.937008 5.905512 11.708624 3.937008 6.500865 38.582676 3.937008 8.267716 11.438465 3.937008 7.041184 11.023622 3.937008 7.480315 11.023622 3.937008 8.267716 6.299213 3.937008 0.000000 3.779527 0.000000 0.354331 3.779527 3.937008 0.354331 6.299213 0.000000 0.000000 38.582676 0.000000 8.267716 11.023622 0.393701 8.267716 11.023622 0.000000 8.267716 38.582676 3.937008 8.267716 5.511811 0.393701 8.267716 11.023622 3.543307 8.267716 5.511811 3.543307 8.267716 11.023622 3.937008 8.267716 11.023622 0.000000 8.267716 11.023622 0.393701 7.480315 11.023622 0.000000 7.480315 11.023622 0.393701 8.267716 11.023622 0.393701 7.480315 11.438465 0.000000 7.041184 11.023622 0.000000 7.480315 11.438465 0.393701 7.041184 11.438465 0.393701 7.041184 11.708624 0.000000 6.500865 11.438465 0.000000 7.041184 11.708624 0.393701 6.500865 11.708624 0.000000 6.500865 11.811023 0.393701 5.905512 11.811023 0.000000 5.905512 11.708624 0.393701 6.500865 11.811023 0.393701 5.905512 11.652785 0.000000 5.314961 11.811023 0.000000 5.905512 11.652785 0.393701 5.314961 11.220472 0.000000 4.882647 11.220472 0.393701 4.882647 10.629921 0.393701 4.724409 10.629921 0.000000 4.724409 10.629921 0.000000 4.724409 5.905512 0.393701 4.724409 5.905511 0.000000 4.724409 10.629921 0.393701 4.724409 5.905511 0.000000 4.724409 5.314961 0.393701 4.882647 5.314961 0.000000 4.882647 5.905512 0.393701 4.724409 4.882647 0.000000 5.314961 4.882647 0.393701 5.314961 4.724409 0.000000 5.905512 4.724409 0.393701 5.905512 4.724409 0.000000 5.905512 4.724409 3.543307 5.905511 0.000000 0.000000 5.905512 4.724409 0.393701 5.905512 4.724409 3.937008 5.905512 0.000000 3.937008 5.905512 0.000000 3.937008 5.905512 0.000000 0.000000 3.543307 0.000000 0.000000 5.905512 -0.000000 3.937008 3.543307 0.000000 0.000000 3.543307 0.629921 3.937008 2.125984 0.629921 0.000000 2.125984 -0.000000 3.937008 3.543307 10.236220 3.937008 0.000000 6.299213 0.000000 0.000000 6.299213 3.937008 0.000000 10.236220 0.000000 0.000000 38.582676 3.937008 0.000000 10.236220 0.000000 0.000000 10.236220 3.937008 0.000000 38.582676 0.000000 0.000000 38.582676 0.000000 0.000000 38.582676 3.937008 8.267716 38.582676 0.000000 8.267716 38.582676 3.937008 5.962598 38.582676 3.937008 0.000000 4.882647 3.937008 5.314961 4.724409 3.543307 5.905511 4.882647 3.543307 5.314961 4.724409 3.937008 5.905512 5.314961 3.937008 4.882647 5.314961 3.543307 4.882647 5.905512 3.543307 4.724409 5.905512 3.937008 4.724409 10.629921 3.543307 4.724409 5.905512 3.937008 4.724409 5.905512 3.543307 4.724409 10.629921 3.937008 4.724409 11.220472 3.543307 4.882647 10.629921 3.937008 4.724409 10.629921 3.543307 4.724409 11.220472 3.937008 4.882647 11.652785 3.937008 5.314961 11.652785 3.543307 5.314961 11.811023 3.937008 5.905512 11.811023 3.543307 5.905511 11.708624 3.543307 6.500865 11.811023 3.937008 5.905512 11.811023 3.543307 5.905511 11.708624 3.937008 6.500865 11.438465 3.937008 7.041184 11.708624 3.543307 6.500865 11.438465 3.543307 7.041184 11.708624 3.937008 6.500865 11.023622 3.937008 7.480315 11.438465 3.543307 7.041184 11.023622 3.543307 7.480315 11.438465 3.937008 7.041184 11.023622 3.543307 8.267716 11.023622 3.937008 7.480315 11.023622 3.543307 7.480315 11.023622 3.937008 8.267716 5.314961 3.543307 4.882647 10.629921 3.543307 4.724409 5.905512 3.543307 4.724409 11.220472 3.543307 4.882647 4.882647 3.543307 5.314961 11.652785 3.543307 5.314961 4.724409 3.543307 5.905511 11.811023 3.543307 5.905511 4.826808 3.543307 6.500865 11.708624 3.543307 6.500865 5.096968 3.543307 7.041184 11.438465 3.543307 7.041184 5.511811 3.543307 7.480315 11.023622 3.543307 7.480315 5.511811 3.543307 8.267716 11.023622 3.543307 8.267716 5.511811 0.393701 8.267716 5.511811 3.543307 7.480315 5.511811 0.393701 7.480315 5.511811 3.543307 8.267716 11.220472 0.393701 4.882647 5.905512 0.393701 4.724409 10.629921 0.393701 4.724409 5.314961 0.393701 4.882647 11.652785 0.393701 5.314961 4.882647 0.393701 5.314961 11.811023 0.393701 5.905512 4.724409 0.393701 5.905512 11.708624 0.393701 6.500865 4.826808 0.393701 6.500865 11.438465 0.393701 7.041184 5.096968 0.393701 7.041184 11.023622 0.393701 7.480315 5.511811 0.393701 7.480315 11.023622 0.393701 8.267716 5.511811 0.393701 8.267716 4.826808 0.393701 6.500865 4.724409 3.543307 5.905511 4.724409 0.393701 5.905512 4.826808 3.543307 6.500865 5.096968 3.543307 7.041184 4.826808 0.393701 6.500865 5.096968 0.393701 7.041184 4.826808 3.543307 6.500865 5.511811 3.543307 7.480315 5.096968 0.393701 7.041184 5.511811 0.393701 7.480315 5.096968 3.543307 7.041184 "
								            />
							</IndexedFaceSet>
						</Shape>
					</Group>
				</Transform>
			</Transform>
			<Transform DEF="instance_192_TRANSFORM"
			           translation="-43.220062 405.117523 170.449265"
			           scale="1.000000 1.000000 1.000000"
			           rotation="0.000000 0.000000 -1.000000 1.570796"
			           >
				<Transform DEF="instance_192_ifs_TRANSFORM"
				           translation="-0.000003 0.000000 0.000000"
				           scale="1.000000 1.000000 1.000000"
				           rotation="0.000000 1.000000 0.000000 0.000000"
				           >
					<Group USE="group_ME_ID138_004" />
				</Transform>
			</Transform>
			<Transform DEF="instance_193_TRANSFORM"
			           translation="-54.243679 414.566345 164.543747"
			           scale="1.000000 1.000000 1.000000"
			           rotation="0.000000 0.000000 -1.000000 1.570796"
			           >
				<Transform DEF="instance_193_ifs_TRANSFORM"
				           translation="-0.000004 0.000001 0.000000"
				           scale="1.000000 1.000000 1.000000"
				           rotation="0.000000 1.000000 0.000000 0.000000"
				           >
					<Group DEF="group_ME_ID1009">
						<Shape>
							<Appearance>
							</Appearance>
							<IndexedFaceSet solid="false"
							                coordIndex="0 1 2 -1 1 0 3 -1 4 5 6 -1 5 4 7 -1 8 9 10 -1 9 8 11 -1 11 8 12 -1 11 12 13 -1 13 12 14 -1 13 14 15 -1 15 14 16 -1 15 16 17 -1 17 16 18 -1 17 18 19 -1 19 18 20 -1 19 20 21 -1 21 20 22 -1 21 22 23 -1 24 25 26 -1 25 24 27 -1 28 29 30 -1 29 28 31 -1 31 28 32 -1 31 32 33 -1 33 32 34 -1 33 34 35 -1 35 34 36 -1 35 36 37 -1 37 36 38 -1 37 38 39 -1 39 38 40 -1 39 40 41 -1 41 40 42 -1 41 42 43 -1 44 45 46 -1 45 44 47 -1 46 48 49 -1 48 46 45 -1 50 51 52 -1 51 50 53 -1 54 50 52 -1 50 54 55 -1 56 55 54 -1 55 56 57 -1 58 59 60 -1 59 58 61 -1 62 63 64 -1 63 62 65 -1 66 65 62 -1 65 66 67 -1 68 66 69 -1 66 68 67 -1 70 71 72 -1 71 70 73 -1 74 75 76 -1 75 74 77 -1 78 79 80 -1 79 78 81 -1 82 83 84 -1 83 82 85 -1 86 87 88 -1 87 86 89 -1 90 91 92 -1 91 90 87 -1 91 87 93 -1 93 87 89 -1 94 95 96 -1 95 94 97 -1 98 99 100 -1 99 98 101 -1 102 103 104 -1 103 102 105 -1 106 107 108 -1 107 106 109 -1 110 111 112 -1 111 110 113 -1 114 115 116 -1 115 114 117 -1 115 118 119 -1 118 115 117 -1 119 120 121 -1 120 119 118 -1 122 123 124 -1 123 122 125 -1 126 127 128 -1 127 126 129 -1 127 130 128 -1 130 127 131 -1 131 132 130 -1 132 131 133 -1 134 135 136 -1 135 134 137 -1 137 134 138 -1 137 138 139 -1 139 138 140 -1 140 138 141 -1 140 141 142 -1 141 138 143 -1 143 138 144 -1 144 138 145 -1 145 138 146 -1 146 138 147 -1 147 138 148 -1 148 138 149 -1 142 150 151 -1 150 142 141 -1 151 150 152 -1 151 152 153 -1 151 153 154 -1 155 156 157 -1 156 155 158 -1 158 155 159 -1 159 155 160 -1 161 162 163 -1 162 161 164 -1 164 161 165 -1 165 161 166 -1 165 166 167 -1 165 167 157 -1 165 157 168 -1 168 157 156 -1 165 168 169 -1 165 169 170 -1 165 170 171 -1 165 171 172 -1 165 172 173 -1 173 172 174 -1 173 174 175 -1 173 175 176 -1 177 178 179 -1 178 177 180 -1 181 182 183 -1 182 181 184 -1 184 181 185 -1 186 187 188 -1 187 186 189 -1 190 191 192 -1 191 190 193 -1 194 195 196 -1 195 194 197 -1 198 199 200 -1 199 198 201 -1 202 203 204 -1 203 202 205 -1 206 207 208 -1 207 206 209 -1 "
							                >
								<Coordinate DEF="coords_ME_ID1009"
								            point="15.333189 3.543307 7.041184 15.063028 0.393701 6.500865 15.333189 0.393701 7.041184 15.063028 3.543307 6.500865 15.063028 0.393701 6.500865 14.960629 3.543307 5.905512 14.960629 0.393701 5.905512 15.063028 3.543307 6.500865 21.456692 0.393701 4.882647 16.141733 0.393701 4.724409 20.866140 0.393701 4.724409 15.551181 0.393701 4.882647 21.889006 0.393701 5.314961 15.118867 0.393701 5.314961 22.047243 0.393701 5.905512 14.960629 0.393701 5.905512 21.944845 0.393701 6.500865 15.063028 0.393701 6.500865 21.674685 0.393701 7.041184 15.333189 0.393701 7.041184 21.259842 0.393701 7.480315 15.748032 0.393701 7.480315 21.259842 0.393701 8.267716 15.748032 0.393701 8.267716 15.748032 3.543307 7.480315 15.333189 0.393701 7.041184 15.748032 0.393701 7.480315 15.333189 3.543307 7.041184 15.551181 3.543307 4.882647 20.866140 3.543307 4.724409 16.141733 3.543307 4.724409 21.456692 3.543307 4.882647 15.118867 3.543307 5.314961 21.889008 3.543307 5.314961 14.960629 3.543307 5.905512 22.047243 3.543307 5.905512 15.063028 3.543307 6.500865 21.944845 3.543307 6.500865 15.333189 3.543307 7.041184 21.674685 3.543307 7.041184 15.748032 3.543307 7.480315 21.259842 3.543307 7.480315 15.748032 3.543307 8.267716 21.259842 3.543307 8.267716 14.960629 0.000000 5.905512 14.960629 3.543307 5.905512 10.236220 0.000000 5.905512 14.960629 0.393701 5.905512 14.960629 3.937008 5.905511 10.236220 3.937008 5.905511 15.118867 0.393701 5.314961 14.960629 0.000000 5.905512 15.118867 0.000000 5.314961 14.960629 0.393701 5.905512 15.551181 0.000000 4.882647 15.551181 0.393701 4.882647 16.141733 0.000000 4.724409 16.141733 0.393701 4.724409 20.866140 0.000000 4.724409 16.141733 0.393701 4.724409 16.141733 0.000000 4.724409 20.866140 0.393701 4.724409 21.456692 0.000000 4.882647 20.866140 0.393701 4.724409 20.866140 0.000000 4.724409 21.456692 0.393701 4.882647 21.889006 0.000000 5.314961 21.889006 0.393701 5.314961 22.047243 0.393701 5.905512 22.047243 0.000000 5.905512 21.944845 0.000000 6.500865 22.047243 0.393701 5.905512 22.047243 0.000000 5.905512 21.944845 0.393701 6.500865 21.674685 0.393701 7.041184 21.944845 0.000000 6.500865 21.674685 0.000000 7.041184 21.944845 0.393701 6.500865 21.259842 0.393701 7.480315 21.674685 0.000000 7.041184 21.259842 0.000000 7.480315 21.674685 0.393701 7.041184 21.259842 0.000000 8.267716 21.259842 0.393701 7.480315 21.259842 0.000000 7.480315 21.259842 0.393701 8.267716 50.393700 0.000000 8.267716 21.259842 0.393701 8.267716 21.259842 0.000000 8.267716 50.393700 3.937008 8.267716 15.748032 0.393701 8.267716 21.259842 3.543307 8.267716 15.748032 3.543307 8.267716 21.259842 3.937008 8.267716 15.748032 0.393701 8.267716 15.748032 3.543307 7.480315 15.748032 0.393701 7.480315 15.748032 3.543307 8.267716 21.259842 3.543307 8.267716 21.259842 3.937008 7.480315 21.259842 3.543307 7.480315 21.259842 3.937008 8.267716 21.259842 3.937008 7.480315 21.674685 3.543307 7.041184 21.259842 3.543307 7.480315 21.674685 3.937008 7.041184 21.674685 3.937008 7.041184 21.944845 3.543307 6.500865 21.674685 3.543307 7.041184 21.944845 3.937008 6.500865 21.944845 3.543307 6.500865 22.047243 3.937008 5.905512 22.047243 3.543307 5.905512 21.944845 3.937008 6.500865 22.047243 3.937008 5.905512 21.889008 3.543307 5.314961 22.047243 3.543307 5.905512 21.889006 3.937008 5.314961 21.456692 3.937008 4.882647 21.456692 3.543307 4.882647 20.866140 3.937008 4.724409 20.866140 3.543307 4.724409 20.866140 3.543307 4.724409 16.141733 3.937008 4.724409 16.141733 3.543307 4.724409 20.866140 3.937008 4.724409 16.141733 3.543307 4.724409 15.551181 3.937008 4.882647 15.551181 3.543307 4.882647 16.141733 3.937008 4.724409 15.118867 3.543307 5.314961 15.118867 3.937008 5.314961 14.960629 3.543307 5.905512 14.960629 3.937008 5.905511 50.393700 0.000000 0.000000 16.535433 0.000000 0.000000 20.472441 0.000000 0.000000 14.015748 0.000000 0.354331 50.393700 0.000000 8.267716 12.125983 0.000000 1.062992 10.866141 0.000000 2.125984 20.866140 0.000000 4.724409 10.236220 0.000000 3.543307 21.456692 0.000000 4.882647 21.889006 0.000000 5.314961 22.047243 0.000000 5.905512 21.944845 0.000000 6.500865 21.674685 0.000000 7.041184 21.259842 0.000000 7.480315 21.259842 0.000000 8.267716 16.141733 0.000000 4.724409 10.236220 0.000000 5.905512 15.551181 0.000000 4.882647 15.118867 0.000000 5.314961 14.960629 0.000000 5.905512 10.236220 3.937008 5.905511 16.141733 3.937008 4.724409 10.236220 3.937008 3.543307 15.551181 3.937008 4.882647 15.118867 3.937008 5.314961 14.960629 3.937008 5.905511 14.015748 3.937008 0.354331 20.472441 3.937008 0.000000 16.535433 3.937008 0.000000 50.393700 3.937008 0.000000 50.393700 3.937008 5.962598 12.125983 3.937008 1.062992 10.866141 3.937008 2.125984 20.866140 3.937008 4.724409 21.456692 3.937008 4.882647 21.889006 3.937008 5.314961 22.047243 3.937008 5.905512 21.944845 3.937008 6.500865 50.393700 3.937008 8.267716 21.674685 3.937008 7.041184 21.259842 3.937008 7.480315 21.259842 3.937008 8.267716 10.236220 3.937008 5.905511 10.236220 0.000000 3.543307 10.236220 0.000000 5.905512 10.236220 3.937008 3.543307 50.393700 0.000000 0.000000 50.393700 3.937008 8.267716 50.393700 0.000000 8.267716 50.393700 3.937008 5.962598 50.393700 3.937008 0.000000 10.236220 0.000000 3.543307 10.866141 3.937008 2.125984 10.866141 0.000000 2.125984 10.236220 3.937008 3.543307 12.125983 3.937008 1.062992 10.866141 0.000000 2.125984 10.866141 3.937008 2.125984 12.125983 0.000000 1.062992 14.015748 3.937008 0.354331 12.125983 0.000000 1.062992 12.125983 3.937008 1.062992 14.015748 0.000000 0.354331 16.535433 3.937008 0.000000 14.015748 0.000000 0.354331 14.015748 3.937008 0.354331 16.535433 0.000000 0.000000 20.472441 3.937008 0.000000 16.535433 0.000000 0.000000 16.535433 3.937008 0.000000 20.472441 0.000000 0.000000 50.393700 3.937008 0.000000 20.472441 0.000000 0.000000 20.472441 3.937008 0.000000 50.393700 0.000000 0.000000 "
								            />
							</IndexedFaceSet>
						</Shape>
					</Group>
				</Transform>
				<Transform DEF="group_90_001_TRANSFORM"
				           translation="410.629333 84.952309 -164.543747"
				           scale="1.000000 1.000000 1.000000"
				           rotation="0.000000 1.000000 0.000000 0.000000"
				           >
					<Transform DEF="group_91_001_TRANSFORM"
					           translation="-15.748034 -29.527557 5.905511"
					           scale="1.000000 1.000000 1.000000"
					           rotation="0.000000 0.000000 1.000000 1.570796"
					           >
						<Transform DEF="group_91_001_ifs_TRANSFORM"
						           translation="0.000000 0.000000 0.000000"
						           scale="1.000000 1.000000 1.000000"
						           rotation="0.000000 1.000000 0.000000 0.000000"
						           >
							<Group DEF="group_ME_ID996">
								<Shape>
									<Appearance>
									</Appearance>
									<IndexedFaceSet solid="false"
									                coordIndex="0 1 2 -1 1 0 3 -1 4 5 6 -1 5 4 7 -1 7 8 5 -1 8 7 9 -1 8 9 10 -1 11 12 13 -1 12 11 14 -1 15 16 17 -1 16 15 18 -1 18 15 19 -1 19 15 20 -1 21 16 18 -1 22 23 24 -1 23 22 25 -1 26 27 28 -1 27 26 29 -1 30 31 32 -1 31 30 33 -1 34 35 36 -1 35 34 37 -1 38 39 40 -1 39 38 41 -1 "
									                >
										<Coordinate DEF="coords_ME_ID996"
										            point="0.000000 12.598426 0.000000 1.574803 12.496026 0.595353 1.574803 12.598425 0.000000 0.000000 12.496026 0.595353 0.000000 11.811023 2.362205 0.000000 0.000000 0.000000 0.000000 0.000000 2.362205 0.000000 11.811023 1.574803 0.000000 12.598426 0.000000 0.000000 12.225867 1.135672 0.000000 12.496026 0.595353 0.000000 12.496026 0.595353 1.574803 12.225867 1.135672 1.574803 12.496026 0.595353 0.000000 12.225867 1.135672 1.574803 12.598425 0.000000 1.574803 0.000000 2.362205 1.574803 0.000000 0.000000 1.574803 11.811023 1.574803 1.574803 12.225867 1.135672 1.574803 12.496026 0.595353 1.574803 11.811023 2.362205 1.574803 12.598425 0.000000 0.000000 0.000000 0.000000 0.000000 12.598426 0.000000 1.574803 0.000000 0.000000 0.000000 0.000000 2.362205 1.574803 11.811023 2.362205 0.000000 11.811023 2.362205 1.574803 0.000000 2.362205 0.000000 11.811023 1.574803 1.574803 11.811023 2.362205 1.574803 11.811023 1.574803 0.000000 11.811023 2.362205 0.000000 12.225867 1.135672 1.574803 11.811023 1.574803 1.574803 12.225867 1.135672 0.000000 11.811023 1.574803 1.574803 0.000000 2.362205 0.000000 0.000000 0.000000 1.574803 0.000000 0.000000 0.000000 0.000000 2.362205 "
										            />
									</IndexedFaceSet>
								</Shape>
							</Group>
						</Transform>
					</Transform>
					<Transform DEF="group_92_001_TRANSFORM"
					           translation="-32.283466 -30.708660 -0.000000"
					           scale="1.000000 1.000000 1.000000"
					           rotation="0.000000 1.000000 0.000000 0.000000"
					           >
						<Transform DEF="group_92_001_ifs_TRANSFORM"
						           translation="0.000000 0.000000 0.000000"
						           scale="1.000000 1.000000 1.000000"
						           rotation="0.000000 1.000000 0.000000 0.000000"
						           >
							<Group DEF="group_ME_ID1003">
								<Shape>
									<Appearance>
									</Appearance>
									<IndexedFaceSet solid="false"
									                coordIndex="0 1 2 -1 1 0 3 -1 4 5 6 -1 5 4 7 -1 7 4 8 -1 8 4 9 -1 5 7 10 -1 10 7 11 -1 10 11 12 -1 12 11 13 -1 8 9 14 -1 13 15 16 -1 15 13 11 -1 16 15 17 -1 16 17 18 -1 16 18 19 -1 20 21 22 -1 21 20 23 -1 24 25 26 -1 25 24 27 -1 27 24 28 -1 27 28 29 -1 29 28 30 -1 29 30 31 -1 1 32 2 -1 32 1 33 -1 34 35 36 -1 35 34 37 -1 38 39 40 -1 39 38 41 -1 42 43 44 -1 43 42 45 -1 46 47 48 -1 47 46 49 -1 47 49 50 -1 50 49 43 -1 50 43 51 -1 51 43 45 -1 48 52 53 -1 52 48 47 -1 54 55 56 -1 55 54 57 -1 57 58 55 -1 58 57 59 -1 58 60 61 -1 60 58 59 -1 32 62 63 -1 62 32 33 -1 64 65 66 -1 65 64 67 -1 68 69 70 -1 69 68 71 -1 72 73 74 -1 73 72 75 -1 76 77 78 -1 77 76 79 -1 80 81 82 -1 81 80 83 -1 84 85 86 -1 85 84 87 -1 87 84 88 -1 88 84 89 -1 90 91 92 -1 91 90 93 -1 91 93 94 -1 91 94 95 -1 93 90 96 -1 93 96 97 -1 97 96 98 -1 97 98 86 -1 97 86 85 -1 95 94 99 -1 100 101 102 -1 101 100 103 -1 104 105 106 -1 105 104 107 -1 107 104 108 -1 107 108 109 -1 109 108 110 -1 109 110 111 -1 112 113 114 -1 113 112 115 -1 116 112 117 -1 112 116 115 -1 118 116 117 -1 116 118 119 -1 120 121 122 -1 121 120 123 -1 124 125 126 -1 125 124 127 -1 103 124 101 -1 124 103 127 -1 "
									                >
										<Coordinate DEF="coords_ME_ID1003"
										            point="5.118110 0.000000 4.724409 4.527559 0.393701 4.882647 4.527559 0.000000 4.882647 5.118110 0.393701 4.724409 16.535433 0.000000 0.000000 2.834646 0.000000 0.354331 4.724409 0.000000 0.000000 15.551181 0.000000 4.882647 15.983494 0.000000 5.314961 16.535433 0.000000 5.905512 1.417323 0.000000 1.062992 14.960629 0.000000 4.724409 0.472441 0.000000 2.125984 0.000000 0.000000 3.543307 16.141733 0.000000 5.905512 5.118110 0.000000 4.724409 0.000000 0.000000 5.905512 4.527559 0.000000 4.882647 4.095246 0.000000 5.314961 3.937008 0.000000 5.905512 14.960629 0.000000 4.724409 5.118110 0.393701 4.724409 5.118110 0.000000 4.724409 14.960629 0.393701 4.724409 15.551181 0.393701 4.882647 5.118110 0.393701 4.724409 14.960629 0.393701 4.724409 4.527559 0.393701 4.882647 15.983494 0.393701 5.314961 4.095246 0.393701 5.314961 16.141733 0.393701 5.905512 3.937008 0.393701 5.905512 4.095246 0.000000 5.314961 4.095246 0.393701 5.314961 16.535433 3.937008 0.000000 4.724409 0.000000 0.000000 4.724409 3.937008 0.000000 16.535433 0.000000 0.000000 16.535433 3.937008 0.000000 16.535433 0.000000 5.905512 16.535433 0.000000 0.000000 16.535433 3.937008 5.905512 16.535433 0.000000 5.905512 16.141733 0.393701 5.905512 16.141733 0.000000 5.905512 16.535433 3.937008 5.905512 3.937008 0.000000 5.905512 3.937008 3.543307 5.905512 0.000000 0.000000 5.905512 3.937008 0.393701 5.905512 16.141733 3.543307 5.905512 16.141733 3.937008 5.905512 3.937008 3.937008 5.905512 0.000000 3.937008 5.905512 16.141733 0.393701 5.905512 15.983494 0.000000 5.314961 16.141733 0.000000 5.905512 15.983494 0.393701 5.314961 15.551181 0.000000 4.882647 15.551181 0.393701 4.882647 14.960629 0.393701 4.724409 14.960629 0.000000 4.724409 3.937008 0.393701 5.905512 3.937008 0.000000 5.905512 0.000000 3.937008 5.905512 0.000000 0.000000 3.543307 0.000000 0.000000 5.905512 0.000000 3.937008 3.543307 0.000000 0.000000 3.543307 0.472441 3.937008 2.125984 0.472441 0.000000 2.125984 0.000000 3.937008 3.543307 0.472441 0.000000 2.125984 1.417323 3.937008 1.062992 1.417323 0.000000 1.062992 0.472441 3.937008 2.125984 2.834646 3.937008 0.354331 1.417323 0.000000 1.062992 1.417323 3.937008 1.062992 2.834646 0.000000 0.354331 4.724409 3.937008 0.000000 2.834646 0.000000 0.354331 2.834646 3.937008 0.354331 4.724409 0.000000 0.000000 0.000000 3.937008 5.905512 5.118110 3.937008 4.724409 0.000000 3.937008 3.543307 4.527559 3.937008 4.882647 4.095246 3.937008 5.314961 3.937008 3.937008 5.905512 2.834646 3.937008 0.354331 16.535433 3.937008 0.000000 4.724409 3.937008 0.000000 15.551181 3.937008 4.882647 15.983494 3.937008 5.314961 16.535433 3.937008 5.905512 1.417323 3.937008 1.062992 14.960629 3.937008 4.724409 0.472441 3.937008 2.125984 16.141733 3.937008 5.905512 16.141733 3.937008 5.905512 15.983494 3.543307 5.314961 16.141733 3.543307 5.905512 15.983494 3.937008 5.314961 4.527559 3.543307 4.882647 14.960629 3.543307 4.724409 5.118110 3.543307 4.724409 15.551181 3.543307 4.882647 4.095246 3.543307 5.314961 15.983494 3.543307 5.314961 3.937008 3.543307 5.905512 16.141733 3.543307 5.905512 4.095246 3.543307 5.314961 3.937008 3.937008 5.905512 3.937008 3.543307 5.905512 4.095246 3.937008 5.314961 4.527559 3.937008 4.882647 4.527559 3.543307 4.882647 5.118110 3.543307 4.724409 5.118110 3.937008 4.724409 14.960629 3.543307 4.724409 5.118110 3.937008 4.724409 5.118110 3.543307 4.724409 14.960629 3.937008 4.724409 15.551181 3.543307 4.882647 14.960629 3.937008 4.724409 14.960629 3.543307 4.724409 15.551181 3.937008 4.882647 "
										            />
									</IndexedFaceSet>
								</Shape>
							</Group>
						</Transform>
					</Transform>
				</Transform>
			</Transform>
			<Transform DEF="instance_194_TRANSFORM"
			           translation="-79.046829 362.204132 170.449265"
			           scale="1.000000 1.000000 1.000000"
			           rotation="0.000000 1.000000 0.000000 0.000000"
			           >
				<Transform DEF="instance_194_ifs_TRANSFORM"
				           translation="0.000000 0.000000 0.000000"
				           scale="1.000000 1.000000 1.000000"
				           rotation="0.000000 1.000000 0.000000 0.000000"
				           >
					<Group USE="group_ME_ID138_004" />
				</Transform>
			</Transform>
			<Transform DEF="instance_195_TRANSFORM"
			           translation="-45.975964 372.046661 151.551620"
			           scale="1.000000 1.000000 1.000000"
			           rotation="0.000000 0.000000 1.000000 3.141593"
			           >
				<Transform DEF="instance_195_ifs_TRANSFORM"
				           translation="-0.000002 0.000004 0.000000"
				           scale="1.000000 1.000000 1.000000"
				           rotation="0.000000 1.000000 0.000000 0.000000"
				           >
					<Group USE="group_ME_ID435_001" />
				</Transform>
			</Transform>
			<Transform DEF="instance_196_TRANSFORM"
			           translation="-79.046776 386.613586 170.449265"
			           scale="1.000000 1.000000 1.000000"
			           rotation="0.000000 1.000000 0.000000 0.000000"
			           >
				<Transform DEF="instance_196_ifs_TRANSFORM"
				           translation="0.000000 0.000000 0.000000"
				           scale="1.000000 1.000000 1.000000"
				           rotation="0.000000 1.000000 0.000000 0.000000"
				           >
					<Group USE="group_ME_ID138_004" />
				</Transform>
			</Transform>
			<Transform DEF="instance_197_TRANSFORM"
			           translation="-88.495644 376.377380 164.543747"
			           scale="1.000000 1.000000 1.000000"
			           rotation="0.000000 1.000000 0.000000 0.000000"
			           >
				<Transform DEF="instance_197_ifs_TRANSFORM"
				           translation="0.000000 0.000000 0.000000"
				           scale="1.000000 1.000000 1.000000"
				           rotation="0.000000 1.000000 0.000000 0.000000"
				           >
					<Group USE="group_ME_ID1009" />
				</Transform>
				<Transform DEF="group_90_002_TRANSFORM"
				           translation="119.204308 -372.440369 -164.543747"
				           scale="1.000000 1.000000 1.000000"
				           rotation="0.000000 0.000000 -1.000000 1.570796"
				           >
					<Transform DEF="group_91_002_TRANSFORM"
					           translation="-15.748032 -29.527559 5.905511"
					           scale="1.000000 1.000000 1.000000"
					           rotation="0.000000 0.000000 1.000000 1.570796"
					           >
						<Transform DEF="group_91_002_ifs_TRANSFORM"
						           translation="0.000000 -0.000000 0.000000"
						           scale="1.000000 1.000000 1.000000"
						           rotation="0.000000 1.000000 0.000000 0.000000"
						           >
							<Group USE="group_ME_ID996" />
						</Transform>
					</Transform>
					<Transform DEF="group_92_002_TRANSFORM"
					           translation="-32.283463 -30.708662 -0.000000"
					           scale="1.000000 1.000000 1.000000"
					           rotation="0.000000 0.000000 0.000000 0.000000"
					           >
						<Transform DEF="group_92_002_ifs_TRANSFORM"
						           translation="-0.000000 0.000000 0.000000"
						           scale="1.000000 1.000000 1.000000"
						           rotation="0.000000 1.000000 0.000000 0.000000"
						           >
							<Group USE="group_ME_ID1003" />
						</Transform>
					</Transform>
				</Transform>
			</Transform>
			<Transform DEF="instance_198_TRANSFORM"
			           translation="-66.448402 363.778931 156.276031"
			           scale="1.000000 1.000000 1.000000"
			           rotation="0.000000 1.000000 0.000000 0.000000"
			           >
				<Transform DEF="instance_198_ifs_TRANSFORM"
				           translation="0.000000 0.000000 0.000000"
				           scale="1.000000 1.000000 1.000000"
				           rotation="0.000000 1.000000 0.000000 0.000000"
				           >
					<Group USE="group_ME_ID977_001" />
				</Transform>
			</Transform>
			<Transform DEF="instance_199_TRANSFORM"
			           translation="-55.424786 346.849823 170.449265"
			           scale="1.000000 1.000000 1.000000"
			           rotation="0.000000 1.000000 0.000000 0.000000"
			           >
				<Transform DEF="instance_199_ifs_TRANSFORM"
				           translation="0.000000 0.000000 0.000000"
				           scale="1.000000 1.000000 1.000000"
				           rotation="0.000000 1.000000 0.000000 0.000000"
				           >
					<Group USE="group_ME_ID148_003" />
				</Transform>
			</Transform>
			<Transform DEF="instance_200_TRANSFORM"
			           translation="-55.424786 352.755310 162.181549"
			           scale="1.000000 1.000000 1.000000"
			           rotation="0.000000 1.000000 0.000000 0.000000"
			           >
				<Transform DEF="instance_200_ifs_TRANSFORM"
				           translation="0.000000 0.000000 0.000000"
				           scale="1.000000 1.000000 1.000000"
				           rotation="0.000000 1.000000 0.000000 0.000000"
				           >
					<Group USE="group_ME_ID148_003" />
				</Transform>
			</Transform>
			<Transform DEF="instance_201_TRANSFORM"
			           translation="-67.629509 405.117462 170.449265"
			           scale="1.000000 1.000000 1.000000"
			           rotation="0.000000 0.000000 -1.000000 1.570796"
			           >
				<Transform DEF="instance_201_ifs_TRANSFORM"
				           translation="-0.000005 0.000000 0.000000"
				           scale="1.000000 1.000000 1.000000"
				           rotation="0.000000 1.000000 0.000000 0.000000"
				           >
					<Group USE="group_ME_ID138_004" />
				</Transform>
			</Transform>
			<Transform DEF="instance_202_TRANSFORM"
			           translation="-79.046829 346.849823 186.984680"
			           scale="1.000000 1.000000 1.000000"
			           rotation="0.000000 1.000000 0.000000 0.000000"
			           >
				<Transform DEF="instance_202_ifs_TRANSFORM"
				           translation="0.000000 0.000000 0.000000"
				           scale="1.000000 1.000000 1.000000"
				           rotation="0.000000 1.000000 0.000000 0.000000"
				           >
					<Group USE="group_ME_ID148_003" />
				</Transform>
			</Transform>
			<Transform DEF="instance_203_TRANSFORM"
			           translation="-26.290926 405.117523 186.984680"
			           scale="1.000000 1.000000 1.000000"
			           rotation="0.000000 0.000000 -1.000000 1.570796"
			           >
				<Transform DEF="instance_203_ifs_TRANSFORM"
				           translation="-0.000002 0.000000 0.000000"
				           scale="1.000000 1.000000 1.000000"
				           rotation="0.000000 1.000000 0.000000 0.000000"
				           >
					<Group USE="group_ME_ID148_003" />
				</Transform>
			</Transform>
			<Transform DEF="instance_204_TRANSFORM"
			           translation="-55.424786 362.991547 186.984680"
			           scale="1.000000 1.000000 1.000000"
			           rotation="0.000000 1.000000 0.000000 0.000000"
			           >
				<Transform DEF="instance_204_ifs_TRANSFORM"
				           translation="0.000000 0.000000 0.000000"
				           scale="1.000000 1.000000 1.000000"
				           rotation="0.000000 1.000000 0.000000 0.000000"
				           >
					<Group USE="group_ME_ID148_003" />
				</Transform>
			</Transform>
			<Transform DEF="instance_205_TRANSFORM"
			           translation="-42.437733 381.495483 186.984680"
			           scale="1.000000 1.000000 1.000000"
			           rotation="0.000000 0.000000 -1.000000 1.570796"
			           >
				<Transform DEF="instance_205_ifs_TRANSFORM"
				           translation="-0.000003 -0.000002 0.000000"
				           scale="1.000000 1.000000 1.000000"
				           rotation="0.000000 1.000000 0.000000 0.000000"
				           >
					<Group USE="group_ME_ID148_003" />
				</Transform>
			</Transform>
		</Transform>
	</Scene>
</X3D>