<?xml version="1.0" encoding="UTF-8"?>
<!DOCTYPE X3D PUBLIC "ISO//Web3D//DTD X3D 3.0//EN" "http://www.web3d.org/specifications/x3d-3.0.dtd">
<X3D version="3.0" profile="Immersive" xmlns:xsd="http://www.w3.org/2001/XMLSchema-instance" xsd:noNamespaceSchemaLocation="http://www.web3d.org/specifications/x3d-3.0.xsd">
	<head>
		<meta name="filename" content="19-5 六椽栿.x3d" />
		<meta name="created" content="2025-12-29 13:51:01" />
		<meta name="generator" content="Blender 4.2.2 LTS" />
		<meta name="translator" content="Web3D X3D/VRML2 format v2.5.1" />
	</head>
	<Scene>
		<NavigationInfo headlight="true"
		                visibilityLimit="0.0"
		                type='"EXAMINE", "ANY"'
		                avatarSize="0.25, 1.75, 0.75"
		                />
		<Background DEF="WO_World"
		            groundColor="0.051 0.051 0.051"
		            skyColor="0.051 0.051 0.051"
		            />
		<Transform DEF="SketchUp_TRANSFORM"
		           translation="0.000000 0.000000 0.000000"
		           scale="0.025400 0.025400 0.025400"
		           rotation="-1.000000 0.000000 0.000000 1.570796"
		           >
			<Transform DEF="SketchUp_ifs_TRANSFORM"
			           translation="0.000000 0.000000 0.000000"
			           scale="1.000000 1.000000 1.000000"
			           rotation="0.000000 1.000000 0.000000 0.000000"
			           >
				<Group DEF="group_ME_ID145">
				</Group>
			</Transform>
			<Transform DEF="group_0_TRANSFORM"
			           translation="-234.667648 -93.247772 -0.014141"
			           scale="1.000000 1.000000 1.000000"
			           rotation="0.000000 1.000000 0.000000 0.000000"
			           >
				<Transform DEF="group_0_ifs_TRANSFORM"
				           translation="-0.000031 -0.000008 -0.000000"
				           scale="1.000000 1.000000 1.000000"
				           rotation="0.000000 1.000000 0.000000 0.000000"
				           >
					<Group DEF="group_ME_ID12_001">
						<Shape>
							<Appearance>
								<Material DEF="MA_material_005"
								          diffuseColor="1.000 1.000 1.000"
								          specularColor="0.401 0.401 0.401"
								          emissiveColor="0.000 0.000 0.000"
								          ambientIntensity="0.000"
								          shininess="0.500"
								          transparency="0.000"
								          />
							</Appearance>
							<IndexedFaceSet solid="false"
							                coordIndex="0 1 2 -1 1 0 3 -1 4 5 6 -1 5 4 7 -1 8 9 10 -1 9 8 11 -1 12 13 14 -1 13 12 15 -1 16 17 18 -1 17 16 19 -1 20 21 22 -1 21 20 23 -1 "
							                >
								<Coordinate DEF="coords_ME_ID12_001"
								            point="31.496063 5.905512 0.014141 20.078739 9.842520 8.281857 20.078739 5.905512 8.281857 31.496063 9.842520 0.014141 20.078739 5.905512 8.281857 0.000000 5.905512 0.014141 31.496063 5.905512 0.014141 0.000000 5.905512 8.281857 31.496063 9.842520 0.014141 0.000000 5.905512 0.014141 0.000000 9.842520 0.014141 31.496063 5.905512 0.014141 0.000000 9.842520 8.281857 31.496063 9.842520 0.014141 0.000000 9.842520 0.014141 20.078739 9.842520 8.281857 20.078739 5.905512 8.281857 0.000000 9.842520 8.281857 0.000000 5.905512 8.281857 20.078739 9.842520 8.281857 0.000000 9.842520 8.281857 0.000000 5.905512 0.014141 0.000000 5.905512 8.281857 0.000000 9.842520 0.014141 "
								            />
							</IndexedFaceSet>
						</Shape>
					</Group>
				</Transform>
				<Transform DEF="group_1_TRANSFORM"
				           translation="20.078705 -0.000008 -0.000000"
				           scale="1.000000 1.000000 1.000000"
				           rotation="0.000000 1.000000 0.000000 0.000000"
				           >
					<Transform DEF="group_1_ifs_TRANSFORM"
					           translation="-0.000015 -0.000008 -0.000000"
					           scale="1.000000 1.000000 1.000000"
					           rotation="0.000000 1.000000 0.000000 0.000000"
					           >
						<Group DEF="group_ME_ID4_002">
							<Shape>
								<Appearance>
									<Material USE="MA_material_005" />
								</Appearance>
								<IndexedFaceSet solid="false"
								                coordIndex="0 1 2 -1 1 3 2 -1 4 0 2 -1 5 6 7 -1 3 8 2 -1 9 10 6 -1 4 2 11 -1 12 7 13 -1 5 9 6 -1 12 5 7 -1 3 14 8 -1 15 16 17 -1 16 15 18 -1 9 19 10 -1 4 11 20 -1 18 21 16 -1 21 18 22 -1 12 13 23 -1 24 25 26 -1 27 26 28 -1 3 29 14 -1 30 17 31 -1 17 30 15 -1 32 18 15 -1 18 32 33 -1 9 34 19 -1 22 35 21 -1 35 22 36 -1 37 4 20 -1 33 22 18 -1 22 33 38 -1 39 12 40 -1 12 39 41 -1 24 42 25 -1 27 24 26 -1 43 27 28 -1 29 44 14 -1 45 31 46 -1 31 45 30 -1 47 15 30 -1 15 47 32 -1 48 33 32 -1 33 48 49 -1 34 50 19 -1 42 51 25 -1 36 52 35 -1 52 36 53 -1 38 36 22 -1 36 38 54 -1 55 37 20 -1 37 55 56 -1 49 38 33 -1 38 49 57 -1 58 59 60 -1 59 58 61 -1 61 58 62 -1 61 62 63 -1 63 62 64 -1 63 64 65 -1 63 65 66 -1 63 66 67 -1 63 67 68 -1 63 68 69 -1 63 69 70 -1 71 28 72 -1 28 71 43 -1 73 74 75 -1 74 73 76 -1 76 73 77 -1 76 77 78 -1 79 78 77 -1 78 79 80 -1 80 79 81 -1 80 81 82 -1 29 83 44 -1 84 46 85 -1 46 84 45 -1 86 30 45 -1 30 86 47 -1 87 32 47 -1 32 87 48 -1 88 48 89 -1 48 88 49 -1 34 90 50 -1 42 91 51 -1 54 53 36 -1 53 54 92 -1 57 54 38 -1 54 57 93 -1 94 49 88 -1 49 94 57 -1 95 96 97 -1 96 95 98 -1 99 100 101 -1 100 99 102 -1 103 104 105 -1 104 103 106 -1 107 82 81 -1 82 107 108 -1 93 92 54 -1 92 93 109 -1 110 93 111 -1 93 110 109 -1 112 111 113 -1 111 112 110 -1 114 113 115 -1 113 114 112 -1 116 117 118 -1 118 119 120 -1 121 122 123 -1 122 121 124 -1 124 121 75 -1 124 75 74 -1 106 103 125 -1 125 126 116 -1 83 127 44 -1 128 85 129 -1 85 128 84 -1 130 45 84 -1 45 130 86 -1 131 47 86 -1 47 131 87 -1 89 87 132 -1 87 89 48 -1 133 89 134 -1 89 133 88 -1 90 135 50 -1 91 136 51 -1 111 57 94 -1 57 111 93 -1 137 88 133 -1 88 137 94 -1 95 97 138 -1 99 139 140 -1 113 94 137 -1 94 113 111 -1 115 137 141 -1 137 115 113 -1 118 117 119 -1 116 126 117 -1 120 119 142 -1 120 142 143 -1 143 144 145 -1 122 146 123 -1 146 122 147 -1 148 149 150 -1 91 148 136 -1 125 103 126 -1 83 151 127 -1 84 128 152 -1 151 153 127 -1 128 129 154 -1 130 84 152 -1 155 86 130 -1 86 155 131 -1 132 131 156 -1 131 132 87 -1 134 132 157 -1 132 134 89 -1 158 134 159 -1 134 158 133 -1 90 160 135 -1 141 133 158 -1 133 141 137 -1 138 97 161 -1 99 140 162 -1 163 164 165 -1 166 167 163 -1 165 168 169 -1 143 142 144 -1 145 144 170 -1 170 171 145 -1 147 172 146 -1 172 147 173 -1 174 175 149 -1 149 175 150 -1 148 150 136 -1 99 162 166 -1 152 128 176 -1 151 177 153 -1 177 178 153 -1 176 154 179 -1 154 176 128 -1 155 130 152 -1 156 155 180 -1 155 156 131 -1 157 156 181 -1 156 157 132 -1 159 157 182 -1 157 159 134 -1 183 184 185 -1 160 186 135 -1 138 161 184 -1 138 184 187 -1 165 164 168 -1 163 188 164 -1 163 167 188 -1 166 162 167 -1 169 168 189 -1 169 189 190 -1 190 189 191 -1 170 192 171 -1 193 194 174 -1 195 196 171 -1 197 198 199 -1 199 200 201 -1 200 199 198 -1 174 202 175 -1 152 203 204 -1 203 152 176 -1 186 205 135 -1 177 206 178 -1 203 179 207 -1 179 203 176 -1 155 152 180 -1 181 180 208 -1 180 181 156 -1 182 181 209 -1 181 182 157 -1 183 185 210 -1 211 184 183 -1 187 184 211 -1 212 213 214 -1 183 210 212 -1 214 215 216 -1 191 189 217 -1 192 195 171 -1 191 217 218 -1 174 194 202 -1 219 220 221 -1 222 223 224 -1 225 203 226 -1 203 225 204 -1 186 227 205 -1 152 204 228 -1 227 221 205 -1 180 152 208 -1 209 208 229 -1 208 209 181 -1 212 210 213 -1 214 213 215 -1 216 215 230 -1 216 230 231 -1 218 223 222 -1 218 217 223 -1 227 219 221 -1 232 204 225 -1 204 232 228 -1 208 152 228 -1 229 228 233 -1 228 229 208 -1 231 230 234 -1 231 234 235 -1 228 232 233 -1 "
								                >
									<Coordinate DEF="coords_ME_ID4_002"
									            point="24.540684 0.196850 8.455666 20.866140 0.472441 7.611513 24.540684 3.075787 1.851411 19.291338 0.787402 7.249733 27.165354 0.000000 8.696853 15.748032 0.000000 18.170887 20.866140 0.472441 7.611513 24.540684 0.196850 8.455666 20.866140 3.248031 1.667684 13.123360 0.246063 17.896191 19.291338 0.787402 7.249733 27.165354 2.952756 1.903904 19.685040 0.000000 18.582930 27.165354 0.000000 8.696853 19.291338 3.444882 1.588944 21.026421 4.845615 1.203825 24.540684 3.075787 1.851411 20.866140 3.248031 1.667684 24.632072 4.676600 1.384107 16.141733 1.417323 5.802615 31.102362 2.952756 1.982645 27.165354 2.952756 1.903904 27.212265 4.555654 1.435711 31.102362 0.000000 9.058632 13.123360 3.106545 22.612564 13.123360 0.246063 17.896191 15.748032 0.000000 18.170887 15.748032 2.952756 23.022015 19.685040 0.000000 18.582930 16.141733 1.417323 5.802615 19.524395 5.033369 1.128724 19.291338 3.444882 1.588944 21.180426 6.489592 0.945019 24.718456 6.323747 1.121920 9.448818 0.590551 16.934757 31.102362 2.952756 1.982645 31.107052 4.555654 1.513607 31.102362 0.000000 9.058632 27.256155 6.204792 1.172674 74.015747 0.000000 9.058632 31.102362 0.000000 9.058632 74.015747 0.000000 18.582930 9.448818 3.321850 21.179495 19.685040 2.952756 23.636187 16.141733 3.838583 1.273983 16.503998 5.410918 0.826684 16.141733 3.838583 1.273983 19.747942 6.668653 0.873394 21.301287 7.874016 0.903719 24.792847 7.874016 1.072723 15.354331 1.771654 5.440835 9.448818 0.590551 16.934757 74.015747 2.952756 1.982645 74.015747 4.555654 1.513607 31.109690 6.204792 1.249745 74.015747 2.952756 1.982645 74.015747 0.000000 9.058632 27.296331 7.874016 1.118965 74.015747 2.952756 1.982645 74.015747 0.000000 18.582930 74.015747 0.000000 9.058632 74.015747 2.952756 23.636187 74.015747 4.555654 1.513607 74.015747 12.795275 23.636187 74.015747 6.204792 1.249745 74.015747 7.874016 1.195243 74.015747 9.543240 1.249745 74.015747 11.192377 1.513607 74.015747 12.795275 1.982645 74.015747 15.748032 9.058632 74.015747 15.748032 18.582930 74.015747 2.952756 23.636187 74.015747 0.000000 18.582930 9.448818 3.321850 21.179495 7.874016 12.180118 20.565321 7.874016 3.567913 20.565321 9.448818 12.426181 21.179495 13.123360 3.106545 22.612564 13.123360 12.641486 22.612564 15.748032 2.952756 23.022015 15.748032 12.795275 23.022015 19.685040 2.952756 23.636187 19.685040 12.795275 23.636187 15.354331 1.771654 5.440835 15.850863 5.594613 0.761370 15.354331 4.060040 1.195243 16.855280 7.030235 0.584128 19.901144 7.874016 0.839633 24.718456 9.424285 1.121920 21.180426 9.258440 0.945019 7.874016 0.984252 16.522717 7.874016 3.567913 20.565321 74.015747 6.204792 1.249745 31.110235 7.874016 1.195243 27.256157 9.543240 1.172674 31.102362 15.748032 9.058632 74.015747 12.795275 1.982645 31.102362 12.795275 1.982645 74.015747 15.748032 9.058632 19.685040 15.748032 18.582930 74.015747 15.748032 9.058632 31.102362 15.748032 9.058632 74.015747 15.748032 18.582930 19.685040 15.748032 18.582930 74.015747 12.795275 23.636187 74.015747 15.748032 18.582930 19.685040 12.795275 23.636187 74.015747 2.952756 23.636187 74.015747 12.795275 23.636187 74.015747 7.874016 1.195243 74.015747 9.543240 1.249745 31.109690 9.543240 1.249745 74.015747 11.192377 1.513607 31.107052 11.192377 1.513607 74.015747 12.795275 1.982645 31.102362 12.795275 1.982645 13.123360 12.641486 22.612564 13.123360 15.501968 17.896191 9.448818 12.426181 21.179495 9.448818 15.157480 16.934757 7.874016 12.180118 20.565321 4.724409 4.060040 18.108629 3.937008 11.411171 17.494455 3.937008 4.336860 17.494455 4.724409 11.687992 18.108629 15.748032 12.795275 23.022015 15.748032 15.748032 18.170887 15.354331 4.060040 1.195243 13.782952 6.177127 0.347788 12.992126 4.724409 0.722802 16.330521 7.177824 0.531652 17.027428 7.874016 0.566659 19.747942 9.079379 0.873394 24.632072 11.071431 1.384107 21.026421 10.902416 1.203825 12.992126 2.834646 3.270158 7.874016 0.984252 16.522717 27.212265 11.192377 1.435711 27.165354 15.748032 8.696853 31.102362 15.748032 9.058632 27.165354 15.748032 8.696853 27.165354 12.795275 1.903904 7.874016 14.763780 16.522717 4.724409 11.687992 18.108629 4.724409 13.976377 14.874544 3.937008 11.411171 17.494455 1.312336 5.259596 13.399967 1.312336 10.488435 13.399967 4.724409 4.060040 18.108629 3.937008 4.336860 17.494455 4.724409 1.771654 14.874543 12.992126 2.834646 3.270158 14.784276 7.874016 0.205389 12.992126 4.724409 0.722802 12.729659 4.921260 0.670309 16.527746 7.874016 0.522154 16.855280 8.717796 0.584128 19.524395 10.714663 1.128724 24.540684 12.672244 1.851411 20.866140 12.500000 1.667684 4.724409 1.771654 14.874543 27.165354 12.795275 1.903904 24.540684 15.551181 8.455666 13.123360 15.501968 17.896191 16.141733 14.330709 5.802615 9.448818 15.157480 16.934757 15.748032 15.748032 18.170887 20.866140 15.275590 7.611513 15.354331 13.976377 5.440835 7.874016 14.763780 16.522717 3.937008 13.533464 14.462501 1.312336 10.488435 13.399967 0.000000 5.905512 8.281857 0.000000 9.842520 8.281857 1.312336 5.259596 13.399967 3.937008 2.214567 14.462501 13.087376 6.698810 0.000000 12.729659 3.149606 3.028971 12.729659 4.921260 0.670309 11.417322 5.905512 0.014141 16.330521 8.570208 0.531652 16.503998 10.337113 0.826684 19.291338 12.303149 1.588944 19.291338 14.960629 7.249733 24.540684 12.672244 1.851411 20.866140 12.500000 1.667684 3.937008 2.214567 14.462501 24.540684 15.551181 8.455666 19.291338 14.960629 7.249733 12.992126 12.913385 3.270158 4.724409 13.976377 14.874544 3.937008 13.533464 14.462501 1.574803 12.204723 11.990244 0.000000 5.905512 8.281857 1.312336 3.937008 11.715549 1.312336 11.811023 11.715549 0.000000 9.842520 8.281857 11.417322 9.842520 0.014141 11.417322 7.874016 0.014141 0.000000 9.842520 8.281857 11.417322 5.905512 0.014141 0.000000 5.905512 8.281857 1.574803 3.543307 11.990244 13.087376 7.874016 0.000000 13.087376 9.049221 0.000000 12.729659 3.149606 3.028971 11.417322 5.905512 0.014141 11.417322 7.874016 0.014141 15.850863 10.153419 0.761370 16.141733 11.909449 1.273983 19.291338 12.303149 1.588944 20.866140 15.275590 7.611513 16.141733 14.330709 5.802615 16.141733 11.909449 1.273983 15.354331 13.976377 5.440835 15.354331 11.687992 1.195243 12.992126 12.913385 3.270158 12.729659 12.598425 3.028971 1.574803 12.204723 11.990244 1.312336 3.937008 11.715549 0.000000 5.905512 8.281857 11.417322 5.905512 0.014141 1.312336 11.811023 11.715549 11.417322 9.842520 0.014141 0.000000 9.842520 8.281857 11.417322 9.842520 0.014141 11.417322 7.874016 0.014141 1.574803 3.543307 11.990244 13.782952 9.570904 0.347788 15.354331 11.687992 1.195243 12.992126 11.023623 0.722802 12.729659 12.598425 3.028971 12.729659 10.826772 0.670309 12.992126 11.023623 0.722802 12.729659 10.826772 0.670309 11.417322 9.842520 0.014141 "
									            />
								</IndexedFaceSet>
							</Shape>
						</Group>
					</Transform>
				</Transform>
			</Transform>
			<Transform DEF="group_2_TRANSFORM"
			           translation="-93.644005 -93.247772 -0.000000"
			           scale="1.000000 1.000000 1.000000"
			           rotation="0.000000 1.000000 0.000000 0.000000"
			           >
				<Transform DEF="group_3_TRANSFORM"
				           translation="-30.629929 -0.000008 0.000000"
				           scale="1.000000 1.000000 1.000000"
				           rotation="0.000000 1.000000 0.000000 0.000000"
				           >
					<Transform DEF="group_3_ifs_TRANSFORM"
					           translation="-0.000015 -0.000008 -0.000000"
					           scale="1.000000 1.000000 1.000000"
					           rotation="0.000000 1.000000 0.000000 0.000000"
					           >
						<Group DEF="group_ME_ID20_001">
							<Shape>
								<Appearance>
									<Material USE="MA_material_005" />
								</Appearance>
								<IndexedFaceSet solid="false"
								                coordIndex="0 1 2 -1 0 2 3 -1 4 1 0 -1 5 6 7 -1 3 2 8 -1 9 10 11 -1 12 1 4 -1 13 14 10 -1 15 6 5 -1 7 6 16 -1 3 8 17 -1 13 10 9 -1 9 11 18 -1 13 19 14 -1 20 21 1 -1 6 22 23 -1 22 6 15 -1 16 6 24 -1 17 8 25 -1 18 11 26 -1 27 28 29 -1 28 27 30 -1 30 27 31 -1 30 31 32 -1 33 19 13 -1 34 35 36 -1 37 38 39 -1 38 37 40 -1 38 40 41 -1 41 40 42 -1 41 42 43 -1 41 43 44 -1 41 44 45 -1 41 45 46 -1 41 46 47 -1 47 46 48 -1 49 50 51 -1 50 49 52 -1 53 54 55 -1 54 53 56 -1 24 6 57 -1 17 25 58 -1 18 26 59 -1 60 32 31 -1 32 60 61 -1 61 60 62 -1 61 62 63 -1 64 65 66 -1 67 64 68 -1 29 69 70 -1 69 29 28 -1 33 71 19 -1 72 73 74 -1 73 72 75 -1 41 76 38 -1 76 41 77 -1 77 41 78 -1 78 41 79 -1 79 41 80 -1 81 82 71 -1 82 81 83 -1 84 85 86 -1 85 84 87 -1 87 84 88 -1 88 84 89 -1 89 84 90 -1 90 84 91 -1 92 93 94 -1 93 92 95 -1 96 97 98 -1 97 96 99 -1 100 51 101 -1 51 100 49 -1 102 52 49 -1 52 102 103 -1 24 57 104 -1 58 25 105 -1 59 26 106 -1 107 63 62 -1 63 107 108 -1 109 110 111 -1 65 110 112 -1 113 59 106 -1 65 112 66 -1 64 66 68 -1 67 68 114 -1 115 67 116 -1 70 91 84 -1 91 70 69 -1 81 71 33 -1 75 117 73 -1 118 119 120 -1 119 118 121 -1 121 122 119 -1 122 121 123 -1 123 124 122 -1 124 123 125 -1 125 101 124 -1 101 125 100 -1 95 115 93 -1 126 127 128 -1 129 49 100 -1 49 129 102 -1 130 103 102 -1 103 130 131 -1 24 104 132 -1 105 25 133 -1 113 106 134 -1 135 113 134 -1 136 108 107 -1 108 136 137 -1 138 111 139 -1 109 111 138 -1 110 109 112 -1 140 141 142 -1 143 140 144 -1 67 114 116 -1 145 143 146 -1 115 116 93 -1 147 146 148 -1 117 149 73 -1 118 150 121 -1 150 118 151 -1 121 152 123 -1 152 121 150 -1 123 153 125 -1 153 123 152 -1 153 100 125 -1 100 153 129 -1 154 102 129 -1 102 154 130 -1 155 131 130 -1 131 155 156 -1 132 104 157 -1 105 133 158 -1 135 134 159 -1 160 135 161 -1 162 163 164 -1 163 162 165 -1 165 162 166 -1 166 167 168 -1 167 166 162 -1 169 139 170 -1 138 139 171 -1 172 173 174 -1 141 172 174 -1 140 142 144 -1 141 174 142 -1 143 144 146 -1 175 145 146 -1 149 176 73 -1 177 178 73 -1 151 179 150 -1 179 151 180 -1 150 181 152 -1 181 150 179 -1 152 182 153 -1 182 152 181 -1 182 181 183 -1 184 129 153 -1 129 184 154 -1 154 184 185 -1 186 130 154 -1 130 186 155 -1 187 156 155 -1 156 187 188 -1 132 157 189 -1 105 158 190 -1 135 159 161 -1 191 192 193 -1 194 195 196 -1 193 192 197 -1 198 199 200 -1 199 198 201 -1 199 201 202 -1 199 202 203 -1 171 139 169 -1 204 194 196 -1 173 205 206 -1 173 207 174 -1 176 177 73 -1 177 208 178 -1 180 209 210 -1 211 180 210 -1 180 211 212 -1 212 179 180 -1 179 213 181 -1 213 179 212 -1 214 215 153 -1 215 214 183 -1 183 216 215 -1 216 183 181 -1 216 181 213 -1 215 217 153 -1 217 215 185 -1 216 185 215 -1 185 216 154 -1 154 216 186 -1 218 155 186 -1 155 218 187 -1 219 188 187 -1 188 219 220 -1 189 157 221 -1 190 158 222 -1 190 222 191 -1 191 222 192 -1 223 224 225 -1 226 227 228 -1 198 200 229 -1 199 230 200 -1 205 204 231 -1 204 196 231 -1 205 231 206 -1 173 206 207 -1 177 232 208 -1 232 233 208 -1 211 234 212 -1 234 211 235 -1 212 236 213 -1 236 212 234 -1 213 237 216 -1 237 213 236 -1 237 186 216 -1 186 237 218 -1 238 187 218 -1 187 238 219 -1 219 238 239 -1 240 220 219 -1 220 240 241 -1 242 221 243 -1 189 221 242 -1 242 244 226 -1 223 225 245 -1 226 246 227 -1 229 200 247 -1 230 248 200 -1 249 223 250 -1 251 249 252 -1 232 251 233 -1 251 252 233 -1 235 253 234 -1 253 235 254 -1 234 255 236 -1 255 234 253 -1 255 253 256 -1 236 257 237 -1 257 236 255 -1 257 255 258 -1 257 218 237 -1 218 257 238 -1 238 257 259 -1 260 239 259 -1 239 260 219 -1 219 260 240 -1 200 241 240 -1 242 243 244 -1 226 244 246 -1 223 245 250 -1 247 200 261 -1 248 241 200 -1 249 250 262 -1 249 262 252 -1 254 263 253 -1 263 254 261 -1 256 264 258 -1 264 256 253 -1 264 253 263 -1 258 265 257 -1 265 258 264 -1 265 259 257 -1 259 265 260 -1 200 240 260 -1 200 263 261 -1 200 264 263 -1 200 265 264 -1 200 260 265 -1 "
								                >
									<Coordinate DEF="coords_ME_ID20_001"
									            point="88.357704 0.421822 17.097208 72.440941 0.000000 8.682712 75.065620 0.191929 8.441525 90.157486 0.590551 16.508575 83.858269 0.000000 17.882051 72.440941 0.000000 8.682712 68.503937 2.952756 1.968504 75.065620 0.191929 8.441525 78.740158 0.460630 7.597373 90.157486 3.321851 20.551180 88.357704 0.421822 17.097208 90.157486 0.590551 16.508575 82.733406 0.000000 18.078262 88.357704 3.216395 21.428572 83.858269 0.000000 17.882051 68.503937 0.000000 9.044492 78.740158 0.460630 7.597373 92.857140 1.265467 15.625626 92.857140 3.743673 19.235096 82.733406 0.000000 18.078262 82.733406 0.000000 18.078262 68.503937 0.000000 9.044492 30.629921 0.000000 9.044492 30.629921 2.952756 1.968504 80.314957 0.767717 7.235593 80.314957 0.767717 7.235593 92.857140 1.265467 15.625626 90.157486 3.321851 20.551180 88.357704 12.531636 21.428572 88.357704 3.216395 21.428572 90.157486 12.426181 20.551180 92.857140 3.743673 19.235096 92.857140 12.004358 19.235096 82.733406 2.952756 22.890890 75.984253 0.000000 18.568789 68.503937 0.000000 9.044492 82.733406 0.000000 18.078262 30.629921 0.000000 18.568789 30.629921 2.952756 1.968504 30.629921 0.000000 9.044492 30.629921 2.952756 23.622046 30.629921 12.795275 1.968504 30.629921 4.798228 23.622046 30.629921 7.874016 23.622046 30.629921 10.334645 23.622046 30.629921 10.949802 23.622046 30.629921 12.795275 23.622046 30.629921 15.748032 9.044491 30.629921 15.748032 18.568789 68.499245 4.555654 1.499466 30.629921 2.952756 1.968504 30.629921 4.555654 1.499466 68.503937 2.952756 1.968504 68.503937 0.000000 9.044492 30.629921 0.000000 18.568789 30.629921 0.000000 9.044492 75.984253 0.000000 18.568789 72.440941 2.952756 1.889764 94.881889 1.771654 14.448359 94.881889 4.060040 17.480316 94.881889 4.060040 17.480316 94.881889 11.687992 17.480316 96.231720 4.534589 16.310461 96.231720 11.213442 16.310461 90.157486 12.426181 20.551180 92.857140 12.004358 19.235096 90.157486 15.157480 16.508575 88.357704 12.531636 21.428572 88.357704 15.326209 17.097208 82.733406 12.795275 22.890888 82.733406 2.952756 22.890890 75.984253 0.000000 18.568789 30.629921 15.748032 9.044491 68.503937 12.795276 1.968504 30.629921 12.795275 1.968504 68.503937 15.748032 9.044492 30.629921 4.555654 1.499466 30.629921 6.204792 1.235604 30.629921 7.874016 1.181102 30.629921 9.543240 1.235604 30.629921 11.192377 1.499466 75.984253 2.952756 23.622046 30.629921 0.000000 18.568789 30.629921 2.952756 23.622046 75.984253 2.952756 23.622046 30.629921 4.798228 23.622046 30.629921 2.952756 23.622046 30.629921 7.874016 23.622046 30.629921 10.334645 23.622046 30.629921 10.949802 23.622046 30.629921 12.795275 23.622046 75.984253 12.795275 23.622046 30.629921 12.795275 23.622046 75.984253 15.748032 18.568789 30.629921 15.748032 18.568789 75.984253 12.795275 23.622046 30.629921 15.748032 9.044491 75.984253 15.748032 18.568789 68.503937 15.748032 9.044492 30.629921 15.748032 18.568789 68.496613 6.204792 1.235604 30.629921 6.204792 1.235604 72.394966 4.555654 1.421552 72.440941 2.952756 1.889764 75.065620 3.072712 1.837270 96.231720 2.530934 13.663516 94.881889 1.771654 14.448359 98.481438 5.325506 12.654668 98.481438 10.422525 12.654669 94.881889 13.976377 14.448359 94.881889 11.687992 17.480316 96.231720 11.213442 16.310461 92.857140 14.482565 15.625627 96.231720 4.534589 16.310461 83.858269 15.748032 17.882051 82.733406 12.795275 22.890888 82.733406 15.748032 18.078262 72.440941 15.748032 8.682712 68.503937 12.795276 1.968504 30.629921 11.192377 1.499466 30.629921 12.795275 1.968504 68.499245 11.192377 1.499466 30.629921 9.543240 1.235604 68.496613 9.543240 1.235604 30.629921 7.874016 1.181102 68.496063 7.874016 1.181102 75.984253 15.748032 18.568789 82.733406 15.748032 18.078262 68.503937 15.748032 9.044492 72.352043 6.204792 1.158496 74.976097 4.673620 1.369929 75.065620 3.072712 1.837270 83.464561 1.381890 5.788475 83.464561 1.381890 5.788475 96.231720 2.530934 13.663516 98.481438 5.325506 12.654668 99.606300 5.905511 8.267716 99.606300 9.842520 8.267716 96.231720 13.217097 13.663516 98.481438 10.422525 12.654669 90.157486 15.157480 16.508575 92.857140 14.482565 15.625627 78.740158 15.287401 7.597372 88.357704 15.326209 17.097208 75.065620 15.556102 8.441525 83.858269 15.748032 17.882051 72.440941 15.748032 8.682712 82.733406 15.748032 18.078262 68.503937 15.748032 9.044492 75.065620 15.556102 8.441525 72.394966 11.192377 1.421552 72.440941 12.795276 1.889764 72.352043 9.543240 1.158496 72.312843 7.874016 1.104767 74.891632 6.320859 1.107704 78.583267 4.838479 1.189571 78.740158 3.240649 1.653543 78.740158 3.240649 1.653543 84.251968 1.727362 5.426695 98.031502 3.543307 11.701407 99.606300 5.905511 8.267716 98.481438 4.218223 11.210880 99.606300 9.842520 8.267716 88.188972 9.805610 0.000000 88.188972 9.842520 0.000000 88.188972 7.874016 0.000000 88.188972 7.837106 0.000000 99.606300 5.905511 8.267716 88.188972 5.905512 0.000000 98.481438 11.529809 11.210880 99.606300 9.842520 8.267716 98.031502 12.204723 11.701407 94.881889 13.976377 14.448359 96.231720 13.217097 13.663516 80.314964 14.980314 7.235593 82.733406 15.748032 18.078262 78.740158 15.287401 7.597372 80.314964 14.980314 7.235593 72.440941 12.795276 1.889764 74.976097 11.074412 1.369929 75.065620 12.672244 1.837270 74.891632 9.427172 1.107704 74.813835 7.988312 1.062204 74.824303 7.988790 1.062026 74.813835 7.759719 1.062204 74.824303 7.759242 1.062026 78.432755 6.482699 0.930648 80.086769 5.021718 1.114395 80.314957 3.432579 1.574803 84.251968 1.727362 5.426695 98.031502 3.543307 11.701407 98.481438 4.218223 11.210880 86.876640 3.070866 3.014830 99.606300 5.905511 8.267716 99.606300 9.842520 8.267716 88.188972 9.842520 0.000000 86.876640 12.677165 3.014830 88.188972 5.905512 0.000000 88.188972 9.842520 0.000000 88.188972 5.905512 0.000000 84.799477 7.874016 0.195691 88.188972 9.805610 0.000000 88.188972 7.874016 0.000000 88.188972 7.837106 0.000000 98.481438 11.529809 11.210880 98.031502 12.204723 11.701407 84.251968 14.020670 5.426695 83.464569 14.366142 5.788475 75.065620 12.675320 1.837270 72.440941 12.795276 1.889764 75.065620 12.675320 1.837270 78.740158 12.507382 1.653543 78.583267 10.909553 1.189571 78.432755 9.265332 0.930648 74.813835 7.988312 1.062204 74.818924 7.874016 1.058382 78.314262 7.874016 0.889050 74.813835 7.759719 1.062204 79.868240 6.657650 0.858873 83.109833 5.390154 0.812089 83.464561 3.816437 1.259843 80.314957 3.432579 1.574803 86.614174 2.763780 3.256017 86.876640 12.677165 3.014830 88.188972 9.842520 0.000000 86.876640 10.875984 0.656168 86.876640 3.070866 3.014830 86.876640 4.872047 0.656168 88.188972 5.905512 0.000000 86.876640 10.875984 0.656168 86.876640 4.872047 0.656168 86.614174 12.984252 3.256017 83.464569 14.366142 5.788475 78.740158 12.507382 1.653543 80.086769 10.726313 1.114395 80.314964 12.315452 1.574803 79.868240 9.090382 0.858873 79.717430 7.874016 0.824673 82.756302 7.009632 0.570067 82.767212 7.006655 0.569695 83.765312 5.569897 0.746542 84.251968 4.032357 1.181102 86.614174 2.763780 3.256017 83.464561 3.816437 1.259843 84.251968 4.032357 1.181102 86.614174 11.067913 0.708661 86.614174 4.680118 0.708661 86.614174 11.067913 0.708661 86.614174 4.680118 0.708661 86.614174 12.984252 3.256017 84.251968 11.715673 1.181102 84.251968 14.020670 5.426695 80.314964 12.315452 1.574803 83.109833 10.357877 0.812089 83.464569 11.931595 1.259843 82.756310 8.738400 0.570067 82.767212 8.741377 0.569695 82.594505 7.874016 0.550960 82.766319 8.737179 0.569065 82.766319 7.010853 0.569065 83.295868 7.156064 0.516111 84.251968 11.715673 1.181102 83.464569 11.931595 1.259843 83.765312 10.178134 0.746542 83.295868 8.591968 0.516111 83.097473 7.874016 0.506010 "
									            />
								</IndexedFaceSet>
							</Shape>
						</Group>
					</Transform>
				</Transform>
				<Transform DEF="group_3_001_TRANSFORM"
				           translation="-30.629929 -0.000008 0.000000"
				           scale="1.000000 1.000000 1.000000"
				           rotation="0.000000 1.000000 0.000000 0.000000"
				           >
					<Transform DEF="group_3_001_ifs_TRANSFORM"
					           translation="-0.000015 -0.000008 -0.000000"
					           scale="1.000000 1.000000 1.000000"
					           rotation="0.000000 1.000000 0.000000 0.000000"
					           >
						<Group DEF="group_ME_ID26">
						</Group>
					</Transform>
				</Transform>
				<Transform DEF="group_3_002_TRANSFORM"
				           translation="-30.629929 -0.000008 0.000000"
				           scale="1.000000 1.000000 1.000000"
				           rotation="0.000000 1.000000 0.000000 0.000000"
				           >
					<Transform DEF="group_3_002_ifs_TRANSFORM"
					           translation="-0.000015 -0.000008 -0.000000"
					           scale="1.000000 1.000000 1.000000"
					           rotation="0.000000 1.000000 0.000000 0.000000"
					           >
						<Group DEF="group_ME_ID32_001">
						</Group>
					</Transform>
				</Transform>
				<Transform DEF="group_4_TRANSFORM"
				           translation="57.559048 4.724403 -0.000000"
				           scale="1.000000 1.000000 1.000000"
				           rotation="0.000000 1.000000 0.000000 0.000000"
				           >
					<Transform DEF="group_5_TRANSFORM"
					           translation="0.000000 1.181091 -0.000000"
					           scale="1.000000 1.000000 1.000000"
					           rotation="0.000000 1.000000 0.000000 0.000000"
					           >
						<Transform DEF="group_5_ifs_TRANSFORM"
						           translation="0.000000 -0.000008 -0.000000"
						           scale="1.000000 1.000000 1.000000"
						           rotation="0.000000 1.000000 0.000000 0.000000"
						           >
							<Group DEF="group_ME_ID38_001">
								<Shape>
									<Appearance>
										<Material USE="MA_material_005" />
									</Appearance>
									<IndexedFaceSet solid="false"
									                coordIndex="0 1 2 -1 1 0 3 -1 4 5 6 -1 5 4 7 -1 8 9 10 -1 9 8 11 -1 11 8 12 -1 11 12 13 -1 13 12 14 -1 13 14 15 -1 15 14 16 -1 15 16 17 -1 18 19 20 -1 19 18 21 -1 21 18 10 -1 21 10 9 -1 22 23 24 -1 23 22 25 -1 26 27 28 -1 27 26 29 -1 29 26 30 -1 29 30 31 -1 31 30 32 -1 31 32 33 -1 33 32 34 -1 33 34 35 -1 36 37 38 -1 37 36 39 -1 39 36 28 -1 39 28 27 -1 40 41 42 -1 41 40 43 -1 44 45 46 -1 45 44 47 -1 48 49 50 -1 49 48 51 -1 52 53 54 -1 53 52 55 -1 55 52 56 -1 55 56 57 -1 58 59 60 -1 59 58 61 -1 62 63 64 -1 63 62 65 -1 65 62 66 -1 66 62 67 -1 63 68 69 -1 68 63 65 -1 70 71 72 -1 71 70 73 -1 73 70 74 -1 74 70 75 -1 75 70 69 -1 75 69 68 -1 71 76 77 -1 76 71 73 -1 78 79 80 -1 79 78 81 -1 81 78 77 -1 81 77 76 -1 82 83 84 -1 83 82 85 -1 86 87 88 -1 87 86 89 -1 89 86 90 -1 90 86 91 -1 92 93 94 -1 93 92 95 -1 96 97 98 -1 97 96 99 -1 100 101 102 -1 101 100 103 -1 104 105 106 -1 105 104 107 -1 108 109 110 -1 109 108 111 -1 112 57 56 -1 57 112 113 -1 114 115 116 -1 115 114 117 -1 118 119 120 -1 119 118 121 -1 122 123 124 -1 123 122 125 -1 126 127 128 -1 127 126 129 -1 127 129 130 -1 127 130 131 -1 130 129 132 -1 130 132 133 -1 134 135 136 -1 135 134 137 -1 138 139 140 -1 139 138 141 -1 140 139 142 -1 142 139 143 -1 143 139 144 -1 145 140 142 -1 146 147 148 -1 147 146 149 -1 150 151 152 -1 151 150 153 -1 154 155 156 -1 155 154 157 -1 158 159 160 -1 159 158 161 -1 159 161 162 -1 162 161 163 -1 162 163 164 -1 162 164 165 -1 162 165 166 -1 167 168 169 -1 168 167 170 -1 171 172 173 -1 174 172 175 -1 172 174 173 -1 173 174 176 -1 176 174 177 -1 177 174 178 -1 178 174 179 -1 180 181 182 -1 181 180 183 -1 184 185 186 -1 185 184 187 -1 87 188 189 -1 188 87 89 -1 190 112 191 -1 112 190 113 -1 113 190 192 -1 192 190 193 -1 194 195 196 -1 195 194 197 -1 197 194 189 -1 197 189 188 -1 198 199 200 -1 199 198 201 -1 202 203 204 -1 203 202 205 -1 206 207 208 -1 207 206 209 -1 210 211 212 -1 211 210 213 -1 214 215 216 -1 215 214 217 -1 218 219 220 -1 219 218 221 -1 222 223 224 -1 223 222 225 -1 226 227 228 -1 227 226 229 -1 230 231 232 -1 231 230 233 -1 "
									                >
										<Coordinate DEF="coords_ME_ID38_001"
										            point="23.228346 0.000000 8.267716 18.503937 3.937008 8.267716 18.503937 0.000000 8.267716 23.228346 3.937008 8.267716 23.228346 3.937008 7.480315 23.228346 0.000000 8.267716 23.228346 0.000000 7.480315 23.228346 3.937008 8.267716 17.818935 3.937008 6.500865 24.015747 3.937008 5.905512 17.716536 3.937008 5.905512 23.913349 3.937008 6.500865 18.089094 3.937008 7.041184 23.643188 3.937008 7.041184 18.503937 3.937008 7.480315 23.228346 3.937008 7.480315 18.503937 3.937008 8.267716 23.228346 3.937008 8.267716 16.929134 3.937008 5.905512 24.803148 3.937008 0.000000 16.929134 3.937008 0.000000 24.803148 3.937008 5.905512 18.503937 3.937008 8.267716 18.503937 0.000000 7.480315 18.503937 0.000000 8.267716 18.503937 3.937008 7.480315 23.913349 0.000000 6.500865 17.716536 0.000000 5.905512 24.015747 0.000000 5.905512 17.818935 0.000000 6.500865 23.643188 0.000000 7.041184 18.089094 0.000000 7.041184 23.228346 0.000000 7.480315 18.503937 0.000000 7.480315 23.228346 0.000000 8.267716 18.503937 0.000000 8.267716 24.803148 0.000000 5.905512 16.929134 0.000000 0.000000 24.803148 0.000000 0.000000 16.929134 0.000000 5.905512 23.643188 3.937008 7.041184 23.228346 0.000000 7.480315 23.643188 0.000000 7.041184 23.228346 3.937008 7.480315 23.913349 3.937008 6.500865 23.643188 0.000000 7.041184 23.913349 0.000000 6.500865 23.643188 3.937008 7.041184 24.015747 3.937008 5.905512 23.913349 0.000000 6.500865 24.015747 0.000000 5.905512 23.913349 3.937008 6.500865 24.803148 0.000000 5.905512 24.015747 3.937008 5.905512 24.015747 0.000000 5.905512 24.803148 3.937008 5.905512 24.803148 0.393701 5.905512 24.803148 3.543307 5.905512 24.803148 3.937008 0.000000 24.803148 3.543307 5.905512 24.803148 3.543307 0.000000 24.803148 3.937008 5.905512 37.086613 3.937008 0.000000 28.740156 3.543307 0.000000 28.740156 3.937008 0.000000 28.740156 0.393701 0.000000 28.740156 0.000000 0.000000 37.086613 0.000000 0.000000 24.803148 0.393701 0.000000 24.803148 3.543307 0.000000 24.803148 3.937008 0.000000 16.929134 3.543307 0.000000 16.929134 3.937008 0.000000 16.929134 0.393701 0.000000 16.929134 0.000000 0.000000 24.803148 0.000000 0.000000 12.992126 0.393701 0.000000 12.992126 3.543307 0.000000 12.992126 3.937008 0.000000 0.000000 0.000000 0.000000 0.000000 3.937008 0.000000 12.992126 0.000000 0.000000 16.929134 3.937008 5.905512 16.929134 3.543307 0.000000 16.929134 3.543307 5.905512 16.929134 3.937008 0.000000 17.716536 0.000000 5.905512 16.929134 0.393701 5.905512 16.929134 0.000000 5.905512 16.929134 3.543307 5.905512 16.929134 3.937008 5.905512 17.716536 3.937008 5.905512 17.818935 3.937008 6.500865 17.716536 0.000000 5.905512 17.818935 0.000000 6.500865 17.716536 3.937008 5.905512 18.089094 3.937008 7.041184 17.818935 0.000000 6.500865 18.089094 0.000000 7.041184 17.818935 3.937008 6.500865 18.503937 3.937008 7.480315 18.089094 0.000000 7.041184 18.503937 0.000000 7.480315 18.089094 3.937008 7.041184 24.803148 0.393701 0.000000 24.803148 0.000000 5.905512 24.803148 0.000000 0.000000 24.803148 0.393701 5.905512 16.929134 0.393701 5.905512 16.929134 0.000000 0.000000 16.929134 0.000000 5.905512 16.929134 0.393701 0.000000 28.740156 0.393701 5.905512 28.740156 3.543307 5.905512 24.803148 3.543307 5.905512 28.740156 3.543307 0.000000 24.803148 3.543307 0.000000 28.740156 3.543307 5.905512 16.929134 0.393701 5.905512 12.992126 0.393701 0.000000 16.929134 0.393701 0.000000 12.992126 0.393701 5.905512 12.992126 0.393701 0.000000 12.992126 0.000000 5.905512 12.992126 0.000000 0.000000 12.992126 0.393701 5.905512 12.992126 0.000000 5.905512 0.000000 0.000000 0.000000 12.992126 0.000000 0.000000 12.204723 0.000000 5.905512 11.417322 0.000000 7.480315 11.417322 0.000000 8.267716 12.102325 0.000000 6.500865 11.832167 0.000000 7.041184 11.417322 0.000000 8.267716 0.000000 3.937008 0.000000 0.000000 0.000000 0.000000 11.417322 3.937008 8.267716 0.000000 3.937008 0.000000 11.417322 3.937008 7.480315 12.992126 3.937008 0.000000 11.417322 3.937008 8.267716 12.204723 3.937008 5.905512 12.102325 3.937008 6.500865 11.832167 3.937008 7.041184 12.992126 3.937008 5.905512 12.992126 3.937008 0.000000 12.992126 3.543307 5.905512 12.992126 3.543307 0.000000 12.992126 3.937008 5.905512 12.992126 3.543307 5.905512 16.929134 3.543307 0.000000 12.992126 3.543307 0.000000 16.929134 3.543307 5.905512 28.740156 3.937008 5.905512 28.740156 3.543307 0.000000 28.740156 3.543307 5.905512 28.740156 3.937008 0.000000 28.740156 3.937008 5.905512 37.086613 3.937008 0.000000 28.740156 3.937008 0.000000 29.527559 3.937008 5.905512 37.086613 3.937008 8.267716 29.629955 3.937008 6.500865 29.900118 3.937008 7.041184 30.314960 3.937008 7.480315 30.314960 3.937008 8.267716 37.086613 3.937008 0.000000 37.086613 0.000000 8.267716 37.086613 0.000000 0.000000 37.086613 3.937008 8.267716 28.740156 0.000000 5.905512 28.740156 0.000000 0.000000 29.527559 0.000000 5.905512 37.086613 0.000000 8.267716 37.086613 0.000000 0.000000 29.629955 0.000000 6.500865 29.900118 0.000000 7.041184 30.314960 0.000000 7.480315 30.314960 0.000000 8.267716 28.740156 0.393701 5.905512 28.740156 0.000000 0.000000 28.740156 0.000000 5.905512 28.740156 0.393701 0.000000 28.740156 0.393701 5.905512 24.803148 0.393701 0.000000 28.740156 0.393701 0.000000 24.803148 0.393701 5.905512 12.992126 3.543307 5.905512 12.992126 0.393701 5.905512 29.527559 0.000000 5.905512 28.740156 0.000000 5.905512 28.740156 3.937008 5.905512 29.527559 3.937008 5.905512 12.992126 0.000000 5.905512 12.204723 3.937008 5.905512 12.204723 0.000000 5.905512 12.992126 3.937008 5.905512 11.417322 3.937008 7.480315 11.417322 0.000000 8.267716 11.417322 0.000000 7.480315 11.417322 3.937008 8.267716 12.204723 3.937008 5.905512 12.102325 0.000000 6.500865 12.204723 0.000000 5.905512 12.102325 3.937008 6.500865 12.102325 3.937008 6.500865 11.832167 0.000000 7.041184 12.102325 0.000000 6.500865 11.832167 3.937008 7.041184 11.832167 3.937008 7.041184 11.417322 0.000000 7.480315 11.832167 0.000000 7.041184 11.417322 3.937008 7.480315 29.629955 3.937008 6.500865 29.527559 0.000000 5.905512 29.629955 0.000000 6.500865 29.527559 3.937008 5.905512 29.900118 3.937008 7.041184 29.629955 0.000000 6.500865 29.900118 0.000000 7.041184 29.629955 3.937008 6.500865 30.314960 3.937008 7.480315 29.900118 0.000000 7.041184 30.314960 0.000000 7.480315 29.900118 3.937008 7.041184 30.314960 3.937008 8.267716 30.314960 0.000000 7.480315 30.314960 0.000000 8.267716 30.314960 3.937008 7.480315 37.086613 0.000000 8.267716 30.314960 3.937008 8.267716 30.314960 0.000000 8.267716 37.086613 3.937008 8.267716 "
										            />
									</IndexedFaceSet>
								</Shape>
							</Group>
						</Transform>
					</Transform>
					<Transform DEF="instance_0_TRANSFORM"
					           translation="11.417320 6.299210 5.905512"
					           scale="1.000000 1.000000 1.000000"
					           rotation="0.000000 0.000000 -1.000000 1.570796"
					           >
						<Transform DEF="instance_0_ifs_TRANSFORM"
						           translation="-0.000002 -0.000002 0.000000"
						           scale="1.000000 1.000000 1.000000"
						           rotation="0.000000 0.000000 0.000000 0.000000"
						           >
							<Group DEF="group_ME_ID46_001">
								<Shape>
									<Appearance>
									</Appearance>
									<IndexedFaceSet solid="false"
									                coordIndex="0 1 2 -1 1 0 3 -1 4 5 6 -1 5 4 7 -1 8 9 10 -1 9 8 11 -1 11 8 12 -1 10 13 14 -1 13 10 15 -1 15 10 16 -1 16 10 17 -1 17 10 9 -1 13 18 19 -1 18 13 15 -1 20 21 22 -1 21 20 23 -1 21 23 24 -1 24 23 25 -1 25 23 26 -1 26 23 27 -1 28 22 21 -1 29 30 31 -1 30 29 32 -1 33 34 35 -1 34 33 36 -1 34 36 37 -1 35 38 39 -1 38 35 34 -1 39 38 40 -1 41 42 43 -1 42 41 44 -1 45 46 47 -1 46 45 48 -1 49 50 51 -1 50 49 52 -1 53 54 55 -1 54 53 56 -1 57 58 59 -1 60 61 62 -1 61 60 63 -1 61 63 64 -1 64 63 58 -1 64 58 57 -1 65 66 67 -1 66 65 68 -1 69 70 71 -1 70 69 72 -1 73 74 75 -1 74 73 76 -1 74 76 77 -1 75 78 79 -1 78 75 74 -1 79 78 80 -1 81 82 83 -1 82 81 84 -1 85 86 87 -1 86 85 88 -1 86 88 89 -1 86 89 90 -1 91 92 93 -1 92 91 94 -1 95 96 97 -1 96 95 98 -1 99 100 101 -1 100 99 102 -1 103 104 105 -1 104 103 106 -1 107 108 109 -1 108 107 110 -1 111 88 85 -1 88 111 112 -1 88 112 113 -1 88 113 89 -1 97 114 115 -1 114 97 96 -1 106 116 104 -1 116 106 117 -1 109 118 119 -1 118 109 108 -1 120 112 111 -1 112 120 121 -1 112 121 113 -1 115 122 123 -1 122 115 114 -1 117 124 116 -1 124 117 125 -1 119 126 127 -1 126 119 118 -1 128 129 130 -1 129 128 131 -1 "
									                >
										<Coordinate DEF="coords_ME_ID46_001"
										            point="6.299213 5.511811 3.937008 5.118110 5.511811 2.362205 6.299213 5.511811 2.362205 5.118110 5.511811 3.937008 5.118110 7.086615 3.937008 5.118110 5.511811 2.362205 5.118110 5.511811 3.937008 5.118110 7.086615 2.362205 5.118110 1.574803 2.362205 5.118110 5.511811 2.362205 5.118110 0.000000 2.362205 6.299213 5.511811 2.362205 6.299213 1.574803 2.362205 1.181102 1.574803 2.362205 1.181102 0.000000 2.362205 1.181102 5.511811 2.362205 1.181102 7.086615 2.362205 5.118110 7.086615 2.362205 0.000000 5.511811 2.362205 0.000000 1.574803 2.362205 6.299213 0.000000 1.574803 6.299213 1.574803 2.362205 6.299213 0.000000 3.937008 6.299213 6.299213 1.574803 6.299213 5.511811 2.362205 6.299213 5.511811 3.937008 6.299213 7.086615 3.937008 6.299213 7.086615 1.574803 6.299213 1.574803 3.937008 6.299213 5.511811 3.937008 5.118110 7.086615 3.937008 5.118110 5.511811 3.937008 6.299213 7.086615 3.937008 0.000000 7.086615 1.574803 1.181102 7.086615 2.362205 6.299213 7.086615 1.574803 0.000000 7.086615 3.937008 1.181102 7.086615 3.937008 5.118110 7.086615 2.362205 6.299213 7.086615 3.937008 5.118110 7.086615 3.937008 5.118110 1.574803 3.937008 5.118110 0.000000 2.362205 5.118110 0.000000 3.937008 5.118110 1.574803 2.362205 5.118110 1.574803 2.362205 6.299213 1.574803 3.937008 6.299213 1.574803 2.362205 5.118110 1.574803 3.937008 1.181102 7.086615 2.362205 1.181102 5.511811 3.937008 1.181102 5.511811 2.362205 1.181102 7.086615 3.937008 1.181102 5.511811 2.362205 0.000000 5.511811 3.937008 0.000000 5.511811 2.362205 1.181102 5.511811 3.937008 0.000000 7.086615 3.937008 0.000000 5.511811 2.362205 0.000000 5.511811 3.937008 0.000000 1.574803 3.937008 0.000000 0.000000 1.574803 0.000000 0.000000 3.937008 0.000000 1.574803 2.362205 0.000000 7.086615 1.574803 0.000000 1.574803 3.937008 1.181102 1.574803 2.362205 0.000000 1.574803 2.362205 1.181102 1.574803 3.937008 1.181102 1.574803 2.362205 1.181102 0.000000 3.937008 1.181102 0.000000 2.362205 1.181102 1.574803 3.937008 6.299213 0.000000 1.574803 5.118110 0.000000 2.362205 0.000000 0.000000 1.574803 6.299213 0.000000 3.937008 5.118110 0.000000 3.937008 1.181102 0.000000 2.362205 0.000000 0.000000 3.937008 1.181102 0.000000 3.937008 6.299213 0.000000 3.937008 5.118110 1.574803 3.937008 5.118110 0.000000 3.937008 6.299213 1.574803 3.937008 5.884369 0.414843 1.135672 6.299213 6.299213 1.574803 6.299213 0.000000 1.574803 5.884369 6.299213 1.135672 5.884369 6.671771 1.135672 6.299213 7.086615 1.574803 1.181102 5.511811 3.937008 0.000000 7.086615 3.937008 0.000000 5.511811 3.937008 1.181102 7.086615 3.937008 0.000000 7.086615 1.574803 5.884369 6.671771 1.135672 0.414843 6.671771 1.135672 6.299213 7.086615 1.574803 1.181102 0.000000 3.937008 0.000000 1.574803 3.937008 0.000000 0.000000 3.937008 1.181102 1.574803 3.937008 0.000000 7.086615 1.574803 0.414843 0.414843 1.135672 0.000000 0.000000 1.574803 0.414843 6.671771 1.135672 6.299213 0.000000 1.574803 0.414843 0.414843 1.135672 5.884369 0.414843 1.135672 0.000000 0.000000 1.574803 5.614210 0.685003 0.595353 5.614210 6.299213 0.595353 5.614210 6.401612 0.595353 5.614210 6.401612 0.595353 0.685003 6.401612 0.595353 0.685003 0.685003 0.595353 0.685003 6.401612 0.595353 0.685003 0.685003 0.595353 5.614210 0.685003 0.595353 5.511811 0.787402 0.000000 5.511811 6.299213 0.000000 5.511811 6.299213 0.000000 0.787402 6.299213 0.000000 0.787402 0.787402 0.000000 0.787402 6.299213 0.000000 0.787402 0.787402 0.000000 5.511811 0.787402 0.000000 5.511811 6.299213 0.000000 0.787402 0.787402 0.000000 0.787402 6.299213 0.000000 5.511811 0.787402 0.000000 "
										            />
									</IndexedFaceSet>
								</Shape>
							</Group>
						</Transform>
					</Transform>
					<Transform DEF="instance_1_TRANSFORM"
					           translation="23.228344 6.299210 5.905512"
					           scale="1.000000 1.000000 1.000000"
					           rotation="0.000000 0.000000 -1.000000 1.570796"
					           >
						<Transform DEF="instance_1_ifs_TRANSFORM"
						           translation="-0.000001 -0.000000 0.000000"
						           scale="1.000000 1.000000 1.000000"
						           rotation="0.000000 0.000000 0.000000 0.000000"
						           >
							<Group USE="group_ME_ID46_001" />
						</Transform>
					</Transform>
				</Transform>
			</Transform>
			<Transform DEF="group_6_TRANSFORM"
			           translation="-109.234566 -93.523361 -0.000000"
			           scale="1.000000 1.000000 1.000000"
			           rotation="0.000000 0.000000 1.000000 1.570796"
			           >
				<Transform DEF="group_7_TRANSFORM"
				           translation="-30.629929 0.000006 0.000000"
				           scale="1.000000 1.000000 1.000000"
				           rotation="0.000000 0.000000 -0.000000 0.000000"
				           >
					<Transform DEF="group_7_ifs_TRANSFORM"
					           translation="-0.000008 0.000006 -0.000000"
					           scale="1.000000 1.000000 1.000000"
					           rotation="0.000000 0.000000 -0.000000 0.000000"
					           >
						<Group DEF="group_ME_ID55">
							<Shape>
								<Appearance>
									<Material USE="MA_material_005" />
								</Appearance>
								<IndexedFaceSet solid="false"
								                coordIndex="0 1 2 -1 0 2 3 -1 4 1 0 -1 5 6 7 -1 3 2 8 -1 9 10 11 -1 12 1 4 -1 13 14 10 -1 15 6 5 -1 7 6 16 -1 3 8 17 -1 13 10 9 -1 9 11 18 -1 13 19 14 -1 20 21 1 -1 6 22 23 -1 22 6 15 -1 16 6 24 -1 17 8 25 -1 18 11 26 -1 27 28 29 -1 28 27 30 -1 30 27 31 -1 30 31 32 -1 33 19 13 -1 34 35 36 -1 37 38 39 -1 38 37 40 -1 38 40 41 -1 41 40 42 -1 41 42 43 -1 43 42 44 -1 43 44 45 -1 45 44 46 -1 46 44 47 -1 46 47 48 -1 48 47 49 -1 48 49 50 -1 48 50 51 -1 51 50 52 -1 52 50 53 -1 54 55 56 -1 55 54 57 -1 58 59 60 -1 59 58 61 -1 24 6 62 -1 17 25 63 -1 18 26 64 -1 65 32 31 -1 32 65 66 -1 66 65 67 -1 66 67 68 -1 69 70 71 -1 72 69 73 -1 29 74 75 -1 74 29 28 -1 33 76 19 -1 77 78 76 -1 78 77 79 -1 80 81 82 -1 81 80 83 -1 83 80 84 -1 84 80 85 -1 85 80 86 -1 86 80 87 -1 88 89 90 -1 89 88 91 -1 92 93 94 -1 93 92 95 -1 96 97 98 -1 97 96 99 -1 100 101 102 -1 101 100 103 -1 103 104 101 -1 104 103 105 -1 105 106 104 -1 106 105 107 -1 107 108 106 -1 108 107 109 -1 109 56 108 -1 56 109 54 -1 110 57 54 -1 57 110 111 -1 24 62 112 -1 63 25 113 -1 64 26 114 -1 115 68 67 -1 68 115 116 -1 117 118 119 -1 70 118 120 -1 121 64 114 -1 70 120 71 -1 69 71 73 -1 72 73 122 -1 123 72 124 -1 75 87 80 -1 87 75 74 -1 77 76 33 -1 91 123 89 -1 125 126 127 -1 99 128 97 -1 100 129 103 -1 129 100 130 -1 103 131 105 -1 131 103 129 -1 105 132 107 -1 132 105 131 -1 132 109 107 -1 109 132 133 -1 133 54 109 -1 54 133 110 -1 134 111 110 -1 111 134 135 -1 24 112 136 -1 113 25 137 -1 121 114 138 -1 139 121 138 -1 140 116 115 -1 116 140 141 -1 142 119 143 -1 117 119 142 -1 118 117 120 -1 144 145 146 -1 147 144 148 -1 72 122 124 -1 149 147 150 -1 123 124 89 -1 151 150 152 -1 128 153 97 -1 154 155 97 -1 130 156 129 -1 156 130 157 -1 129 158 131 -1 158 129 156 -1 131 159 132 -1 159 131 158 -1 159 158 160 -1 161 133 132 -1 133 161 162 -1 162 161 163 -1 162 110 133 -1 110 162 134 -1 164 135 134 -1 135 164 165 -1 136 112 166 -1 113 137 167 -1 139 138 168 -1 169 139 170 -1 171 172 173 -1 172 171 174 -1 174 171 175 -1 174 176 177 -1 176 174 175 -1 178 143 179 -1 142 143 180 -1 181 182 183 -1 145 181 183 -1 144 146 148 -1 145 183 146 -1 147 148 150 -1 184 149 150 -1 153 185 97 -1 154 186 155 -1 185 154 97 -1 157 187 188 -1 189 157 188 -1 157 189 190 -1 190 156 157 -1 156 191 158 -1 191 156 190 -1 192 193 132 -1 193 192 160 -1 160 194 193 -1 194 160 158 -1 194 158 191 -1 193 195 132 -1 195 193 163 -1 194 163 193 -1 163 194 162 -1 162 194 196 -1 196 134 162 -1 134 196 164 -1 197 165 164 -1 165 197 198 -1 136 166 199 -1 113 167 200 -1 139 168 170 -1 201 202 203 -1 204 205 206 -1 203 202 207 -1 208 209 210 -1 210 211 212 -1 211 210 209 -1 212 211 213 -1 180 143 178 -1 214 204 206 -1 182 215 216 -1 182 217 183 -1 154 218 186 -1 218 219 186 -1 189 220 190 -1 220 189 221 -1 190 222 191 -1 222 190 220 -1 191 223 194 -1 223 191 222 -1 223 196 194 -1 196 223 224 -1 224 164 196 -1 164 224 197 -1 225 198 197 -1 198 225 226 -1 199 166 227 -1 200 167 228 -1 200 228 201 -1 201 228 202 -1 229 230 231 -1 232 233 234 -1 208 210 235 -1 212 236 210 -1 215 214 237 -1 214 206 237 -1 215 237 216 -1 182 216 217 -1 218 238 219 -1 238 239 219 -1 221 240 220 -1 240 221 241 -1 220 242 222 -1 242 220 240 -1 242 240 243 -1 222 244 223 -1 244 222 242 -1 244 242 245 -1 244 224 223 -1 224 244 246 -1 246 244 247 -1 246 197 224 -1 197 246 225 -1 225 246 248 -1 249 226 225 -1 226 249 250 -1 251 227 252 -1 199 227 251 -1 251 253 232 -1 229 231 254 -1 232 255 233 -1 235 210 256 -1 236 257 210 -1 258 229 259 -1 238 258 239 -1 258 260 239 -1 241 261 240 -1 261 241 262 -1 243 263 245 -1 263 243 240 -1 263 240 261 -1 245 264 244 -1 264 245 263 -1 264 247 244 -1 247 264 265 -1 265 248 247 -1 248 265 225 -1 225 265 249 -1 210 250 249 -1 251 252 253 -1 232 253 255 -1 229 254 259 -1 256 210 262 -1 257 250 210 -1 258 259 260 -1 210 261 262 -1 210 263 261 -1 210 264 263 -1 210 265 264 -1 210 249 265 -1 "
								                >
									<Coordinate DEF="coords_ME_ID55"
									            point="88.357704 0.421822 17.097208 72.440941 0.000000 8.682712 75.065620 0.191929 8.441525 90.157486 0.590551 16.508575 83.858269 0.000000 17.882051 72.440941 0.000000 8.682712 68.503937 2.952756 1.968504 75.065620 0.191929 8.441525 78.740158 0.460630 7.597373 90.157486 3.321850 20.551180 88.357704 0.421822 17.097208 90.157486 0.590551 16.508575 82.733406 0.000000 18.078262 88.357704 3.216395 21.428572 83.858269 0.000000 17.882051 68.503937 0.000000 9.044492 78.740158 0.460630 7.597373 92.857140 1.265467 15.625626 92.857147 3.743673 19.235096 82.733406 0.000000 18.078262 82.733406 0.000000 18.078262 68.503937 0.000000 9.044492 30.629921 0.000000 9.044492 30.629921 2.952756 1.968504 80.314957 0.767717 7.235593 80.314957 0.767717 7.235593 92.857140 1.265467 15.625626 90.157486 3.321850 20.551180 88.357704 12.531636 21.428572 88.357704 3.216395 21.428572 90.157486 12.426181 20.551180 92.857147 3.743673 19.235096 92.857140 12.004358 19.235096 82.733406 2.952756 22.890890 75.984253 0.000000 18.568789 68.503937 0.000000 9.044492 82.733406 0.000000 18.078262 30.629921 0.000000 18.568789 30.629921 2.952756 1.968504 30.629921 0.000000 9.044492 30.629921 2.952756 23.622046 30.629921 4.555654 1.499466 30.629921 4.798228 23.622046 30.629921 6.204792 1.235604 30.629921 7.874016 23.622046 30.629921 7.874016 1.181102 30.629921 9.543240 1.235604 30.629921 10.334645 23.622046 30.629921 11.192377 1.499466 30.629921 10.949802 23.622046 30.629921 12.795275 23.622046 30.629921 12.795275 1.968504 30.629921 15.748032 9.044491 30.629921 15.748032 18.568789 68.499245 4.555654 1.499466 30.629921 2.952756 1.968504 30.629921 4.555654 1.499466 68.503937 2.952756 1.968504 68.503937 0.000000 9.044492 30.629921 0.000000 18.568789 30.629921 0.000000 9.044492 75.984253 0.000000 18.568789 72.440941 2.952756 1.889764 94.881889 1.771654 14.448359 94.881889 4.060040 17.480316 94.881889 4.060040 17.480316 94.881889 11.687992 17.480316 96.231720 4.534589 16.310461 96.231720 11.213442 16.310461 90.157486 12.426181 20.551180 92.857140 12.004358 19.235096 90.157486 15.157480 16.508575 88.357704 12.531636 21.428572 88.357704 15.326209 17.097208 82.733406 12.795276 22.890888 82.733406 2.952756 22.890890 75.984253 0.000000 18.568789 75.984253 2.952756 23.622046 30.629921 0.000000 18.568789 30.629921 2.952756 23.622046 75.984253 2.952756 23.622046 30.629921 4.798228 23.622046 30.629921 2.952756 23.622046 30.629921 7.874016 23.622046 30.629921 10.334645 23.622046 30.629921 10.949802 23.622046 30.629921 12.795275 23.622046 75.984253 12.795275 23.622046 30.629921 12.795275 23.622046 75.984253 15.748032 18.568789 30.629921 15.748032 18.568789 75.984253 12.795275 23.622046 30.629921 15.748032 9.044491 75.984253 15.748032 18.568789 68.503937 15.748032 9.044492 30.629921 15.748032 18.568789 30.629921 15.748032 9.044491 68.503937 12.795276 1.968504 30.629921 12.795275 1.968504 68.503937 15.748032 9.044492 68.503937 12.795276 1.968504 30.629921 11.192377 1.499466 30.629921 12.795275 1.968504 68.499245 11.192377 1.499466 30.629921 9.543240 1.235604 68.496613 9.543240 1.235604 30.629921 7.874016 1.181102 68.496063 7.874016 1.181102 30.629921 6.204792 1.235604 68.496613 6.204792 1.235604 72.394966 4.555654 1.421552 72.440941 2.952756 1.889764 75.065620 3.072712 1.837270 96.231720 2.530934 13.663516 94.881889 1.771654 14.448359 98.481438 5.325506 12.654668 98.481438 10.422525 12.654669 94.881889 13.976377 14.448359 94.881889 11.687992 17.480316 96.231720 11.213442 16.310461 92.857140 14.482565 15.625627 96.231720 4.534589 16.310461 83.858269 15.748032 17.882051 82.733406 12.795276 22.890888 82.733406 15.748032 18.078262 75.984253 15.748032 18.568789 82.733406 15.748032 18.078262 68.503937 15.748032 9.044492 72.440941 15.748032 8.682712 72.394966 11.192377 1.421552 72.440941 12.795276 1.889764 72.352043 9.543240 1.158496 72.312843 7.874016 1.104767 72.352043 6.204792 1.158496 74.976097 4.673620 1.369929 75.065620 3.072712 1.837270 83.464561 1.381890 5.788475 83.464561 1.381890 5.788475 96.231720 2.530934 13.663516 98.481438 5.325506 12.654668 99.606300 5.905512 8.267716 99.606300 9.842520 8.267716 96.231720 13.217097 13.663516 98.481438 10.422525 12.654669 90.157486 15.157480 16.508575 92.857140 14.482565 15.625627 78.740158 15.287401 7.597372 88.357704 15.326209 17.097208 75.065620 15.556102 8.441525 83.858269 15.748032 17.882051 72.440941 15.748032 8.682712 82.733406 15.748032 18.078262 68.503937 15.748032 9.044492 75.065620 15.556102 8.441525 80.314957 14.980314 7.235593 72.440941 12.795276 1.889764 74.976097 11.074412 1.369929 75.065620 12.672244 1.837270 74.891632 9.427172 1.107704 74.813835 7.988312 1.062204 74.824303 7.988790 1.062026 74.813835 7.759719 1.062204 74.891632 6.320859 1.107704 74.824303 7.759242 1.062026 78.583267 4.838479 1.189571 78.740158 3.240649 1.653543 78.740158 3.240649 1.653543 84.251968 1.727362 5.426695 98.031502 3.543307 11.701407 99.606300 5.905512 8.267716 98.481438 4.218223 11.210880 88.188972 9.842520 0.000000 88.188972 7.874016 0.000000 88.188972 9.805610 0.000000 88.188972 7.837106 0.000000 99.606300 9.842520 8.267716 99.606300 5.905512 8.267716 88.188972 5.905512 0.000000 98.481438 11.529808 11.210880 99.606300 9.842520 8.267716 98.031502 12.204723 11.701407 94.881889 13.976377 14.448359 96.231720 13.217097 13.663516 80.314957 14.980314 7.235593 82.733406 15.748032 18.078262 78.740158 15.287401 7.597372 75.065620 12.675320 1.837270 72.440941 12.795276 1.889764 75.065620 12.675320 1.837270 78.740158 12.507382 1.653543 78.583267 10.909553 1.189571 78.432755 9.265332 0.930648 74.813835 7.988312 1.062204 74.818924 7.874016 1.058382 78.314262 7.874016 0.889050 74.813835 7.759719 1.062204 78.432755 6.482699 0.930648 80.086769 5.021718 1.114395 80.314957 3.432579 1.574803 84.251968 1.727362 5.426695 98.031502 3.543307 11.701407 98.481438 4.218223 11.210880 86.876640 3.070866 3.014830 99.606300 5.905512 8.267716 99.606300 9.842520 8.267716 88.188972 9.842520 0.000000 86.876640 12.677165 3.014830 88.188972 5.905512 0.000000 88.188972 9.842520 0.000000 88.188972 9.805610 0.000000 84.799477 7.874016 0.195691 88.188972 7.874016 0.000000 88.188972 5.905512 0.000000 88.188972 7.837106 0.000000 98.481438 11.529808 11.210880 98.031502 12.204723 11.701407 84.251968 14.020670 5.426695 83.464569 14.366142 5.788475 83.464569 14.366142 5.788475 78.740158 12.507382 1.653543 80.086769 10.726313 1.114395 80.314964 12.315452 1.574803 79.868240 9.090382 0.858873 79.717430 7.874016 0.824673 79.868240 6.657650 0.858873 83.109833 5.390154 0.812089 83.464561 3.816437 1.259843 80.314957 3.432579 1.574803 86.614174 2.763780 3.256017 86.876640 12.677165 3.014830 88.188972 9.842520 0.000000 86.876640 10.875984 0.656168 86.876640 3.070866 3.014830 86.876640 4.872047 0.656168 88.188972 5.905512 0.000000 86.876640 10.875984 0.656168 86.876640 4.872047 0.656168 86.614174 12.984252 3.256017 84.251968 14.020670 5.426695 80.314964 12.315452 1.574803 83.109833 10.357877 0.812089 83.464561 11.931595 1.259843 82.756310 8.738400 0.570067 82.767212 8.741376 0.569695 82.594505 7.874016 0.550960 82.766319 8.737179 0.569065 82.756302 7.009632 0.570067 82.766319 7.010853 0.569065 82.767212 7.006655 0.569695 83.765312 5.569897 0.746542 84.251968 4.032357 1.181102 86.614174 2.763780 3.256017 83.464561 3.816437 1.259843 84.251968 4.032357 1.181102 86.614174 11.067913 0.708661 86.614174 4.680118 0.708661 86.614174 11.067913 0.708661 86.614174 4.680118 0.708661 86.614174 12.984252 3.256017 84.251968 11.715673 1.181102 83.464561 11.931595 1.259843 83.765312 10.178134 0.746542 84.251968 11.715673 1.181102 83.295868 8.591968 0.516111 83.097473 7.874016 0.506010 83.295868 7.156064 0.516111 "
									            />
								</IndexedFaceSet>
							</Shape>
						</Group>
					</Transform>
				</Transform>
				<Transform DEF="group_7_001_TRANSFORM"
				           translation="-30.629929 0.000006 0.000000"
				           scale="1.000000 1.000000 1.000000"
				           rotation="0.000000 0.000000 -0.000000 0.000000"
				           >
					<Transform DEF="group_7_001_ifs_TRANSFORM"
					           translation="-0.000008 0.000006 -0.000000"
					           scale="1.000000 1.000000 1.000000"
					           rotation="0.000000 0.000000 -0.000000 0.000000"
					           >
						<Group DEF="group_ME_ID61_001">
						</Group>
					</Transform>
				</Transform>
				<Transform DEF="group_7_002_TRANSFORM"
				           translation="-30.629929 0.000006 0.000000"
				           scale="1.000000 1.000000 1.000000"
				           rotation="0.000000 0.000000 -0.000000 0.000000"
				           >
					<Transform DEF="group_7_002_ifs_TRANSFORM"
					           translation="-0.000008 0.000006 -0.000000"
					           scale="1.000000 1.000000 1.000000"
					           rotation="0.000000 0.000000 -0.000000 0.000000"
					           >
						<Group DEF="group_ME_ID65_001">
						</Group>
					</Transform>
				</Transform>
				<Transform DEF="group_8_TRANSFORM"
				           translation="57.559040 4.724416 -0.000000"
				           scale="1.000000 1.000000 1.000000"
				           rotation="0.000000 0.000000 -0.000000 0.000000"
				           >
					<Transform DEF="group_5_001_TRANSFORM"
					           translation="-0.000005 1.181104 -0.000000"
					           scale="1.000000 1.000000 1.000000"
					           rotation="0.000000 0.000000 -0.000000 0.000000"
					           >
						<Transform DEF="group_5_001_ifs_TRANSFORM"
						           translation="-0.000005 -0.000003 -0.000000"
						           scale="1.000000 1.000000 1.000000"
						           rotation="0.000000 0.000000 -0.000000 0.000000"
						           >
							<Group DEF="group_ME_ID71_001">
								<Shape>
									<Appearance>
										<Material USE="MA_material_005" />
									</Appearance>
									<IndexedFaceSet solid="false"
									                coordIndex="0 1 2 -1 1 0 3 -1 4 5 6 -1 5 4 7 -1 8 9 10 -1 9 8 11 -1 11 8 12 -1 11 12 13 -1 13 12 14 -1 13 14 15 -1 15 14 16 -1 15 16 17 -1 18 19 20 -1 19 18 21 -1 21 18 10 -1 21 10 9 -1 22 23 24 -1 23 22 25 -1 26 27 28 -1 27 26 29 -1 29 26 30 -1 29 30 31 -1 31 30 32 -1 31 32 33 -1 33 32 34 -1 33 34 35 -1 36 37 38 -1 37 36 39 -1 39 36 28 -1 39 28 27 -1 40 41 42 -1 41 40 43 -1 44 45 46 -1 45 44 47 -1 48 49 50 -1 49 48 51 -1 52 53 54 -1 53 52 55 -1 55 52 56 -1 55 56 57 -1 58 59 60 -1 59 58 61 -1 62 63 64 -1 63 62 65 -1 65 62 66 -1 66 62 67 -1 63 68 69 -1 68 63 65 -1 70 71 72 -1 71 70 73 -1 73 70 74 -1 74 70 75 -1 75 70 69 -1 75 69 68 -1 71 76 77 -1 76 71 73 -1 78 79 80 -1 79 78 81 -1 81 78 77 -1 81 77 76 -1 82 83 84 -1 83 82 85 -1 86 87 88 -1 87 86 89 -1 89 86 90 -1 90 86 91 -1 92 93 94 -1 93 92 95 -1 96 97 98 -1 97 96 99 -1 100 101 102 -1 101 100 103 -1 104 105 106 -1 105 104 107 -1 108 109 110 -1 109 108 111 -1 112 57 56 -1 57 112 113 -1 114 115 116 -1 115 114 117 -1 118 119 120 -1 119 118 121 -1 122 123 124 -1 123 122 125 -1 126 127 128 -1 127 126 129 -1 127 129 130 -1 127 130 131 -1 130 129 132 -1 130 132 133 -1 134 135 136 -1 135 134 137 -1 138 139 140 -1 139 138 141 -1 140 139 142 -1 142 139 143 -1 143 139 144 -1 145 140 142 -1 146 147 148 -1 147 146 149 -1 150 151 152 -1 151 150 153 -1 154 155 156 -1 155 154 157 -1 158 159 160 -1 159 158 161 -1 159 161 162 -1 162 161 163 -1 162 163 164 -1 162 164 165 -1 162 165 166 -1 167 168 169 -1 168 167 170 -1 171 172 173 -1 174 172 175 -1 172 174 173 -1 173 174 176 -1 176 174 177 -1 177 174 178 -1 178 174 179 -1 180 181 182 -1 181 180 183 -1 184 185 186 -1 185 184 187 -1 87 188 189 -1 188 87 89 -1 190 112 191 -1 112 190 113 -1 113 190 192 -1 192 190 193 -1 194 195 196 -1 195 194 197 -1 197 194 189 -1 197 189 188 -1 198 199 200 -1 199 198 201 -1 202 203 204 -1 203 202 205 -1 206 207 208 -1 207 206 209 -1 210 211 212 -1 211 210 213 -1 214 215 216 -1 215 214 217 -1 218 219 220 -1 219 218 221 -1 222 223 224 -1 223 222 225 -1 226 227 228 -1 227 226 229 -1 230 231 232 -1 231 230 233 -1 "
									                >
										<Coordinate DEF="coords_ME_ID71_001"
										            point="23.228346 0.000000 8.267716 18.503937 3.937008 8.267716 18.503937 0.000000 8.267716 23.228346 3.937008 8.267716 23.228346 3.937008 7.480315 23.228346 0.000000 8.267716 23.228346 0.000000 7.480315 23.228346 3.937008 8.267716 17.818935 3.937008 6.500865 24.015747 3.937008 5.905512 17.716536 3.937008 5.905512 23.913349 3.937008 6.500865 18.089094 3.937008 7.041184 23.643188 3.937008 7.041184 18.503937 3.937008 7.480315 23.228346 3.937008 7.480315 18.503937 3.937008 8.267716 23.228346 3.937008 8.267716 16.929134 3.937008 5.905512 24.803148 3.937008 0.000000 16.929134 3.937008 0.000000 24.803148 3.937008 5.905512 18.503937 3.937008 8.267716 18.503937 0.000000 7.480315 18.503937 0.000000 8.267716 18.503937 3.937008 7.480315 23.913349 0.000000 6.500865 17.716536 0.000000 5.905512 24.015747 0.000000 5.905512 17.818935 0.000000 6.500865 23.643188 0.000000 7.041184 18.089094 0.000000 7.041184 23.228346 0.000000 7.480315 18.503937 0.000000 7.480315 23.228346 0.000000 8.267716 18.503937 0.000000 8.267716 24.803148 0.000000 5.905512 16.929134 0.000000 0.000000 24.803148 0.000000 0.000000 16.929134 0.000000 5.905512 23.643188 3.937008 7.041184 23.228346 0.000000 7.480315 23.643188 0.000000 7.041184 23.228346 3.937008 7.480315 23.913349 3.937008 6.500865 23.643188 0.000000 7.041184 23.913349 0.000000 6.500865 23.643188 3.937008 7.041184 24.015747 3.937008 5.905512 23.913349 0.000000 6.500865 24.015747 0.000000 5.905512 23.913349 3.937008 6.500865 24.803148 0.000000 5.905512 24.015747 3.937008 5.905512 24.015747 0.000000 5.905512 24.803148 3.937008 5.905512 24.803148 0.393701 5.905512 24.803148 3.543307 5.905512 24.803148 3.937008 0.000000 24.803148 3.543307 5.905512 24.803148 3.543307 0.000000 24.803148 3.937008 5.905512 37.086613 3.937008 0.000000 28.740156 3.543307 0.000000 28.740156 3.937008 0.000000 28.740156 0.393701 0.000000 28.740156 0.000000 0.000000 37.086613 0.000000 0.000000 24.803148 0.393701 0.000000 24.803148 3.543307 0.000000 24.803148 3.937008 0.000000 16.929134 3.543307 0.000000 16.929134 3.937008 0.000000 16.929134 0.393701 0.000000 16.929134 0.000000 0.000000 24.803148 0.000000 0.000000 12.992126 0.393701 0.000000 12.992126 3.543307 0.000000 12.992126 3.937008 0.000000 0.000000 0.000000 0.000000 0.000000 3.937008 0.000000 12.992126 0.000000 0.000000 16.929134 3.937008 5.905512 16.929134 3.543307 0.000000 16.929134 3.543307 5.905512 16.929134 3.937008 0.000000 17.716536 0.000000 5.905512 16.929134 0.393701 5.905512 16.929134 0.000000 5.905512 16.929134 3.543307 5.905512 16.929134 3.937008 5.905512 17.716536 3.937008 5.905512 17.818935 3.937008 6.500865 17.716536 0.000000 5.905512 17.818935 0.000000 6.500865 17.716536 3.937008 5.905512 18.089094 3.937008 7.041184 17.818935 0.000000 6.500865 18.089094 0.000000 7.041184 17.818935 3.937008 6.500865 18.503937 3.937008 7.480315 18.089094 0.000000 7.041184 18.503937 0.000000 7.480315 18.089094 3.937008 7.041184 24.803148 0.393701 0.000000 24.803148 0.000000 5.905512 24.803148 0.000000 0.000000 24.803148 0.393701 5.905512 16.929134 0.393701 5.905512 16.929134 0.000000 0.000000 16.929134 0.000000 5.905512 16.929134 0.393701 0.000000 28.740156 0.393701 5.905512 28.740156 3.543307 5.905512 24.803148 3.543307 5.905512 28.740156 3.543307 0.000000 24.803148 3.543307 0.000000 28.740156 3.543307 5.905512 16.929134 0.393701 5.905512 12.992126 0.393701 0.000000 16.929134 0.393701 0.000000 12.992126 0.393701 5.905512 12.992126 0.393701 0.000000 12.992126 0.000000 5.905512 12.992126 0.000000 0.000000 12.992126 0.393701 5.905512 12.992126 0.000000 5.905512 0.000000 0.000000 0.000000 12.992126 0.000000 0.000000 12.204723 0.000000 5.905512 11.417322 0.000000 7.480315 11.417322 0.000000 8.267716 12.102325 0.000000 6.500865 11.832167 0.000000 7.041184 11.417322 0.000000 8.267716 0.000000 3.937008 0.000000 0.000000 0.000000 0.000000 11.417322 3.937008 8.267716 0.000000 3.937008 0.000000 11.417322 3.937008 7.480315 12.992126 3.937008 0.000000 11.417322 3.937008 8.267716 12.204723 3.937008 5.905512 12.102325 3.937008 6.500865 11.832167 3.937008 7.041184 12.992126 3.937008 5.905512 12.992126 3.937008 0.000000 12.992126 3.543307 5.905512 12.992126 3.543307 0.000000 12.992126 3.937008 5.905512 12.992126 3.543307 5.905512 16.929134 3.543307 0.000000 12.992126 3.543307 0.000000 16.929134 3.543307 5.905512 28.740156 3.937008 5.905512 28.740156 3.543307 0.000000 28.740156 3.543307 5.905512 28.740156 3.937008 0.000000 28.740156 3.937008 5.905512 37.086613 3.937008 0.000000 28.740156 3.937008 0.000000 29.527559 3.937008 5.905512 37.086613 3.937008 8.267716 29.629955 3.937008 6.500865 29.900118 3.937008 7.041184 30.314960 3.937008 7.480315 30.314960 3.937008 8.267716 37.086613 3.937008 0.000000 37.086613 0.000000 8.267716 37.086613 0.000000 0.000000 37.086613 3.937008 8.267716 28.740156 0.000000 5.905512 28.740156 0.000000 0.000000 29.527559 0.000000 5.905512 37.086613 0.000000 8.267716 37.086613 0.000000 0.000000 29.629955 0.000000 6.500865 29.900118 0.000000 7.041184 30.314960 0.000000 7.480315 30.314960 0.000000 8.267716 28.740156 0.393701 5.905512 28.740156 0.000000 0.000000 28.740156 0.000000 5.905512 28.740156 0.393701 0.000000 28.740156 0.393701 5.905512 24.803148 0.393701 0.000000 28.740156 0.393701 0.000000 24.803148 0.393701 5.905512 12.992126 3.543307 5.905512 12.992126 0.393701 5.905512 29.527559 0.000000 5.905512 28.740156 0.000000 5.905512 28.740156 3.937008 5.905512 29.527559 3.937008 5.905512 12.992126 0.000000 5.905512 12.204723 3.937008 5.905512 12.204723 0.000000 5.905512 12.992126 3.937008 5.905512 11.417322 3.937008 7.480315 11.417322 0.000000 8.267716 11.417322 0.000000 7.480315 11.417322 3.937008 8.267716 12.204723 3.937008 5.905512 12.102325 0.000000 6.500865 12.204723 0.000000 5.905512 12.102325 3.937008 6.500865 12.102325 3.937008 6.500865 11.832167 0.000000 7.041184 12.102325 0.000000 6.500865 11.832167 3.937008 7.041184 11.832167 3.937008 7.041184 11.417322 0.000000 7.480315 11.832167 0.000000 7.041184 11.417322 3.937008 7.480315 29.629955 3.937008 6.500865 29.527559 0.000000 5.905512 29.629955 0.000000 6.500865 29.527559 3.937008 5.905512 29.900118 3.937008 7.041184 29.629955 0.000000 6.500865 29.900118 0.000000 7.041184 29.629955 3.937008 6.500865 30.314960 3.937008 7.480315 29.900118 0.000000 7.041184 30.314960 0.000000 7.480315 29.900118 3.937008 7.041184 30.314960 3.937008 8.267716 30.314960 0.000000 7.480315 30.314960 0.000000 8.267716 30.314960 3.937008 7.480315 37.086613 0.000000 8.267716 30.314960 3.937008 8.267716 30.314960 0.000000 8.267716 37.086613 3.937008 8.267716 "
										            />
									</IndexedFaceSet>
								</Shape>
							</Group>
						</Transform>
					</Transform>
					<Transform DEF="instance_0_001_TRANSFORM"
					           translation="11.417316 6.299223 5.905512"
					           scale="1.000000 1.000000 1.000000"
					           rotation="0.000000 0.000000 -1.000000 1.570796"
					           >
						<Transform DEF="instance_0_001_ifs_TRANSFORM"
						           translation="-0.000008 -0.000002 0.000000"
						           scale="1.000000 1.000000 1.000000"
						           rotation="0.000000 1.000000 0.000000 0.000000"
						           >
							<Group USE="group_ME_ID46_001" />
						</Transform>
					</Transform>
					<Transform DEF="instance_1_001_TRANSFORM"
					           translation="23.228340 6.299216 5.905512"
					           scale="1.000000 1.000000 1.000000"
					           rotation="0.000000 0.000000 -1.000000 1.570796"
					           >
						<Transform DEF="instance_1_001_ifs_TRANSFORM"
						           translation="-0.000015 -0.000001 0.000000"
						           scale="1.000000 1.000000 1.000000"
						           rotation="0.000000 1.000000 0.000000 0.000000"
						           >
							<Group USE="group_ME_ID46_001" />
						</Transform>
					</Transform>
				</Transform>
			</Transform>
			<Transform DEF="group_9_TRANSFORM"
			           translation="-234.667648 -97.191841 -14.731480"
			           scale="1.000000 1.000000 1.000000"
			           rotation="-1.000000 0.000000 0.000000 1.570796"
			           >
				<Transform DEF="group_10_TRANSFORM"
				           translation="-0.000031 0.000001 -0.000001"
				           scale="1.000000 1.000000 1.000000"
				           rotation="0.000000 0.000000 0.000000 0.000000"
				           >
					<Transform DEF="group_10_ifs_TRANSFORM"
					           translation="-0.000031 0.000001 -0.000001"
					           scale="1.000000 1.000000 1.000000"
					           rotation="0.000000 0.000000 0.000000 0.000000"
					           >
						<Group DEF="group_ME_ID88_001">
							<Shape>
								<Appearance>
									<Material USE="MA_material_005" />
								</Appearance>
								<IndexedFaceSet solid="false"
								                coordIndex="0 1 2 -1 1 0 3 -1 4 5 6 -1 5 4 7 -1 8 9 10 -1 9 8 11 -1 12 13 14 -1 13 12 15 -1 16 17 18 -1 17 16 19 -1 20 21 22 -1 21 20 23 -1 "
								                >
									<Coordinate DEF="coords_ME_ID88_001"
									            point="31.496063 5.905512 0.014141 20.078739 9.842520 8.281857 20.078739 5.905512 8.281857 31.496063 9.842520 0.014141 20.078739 5.905512 8.281857 0.000000 5.905512 0.014141 31.496063 5.905512 0.014141 0.000000 5.905512 8.281857 31.496063 9.842520 0.014141 0.000000 5.905512 0.014141 0.000000 9.842520 0.014141 31.496063 5.905512 0.014141 0.000000 9.842520 8.281857 31.496063 9.842520 0.014141 0.000000 9.842520 0.014141 20.078739 9.842520 8.281857 20.078739 5.905512 8.281857 0.000000 9.842520 8.281857 0.000000 5.905512 8.281857 20.078739 9.842520 8.281857 0.000000 9.842520 8.281857 0.000000 5.905512 0.014141 0.000000 5.905512 8.281857 0.000000 9.842520 0.014141 "
									            />
								</IndexedFaceSet>
							</Shape>
						</Group>
					</Transform>
					<Transform DEF="group_1_001_TRANSFORM"
					           translation="20.078705 0.000001 -0.000001"
					           scale="1.000000 1.000000 1.000000"
					           rotation="0.000000 0.000000 0.000000 0.000000"
					           >
						<Transform DEF="group_1_001_ifs_TRANSFORM"
						           translation="-0.000015 0.000001 -0.000001"
						           scale="1.000000 1.000000 1.000000"
						           rotation="0.000000 0.000000 0.000000 0.000000"
						           >
							<Group DEF="group_ME_ID82">
								<Shape>
									<Appearance>
										<Material USE="MA_material_005" />
									</Appearance>
									<IndexedFaceSet solid="false"
									                coordIndex="0 1 2 -1 1 3 2 -1 4 0 2 -1 5 6 7 -1 3 8 2 -1 9 10 6 -1 4 2 11 -1 12 7 13 -1 5 9 6 -1 12 5 7 -1 3 14 8 -1 15 16 17 -1 16 15 18 -1 9 19 10 -1 4 11 20 -1 18 21 16 -1 21 18 22 -1 12 13 23 -1 24 25 26 -1 27 26 28 -1 3 29 14 -1 30 17 31 -1 17 30 15 -1 32 18 15 -1 18 32 33 -1 9 34 19 -1 22 35 21 -1 35 22 36 -1 37 4 20 -1 33 22 18 -1 22 33 38 -1 39 12 40 -1 12 39 41 -1 24 42 25 -1 27 24 26 -1 43 27 28 -1 29 44 14 -1 45 31 46 -1 31 45 30 -1 47 15 30 -1 15 47 32 -1 48 33 32 -1 33 48 49 -1 34 50 19 -1 42 51 25 -1 36 52 35 -1 52 36 53 -1 38 36 22 -1 36 38 54 -1 55 37 20 -1 37 55 56 -1 49 38 33 -1 38 49 57 -1 58 59 60 -1 59 58 61 -1 61 58 62 -1 61 62 63 -1 63 62 64 -1 63 64 65 -1 63 65 66 -1 63 66 67 -1 63 67 68 -1 63 68 69 -1 63 69 70 -1 71 28 72 -1 28 71 43 -1 73 74 75 -1 74 73 76 -1 76 73 77 -1 76 77 78 -1 79 78 77 -1 78 79 80 -1 80 79 81 -1 80 81 82 -1 29 83 44 -1 84 46 85 -1 46 84 45 -1 86 30 45 -1 30 86 47 -1 87 32 47 -1 32 87 48 -1 88 48 89 -1 48 88 49 -1 34 90 50 -1 42 91 51 -1 54 53 36 -1 53 54 92 -1 57 54 38 -1 54 57 93 -1 94 49 88 -1 49 94 57 -1 95 96 97 -1 96 95 98 -1 99 100 101 -1 100 99 102 -1 103 104 105 -1 104 103 106 -1 107 82 81 -1 82 107 108 -1 93 92 54 -1 92 93 109 -1 110 93 111 -1 93 110 109 -1 112 111 113 -1 111 112 110 -1 114 113 115 -1 113 114 112 -1 116 117 118 -1 118 119 120 -1 121 122 123 -1 122 121 124 -1 124 121 75 -1 124 75 74 -1 106 103 125 -1 125 126 116 -1 83 127 44 -1 128 85 129 -1 85 128 84 -1 130 45 84 -1 45 130 86 -1 131 47 86 -1 47 131 87 -1 89 87 132 -1 87 89 48 -1 133 89 134 -1 89 133 88 -1 90 135 50 -1 91 136 51 -1 111 57 94 -1 57 111 93 -1 137 88 133 -1 88 137 94 -1 95 97 138 -1 99 139 140 -1 113 94 137 -1 94 113 111 -1 115 137 141 -1 137 115 113 -1 118 117 119 -1 116 126 117 -1 120 119 142 -1 120 142 143 -1 143 144 145 -1 122 146 123 -1 146 122 147 -1 148 149 150 -1 91 148 136 -1 125 103 126 -1 83 151 127 -1 84 128 152 -1 151 153 127 -1 128 129 154 -1 130 84 152 -1 155 86 130 -1 86 155 131 -1 132 131 156 -1 131 132 87 -1 134 132 157 -1 132 134 89 -1 158 134 159 -1 134 158 133 -1 90 160 135 -1 141 133 158 -1 133 141 137 -1 138 97 161 -1 99 140 162 -1 163 164 165 -1 166 167 163 -1 165 168 169 -1 143 142 144 -1 145 144 170 -1 170 171 145 -1 147 172 146 -1 172 147 173 -1 174 175 149 -1 149 175 150 -1 148 150 136 -1 99 162 166 -1 152 128 176 -1 151 177 153 -1 177 178 153 -1 176 154 179 -1 154 176 128 -1 155 130 152 -1 156 155 180 -1 155 156 131 -1 157 156 181 -1 156 157 132 -1 159 157 182 -1 157 159 134 -1 183 184 185 -1 160 186 135 -1 138 161 184 -1 138 184 187 -1 165 164 168 -1 163 188 164 -1 163 167 188 -1 166 162 167 -1 169 168 189 -1 169 189 190 -1 190 189 191 -1 170 192 171 -1 193 194 174 -1 195 196 171 -1 197 198 199 -1 199 200 201 -1 200 199 198 -1 174 202 175 -1 152 203 204 -1 203 152 176 -1 186 205 135 -1 177 206 178 -1 203 179 207 -1 179 203 176 -1 155 152 180 -1 181 180 208 -1 180 181 156 -1 182 181 209 -1 181 182 157 -1 183 185 210 -1 211 184 183 -1 187 184 211 -1 212 213 214 -1 183 210 212 -1 214 215 216 -1 191 189 217 -1 192 195 171 -1 191 217 218 -1 174 194 202 -1 219 220 221 -1 222 223 224 -1 225 203 226 -1 203 225 204 -1 186 227 205 -1 152 204 228 -1 227 221 205 -1 180 152 208 -1 209 208 229 -1 208 209 181 -1 212 210 213 -1 214 213 215 -1 216 215 230 -1 216 230 231 -1 218 223 222 -1 218 217 223 -1 227 219 221 -1 232 204 225 -1 204 232 228 -1 208 152 228 -1 229 228 233 -1 228 229 208 -1 231 230 234 -1 231 234 235 -1 228 232 233 -1 "
									                >
										<Coordinate DEF="coords_ME_ID82"
										            point="24.540684 0.196850 8.455666 20.866140 0.472441 7.611513 24.540684 3.075787 1.851411 19.291338 0.787402 7.249733 27.165354 0.000000 8.696853 15.748032 0.000000 18.170887 20.866140 0.472441 7.611513 24.540684 0.196850 8.455666 20.866140 3.248031 1.667684 13.123360 0.246063 17.896191 19.291338 0.787402 7.249733 27.165354 2.952756 1.903904 19.685040 0.000000 18.582930 27.165354 0.000000 8.696853 19.291338 3.444882 1.588944 21.026421 4.845615 1.203825 24.540684 3.075787 1.851411 20.866140 3.248031 1.667684 24.632072 4.676600 1.384107 16.141733 1.417323 5.802615 31.102362 2.952756 1.982645 27.165354 2.952756 1.903904 27.212265 4.555654 1.435711 31.102362 0.000000 9.058632 13.123360 3.106545 22.612564 13.123360 0.246063 17.896191 15.748032 0.000000 18.170887 15.748032 2.952756 23.022015 19.685040 0.000000 18.582930 16.141733 1.417323 5.802615 19.524395 5.033369 1.128724 19.291338 3.444882 1.588944 21.180426 6.489592 0.945019 24.718456 6.323747 1.121920 9.448818 0.590551 16.934757 31.102362 2.952756 1.982645 31.107052 4.555654 1.513607 31.102362 0.000000 9.058632 27.256155 6.204792 1.172674 74.015747 0.000000 9.058632 31.102362 0.000000 9.058632 74.015747 0.000000 18.582930 9.448818 3.321850 21.179495 19.685040 2.952756 23.636187 16.141733 3.838583 1.273983 16.503998 5.410918 0.826684 16.141733 3.838583 1.273983 19.747942 6.668653 0.873394 21.301287 7.874016 0.903719 24.792847 7.874016 1.072723 15.354331 1.771654 5.440835 9.448818 0.590551 16.934757 74.015747 2.952756 1.982645 74.015747 4.555654 1.513607 31.109690 6.204792 1.249745 74.015747 2.952756 1.982645 74.015747 0.000000 9.058632 27.296331 7.874016 1.118965 74.015747 2.952756 1.982645 74.015747 0.000000 18.582930 74.015747 0.000000 9.058632 74.015747 2.952756 23.636187 74.015747 4.555654 1.513607 74.015747 12.795275 23.636187 74.015747 6.204792 1.249745 74.015747 7.874016 1.195243 74.015747 9.543240 1.249745 74.015747 11.192377 1.513607 74.015747 12.795275 1.982645 74.015747 15.748032 9.058632 74.015747 15.748032 18.582930 74.015747 2.952756 23.636187 74.015747 0.000000 18.582930 9.448818 3.321850 21.179495 7.874016 12.180118 20.565321 7.874016 3.567913 20.565321 9.448818 12.426181 21.179495 13.123360 3.106545 22.612564 13.123360 12.641486 22.612564 15.748032 2.952756 23.022015 15.748032 12.795275 23.022015 19.685040 2.952756 23.636187 19.685040 12.795275 23.636187 15.354331 1.771654 5.440835 15.850863 5.594613 0.761370 15.354331 4.060040 1.195243 16.855280 7.030235 0.584128 19.901144 7.874016 0.839633 24.718456 9.424285 1.121920 21.180426 9.258440 0.945019 7.874016 0.984252 16.522717 7.874016 3.567913 20.565321 74.015747 6.204792 1.249745 31.110235 7.874016 1.195243 27.256157 9.543240 1.172674 31.102362 15.748032 9.058632 74.015747 12.795275 1.982645 31.102362 12.795275 1.982645 74.015747 15.748032 9.058632 19.685040 15.748032 18.582930 74.015747 15.748032 9.058632 31.102362 15.748032 9.058632 74.015747 15.748032 18.582930 19.685040 15.748032 18.582930 74.015747 12.795275 23.636187 74.015747 15.748032 18.582930 19.685040 12.795275 23.636187 74.015747 2.952756 23.636187 74.015747 12.795275 23.636187 74.015747 7.874016 1.195243 74.015747 9.543240 1.249745 31.109690 9.543240 1.249745 74.015747 11.192377 1.513607 31.107052 11.192377 1.513607 74.015747 12.795275 1.982645 31.102362 12.795275 1.982645 13.123360 12.641486 22.612564 13.123360 15.501968 17.896191 9.448818 12.426181 21.179495 9.448818 15.157480 16.934757 7.874016 12.180118 20.565321 4.724409 4.060040 18.108629 3.937008 11.411171 17.494455 3.937008 4.336860 17.494455 4.724409 11.687992 18.108629 15.748032 12.795275 23.022015 15.748032 15.748032 18.170887 15.354331 4.060040 1.195243 13.782952 6.177127 0.347788 12.992126 4.724409 0.722802 16.330521 7.177824 0.531652 17.027428 7.874016 0.566659 19.747942 9.079379 0.873394 24.632072 11.071431 1.384107 21.026421 10.902416 1.203825 12.992126 2.834646 3.270158 7.874016 0.984252 16.522717 27.212265 11.192377 1.435711 27.165354 15.748032 8.696853 31.102362 15.748032 9.058632 27.165354 15.748032 8.696853 27.165354 12.795275 1.903904 7.874016 14.763780 16.522717 4.724409 11.687992 18.108629 4.724409 13.976377 14.874544 3.937008 11.411171 17.494455 1.312336 5.259596 13.399967 1.312336 10.488435 13.399967 4.724409 4.060040 18.108629 3.937008 4.336860 17.494455 4.724409 1.771654 14.874543 12.992126 2.834646 3.270158 14.784276 7.874016 0.205389 12.992126 4.724409 0.722802 12.729659 4.921260 0.670309 16.527746 7.874016 0.522154 16.855280 8.717796 0.584128 19.524395 10.714663 1.128724 24.540684 12.672244 1.851411 20.866140 12.500000 1.667684 4.724409 1.771654 14.874543 27.165354 12.795275 1.903904 24.540684 15.551181 8.455666 13.123360 15.501968 17.896191 16.141733 14.330709 5.802615 9.448818 15.157480 16.934757 15.748032 15.748032 18.170887 20.866140 15.275590 7.611513 15.354331 13.976377 5.440835 7.874016 14.763780 16.522717 3.937008 13.533464 14.462501 1.312336 10.488435 13.399967 0.000000 5.905512 8.281857 0.000000 9.842520 8.281857 1.312336 5.259596 13.399967 3.937008 2.214567 14.462501 13.087376 6.698810 0.000000 12.729659 3.149606 3.028971 12.729659 4.921260 0.670309 11.417322 5.905512 0.014141 16.330521 8.570208 0.531652 16.503998 10.337113 0.826684 19.291338 12.303149 1.588944 19.291338 14.960629 7.249733 24.540684 12.672244 1.851411 20.866140 12.500000 1.667684 3.937008 2.214567 14.462501 24.540684 15.551181 8.455666 19.291338 14.960629 7.249733 12.992126 12.913385 3.270158 4.724409 13.976377 14.874544 3.937008 13.533464 14.462501 1.574803 12.204723 11.990244 0.000000 5.905512 8.281857 1.312336 3.937008 11.715549 1.312336 11.811023 11.715549 0.000000 9.842520 8.281857 11.417322 9.842520 0.014141 11.417322 7.874016 0.014141 0.000000 9.842520 8.281857 11.417322 5.905512 0.014141 0.000000 5.905512 8.281857 1.574803 3.543307 11.990244 13.087376 7.874016 0.000000 13.087376 9.049221 0.000000 12.729659 3.149606 3.028971 11.417322 5.905512 0.014141 11.417322 7.874016 0.014141 15.850863 10.153419 0.761370 16.141733 11.909449 1.273983 19.291338 12.303149 1.588944 20.866140 15.275590 7.611513 16.141733 14.330709 5.802615 16.141733 11.909449 1.273983 15.354331 13.976377 5.440835 15.354331 11.687992 1.195243 12.992126 12.913385 3.270158 12.729659 12.598425 3.028971 1.574803 12.204723 11.990244 1.312336 3.937008 11.715549 0.000000 5.905512 8.281857 11.417322 5.905512 0.014141 1.312336 11.811023 11.715549 11.417322 9.842520 0.014141 0.000000 9.842520 8.281857 11.417322 9.842520 0.014141 11.417322 7.874016 0.014141 1.574803 3.543307 11.990244 13.782952 9.570904 0.347788 15.354331 11.687992 1.195243 12.992126 11.023623 0.722802 12.729659 12.598425 3.028971 12.729659 10.826772 0.670309 12.992126 11.023623 0.722802 12.729659 10.826772 0.670309 11.417322 9.842520 0.014141 "
										            />
									</IndexedFaceSet>
								</Shape>
							</Group>
						</Transform>
					</Transform>
				</Transform>
				<Transform DEF="group_11_TRANSFORM"
				           translation="141.023590 0.000001 0.014136"
				           scale="1.000000 1.000000 1.000000"
				           rotation="0.000000 0.000000 0.000000 0.000000"
				           >
					<Transform DEF="group_12_TRANSFORM"
					           translation="-30.629929 0.000001 -0.000016"
					           scale="1.000000 1.000000 1.000000"
					           rotation="0.000000 0.000000 0.000000 0.000000"
					           >
						<Transform DEF="group_12_ifs_TRANSFORM"
						           translation="-0.000015 0.000001 -0.000016"
						           scale="1.000000 1.000000 1.000000"
						           rotation="0.000000 0.000000 0.000000 0.000000"
						           >
							<Group DEF="group_ME_ID96">
								<Shape>
									<Appearance>
										<Material USE="MA_material_005" />
									</Appearance>
									<IndexedFaceSet solid="false"
									                coordIndex="0 1 2 -1 0 2 3 -1 4 1 0 -1 5 6 7 -1 3 2 8 -1 9 10 11 -1 12 1 4 -1 13 14 10 -1 15 6 5 -1 7 6 16 -1 3 8 17 -1 13 10 9 -1 9 11 18 -1 13 19 14 -1 20 21 1 -1 6 22 23 -1 22 6 15 -1 16 6 24 -1 17 8 25 -1 18 11 26 -1 27 28 29 -1 28 27 30 -1 30 27 31 -1 30 31 32 -1 33 19 13 -1 34 35 36 -1 37 38 39 -1 38 37 40 -1 38 40 41 -1 41 40 42 -1 41 42 43 -1 43 42 44 -1 43 44 45 -1 45 44 46 -1 46 44 47 -1 46 47 48 -1 48 47 49 -1 48 49 50 -1 48 50 51 -1 51 50 52 -1 52 50 53 -1 54 55 56 -1 55 54 57 -1 58 59 60 -1 59 58 61 -1 24 6 62 -1 17 25 63 -1 18 26 64 -1 65 32 31 -1 32 65 66 -1 66 65 67 -1 66 67 68 -1 69 70 71 -1 72 69 73 -1 29 74 75 -1 74 29 28 -1 33 76 19 -1 77 78 76 -1 78 77 79 -1 80 81 82 -1 81 80 83 -1 83 80 84 -1 84 80 85 -1 85 80 86 -1 86 80 87 -1 88 89 90 -1 89 88 91 -1 92 93 94 -1 93 92 95 -1 96 97 98 -1 97 96 99 -1 100 101 102 -1 101 100 103 -1 103 104 101 -1 104 103 105 -1 105 106 104 -1 106 105 107 -1 107 108 106 -1 108 107 109 -1 109 56 108 -1 56 109 54 -1 110 57 54 -1 57 110 111 -1 24 62 112 -1 63 25 113 -1 64 26 114 -1 115 68 67 -1 68 115 116 -1 117 118 119 -1 70 118 120 -1 121 64 114 -1 70 120 71 -1 69 71 73 -1 72 73 122 -1 123 72 124 -1 75 87 80 -1 87 75 74 -1 77 76 33 -1 91 123 89 -1 125 126 127 -1 99 128 97 -1 100 129 103 -1 129 100 130 -1 103 131 105 -1 131 103 129 -1 105 132 107 -1 132 105 131 -1 132 109 107 -1 109 132 133 -1 133 54 109 -1 54 133 110 -1 134 111 110 -1 111 134 135 -1 24 112 136 -1 113 25 137 -1 121 114 138 -1 139 121 138 -1 140 116 115 -1 116 140 141 -1 142 119 143 -1 117 119 142 -1 118 117 120 -1 144 145 146 -1 147 144 148 -1 72 122 124 -1 149 147 150 -1 123 124 89 -1 151 150 152 -1 128 153 97 -1 154 155 97 -1 130 156 129 -1 156 130 157 -1 129 158 131 -1 158 129 156 -1 131 159 132 -1 159 131 158 -1 159 158 160 -1 161 133 132 -1 133 161 162 -1 162 161 163 -1 162 110 133 -1 110 162 134 -1 164 135 134 -1 135 164 165 -1 136 112 166 -1 113 137 167 -1 139 138 168 -1 169 139 170 -1 171 172 173 -1 172 171 174 -1 174 171 175 -1 175 176 177 -1 176 175 171 -1 178 143 179 -1 142 143 180 -1 181 182 183 -1 145 181 183 -1 144 146 148 -1 145 183 146 -1 147 148 150 -1 184 149 150 -1 153 185 97 -1 154 186 155 -1 185 154 97 -1 157 187 188 -1 189 157 188 -1 157 189 190 -1 190 156 157 -1 156 191 158 -1 191 156 190 -1 192 193 132 -1 193 192 160 -1 160 194 193 -1 194 160 158 -1 194 158 191 -1 193 195 132 -1 195 193 163 -1 194 163 193 -1 163 194 162 -1 162 194 196 -1 196 134 162 -1 134 196 164 -1 197 165 164 -1 165 197 198 -1 136 166 199 -1 113 167 200 -1 139 168 170 -1 201 202 203 -1 204 205 206 -1 203 202 207 -1 208 209 210 -1 209 208 211 -1 209 211 212 -1 209 212 213 -1 180 143 178 -1 214 204 206 -1 182 215 216 -1 182 217 183 -1 154 218 186 -1 218 219 186 -1 189 220 190 -1 220 189 221 -1 190 222 191 -1 222 190 220 -1 191 223 194 -1 223 191 222 -1 223 196 194 -1 196 223 224 -1 224 164 196 -1 164 224 197 -1 225 198 197 -1 198 225 226 -1 199 166 227 -1 200 167 228 -1 200 228 201 -1 201 228 202 -1 229 230 231 -1 232 233 234 -1 208 210 235 -1 209 236 210 -1 215 214 237 -1 214 206 237 -1 215 237 216 -1 182 216 217 -1 218 238 219 -1 238 239 219 -1 221 240 220 -1 240 221 241 -1 220 242 222 -1 242 220 240 -1 242 240 243 -1 222 244 223 -1 244 222 242 -1 244 242 245 -1 244 224 223 -1 224 244 246 -1 246 244 247 -1 246 197 224 -1 197 246 225 -1 225 246 248 -1 249 226 225 -1 226 249 250 -1 251 227 252 -1 199 227 251 -1 251 253 232 -1 229 231 254 -1 232 255 233 -1 235 210 256 -1 236 257 210 -1 258 229 259 -1 238 258 239 -1 258 260 239 -1 241 261 240 -1 261 241 262 -1 243 263 245 -1 263 243 240 -1 263 240 261 -1 245 264 244 -1 264 245 263 -1 264 247 244 -1 247 264 265 -1 265 248 247 -1 248 265 225 -1 225 265 249 -1 210 250 249 -1 251 252 253 -1 232 253 255 -1 229 254 259 -1 256 210 262 -1 257 250 210 -1 258 259 260 -1 210 261 262 -1 210 263 261 -1 210 264 263 -1 210 265 264 -1 210 249 265 -1 "
									                >
										<Coordinate DEF="coords_ME_ID96"
										            point="88.357704 0.421822 17.097208 72.440941 0.000000 8.682712 75.065620 0.191929 8.441525 90.157486 0.590551 16.508575 83.858269 0.000000 17.882051 72.440941 0.000000 8.682712 68.503937 2.952756 1.968504 75.065620 0.191929 8.441525 78.740158 0.460630 7.597373 90.157486 3.321850 20.551180 88.357704 0.421822 17.097208 90.157486 0.590551 16.508575 82.733406 0.000000 18.078262 88.357704 3.216395 21.428572 83.858269 0.000000 17.882051 68.503937 0.000000 9.044491 78.740158 0.460630 7.597373 92.857140 1.265467 15.625626 92.857140 3.743673 19.235096 82.733406 0.000000 18.078262 82.733406 0.000000 18.078262 68.503937 0.000000 9.044491 -0.708661 -0.000000 9.044492 -0.708661 2.952756 1.968504 80.314957 0.767717 7.235593 80.314957 0.767717 7.235593 92.857140 1.265467 15.625626 90.157486 3.321850 20.551180 88.357704 12.531636 21.428572 88.357704 3.216395 21.428572 90.157486 12.426181 20.551180 92.857140 3.743673 19.235096 92.857140 12.004358 19.235094 82.733406 2.952756 22.890890 75.984253 0.000000 18.568789 68.503937 0.000000 9.044491 82.733406 0.000000 18.078262 -0.708661 0.000000 18.568789 -0.708661 2.952756 1.968504 -0.708661 -0.000000 9.044492 -0.708661 2.952756 23.622046 -0.708661 4.555654 1.499466 -0.708661 4.798228 23.622046 -0.708661 6.204792 1.235604 -0.708661 7.874016 23.622046 -0.708661 7.874016 1.181102 -0.708661 9.543240 1.235604 -0.708661 10.334645 23.622046 -0.708661 11.192377 1.499466 -0.708661 10.949802 23.622046 -0.708661 12.795275 23.622046 -0.708661 12.795275 1.968504 -0.708661 15.748032 9.044492 -0.708661 15.748032 18.568789 68.499245 4.555654 1.499466 -0.708661 2.952756 1.968504 -0.708661 4.555654 1.499466 68.503937 2.952756 1.968504 68.503937 0.000000 9.044491 -0.708661 0.000000 18.568789 -0.708661 -0.000000 9.044492 75.984253 0.000000 18.568789 72.440941 2.952756 1.889764 94.881889 1.771654 14.448360 94.881889 4.060040 17.480316 94.881889 4.060040 17.480316 94.881889 11.687992 17.480316 96.231720 4.534589 16.310461 96.231720 11.213442 16.310461 90.157486 12.426181 20.551180 92.857140 12.004358 19.235094 90.157486 15.157480 16.508575 88.357704 12.531636 21.428572 88.357704 15.326209 17.097208 82.733406 12.795275 22.890890 82.733406 2.952756 22.890890 75.984253 0.000000 18.568789 75.984253 2.952756 23.622046 -0.708661 0.000000 18.568789 -0.708661 2.952756 23.622046 75.984253 2.952756 23.622046 -0.708661 4.798228 23.622046 -0.708661 2.952756 23.622046 -0.708661 7.874016 23.622046 -0.708661 10.334645 23.622046 -0.708661 10.949802 23.622046 -0.708661 12.795275 23.622046 75.984253 12.795275 23.622046 -0.708661 12.795275 23.622046 75.984253 15.748032 18.568789 -0.708661 15.748032 18.568789 75.984253 12.795275 23.622046 -0.708661 15.748032 9.044492 75.984253 15.748032 18.568789 68.503937 15.748032 9.044492 -0.708661 15.748032 18.568789 -0.708661 15.748032 9.044492 68.503937 12.795276 1.968504 -0.708661 12.795275 1.968504 68.503937 15.748032 9.044492 68.503937 12.795276 1.968504 -0.708661 11.192377 1.499466 -0.708661 12.795275 1.968504 68.499245 11.192377 1.499466 -0.708661 9.543240 1.235604 68.496613 9.543240 1.235604 -0.708661 7.874016 1.181102 68.496063 7.874016 1.181102 -0.708661 6.204792 1.235604 68.496613 6.204792 1.235604 72.394966 4.555654 1.421552 72.440941 2.952756 1.889764 75.065620 3.072712 1.837270 96.231720 2.530934 13.663516 94.881889 1.771654 14.448360 98.481438 5.325506 12.654669 98.481438 10.422525 12.654669 94.881889 13.976377 14.448359 94.881889 11.687992 17.480316 96.231720 11.213442 16.310461 92.857140 14.482565 15.625627 96.231720 4.534589 16.310461 83.858269 15.748032 17.882051 82.733406 12.795275 22.890890 82.733406 15.748032 18.078262 75.984253 15.748032 18.568789 82.733406 15.748032 18.078262 68.503937 15.748032 9.044492 72.440941 15.748032 8.682712 72.394966 11.192377 1.421552 72.440941 12.795276 1.889764 72.352043 9.543240 1.158496 72.312843 7.874016 1.104767 72.352043 6.204792 1.158496 74.976097 4.673620 1.369929 75.065620 3.072712 1.837270 83.464561 1.381890 5.788475 83.464561 1.381890 5.788475 96.231720 2.530934 13.663516 98.481438 5.325506 12.654669 99.606300 5.905512 8.267716 99.606300 9.842520 8.267716 96.231720 13.217097 13.663516 98.481438 10.422525 12.654669 90.157486 15.157480 16.508575 92.857140 14.482565 15.625627 78.740158 15.287401 7.597373 88.357704 15.326209 17.097208 75.065620 15.556102 8.441525 83.858269 15.748032 17.882051 72.440941 15.748032 8.682712 82.733406 15.748032 18.078262 68.503937 15.748032 9.044492 75.065620 15.556102 8.441525 80.314964 14.980314 7.235593 72.440941 12.795276 1.889764 74.976097 11.074412 1.369929 75.065620 12.672244 1.837270 74.891632 9.427172 1.107704 74.813835 7.988312 1.062204 74.824303 7.988790 1.062026 74.813835 7.759719 1.062204 74.891632 6.320859 1.107704 74.824303 7.759242 1.062026 78.583267 4.838479 1.189571 78.740158 3.240650 1.653543 78.740158 3.240650 1.653543 84.251968 1.727362 5.426695 98.031502 3.543307 11.701407 99.606300 5.905512 8.267716 98.481438 4.218223 11.210880 99.606300 9.842520 8.267716 88.188972 9.805610 -0.000000 88.188972 9.842520 0.000000 88.188972 7.874016 0.000000 88.188972 7.837106 0.000000 99.606300 5.905512 8.267716 88.188972 5.905512 0.000000 98.481438 11.529809 11.210880 99.606300 9.842520 8.267716 98.031502 12.204723 11.701407 94.881889 13.976377 14.448359 96.231720 13.217097 13.663516 80.314964 14.980314 7.235593 82.733406 15.748032 18.078262 78.740158 15.287401 7.597373 75.065620 12.675320 1.837270 72.440941 12.795276 1.889764 75.065620 12.675320 1.837270 78.740158 12.507382 1.653543 78.583267 10.909553 1.189571 78.432755 9.265332 0.930648 74.813835 7.988312 1.062204 74.818924 7.874016 1.058382 78.314262 7.874016 0.889050 74.813835 7.759719 1.062204 78.432755 6.482699 0.930648 80.086769 5.021718 1.114395 80.314957 3.432579 1.574803 84.251968 1.727362 5.426695 98.031502 3.543307 11.701407 98.481438 4.218223 11.210880 86.876640 3.070866 3.014830 99.606300 5.905512 8.267716 99.606300 9.842520 8.267716 88.188972 9.842520 0.000000 86.876640 12.677165 3.014830 88.188972 5.905512 0.000000 88.188972 9.842520 0.000000 88.188972 5.905512 0.000000 84.799477 7.874016 0.195691 88.188972 9.805610 -0.000000 88.188972 7.874016 0.000000 88.188972 7.837106 0.000000 98.481438 11.529809 11.210880 98.031502 12.204723 11.701407 84.251968 14.020670 5.426695 83.464569 14.366142 5.788475 83.464569 14.366142 5.788475 78.740158 12.507382 1.653543 80.086769 10.726313 1.114395 80.314964 12.315452 1.574803 79.868240 9.090382 0.858873 79.717430 7.874016 0.824673 79.868240 6.657650 0.858873 83.109833 5.390154 0.812089 83.464561 3.816437 1.259843 80.314957 3.432579 1.574803 86.614174 2.763780 3.256017 86.876640 12.677165 3.014830 88.188972 9.842520 0.000000 86.876640 10.875984 0.656168 86.876640 3.070866 3.014830 86.876640 4.872047 0.656168 88.188972 5.905512 0.000000 86.876640 10.875984 0.656168 86.876640 4.872047 0.656168 86.614174 12.984252 3.256017 84.251968 14.020670 5.426695 80.314964 12.315452 1.574803 83.109833 10.357877 0.812089 83.464569 11.931595 1.259843 82.756310 8.738400 0.570067 82.767212 8.741377 0.569695 82.594505 7.874016 0.550960 82.766319 8.737179 0.569065 82.756302 7.009632 0.570067 82.766319 7.010853 0.569065 82.767212 7.006655 0.569695 83.765312 5.569897 0.746542 84.251968 4.032357 1.181102 86.614174 2.763780 3.256017 83.464561 3.816437 1.259843 84.251968 4.032357 1.181102 86.614174 11.067913 0.708661 86.614174 4.680118 0.708661 86.614174 11.067913 0.708661 86.614174 4.680118 0.708661 86.614174 12.984252 3.256017 84.251968 11.715673 1.181102 83.464569 11.931595 1.259843 83.765312 10.178134 0.746542 84.251968 11.715673 1.181102 83.295868 8.591968 0.516111 83.097473 7.874016 0.506010 83.295868 7.156064 0.516111 "
										            />
									</IndexedFaceSet>
								</Shape>
							</Group>
						</Transform>
					</Transform>
					<Transform DEF="group_12_001_TRANSFORM"
					           translation="-30.629929 0.000001 -0.000016"
					           scale="1.000000 1.000000 1.000000"
					           rotation="0.000000 0.000000 0.000000 0.000000"
					           >
						<Transform DEF="group_12_001_ifs_TRANSFORM"
						           translation="-0.000015 0.000001 -0.000016"
						           scale="1.000000 1.000000 1.000000"
						           rotation="0.000000 0.000000 0.000000 0.000000"
						           >
							<Group DEF="group_ME_ID102_001">
							</Group>
						</Transform>
					</Transform>
					<Transform DEF="group_12_002_TRANSFORM"
					           translation="-30.629929 0.000001 -0.000016"
					           scale="1.000000 1.000000 1.000000"
					           rotation="0.000000 0.000000 0.000000 0.000000"
					           >
						<Transform DEF="group_12_002_ifs_TRANSFORM"
						           translation="-0.000015 0.000001 -0.000016"
						           scale="1.000000 1.000000 1.000000"
						           rotation="0.000000 0.000000 0.000000 0.000000"
						           >
							<Group DEF="group_ME_ID106">
							</Group>
						</Transform>
					</Transform>
					<Transform DEF="group_13_TRANSFORM"
					           translation="57.559044 4.724411 -0.000017"
					           scale="1.000000 1.000000 1.000000"
					           rotation="0.000000 0.000000 0.000000 0.000000"
					           >
						<Transform DEF="group_5_002_TRANSFORM"
						           translation="-0.000004 1.181105 -0.000017"
						           scale="1.000000 1.000000 1.000000"
						           rotation="0.000000 0.000000 0.000000 0.000000"
						           >
							<Transform DEF="group_5_002_ifs_TRANSFORM"
							           translation="-0.000004 0.000000 -0.000017"
							           scale="1.000000 1.000000 1.000000"
							           rotation="0.000000 0.000000 0.000000 0.000000"
							           >
								<Group DEF="group_ME_ID112_002">
									<Shape>
										<Appearance>
											<Material USE="MA_material_005" />
										</Appearance>
										<IndexedFaceSet solid="false"
										                coordIndex="0 1 2 -1 1 0 3 -1 4 5 6 -1 5 4 7 -1 8 9 10 -1 9 8 11 -1 11 8 12 -1 11 12 13 -1 13 12 14 -1 13 14 15 -1 15 14 16 -1 15 16 17 -1 18 19 20 -1 19 18 21 -1 21 18 10 -1 21 10 9 -1 22 23 24 -1 23 22 25 -1 26 27 28 -1 27 26 29 -1 29 26 30 -1 29 30 31 -1 31 30 32 -1 31 32 33 -1 33 32 34 -1 33 34 35 -1 36 37 38 -1 37 36 39 -1 39 36 28 -1 39 28 27 -1 40 41 42 -1 41 40 43 -1 44 45 46 -1 45 44 47 -1 48 49 50 -1 49 48 51 -1 52 53 54 -1 53 52 55 -1 55 52 56 -1 55 56 57 -1 58 59 60 -1 59 58 61 -1 62 63 64 -1 63 62 65 -1 65 62 66 -1 66 62 67 -1 63 68 69 -1 68 63 65 -1 70 71 72 -1 71 70 73 -1 73 70 74 -1 74 70 75 -1 75 70 69 -1 75 69 68 -1 71 76 77 -1 76 71 73 -1 78 79 80 -1 79 78 81 -1 81 78 77 -1 81 77 76 -1 82 83 84 -1 83 82 85 -1 86 87 88 -1 87 86 89 -1 89 86 90 -1 90 86 91 -1 92 93 94 -1 93 92 95 -1 96 97 98 -1 97 96 99 -1 100 101 102 -1 101 100 103 -1 104 105 106 -1 105 104 107 -1 108 109 110 -1 109 108 111 -1 112 57 56 -1 57 112 113 -1 114 115 116 -1 115 114 117 -1 118 119 120 -1 119 118 121 -1 122 123 124 -1 123 122 125 -1 126 127 128 -1 127 126 129 -1 127 129 130 -1 127 130 131 -1 130 129 132 -1 130 132 133 -1 134 135 136 -1 135 134 137 -1 138 139 140 -1 139 138 141 -1 140 139 142 -1 142 139 143 -1 143 139 144 -1 145 140 142 -1 146 147 148 -1 147 146 149 -1 150 151 152 -1 151 150 153 -1 154 155 156 -1 155 154 157 -1 158 159 160 -1 159 158 161 -1 159 161 162 -1 162 161 163 -1 162 163 164 -1 162 164 165 -1 162 165 166 -1 167 168 169 -1 168 167 170 -1 171 172 173 -1 174 172 175 -1 172 174 173 -1 173 174 176 -1 176 174 177 -1 177 174 178 -1 178 174 179 -1 180 181 182 -1 181 180 183 -1 184 185 186 -1 185 184 187 -1 87 188 189 -1 188 87 89 -1 190 112 191 -1 112 190 113 -1 113 190 192 -1 192 190 193 -1 194 195 196 -1 195 194 197 -1 197 194 189 -1 197 189 188 -1 198 199 200 -1 199 198 201 -1 202 203 204 -1 203 202 205 -1 206 207 208 -1 207 206 209 -1 210 211 212 -1 211 210 213 -1 214 215 216 -1 215 214 217 -1 218 219 220 -1 219 218 221 -1 222 223 224 -1 223 222 225 -1 226 227 228 -1 227 226 229 -1 230 231 232 -1 231 230 233 -1 "
										                >
											<Coordinate DEF="coords_ME_ID112_002"
											            point="23.228346 0.000000 8.267716 18.503937 3.937008 8.267716 18.503937 0.000000 8.267716 23.228346 3.937008 8.267716 23.228346 3.937008 7.480315 23.228346 0.000000 8.267716 23.228346 0.000000 7.480315 23.228346 3.937008 8.267716 17.818935 3.937008 6.500865 24.015747 3.937008 5.905512 17.716536 3.937008 5.905512 23.913349 3.937008 6.500865 18.089094 3.937008 7.041184 23.643188 3.937008 7.041184 18.503937 3.937008 7.480315 23.228346 3.937008 7.480315 18.503937 3.937008 8.267716 23.228346 3.937008 8.267716 16.929134 3.937008 5.905512 24.803148 3.937008 0.000000 16.929134 3.937008 0.000000 24.803148 3.937008 5.905512 18.503937 3.937008 8.267716 18.503937 0.000000 7.480315 18.503937 0.000000 8.267716 18.503937 3.937008 7.480315 23.913349 0.000000 6.500865 17.716536 0.000000 5.905512 24.015747 0.000000 5.905512 17.818935 0.000000 6.500865 23.643188 0.000000 7.041184 18.089094 0.000000 7.041184 23.228346 0.000000 7.480315 18.503937 0.000000 7.480315 23.228346 0.000000 8.267716 18.503937 0.000000 8.267716 24.803148 0.000000 5.905512 16.929134 0.000000 0.000000 24.803148 0.000000 0.000000 16.929134 0.000000 5.905512 23.643188 3.937008 7.041184 23.228346 0.000000 7.480315 23.643188 0.000000 7.041184 23.228346 3.937008 7.480315 23.913349 3.937008 6.500865 23.643188 0.000000 7.041184 23.913349 0.000000 6.500865 23.643188 3.937008 7.041184 24.015747 3.937008 5.905512 23.913349 0.000000 6.500865 24.015747 0.000000 5.905512 23.913349 3.937008 6.500865 24.803148 0.000000 5.905512 24.015747 3.937008 5.905512 24.015747 0.000000 5.905512 24.803148 3.937008 5.905512 24.803148 0.393701 5.905512 24.803148 3.543307 5.905512 24.803148 3.937008 0.000000 24.803148 3.543307 5.905512 24.803148 3.543307 0.000000 24.803148 3.937008 5.905512 37.086613 3.937008 0.000000 28.740156 3.543307 0.000000 28.740156 3.937008 0.000000 28.740156 0.393701 0.000000 28.740156 0.000000 0.000000 37.086613 0.000000 0.000000 24.803148 0.393701 0.000000 24.803148 3.543307 0.000000 24.803148 3.937008 0.000000 16.929134 3.543307 0.000000 16.929134 3.937008 0.000000 16.929134 0.393701 0.000000 16.929134 0.000000 0.000000 24.803148 0.000000 0.000000 12.992126 0.393701 0.000000 12.992126 3.543307 0.000000 12.992126 3.937008 0.000000 0.000000 0.000000 0.000000 0.000000 3.937008 0.000000 12.992126 0.000000 0.000000 16.929134 3.937008 5.905512 16.929134 3.543307 0.000000 16.929134 3.543307 5.905512 16.929134 3.937008 0.000000 17.716536 0.000000 5.905512 16.929134 0.393701 5.905512 16.929134 0.000000 5.905512 16.929134 3.543307 5.905512 16.929134 3.937008 5.905512 17.716536 3.937008 5.905512 17.818935 3.937008 6.500865 17.716536 0.000000 5.905512 17.818935 0.000000 6.500865 17.716536 3.937008 5.905512 18.089094 3.937008 7.041184 17.818935 0.000000 6.500865 18.089094 0.000000 7.041184 17.818935 3.937008 6.500865 18.503937 3.937008 7.480315 18.089094 0.000000 7.041184 18.503937 0.000000 7.480315 18.089094 3.937008 7.041184 24.803148 0.393701 0.000000 24.803148 0.000000 5.905512 24.803148 0.000000 0.000000 24.803148 0.393701 5.905512 16.929134 0.393701 5.905512 16.929134 0.000000 0.000000 16.929134 0.000000 5.905512 16.929134 0.393701 0.000000 28.740156 0.393701 5.905512 28.740156 3.543307 5.905512 24.803148 3.543307 5.905512 28.740156 3.543307 0.000000 24.803148 3.543307 0.000000 28.740156 3.543307 5.905512 16.929134 0.393701 5.905512 12.992126 0.393701 0.000000 16.929134 0.393701 0.000000 12.992126 0.393701 5.905512 12.992126 0.393701 0.000000 12.992126 0.000000 5.905512 12.992126 0.000000 0.000000 12.992126 0.393701 5.905512 12.992126 0.000000 5.905512 0.000000 0.000000 0.000000 12.992126 0.000000 0.000000 12.204723 0.000000 5.905512 11.417322 0.000000 7.480315 11.417322 0.000000 8.267716 12.102325 0.000000 6.500865 11.832167 0.000000 7.041184 11.417322 0.000000 8.267716 0.000000 3.937008 0.000000 0.000000 0.000000 0.000000 11.417322 3.937008 8.267716 0.000000 3.937008 0.000000 11.417322 3.937008 7.480315 12.992126 3.937008 0.000000 11.417322 3.937008 8.267716 12.204723 3.937008 5.905512 12.102325 3.937008 6.500865 11.832167 3.937008 7.041184 12.992126 3.937008 5.905512 12.992126 3.937008 0.000000 12.992126 3.543307 5.905512 12.992126 3.543307 0.000000 12.992126 3.937008 5.905512 12.992126 3.543307 5.905512 16.929134 3.543307 0.000000 12.992126 3.543307 0.000000 16.929134 3.543307 5.905512 28.740156 3.937008 5.905512 28.740156 3.543307 0.000000 28.740156 3.543307 5.905512 28.740156 3.937008 0.000000 28.740156 3.937008 5.905512 37.086613 3.937008 0.000000 28.740156 3.937008 0.000000 29.527559 3.937008 5.905512 37.086613 3.937008 8.267716 29.629955 3.937008 6.500865 29.900118 3.937008 7.041184 30.314960 3.937008 7.480315 30.314960 3.937008 8.267716 37.086613 3.937008 0.000000 37.086613 0.000000 8.267716 37.086613 0.000000 0.000000 37.086613 3.937008 8.267716 28.740156 0.000000 5.905512 28.740156 0.000000 0.000000 29.527559 0.000000 5.905512 37.086613 0.000000 8.267716 37.086613 0.000000 0.000000 29.629955 0.000000 6.500865 29.900118 0.000000 7.041184 30.314960 0.000000 7.480315 30.314960 0.000000 8.267716 28.740156 0.393701 5.905512 28.740156 0.000000 0.000000 28.740156 0.000000 5.905512 28.740156 0.393701 0.000000 28.740156 0.393701 5.905512 24.803148 0.393701 0.000000 28.740156 0.393701 0.000000 24.803148 0.393701 5.905512 12.992126 3.543307 5.905512 12.992126 0.393701 5.905512 29.527559 0.000000 5.905512 28.740156 0.000000 5.905512 28.740156 3.937008 5.905512 29.527559 3.937008 5.905512 12.992126 0.000000 5.905512 12.204723 3.937008 5.905512 12.204723 0.000000 5.905512 12.992126 3.937008 5.905512 11.417322 3.937008 7.480315 11.417322 0.000000 8.267716 11.417322 0.000000 7.480315 11.417322 3.937008 8.267716 12.204723 3.937008 5.905512 12.102325 0.000000 6.500865 12.204723 0.000000 5.905512 12.102325 3.937008 6.500865 12.102325 3.937008 6.500865 11.832167 0.000000 7.041184 12.102325 0.000000 6.500865 11.832167 3.937008 7.041184 11.832167 3.937008 7.041184 11.417322 0.000000 7.480315 11.832167 0.000000 7.041184 11.417322 3.937008 7.480315 29.629955 3.937008 6.500865 29.527559 0.000000 5.905512 29.629955 0.000000 6.500865 29.527559 3.937008 5.905512 29.900118 3.937008 7.041184 29.629955 0.000000 6.500865 29.900118 0.000000 7.041184 29.629955 3.937008 6.500865 30.314960 3.937008 7.480315 29.900118 0.000000 7.041184 30.314960 0.000000 7.480315 29.900118 3.937008 7.041184 30.314960 3.937008 8.267716 30.314960 0.000000 7.480315 30.314960 0.000000 8.267716 30.314960 3.937008 7.480315 37.086613 0.000000 8.267716 30.314960 3.937008 8.267716 30.314960 0.000000 8.267716 37.086613 3.937008 8.267716 "
											            />
										</IndexedFaceSet>
									</Shape>
								</Group>
							</Transform>
						</Transform>
						<Transform DEF="instance_0_002_TRANSFORM"
						           translation="11.417316 6.299216 5.905500"
						           scale="1.000000 1.000000 1.000000"
						           rotation="0.000000 0.000000 -1.000000 1.570796"
						           >
							<Transform DEF="instance_0_002_ifs_TRANSFORM"
							           translation="-0.000003 -0.000004 -0.000010"
							           scale="1.000000 1.000000 1.000000"
							           rotation="0.000000 0.000000 0.000000 0.000000"
							           >
								<Group USE="group_ME_ID46_001" />
							</Transform>
						</Transform>
						<Transform DEF="instance_1_002_TRANSFORM"
						           translation="23.228340 6.299216 5.905500"
						           scale="1.000000 1.000000 1.000000"
						           rotation="0.000000 0.000000 -1.000000 1.570796"
						           >
							<Transform DEF="instance_1_002_ifs_TRANSFORM"
							           translation="-0.000002 -0.000001 -0.000010"
							           scale="1.000000 1.000000 1.000000"
							           rotation="0.000000 0.000000 0.000000 0.000000"
							           >
								<Group USE="group_ME_ID46_001" />
							</Transform>
						</Transform>
					</Transform>
				</Transform>
			</Transform>
			<Transform DEF="group_14_TRANSFORM"
			           translation="-48.289680 -87.342255 8.267716"
			           scale="1.000000 1.000000 1.000000"
			           rotation="0.000000 1.000000 0.000000 0.000000"
			           >
				<Transform DEF="group_14_ifs_TRANSFORM"
				           translation="-0.000004 -0.000008 0.000000"
				           scale="1.000000 1.000000 1.000000"
				           rotation="0.000000 1.000000 0.000000 0.000000"
				           >
					<Group DEF="group_ME_ID121">
					</Group>
				</Transform>
			</Transform>
			<Transform DEF="group_15_TRANSFORM"
			           translation="-214.588913 -87.342255 8.267716"
			           scale="1.000000 1.000000 1.000000"
			           rotation="0.000000 1.000000 0.000000 0.000000"
			           >
				<Transform DEF="group_15_ifs_TRANSFORM"
				           translation="-0.000015 -0.000008 0.000000"
				           scale="1.000000 1.000000 1.000000"
				           rotation="0.000000 1.000000 0.000000 0.000000"
				           >
					<Group DEF="group_ME_ID126">
					</Group>
				</Transform>
			</Transform>
			<Transform DEF="group_16_TRANSFORM"
			           translation="-183.486526 -92.499733 -0.000000"
			           scale="-1.000000 -1.000000 -1.000000"
			           rotation="-1.000000 0.000000 0.000000 3.141593"
			           >
				<Transform DEF="group_16_ifs_TRANSFORM"
				           translation="0.000015 -0.000008 -0.000000"
				           scale="1.000000 1.000000 1.000000"
				           rotation="0.000000 0.000000 0.000000 0.000000"
				           >
					<Group DEF="group_ME_ID131_002">
					</Group>
				</Transform>
			</Transform>
			<Transform DEF="group_17_TRANSFORM"
			           translation="-51.832985 -97.177704 -27.526756"
			           scale="1.000000 0.500000 1.000000"
			           rotation="1.000000 0.000000 0.000000 1.570796"
			           >
				<Transform DEF="group_17_ifs_TRANSFORM"
				           translation="-0.000008 0.000001 0.000013"
				           scale="1.000000 1.000000 1.000000"
				           rotation="-0.000000 0.000000 0.000000 0.000000"
				           >
					<Group DEF="group_ME_ID136_001">
					</Group>
				</Transform>
			</Transform>
			<Transform DEF="group_18_TRANSFORM"
			           translation="-59.707001 -95.531235 -0.000000"
			           scale="1.000000 1.000000 1.000000"
			           rotation="0.000000 1.000000 0.000000 0.000000"
			           >
				<Transform DEF="group_18_ifs_TRANSFORM"
				           translation="0.000000 -0.000008 -0.000000"
				           scale="1.000000 1.000000 1.000000"
				           rotation="0.000000 1.000000 0.000000 0.000000"
				           >
					<Group DEF="group_ME_ID141">
					</Group>
				</Transform>
			</Transform>
		</Transform>
		<Transform DEF="SketchUp_001_TRANSFORM"
		           translation="0.000000 0.000000 0.000000"
		           scale="0.025400 0.025400 0.025400"
		           rotation="-1.000000 0.000000 0.000000 1.570796"
		           >
			<Transform DEF="SketchUp_001_ifs_TRANSFORM"
			           translation="0.000000 0.000000 0.000000"
			           scale="1.000000 1.000000 1.000000"
			           rotation="0.000000 1.000000 0.000000 0.000000"
			           >
				<Group DEF="group_ME_ID149">
				</Group>
			</Transform>
		</Transform>
		<Transform DEF="SketchUp_002_TRANSFORM"
		           translation="0.000000 0.000000 0.000000"
		           scale="0.025400 0.025400 0.025400"
		           rotation="-1.000000 0.000000 0.000000 1.570796"
		           >
			<Transform DEF="SketchUp_002_ifs_TRANSFORM"
			           translation="0.000000 0.000000 0.000000"
			           scale="1.000000 1.000000 1.000000"
			           rotation="0.000000 1.000000 0.000000 0.000000"
			           >
				<Group DEF="group_ME_ID153">
				</Group>
			</Transform>
		</Transform>
		<Transform DEF="SketchUp_003_TRANSFORM"
		           translation="0.000000 0.000000 0.000000"
		           scale="0.025400 0.025400 0.025400"
		           rotation="-1.000000 0.000000 0.000000 1.570796"
		           >
			<Transform DEF="SketchUp_003_ifs_TRANSFORM"
			           translation="0.000000 0.000000 0.000000"
			           scale="1.000000 1.000000 1.000000"
			           rotation="0.000000 1.000000 0.000000 0.000000"
			           >
				<Group DEF="group_ME_ID157">
				</Group>
			</Transform>
		</Transform>
		<Transform DEF="SketchUp_004_TRANSFORM"
		           translation="0.000000 0.000000 0.000000"
		           scale="0.025400 0.025400 0.025400"
		           rotation="-1.000000 0.000000 0.000000 1.570796"
		           >
			<Transform DEF="SketchUp_004_ifs_TRANSFORM"
			           translation="0.000000 0.000000 0.000000"
			           scale="1.000000 1.000000 1.000000"
			           rotation="0.000000 1.000000 0.000000 0.000000"
			           >
				<Group DEF="group_ME_ID161">
				</Group>
			</Transform>
		</Transform>
		<Transform DEF="SketchUp_005_TRANSFORM"
		           translation="0.000000 0.000000 0.000000"
		           scale="0.025400 0.025400 0.025400"
		           rotation="-1.000000 0.000000 0.000000 1.570796"
		           >
			<Transform DEF="SketchUp_005_ifs_TRANSFORM"
			           translation="0.000000 0.000000 0.000000"
			           scale="1.000000 1.000000 1.000000"
			           rotation="0.000000 1.000000 0.000000 0.000000"
			           >
				<Group DEF="group_ME_ID165">
				</Group>
			</Transform>
		</Transform>
		<Transform DEF="SketchUp_006_TRANSFORM"
		           translation="0.000000 0.000000 0.000000"
		           scale="0.025400 0.025400 0.025400"
		           rotation="-1.000000 0.000000 0.000000 1.570796"
		           >
			<Transform DEF="SketchUp_006_ifs_TRANSFORM"
			           translation="0.000000 0.000000 0.000000"
			           scale="1.000000 1.000000 1.000000"
			           rotation="0.000000 1.000000 0.000000 0.000000"
			           >
				<Group DEF="group_ME_ID169">
				</Group>
			</Transform>
		</Transform>
		<Transform DEF="SketchUp_007_TRANSFORM"
		           translation="0.000000 0.000000 0.000000"
		           scale="0.025400 0.025400 0.025400"
		           rotation="-1.000000 0.000000 0.000000 1.570796"
		           >
			<Transform DEF="SketchUp_007_ifs_TRANSFORM"
			           translation="0.000000 0.000000 0.000000"
			           scale="1.000000 1.000000 1.000000"
			           rotation="0.000000 1.000000 0.000000 0.000000"
			           >
				<Group DEF="group_ME_ID173">
				</Group>
			</Transform>
		</Transform>
		<Transform DEF="SketchUp_008_TRANSFORM"
		           translation="0.000000 0.000000 0.000000"
		           scale="0.025400 0.025400 0.025400"
		           rotation="-1.000000 0.000000 0.000000 1.570796"
		           >
			<Transform DEF="SketchUp_008_ifs_TRANSFORM"
			           translation="0.000000 0.000000 0.000000"
			           scale="1.000000 1.000000 1.000000"
			           rotation="0.000000 1.000000 0.000000 0.000000"
			           >
				<Group DEF="group_ME_ID177">
				</Group>
			</Transform>
		</Transform>
		<Transform DEF="SketchUp_009_TRANSFORM"
		           translation="0.000000 0.000000 0.000000"
		           scale="0.025400 0.025400 0.025400"
		           rotation="-1.000000 0.000000 0.000000 1.570796"
		           >
			<Transform DEF="SketchUp_009_ifs_TRANSFORM"
			           translation="0.000000 0.000000 0.000000"
			           scale="1.000000 1.000000 1.000000"
			           rotation="0.000000 1.000000 0.000000 0.000000"
			           >
				<Group DEF="group_ME_ID181">
				</Group>
			</Transform>
		</Transform>
		<Transform DEF="SketchUp_010_TRANSFORM"
		           translation="0.000000 0.000000 0.000000"
		           scale="0.025400 0.025400 0.025400"
		           rotation="-1.000000 0.000000 0.000000 1.570796"
		           >
			<Transform DEF="SketchUp_010_ifs_TRANSFORM"
			           translation="0.000000 0.000000 0.000000"
			           scale="1.000000 1.000000 1.000000"
			           rotation="0.000000 1.000000 0.000000 0.000000"
			           >
				<Group DEF="group_ME_ID185">
				</Group>
			</Transform>
		</Transform>
		<Transform DEF="SketchUp_011_TRANSFORM"
		           translation="0.000000 0.000000 0.000000"
		           scale="0.025400 0.025400 0.025400"
		           rotation="-1.000000 0.000000 0.000000 1.570796"
		           >
			<Transform DEF="SketchUp_011_ifs_TRANSFORM"
			           translation="0.000000 0.000000 0.000000"
			           scale="1.000000 1.000000 1.000000"
			           rotation="0.000000 1.000000 0.000000 0.000000"
			           >
				<Group DEF="group_ME_ID189">
				</Group>
			</Transform>
		</Transform>
		<Transform DEF="SketchUp_012_TRANSFORM"
		           translation="0.000000 0.000000 0.000000"
		           scale="0.025400 0.025400 0.025400"
		           rotation="-1.000000 0.000000 0.000000 1.570796"
		           >
			<Transform DEF="SketchUp_012_ifs_TRANSFORM"
			           translation="0.000000 0.000000 0.000000"
			           scale="1.000000 1.000000 1.000000"
			           rotation="0.000000 1.000000 0.000000 0.000000"
			           >
				<Group DEF="group_ME_ID193">
				</Group>
			</Transform>
		</Transform>
		<Transform DEF="SketchUp_013_TRANSFORM"
		           translation="0.000000 0.000000 0.000000"
		           scale="0.025400 0.025400 0.025400"
		           rotation="-1.000000 0.000000 0.000000 1.570796"
		           >
			<Transform DEF="SketchUp_013_ifs_TRANSFORM"
			           translation="0.000000 0.000000 0.000000"
			           scale="1.000000 1.000000 1.000000"
			           rotation="0.000000 1.000000 0.000000 0.000000"
			           >
				<Group DEF="group_ME_ID197">
				</Group>
			</Transform>
		</Transform>
		<Transform DEF="SketchUp_014_TRANSFORM"
		           translation="0.000000 0.000000 0.000000"
		           scale="0.025400 0.025400 0.025400"
		           rotation="-1.000000 0.000000 0.000000 1.570796"
		           >
			<Transform DEF="SketchUp_014_ifs_TRANSFORM"
			           translation="0.000000 0.000000 0.000000"
			           scale="1.000000 1.000000 1.000000"
			           rotation="0.000000 1.000000 0.000000 0.000000"
			           >
				<Group DEF="group_ME_ID201">
				</Group>
			</Transform>
		</Transform>
		<Transform DEF="SketchUp_015_TRANSFORM"
		           translation="0.000000 0.000000 0.000000"
		           scale="0.025400 0.025400 0.025400"
		           rotation="-1.000000 0.000000 0.000000 1.570796"
		           >
			<Transform DEF="SketchUp_015_ifs_TRANSFORM"
			           translation="0.000000 0.000000 0.000000"
			           scale="1.000000 1.000000 1.000000"
			           rotation="0.000000 1.000000 0.000000 0.000000"
			           >
				<Group DEF="group_ME_ID205">
				</Group>
			</Transform>
		</Transform>
		<Transform DEF="SketchUp_016_TRANSFORM"
		           translation="0.000000 0.000000 0.000000"
		           scale="0.025400 0.025400 0.025400"
		           rotation="-1.000000 0.000000 0.000000 1.570796"
		           >
			<Transform DEF="SketchUp_016_ifs_TRANSFORM"
			           translation="0.000000 0.000000 0.000000"
			           scale="1.000000 1.000000 1.000000"
			           rotation="0.000000 1.000000 0.000000 0.000000"
			           >
				<Group DEF="group_ME_ID209">
				</Group>
			</Transform>
		</Transform>
		<Transform DEF="SketchUp_017_TRANSFORM"
		           translation="0.000000 0.000000 0.000000"
		           scale="0.025400 0.025400 0.025400"
		           rotation="-1.000000 0.000000 0.000000 1.570796"
		           >
			<Transform DEF="SketchUp_017_ifs_TRANSFORM"
			           translation="0.000000 0.000000 0.000000"
			           scale="1.000000 1.000000 1.000000"
			           rotation="0.000000 1.000000 0.000000 0.000000"
			           >
				<Group DEF="group_ME_ID213_001">
				</Group>
			</Transform>
		</Transform>
		<Transform DEF="SketchUp_018_TRANSFORM"
		           translation="0.000000 0.000000 0.000000"
		           scale="0.025400 0.025400 0.025400"
		           rotation="-1.000000 0.000000 0.000000 1.570796"
		           >
			<Transform DEF="SketchUp_018_ifs_TRANSFORM"
			           translation="0.000000 0.000000 0.000000"
			           scale="1.000000 1.000000 1.000000"
			           rotation="0.000000 1.000000 0.000000 0.000000"
			           >
				<Group DEF="group_ME_ID217">
				</Group>
			</Transform>
		</Transform>
		<Transform DEF="SketchUp_019_TRANSFORM"
		           translation="0.000000 0.000000 0.000000"
		           scale="0.025400 0.025400 0.025400"
		           rotation="-1.000000 0.000000 0.000000 1.570796"
		           >
			<Transform DEF="SketchUp_019_ifs_TRANSFORM"
			           translation="0.000000 0.000000 0.000000"
			           scale="1.000000 1.000000 1.000000"
			           rotation="0.000000 1.000000 0.000000 0.000000"
			           >
				<Group DEF="group_ME_ID221">
				</Group>
			</Transform>
		</Transform>
		<Transform DEF="SketchUp_020_TRANSFORM"
		           translation="0.000000 0.000000 0.000000"
		           scale="0.025400 0.025400 0.025400"
		           rotation="-1.000000 0.000000 0.000000 1.570796"
		           >
			<Transform DEF="SketchUp_020_ifs_TRANSFORM"
			           translation="0.000000 0.000000 0.000000"
			           scale="1.000000 1.000000 1.000000"
			           rotation="0.000000 1.000000 0.000000 0.000000"
			           >
				<Group DEF="group_ME_ID225">
				</Group>
			</Transform>
		</Transform>
	</Scene>
</X3D>