<?xml version="1.0" encoding="UTF-8"?>
<!DOCTYPE X3D PUBLIC "ISO//Web3D//DTD X3D 3.0//EN" "http://www.web3d.org/specifications/x3d-3.0.dtd">
<X3D version="3.0" profile="Immersive" xmlns:xsd="http://www.w3.org/2001/XMLSchema-instance" xsd:noNamespaceSchemaLocation="http://www.web3d.org/specifications/x3d-3.0.xsd">
	<head>
		<meta name="filename" content="20-1-2 柱側腳.x3d" />
		<meta name="created" content="2025-12-29 13:51:55" />
		<meta name="generator" content="Blender 4.2.2 LTS" />
		<meta name="translator" content="Web3D X3D/VRML2 format v2.5.1" />
	</head>
	<Scene>
		<NavigationInfo headlight="true"
		                visibilityLimit="0.0"
		                type='"EXAMINE", "ANY"'
		                avatarSize="0.25, 1.75, 0.75"
		                />
		<Background DEF="WO_World"
		            groundColor="0.051 0.051 0.051"
		            skyColor="0.051 0.051 0.051"
		            />
		<Transform DEF="SketchUp_TRANSFORM"
		           translation="0.000000 0.000000 0.000000"
		           scale="0.025400 0.025400 0.025400"
		           rotation="-1.000000 0.000000 0.000000 1.570796"
		           >
			<Transform DEF="SketchUp_ifs_TRANSFORM"
			           translation="0.000000 0.000000 0.000000"
			           scale="1.000000 1.000000 1.000000"
			           rotation="0.000000 1.000000 0.000000 0.000000"
			           >
				<Group DEF="group_ME_ID190">
				</Group>
			</Transform>
			<Transform DEF="group_0_TRANSFORM"
			           translation="-269.076416 -16.876310 106.299217"
			           scale="1.000000 1.000000 1.000000"
			           rotation="0.000000 1.000000 0.000000 0.000000"
			           >
				<Transform DEF="group_0_ifs_TRANSFORM"
				           translation="0.000000 0.000000 0.000015"
				           scale="1.000000 1.000000 1.000000"
				           rotation="0.000000 1.000000 0.000000 0.000000"
				           >
					<Group DEF="group_ME_ID3_001">
						<Shape>
							<Appearance>
								<Material DEF="MA_material_007"
								          diffuseColor="1.000 1.000 1.000"
								          specularColor="0.401 0.401 0.401"
								          emissiveColor="0.000 0.000 0.000"
								          ambientIntensity="0.000"
								          shininess="0.500"
								          transparency="0.000"
								          />
							</Appearance>
							<IndexedFaceSet solid="false"
							                coordIndex="0 1 2 -1 1 0 3 -1 4 5 6 -1 5 4 7 -1 7 4 8 -1 7 8 9 -1 9 8 10 -1 9 10 11 -1 11 10 12 -1 11 12 13 -1 13 12 14 -1 13 14 15 -1 15 14 16 -1 15 16 17 -1 18 2 19 -1 2 18 0 -1 20 21 22 -1 21 20 23 -1 23 20 24 -1 23 24 25 -1 25 24 26 -1 25 26 27 -1 27 26 28 -1 27 28 29 -1 29 28 30 -1 29 30 31 -1 31 30 32 -1 31 32 33 -1 34 35 36 -1 35 34 37 -1 38 39 40 -1 39 38 41 -1 41 42 39 -1 42 41 43 -1 43 44 42 -1 44 43 45 -1 45 46 44 -1 46 45 47 -1 46 48 49 -1 48 46 47 -1 50 51 52 -1 51 50 53 -1 54 55 56 -1 55 54 57 -1 58 59 60 -1 59 58 61 -1 62 63 64 -1 63 62 65 -1 65 66 63 -1 66 65 67 -1 67 19 66 -1 19 67 18 -1 "
							                >
								<Coordinate DEF="coords_ME_ID3_001"
								            point="18.081432 7.874016 11.811023 89.645668 7.874016 0.000000 18.081432 7.874016 0.000000 89.645668 7.874016 11.811023 5.483007 5.905512 0.000000 -0.883963 1.968504 0.000000 -0.883963 5.905512 0.000000 5.483007 1.968504 0.000000 6.742849 6.692913 0.000000 6.742849 1.181102 0.000000 9.262535 7.283464 0.000000 9.262535 0.590551 0.000000 13.042063 7.677166 0.000000 13.042063 0.196850 0.000000 18.081432 7.874016 0.000000 18.081432 0.000000 0.000000 89.645668 7.874016 0.000000 89.645668 0.000000 0.000000 13.042063 7.677166 11.811023 13.042063 7.677166 0.000000 5.483007 1.968504 11.811023 -0.883963 5.905512 11.811023 -0.883963 1.968504 11.811023 5.483007 5.905512 11.811023 6.742849 1.181102 11.811023 6.742849 6.692913 11.811023 9.262535 0.590551 11.811023 9.262535 7.283464 11.811023 13.042063 0.196850 11.811023 13.042063 7.677166 11.811023 18.081432 0.000000 11.811023 18.081432 7.874016 11.811023 89.645668 0.000000 11.811023 89.645668 7.874016 11.811023 89.645668 7.874016 0.000000 89.645668 0.000000 11.811023 89.645668 0.000000 0.000000 89.645668 7.874016 11.811023 89.645668 0.000000 11.811023 18.081432 0.000000 0.000000 89.645668 0.000000 0.000000 18.081432 0.000000 11.811023 13.042063 0.196850 0.000000 13.042063 0.196850 11.811023 9.262535 0.590551 0.000000 9.262535 0.590551 11.811023 6.742849 1.181102 0.000000 6.742849 1.181102 11.811023 5.483007 1.968504 11.811023 5.483007 1.968504 0.000000 5.483007 1.968504 11.811023 -0.883963 1.968504 0.000000 5.483007 1.968504 0.000000 -0.883963 1.968504 11.811023 -0.883963 5.905512 11.811023 -0.883963 1.968504 0.000000 -0.883963 1.968504 11.811023 -0.883963 5.905512 0.000000 -0.883963 5.905512 11.811023 5.483007 5.905512 0.000000 -0.883963 5.905512 0.000000 5.483007 5.905512 11.811023 5.483007 5.905512 11.811023 6.742849 6.692913 0.000000 5.483007 5.905512 0.000000 6.742849 6.692913 11.811023 9.262535 7.283464 0.000000 9.262535 7.283464 11.811023 "
								            />
							</IndexedFaceSet>
						</Shape>
					</Group>
				</Transform>
			</Transform>
			<Transform DEF="group_1_TRANSFORM"
			           translation="-269.076416 17.611877 106.299217"
			           scale="1.000000 1.000000 1.000000"
			           rotation="0.000000 1.000000 0.000000 0.000000"
			           >
				<Transform DEF="group_1_ifs_TRANSFORM"
				           translation="0.000000 0.000002 0.000015"
				           scale="1.000000 1.000000 1.000000"
				           rotation="0.000000 1.000000 0.000000 0.000000"
				           >
					<Group DEF="group_ME_ID12_003">
						<Shape>
							<Appearance>
								<Material USE="MA_material_007" />
							</Appearance>
							<IndexedFaceSet solid="false"
							                coordIndex="0 1 2 -1 1 0 3 -1 3 0 4 -1 4 0 5 -1 1 6 7 -1 6 1 3 -1 1 8 2 -1 9 8 10 -1 8 9 2 -1 2 9 0 -1 0 9 11 -1 11 5 0 -1 12 4 5 -1 4 12 13 -1 14 15 16 -1 15 14 17 -1 17 14 18 -1 17 18 19 -1 19 18 20 -1 19 20 21 -1 22 23 24 -1 23 22 25 -1 25 22 26 -1 25 26 27 -1 27 26 28 -1 27 28 29 -1 29 28 30 -1 29 30 31 -1 31 30 32 -1 31 32 33 -1 33 32 34 -1 33 34 35 -1 35 34 36 -1 35 36 37 -1 1 7 8 -1 38 39 40 -1 39 38 41 -1 41 38 42 -1 41 42 43 -1 43 42 44 -1 43 44 45 -1 45 44 46 -1 45 46 47 -1 47 46 48 -1 47 48 49 -1 49 48 50 -1 49 50 51 -1 52 10 53 -1 10 52 9 -1 12 5 11 -1 54 51 50 -1 51 54 55 -1 56 57 58 -1 57 56 59 -1 58 60 61 -1 60 58 62 -1 62 58 63 -1 63 58 57 -1 61 64 65 -1 64 61 60 -1 60 66 64 -1 62 67 66 -1 67 62 68 -1 68 62 63 -1 68 63 69 -1 68 70 67 -1 70 68 71 -1 71 72 70 -1 72 71 73 -1 72 74 75 -1 74 72 73 -1 74 76 75 -1 76 74 77 -1 78 79 80 -1 79 78 81 -1 82 83 84 -1 83 82 85 -1 85 86 83 -1 86 85 87 -1 87 53 86 -1 53 87 52 -1 69 57 59 -1 62 66 60 -1 69 63 57 -1 "
							                >
								<Coordinate DEF="coords_ME_ID12_003"
								            point="18.081432 7.874016 9.842520 26.783260 7.874016 1.924956 18.081432 7.874016 1.924956 89.645668 7.874016 1.924956 89.645668 7.874016 9.842520 26.314358 7.874016 9.842520 89.645668 7.480315 0.000000 26.314358 7.480315 0.000000 18.081432 7.874016 0.000000 13.042063 7.677166 11.811023 13.042063 7.677166 0.000000 18.081432 7.874016 11.811023 26.314358 7.480315 11.811023 89.645668 7.480315 11.811023 89.645668 0.393701 0.000000 89.645668 0.000000 9.842520 89.645668 0.000000 1.924956 89.645668 0.393701 11.811023 89.645668 7.480315 0.000000 89.645668 7.480315 11.811023 89.645668 7.874016 1.924956 89.645668 7.874016 9.842520 5.483007 5.905512 0.000000 -0.883963 1.968504 0.000000 -0.883963 5.905512 0.000000 5.483007 1.968504 0.000000 6.742849 6.692913 0.000000 6.742849 1.181102 0.000000 9.262535 7.283464 0.000000 9.262535 0.590551 0.000000 13.042063 7.677166 0.000000 13.042063 0.196850 0.000000 18.081432 7.874016 0.000000 18.081432 0.000000 0.000000 26.314358 7.480315 0.000000 26.314358 0.393701 0.000000 89.645668 7.480315 0.000000 89.645668 0.393701 0.000000 5.483007 1.968504 11.811023 -0.883963 5.905512 11.811023 -0.883963 1.968504 11.811023 5.483007 5.905512 11.811023 6.742849 1.181102 11.811023 6.742849 6.692913 11.811023 9.262535 0.590551 11.811023 9.262535 7.283464 11.811023 13.042063 0.196850 11.811023 13.042063 7.677166 11.811023 18.081432 0.000000 11.811023 18.081432 7.874016 11.811023 26.314358 0.393701 11.811023 26.314358 7.480315 11.811023 9.262535 7.283464 11.811023 9.262535 7.283464 0.000000 89.645668 0.393701 11.811023 89.645668 7.480315 11.811023 89.645668 0.393701 11.811023 26.314358 0.000000 9.842520 89.645668 0.000000 9.842520 26.314358 0.393701 11.811023 26.314358 0.000000 1.924956 89.645668 0.000000 1.924956 18.081432 0.000000 1.924956 18.081432 0.000000 9.842520 26.314358 0.393701 0.000000 89.645668 0.393701 0.000000 18.081432 0.000000 0.000000 13.042063 0.196850 0.000000 13.042063 0.196850 11.811023 18.081432 0.000000 11.811023 9.262535 0.590551 0.000000 9.262535 0.590551 11.811023 6.742849 1.181102 0.000000 6.742849 1.181102 11.811023 5.483007 1.968504 11.811023 5.483007 1.968504 0.000000 -0.883963 1.968504 0.000000 -0.883963 1.968504 11.811023 -0.883963 5.905512 11.811023 -0.883963 1.968504 0.000000 -0.883963 1.968504 11.811023 -0.883963 5.905512 0.000000 -0.883963 5.905512 11.811023 5.483007 5.905512 0.000000 -0.883963 5.905512 0.000000 5.483007 5.905512 11.811023 6.742849 6.692913 0.000000 6.742849 6.692913 11.811023 "
								            />
							</IndexedFaceSet>
						</Shape>
					</Group>
				</Transform>
			</Transform>
			<Transform DEF="group_2_TRANSFORM"
			           translation="-269.076416 18.005579 83.858269"
			           scale="1.000000 0.900000 0.900000"
			           rotation="0.000000 1.000000 0.000000 0.000000"
			           >
				<Transform DEF="group_2_ifs_TRANSFORM"
				           translation="0.000000 0.000000 -0.000008"
				           scale="1.000000 1.000000 1.000000"
				           rotation="0.000000 1.000000 0.000000 0.000000"
				           >
					<Group DEF="group_ME_ID19_001">
						<Shape>
							<Appearance>
								<Material USE="MA_material_007" />
							</Appearance>
							<IndexedFaceSet solid="false"
							                coordIndex="0 1 2 -1 1 0 3 -1 3 0 4 -1 4 0 5 -1 1 6 7 -1 6 1 3 -1 1 8 2 -1 9 8 10 -1 8 9 2 -1 2 9 0 -1 0 9 11 -1 11 5 0 -1 12 4 5 -1 4 12 13 -1 14 15 16 -1 15 14 17 -1 17 14 18 -1 17 18 19 -1 19 18 20 -1 19 20 21 -1 22 23 24 -1 23 22 25 -1 25 22 26 -1 25 26 27 -1 27 26 28 -1 27 28 29 -1 29 28 30 -1 29 30 31 -1 31 30 32 -1 31 32 33 -1 33 32 34 -1 33 34 35 -1 35 34 36 -1 35 36 37 -1 1 7 8 -1 38 39 40 -1 39 38 41 -1 41 38 42 -1 41 42 43 -1 43 42 44 -1 43 44 45 -1 45 44 46 -1 45 46 47 -1 47 46 48 -1 47 48 49 -1 49 48 50 -1 49 50 51 -1 52 10 53 -1 10 52 9 -1 12 5 11 -1 54 51 50 -1 51 54 55 -1 56 57 58 -1 57 56 59 -1 58 60 61 -1 60 58 62 -1 62 58 63 -1 63 58 57 -1 61 64 65 -1 64 61 60 -1 60 66 64 -1 62 67 66 -1 67 62 68 -1 68 62 63 -1 68 63 69 -1 68 70 67 -1 70 68 71 -1 71 72 70 -1 72 71 73 -1 72 74 75 -1 74 72 73 -1 76 77 78 -1 77 76 79 -1 80 81 82 -1 81 80 83 -1 84 85 86 -1 85 84 87 -1 88 89 90 -1 89 88 91 -1 91 53 89 -1 53 91 52 -1 69 57 59 -1 62 66 60 -1 69 63 57 -1 "
							                >
								<Coordinate DEF="coords_ME_ID19_001"
								            point="18.081432 7.874016 9.842520 26.783260 7.874016 1.924956 18.081432 7.874016 1.924956 89.645668 7.874016 1.924956 89.645668 7.874016 9.842520 26.314358 7.874016 9.842520 89.645668 7.480315 0.000000 26.314358 7.480315 0.000000 18.081432 7.874016 0.000000 13.042063 7.677166 11.811023 13.042063 7.677166 0.000000 18.081432 7.874016 11.811023 26.314358 7.480315 11.811023 89.645668 7.480315 11.811023 89.645668 0.393701 0.000000 89.645668 0.000000 9.842520 89.645668 0.000000 1.924956 89.645668 0.393701 11.811023 89.645668 7.480315 0.000000 89.645668 7.480315 11.811023 89.645668 7.874016 1.924956 89.645668 7.874016 9.842520 5.483007 5.905512 0.000000 -0.883963 1.968504 0.000000 -0.883963 5.905512 0.000000 5.483007 1.968504 0.000000 6.742849 6.692913 0.000000 6.742849 1.181102 0.000000 9.262535 7.283464 0.000000 9.262535 0.590551 0.000000 13.042063 7.677166 0.000000 13.042063 0.196850 0.000000 18.081432 7.874016 0.000000 18.081432 0.000000 0.000000 26.314358 7.480315 0.000000 26.314358 0.393701 0.000000 89.645668 7.480315 0.000000 89.645668 0.393701 0.000000 5.483007 1.968504 11.811023 -0.883963 5.905512 11.811023 -0.883963 1.968504 11.811023 5.483007 5.905512 11.811023 6.742849 1.181102 11.811023 6.742849 6.692913 11.811023 9.262535 0.590551 11.811023 9.262535 7.283464 11.811023 13.042063 0.196850 11.811023 13.042063 7.677166 11.811023 18.081432 0.000000 11.811023 18.081432 7.874016 11.811023 26.314358 0.393701 11.811023 26.314358 7.480315 11.811023 9.262535 7.283464 11.811023 9.262535 7.283464 0.000000 89.645668 0.393701 11.811023 89.645668 7.480315 11.811023 89.645668 0.393701 11.811023 26.314358 0.000000 9.842520 89.645668 0.000000 9.842520 26.314358 0.393701 11.811023 26.314358 0.000000 1.924956 89.645668 0.000000 1.924956 18.081432 0.000000 1.924956 18.081432 0.000000 9.842520 26.314358 0.393701 0.000000 89.645668 0.393701 0.000000 18.081432 0.000000 0.000000 13.042063 0.196850 0.000000 13.042063 0.196850 11.811023 18.081432 0.000000 11.811023 9.262535 0.590551 0.000000 9.262535 0.590551 11.811023 6.742849 1.181102 0.000000 6.742849 1.181102 11.811023 5.483007 1.968504 11.811023 5.483007 1.968504 0.000000 5.483007 1.968504 11.811023 -0.883963 1.968504 0.000000 5.483007 1.968504 0.000000 -0.883963 1.968504 11.811023 -0.883963 5.905512 11.811023 -0.883963 1.968504 0.000000 -0.883963 1.968504 11.811023 -0.883963 5.905512 0.000000 -0.883963 5.905512 11.811023 5.483007 5.905512 0.000000 -0.883963 5.905512 0.000000 5.483007 5.905512 11.811023 5.483007 5.905512 11.811023 6.742849 6.692913 0.000000 5.483007 5.905512 0.000000 6.742849 6.692913 11.811023 "
								            />
							</IndexedFaceSet>
						</Shape>
					</Group>
				</Transform>
			</Transform>
			<Transform DEF="group_3_TRANSFORM"
			           translation="-269.076416 -16.482609 83.858269"
			           scale="1.000000 0.900000 0.900000"
			           rotation="0.000000 1.000000 0.000000 0.000000"
			           >
				<Transform DEF="group_3_ifs_TRANSFORM"
				           translation="0.000000 0.000000 -0.000008"
				           scale="1.000000 1.000000 1.000000"
				           rotation="0.000000 1.000000 0.000000 0.000000"
				           >
					<Group DEF="group_ME_ID26_002">
						<Shape>
							<Appearance>
								<Material USE="MA_material_007" />
							</Appearance>
							<IndexedFaceSet solid="false"
							                coordIndex="0 1 2 -1 1 0 3 -1 4 5 6 -1 5 4 7 -1 7 4 8 -1 7 8 9 -1 9 8 10 -1 9 10 11 -1 11 10 12 -1 11 12 13 -1 13 12 14 -1 13 14 15 -1 15 14 16 -1 15 16 17 -1 18 2 19 -1 2 18 0 -1 20 21 22 -1 21 20 23 -1 23 20 24 -1 23 24 25 -1 25 24 26 -1 25 26 27 -1 27 26 28 -1 27 28 29 -1 29 28 30 -1 29 30 31 -1 31 30 32 -1 31 32 33 -1 34 35 36 -1 35 34 37 -1 38 39 40 -1 39 38 41 -1 41 42 39 -1 42 41 43 -1 43 44 42 -1 44 43 45 -1 45 46 44 -1 46 45 47 -1 46 48 49 -1 48 46 47 -1 50 51 52 -1 51 50 53 -1 54 55 56 -1 55 54 57 -1 58 59 60 -1 59 58 61 -1 62 63 64 -1 63 62 65 -1 65 66 63 -1 66 65 67 -1 67 19 66 -1 19 67 18 -1 "
							                >
								<Coordinate DEF="coords_ME_ID26_002"
								            point="18.081432 7.874016 11.811023 89.645668 7.874016 0.000000 18.081432 7.874016 0.000000 89.645668 7.874016 11.811023 5.483007 5.905512 0.000000 -0.883963 1.968504 0.000000 -0.883963 5.905512 0.000000 5.483007 1.968504 0.000000 6.742849 6.692913 0.000000 6.742849 1.181102 0.000000 9.262535 7.283464 0.000000 9.262535 0.590551 0.000000 13.042063 7.677166 0.000000 13.042063 0.196850 0.000000 18.081432 7.874016 0.000000 18.081432 0.000000 0.000000 89.645668 7.874016 0.000000 89.645668 0.000000 0.000000 13.042063 7.677166 11.811023 13.042063 7.677166 0.000000 5.483007 1.968504 11.811023 -0.883963 5.905512 11.811023 -0.883963 1.968504 11.811023 5.483007 5.905512 11.811023 6.742849 1.181102 11.811023 6.742849 6.692913 11.811023 9.262535 0.590551 11.811023 9.262535 7.283464 11.811023 13.042063 0.196850 11.811023 13.042063 7.677166 11.811023 18.081432 0.000000 11.811023 18.081432 7.874016 11.811023 89.645668 0.000000 11.811023 89.645668 7.874016 11.811023 89.645668 7.874016 0.000000 89.645668 0.000000 11.811023 89.645668 0.000000 0.000000 89.645668 7.874016 11.811023 89.645668 0.000000 11.811023 18.081432 0.000000 0.000000 89.645668 0.000000 0.000000 18.081432 0.000000 11.811023 13.042063 0.196850 0.000000 13.042063 0.196850 11.811023 9.262535 0.590551 0.000000 9.262535 0.590551 11.811023 6.742849 1.181102 0.000000 6.742849 1.181102 11.811023 5.483007 1.968504 11.811023 5.483007 1.968504 0.000000 5.483007 1.968504 11.811023 -0.883963 1.968504 0.000000 5.483007 1.968504 0.000000 -0.883963 1.968504 11.811023 -0.883963 5.905512 11.811023 -0.883963 1.968504 0.000000 -0.883963 1.968504 11.811023 -0.883963 5.905512 0.000000 -0.883963 5.905512 11.811023 5.483007 5.905512 0.000000 -0.883963 5.905512 0.000000 5.483007 5.905512 11.811023 5.483007 5.905512 11.811023 6.742849 6.692913 0.000000 5.483007 5.905512 0.000000 6.742849 6.692913 11.811023 9.262535 7.283464 0.000000 9.262535 7.283464 11.811023 "
								            />
							</IndexedFaceSet>
						</Shape>
					</Group>
				</Transform>
			</Transform>
			<Transform DEF="group_4_TRANSFORM"
			           translation="-223.984772 -39.868435 0.000000"
			           scale="1.000000 1.000000 1.000000"
			           rotation="0.000000 1.000000 0.000000 0.000000"
			           >
				<Transform DEF="group_4_ifs_TRANSFORM"
				           translation="-0.000015 -0.000004 0.000000"
				           scale="1.000000 1.000000 1.000000"
				           rotation="0.000000 1.000000 0.000000 0.000000"
				           >
					<Group DEF="group_ME_ID33_001">
						<Shape>
							<Appearance>
								<Material USE="MA_material_007" />
							</Appearance>
							<IndexedFaceSet solid="false"
							                coordIndex="0 1 2 -1 1 0 3 -1 4 5 6 -1 5 4 7 -1 7 4 8 -1 8 4 9 -1 9 4 10 -1 10 4 11 -1 11 4 12 -1 12 4 13 -1 14 15 16 -1 15 14 17 -1 18 19 20 -1 19 18 21 -1 21 18 22 -1 21 22 23 -1 21 23 24 -1 21 24 25 -1 21 25 26 -1 21 26 27 -1 2 28 29 -1 28 2 1 -1 30 31 32 -1 31 30 33 -1 34 35 36 -1 35 34 37 -1 38 39 40 -1 39 38 41 -1 42 43 44 -1 43 42 45 -1 28 46 29 -1 46 28 47 -1 48 49 50 -1 49 48 51 -1 50 30 32 -1 30 50 49 -1 "
							                >
								<Coordinate DEF="coords_ME_ID33_001"
								            point="-53.298443 0.000000 7.086615 -53.715969 4.724409 7.016146 -53.715969 0.000000 7.016146 -53.298443 4.724409 7.086615 51.259842 0.000000 7.086615 -54.873249 0.000000 0.000000 51.259842 0.000000 0.000000 -54.873249 0.000000 5.511811 -54.802784 0.000000 5.929335 -54.503368 0.000000 6.228744 -54.085846 0.000000 6.299213 -54.015381 0.000000 6.716736 -53.715969 0.000000 7.016146 -53.298443 0.000000 7.086615 51.259842 0.000000 7.086615 -53.298443 4.724409 7.086615 -53.298443 0.000000 7.086615 51.259842 4.724409 7.086615 -54.873249 4.724409 5.511811 51.259842 4.724409 0.000000 -54.873249 4.724409 0.000000 51.259842 4.724409 7.086615 -54.802784 4.724409 5.929335 -54.503368 4.724409 6.228744 -54.085846 4.724409 6.299213 -54.015381 4.724409 6.716736 -53.715969 4.724409 7.016146 -53.298443 4.724409 7.086615 -54.015381 4.724409 6.716736 -54.015381 0.000000 6.716736 -54.802784 4.724409 5.929335 -54.873249 0.000000 5.511811 -54.802784 0.000000 5.929335 -54.873249 4.724409 5.511811 -54.873249 4.724409 5.511811 -54.873249 0.000000 0.000000 -54.873249 0.000000 5.511811 -54.873249 4.724409 0.000000 51.259842 4.724409 0.000000 -54.873249 0.000000 0.000000 -54.873249 4.724409 0.000000 51.259842 0.000000 0.000000 51.259842 4.724409 0.000000 51.259842 0.000000 7.086615 51.259842 0.000000 0.000000 51.259842 4.724409 7.086615 -54.085846 0.000000 6.299213 -54.085846 4.724409 6.299213 -54.085846 0.000000 6.299213 -54.503368 4.724409 6.228744 -54.503368 0.000000 6.228744 -54.085846 4.724409 6.299213 "
								            />
							</IndexedFaceSet>
						</Shape>
					</Group>
				</Transform>
			</Transform>
			<Transform DEF="group_5_TRANSFORM"
			           translation="70.307335 54.461498 -7.127565"
			           scale="1.000000 1.000000 1.000000"
			           rotation="0.000000 0.000000 -1.000000 1.570796"
			           >
				<Transform DEF="group_5_ifs_TRANSFORM"
				           translation="-0.000006 -0.000004 -0.000001"
				           scale="1.000000 1.000000 1.000000"
				           rotation="0.000000 0.000000 0.000000 0.000000"
				           >
					<Group DEF="group_ME_ID108_003">
					</Group>
				</Transform>
				<Transform DEF="group_6_TRANSFORM"
				           translation="54.873245 11.811028 7.127564"
				           scale="1.000000 1.000000 1.000000"
				           rotation="0.000000 0.000000 0.000000 0.000000"
				           >
					<Transform DEF="group_6_ifs_TRANSFORM"
					           translation="0.000000 0.000008 0.000000"
					           scale="1.000000 1.000000 1.000000"
					           rotation="0.000000 0.000000 0.000000 0.000000"
					           >
						<Group DEF="group_ME_ID41_001">
							<Shape>
								<Appearance>
									<Material USE="MA_material_007" />
								</Appearance>
								<IndexedFaceSet solid="false"
								                coordIndex="0 1 2 -1 1 0 3 -1 4 5 6 -1 5 4 7 -1 7 4 8 -1 8 4 9 -1 9 4 10 -1 10 4 11 -1 11 4 12 -1 12 4 13 -1 14 15 16 -1 15 14 17 -1 18 19 20 -1 19 18 21 -1 21 18 22 -1 21 22 23 -1 21 23 24 -1 21 24 25 -1 21 25 26 -1 21 26 27 -1 28 2 29 -1 2 28 0 -1 30 31 32 -1 31 30 33 -1 34 35 36 -1 35 34 37 -1 38 39 40 -1 39 38 41 -1 42 43 44 -1 43 42 45 -1 28 46 47 -1 46 28 29 -1 48 49 50 -1 49 48 51 -1 32 50 30 -1 50 32 48 -1 "
								                >
									<Coordinate DEF="coords_ME_ID41_001"
									            point="-53.715969 0.000000 7.016146 -53.298443 4.724409 7.086615 -53.715969 4.724409 7.016146 -53.298443 0.000000 7.086615 50.632740 0.000000 7.086615 -54.873249 0.000000 0.000000 50.632740 0.000000 0.000000 -54.873249 0.000000 5.511811 -54.802784 0.000000 5.929335 -54.503368 0.000000 6.228744 -54.085846 0.000000 6.299213 -54.015381 0.000000 6.716736 -53.715969 0.000000 7.016146 -53.298443 0.000000 7.086615 -53.298443 0.000000 7.086615 50.632740 4.724409 7.086615 -53.298443 4.724409 7.086615 50.632740 0.000000 7.086615 -54.873249 4.724409 5.511811 50.632740 4.724409 0.000000 -54.873249 4.724409 0.000000 50.632740 4.724409 7.086615 -54.802784 4.724409 5.929335 -54.503372 4.724409 6.228744 -54.085846 4.724409 6.299213 -54.015381 4.724409 6.716736 -53.715969 4.724409 7.016146 -53.298443 4.724409 7.086615 -54.015381 0.000000 6.716736 -54.015381 4.724409 6.716736 -54.802784 4.724409 5.929335 -54.873249 0.000000 5.511811 -54.802784 0.000000 5.929335 -54.873249 4.724409 5.511811 -54.873249 4.724409 5.511811 -54.873249 0.000000 0.000000 -54.873249 0.000000 5.511811 -54.873249 4.724409 0.000000 50.632740 4.724409 0.000000 -54.873249 0.000000 0.000000 -54.873249 4.724409 0.000000 50.632740 0.000000 0.000000 50.632740 4.724409 0.000000 50.632740 0.000000 7.086615 50.632740 0.000000 0.000000 50.632740 4.724409 7.086615 -54.085846 4.724409 6.299213 -54.085846 0.000000 6.299213 -54.503368 0.000000 6.228744 -54.085846 4.724409 6.299213 -54.503372 4.724409 6.228744 -54.085846 0.000000 6.299213 "
									            />
								</IndexedFaceSet>
							</Shape>
						</Group>
					</Transform>
				</Transform>
				<Transform DEF="group_7_TRANSFORM"
				           translation="0.279195 0.279194 -0.000001"
				           scale="1.000000 1.000000 1.000000"
				           rotation="0.000000 0.000000 0.000000 0.000000"
				           >
					<Transform DEF="group_7_ifs_TRANSFORM"
					           translation="-0.000002 0.000004 -0.000001"
					           scale="1.000000 1.000000 1.000000"
					           rotation="0.000000 0.000000 0.000000 0.000000"
					           >
						<Group DEF="group_ME_ID90">
						</Group>
					</Transform>
					<Transform DEF="group_8_TRANSFORM"
					           translation="5.642042 5.658611 6.962218"
					           scale="1.000000 1.000000 1.000000"
					           rotation="1.004080 0.000000 0.000000 0.009959"
					           >
						<Transform DEF="group_8_ifs_TRANSFORM"
						           translation="-0.000002 -0.000002 -0.000000"
						           scale="1.000000 1.000000 1.000000"
						           rotation="-0.000000 0.000000 0.000000 0.000000"
						           >
							<Group DEF="group_ME_ID49_001">
								<Shape>
									<Appearance>
										<Material USE="MA_material_007" />
									</Appearance>
									<IndexedFaceSet solid="false"
									                coordIndex="0 1 2 -1 1 0 3 -1 4 2 5 -1 2 4 0 -1 6 3 0 -1 3 6 7 -1 3 8 1 -1 8 3 9 -1 2 10 11 -1 10 2 1 -1 5 11 12 -1 11 5 2 -1 13 5 14 -1 5 13 4 -1 15 0 4 -1 0 15 6 -1 6 16 7 -1 16 6 17 -1 7 9 3 -1 9 7 18 -1 9 19 8 -1 19 9 20 -1 1 21 10 -1 21 1 8 -1 11 22 23 -1 22 11 10 -1 12 23 24 -1 23 12 11 -1 14 12 25 -1 12 14 5 -1 26 4 13 -1 4 26 15 -1 27 14 28 -1 14 27 13 -1 15 17 6 -1 17 15 29 -1 17 30 16 -1 30 17 31 -1 7 32 18 -1 32 7 16 -1 18 20 9 -1 20 18 33 -1 34 19 20 -1 19 34 35 -1 8 36 21 -1 36 8 19 -1 10 37 22 -1 37 10 21 -1 23 38 39 -1 38 23 22 -1 25 24 40 -1 24 25 12 -1 24 39 41 -1 39 24 23 -1 28 25 42 -1 25 28 14 -1 26 29 15 -1 29 26 43 -1 44 13 27 -1 13 44 26 -1 45 27 28 -1 27 45 46 -1 29 31 17 -1 31 29 47 -1 48 49 47 -1 49 48 50 -1 50 48 51 -1 52 53 54 -1 53 52 55 -1 55 52 30 -1 55 30 31 -1 55 31 56 -1 56 31 57 -1 57 31 47 -1 57 47 58 -1 58 47 49 -1 56 59 60 -1 59 56 57 -1 60 59 61 -1 60 61 62 -1 60 62 63 -1 63 62 64 -1 63 64 65 -1 16 52 32 -1 52 16 30 -1 18 66 33 -1 66 18 32 -1 67 20 33 -1 20 67 34 -1 68 35 34 -1 35 68 69 -1 19 70 36 -1 70 19 35 -1 21 71 37 -1 71 21 36 -1 37 38 22 -1 38 37 72 -1 73 74 75 -1 74 73 76 -1 76 73 77 -1 77 73 78 -1 78 73 79 -1 79 73 80 -1 80 73 81 -1 42 40 82 -1 40 42 25 -1 40 41 83 -1 41 40 24 -1 84 28 42 -1 28 84 45 -1 43 47 29 -1 47 43 48 -1 26 85 43 -1 85 26 44 -1 46 44 27 -1 44 46 86 -1 87 46 45 -1 46 87 88 -1 64 89 65 -1 89 64 90 -1 90 64 91 -1 65 92 63 -1 92 65 89 -1 63 93 60 -1 93 63 92 -1 56 93 94 -1 93 56 60 -1 55 94 95 -1 94 55 56 -1 53 95 96 -1 95 53 55 -1 54 96 66 -1 96 54 53 -1 32 54 66 -1 54 32 52 -1 43 51 48 -1 51 43 85 -1 85 50 51 -1 50 85 97 -1 50 97 98 -1 99 100 101 -1 100 99 102 -1 100 102 103 -1 103 102 104 -1 104 102 105 -1 105 102 106 -1 106 102 107 -1 107 102 108 -1 109 110 111 -1 110 109 112 -1 112 109 113 -1 112 113 114 -1 114 113 115 -1 58 59 57 -1 59 58 61 -1 116 117 118 -1 117 116 119 -1 119 116 120 -1 121 122 123 -1 122 121 124 -1 125 126 127 -1 126 125 128 -1 128 125 129 -1 130 131 132 -1 131 130 133 -1 133 130 134 -1 133 134 135 -1 133 135 136 -1 133 136 137 -1 133 137 138 -1 66 67 33 -1 67 66 96 -1 139 34 67 -1 34 139 68 -1 68 140 69 -1 140 68 141 -1 69 70 35 -1 70 69 142 -1 70 71 36 -1 71 70 143 -1 71 72 37 -1 72 71 144 -1 144 71 145 -1 146 72 144 -1 147 148 149 -1 148 147 150 -1 151 152 153 -1 152 151 154 -1 154 155 152 -1 155 154 156 -1 153 82 157 -1 82 153 152 -1 82 83 157 -1 83 82 40 -1 152 42 82 -1 42 152 84 -1 84 158 45 -1 158 84 159 -1 158 159 160 -1 87 45 158 -1 44 97 85 -1 97 44 86 -1 88 86 46 -1 86 88 161 -1 162 90 91 -1 90 163 89 -1 163 90 164 -1 89 165 92 -1 165 89 163 -1 92 166 93 -1 166 92 165 -1 94 166 167 -1 166 94 93 -1 95 167 139 -1 167 95 94 -1 96 139 67 -1 139 96 95 -1 168 98 97 -1 169 170 171 -1 170 169 172 -1 172 169 173 -1 173 169 174 -1 173 174 175 -1 86 168 97 -1 168 86 161 -1 114 176 112 -1 176 114 177 -1 178 179 180 -1 179 178 181 -1 180 182 183 -1 182 180 179 -1 184 160 159 -1 160 184 185 -1 185 184 186 -1 186 184 187 -1 186 188 189 -1 188 186 187 -1 188 190 189 -1 190 188 164 -1 162 164 90 -1 164 162 190 -1 139 141 68 -1 141 139 167 -1 141 191 140 -1 191 141 192 -1 69 193 142 -1 193 69 140 -1 142 143 70 -1 143 142 194 -1 143 145 71 -1 145 143 195 -1 195 196 197 -1 196 195 143 -1 198 199 200 -1 199 198 201 -1 199 201 202 -1 202 201 203 -1 204 155 156 -1 155 204 205 -1 205 204 206 -1 205 206 207 -1 152 208 84 -1 208 152 155 -1 208 155 209 -1 84 210 159 -1 210 84 208 -1 159 210 211 -1 188 163 164 -1 163 188 212 -1 165 212 213 -1 212 165 163 -1 166 213 192 -1 213 166 165 -1 167 192 141 -1 192 167 166 -1 155 214 209 -1 214 155 205 -1 214 205 184 -1 215 159 211 -1 159 215 184 -1 184 215 214 -1 184 216 187 -1 216 184 217 -1 187 212 188 -1 212 187 216 -1 192 218 191 -1 218 192 213 -1 140 219 193 -1 219 140 191 -1 142 220 194 -1 220 142 193 -1 194 196 143 -1 196 194 221 -1 222 223 224 -1 223 222 225 -1 223 225 226 -1 223 226 227 -1 223 227 228 -1 223 228 229 -1 223 229 230 -1 231 232 233 -1 232 231 234 -1 235 205 207 -1 205 235 236 -1 237 238 239 -1 238 237 240 -1 240 237 241 -1 242 243 244 -1 243 242 245 -1 246 247 248 -1 247 246 249 -1 249 246 250 -1 213 216 218 -1 216 213 212 -1 251 252 253 -1 252 251 254 -1 205 217 184 -1 217 205 236 -1 218 217 255 -1 217 218 216 -1 191 255 219 -1 255 191 218 -1 193 256 220 -1 256 193 219 -1 194 257 221 -1 257 194 220 -1 220 258 257 -1 258 220 256 -1 256 259 258 -1 259 256 260 -1 260 235 259 -1 235 260 236 -1 261 262 263 -1 262 261 264 -1 255 236 260 -1 236 255 217 -1 219 260 256 -1 260 219 255 -1 "
									                >
										<Coordinate DEF="coords_ME_ID49_001"
										            point="5.766714 2.229764 116.535423 3.117529 3.117529 111.548553 5.480455 1.538673 111.548553 3.646467 3.646467 116.535423 8.267716 1.732283 116.535423 8.267716 0.984252 111.548553 5.892834 2.534242 117.329834 3.879505 3.879505 117.329834 1.538673 5.480455 111.548553 2.229764 5.766715 116.535423 2.653549 2.653549 98.425194 5.229351 0.932453 98.425194 8.267716 0.328084 98.425194 10.768719 2.229764 116.535423 11.054977 1.538673 111.548553 8.267716 2.061848 117.329834 4.338414 4.338414 117.894165 6.141193 3.133835 117.894165 2.534241 5.892834 117.329834 0.984252 8.267716 111.548553 1.732283 8.267716 116.535423 0.932453 5.229351 98.425194 2.421558 2.421558 78.740158 5.103798 0.629342 78.740158 8.267716 0.000000 78.740158 11.306083 0.932453 98.425194 10.642599 2.534242 117.329834 12.888966 3.646467 116.535423 13.417903 3.117529 111.548553 8.267716 2.710844 117.894165 4.927054 4.927054 118.110229 6.459763 3.902931 118.110229 3.133835 6.141193 117.894165 2.061848 8.267716 117.329834 2.229764 10.768719 116.535423 1.538673 11.054977 111.548553 0.328084 8.267716 98.425194 0.629342 5.103798 78.740158 2.421558 2.421558 0.000000 5.103798 0.629342 0.000000 11.431634 0.629342 78.740158 8.267716 0.000000 0.000000 13.881885 2.653549 98.425194 10.394239 3.133835 117.894165 12.655928 3.879505 117.329834 14.996760 5.480455 111.548553 14.305669 5.766715 116.535423 8.267716 3.543307 118.110229 10.075669 3.902931 118.110229 9.055119 6.299212 118.110229 12.525225 6.299212 118.110229 11.608378 4.927054 118.110229 3.902931 6.459764 118.110229 3.902931 10.075669 118.110229 3.543307 8.267716 118.110229 4.927054 11.608378 118.110229 6.459764 12.632502 118.110229 7.480315 7.480315 118.110229 9.055119 7.480315 118.110229 7.480315 9.055119 118.110229 8.267716 12.992126 118.110229 9.055119 9.055119 118.110229 9.055119 10.236220 118.110229 10.075669 12.632502 118.110229 12.525225 10.236220 118.110229 11.608378 11.608378 118.110229 2.710844 8.267716 117.894165 2.534242 10.642599 117.329834 3.646467 12.888966 116.535423 3.117529 13.417903 111.548553 0.932453 11.306083 98.425194 0.000000 8.267716 78.740158 0.629342 5.103798 0.000000 16.065561 5.905512 0.000000 0.629342 5.103798 0.000000 0.469872 5.905512 0.000000 2.421558 2.421558 0.000000 5.103798 0.629342 0.000000 8.267716 0.000000 0.000000 11.431634 0.629342 0.000000 14.113874 2.421558 0.000000 15.906091 5.103798 0.000000 14.113874 2.421558 78.740158 11.431634 0.629342 0.000000 15.602980 5.229351 98.425194 12.197019 4.338414 117.894165 14.001191 5.892834 117.329834 15.159621 6.299212 111.548553 14.411590 6.299212 116.535423 12.197019 12.197019 117.894165 13.401598 10.394239 117.894165 13.020104 10.236220 118.001335 10.394239 13.401598 117.894165 8.267716 13.824590 117.894165 6.141193 13.401598 117.894165 4.338414 12.197019 117.894165 3.133835 10.394239 117.894165 13.401598 6.141193 117.894165 13.020104 6.299212 118.001335 9.055119 6.299212 106.299210 15.422088 6.299212 106.299210 10.236220 6.299212 106.299210 9.055119 6.299212 118.110229 15.159621 6.299212 111.548553 14.411590 6.299212 116.535423 14.082025 6.299212 117.329834 13.433029 6.299212 117.894165 13.020104 6.299212 118.001335 12.525225 6.299212 118.110229 9.055119 7.480315 106.299210 9.055119 6.299212 118.110229 9.055119 6.299212 106.299210 9.055119 7.480315 118.110229 9.055119 10.236220 106.299210 9.055119 9.055119 118.110229 9.055119 10.236220 118.110229 9.055119 7.480315 119.685036 7.480315 7.480315 118.110229 9.055119 7.480315 118.110229 7.480315 7.480315 119.685036 8.267716 7.480315 119.685036 7.480315 9.055119 119.685036 7.480315 7.480315 118.110229 7.480315 7.480315 119.685036 7.480315 9.055119 118.110229 7.480315 9.055119 119.685036 9.055119 9.055119 118.110229 7.480315 9.055119 118.110229 9.055119 9.055119 119.685036 8.267716 9.055119 119.685036 15.159621 10.236220 111.548553 9.055119 10.236220 106.299210 15.422088 10.236220 106.299210 9.055119 10.236220 118.110229 14.411590 10.236220 116.535423 14.082025 10.236220 117.329834 13.433029 10.236220 117.894165 13.020104 10.236220 118.001335 12.525225 10.236220 118.110229 3.879505 12.655928 117.329834 5.480455 14.996760 111.548553 5.766715 14.305669 116.535423 2.653549 13.881885 98.425194 0.629342 11.431634 78.740158 0.469872 5.905512 7.086615 0.000000 8.267716 7.086615 0.469872 5.905512 0.000000 0.469872 5.905512 7.086615 16.065561 5.905512 0.000000 0.469872 5.905512 0.000000 16.065561 5.905512 7.086615 16.065561 5.905512 0.000000 15.906091 5.103798 78.740158 15.906091 5.103798 0.000000 16.065561 5.905512 7.086615 16.535433 8.267716 78.740158 16.535433 8.267716 7.086615 14.113874 2.421558 0.000000 15.422088 6.299212 106.299210 16.207348 8.267716 98.425194 15.813648 8.267716 106.299210 14.082025 6.299212 117.329834 13.433029 10.236220 117.894165 12.655928 12.655928 117.329834 14.001191 10.642599 117.329834 10.642599 14.001191 117.329834 8.267716 14.473584 117.329834 5.892834 14.001191 117.329834 13.433029 6.299212 117.894165 10.236220 6.299212 106.299210 9.055119 7.480315 106.299210 9.055119 6.299212 106.299210 9.055119 10.236220 106.299210 15.422088 10.236220 106.299210 15.422088 6.299212 106.299210 15.813648 8.267716 106.299210 9.055119 7.480315 119.685036 9.055119 9.055119 119.685036 9.055119 7.480315 119.685036 8.267716 9.055119 119.685036 8.267716 7.480315 119.685036 9.055119 9.055119 119.685036 7.480315 9.055119 119.685036 7.480315 7.480315 119.685036 15.602980 11.306083 98.425194 15.422088 10.236220 106.299210 15.159621 10.236220 111.548553 14.996760 11.054977 111.548553 14.305669 10.768719 116.535423 14.411590 10.236220 116.535423 14.082025 10.236220 117.329834 8.267716 15.551181 111.548553 8.267716 14.803149 116.535423 5.229351 15.602980 98.425194 2.421558 14.113874 78.740158 0.469872 10.629921 7.086615 0.629342 11.431634 0.000000 0.469872 10.629921 0.000000 0.469872 10.629921 7.086615 0.469872 5.905512 7.086615 0.000000 8.267716 7.086615 16.065561 10.629921 7.086615 16.065561 5.905512 7.086615 16.535433 8.267716 7.086615 16.065561 10.629921 7.086615 15.906091 11.431634 78.740158 16.065561 10.629921 0.000000 15.906091 11.431634 0.000000 16.064919 6.496063 85.826767 16.417322 8.267716 85.826767 15.887753 6.496063 96.456696 16.240158 8.267716 96.456696 12.888966 12.888966 116.535423 10.768719 14.305669 116.535423 16.064919 10.039370 85.826767 15.887753 10.039370 96.456696 13.417903 13.417903 111.548553 13.881885 13.881885 98.425194 11.054977 14.996760 111.548553 8.267716 16.207348 98.425194 5.103798 15.906091 78.740158 2.421558 14.113874 0.000000 0.629342 11.431634 0.000000 16.065561 10.629921 0.000000 0.469872 10.629921 0.000000 2.421558 14.113874 0.000000 5.103798 15.906091 0.000000 8.267716 16.535433 0.000000 11.431634 15.906091 0.000000 14.113874 14.113874 0.000000 15.906091 11.431634 0.000000 16.065561 10.629921 7.086615 0.469872 10.629921 0.000000 16.065561 10.629921 0.000000 0.469872 10.629921 7.086615 14.113874 14.113874 0.000000 14.113874 14.113874 78.740158 16.064919 6.496063 85.826767 9.697948 10.039370 85.826767 9.697948 6.496063 85.826767 16.064919 10.039370 85.826767 16.417322 8.267716 85.826767 9.697948 6.496063 96.456696 16.064919 6.496063 85.826767 9.697948 6.496063 85.826767 15.887753 6.496063 96.456696 15.887753 10.039370 96.456696 9.697948 6.496063 96.456696 9.697948 10.039370 96.456696 15.887753 6.496063 96.456696 16.240158 8.267716 96.456696 15.887753 10.039370 96.456696 9.697948 10.039370 85.826767 16.064919 10.039370 85.826767 9.697948 10.039370 96.456696 11.306083 15.602980 98.425194 8.267716 16.535433 78.740158 5.103798 15.906091 0.000000 8.267716 16.535433 0.000000 11.431634 15.906091 0.000000 11.431634 15.906091 78.740158 9.697948 10.039370 85.826767 9.697948 6.496063 96.456696 9.697948 6.496063 85.826767 9.697948 10.039370 96.456696 "
										            />
									</IndexedFaceSet>
								</Shape>
							</Group>
						</Transform>
					</Transform>
					<Transform DEF="group_8_001_TRANSFORM"
					           translation="5.642042 5.658611 6.962218"
					           scale="1.000000 1.000000 1.000000"
					           rotation="1.004080 0.000000 0.000000 0.009959"
					           >
						<Transform DEF="group_8_001_ifs_TRANSFORM"
						           translation="-0.000002 -0.000002 -0.000000"
						           scale="1.000000 1.000000 1.000000"
						           rotation="-0.000000 0.000000 0.000000 0.000000"
						           >
							<Group DEF="group_ME_ID55_002">
							</Group>
						</Transform>
					</Transform>
					<Transform DEF="group_8_002_TRANSFORM"
					           translation="5.642042 5.658611 6.962218"
					           scale="1.000000 1.000000 1.000000"
					           rotation="1.004080 0.000000 0.000000 0.009959"
					           >
						<Transform DEF="group_8_002_ifs_TRANSFORM"
						           translation="-0.000002 -0.000002 -0.000000"
						           scale="1.000000 1.000000 1.000000"
						           rotation="-0.000000 0.000000 0.000000 0.000000"
						           >
							<Group DEF="group_ME_ID61_003">
							</Group>
						</Transform>
					</Transform>
					<Transform DEF="group_9_TRANSFORM"
					           translation="-0.000002 0.000004 -0.000001"
					           scale="1.000000 1.000000 1.000000"
					           rotation="0.000000 0.000000 0.000000 0.000000"
					           >
						<Transform DEF="group_9_ifs_TRANSFORM"
						           translation="-0.000002 0.000004 -0.000001"
						           scale="1.000000 1.000000 1.000000"
						           rotation="0.000000 0.000000 0.000000 0.000000"
						           >
							<Group DEF="group_ME_ID66_002">
								<Shape>
									<Appearance>
										<Material USE="MA_material_007" />
									</Appearance>
									<IndexedFaceSet solid="false"
									                coordIndex="0 1 2 -1 1 0 3 -1 4 2 5 -1 2 4 0 -1 6 7 8 -1 7 6 9 -1 9 6 10 -1 9 10 11 -1 11 10 12 -1 11 12 13 -1 13 12 14 -1 13 14 15 -1 15 14 16 -1 15 16 17 -1 17 16 18 -1 18 16 19 -1 18 19 20 -1 20 19 21 -1 20 21 22 -1 22 21 23 -1 7 24 8 -1 24 7 25 -1 24 25 26 -1 26 25 27 -1 26 27 28 -1 28 27 29 -1 28 29 30 -1 30 29 31 -1 30 31 32 -1 30 32 33 -1 33 32 34 -1 33 34 35 -1 35 34 36 -1 35 36 37 -1 37 36 22 -1 37 22 23 -1 3 38 1 -1 38 3 39 -1 40 41 42 -1 41 40 43 -1 44 4 5 -1 4 44 45 -1 42 46 47 -1 46 42 41 -1 48 45 44 -1 45 48 49 -1 50 48 51 -1 48 50 49 -1 52 51 53 -1 51 52 50 -1 53 54 52 -1 54 53 55 -1 55 56 54 -1 56 55 57 -1 58 56 57 -1 56 58 59 -1 60 59 58 -1 59 60 61 -1 61 62 63 -1 62 61 60 -1 63 64 65 -1 64 63 62 -1 66 64 67 -1 64 66 65 -1 68 67 69 -1 67 68 66 -1 39 69 38 -1 69 39 68 -1 70 43 40 -1 43 70 71 -1 47 72 73 -1 72 47 46 -1 74 72 75 -1 72 74 73 -1 76 75 77 -1 75 76 74 -1 78 77 79 -1 77 78 76 -1 80 79 81 -1 79 80 78 -1 82 80 81 -1 80 82 83 -1 84 83 82 -1 83 84 85 -1 86 85 84 -1 85 86 87 -1 88 87 86 -1 87 88 89 -1 90 88 91 -1 88 90 89 -1 92 91 93 -1 91 92 90 -1 94 93 95 -1 93 94 92 -1 70 95 71 -1 95 70 94 -1 "
									                >
										<Coordinate DEF="coords_ME_ID66_002"
										            point="4.440805 13.909762 3.930123 4.780432 17.691256 3.504618 4.028246 13.909762 3.504618 5.161587 17.533375 3.930123 5.161587 10.286150 3.930123 4.780432 10.128270 3.504618 5.161587 10.286150 3.930123 4.578325 13.909762 3.930123 4.440805 13.909762 3.930123 5.288639 10.338776 3.930123 7.214199 7.214199 3.930123 7.311440 7.311440 3.930123 10.286150 5.161587 3.930123 10.338776 5.288639 3.930123 13.909762 4.440805 3.930123 13.909762 4.578325 3.930123 17.533375 5.161587 3.930123 17.480749 5.288639 3.930123 20.508085 7.311440 3.930123 20.605328 7.214199 3.930123 22.530886 10.338776 3.930123 22.657938 10.286150 3.930123 23.241199 13.909762 3.930123 23.378719 13.909762 3.930123 5.161587 17.533375 3.930123 5.288639 17.480749 3.930123 7.214199 20.605328 3.930123 7.311440 20.508085 3.930123 10.286150 22.657938 3.930123 10.338776 22.530888 3.930123 13.909762 23.378719 3.930123 13.909762 23.241199 3.930123 17.480749 22.530888 3.930123 17.533375 22.657938 3.930123 20.508085 20.508085 3.930123 20.605328 20.605328 3.930123 22.530888 17.480749 3.930123 22.657938 17.533375 3.930123 6.922475 20.897051 3.504618 7.214199 20.605328 3.930123 4.780432 17.691256 3.504618 4.028246 13.909762 3.079113 4.028246 13.909762 3.504618 4.780432 17.691256 3.079113 6.922475 6.922475 3.504618 7.214199 7.214199 3.930123 4.780432 10.128270 3.079113 4.780432 10.128270 3.504618 10.128270 4.780432 3.504618 10.286150 5.161587 3.930123 13.909762 4.440805 3.930123 13.909762 4.028246 3.504618 17.533375 5.161587 3.930123 17.691256 4.780432 3.504618 20.605328 7.214199 3.930123 20.897051 6.922475 3.504618 22.657938 10.286150 3.930123 23.039093 10.128270 3.504618 23.791279 13.909762 3.504618 23.378719 13.909762 3.930123 23.039093 17.691256 3.504618 22.657938 17.533375 3.930123 20.897051 20.897051 3.504618 20.605328 20.605328 3.930123 17.691256 23.039093 3.504618 17.533375 22.657938 3.930123 13.909762 23.378719 3.930123 13.909762 23.791279 3.504618 10.286150 22.657938 3.930123 10.128270 23.039093 3.504618 6.922475 20.897051 3.504618 6.922475 20.897051 3.079113 6.922475 6.922475 3.079113 6.922475 6.922475 3.504618 10.128270 4.780432 3.504618 10.128270 4.780432 3.079113 13.909762 4.028246 3.504618 13.909762 4.028246 3.079113 17.691256 4.780432 3.504618 17.691256 4.780432 3.079113 20.897051 6.922475 3.504618 20.897051 6.922475 3.079113 23.039093 10.128270 3.079113 23.039093 10.128270 3.504618 23.791279 13.909762 3.079113 23.791279 13.909762 3.504618 23.039093 17.691256 3.079113 23.039093 17.691256 3.504618 20.897051 20.897051 3.079113 20.897051 20.897051 3.504618 17.691256 23.039093 3.504618 17.691256 23.039093 3.079113 13.909762 23.791279 3.504618 13.909762 23.791279 3.079113 10.128270 23.039093 3.504618 10.128270 23.039093 3.079113 "
										            />
									</IndexedFaceSet>
								</Shape>
							</Group>
						</Transform>
					</Transform>
					<Transform DEF="group_9_001_TRANSFORM"
					           translation="-0.000002 0.000004 -0.000001"
					           scale="1.000000 1.000000 1.000000"
					           rotation="0.000000 0.000000 0.000000 0.000000"
					           >
						<Transform DEF="group_9_001_ifs_TRANSFORM"
						           translation="-0.000002 0.000004 -0.000001"
						           scale="1.000000 1.000000 1.000000"
						           rotation="0.000000 0.000000 0.000000 0.000000"
						           >
							<Group DEF="group_ME_ID72_001">
								<Shape>
									<Appearance>
										<Material USE="MA_material_007" />
									</Appearance>
									<IndexedFaceSet solid="false"
									                coordIndex="0 1 2 -1 1 0 3 -1 4 2 5 -1 2 4 0 -1 6 7 8 -1 7 6 9 -1 9 6 10 -1 9 10 11 -1 11 10 12 -1 11 12 13 -1 13 12 14 -1 13 14 15 -1 15 14 16 -1 15 16 17 -1 17 16 18 -1 18 16 19 -1 18 19 20 -1 20 19 21 -1 20 21 22 -1 22 21 23 -1 7 24 8 -1 24 7 25 -1 24 25 26 -1 26 25 27 -1 26 27 28 -1 28 27 29 -1 28 29 30 -1 30 29 31 -1 30 31 32 -1 30 32 33 -1 33 32 34 -1 33 34 35 -1 35 34 36 -1 35 36 37 -1 37 36 22 -1 37 22 23 -1 3 38 1 -1 38 3 39 -1 40 41 42 -1 41 40 43 -1 43 40 44 -1 43 44 45 -1 45 44 46 -1 45 46 47 -1 47 46 48 -1 47 48 49 -1 49 48 50 -1 49 50 51 -1 51 50 52 -1 51 52 53 -1 53 52 54 -1 53 54 55 -1 4 56 57 -1 56 4 5 -1 58 59 60 -1 59 58 61 -1 62 59 63 -1 59 62 60 -1 64 63 65 -1 63 64 62 -1 66 65 67 -1 65 66 64 -1 68 67 69 -1 67 68 66 -1 70 68 69 -1 68 70 71 -1 72 71 70 -1 71 72 73 -1 74 73 72 -1 73 74 75 -1 76 75 74 -1 75 76 77 -1 39 76 38 -1 76 39 77 -1 57 78 79 -1 78 57 56 -1 79 61 58 -1 61 79 78 -1 "
									                >
										<Coordinate DEF="coords_ME_ID72_001"
										            point="8.586727 26.760708 0.567341 13.909762 27.819525 0.000000 8.586727 26.760708 0.000000 13.909762 27.819525 0.567341 4.074075 23.745451 0.567341 4.074075 23.745451 0.000000 1.058818 8.586727 0.567341 0.945671 13.909762 0.567341 0.000000 13.909762 0.567341 1.932504 8.948620 0.567341 4.074075 4.074075 0.567341 4.742766 4.742766 0.567341 8.586727 1.058818 0.567341 8.948620 1.932504 0.567341 13.909762 0.000000 0.567341 13.909762 0.945671 0.567341 19.232800 1.058818 0.567341 18.870907 1.932504 0.567341 23.076759 4.742766 0.567341 23.745451 4.074075 0.567341 25.887020 8.948620 0.567341 26.760708 8.586727 0.567341 26.873854 13.909762 0.567341 27.819525 13.909762 0.567341 1.058818 19.232800 0.567341 1.932504 18.870907 0.567341 4.074075 23.745451 0.567341 4.742766 23.076759 0.567341 8.586727 26.760708 0.567341 8.948620 25.887020 0.567341 13.909762 27.819525 0.567341 13.909762 26.873854 0.567341 18.870907 25.887020 0.567341 19.232800 26.760708 0.567341 23.076759 23.076759 0.567341 23.745451 23.745451 0.567341 25.887020 18.870907 0.567341 26.760708 19.232800 0.567341 19.232800 26.760708 0.000000 19.232800 26.760708 0.567341 1.058818 19.232800 0.000000 1.058818 8.586727 0.000000 0.000000 13.909762 0.000000 4.074075 4.074075 0.000000 4.074075 23.745451 0.000000 8.586727 1.058818 0.000000 8.586727 26.760708 0.000000 13.909762 0.000000 0.000000 13.909762 27.819525 0.000000 19.232800 1.058818 0.000000 19.232800 26.760708 0.000000 23.745451 4.074075 0.000000 23.745451 23.745451 0.000000 26.760708 8.586727 0.000000 26.760708 19.232800 0.000000 27.819525 13.909762 0.000000 1.058818 19.232800 0.000000 1.058818 19.232800 0.567341 1.058818 8.586727 0.567341 4.074075 4.074075 0.000000 4.074075 4.074075 0.567341 1.058818 8.586727 0.000000 8.586727 1.058818 0.567341 8.586727 1.058818 0.000000 13.909762 0.000000 0.567341 13.909762 0.000000 0.000000 19.232800 1.058818 0.567341 19.232800 1.058818 0.000000 23.745451 4.074075 0.567341 23.745451 4.074075 0.000000 26.760708 8.586727 0.000000 26.760708 8.586727 0.567341 27.819525 13.909762 0.000000 27.819525 13.909762 0.567341 26.760708 19.232800 0.000000 26.760708 19.232800 0.567341 23.745451 23.745451 0.000000 23.745451 23.745451 0.567341 0.000000 13.909762 0.000000 0.000000 13.909762 0.567341 "
										            />
									</IndexedFaceSet>
								</Shape>
							</Group>
						</Transform>
					</Transform>
					<Transform DEF="group_9_002_TRANSFORM"
					           translation="-0.000002 0.000004 -0.000001"
					           scale="1.000000 1.000000 1.000000"
					           rotation="0.000000 0.000000 0.000000 0.000000"
					           >
						<Transform DEF="group_9_002_ifs_TRANSFORM"
						           translation="-0.000002 0.000004 -0.000001"
						           scale="1.000000 1.000000 1.000000"
						           rotation="0.000000 0.000000 0.000000 0.000000"
						           >
							<Group DEF="group_ME_ID78_001">
								<Shape>
									<Appearance>
										<Material USE="MA_material_007" />
									</Appearance>
									<IndexedFaceSet solid="false"
									                coordIndex="0 1 2 -1 1 0 3 -1 4 2 5 -1 2 4 0 -1 6 7 8 -1 7 6 9 -1 7 9 10 -1 10 9 11 -1 10 11 12 -1 12 11 13 -1 12 13 14 -1 14 13 15 -1 14 15 16 -1 16 15 17 -1 16 17 18 -1 18 17 19 -1 18 19 20 -1 20 19 21 -1 22 1 3 -1 1 22 23 -1 2 24 25 -1 24 2 1 -1 26 5 27 -1 5 26 4 -1 5 25 28 -1 25 5 2 -1 29 27 30 -1 27 29 26 -1 31 30 32 -1 30 31 29 -1 33 32 34 -1 32 33 31 -1 35 33 34 -1 33 35 36 -1 37 36 35 -1 36 37 38 -1 39 38 37 -1 38 39 40 -1 39 41 40 -1 41 39 42 -1 43 42 44 -1 42 43 41 -1 45 44 46 -1 44 45 43 -1 47 46 48 -1 46 47 45 -1 49 48 50 -1 48 49 47 -1 49 23 22 -1 23 49 50 -1 23 24 1 -1 24 23 51 -1 25 52 53 -1 52 25 24 -1 27 28 54 -1 28 27 5 -1 28 53 55 -1 53 28 25 -1 30 54 56 -1 54 30 27 -1 32 56 57 -1 56 32 30 -1 34 57 58 -1 57 34 32 -1 59 34 58 -1 34 59 35 -1 60 35 59 -1 35 60 37 -1 61 37 60 -1 37 61 39 -1 61 42 39 -1 42 61 62 -1 44 62 63 -1 62 44 42 -1 46 63 64 -1 63 46 44 -1 48 64 65 -1 64 48 46 -1 50 65 66 -1 65 50 48 -1 50 51 23 -1 51 50 66 -1 24 67 52 -1 67 24 51 -1 52 68 53 -1 68 52 69 -1 54 55 70 -1 55 54 28 -1 53 71 55 -1 71 53 68 -1 56 70 72 -1 70 56 54 -1 57 72 73 -1 72 57 56 -1 58 73 74 -1 73 58 57 -1 75 58 74 -1 58 75 59 -1 76 59 75 -1 59 76 60 -1 77 60 76 -1 60 77 61 -1 77 62 61 -1 62 77 78 -1 63 78 79 -1 78 63 62 -1 64 79 80 -1 79 64 63 -1 65 80 81 -1 80 65 64 -1 66 81 82 -1 81 66 65 -1 66 67 51 -1 67 66 82 -1 67 69 52 -1 69 67 83 -1 70 71 84 -1 71 70 55 -1 72 84 85 -1 84 72 70 -1 73 85 86 -1 85 73 72 -1 74 86 87 -1 86 74 73 -1 88 74 87 -1 74 88 75 -1 89 75 88 -1 75 89 76 -1 90 76 89 -1 76 90 77 -1 91 77 90 -1 77 91 78 -1 79 91 92 -1 91 79 78 -1 80 92 93 -1 92 80 79 -1 81 93 94 -1 93 81 80 -1 82 94 95 -1 94 82 81 -1 82 83 67 -1 83 82 95 -1 "
									                >
										<Coordinate DEF="coords_ME_ID78_001"
										            point="6.256855 10.739824 7.127565 5.506985 13.909762 6.161906 6.146608 10.694159 6.161906 5.626315 13.909762 7.127565 8.052481 8.052481 7.127565 7.968102 7.968102 6.161906 6.256855 10.739824 7.127565 6.256855 17.079700 7.127565 5.626315 13.909762 7.127565 8.052481 8.052481 7.127565 8.052481 19.767044 7.127565 10.739824 6.256855 7.127565 10.739824 21.562672 7.127565 13.909762 5.626315 7.127565 13.909762 22.193211 7.127565 17.079700 6.256855 7.127565 17.079700 21.562672 7.127565 19.767044 8.052481 7.127565 19.767044 19.767044 7.127565 21.562672 10.739824 7.127565 21.562672 17.079700 7.127565 22.193211 13.909762 7.127565 6.256855 17.079700 7.127565 6.146608 17.125366 6.161906 5.149546 13.909762 5.260942 5.816378 10.557373 5.260942 10.739824 6.256855 7.127565 10.694159 6.146608 6.161906 7.715354 7.715354 5.260942 13.909762 5.626315 7.127565 13.909762 5.506985 6.161906 17.079700 6.256855 7.127565 17.125366 6.146608 6.161906 19.767044 8.052481 7.127565 19.851425 7.968102 6.161906 21.672916 10.694159 6.161906 21.562672 10.739824 7.127565 22.312540 13.909762 6.161906 22.193211 13.909762 7.127565 21.672916 17.125366 6.161906 21.562672 17.079700 7.127565 19.767044 19.767044 7.127565 19.851425 19.851425 6.161906 17.079700 21.562672 7.127565 17.125366 21.672916 6.161906 13.909762 22.193211 7.127565 13.909762 22.312540 6.161906 10.739824 21.562672 7.127565 10.694159 21.672916 6.161906 8.052481 19.767044 7.127565 7.968102 19.851425 6.161906 5.816378 17.262154 5.260942 4.578325 13.909762 4.485989 5.288639 10.338776 4.485989 10.557373 5.816378 5.260942 7.311440 7.311440 4.485989 13.909762 5.149546 5.260942 17.262152 5.816378 5.260942 20.104172 7.715354 5.260942 22.003147 10.557373 5.260942 22.669981 13.909762 5.260942 22.003147 17.262152 5.260942 20.104172 20.104172 5.260942 17.262154 22.003147 5.260942 13.909762 22.669981 5.260942 10.557373 22.003147 5.260942 7.715354 20.104172 5.260942 5.288639 17.480749 4.485989 5.288639 10.338776 3.930123 4.578325 13.909762 3.930123 10.338776 5.288639 4.485989 7.311440 7.311440 3.930123 13.909762 4.578325 4.485989 17.480749 5.288639 4.485989 20.508085 7.311440 4.485989 22.530886 10.338776 4.485989 23.241199 13.909762 4.485989 22.530888 17.480749 4.485989 20.508085 20.508085 4.485989 17.480749 22.530888 4.485989 13.909762 23.241199 4.485989 10.338776 22.530888 4.485989 7.311440 20.508085 4.485989 5.288639 17.480749 3.930123 10.338776 5.288639 3.930123 13.909762 4.578325 3.930123 17.480749 5.288639 3.930123 20.508085 7.311440 3.930123 22.530886 10.338776 3.930123 23.241199 13.909762 3.930123 22.530888 17.480749 3.930123 20.508085 20.508085 3.930123 17.480749 22.530888 3.930123 13.909762 23.241199 3.930123 10.338776 22.530888 3.930123 7.311440 20.508085 3.930123 "
										            />
									</IndexedFaceSet>
								</Shape>
							</Group>
						</Transform>
					</Transform>
					<Transform DEF="group_9_003_TRANSFORM"
					           translation="-0.000002 0.000004 -0.000001"
					           scale="1.000000 1.000000 1.000000"
					           rotation="0.000000 0.000000 0.000000 0.000000"
					           >
						<Transform DEF="group_9_003_ifs_TRANSFORM"
						           translation="-0.000002 0.000004 -0.000001"
						           scale="1.000000 1.000000 1.000000"
						           rotation="0.000000 0.000000 0.000000 0.000000"
						           >
							<Group DEF="group_ME_ID84_002">
								<Shape>
									<Appearance>
										<Material USE="MA_material_007" />
									</Appearance>
									<IndexedFaceSet solid="false"
									                coordIndex="0 1 2 -1 1 0 3 -1 0 4 5 -1 4 0 2 -1 6 3 0 -1 3 6 7 -1 3 8 1 -1 8 3 9 -1 5 10 11 -1 10 5 4 -1 12 0 5 -1 0 12 6 -1 13 7 6 -1 7 13 14 -1 7 9 3 -1 9 7 15 -1 9 16 8 -1 16 9 17 -1 18 10 19 -1 10 18 11 -1 12 11 20 -1 11 12 5 -1 21 6 12 -1 6 21 13 -1 22 23 24 -1 23 22 25 -1 25 22 26 -1 25 26 27 -1 27 26 28 -1 27 28 29 -1 29 28 30 -1 29 30 31 -1 31 30 32 -1 31 32 33 -1 33 32 34 -1 34 32 35 -1 34 35 36 -1 36 35 37 -1 36 37 38 -1 38 37 39 -1 23 21 24 -1 21 23 40 -1 21 40 13 -1 13 40 41 -1 13 41 14 -1 14 41 42 -1 14 42 43 -1 43 42 44 -1 43 44 45 -1 43 45 46 -1 46 45 47 -1 46 47 48 -1 48 47 49 -1 48 49 50 -1 50 49 38 -1 50 38 39 -1 14 15 7 -1 15 14 43 -1 15 17 9 -1 17 15 51 -1 17 52 16 -1 52 17 53 -1 54 19 55 -1 19 54 18 -1 56 11 18 -1 11 56 20 -1 24 12 20 -1 12 24 21 -1 57 22 56 -1 22 57 26 -1 58 26 57 -1 26 58 28 -1 59 28 58 -1 28 59 30 -1 60 30 59 -1 30 60 32 -1 60 35 32 -1 35 60 61 -1 61 37 35 -1 37 61 62 -1 62 39 37 -1 39 62 63 -1 39 64 50 -1 64 39 63 -1 50 65 48 -1 65 50 64 -1 48 51 46 -1 51 48 65 -1 46 15 43 -1 15 46 51 -1 56 24 20 -1 24 56 22 -1 65 17 51 -1 17 65 53 -1 66 53 67 -1 53 66 52 -1 68 55 69 -1 55 68 54 -1 54 56 18 -1 56 54 57 -1 68 57 54 -1 57 68 58 -1 59 68 70 -1 68 59 58 -1 60 70 71 -1 70 60 59 -1 71 61 60 -1 61 71 72 -1 72 62 61 -1 62 72 73 -1 74 62 73 -1 62 74 63 -1 67 63 74 -1 63 67 64 -1 64 53 65 -1 53 64 67 -1 66 74 75 -1 74 66 67 -1 70 69 76 -1 69 70 68 -1 71 76 77 -1 76 71 70 -1 72 77 78 -1 77 72 71 -1 79 72 78 -1 72 79 73 -1 75 73 79 -1 73 75 74 -1 "
									                >
										<Coordinate DEF="coords_ME_ID84_002"
										            point="5.148488 22.671038 1.569838 8.948620 25.887020 0.567341 4.742766 23.076759 0.567341 9.168195 25.356920 1.569838 1.932504 18.870907 0.567341 2.462605 18.651331 1.569838 5.693319 22.126207 2.420531 9.463056 24.645063 2.420531 13.909762 26.873854 0.567341 13.909762 26.300076 1.569838 0.945671 13.909762 0.567341 1.519448 13.909762 1.569838 3.174461 18.356470 2.420531 6.351444 21.468081 3.079113 9.819230 23.785183 3.079113 13.909762 25.529570 2.420531 18.870907 25.887020 0.567341 18.651331 25.356920 1.569838 2.462605 9.168195 1.569838 1.932504 8.948620 0.567341 2.289956 13.909762 2.420531 4.034344 18.000296 3.079113 4.034344 9.819230 3.079113 4.028246 13.909762 3.079113 3.220686 13.909762 3.079113 4.780432 10.128270 3.079113 6.351444 6.351444 3.079113 6.922475 6.922475 3.079113 9.819230 4.034344 3.079113 10.128270 4.780432 3.079113 13.909762 3.220686 3.079113 13.909762 4.028246 3.079113 18.000296 4.034344 3.079113 17.691256 4.780432 3.079113 20.897051 6.922475 3.079113 21.468082 6.351444 3.079113 23.039093 10.128270 3.079113 23.785181 9.819230 3.079113 23.791279 13.909762 3.079113 24.598839 13.909762 3.079113 4.780432 17.691256 3.079113 6.922475 20.897051 3.079113 10.128270 23.039093 3.079113 13.909762 24.598839 3.079113 13.909762 23.791279 3.079113 17.691256 23.039093 3.079113 18.000296 23.785181 3.079113 20.897051 20.897051 3.079113 21.468081 21.468082 3.079113 23.039093 17.691256 3.079113 23.785183 18.000296 3.079113 18.356470 24.645063 2.420531 23.076759 23.076759 0.567341 22.671038 22.671038 1.569838 5.148488 5.148488 1.569838 4.742766 4.742766 0.567341 3.174461 9.463056 2.420531 5.693319 5.693319 2.420531 9.463056 3.174461 2.420531 13.909762 2.289956 2.420531 18.356470 3.174461 2.420531 22.126207 5.693319 2.420531 24.645063 9.463056 2.420531 25.529570 13.909762 2.420531 24.645063 18.356470 2.420531 22.126207 22.126207 2.420531 25.887020 18.870907 0.567341 25.356920 18.651331 1.569838 9.168195 2.462605 1.569838 8.948620 1.932504 0.567341 13.909762 1.519448 1.569838 18.651331 2.462605 1.569838 22.671038 5.148487 1.569838 25.356920 9.168195 1.569838 26.300076 13.909762 1.569838 26.873854 13.909762 0.567341 13.909762 0.945671 0.567341 18.870907 1.932504 0.567341 23.076759 4.742766 0.567341 25.887020 8.948620 0.567341 "
										            />
									</IndexedFaceSet>
								</Shape>
							</Group>
						</Transform>
					</Transform>
				</Transform>
				<Transform DEF="group_10_TRANSFORM"
				           translation="16.325983 9.697368 92.849136"
				           scale="1.000000 0.900000 0.900000"
				           rotation="0.000000 0.000000 0.000000 0.000000"
				           >
					<Transform DEF="group_10_ifs_TRANSFORM"
					           translation="0.000002 0.000003 0.000000"
					           scale="1.000000 1.000000 1.000000"
					           rotation="0.000000 0.000000 -0.000000 0.000000"
					           >
						<Group DEF="group_ME_ID95_001">
							<Shape>
								<Appearance>
									<Material USE="MA_material_007" />
								</Appearance>
								<IndexedFaceSet solid="false"
								                coordIndex="0 1 2 -1 1 0 3 -1 3 0 4 -1 4 0 5 -1 1 6 7 -1 6 1 3 -1 1 8 2 -1 9 8 10 -1 8 9 2 -1 2 9 0 -1 0 9 11 -1 11 5 0 -1 12 4 5 -1 4 12 13 -1 14 15 16 -1 15 14 17 -1 17 14 18 -1 17 18 19 -1 19 18 20 -1 19 20 21 -1 22 23 24 -1 23 22 25 -1 25 22 26 -1 25 26 27 -1 27 26 28 -1 27 28 29 -1 29 28 30 -1 29 30 31 -1 31 30 32 -1 31 32 33 -1 33 32 34 -1 33 34 35 -1 35 34 36 -1 35 36 37 -1 1 7 8 -1 38 39 40 -1 39 38 41 -1 41 38 42 -1 41 42 43 -1 43 42 44 -1 43 44 45 -1 45 44 46 -1 45 46 47 -1 47 46 48 -1 47 48 49 -1 49 48 50 -1 50 48 51 -1 52 10 53 -1 10 52 9 -1 12 5 11 -1 54 50 51 -1 50 54 55 -1 56 57 58 -1 57 56 59 -1 58 60 61 -1 60 58 62 -1 62 58 63 -1 63 58 57 -1 61 64 65 -1 64 61 60 -1 60 66 64 -1 62 67 66 -1 67 62 68 -1 68 62 63 -1 68 63 69 -1 68 70 67 -1 70 68 71 -1 71 72 70 -1 72 71 73 -1 72 74 75 -1 74 72 73 -1 76 77 78 -1 77 76 79 -1 80 81 82 -1 81 80 83 -1 84 85 86 -1 85 84 87 -1 88 89 90 -1 89 88 91 -1 91 53 89 -1 53 91 52 -1 69 57 59 -1 62 66 60 -1 69 63 57 -1 "
								                >
									<Coordinate DEF="coords_ME_ID95_001"
									            point="18.081432 7.874016 9.842520 26.783260 7.874016 1.924956 18.081432 7.874016 1.924956 89.002838 7.874016 1.924956 89.002838 7.874016 9.842520 26.314358 7.874016 9.842520 89.002838 7.480315 0.000000 26.314358 7.480315 0.000000 18.081432 7.874016 0.000000 13.042063 7.677166 11.811023 13.042063 7.677166 0.000000 18.081432 7.874016 11.811023 26.314358 7.480315 11.811023 89.002838 7.480315 11.811023 89.002838 0.393701 0.000000 89.002838 -0.000000 9.842520 89.002838 -0.000000 1.924956 89.002838 0.393701 11.811023 89.002838 7.480315 0.000000 89.002838 7.480315 11.811023 89.002838 7.874016 1.924956 89.002838 7.874016 9.842520 5.483007 5.905512 0.000000 -0.883963 1.968504 0.000000 -0.883963 5.905512 0.000000 5.483007 1.968504 0.000000 6.742849 6.692913 0.000000 6.742849 1.181102 0.000000 9.262535 7.283464 0.000000 9.262535 0.590551 0.000000 13.042063 7.677166 0.000000 13.042063 0.196850 0.000000 18.081432 7.874016 0.000000 18.081432 -0.000000 0.000000 26.314358 7.480315 0.000000 26.314358 0.393701 0.000000 89.002838 7.480315 0.000000 89.002838 0.393701 0.000000 5.483007 1.968504 11.811023 -0.883963 5.905512 11.811023 -0.883963 1.968504 11.811023 5.483007 5.905512 11.811023 6.742849 1.181102 11.811023 6.742849 6.692913 11.811023 9.262535 0.590551 11.811023 9.262535 7.283464 11.811023 13.042063 0.196850 11.811023 13.042063 7.677166 11.811023 18.081432 -0.000000 11.811023 18.081432 7.874016 11.811023 26.314358 7.480315 11.811023 26.314358 0.393701 11.811023 9.262535 7.283464 11.811023 9.262535 7.283464 0.000000 89.002838 0.393701 11.811023 89.002838 7.480315 11.811023 89.002838 0.393701 11.811023 26.314358 0.000000 9.842520 89.002838 -0.000000 9.842520 26.314358 0.393701 11.811023 26.314358 0.000000 1.924956 89.002838 -0.000000 1.924956 18.081432 -0.000000 1.924956 18.081432 -0.000000 9.842520 26.314358 0.393701 0.000000 89.002838 0.393701 0.000000 18.081432 -0.000000 0.000000 13.042063 0.196850 0.000000 13.042063 0.196850 11.811023 18.081432 -0.000000 11.811023 9.262535 0.590551 0.000000 9.262535 0.590551 11.811023 6.742849 1.181102 0.000000 6.742849 1.181102 11.811023 5.483007 1.968504 11.811023 5.483007 1.968504 0.000000 5.483007 1.968504 11.811023 -0.883963 1.968504 0.000000 5.483007 1.968504 0.000000 -0.883963 1.968504 11.811023 -0.883963 5.905512 11.811023 -0.883963 1.968504 0.000000 -0.883963 1.968504 11.811023 -0.883963 5.905512 0.000000 -0.883963 5.905512 11.811023 5.483007 5.905512 0.000000 -0.883963 5.905512 0.000000 5.483007 5.905512 11.811023 5.483007 5.905512 11.811023 6.742849 6.692913 0.000000 5.483007 5.905512 0.000000 6.742849 6.692913 11.811023 "
									            />
								</IndexedFaceSet>
							</Shape>
						</Group>
					</Transform>
				</Transform>
				<Transform DEF="group_11_TRANSFORM"
				           translation="15.860319 9.087153 113.318512"
				           scale="1.000000 1.000000 1.000000"
				           rotation="0.000000 0.000000 0.000000 0.000000"
				           >
					<Transform DEF="group_11_ifs_TRANSFORM"
					           translation="-0.000002 0.000011 0.000000"
					           scale="1.000000 1.000000 1.000000"
					           rotation="0.000000 0.000000 0.000000 0.000000"
					           >
						<Group DEF="group_ME_ID102_002">
							<Shape>
								<Appearance>
									<Material USE="MA_material_007" />
								</Appearance>
								<IndexedFaceSet solid="false"
								                coordIndex="0 1 2 -1 1 0 3 -1 3 0 4 -1 4 0 5 -1 1 6 7 -1 6 1 3 -1 1 8 2 -1 9 8 10 -1 8 9 2 -1 2 9 0 -1 0 9 11 -1 11 5 0 -1 12 4 5 -1 4 12 13 -1 14 15 16 -1 15 14 17 -1 17 14 18 -1 17 18 19 -1 19 18 20 -1 19 20 21 -1 22 23 24 -1 23 22 25 -1 25 22 26 -1 25 26 27 -1 27 26 28 -1 27 28 29 -1 29 28 30 -1 29 30 31 -1 31 30 32 -1 31 32 33 -1 33 32 34 -1 33 34 35 -1 35 34 36 -1 35 36 37 -1 1 7 8 -1 38 39 40 -1 39 38 41 -1 41 38 42 -1 41 42 43 -1 43 42 44 -1 43 44 45 -1 45 44 46 -1 45 46 47 -1 47 46 48 -1 47 48 49 -1 49 48 50 -1 49 50 51 -1 52 10 53 -1 10 52 9 -1 12 5 11 -1 54 51 50 -1 51 54 55 -1 56 57 58 -1 57 56 59 -1 58 60 61 -1 60 58 62 -1 62 58 63 -1 63 58 57 -1 61 64 65 -1 64 61 60 -1 60 66 64 -1 62 67 66 -1 67 62 68 -1 68 62 63 -1 68 63 69 -1 68 70 67 -1 70 68 71 -1 71 72 70 -1 72 71 73 -1 72 74 75 -1 74 72 73 -1 74 76 75 -1 76 74 77 -1 78 79 80 -1 79 78 81 -1 82 83 84 -1 83 82 85 -1 85 86 83 -1 86 85 87 -1 87 53 86 -1 53 87 52 -1 69 57 59 -1 62 66 60 -1 69 63 57 -1 "
								                >
									<Coordinate DEF="coords_ME_ID102_002"
									            point="18.081432 7.874016 9.842520 26.783260 7.874016 1.924956 18.081432 7.874016 1.924956 89.645668 7.874016 1.924956 89.645668 7.874016 9.842520 26.314358 7.874016 9.842520 89.645668 7.480315 0.000000 26.314358 7.480315 0.000000 18.081432 7.874016 0.000000 13.042063 7.677166 11.811023 13.042063 7.677166 0.000000 18.081432 7.874016 11.811023 26.314358 7.480315 11.811023 89.645668 7.480315 11.811023 89.645668 0.393701 0.000000 89.645668 0.000000 9.842520 89.645668 0.000000 1.924956 89.645668 0.393701 11.811023 89.645668 7.480315 0.000000 89.645668 7.480315 11.811023 89.645668 7.874016 1.924956 89.645668 7.874016 9.842520 5.483007 5.905512 0.000000 -0.883963 1.968504 0.000000 -0.883963 5.905512 0.000000 5.483007 1.968504 0.000000 6.742849 6.692913 0.000000 6.742849 1.181102 0.000000 9.262535 7.283464 0.000000 9.262535 0.590551 0.000000 13.042063 7.677166 0.000000 13.042063 0.196850 0.000000 18.081432 7.874016 0.000000 18.081432 0.000000 0.000000 26.314358 7.480315 0.000000 26.314358 0.393701 0.000000 89.645668 7.480315 0.000000 89.645668 0.393701 0.000000 5.483007 1.968504 11.811023 -0.883963 5.905512 11.811023 -0.883963 1.968504 11.811023 5.483007 5.905512 11.811023 6.742849 1.181102 11.811023 6.742849 6.692913 11.811023 9.262535 0.590551 11.811023 9.262535 7.283464 11.811023 13.042063 0.196850 11.811023 13.042063 7.677166 11.811023 18.081432 0.000000 11.811023 18.081432 7.874016 11.811023 26.314358 0.393701 11.811023 26.314358 7.480315 11.811023 9.262535 7.283464 11.811023 9.262535 7.283464 0.000000 89.645668 0.393701 11.811023 89.645668 7.480315 11.811023 89.645668 0.393701 11.811023 26.314358 0.000000 9.842520 89.645668 0.000000 9.842520 26.314358 0.393701 11.811023 26.314358 0.000000 1.924956 89.645668 0.000000 1.924956 18.081432 0.000000 1.924956 18.081432 0.000000 9.842520 26.314358 0.393701 0.000000 89.645668 0.393701 0.000000 18.081432 0.000000 0.000000 13.042063 0.196850 0.000000 13.042063 0.196850 11.811023 18.081432 0.000000 11.811023 9.262535 0.590551 0.000000 9.262535 0.590551 11.811023 6.742849 1.181102 0.000000 6.742849 1.181102 11.811023 5.483007 1.968504 11.811023 5.483007 1.968504 0.000000 -0.883963 1.968504 0.000000 -0.883963 1.968504 11.811023 -0.883963 5.905512 11.811023 -0.883963 1.968504 0.000000 -0.883963 1.968504 11.811023 -0.883963 5.905512 0.000000 -0.883963 5.905512 11.811023 5.483007 5.905512 0.000000 -0.883963 5.905512 0.000000 5.483007 5.905512 11.811023 6.742849 6.692913 0.000000 6.742849 6.692913 11.811023 "
									            />
								</IndexedFaceSet>
							</Shape>
						</Group>
					</Transform>
				</Transform>
			</Transform>
			<Transform DEF="group_12_TRANSFORM"
			           translation="-13.598166 -51.679462 -7.127565"
			           scale="1.000000 1.000000 1.000000"
			           rotation="0.000000 1.000000 0.000000 0.000000"
			           >
				<Transform DEF="group_12_ifs_TRANSFORM"
				           translation="-0.000001 -0.000004 -0.000001"
				           scale="1.000000 1.000000 1.000000"
				           rotation="0.000000 1.000000 0.000000 0.000000"
				           >
					<Group DEF="group_ME_ID186">
					</Group>
				</Transform>
				<Transform DEF="group_13_TRANSFORM"
				           translation="54.873249 11.811020 7.127564"
				           scale="1.000000 1.000000 1.000000"
				           rotation="0.000000 1.000000 0.000000 0.000000"
				           >
					<Transform DEF="group_13_ifs_TRANSFORM"
					           translation="0.000004 -0.000004 0.000000"
					           scale="1.000000 1.000000 1.000000"
					           rotation="0.000000 1.000000 0.000000 0.000000"
					           >
						<Group DEF="group_ME_ID114_002">
							<Shape>
								<Appearance>
									<Material USE="MA_material_007" />
								</Appearance>
								<IndexedFaceSet solid="false"
								                coordIndex="0 1 2 -1 1 0 3 -1 4 5 6 -1 5 4 7 -1 7 4 8 -1 8 4 9 -1 9 4 10 -1 10 4 11 -1 11 4 12 -1 12 4 13 -1 14 15 16 -1 15 14 17 -1 18 19 20 -1 19 18 21 -1 21 18 22 -1 21 22 23 -1 21 23 24 -1 21 24 25 -1 21 25 26 -1 21 26 27 -1 2 28 29 -1 28 2 1 -1 30 31 32 -1 31 30 33 -1 34 35 36 -1 35 34 37 -1 38 39 40 -1 39 38 41 -1 42 43 44 -1 43 42 45 -1 28 46 29 -1 46 28 47 -1 48 49 50 -1 49 48 51 -1 50 30 32 -1 30 50 49 -1 "
								                >
									<Coordinate DEF="coords_ME_ID114_002"
									            point="-53.298443 0.000000 7.086615 -53.715969 4.724409 7.016146 -53.715969 0.000000 7.016146 -53.298443 4.724409 7.086615 5.593373 0.000000 7.086615 -54.873249 0.000000 0.000000 5.593373 0.000000 0.000000 -54.873249 0.000000 5.511811 -54.802784 0.000000 5.929335 -54.503368 0.000000 6.228744 -54.085846 0.000000 6.299213 -54.015381 0.000000 6.716736 -53.715969 0.000000 7.016146 -53.298443 0.000000 7.086615 5.593373 0.000000 7.086615 -53.298443 4.724409 7.086615 -53.298443 0.000000 7.086615 5.593373 4.724409 7.086615 -54.873249 4.724409 5.511811 5.593373 4.724409 0.000000 -54.873249 4.724409 0.000000 5.593373 4.724409 7.086615 -54.802784 4.724409 5.929335 -54.503368 4.724409 6.228744 -54.085846 4.724409 6.299213 -54.015381 4.724409 6.716736 -53.715969 4.724409 7.016146 -53.298443 4.724409 7.086615 -54.015381 4.724409 6.716736 -54.015381 0.000000 6.716736 -54.802784 4.724409 5.929335 -54.873249 0.000000 5.511811 -54.802784 0.000000 5.929335 -54.873249 4.724409 5.511811 -54.873249 4.724409 5.511811 -54.873249 0.000000 0.000000 -54.873249 0.000000 5.511811 -54.873249 4.724409 0.000000 5.593373 4.724409 0.000000 -54.873249 0.000000 0.000000 -54.873249 4.724409 0.000000 5.593373 0.000000 0.000000 5.593373 4.724409 0.000000 5.593373 0.000000 7.086615 5.593373 0.000000 0.000000 5.593373 4.724409 7.086615 -54.085846 0.000000 6.299213 -54.085846 4.724409 6.299213 -54.085846 0.000000 6.299213 -54.503368 4.724409 6.228744 -54.503368 0.000000 6.228744 -54.085846 4.724409 6.299213 "
									            />
								</IndexedFaceSet>
							</Shape>
						</Group>
					</Transform>
				</Transform>
				<Transform DEF="group_14_TRANSFORM"
				           translation="0.279197 0.279194 -0.000001"
				           scale="1.000000 1.000000 1.000000"
				           rotation="0.000000 1.000000 0.000000 0.000000"
				           >
					<Transform DEF="group_14_ifs_TRANSFORM"
					           translation="-0.000001 -0.000008 -0.000001"
					           scale="1.000000 1.000000 1.000000"
					           rotation="0.000000 1.000000 0.000000 0.000000"
					           >
						<Group DEF="group_ME_ID161_002">
						</Group>
					</Transform>
					<Transform DEF="group_15_TRANSFORM"
					           translation="5.627532 5.636021 7.132600"
					           scale="1.000000 1.000000 1.000000"
					           rotation="0.000000 1.000790 0.000000 0.007994"
					           >
						<Transform DEF="group_15_ifs_TRANSFORM"
						           translation="0.000001 -0.000004 -0.000000"
						           scale="1.000000 1.000000 1.000000"
						           rotation="0.000000 0.000000 0.000000 0.000000"
						           >
							<Group DEF="group_ME_ID122">
								<Shape>
									<Appearance>
										<Material USE="MA_material_007" />
									</Appearance>
									<IndexedFaceSet solid="false"
									                coordIndex="0 1 2 -1 1 0 3 -1 4 2 5 -1 2 4 0 -1 6 3 0 -1 3 6 7 -1 3 8 1 -1 8 3 9 -1 2 10 11 -1 10 2 1 -1 5 11 12 -1 11 5 2 -1 13 5 14 -1 5 13 4 -1 15 0 4 -1 0 15 6 -1 6 16 7 -1 16 6 17 -1 7 9 3 -1 9 7 18 -1 9 19 8 -1 19 9 20 -1 1 21 10 -1 21 1 8 -1 11 22 23 -1 22 11 10 -1 12 23 24 -1 23 12 11 -1 14 12 25 -1 12 14 5 -1 26 4 13 -1 4 26 15 -1 27 14 28 -1 14 27 13 -1 15 17 6 -1 17 15 29 -1 17 30 16 -1 30 17 31 -1 7 32 18 -1 32 7 16 -1 18 20 9 -1 20 18 33 -1 34 19 20 -1 19 34 35 -1 8 36 21 -1 36 8 19 -1 10 37 22 -1 37 10 21 -1 23 38 39 -1 38 23 22 -1 25 24 40 -1 24 25 12 -1 24 39 41 -1 39 24 23 -1 28 25 42 -1 25 28 14 -1 26 29 15 -1 29 26 43 -1 44 13 27 -1 13 44 26 -1 45 27 28 -1 27 45 46 -1 29 31 17 -1 31 29 47 -1 48 49 47 -1 49 48 50 -1 50 48 51 -1 52 53 54 -1 53 52 55 -1 55 52 30 -1 55 30 31 -1 55 31 56 -1 56 31 57 -1 57 31 47 -1 57 47 58 -1 58 47 49 -1 56 59 60 -1 59 56 57 -1 60 59 61 -1 60 61 62 -1 60 62 63 -1 63 62 64 -1 63 64 65 -1 16 52 32 -1 52 16 30 -1 18 66 33 -1 66 18 32 -1 67 20 33 -1 20 67 34 -1 68 35 34 -1 35 68 69 -1 19 70 36 -1 70 19 35 -1 21 71 37 -1 71 21 36 -1 37 38 22 -1 38 37 72 -1 73 74 75 -1 74 73 76 -1 76 73 77 -1 77 73 78 -1 78 73 79 -1 79 73 80 -1 80 73 81 -1 42 40 82 -1 40 42 25 -1 40 41 83 -1 41 40 24 -1 84 28 42 -1 28 84 45 -1 43 47 29 -1 47 43 48 -1 26 85 43 -1 85 26 44 -1 46 44 27 -1 44 46 86 -1 87 46 45 -1 46 87 88 -1 64 89 65 -1 89 64 90 -1 90 64 91 -1 65 92 63 -1 92 65 89 -1 63 93 60 -1 93 63 92 -1 56 93 94 -1 93 56 60 -1 55 94 95 -1 94 55 56 -1 53 95 96 -1 95 53 55 -1 54 96 66 -1 96 54 53 -1 32 54 66 -1 54 32 52 -1 43 51 48 -1 51 43 85 -1 85 50 51 -1 50 85 97 -1 50 97 98 -1 99 100 101 -1 100 99 102 -1 100 102 103 -1 103 102 104 -1 104 102 105 -1 105 102 106 -1 106 102 107 -1 107 102 108 -1 109 110 111 -1 110 109 112 -1 112 109 113 -1 112 113 114 -1 114 113 115 -1 58 59 57 -1 59 58 61 -1 116 117 118 -1 117 116 119 -1 119 116 120 -1 121 122 123 -1 122 121 124 -1 125 126 127 -1 126 125 128 -1 128 125 129 -1 130 131 132 -1 131 130 133 -1 133 130 134 -1 133 134 135 -1 133 135 136 -1 133 136 137 -1 133 137 138 -1 66 67 33 -1 67 66 96 -1 139 34 67 -1 34 139 68 -1 68 140 69 -1 140 68 141 -1 69 70 35 -1 70 69 142 -1 70 71 36 -1 71 70 143 -1 71 72 37 -1 72 71 144 -1 144 71 145 -1 146 72 144 -1 147 148 149 -1 148 147 150 -1 151 152 153 -1 152 151 154 -1 154 155 152 -1 155 154 156 -1 153 82 157 -1 82 153 152 -1 82 83 157 -1 83 82 40 -1 152 42 82 -1 42 152 84 -1 84 158 45 -1 158 84 159 -1 158 159 160 -1 87 45 158 -1 44 97 85 -1 97 44 86 -1 88 86 46 -1 86 88 161 -1 162 90 91 -1 90 163 89 -1 163 90 164 -1 89 165 92 -1 165 89 163 -1 92 166 93 -1 166 92 165 -1 94 166 167 -1 166 94 93 -1 95 167 139 -1 167 95 94 -1 96 139 67 -1 139 96 95 -1 168 98 97 -1 169 170 171 -1 170 169 172 -1 172 169 173 -1 173 169 174 -1 173 174 175 -1 86 168 97 -1 168 86 161 -1 114 176 112 -1 176 114 177 -1 178 179 180 -1 179 178 181 -1 180 182 183 -1 182 180 179 -1 184 160 159 -1 160 184 185 -1 185 184 186 -1 186 184 187 -1 186 188 189 -1 188 186 187 -1 188 190 189 -1 190 188 164 -1 162 164 90 -1 164 162 190 -1 139 141 68 -1 141 139 167 -1 141 191 140 -1 191 141 192 -1 69 193 142 -1 193 69 140 -1 142 143 70 -1 143 142 194 -1 143 145 71 -1 145 143 195 -1 195 196 197 -1 196 195 143 -1 198 199 200 -1 199 198 201 -1 199 201 202 -1 202 201 203 -1 204 155 156 -1 155 204 205 -1 205 204 206 -1 205 206 207 -1 152 208 84 -1 208 152 155 -1 208 155 209 -1 84 210 159 -1 210 84 208 -1 159 210 211 -1 188 163 164 -1 163 188 212 -1 165 212 213 -1 212 165 163 -1 166 213 192 -1 213 166 165 -1 167 192 141 -1 192 167 166 -1 155 214 209 -1 214 155 205 -1 214 205 184 -1 215 159 211 -1 159 215 184 -1 184 215 214 -1 184 216 187 -1 216 184 217 -1 187 212 188 -1 212 187 216 -1 192 218 191 -1 218 192 213 -1 140 219 193 -1 219 140 191 -1 142 220 194 -1 220 142 193 -1 194 196 143 -1 196 194 221 -1 222 223 224 -1 223 222 225 -1 223 225 226 -1 223 226 227 -1 223 227 228 -1 223 228 229 -1 223 229 230 -1 231 232 233 -1 232 231 234 -1 235 205 207 -1 205 235 236 -1 237 238 239 -1 238 237 240 -1 240 237 241 -1 242 243 244 -1 243 242 245 -1 246 247 248 -1 247 246 249 -1 249 246 250 -1 213 216 218 -1 216 213 212 -1 251 252 253 -1 252 251 254 -1 205 217 184 -1 217 205 236 -1 218 217 255 -1 217 218 216 -1 191 255 219 -1 255 191 218 -1 193 256 220 -1 256 193 219 -1 194 257 221 -1 257 194 220 -1 220 258 257 -1 258 220 256 -1 256 259 258 -1 259 256 260 -1 260 235 259 -1 235 260 236 -1 261 262 263 -1 262 261 264 -1 255 236 260 -1 236 255 217 -1 219 260 256 -1 260 219 255 -1 "
									                >
										<Coordinate DEF="coords_ME_ID122"
										            point="5.766714 2.229764 116.535423 3.117529 3.117529 111.548553 5.480455 1.538673 111.548553 3.646467 3.646467 116.535423 8.267716 1.732283 116.535423 8.267716 0.984252 111.548553 5.892834 2.534242 117.329834 3.879505 3.879505 117.329834 1.538673 5.480455 111.548553 2.229764 5.766715 116.535423 2.653549 2.653549 98.425194 5.229351 0.932453 98.425194 8.267716 0.328084 98.425194 10.768719 2.229764 116.535423 11.054977 1.538673 111.548553 8.267716 2.061848 117.329834 4.338414 4.338414 117.894165 6.141193 3.133835 117.894165 2.534241 5.892834 117.329834 0.984252 8.267716 111.548553 1.732283 8.267716 116.535423 0.932453 5.229351 98.425194 2.421558 2.421558 78.740158 5.103798 0.629342 78.740158 8.267716 0.000000 78.740158 11.306083 0.932453 98.425194 10.642599 2.534242 117.329834 12.888966 3.646467 116.535423 13.417903 3.117529 111.548553 8.267716 2.710844 117.894165 4.927054 4.927054 118.110229 6.459763 3.902931 118.110229 3.133835 6.141193 117.894165 2.061848 8.267716 117.329834 2.229764 10.768719 116.535423 1.538673 11.054977 111.548553 0.328084 8.267716 98.425194 0.629342 5.103798 78.740158 2.421558 2.421558 0.000000 5.103798 0.629342 0.000000 11.431634 0.629342 78.740158 8.267716 0.000000 0.000000 13.881885 2.653549 98.425194 10.394239 3.133835 117.894165 12.655928 3.879505 117.329834 14.996760 5.480455 111.548553 14.305669 5.766715 116.535423 8.267716 3.543307 118.110229 10.075669 3.902931 118.110229 9.055119 6.299212 118.110229 12.525225 6.299212 118.110229 11.608378 4.927054 118.110229 3.902931 6.459764 118.110229 3.902931 10.075669 118.110229 3.543307 8.267716 118.110229 4.927054 11.608378 118.110229 6.459764 12.632502 118.110229 7.480315 7.480315 118.110229 9.055119 7.480315 118.110229 7.480315 9.055119 118.110229 8.267716 12.992126 118.110229 9.055119 9.055119 118.110229 9.055119 10.236220 118.110229 10.075669 12.632502 118.110229 12.525225 10.236220 118.110229 11.608378 11.608378 118.110229 2.710844 8.267716 117.894165 2.534242 10.642599 117.329834 3.646467 12.888966 116.535423 3.117529 13.417903 111.548553 0.932453 11.306083 98.425194 0.000000 8.267716 78.740158 0.629342 5.103798 0.000000 16.065561 5.905512 0.000000 0.629342 5.103798 0.000000 0.469872 5.905512 0.000000 2.421558 2.421558 0.000000 5.103798 0.629342 0.000000 8.267716 0.000000 0.000000 11.431634 0.629342 0.000000 14.113874 2.421558 0.000000 15.906091 5.103798 0.000000 14.113874 2.421558 78.740158 11.431634 0.629342 0.000000 15.602980 5.229351 98.425194 12.197019 4.338414 117.894165 14.001191 5.892834 117.329834 15.159621 6.299212 111.548553 14.411590 6.299212 116.535423 12.197019 12.197019 117.894165 13.401598 10.394239 117.894165 13.020104 10.236220 118.001335 10.394239 13.401598 117.894165 8.267716 13.824590 117.894165 6.141193 13.401598 117.894165 4.338414 12.197019 117.894165 3.133835 10.394239 117.894165 13.401598 6.141193 117.894165 13.020104 6.299212 118.001335 9.055119 6.299212 106.299210 15.422088 6.299212 106.299210 10.236220 6.299212 106.299210 9.055119 6.299212 118.110229 15.159621 6.299212 111.548553 14.411590 6.299212 116.535423 14.082025 6.299212 117.329834 13.433029 6.299212 117.894165 13.020104 6.299212 118.001335 12.525225 6.299212 118.110229 9.055119 7.480315 106.299210 9.055119 6.299212 118.110229 9.055119 6.299212 106.299210 9.055119 7.480315 118.110229 9.055119 10.236220 106.299210 9.055119 9.055119 118.110229 9.055119 10.236220 118.110229 9.055119 7.480315 119.685036 7.480315 7.480315 118.110229 9.055119 7.480315 118.110229 7.480315 7.480315 119.685036 8.267716 7.480315 119.685036 7.480315 9.055119 119.685036 7.480315 7.480315 118.110229 7.480315 7.480315 119.685036 7.480315 9.055119 118.110229 7.480315 9.055119 119.685036 9.055119 9.055119 118.110229 7.480315 9.055119 118.110229 9.055119 9.055119 119.685036 8.267716 9.055119 119.685036 15.159621 10.236220 111.548553 9.055119 10.236220 106.299210 15.422088 10.236220 106.299210 9.055119 10.236220 118.110229 14.411590 10.236220 116.535423 14.082025 10.236220 117.329834 13.433029 10.236220 117.894165 13.020104 10.236220 118.001335 12.525225 10.236220 118.110229 3.879505 12.655928 117.329834 5.480455 14.996760 111.548553 5.766715 14.305669 116.535423 2.653549 13.881885 98.425194 0.629342 11.431634 78.740158 0.469872 5.905512 7.086615 0.000000 8.267716 7.086615 0.469872 5.905512 0.000000 0.469872 5.905512 7.086615 16.065561 5.905512 0.000000 0.469872 5.905512 0.000000 16.065561 5.905512 7.086615 16.065561 5.905512 0.000000 15.906091 5.103798 78.740158 15.906091 5.103798 0.000000 16.065561 5.905512 7.086615 16.535433 8.267716 78.740158 16.535433 8.267716 7.086615 14.113874 2.421558 0.000000 15.422088 6.299212 106.299210 16.207348 8.267716 98.425194 15.813648 8.267716 106.299210 14.082025 6.299212 117.329834 13.433029 10.236220 117.894165 12.655928 12.655928 117.329834 14.001191 10.642599 117.329834 10.642599 14.001191 117.329834 8.267716 14.473584 117.329834 5.892834 14.001191 117.329834 13.433029 6.299212 117.894165 10.236220 6.299212 106.299210 9.055119 7.480315 106.299210 9.055119 6.299212 106.299210 9.055119 10.236220 106.299210 15.422088 10.236220 106.299210 15.422088 6.299212 106.299210 15.813648 8.267716 106.299210 9.055119 7.480315 119.685036 9.055119 9.055119 119.685036 9.055119 7.480315 119.685036 8.267716 9.055119 119.685036 8.267716 7.480315 119.685036 9.055119 9.055119 119.685036 7.480315 9.055119 119.685036 7.480315 7.480315 119.685036 15.602980 11.306083 98.425194 15.422088 10.236220 106.299210 15.159621 10.236220 111.548553 14.996760 11.054977 111.548553 14.305669 10.768719 116.535423 14.411590 10.236220 116.535423 14.082025 10.236220 117.329834 8.267716 15.551181 111.548553 8.267716 14.803149 116.535423 5.229351 15.602980 98.425194 2.421558 14.113874 78.740158 0.469872 10.629921 7.086615 0.629342 11.431634 0.000000 0.469872 10.629921 0.000000 0.469872 10.629921 7.086615 0.469872 5.905512 7.086615 0.000000 8.267716 7.086615 16.065561 10.629921 7.086615 16.065561 5.905512 7.086615 16.535433 8.267716 7.086615 16.065561 10.629921 7.086615 15.906091 11.431634 78.740158 16.065561 10.629921 0.000000 15.906091 11.431634 0.000000 16.064919 6.496063 85.826767 16.417322 8.267716 85.826767 15.887753 6.496063 96.456696 16.240158 8.267716 96.456696 12.888966 12.888966 116.535423 10.768719 14.305669 116.535423 16.064919 10.039370 85.826767 15.887753 10.039370 96.456696 13.417903 13.417903 111.548553 13.881885 13.881885 98.425194 11.054977 14.996760 111.548553 8.267716 16.207348 98.425194 5.103798 15.906091 78.740158 2.421558 14.113874 0.000000 0.629342 11.431634 0.000000 16.065561 10.629921 0.000000 0.469872 10.629921 0.000000 2.421558 14.113874 0.000000 5.103798 15.906091 0.000000 8.267716 16.535433 0.000000 11.431634 15.906091 0.000000 14.113874 14.113874 0.000000 15.906091 11.431634 0.000000 16.065561 10.629921 7.086615 0.469872 10.629921 0.000000 16.065561 10.629921 0.000000 0.469872 10.629921 7.086615 14.113874 14.113874 0.000000 14.113874 14.113874 78.740158 16.064919 6.496063 85.826767 9.697948 10.039370 85.826767 9.697948 6.496063 85.826767 16.064919 10.039370 85.826767 16.417322 8.267716 85.826767 9.697948 6.496063 96.456696 16.064919 6.496063 85.826767 9.697948 6.496063 85.826767 15.887753 6.496063 96.456696 15.887753 10.039370 96.456696 9.697948 6.496063 96.456696 9.697948 10.039370 96.456696 15.887753 6.496063 96.456696 16.240158 8.267716 96.456696 15.887753 10.039370 96.456696 9.697948 10.039370 85.826767 16.064919 10.039370 85.826767 9.697948 10.039370 96.456696 11.306083 15.602980 98.425194 8.267716 16.535433 78.740158 5.103798 15.906091 0.000000 8.267716 16.535433 0.000000 11.431634 15.906091 0.000000 11.431634 15.906091 78.740158 9.697948 10.039370 85.826767 9.697948 6.496063 96.456696 9.697948 6.496063 85.826767 9.697948 10.039370 96.456696 "
										            />
									</IndexedFaceSet>
								</Shape>
							</Group>
						</Transform>
					</Transform>
					<Transform DEF="group_15_001_TRANSFORM"
					           translation="5.627532 5.636021 7.132600"
					           scale="1.000000 1.000000 1.000000"
					           rotation="0.000000 1.000790 0.000000 0.007994"
					           >
						<Transform DEF="group_15_001_ifs_TRANSFORM"
						           translation="0.000001 -0.000004 -0.000000"
						           scale="1.000000 1.000000 1.000000"
						           rotation="0.000000 0.000000 0.000000 0.000000"
						           >
							<Group DEF="group_ME_ID128_001">
							</Group>
						</Transform>
					</Transform>
					<Transform DEF="group_15_002_TRANSFORM"
					           translation="5.627532 5.636021 7.132600"
					           scale="1.000000 1.000000 1.000000"
					           rotation="0.000000 1.000790 0.000000 0.007994"
					           >
						<Transform DEF="group_15_002_ifs_TRANSFORM"
						           translation="0.000001 -0.000004 -0.000000"
						           scale="1.000000 1.000000 1.000000"
						           rotation="0.000000 0.000000 0.000000 0.000000"
						           >
							<Group DEF="group_ME_ID132_001">
							</Group>
						</Transform>
					</Transform>
					<Transform DEF="group_16_TRANSFORM"
					           translation="-0.000001 -0.000008 -0.000001"
					           scale="1.000000 1.000000 1.000000"
					           rotation="0.000000 1.000000 0.000000 0.000000"
					           >
						<Transform DEF="group_16_ifs_TRANSFORM"
						           translation="-0.000001 -0.000008 -0.000001"
						           scale="1.000000 1.000000 1.000000"
						           rotation="0.000000 1.000000 0.000000 0.000000"
						           >
							<Group DEF="group_ME_ID137_001">
								<Shape>
									<Appearance>
										<Material USE="MA_material_007" />
									</Appearance>
									<IndexedFaceSet solid="false"
									                coordIndex="0 1 2 -1 1 0 3 -1 4 2 5 -1 2 4 0 -1 6 7 8 -1 7 6 9 -1 9 6 10 -1 9 10 11 -1 11 10 12 -1 11 12 13 -1 13 12 14 -1 13 14 15 -1 15 14 16 -1 15 16 17 -1 17 16 18 -1 18 16 19 -1 18 19 20 -1 20 19 21 -1 20 21 22 -1 22 21 23 -1 7 24 8 -1 24 7 25 -1 24 25 26 -1 26 25 27 -1 26 27 28 -1 28 27 29 -1 28 29 30 -1 30 29 31 -1 30 31 32 -1 30 32 33 -1 33 32 34 -1 33 34 35 -1 35 34 36 -1 35 36 37 -1 37 36 22 -1 37 22 23 -1 3 38 1 -1 38 3 39 -1 40 41 42 -1 41 40 43 -1 44 4 5 -1 4 44 45 -1 42 46 47 -1 46 42 41 -1 48 45 44 -1 45 48 49 -1 50 48 51 -1 48 50 49 -1 52 51 53 -1 51 52 50 -1 53 54 52 -1 54 53 55 -1 55 56 54 -1 56 55 57 -1 58 56 57 -1 56 58 59 -1 60 59 58 -1 59 60 61 -1 61 62 63 -1 62 61 60 -1 63 64 65 -1 64 63 62 -1 66 64 67 -1 64 66 65 -1 68 67 69 -1 67 68 66 -1 39 69 38 -1 69 39 68 -1 70 43 40 -1 43 70 71 -1 47 72 73 -1 72 47 46 -1 74 72 75 -1 72 74 73 -1 76 75 77 -1 75 76 74 -1 78 77 79 -1 77 78 76 -1 80 79 81 -1 79 80 78 -1 82 80 81 -1 80 82 83 -1 84 83 82 -1 83 84 85 -1 86 85 84 -1 85 86 87 -1 88 87 86 -1 87 88 89 -1 90 88 91 -1 88 90 89 -1 92 91 93 -1 91 92 90 -1 94 93 95 -1 93 94 92 -1 70 95 71 -1 95 70 94 -1 "
									                >
										<Coordinate DEF="coords_ME_ID137_001"
										            point="4.440805 13.909762 3.930123 4.780432 17.691256 3.504618 4.028246 13.909762 3.504618 5.161587 17.533375 3.930123 5.161587 10.286150 3.930123 4.780432 10.128270 3.504618 5.161587 10.286150 3.930123 4.578325 13.909762 3.930123 4.440805 13.909762 3.930123 5.288639 10.338776 3.930123 7.214199 7.214199 3.930123 7.311440 7.311440 3.930123 10.286150 5.161587 3.930123 10.338776 5.288639 3.930123 13.909762 4.440805 3.930123 13.909762 4.578325 3.930123 17.533375 5.161587 3.930123 17.480749 5.288639 3.930123 20.508085 7.311440 3.930123 20.605328 7.214199 3.930123 22.530886 10.338776 3.930123 22.657938 10.286150 3.930123 23.241199 13.909762 3.930123 23.378719 13.909762 3.930123 5.161587 17.533375 3.930123 5.288639 17.480749 3.930123 7.214199 20.605328 3.930123 7.311440 20.508085 3.930123 10.286150 22.657938 3.930123 10.338776 22.530888 3.930123 13.909762 23.378719 3.930123 13.909762 23.241199 3.930123 17.480749 22.530888 3.930123 17.533375 22.657938 3.930123 20.508085 20.508085 3.930123 20.605328 20.605328 3.930123 22.530888 17.480749 3.930123 22.657938 17.533375 3.930123 6.922475 20.897051 3.504618 7.214199 20.605328 3.930123 4.780432 17.691256 3.504618 4.028246 13.909762 3.079113 4.028246 13.909762 3.504618 4.780432 17.691256 3.079113 6.922475 6.922475 3.504618 7.214199 7.214199 3.930123 4.780432 10.128270 3.079113 4.780432 10.128270 3.504618 10.128270 4.780432 3.504618 10.286150 5.161587 3.930123 13.909762 4.440805 3.930123 13.909762 4.028246 3.504618 17.533375 5.161587 3.930123 17.691256 4.780432 3.504618 20.605328 7.214199 3.930123 20.897051 6.922475 3.504618 22.657938 10.286150 3.930123 23.039093 10.128270 3.504618 23.791279 13.909762 3.504618 23.378719 13.909762 3.930123 23.039093 17.691256 3.504618 22.657938 17.533375 3.930123 20.897051 20.897051 3.504618 20.605328 20.605328 3.930123 17.691256 23.039093 3.504618 17.533375 22.657938 3.930123 13.909762 23.378719 3.930123 13.909762 23.791279 3.504618 10.286150 22.657938 3.930123 10.128270 23.039093 3.504618 6.922475 20.897051 3.504618 6.922475 20.897051 3.079113 6.922475 6.922475 3.079113 6.922475 6.922475 3.504618 10.128270 4.780432 3.504618 10.128270 4.780432 3.079113 13.909762 4.028246 3.504618 13.909762 4.028246 3.079113 17.691256 4.780432 3.504618 17.691256 4.780432 3.079113 20.897051 6.922475 3.504618 20.897051 6.922475 3.079113 23.039093 10.128270 3.079113 23.039093 10.128270 3.504618 23.791279 13.909762 3.079113 23.791279 13.909762 3.504618 23.039093 17.691256 3.079113 23.039093 17.691256 3.504618 20.897051 20.897051 3.079113 20.897051 20.897051 3.504618 17.691256 23.039093 3.504618 17.691256 23.039093 3.079113 13.909762 23.791279 3.504618 13.909762 23.791279 3.079113 10.128270 23.039093 3.504618 10.128270 23.039093 3.079113 "
										            />
									</IndexedFaceSet>
								</Shape>
							</Group>
						</Transform>
					</Transform>
					<Transform DEF="group_16_001_TRANSFORM"
					           translation="-0.000001 -0.000008 -0.000001"
					           scale="1.000000 1.000000 1.000000"
					           rotation="0.000000 1.000000 0.000000 0.000000"
					           >
						<Transform DEF="group_16_001_ifs_TRANSFORM"
						           translation="-0.000001 -0.000008 -0.000001"
						           scale="1.000000 1.000000 1.000000"
						           rotation="0.000000 1.000000 0.000000 0.000000"
						           >
							<Group DEF="group_ME_ID143_001">
								<Shape>
									<Appearance>
										<Material USE="MA_material_007" />
									</Appearance>
									<IndexedFaceSet solid="false"
									                coordIndex="0 1 2 -1 1 0 3 -1 4 2 5 -1 2 4 0 -1 6 7 8 -1 7 6 9 -1 9 6 10 -1 9 10 11 -1 11 10 12 -1 11 12 13 -1 13 12 14 -1 13 14 15 -1 15 14 16 -1 15 16 17 -1 17 16 18 -1 18 16 19 -1 18 19 20 -1 20 19 21 -1 20 21 22 -1 22 21 23 -1 7 24 8 -1 24 7 25 -1 24 25 26 -1 26 25 27 -1 26 27 28 -1 28 27 29 -1 28 29 30 -1 30 29 31 -1 30 31 32 -1 30 32 33 -1 33 32 34 -1 33 34 35 -1 35 34 36 -1 35 36 37 -1 37 36 22 -1 37 22 23 -1 3 38 1 -1 38 3 39 -1 40 41 42 -1 41 40 43 -1 43 40 44 -1 43 44 45 -1 45 44 46 -1 45 46 47 -1 47 46 48 -1 47 48 49 -1 49 48 50 -1 49 50 51 -1 51 50 52 -1 51 52 53 -1 53 52 54 -1 53 54 55 -1 4 56 57 -1 56 4 5 -1 58 59 60 -1 59 58 61 -1 62 59 63 -1 59 62 60 -1 64 63 65 -1 63 64 62 -1 66 65 67 -1 65 66 64 -1 68 67 69 -1 67 68 66 -1 70 68 69 -1 68 70 71 -1 72 71 70 -1 71 72 73 -1 74 73 72 -1 73 74 75 -1 76 75 74 -1 75 76 77 -1 39 76 38 -1 76 39 77 -1 57 78 79 -1 78 57 56 -1 79 61 58 -1 61 79 78 -1 "
									                >
										<Coordinate DEF="coords_ME_ID143_001"
										            point="8.586727 26.760708 0.567341 13.909762 27.819525 0.000000 8.586727 26.760708 0.000000 13.909762 27.819525 0.567341 4.074075 23.745451 0.567341 4.074075 23.745451 0.000000 1.058818 8.586727 0.567341 0.945671 13.909762 0.567341 0.000000 13.909762 0.567341 1.932504 8.948620 0.567341 4.074075 4.074075 0.567341 4.742766 4.742766 0.567341 8.586727 1.058818 0.567341 8.948620 1.932504 0.567341 13.909762 0.000000 0.567341 13.909762 0.945671 0.567341 19.232800 1.058818 0.567341 18.870907 1.932504 0.567341 23.076759 4.742766 0.567341 23.745451 4.074075 0.567341 25.887020 8.948620 0.567341 26.760708 8.586727 0.567341 26.873854 13.909762 0.567341 27.819525 13.909762 0.567341 1.058818 19.232800 0.567341 1.932504 18.870907 0.567341 4.074075 23.745451 0.567341 4.742766 23.076759 0.567341 8.586727 26.760708 0.567341 8.948620 25.887020 0.567341 13.909762 27.819525 0.567341 13.909762 26.873854 0.567341 18.870907 25.887020 0.567341 19.232800 26.760708 0.567341 23.076759 23.076759 0.567341 23.745451 23.745451 0.567341 25.887020 18.870907 0.567341 26.760708 19.232800 0.567341 19.232800 26.760708 0.000000 19.232800 26.760708 0.567341 1.058818 19.232800 0.000000 1.058818 8.586727 0.000000 0.000000 13.909762 0.000000 4.074075 4.074075 0.000000 4.074075 23.745451 0.000000 8.586727 1.058818 0.000000 8.586727 26.760708 0.000000 13.909762 0.000000 0.000000 13.909762 27.819525 0.000000 19.232800 1.058818 0.000000 19.232800 26.760708 0.000000 23.745451 4.074075 0.000000 23.745451 23.745451 0.000000 26.760708 8.586727 0.000000 26.760708 19.232800 0.000000 27.819525 13.909762 0.000000 1.058818 19.232800 0.000000 1.058818 19.232800 0.567341 1.058818 8.586727 0.567341 4.074075 4.074075 0.000000 4.074075 4.074075 0.567341 1.058818 8.586727 0.000000 8.586727 1.058818 0.567341 8.586727 1.058818 0.000000 13.909762 0.000000 0.567341 13.909762 0.000000 0.000000 19.232800 1.058818 0.567341 19.232800 1.058818 0.000000 23.745451 4.074075 0.567341 23.745451 4.074075 0.000000 26.760708 8.586727 0.000000 26.760708 8.586727 0.567341 27.819525 13.909762 0.000000 27.819525 13.909762 0.567341 26.760708 19.232800 0.000000 26.760708 19.232800 0.567341 23.745451 23.745451 0.000000 23.745451 23.745451 0.567341 0.000000 13.909762 0.000000 0.000000 13.909762 0.567341 "
										            />
									</IndexedFaceSet>
								</Shape>
							</Group>
						</Transform>
					</Transform>
					<Transform DEF="group_16_002_TRANSFORM"
					           translation="-0.000001 -0.000008 -0.000001"
					           scale="1.000000 1.000000 1.000000"
					           rotation="0.000000 1.000000 0.000000 0.000000"
					           >
						<Transform DEF="group_16_002_ifs_TRANSFORM"
						           translation="-0.000001 -0.000008 -0.000001"
						           scale="1.000000 1.000000 1.000000"
						           rotation="0.000000 1.000000 0.000000 0.000000"
						           >
							<Group DEF="group_ME_ID149_001">
								<Shape>
									<Appearance>
										<Material USE="MA_material_007" />
									</Appearance>
									<IndexedFaceSet solid="false"
									                coordIndex="0 1 2 -1 1 0 3 -1 4 2 5 -1 2 4 0 -1 6 7 8 -1 7 6 9 -1 7 9 10 -1 10 9 11 -1 10 11 12 -1 12 11 13 -1 12 13 14 -1 14 13 15 -1 14 15 16 -1 16 15 17 -1 16 17 18 -1 18 17 19 -1 18 19 20 -1 20 19 21 -1 22 1 3 -1 1 22 23 -1 2 24 25 -1 24 2 1 -1 26 5 27 -1 5 26 4 -1 5 25 28 -1 25 5 2 -1 29 27 30 -1 27 29 26 -1 31 30 32 -1 30 31 29 -1 33 32 34 -1 32 33 31 -1 35 33 34 -1 33 35 36 -1 37 36 35 -1 36 37 38 -1 39 38 37 -1 38 39 40 -1 39 41 40 -1 41 39 42 -1 43 42 44 -1 42 43 41 -1 45 44 46 -1 44 45 43 -1 47 46 48 -1 46 47 45 -1 49 48 50 -1 48 49 47 -1 49 23 22 -1 23 49 50 -1 23 24 1 -1 24 23 51 -1 25 52 53 -1 52 25 24 -1 27 28 54 -1 28 27 5 -1 28 53 55 -1 53 28 25 -1 30 54 56 -1 54 30 27 -1 32 56 57 -1 56 32 30 -1 34 57 58 -1 57 34 32 -1 59 34 58 -1 34 59 35 -1 60 35 59 -1 35 60 37 -1 61 37 60 -1 37 61 39 -1 61 42 39 -1 42 61 62 -1 44 62 63 -1 62 44 42 -1 46 63 64 -1 63 46 44 -1 48 64 65 -1 64 48 46 -1 50 65 66 -1 65 50 48 -1 50 51 23 -1 51 50 66 -1 24 67 52 -1 67 24 51 -1 52 68 53 -1 68 52 69 -1 54 55 70 -1 55 54 28 -1 53 71 55 -1 71 53 68 -1 56 70 72 -1 70 56 54 -1 57 72 73 -1 72 57 56 -1 58 73 74 -1 73 58 57 -1 75 58 74 -1 58 75 59 -1 76 59 75 -1 59 76 60 -1 77 60 76 -1 60 77 61 -1 77 62 61 -1 62 77 78 -1 63 78 79 -1 78 63 62 -1 64 79 80 -1 79 64 63 -1 65 80 81 -1 80 65 64 -1 66 81 82 -1 81 66 65 -1 66 67 51 -1 67 66 82 -1 67 69 52 -1 69 67 83 -1 70 71 84 -1 71 70 55 -1 72 84 85 -1 84 72 70 -1 73 85 86 -1 85 73 72 -1 74 86 87 -1 86 74 73 -1 88 74 87 -1 74 88 75 -1 89 75 88 -1 75 89 76 -1 90 76 89 -1 76 90 77 -1 91 77 90 -1 77 91 78 -1 79 91 92 -1 91 79 78 -1 80 92 93 -1 92 80 79 -1 81 93 94 -1 93 81 80 -1 82 94 95 -1 94 82 81 -1 82 83 67 -1 83 82 95 -1 "
									                >
										<Coordinate DEF="coords_ME_ID149_001"
										            point="6.256855 10.739824 7.127565 5.506985 13.909762 6.161906 6.146608 10.694159 6.161906 5.626315 13.909762 7.127565 8.052481 8.052481 7.127565 7.968102 7.968102 6.161906 6.256855 10.739824 7.127565 6.256855 17.079700 7.127565 5.626315 13.909762 7.127565 8.052481 8.052481 7.127565 8.052481 19.767044 7.127565 10.739824 6.256855 7.127565 10.739824 21.562672 7.127565 13.909762 5.626315 7.127565 13.909762 22.193211 7.127565 17.079700 6.256855 7.127565 17.079700 21.562672 7.127565 19.767044 8.052481 7.127565 19.767044 19.767044 7.127565 21.562672 10.739824 7.127565 21.562672 17.079700 7.127565 22.193211 13.909762 7.127565 6.256855 17.079700 7.127565 6.146608 17.125366 6.161906 5.149546 13.909762 5.260942 5.816378 10.557373 5.260942 10.739824 6.256855 7.127565 10.694159 6.146608 6.161906 7.715354 7.715354 5.260942 13.909762 5.626315 7.127565 13.909762 5.506985 6.161906 17.079700 6.256855 7.127565 17.125366 6.146608 6.161906 19.767044 8.052481 7.127565 19.851425 7.968102 6.161906 21.672916 10.694159 6.161906 21.562672 10.739824 7.127565 22.312540 13.909762 6.161906 22.193211 13.909762 7.127565 21.672916 17.125366 6.161906 21.562672 17.079700 7.127565 19.767044 19.767044 7.127565 19.851425 19.851425 6.161906 17.079700 21.562672 7.127565 17.125366 21.672916 6.161906 13.909762 22.193211 7.127565 13.909762 22.312540 6.161906 10.739824 21.562672 7.127565 10.694159 21.672916 6.161906 8.052481 19.767044 7.127565 7.968102 19.851425 6.161906 5.816378 17.262154 5.260942 4.578325 13.909762 4.485989 5.288639 10.338776 4.485989 10.557373 5.816378 5.260942 7.311440 7.311440 4.485989 13.909762 5.149546 5.260942 17.262152 5.816378 5.260942 20.104172 7.715354 5.260942 22.003147 10.557373 5.260942 22.669981 13.909762 5.260942 22.003147 17.262152 5.260942 20.104172 20.104172 5.260942 17.262154 22.003147 5.260942 13.909762 22.669981 5.260942 10.557373 22.003147 5.260942 7.715354 20.104172 5.260942 5.288639 17.480749 4.485989 5.288639 10.338776 3.930123 4.578325 13.909762 3.930123 10.338776 5.288639 4.485989 7.311440 7.311440 3.930123 13.909762 4.578325 4.485989 17.480749 5.288639 4.485989 20.508085 7.311440 4.485989 22.530886 10.338776 4.485989 23.241199 13.909762 4.485989 22.530888 17.480749 4.485989 20.508085 20.508085 4.485989 17.480749 22.530888 4.485989 13.909762 23.241199 4.485989 10.338776 22.530888 4.485989 7.311440 20.508085 4.485989 5.288639 17.480749 3.930123 10.338776 5.288639 3.930123 13.909762 4.578325 3.930123 17.480749 5.288639 3.930123 20.508085 7.311440 3.930123 22.530886 10.338776 3.930123 23.241199 13.909762 3.930123 22.530888 17.480749 3.930123 20.508085 20.508085 3.930123 17.480749 22.530888 3.930123 13.909762 23.241199 3.930123 10.338776 22.530888 3.930123 7.311440 20.508085 3.930123 "
										            />
									</IndexedFaceSet>
								</Shape>
							</Group>
						</Transform>
					</Transform>
					<Transform DEF="group_16_003_TRANSFORM"
					           translation="-0.000001 -0.000008 -0.000001"
					           scale="1.000000 1.000000 1.000000"
					           rotation="0.000000 1.000000 0.000000 0.000000"
					           >
						<Transform DEF="group_16_003_ifs_TRANSFORM"
						           translation="-0.000001 -0.000008 -0.000001"
						           scale="1.000000 1.000000 1.000000"
						           rotation="0.000000 1.000000 0.000000 0.000000"
						           >
							<Group DEF="group_ME_ID155">
								<Shape>
									<Appearance>
										<Material USE="MA_material_007" />
									</Appearance>
									<IndexedFaceSet solid="false"
									                coordIndex="0 1 2 -1 1 0 3 -1 0 4 5 -1 4 0 2 -1 6 3 0 -1 3 6 7 -1 3 8 1 -1 8 3 9 -1 5 10 11 -1 10 5 4 -1 12 0 5 -1 0 12 6 -1 13 7 6 -1 7 13 14 -1 7 9 3 -1 9 7 15 -1 9 16 8 -1 16 9 17 -1 18 10 19 -1 10 18 11 -1 12 11 20 -1 11 12 5 -1 21 6 12 -1 6 21 13 -1 22 23 24 -1 23 22 25 -1 25 22 26 -1 25 26 27 -1 27 26 28 -1 27 28 29 -1 29 28 30 -1 29 30 31 -1 31 30 32 -1 31 32 33 -1 33 32 34 -1 34 32 35 -1 34 35 36 -1 36 35 37 -1 36 37 38 -1 38 37 39 -1 23 21 24 -1 21 23 40 -1 21 40 13 -1 13 40 41 -1 13 41 14 -1 14 41 42 -1 14 42 43 -1 43 42 44 -1 43 44 45 -1 43 45 46 -1 46 45 47 -1 46 47 48 -1 48 47 49 -1 48 49 50 -1 50 49 38 -1 50 38 39 -1 14 15 7 -1 15 14 43 -1 15 17 9 -1 17 15 51 -1 17 52 16 -1 52 17 53 -1 54 19 55 -1 19 54 18 -1 56 11 18 -1 11 56 20 -1 24 12 20 -1 12 24 21 -1 57 22 56 -1 22 57 26 -1 58 26 57 -1 26 58 28 -1 59 28 58 -1 28 59 30 -1 60 30 59 -1 30 60 32 -1 60 35 32 -1 35 60 61 -1 61 37 35 -1 37 61 62 -1 62 39 37 -1 39 62 63 -1 39 64 50 -1 64 39 63 -1 50 65 48 -1 65 50 64 -1 48 51 46 -1 51 48 65 -1 46 15 43 -1 15 46 51 -1 56 24 20 -1 24 56 22 -1 65 17 51 -1 17 65 53 -1 66 53 67 -1 53 66 52 -1 68 55 69 -1 55 68 54 -1 54 56 18 -1 56 54 57 -1 68 57 54 -1 57 68 58 -1 59 68 70 -1 68 59 58 -1 60 70 71 -1 70 60 59 -1 71 61 60 -1 61 71 72 -1 72 62 61 -1 62 72 73 -1 74 62 73 -1 62 74 63 -1 67 63 74 -1 63 67 64 -1 64 53 65 -1 53 64 67 -1 66 74 75 -1 74 66 67 -1 70 69 76 -1 69 70 68 -1 71 76 77 -1 76 71 70 -1 72 77 78 -1 77 72 71 -1 79 72 78 -1 72 79 73 -1 75 73 79 -1 73 75 74 -1 "
									                >
										<Coordinate DEF="coords_ME_ID155"
										            point="5.148488 22.671038 1.569838 8.948620 25.887020 0.567341 4.742766 23.076759 0.567341 9.168195 25.356920 1.569838 1.932504 18.870907 0.567341 2.462605 18.651331 1.569838 5.693319 22.126207 2.420531 9.463056 24.645063 2.420531 13.909762 26.873854 0.567341 13.909762 26.300076 1.569838 0.945671 13.909762 0.567341 1.519448 13.909762 1.569838 3.174461 18.356470 2.420531 6.351444 21.468081 3.079113 9.819230 23.785183 3.079113 13.909762 25.529570 2.420531 18.870907 25.887020 0.567341 18.651331 25.356920 1.569838 2.462605 9.168195 1.569838 1.932504 8.948620 0.567341 2.289956 13.909762 2.420531 4.034344 18.000296 3.079113 4.034344 9.819230 3.079113 4.028246 13.909762 3.079113 3.220686 13.909762 3.079113 4.780432 10.128270 3.079113 6.351444 6.351444 3.079113 6.922475 6.922475 3.079113 9.819230 4.034344 3.079113 10.128270 4.780432 3.079113 13.909762 3.220686 3.079113 13.909762 4.028246 3.079113 18.000296 4.034344 3.079113 17.691256 4.780432 3.079113 20.897051 6.922475 3.079113 21.468082 6.351444 3.079113 23.039093 10.128270 3.079113 23.785181 9.819230 3.079113 23.791279 13.909762 3.079113 24.598839 13.909762 3.079113 4.780432 17.691256 3.079113 6.922475 20.897051 3.079113 10.128270 23.039093 3.079113 13.909762 24.598839 3.079113 13.909762 23.791279 3.079113 17.691256 23.039093 3.079113 18.000296 23.785181 3.079113 20.897051 20.897051 3.079113 21.468081 21.468082 3.079113 23.039093 17.691256 3.079113 23.785183 18.000296 3.079113 18.356470 24.645063 2.420531 23.076759 23.076759 0.567341 22.671038 22.671038 1.569838 5.148488 5.148488 1.569838 4.742766 4.742766 0.567341 3.174461 9.463056 2.420531 5.693319 5.693319 2.420531 9.463056 3.174461 2.420531 13.909762 2.289956 2.420531 18.356470 3.174461 2.420531 22.126207 5.693319 2.420531 24.645063 9.463056 2.420531 25.529570 13.909762 2.420531 24.645063 18.356470 2.420531 22.126207 22.126207 2.420531 25.887020 18.870907 0.567341 25.356920 18.651331 1.569838 9.168195 2.462605 1.569838 8.948620 1.932504 0.567341 13.909762 1.519448 1.569838 18.651331 2.462605 1.569838 22.671038 5.148487 1.569838 25.356920 9.168195 1.569838 26.300076 13.909762 1.569838 26.873854 13.909762 0.567341 13.909762 0.945671 0.567341 18.870907 1.932504 0.567341 23.076759 4.742766 0.567341 25.887020 8.948620 0.567341 "
										            />
									</IndexedFaceSet>
								</Shape>
							</Group>
						</Transform>
					</Transform>
				</Transform>
				<Transform DEF="group_17_TRANSFORM"
				           translation="15.860324 10.236217 113.426788"
				           scale="1.000000 1.000000 1.000000"
				           rotation="0.000000 1.000000 0.000000 0.000000"
				           >
					<Transform DEF="group_17_ifs_TRANSFORM"
					           translation="0.000000 -0.000004 0.000015"
					           scale="1.000000 1.000000 1.000000"
					           rotation="0.000000 1.000000 0.000000 0.000000"
					           >
						<Group DEF="group_ME_ID166">
							<Shape>
								<Appearance>
									<Material USE="MA_material_007" />
								</Appearance>
								<IndexedFaceSet solid="false"
								                coordIndex="0 1 2 -1 1 0 3 -1 3 0 4 -1 4 0 5 -1 1 6 7 -1 6 1 3 -1 1 8 2 -1 9 8 10 -1 8 9 2 -1 2 9 0 -1 0 9 11 -1 11 5 0 -1 12 4 5 -1 4 12 13 -1 14 15 16 -1 15 14 17 -1 17 14 18 -1 17 18 19 -1 19 18 20 -1 19 20 21 -1 22 23 24 -1 23 22 25 -1 25 22 26 -1 25 26 27 -1 27 26 28 -1 27 28 29 -1 29 28 30 -1 29 30 31 -1 31 30 32 -1 31 32 33 -1 33 32 34 -1 33 34 35 -1 35 34 36 -1 35 36 37 -1 1 7 8 -1 38 39 40 -1 39 38 41 -1 41 38 42 -1 41 42 43 -1 43 42 44 -1 43 44 45 -1 45 44 46 -1 45 46 47 -1 47 46 48 -1 47 48 49 -1 49 48 50 -1 49 50 51 -1 52 10 53 -1 10 52 9 -1 12 5 11 -1 54 51 50 -1 51 54 55 -1 56 57 58 -1 57 56 59 -1 58 60 61 -1 60 58 62 -1 62 58 63 -1 63 58 57 -1 61 64 65 -1 64 61 60 -1 60 66 64 -1 62 67 66 -1 67 62 68 -1 68 62 63 -1 68 63 69 -1 68 70 67 -1 70 68 71 -1 71 72 70 -1 72 71 73 -1 72 74 75 -1 74 72 73 -1 74 76 75 -1 76 74 77 -1 78 79 80 -1 79 78 81 -1 82 83 84 -1 83 82 85 -1 85 86 83 -1 86 85 87 -1 87 53 86 -1 53 87 52 -1 69 57 59 -1 62 66 60 -1 69 63 57 -1 "
								                >
									<Coordinate DEF="coords_ME_ID166"
									            point="18.081432 7.874016 9.842520 26.783260 7.874016 1.924956 18.081432 7.874016 1.924956 44.606297 7.874016 1.924956 44.606297 7.874016 9.842520 26.314358 7.874016 9.842520 44.606297 7.480315 0.000000 26.314358 7.480315 0.000000 18.081432 7.874016 0.000000 13.042063 7.677166 11.811023 13.042063 7.677166 0.000000 18.081432 7.874016 11.811023 26.314358 7.480315 11.811023 44.606297 7.480315 11.811023 44.606297 0.393701 0.000000 44.606297 0.000000 9.842520 44.606297 0.000000 1.924956 44.606297 0.393701 11.811023 44.606297 7.480315 0.000000 44.606297 7.480315 11.811023 44.606297 7.874016 1.924956 44.606297 7.874016 9.842520 5.483007 5.905512 0.000000 -0.883963 1.968504 0.000000 -0.883963 5.905512 0.000000 5.483007 1.968504 0.000000 6.742849 6.692913 0.000000 6.742849 1.181102 0.000000 9.262535 7.283464 0.000000 9.262535 0.590551 0.000000 13.042063 7.677166 0.000000 13.042063 0.196850 0.000000 18.081432 7.874016 0.000000 18.081432 0.000000 0.000000 26.314358 7.480315 0.000000 26.314358 0.393701 0.000000 44.606297 7.480315 0.000000 44.606297 0.393701 0.000000 5.483007 1.968504 11.811023 -0.883963 5.905512 11.811023 -0.883963 1.968504 11.811023 5.483007 5.905512 11.811023 6.742849 1.181102 11.811023 6.742849 6.692913 11.811023 9.262535 0.590551 11.811023 9.262535 7.283464 11.811023 13.042063 0.196850 11.811023 13.042063 7.677166 11.811023 18.081432 0.000000 11.811023 18.081432 7.874016 11.811023 26.314358 0.393701 11.811023 26.314358 7.480315 11.811023 9.262535 7.283464 11.811023 9.262535 7.283464 0.000000 44.606297 0.393701 11.811023 44.606297 7.480315 11.811023 44.606297 0.393701 11.811023 26.314358 0.000000 9.842520 44.606297 0.000000 9.842520 26.314358 0.393701 11.811023 26.314358 0.000000 1.924956 44.606297 0.000000 1.924956 18.081432 0.000000 1.924956 18.081432 0.000000 9.842520 26.314358 0.393701 0.000000 44.606297 0.393701 0.000000 18.081432 0.000000 0.000000 13.042063 0.196850 0.000000 13.042063 0.196850 11.811023 18.081432 0.000000 11.811023 9.262535 0.590551 0.000000 9.262535 0.590551 11.811023 6.742849 1.181102 0.000000 6.742849 1.181102 11.811023 5.483007 1.968504 11.811023 5.483007 1.968504 0.000000 -0.883963 1.968504 0.000000 -0.883963 1.968504 11.811023 -0.883963 5.905512 11.811023 -0.883963 1.968504 0.000000 -0.883963 1.968504 11.811023 -0.883963 5.905512 0.000000 -0.883963 5.905512 11.811023 5.483007 5.905512 0.000000 -0.883963 5.905512 0.000000 5.483007 5.905512 11.811023 6.742849 6.692913 0.000000 6.742849 6.692913 11.811023 "
									            />
								</IndexedFaceSet>
							</Shape>
						</Group>
					</Transform>
				</Transform>
				<Transform DEF="group_18_TRANSFORM"
				           translation="16.503155 10.629917 92.954338"
				           scale="1.000000 0.900000 0.900000"
				           rotation="0.000000 1.000000 0.000000 0.000000"
				           >
					<Transform DEF="group_18_ifs_TRANSFORM"
					           translation="0.000000 0.000008 0.000000"
					           scale="1.000000 1.000000 1.000000"
					           rotation="0.000000 1.000000 0.000000 0.000000"
					           >
						<Group DEF="group_ME_ID173_001">
							<Shape>
								<Appearance>
									<Material USE="MA_material_007" />
								</Appearance>
								<IndexedFaceSet solid="false"
								                coordIndex="0 1 2 -1 1 0 3 -1 3 0 4 -1 4 0 5 -1 1 6 7 -1 6 1 3 -1 1 8 2 -1 9 8 10 -1 8 9 2 -1 2 9 0 -1 0 9 11 -1 11 5 0 -1 12 4 5 -1 4 12 13 -1 14 15 16 -1 15 14 17 -1 17 14 18 -1 17 18 19 -1 19 18 20 -1 19 20 21 -1 22 23 24 -1 23 22 25 -1 25 22 26 -1 25 26 27 -1 27 26 28 -1 27 28 29 -1 29 28 30 -1 29 30 31 -1 31 30 32 -1 31 32 33 -1 33 32 34 -1 33 34 35 -1 35 34 36 -1 35 36 37 -1 1 7 8 -1 38 39 40 -1 39 38 41 -1 41 38 42 -1 41 42 43 -1 43 42 44 -1 43 44 45 -1 45 44 46 -1 45 46 47 -1 47 46 48 -1 47 48 49 -1 49 48 50 -1 49 50 51 -1 52 10 53 -1 10 52 9 -1 12 5 11 -1 54 51 50 -1 51 54 55 -1 56 57 58 -1 57 56 59 -1 58 60 61 -1 60 58 62 -1 62 58 63 -1 63 58 57 -1 61 64 65 -1 64 61 60 -1 60 66 64 -1 62 67 66 -1 67 62 68 -1 68 62 63 -1 68 63 69 -1 68 70 67 -1 70 68 71 -1 71 72 70 -1 72 71 73 -1 72 74 75 -1 74 72 73 -1 76 77 78 -1 77 76 79 -1 80 81 82 -1 81 80 83 -1 84 85 86 -1 85 84 87 -1 88 89 90 -1 89 88 91 -1 91 53 89 -1 53 91 52 -1 69 57 59 -1 62 66 60 -1 69 63 57 -1 "
								                >
									<Coordinate DEF="coords_ME_ID173_001"
									            point="18.081432 7.874016 9.842520 26.783260 7.874016 1.924956 18.081432 7.874016 1.924956 43.963467 7.874016 1.924956 43.963467 7.874016 9.842520 26.314358 7.874016 9.842520 43.963467 7.480315 0.000000 26.314358 7.480315 0.000000 18.081432 7.874016 0.000000 13.042063 7.677166 11.811023 13.042063 7.677166 0.000000 18.081432 7.874016 11.811023 26.314358 7.480315 11.811023 43.963467 7.480315 11.811023 43.963467 0.393701 0.000000 43.963467 0.000000 9.842520 43.963467 0.000000 1.924956 43.963467 0.393701 11.811023 43.963467 7.480315 0.000000 43.963467 7.480315 11.811023 43.963467 7.874016 1.924956 43.963467 7.874016 9.842520 5.483007 5.905512 0.000000 -0.883963 1.968504 0.000000 -0.883963 5.905512 0.000000 5.483007 1.968504 0.000000 6.742849 6.692913 0.000000 6.742849 1.181102 0.000000 9.262535 7.283464 0.000000 9.262535 0.590551 0.000000 13.042063 7.677166 0.000000 13.042063 0.196850 0.000000 18.081432 7.874016 0.000000 18.081432 0.000000 0.000000 26.314358 7.480315 0.000000 26.314358 0.393701 0.000000 43.963467 7.480315 0.000000 43.963467 0.393701 0.000000 5.483007 1.968504 11.811023 -0.883963 5.905512 11.811023 -0.883963 1.968504 11.811023 5.483007 5.905512 11.811023 6.742849 1.181102 11.811023 6.742849 6.692913 11.811023 9.262535 0.590551 11.811023 9.262535 7.283464 11.811023 13.042063 0.196850 11.811023 13.042063 7.677166 11.811023 18.081432 0.000000 11.811023 18.081432 7.874016 11.811023 26.314358 0.393701 11.811023 26.314358 7.480315 11.811023 9.262535 7.283464 11.811023 9.262535 7.283464 0.000000 43.963467 0.393701 11.811023 43.963467 7.480315 11.811023 43.963467 0.393701 11.811023 26.314358 0.000000 9.842520 43.963467 0.000000 9.842520 26.314358 0.393701 11.811023 26.314358 0.000000 1.924956 43.963467 0.000000 1.924956 18.081432 0.000000 1.924956 18.081432 0.000000 9.842520 26.314358 0.393701 0.000000 43.963467 0.393701 0.000000 18.081432 0.000000 0.000000 13.042063 0.196850 0.000000 13.042063 0.196850 11.811023 18.081432 0.000000 11.811023 9.262535 0.590551 0.000000 9.262535 0.590551 11.811023 6.742849 1.181102 0.000000 6.742849 1.181102 11.811023 5.483007 1.968504 11.811023 5.483007 1.968504 0.000000 5.483007 1.968504 11.811023 -0.883963 1.968504 0.000000 5.483007 1.968504 0.000000 -0.883963 1.968504 11.811023 -0.883963 5.905512 11.811023 -0.883963 1.968504 0.000000 -0.883963 1.968504 11.811023 -0.883963 5.905512 0.000000 -0.883963 5.905512 11.811023 5.483007 5.905512 0.000000 -0.883963 5.905512 0.000000 5.483007 5.905512 11.811023 5.483007 5.905512 11.811023 6.742849 6.692913 0.000000 5.483007 5.905512 0.000000 6.742849 6.692913 11.811023 "
									            />
								</IndexedFaceSet>
							</Shape>
						</Group>
					</Transform>
				</Transform>
				<Transform DEF="group_19_TRANSFORM"
				           translation="16.551165 54.873245 7.127564"
				           scale="1.000000 1.000000 1.000000"
				           rotation="0.000000 0.000000 1.000000 1.570796"
				           >
					<Transform DEF="group_19_ifs_TRANSFORM"
					           translation="-0.000000 -0.000000 0.000000"
					           scale="1.000000 1.000000 1.000000"
					           rotation="0.000000 0.000000 -0.000000 0.000000"
					           >
						<Group DEF="group_ME_ID180">
							<Shape>
								<Appearance>
									<Material USE="MA_material_007" />
								</Appearance>
								<IndexedFaceSet solid="false"
								                coordIndex="0 1 2 -1 1 0 3 -1 4 5 6 -1 5 4 7 -1 7 4 8 -1 8 4 9 -1 9 4 10 -1 10 4 11 -1 11 4 12 -1 12 4 13 -1 14 15 16 -1 15 14 17 -1 18 19 20 -1 19 18 21 -1 21 18 22 -1 21 22 23 -1 21 23 24 -1 21 24 25 -1 21 25 26 -1 21 26 27 -1 2 28 29 -1 28 2 1 -1 30 31 32 -1 31 30 33 -1 34 35 36 -1 35 34 37 -1 38 39 40 -1 39 38 41 -1 42 43 44 -1 43 42 45 -1 28 46 29 -1 46 28 47 -1 48 49 50 -1 49 48 51 -1 50 30 32 -1 30 50 49 -1 "
								                >
									<Coordinate DEF="coords_ME_ID180"
									            point="-53.298443 0.000000 7.086615 -53.715969 4.724409 7.016146 -53.715969 0.000000 7.016146 -53.298443 4.724409 7.086615 51.259842 0.000000 7.086615 -54.873249 0.000000 0.000000 51.259842 0.000000 0.000000 -54.873249 0.000000 5.511811 -54.802784 0.000000 5.929335 -54.503368 0.000000 6.228744 -54.085846 0.000000 6.299213 -54.015381 0.000000 6.716736 -53.715969 0.000000 7.016146 -53.298443 0.000000 7.086615 51.259842 0.000000 7.086615 -53.298443 4.724409 7.086615 -53.298443 0.000000 7.086615 51.259842 4.724409 7.086615 -54.873249 4.724409 5.511811 51.259842 4.724409 0.000000 -54.873249 4.724409 0.000000 51.259842 4.724409 7.086615 -54.802784 4.724409 5.929335 -54.503368 4.724409 6.228744 -54.085846 4.724409 6.299213 -54.015381 4.724409 6.716736 -53.715969 4.724409 7.016146 -53.298443 4.724409 7.086615 -54.015381 4.724409 6.716736 -54.015381 0.000000 6.716736 -54.802784 4.724409 5.929335 -54.873249 0.000000 5.511811 -54.802784 0.000000 5.929335 -54.873249 4.724409 5.511811 -54.873249 4.724409 5.511811 -54.873249 0.000000 0.000000 -54.873249 0.000000 5.511811 -54.873249 4.724409 0.000000 51.259842 4.724409 0.000000 -54.873249 0.000000 0.000000 -54.873249 4.724409 0.000000 51.259842 0.000000 0.000000 51.259842 4.724409 0.000000 51.259842 0.000000 7.086615 51.259842 0.000000 0.000000 51.259842 4.724409 7.086615 -54.085846 0.000000 6.299213 -54.085846 4.724409 6.299213 -54.085846 0.000000 6.299213 -54.503368 4.724409 6.228744 -54.503368 0.000000 6.228744 -54.085846 4.724409 6.299213 "
									            />
								</IndexedFaceSet>
							</Shape>
						</Group>
					</Transform>
				</Transform>
			</Transform>
		</Transform>
		<Transform DEF="SketchUp_001_TRANSFORM"
		           translation="0.000000 0.000000 0.000000"
		           scale="0.025400 0.025400 0.025400"
		           rotation="-1.000000 0.000000 0.000000 1.570796"
		           >
			<Transform DEF="SketchUp_001_ifs_TRANSFORM"
			           translation="0.000000 0.000000 0.000000"
			           scale="1.000000 1.000000 1.000000"
			           rotation="0.000000 1.000000 0.000000 0.000000"
			           >
				<Group DEF="group_ME_ID194">
				</Group>
			</Transform>
		</Transform>
	</Scene>
</X3D>