<?xml version="1.0" encoding="UTF-8"?>
<!DOCTYPE X3D PUBLIC "ISO//Web3D//DTD X3D 3.0//EN" "http://www.web3d.org/specifications/x3d-3.0.dtd">
<X3D version="3.0" profile="Immersive" xmlns:xsd="http://www.w3.org/2001/XMLSchema-instance" xsd:noNamespaceSchemaLocation="http://www.web3d.org/specifications/x3d-3.0.xsd">
	<head>
		<meta name="filename" content="20-3 梁額等卯口.x3d" />
		<meta name="created" content="2025-12-29 13:52:16" />
		<meta name="generator" content="Blender 4.2.2 LTS" />
		<meta name="translator" content="Web3D X3D/VRML2 format v2.5.1" />
	</head>
	<Scene>
		<NavigationInfo headlight="true"
		                visibilityLimit="0.0"
		                type='"EXAMINE", "ANY"'
		                avatarSize="0.25, 1.75, 0.75"
		                />
		<Background DEF="WO_World"
		            groundColor="0.051 0.051 0.051"
		            skyColor="0.051 0.051 0.051"
		            />
		<Transform DEF="SketchUp_TRANSFORM"
		           translation="0.000000 0.000000 0.000000"
		           scale="0.025400 0.025400 0.025400"
		           rotation="-1.000000 0.000000 0.000000 1.570796"
		           >
			<Transform DEF="group_0_TRANSFORM"
			           translation="-40.125652 20.293219 105.552757"
			           scale="1.000000 1.000000 1.000000"
			           rotation="0.000000 1.000000 0.000000 0.000000"
			           >
				<Transform DEF="group_0_ifs_TRANSFORM"
				           translation="-0.000004 0.000004 0.000008"
				           scale="1.000000 1.000000 1.000000"
				           rotation="0.000000 1.000000 0.000000 0.000000"
				           >
					<Group DEF="group_ME_ID52">
					</Group>
				</Transform>
				<Transform DEF="group_1_TRANSFORM"
				           translation="41.832668 7.152235 19.685051"
				           scale="1.000000 1.000000 1.000000"
				           rotation="0.000000 1.000000 0.000000 0.000000"
				           >
					<Transform DEF="group_1_ifs_TRANSFORM"
					           translation="0.000000 0.000002 0.000015"
					           scale="1.000000 1.000000 1.000000"
					           rotation="0.000000 1.000000 0.000000 0.000000"
					           >
						<Group DEF="group_ME_ID4_003">
							<Shape>
								<Appearance>
									<Material DEF="MA_material_008"
									          diffuseColor="1.000 1.000 1.000"
									          specularColor="0.401 0.401 0.401"
									          emissiveColor="0.000 0.000 0.000"
									          ambientIntensity="0.000"
									          shininess="0.500"
									          transparency="0.000"
									          />
								</Appearance>
								<IndexedFaceSet solid="false"
								                coordIndex="0 1 2 -1 1 0 3 -1 4 5 6 -1 5 4 7 -1 8 9 10 -1 9 8 11 -1 12 13 14 -1 13 12 15 -1 16 17 18 -1 17 16 19 -1 20 21 22 -1 21 20 23 -1 "
								                >
									<Coordinate DEF="coords_ME_ID4_003"
									            point="1.574803 0.000000 1.574803 0.000000 1.574803 1.574803 0.000000 0.000000 1.574803 1.574803 1.574803 1.574803 1.574803 1.574803 0.000000 1.574803 0.000000 1.574803 1.574803 0.000000 0.000000 1.574803 1.574803 1.574803 0.000000 1.574803 1.574803 1.574803 1.574803 0.000000 0.000000 1.574803 0.000000 1.574803 1.574803 1.574803 0.000000 1.574803 1.574803 0.000000 0.000000 0.000000 0.000000 0.000000 1.574803 0.000000 1.574803 0.000000 1.574803 0.000000 1.574803 0.000000 0.000000 0.000000 1.574803 0.000000 0.000000 0.000000 0.000000 1.574803 1.574803 1.574803 0.000000 0.000000 0.000000 0.000000 0.000000 1.574803 0.000000 1.574803 0.000000 0.000000 "
									            />
								</IndexedFaceSet>
							</Shape>
						</Group>
					</Transform>
				</Transform>
				<Transform DEF="group_2_TRANSFORM"
				           translation="34.680443 0.000004 0.000008"
				           scale="1.000000 1.000000 1.000000"
				           rotation="0.000000 1.000000 0.000000 0.000000"
				           >
					<Transform DEF="group_2_ifs_TRANSFORM"
					           translation="-0.000000 0.000004 0.000008"
					           scale="1.000000 1.000000 1.000000"
					           rotation="0.000000 1.000000 0.000000 0.000000"
					           >
						<Group DEF="group_ME_ID13">
							<Shape>
								<Appearance>
									<Material USE="MA_material_008" />
								</Appearance>
								<IndexedFaceSet solid="false"
								                coordIndex="0 1 2 -1 3 4 5 -1 4 3 6 -1 4 6 7 -1 7 6 1 -1 7 1 0 -1 8 5 9 -1 5 8 10 -1 10 8 11 -1 11 0 2 -1 0 11 8 -1 3 5 10 -1 12 13 14 -1 13 12 15 -1 15 12 16 -1 17 18 19 -1 18 17 20 -1 21 22 23 -1 22 21 24 -1 24 21 25 -1 26 27 28 -1 27 26 29 -1 7 30 4 -1 30 7 31 -1 32 33 34 -1 33 32 35 -1 36 9 37 -1 9 36 8 -1 38 28 39 -1 28 38 26 -1 40 41 42 -1 41 40 43 -1 29 44 27 -1 44 29 45 -1 31 46 30 -1 46 31 47 -1 48 36 37 -1 36 48 49 -1 50 39 51 -1 39 50 38 -1 52 42 53 -1 42 52 40 -1 40 54 43 -1 54 40 55 -1 43 56 41 -1 56 43 57 -1 45 58 44 -1 58 45 59 -1 47 60 61 -1 60 47 62 -1 60 62 63 -1 46 61 64 -1 61 46 47 -1 64 61 65 -1 48 66 49 -1 66 48 67 -1 66 67 68 -1 49 69 70 -1 69 49 66 -1 70 69 71 -1 72 50 51 -1 50 72 73 -1 74 53 75 -1 53 74 52 -1 40 76 55 -1 76 40 52 -1 55 77 54 -1 77 55 78 -1 43 79 57 -1 79 43 54 -1 57 80 56 -1 80 57 81 -1 59 82 58 -1 82 59 83 -1 62 84 63 -1 84 62 85 -1 86 64 65 -1 64 86 87 -1 87 86 84 -1 87 84 85 -1 88 89 90 -1 89 88 91 -1 89 91 92 -1 92 91 93 -1 94 95 96 -1 95 94 97 -1 95 97 98 -1 98 97 99 -1 96 100 101 -1 100 96 95 -1 101 100 99 -1 101 99 97 -1 102 103 104 -1 103 102 105 -1 105 102 106 -1 105 106 107 -1 67 108 68 -1 108 67 109 -1 108 109 110 -1 110 109 111 -1 110 70 71 -1 70 110 111 -1 112 73 72 -1 73 112 113 -1 114 74 75 -1 74 114 115 -1 52 116 76 -1 116 52 74 -1 76 78 55 -1 78 76 117 -1 118 119 120 -1 119 118 121 -1 121 118 122 -1 121 122 123 -1 121 123 124 -1 124 123 125 -1 125 123 126 -1 125 126 127 -1 127 126 128 -1 127 128 129 -1 127 129 130 -1 130 129 131 -1 131 129 132 -1 131 132 133 -1 54 134 79 -1 134 54 77 -1 57 135 81 -1 135 57 79 -1 81 136 80 -1 136 81 137 -1 138 82 83 -1 82 138 139 -1 140 141 142 -1 141 140 143 -1 141 143 144 -1 144 143 145 -1 142 146 147 -1 146 142 141 -1 147 146 145 -1 147 145 143 -1 148 87 85 -1 87 148 149 -1 109 150 111 -1 150 109 151 -1 112 152 113 -1 152 112 153 -1 154 115 114 -1 115 154 155 -1 74 156 116 -1 156 74 115 -1 76 157 117 -1 157 76 116 -1 116 158 157 -1 158 116 156 -1 156 159 158 -1 159 156 160 -1 159 161 162 -1 161 159 160 -1 162 163 164 -1 163 162 161 -1 164 165 166 -1 165 164 163 -1 166 167 168 -1 167 166 165 -1 169 167 170 -1 167 169 168 -1 171 170 172 -1 170 171 169 -1 173 172 174 -1 172 173 171 -1 175 174 176 -1 174 175 173 -1 135 175 176 -1 175 135 177 -1 79 177 135 -1 177 79 134 -1 81 176 137 -1 176 81 135 -1 178 136 137 -1 136 178 179 -1 180 139 138 -1 139 180 181 -1 148 182 149 -1 182 148 183 -1 184 151 185 -1 151 184 150 -1 153 186 152 -1 186 153 187 -1 188 155 154 -1 155 188 189 -1 115 160 156 -1 160 115 155 -1 160 189 161 -1 189 160 155 -1 161 190 163 -1 190 161 189 -1 163 191 165 -1 191 163 190 -1 165 192 167 -1 192 165 191 -1 170 192 193 -1 192 170 167 -1 172 193 194 -1 193 172 170 -1 174 194 178 -1 194 174 172 -1 176 178 137 -1 178 176 174 -1 194 179 178 -1 179 194 195 -1 180 196 181 -1 196 180 197 -1 183 198 182 -1 198 183 199 -1 199 183 200 -1 200 183 201 -1 201 183 202 -1 203 198 199 -1 202 204 201 -1 203 185 198 -1 185 203 205 -1 185 205 184 -1 184 205 204 -1 184 204 202 -1 206 187 207 -1 187 206 186 -1 188 190 189 -1 190 188 208 -1 191 208 209 -1 208 191 190 -1 192 209 210 -1 209 192 191 -1 193 210 211 -1 210 193 192 -1 194 211 195 -1 211 194 193 -1 197 212 196 -1 212 197 213 -1 214 215 216 -1 215 214 217 -1 217 214 218 -1 219 220 221 -1 220 219 222 -1 223 224 225 -1 224 223 226 -1 226 223 227 -1 228 229 230 -1 229 228 231 -1 213 207 212 -1 207 213 206 -1 "
								                >
									<Coordinate DEF="coords_ME_ID13"
									            point="7.939632 0.656168 13.123360 7.152231 0.638907 9.645670 7.939632 0.482284 9.645670 7.939632 0.403543 8.070867 4.901267 0.604369 0.000000 7.939632 0.000000 0.000000 7.152231 0.560167 8.070867 5.152371 1.210589 13.123360 10.726893 1.210589 13.123360 10.977998 0.604369 0.000000 8.727035 0.560167 8.070867 8.727035 0.638907 9.645670 7.939632 0.403543 8.070867 7.152231 5.971129 8.070867 7.152231 0.560167 8.070867 8.727035 5.971129 8.070867 8.727035 0.560167 8.070867 7.152231 5.971129 8.070867 7.152231 0.638907 9.645670 7.152231 0.560167 8.070867 7.152231 5.971129 9.645670 8.727035 5.971128 9.645670 7.152231 0.638907 9.645670 7.152231 5.971129 9.645670 7.939632 0.482284 9.645670 8.727035 0.638907 9.645670 7.939632 1.404199 18.110235 5.152371 1.210589 13.123360 7.939632 0.656168 13.123360 5.438631 1.901680 18.110235 2.325464 2.325464 0.000000 2.789445 2.789445 13.123360 8.727035 0.638907 9.645670 8.727035 5.971129 8.070867 8.727035 0.560167 8.070867 8.727035 5.971128 9.645670 13.089820 2.789445 13.123360 13.553800 2.325464 0.000000 10.440635 1.901680 18.110235 10.726893 1.210589 13.123360 7.939632 1.733764 18.904633 5.438631 1.901680 18.110235 7.939632 1.404199 18.110235 5.564750 2.206158 18.904633 2.789445 2.789445 13.123360 3.318383 3.318383 18.110235 0.604369 4.901267 0.000000 1.210589 5.152371 13.123360 15.274897 4.901267 0.000000 14.668676 5.152371 13.123360 12.560882 3.318383 18.110235 13.089820 2.789445 13.123360 10.314515 2.206158 18.904633 10.440635 1.901680 18.110235 5.813109 2.805751 19.468977 7.939632 2.382759 19.468977 3.318383 3.318383 18.110235 3.551421 3.551421 18.904633 1.210589 5.152371 13.123360 1.901680 5.438631 18.110235 1.041166 5.971129 12.992126 0.627780 5.971129 4.724409 0.656168 7.939632 13.123360 0.649606 7.939632 12.992126 0.000000 7.939632 0.000000 0.236220 7.939632 4.724409 15.251485 5.971129 4.724409 15.879266 7.939632 0.000000 15.643044 7.939632 4.724409 14.838099 5.971128 12.992126 15.223097 7.939632 13.123360 15.229658 7.939632 12.992126 14.668676 5.152371 13.123360 13.977586 5.438631 18.110235 12.327845 3.551421 18.904633 12.560882 3.318383 18.110235 10.066155 2.805751 19.468977 6.131680 3.574847 19.685040 7.939632 3.215223 19.685040 4.010330 4.010330 19.468977 1.901680 5.438631 18.110235 2.206158 5.564750 18.904633 0.656168 7.939632 13.123360 1.404199 7.939632 18.110235 1.041166 9.908136 12.992126 1.210589 10.726893 13.123360 0.627780 9.908136 4.724409 0.604369 10.977998 0.000000 1.041166 9.908136 12.992126 1.041166 5.971129 12.992126 0.649606 7.939632 12.992126 14.838099 9.908136 12.992126 14.838099 5.971128 12.992126 15.229658 7.939632 12.992126 0.627780 5.971129 4.724409 7.152231 5.971129 8.070867 15.251485 5.971129 4.724409 1.041166 5.971129 12.992126 7.152231 5.971129 9.645670 8.727035 5.971128 9.645670 8.727035 5.971129 8.070867 14.838099 5.971128 12.992126 0.627780 5.971129 4.724409 0.627780 9.908136 4.724409 0.236220 7.939632 4.724409 15.251485 9.908136 4.724409 15.251485 5.971129 4.724409 15.643044 7.939632 4.724409 15.251485 9.908136 4.724409 15.274897 10.977998 0.000000 14.838099 9.908136 12.992126 14.668676 10.726893 13.123360 15.223097 7.939632 13.123360 14.475065 7.939632 18.110235 13.977586 5.438631 18.110235 13.673107 5.564750 18.904633 11.868936 4.010330 19.468977 9.747586 3.574847 19.685040 3.574847 6.131680 19.685040 3.574847 9.747586 19.685040 3.215223 7.939632 19.685040 4.598970 11.280293 19.685040 4.598970 4.598970 19.685040 6.131680 3.574847 19.685040 6.131680 12.304418 19.685040 7.939632 12.664042 19.685040 7.939632 3.215223 19.685040 9.747586 12.304418 19.685040 9.747586 3.574847 19.685040 11.280293 4.598970 19.685040 11.280293 11.280293 19.685040 12.304418 9.747586 19.685040 12.304418 6.131680 19.685040 12.664042 7.939632 19.685040 4.598970 4.598970 19.685040 2.805751 5.813109 19.468977 1.404199 7.939632 18.110235 1.733764 7.939632 18.904633 1.901680 10.440635 18.110235 1.210589 10.726893 13.123360 15.251485 9.908136 4.724409 8.727035 9.908136 8.070867 0.627780 9.908136 4.724409 14.838099 9.908136 12.992126 8.727035 9.908136 9.645670 7.152231 9.908136 9.645670 7.152231 9.908136 8.070867 1.041166 9.908136 12.992126 2.789445 13.089820 13.123360 2.325464 13.553800 0.000000 13.089820 13.089820 13.123360 13.553800 13.553800 0.000000 13.977586 10.440635 18.110235 14.668676 10.726893 13.123360 14.475065 7.939632 18.110235 14.145501 7.939632 18.904633 13.073514 5.813109 19.468977 11.280293 4.598970 19.685040 12.304418 6.131680 19.685040 12.664042 7.939632 19.685040 13.496506 7.939632 19.468977 13.073514 10.066155 19.468977 12.304418 9.747586 19.685040 11.868936 11.868936 19.468977 11.280293 11.280293 19.685040 10.066155 13.073514 19.468977 9.747586 12.304418 19.685040 7.939632 13.496505 19.468977 7.939632 12.664042 19.685040 6.131680 12.304418 19.685040 5.813109 13.073514 19.468977 4.598970 11.280293 19.685040 4.010330 11.868936 19.468977 3.574847 9.747586 19.685040 2.805751 10.066155 19.468977 3.215223 7.939632 19.685040 2.382759 7.939632 19.468977 3.574847 6.131680 19.685040 2.206158 10.314515 18.904633 1.901680 10.440635 18.110235 3.318383 12.560882 18.110235 2.789445 13.089820 13.123360 4.901267 15.274897 0.000000 5.152371 14.668676 13.123360 10.726893 14.668676 13.123360 10.977998 15.274897 0.000000 12.560882 12.560882 18.110235 13.089820 13.089820 13.123360 13.977586 10.440635 18.110235 13.673107 10.314515 18.904633 12.327845 12.327845 18.904633 10.314515 13.673107 18.904633 7.939632 14.145501 18.904633 5.564750 13.673107 18.904633 3.551421 12.327845 18.904633 3.318383 12.560882 18.110235 5.152371 14.668676 13.123360 5.438631 13.977586 18.110235 7.939632 15.879266 0.000000 7.152231 15.319098 8.070867 7.152231 15.240357 9.645669 7.939632 15.396981 9.645670 7.939632 15.223097 13.123360 7.939632 15.475721 8.070867 8.727035 15.240357 9.645670 8.727035 15.319098 8.070867 10.440635 13.977586 18.110235 10.726893 14.668676 13.123360 12.560882 12.560882 18.110235 10.440635 13.977586 18.110235 7.939632 14.475065 18.110235 5.438631 13.977586 18.110235 7.939632 15.223097 13.123360 7.939632 14.475065 18.110235 7.939632 15.396981 9.645670 7.152231 9.908136 9.645670 7.152231 15.240357 9.645669 8.727035 9.908136 9.645670 8.727035 15.240357 9.645670 7.152231 15.319098 8.070867 7.152231 9.908136 9.645670 7.152231 9.908136 8.070867 7.152231 15.240357 9.645669 8.727035 9.908136 8.070867 7.152231 15.319098 8.070867 7.152231 9.908136 8.070867 7.939632 15.475721 8.070867 8.727035 15.319098 8.070867 8.727035 9.908136 9.645670 8.727035 15.319098 8.070867 8.727035 9.908136 8.070867 8.727035 15.240357 9.645670 "
									            />
								</IndexedFaceSet>
							</Shape>
						</Group>
					</Transform>
				</Transform>
				<Transform DEF="group_3_TRANSFORM"
				           translation="-0.000004 1.443573 4.724419"
				           scale="1.000000 1.000000 1.000000"
				           rotation="0.000000 1.000000 0.000000 0.000000"
				           >
					<Transform DEF="group_3_ifs_TRANSFORM"
					           translation="-0.000004 0.000002 0.000015"
					           scale="1.000000 1.000000 1.000000"
					           rotation="0.000000 1.000000 0.000000 0.000000"
					           >
						<Group DEF="group_ME_ID20_002">
							<Shape>
								<Appearance>
									<Material USE="MA_material_008" />
								</Appearance>
								<IndexedFaceSet solid="false"
								                coordIndex="0 1 2 -1 1 0 3 -1 4 5 6 -1 5 4 7 -1 8 9 10 -1 9 8 11 -1 12 13 14 -1 13 12 15 -1 "
								                >
									<Coordinate DEF="coords_ME_ID20_002"
									            point="27.657478 6.242062 4.921260 27.657478 4.527559 3.346457 27.657478 4.527559 4.921260 27.657478 6.242062 3.346457 27.657478 4.527559 3.346457 26.082676 6.750063 3.346457 26.082676 4.527559 3.346457 27.657478 6.242062 3.346457 27.657478 6.242062 4.921260 26.082676 4.527559 4.921260 26.082676 6.750063 4.921260 27.657478 4.527559 4.921260 26.082676 4.527559 3.346457 26.082676 6.750063 4.921260 26.082676 4.527559 4.921260 26.082676 6.750063 3.346457 "
									            />
								</IndexedFaceSet>
							</Shape>
						</Group>
					</Transform>
				</Transform>
				<Transform DEF="group_3_001_TRANSFORM"
				           translation="-0.000004 1.443573 4.724419"
				           scale="1.000000 1.000000 1.000000"
				           rotation="0.000000 1.000000 0.000000 0.000000"
				           >
					<Transform DEF="group_3_001_ifs_TRANSFORM"
					           translation="-0.000004 0.000002 0.000015"
					           scale="1.000000 1.000000 1.000000"
					           rotation="0.000000 1.000000 0.000000 0.000000"
					           >
						<Group DEF="group_ME_ID26_003">
							<Shape>
								<Appearance>
									<Material USE="MA_material_008" />
								</Appearance>
								<IndexedFaceSet solid="false"
								                coordIndex="0 1 2 -1 1 0 3 -1 1 3 4 -1 4 3 5 -1 2 6 7 -1 6 2 1 -1 7 6 5 -1 7 5 3 -1 8 9 10 -1 9 8 11 -1 11 8 12 -1 11 12 13 -1 14 15 16 -1 15 14 17 -1 18 19 20 -1 19 18 21 -1 19 21 22 -1 22 21 23 -1 24 25 26 -1 25 24 27 -1 28 29 30 -1 29 28 31 -1 32 33 34 -1 33 32 35 -1 36 37 38 -1 37 36 39 -1 40 41 42 -1 41 40 43 -1 41 43 44 -1 44 43 45 -1 42 46 47 -1 46 42 41 -1 47 46 45 -1 47 45 43 -1 48 49 50 -1 49 48 51 -1 52 53 54 -1 55 56 57 -1 58 59 60 -1 61 62 63 -1 64 65 66 -1 65 64 38 -1 65 38 37 -1 65 37 67 -1 68 50 69 -1 50 68 48 -1 49 70 71 -1 70 49 51 -1 49 72 50 -1 52 54 73 -1 55 74 56 -1 59 75 60 -1 76 62 61 -1 76 77 62 -1 78 79 77 -1 80 81 82 -1 81 80 83 -1 81 83 65 -1 65 83 66 -1 84 85 86 -1 59 84 75 -1 87 69 88 -1 69 87 68 -1 89 90 91 -1 50 92 69 -1 93 94 95 -1 71 96 97 -1 96 71 70 -1 49 71 98 -1 50 72 99 -1 49 100 72 -1 101 52 73 -1 102 74 55 -1 78 77 76 -1 79 78 103 -1 104 79 103 -1 105 104 106 -1 107 108 109 -1 108 107 110 -1 108 110 82 -1 82 110 80 -1 111 112 113 -1 113 114 85 -1 84 86 75 -1 85 114 86 -1 87 115 116 -1 115 87 88 -1 89 91 117 -1 88 99 118 -1 99 88 92 -1 92 88 69 -1 50 99 92 -1 93 119 94 -1 97 120 121 -1 120 97 96 -1 100 97 122 -1 97 100 98 -1 97 98 71 -1 49 98 100 -1 118 72 123 -1 72 118 99 -1 72 122 123 -1 122 72 100 -1 124 101 73 -1 125 74 102 -1 126 124 127 -1 104 103 106 -1 105 106 128 -1 129 130 131 -1 130 129 132 -1 130 132 109 -1 109 132 107 -1 133 134 135 -1 135 136 111 -1 137 105 128 -1 138 137 139 -1 113 112 114 -1 111 136 112 -1 140 141 125 -1 88 142 115 -1 142 88 118 -1 143 144 145 -1 144 143 146 -1 144 146 147 -1 147 146 148 -1 148 146 149 -1 149 146 150 -1 150 146 151 -1 151 146 152 -1 151 152 153 -1 153 152 154 -1 154 152 155 -1 154 155 156 -1 156 155 157 -1 157 155 158 -1 158 155 159 -1 159 155 160 -1 160 155 161 -1 161 155 162 -1 162 155 163 -1 162 163 164 -1 164 163 165 -1 165 163 166 -1 165 166 167 -1 167 166 168 -1 168 166 169 -1 169 166 170 -1 170 166 171 -1 172 173 117 -1 173 172 174 -1 173 89 117 -1 175 119 93 -1 175 176 119 -1 176 175 177 -1 122 121 178 -1 121 122 97 -1 118 179 142 -1 179 118 123 -1 123 178 179 -1 178 123 122 -1 124 73 127 -1 125 141 74 -1 180 126 127 -1 126 180 181 -1 182 126 181 -1 126 182 183 -1 184 183 182 -1 183 184 185 -1 186 187 188 -1 189 190 191 -1 191 192 133 -1 187 138 193 -1 135 134 136 -1 133 192 134 -1 137 128 139 -1 138 139 193 -1 140 194 195 -1 194 140 196 -1 196 197 194 -1 197 196 198 -1 140 199 141 -1 199 140 195 -1 200 201 202 -1 191 203 192 -1 203 191 190 -1 204 187 193 -1 187 204 188 -1 205 206 207 -1 207 208 209 -1 208 207 206 -1 209 185 210 -1 185 209 208 -1 185 184 210 -1 211 173 174 -1 212 177 175 -1 198 213 197 -1 198 214 213 -1 214 198 215 -1 215 201 214 -1 201 215 202 -1 "
								                >
									<Coordinate DEF="coords_ME_ID26_003"
									            point="23.818897 7.480315 0.000000 26.082676 6.750063 3.346457 29.921259 5.511811 0.000000 23.818897 7.480315 8.267716 26.082676 6.750063 4.921260 27.657478 6.242062 4.921260 27.657478 6.242062 3.346457 29.921259 5.511811 8.267716 17.716536 4.527559 8.267716 23.818897 8.464567 8.267716 17.716536 8.464567 8.267716 23.818897 7.480315 8.267716 29.921259 4.527559 8.267716 29.921259 5.511811 8.267716 29.921259 4.527559 0.000000 29.921259 5.511811 8.267716 29.921259 4.527559 8.267716 29.921259 5.511811 0.000000 23.818897 8.464567 0.000000 6.299213 4.527559 0.000000 6.299212 8.464567 0.000000 23.818897 7.480315 0.000000 29.921259 4.527559 0.000000 29.921259 5.511811 0.000000 23.818897 8.464567 0.000000 23.818897 7.480315 8.267716 23.818897 7.480315 0.000000 23.818897 8.464567 8.267716 17.716536 8.464567 8.267716 23.818897 8.464567 0.000000 6.299212 8.464567 0.000000 23.818897 8.464567 8.267716 6.299213 4.527559 0.000000 17.716536 8.464567 8.267716 6.299212 8.464567 0.000000 17.716536 4.527559 8.267716 17.716536 4.527559 8.267716 16.404200 9.130677 12.073491 16.404200 3.861449 12.073491 17.716536 8.464567 8.267716 29.921259 4.527559 0.000000 27.657478 4.527559 3.346457 6.299213 4.527559 0.000000 29.921259 4.527559 8.267716 27.657478 4.527559 4.921260 26.082676 4.527559 4.921260 26.082676 4.527559 3.346457 17.716536 4.527559 8.267716 6.299212 8.464567 0.000000 4.649199 5.362880 0.224476 4.649199 7.629246 0.224476 6.299213 4.527559 0.000000 16.404200 9.973754 11.135079 17.716536 8.464567 8.267716 6.299212 8.464567 0.000000 16.404200 3.018373 11.135079 6.299213 4.527559 0.000000 17.716536 4.527559 8.267716 17.716536 4.527559 8.267716 16.404200 3.861449 12.073491 16.404200 3.018373 11.135079 16.404200 9.973754 11.135079 16.404200 9.130677 12.073491 17.716536 8.464567 8.267716 16.141733 3.632785 12.377952 13.779528 10.131084 15.118110 13.779528 2.861042 15.118110 16.141733 9.359342 12.377952 4.724409 9.645669 0.944882 3.909045 8.184361 0.668569 4.724409 3.346457 0.944882 3.909045 4.807765 0.668569 3.034307 6.496063 0.522861 4.724409 10.653543 2.608206 4.724409 2.338583 2.608206 16.141733 2.716535 11.364469 16.141733 10.275590 11.364469 16.141733 9.359342 12.377952 13.779528 11.294291 13.428970 13.779528 10.131084 15.118110 9.842520 2.146465 17.401575 12.992126 10.388331 15.574803 9.842520 10.845661 17.401575 12.992126 2.603794 15.574803 16.141733 3.632785 12.377952 13.779528 2.861042 15.118110 13.779528 1.697835 13.428970 1.574803 10.531496 1.653543 1.195751 8.947475 1.279060 4.724409 10.653543 2.608206 6.299212 8.464567 0.000000 4.724409 9.645669 0.944882 3.224577 6.873260 0.542100 4.724409 2.338583 2.608206 4.724409 3.346457 0.944882 6.299213 4.527559 0.000000 1.574803 2.460630 1.653543 1.195751 4.044651 1.279060 3.224577 6.118866 0.542100 3.128156 6.688566 0.524284 3.128156 6.303560 0.524284 16.141733 10.275590 11.364469 16.141733 2.716535 11.364469 12.992126 11.633859 13.773054 12.992126 10.388331 15.574803 9.842520 10.845661 17.401575 9.842520 12.237532 15.149388 4.593176 1.717718 18.923885 8.267716 11.074326 17.858267 4.593176 11.274407 18.923885 8.267716 1.917800 17.858267 9.842520 2.146465 17.401575 9.842520 0.754593 15.149388 12.992126 2.603794 15.574803 12.992126 1.358268 13.773054 0.000000 9.096944 1.398635 0.000000 10.728346 1.811024 1.574803 10.531496 1.653543 0.832727 7.334156 1.040756 1.574803 2.460630 1.653543 0.000000 2.263780 1.811024 0.000000 3.895182 1.398635 0.832727 5.657970 1.040756 0.655764 6.496063 0.989151 13.779528 11.294291 13.428970 13.779528 1.697835 13.428970 12.992126 11.633859 13.773054 1.574803 11.822834 4.564361 8.267716 12.539371 15.493471 0.000000 1.574803 19.456694 1.968504 11.417322 19.228346 0.000000 11.417322 19.456694 1.968504 1.574803 19.228346 4.593176 1.717718 18.923885 4.593176 0.188648 16.296333 8.267716 1.917800 17.858267 8.267716 0.452756 15.493471 8.267716 11.074326 17.858267 4.593176 11.274407 18.923885 4.593176 12.803477 16.296333 12.992126 1.358268 13.773054 1.574803 1.169291 4.564361 0.000000 7.438247 1.124028 0.000000 0.000000 16.697763 0.000000 0.126941 13.098637 0.000000 0.000000 14.800687 0.000000 0.787402 18.049076 0.000000 0.241470 11.306092 0.000000 0.407141 8.523639 0.000000 0.478207 8.118385 0.000000 0.578740 7.410823 0.000000 0.909449 4.999062 0.000000 1.574803 19.456694 0.000000 1.402887 3.751569 0.000000 2.263780 1.811024 0.000000 11.417322 19.456694 0.000000 3.895182 1.398635 0.000000 5.553879 1.124028 0.000000 6.496063 1.048124 0.000000 7.438247 1.124028 0.000000 9.096944 1.398635 0.000000 10.728346 1.811024 0.000000 11.589239 3.751569 0.000000 12.204723 18.049076 0.000000 12.082677 4.999062 0.000000 12.413385 7.410823 0.000000 12.992126 16.697763 0.000000 12.513919 8.118385 0.000000 12.584986 8.523639 0.000000 12.750656 11.306092 0.000000 12.865185 13.098637 0.000000 12.992126 14.800687 0.000000 10.728346 1.811024 1.574803 11.822834 4.564361 0.000000 11.589239 3.751569 1.574803 1.169291 4.564361 0.000000 2.263780 1.811024 0.000000 1.402887 3.751569 0.000000 5.553879 1.124028 0.000000 6.496063 1.048124 0.000000 12.082677 4.999062 0.000000 12.413385 7.410823 0.000000 12.513919 8.118385 9.842520 12.237532 15.149388 0.000000 12.584986 8.523639 8.267716 12.539371 15.493471 0.000000 11.417322 19.456694 1.968504 11.417322 19.228346 0.000000 12.204723 18.049076 0.000000 1.574803 19.456694 0.000000 0.787402 18.049076 1.968504 1.574803 19.228346 1.968504 0.000000 16.525723 1.968504 12.992126 16.525723 0.000000 0.478207 8.118385 0.000000 0.578740 7.410823 9.842520 0.754593 15.149388 0.000000 0.407141 8.523639 8.267716 0.452756 15.493471 0.000000 0.909449 4.999062 0.000000 0.000000 16.697763 0.000000 0.000000 14.800687 1.968504 0.000000 16.525723 0.000000 0.000000 16.697763 0.000000 12.992126 16.697763 0.000000 12.992126 16.697763 1.968504 12.992126 16.525723 0.000000 12.992126 14.800687 4.593176 12.803477 16.296333 0.000000 12.865185 13.098637 0.000000 12.750656 11.306092 0.000000 12.082677 4.999062 0.000000 0.909449 4.999062 0.000000 0.241470 11.306092 0.000000 0.126941 13.098637 4.593176 0.188648 16.296333 "
									            />
								</IndexedFaceSet>
							</Shape>
						</Group>
					</Transform>
				</Transform>
				<Transform DEF="group_4_TRANSFORM"
				           translation="41.832668 17.830656 8.070877"
				           scale="1.000000 1.000000 1.000000"
				           rotation="0.000000 1.000000 0.000000 0.000000"
				           >
					<Transform DEF="group_4_ifs_TRANSFORM"
					           translation="0.000000 0.000000 0.000008"
					           scale="1.000000 1.000000 1.000000"
					           rotation="0.000000 1.000000 0.000000 0.000000"
					           >
						<Group DEF="group_ME_ID33_002">
							<Shape>
								<Appearance>
									<Material USE="MA_material_008" />
								</Appearance>
								<IndexedFaceSet solid="false"
								                coordIndex="0 1 2 -1 1 0 3 -1 4 5 6 -1 5 4 7 -1 8 9 10 -1 9 8 11 -1 12 13 14 -1 13 12 15 -1 16 17 18 -1 17 16 19 -1 20 21 22 -1 21 20 23 -1 "
								                >
									<Coordinate DEF="coords_ME_ID33_002"
									            point="1.574803 15.912786 0.000000 1.574803 0.840608 1.574803 1.574803 0.840608 0.000000 1.574803 15.912786 1.574803 1.574803 0.840608 1.574803 0.000000 0.840608 0.000000 1.574803 0.840608 0.000000 0.000000 0.840608 1.574803 1.574803 15.912786 0.000000 0.000000 0.840608 0.000000 0.000000 15.912786 0.000000 1.574803 0.840608 0.000000 0.000000 15.912786 1.574803 1.574803 15.912786 0.000000 0.000000 15.912786 0.000000 1.574803 15.912786 1.574803 1.574803 0.840608 1.574803 0.000000 15.912786 1.574803 0.000000 0.840608 1.574803 1.574803 15.912786 1.574803 0.000000 15.912786 1.574803 0.000000 0.840608 0.000000 0.000000 0.840608 1.574803 0.000000 15.912786 0.000000 "
									            />
								</IndexedFaceSet>
							</Shape>
						</Group>
					</Transform>
				</Transform>
				<Transform DEF="group_5_TRANSFORM"
				           translation="55.314949 1.443573 4.724419"
				           scale="1.000000 1.000000 1.000000"
				           rotation="0.000000 1.000000 0.000000 0.000000"
				           >
					<Transform DEF="group_5_ifs_TRANSFORM"
					           translation="0.000002 0.000002 0.000015"
					           scale="1.000000 1.000000 1.000000"
					           rotation="0.000000 1.000000 0.000000 0.000000"
					           >
						<Group DEF="group_ME_ID40">
							<Shape>
								<Appearance>
									<Material USE="MA_material_008" />
								</Appearance>
								<IndexedFaceSet solid="false"
								                coordIndex="0 1 2 -1 1 0 3 -1 4 5 6 -1 5 4 7 -1 8 9 10 -1 9 8 11 -1 12 13 14 -1 13 12 15 -1 "
								                >
									<Coordinate DEF="coords_ME_ID40"
									            point="2.263780 8.464567 3.346457 2.263780 6.750063 4.921260 2.263780 6.750063 3.346457 2.263780 8.464567 4.921260 3.838583 8.464567 4.921260 2.263780 6.750063 4.921260 2.263780 8.464567 4.921260 3.838583 6.242062 4.921260 3.838583 6.242062 3.346457 2.263780 8.464567 3.346457 2.263780 6.750063 3.346457 3.838583 8.464567 3.346457 3.838583 6.242062 4.921260 3.838583 8.464567 3.346457 3.838583 6.242062 3.346457 3.838583 8.464567 4.921260 "
									            />
								</IndexedFaceSet>
							</Shape>
						</Group>
					</Transform>
				</Transform>
				<Transform DEF="group_5_001_TRANSFORM"
				           translation="55.314949 1.443573 4.724419"
				           scale="1.000000 1.000000 1.000000"
				           rotation="0.000000 1.000000 0.000000 0.000000"
				           >
					<Transform DEF="group_5_001_ifs_TRANSFORM"
					           translation="0.000002 0.000002 0.000015"
					           scale="1.000000 1.000000 1.000000"
					           rotation="0.000000 1.000000 0.000000 0.000000"
					           >
						<Group DEF="group_ME_ID46_002">
							<Shape>
								<Appearance>
									<Material USE="MA_material_008" />
								</Appearance>
								<IndexedFaceSet solid="false"
								                coordIndex="0 1 2 -1 1 0 3 -1 1 3 4 -1 4 3 5 -1 2 6 7 -1 6 2 1 -1 7 6 5 -1 7 5 3 -1 8 9 10 -1 9 8 11 -1 12 13 14 -1 15 16 17 -1 16 15 18 -1 16 18 19 -1 19 18 20 -1 21 22 23 -1 22 21 24 -1 25 26 27 -1 26 28 29 -1 28 26 30 -1 30 26 25 -1 31 32 33 -1 32 31 34 -1 35 36 37 -1 38 39 40 -1 39 38 41 -1 42 43 44 -1 43 42 45 -1 12 46 13 -1 47 48 49 -1 50 51 52 -1 51 50 53 -1 54 55 56 -1 55 54 57 -1 57 54 58 -1 58 54 59 -1 60 61 59 -1 61 60 56 -1 61 56 55 -1 59 61 58 -1 35 37 62 -1 63 64 65 -1 39 66 40 -1 66 39 67 -1 68 41 38 -1 41 68 69 -1 70 39 41 -1 71 72 73 -1 72 71 44 -1 44 71 42 -1 42 71 74 -1 75 46 12 -1 76 77 78 -1 79 47 49 -1 80 81 82 -1 83 35 62 -1 65 64 84 -1 67 85 66 -1 85 67 86 -1 87 67 39 -1 88 69 68 -1 69 88 89 -1 90 41 69 -1 70 91 39 -1 70 41 92 -1 65 84 93 -1 93 94 95 -1 96 71 73 -1 71 96 97 -1 97 96 98 -1 97 98 99 -1 100 101 102 -1 79 49 101 -1 103 46 75 -1 76 104 77 -1 80 82 105 -1 106 83 62 -1 86 107 85 -1 107 86 108 -1 87 86 67 -1 86 87 91 -1 86 91 109 -1 91 87 39 -1 110 89 88 -1 89 110 111 -1 89 90 69 -1 90 89 92 -1 92 89 112 -1 92 41 90 -1 70 109 91 -1 109 70 113 -1 112 70 92 -1 70 112 113 -1 93 84 94 -1 95 94 114 -1 115 95 114 -1 116 115 117 -1 118 99 98 -1 99 118 119 -1 119 118 120 -1 119 120 121 -1 122 123 124 -1 124 125 102 -1 100 79 101 -1 102 125 100 -1 103 126 46 -1 127 104 76 -1 128 80 105 -1 106 62 129 -1 109 108 86 -1 108 109 130 -1 131 132 133 -1 132 131 134 -1 132 134 135 -1 132 135 136 -1 132 136 137 -1 132 137 138 -1 132 138 139 -1 132 139 140 -1 140 139 141 -1 140 141 142 -1 140 142 143 -1 143 142 144 -1 143 144 145 -1 143 145 146 -1 143 146 147 -1 143 147 148 -1 143 148 149 -1 143 149 150 -1 143 150 151 -1 151 150 152 -1 151 152 153 -1 151 153 154 -1 154 153 155 -1 154 155 156 -1 154 156 157 -1 154 157 158 -1 154 158 159 -1 160 128 105 -1 128 160 161 -1 127 162 104 -1 162 127 163 -1 111 112 89 -1 112 111 164 -1 113 130 109 -1 130 113 165 -1 164 113 112 -1 113 164 165 -1 166 106 129 -1 115 114 117 -1 116 117 167 -1 168 121 120 -1 121 168 169 -1 169 168 170 -1 169 170 171 -1 172 173 174 -1 174 175 122 -1 176 116 167 -1 177 176 178 -1 124 123 125 -1 122 175 123 -1 179 126 103 -1 180 181 182 -1 183 184 185 -1 184 183 186 -1 187 186 183 -1 188 189 190 -1 191 189 192 -1 189 191 190 -1 193 194 195 -1 195 196 197 -1 196 195 194 -1 197 198 199 -1 198 197 196 -1 198 200 199 -1 200 201 202 -1 201 200 198 -1 202 166 203 -1 166 202 201 -1 204 166 129 -1 166 204 203 -1 205 128 161 -1 206 163 127 -1 179 207 126 -1 207 179 208 -1 179 209 208 -1 209 179 210 -1 210 211 209 -1 211 210 212 -1 212 213 211 -1 212 214 213 -1 214 212 215 -1 215 181 214 -1 181 215 182 -1 183 185 172 -1 189 177 192 -1 174 173 175 -1 172 185 173 -1 176 167 178 -1 177 178 192 -1 "
								                >
									<Coordinate DEF="coords_ME_ID46_002"
									            point="0.000000 8.464567 0.000000 2.263780 8.464567 3.346457 23.622046 8.464567 0.000000 0.000000 8.464567 8.267716 2.263780 8.464567 4.921260 3.838583 8.464567 4.921260 3.838583 8.464567 3.346457 12.204723 8.464567 8.267716 23.622046 4.527559 0.000000 12.204723 8.464567 8.267716 12.204723 4.527559 8.267716 23.622046 8.464567 0.000000 13.517060 9.973754 11.135079 23.622046 8.464567 0.000000 12.204723 8.464567 8.267716 0.000000 8.464567 0.000000 6.102362 5.511811 0.000000 0.000000 7.480315 0.000000 23.622046 8.464567 0.000000 6.102362 4.527559 0.000000 23.622046 4.527559 0.000000 0.000000 7.480315 8.267716 0.000000 8.464567 0.000000 0.000000 7.480315 0.000000 0.000000 8.464567 8.267716 12.204723 4.527559 8.267716 6.102362 5.511811 8.267716 6.102362 4.527559 8.267716 0.000000 8.464567 8.267716 0.000000 7.480315 8.267716 12.204723 8.464567 8.267716 12.204723 4.527559 8.267716 6.102362 4.527559 0.000000 23.622046 4.527559 0.000000 6.102362 4.527559 8.267716 13.517060 3.018373 11.135079 12.204723 4.527559 8.267716 23.622046 4.527559 0.000000 23.622046 8.464567 0.000000 25.272060 5.362880 0.224476 23.622046 4.527559 0.000000 25.272060 7.629246 0.224476 13.517060 9.130676 12.073491 12.204723 4.527559 8.267716 13.517060 3.861449 12.073491 12.204723 8.464567 8.267716 25.196850 10.653543 2.608206 13.517060 9.973754 11.135079 12.204723 8.464567 8.267716 13.517060 9.130676 12.073491 6.102362 4.527559 8.267716 6.102362 5.511811 0.000000 6.102362 4.527559 0.000000 6.102362 5.511811 8.267716 6.102362 5.511811 8.267716 3.838583 6.242062 3.346457 6.102362 5.511811 0.000000 3.838583 6.242062 4.921260 2.263780 6.750063 4.921260 0.000000 7.480315 8.267716 0.000000 7.480315 0.000000 2.263780 6.750063 3.346457 25.196850 2.338583 2.608206 12.204723 4.527559 8.267716 13.517060 3.018373 11.135079 13.517060 3.861449 12.073491 25.196850 3.346457 0.944882 26.012215 4.807765 0.668569 25.196850 9.645670 0.944882 26.012215 8.184361 0.668569 26.886953 6.496063 0.522861 16.141731 10.131084 15.118110 13.779528 3.632785 12.377952 16.141731 2.861042 15.118110 13.779528 9.359342 12.377952 13.779528 10.275590 11.364469 25.196850 10.653543 2.608206 25.196850 9.645670 0.944882 23.622046 8.464567 0.000000 13.779528 10.275590 11.364469 25.196850 2.338583 2.608206 23.622046 4.527559 0.000000 25.196850 3.346457 0.944882 13.779528 2.716535 11.364469 13.779528 2.716535 11.364469 28.346455 2.460630 1.653543 28.725508 4.044651 1.279060 26.696684 6.118866 0.542100 28.346455 10.531496 1.653543 28.725508 8.947475 1.279060 26.696684 6.873260 0.542100 26.793104 6.303560 0.524284 26.793104 6.688566 0.524284 13.779528 3.632785 12.377952 16.141733 1.697835 13.428970 16.141731 2.861042 15.118110 16.929134 2.603794 15.574803 16.929134 10.388331 15.574803 20.078739 2.146465 17.401575 20.078739 10.845661 17.401575 16.141733 11.294291 13.428970 13.779528 9.359342 12.377952 16.141731 10.131084 15.118110 16.141733 11.294291 13.428970 28.346455 10.531496 1.653543 28.346455 2.460630 1.653543 16.141733 1.697835 13.428970 29.921259 2.263780 1.811024 29.921259 3.895182 1.398635 29.088533 5.657970 1.040756 29.921259 10.728347 1.811024 29.921259 9.096944 1.398635 29.088531 7.334156 1.040756 29.265497 6.496063 0.989151 16.929134 1.358268 13.773054 16.929134 2.603794 15.574803 20.078739 2.146465 17.401575 20.078739 0.754593 15.149388 21.653543 1.917800 17.858267 21.653543 11.074326 17.858267 25.328085 1.717718 18.923885 25.328085 11.274407 18.923885 20.078739 10.845661 17.401575 20.078739 12.237532 15.149388 16.929134 10.388331 15.574803 16.929134 11.633859 13.773054 28.346457 11.822834 4.564361 28.346457 11.822834 4.564361 28.346457 1.169291 4.564361 28.346457 1.169291 4.564361 29.921259 5.553879 1.124028 29.921259 0.000000 14.800687 29.921259 0.787402 18.049076 29.921259 0.000000 16.697763 29.921259 0.126941 13.098637 29.921259 0.241470 11.306092 29.921259 0.407141 8.523639 29.921259 0.478207 8.118385 29.921259 0.578740 7.410823 29.921259 0.909449 4.999062 29.921259 1.574803 19.456694 29.921259 1.402887 3.751569 29.921259 2.263780 1.811024 29.921259 11.417322 19.456694 29.921259 3.895182 1.398635 29.921259 5.553879 1.124028 29.921259 6.496063 1.048124 29.921259 7.438247 1.124028 29.921259 9.096944 1.398635 29.921259 10.728347 1.811024 29.921259 11.589239 3.751569 29.921259 12.204723 18.049076 29.921259 12.082677 4.999062 29.921259 12.413385 7.410823 29.921259 12.992126 16.697763 29.921259 12.513919 8.118385 29.921259 12.584986 8.523639 29.921259 12.750656 11.306092 29.921259 12.865185 13.098637 29.921259 12.992126 14.800687 29.921259 2.263780 1.811024 29.921259 1.402887 3.751569 29.921259 10.728347 1.811024 29.921259 11.589239 3.751569 29.921259 7.438247 1.124028 29.921259 6.496063 1.048124 16.929134 1.358268 13.773054 21.653543 0.452756 15.493471 27.952757 1.574803 19.228346 27.952757 11.417322 19.228346 29.921259 1.574803 19.456694 29.921259 11.417322 19.456694 25.328085 11.274407 18.923885 25.328085 12.803477 16.296333 21.653543 11.074326 17.858267 21.653543 12.539371 15.493471 21.653543 1.917800 17.858267 25.328085 1.717718 18.923885 25.328085 0.188648 16.296333 16.929134 11.633859 13.773054 29.921259 12.992126 16.697763 29.921259 12.992126 14.800687 27.952755 12.992126 16.525723 27.952757 11.417322 19.228346 29.921259 12.992126 16.697763 27.952755 12.992126 16.525723 29.921259 12.204723 18.049076 29.921259 11.417322 19.456694 29.921259 1.574803 19.456694 27.952757 1.574803 19.228346 29.921259 0.787402 18.049076 29.921259 0.000000 16.697763 27.952755 0.000000 16.525723 29.921259 0.000000 16.697763 27.952755 0.000000 16.525723 29.921259 0.000000 14.800687 25.328085 0.188648 16.296333 29.921259 0.126941 13.098637 21.653543 0.452756 15.493471 29.921259 0.241470 11.306092 29.921259 0.407141 8.523639 20.078739 0.754593 15.149388 29.921259 0.478207 8.118385 29.921259 0.578740 7.410823 29.921259 0.909449 4.999062 29.921259 0.909449 4.999062 29.921259 12.082677 4.999062 29.921259 12.082677 4.999062 29.921259 12.413385 7.410823 29.921259 12.513919 8.118385 20.078739 12.237532 15.149388 29.921259 12.584986 8.523639 21.653543 12.539371 15.493471 29.921259 12.750656 11.306092 29.921259 12.865185 13.098637 25.328085 12.803477 16.296333 "
									            />
								</IndexedFaceSet>
							</Shape>
						</Group>
					</Transform>
				</Transform>
			</Transform>
			<Transform DEF="group_6_TRANSFORM"
			           translation="-21.193239 20.293219 164.214172"
			           scale="1.000000 1.000000 1.000000"
			           rotation="0.000000 1.000000 0.000000 0.000000"
			           >
				<Transform DEF="group_7_TRANSFORM"
				           translation="19.059814 4.002626 7.874023"
				           scale="1.000000 1.000000 1.000000"
				           rotation="0.000000 1.000000 0.000000 0.000000"
				           >
					<Transform DEF="group_7_ifs_TRANSFORM"
					           translation="0.000000 0.000000 0.000000"
					           scale="1.000000 1.000000 1.000000"
					           rotation="0.000000 1.000000 0.000000 0.000000"
					           >
						<Group DEF="group_ME_ID60">
							<Shape>
								<Appearance>
									<Material USE="MA_material_008" />
								</Appearance>
								<IndexedFaceSet solid="false"
								                coordIndex="0 1 2 -1 1 0 3 -1 3 0 4 -1 4 0 5 -1 1 6 7 -1 6 1 3 -1 1 8 2 -1 9 8 10 -1 8 9 2 -1 2 9 0 -1 0 9 11 -1 11 5 0 -1 12 4 5 -1 4 12 13 -1 14 15 16 -1 15 14 17 -1 17 14 18 -1 17 18 19 -1 19 18 20 -1 19 20 21 -1 22 23 24 -1 23 22 25 -1 25 22 26 -1 26 27 28 -1 27 26 29 -1 29 26 22 -1 29 22 30 -1 29 30 31 -1 31 30 32 -1 31 32 33 -1 33 32 34 -1 33 34 35 -1 35 34 36 -1 35 36 37 -1 37 36 38 -1 37 38 39 -1 39 38 40 -1 39 40 41 -1 1 7 8 -1 42 43 44 -1 43 42 45 -1 45 42 46 -1 46 47 48 -1 47 46 49 -1 49 46 42 -1 49 42 50 -1 49 50 51 -1 51 50 52 -1 51 52 53 -1 53 52 54 -1 53 54 55 -1 55 54 56 -1 55 56 57 -1 57 56 58 -1 57 58 59 -1 60 10 61 -1 10 60 9 -1 12 5 11 -1 62 59 58 -1 59 62 63 -1 64 65 66 -1 65 64 67 -1 66 68 69 -1 68 66 70 -1 70 66 71 -1 71 66 65 -1 69 72 73 -1 72 69 68 -1 68 74 72 -1 70 75 74 -1 75 70 76 -1 76 70 71 -1 76 71 77 -1 76 78 75 -1 78 76 79 -1 79 80 78 -1 80 79 81 -1 80 82 83 -1 82 80 81 -1 82 84 83 -1 84 82 85 -1 86 87 88 -1 87 86 89 -1 90 91 92 -1 91 90 93 -1 94 95 96 -1 95 94 97 -1 98 99 100 -1 99 98 101 -1 102 103 104 -1 103 102 105 -1 106 107 108 -1 107 106 109 -1 109 110 107 -1 110 109 111 -1 111 61 110 -1 61 111 60 -1 77 65 67 -1 70 74 68 -1 77 71 65 -1 "
								                >
									<Coordinate DEF="coords_ME_ID60"
									            point="18.081432 7.874016 9.842520 26.783260 7.874016 1.924956 18.081432 7.874016 1.924956 38.070866 7.874016 1.924956 38.070866 7.874016 9.842520 26.314358 7.874016 9.842520 38.070866 7.480315 0.000000 26.314358 7.480315 0.000000 18.081432 7.874016 0.000000 13.042063 7.677166 11.811023 13.042063 7.677166 0.000000 18.081432 7.874016 11.811023 26.314358 7.480315 11.811023 38.070866 7.480315 11.811023 38.070866 0.393701 0.000000 38.070866 0.000000 9.842520 38.070866 0.000000 1.924956 38.070866 0.393701 11.811023 38.070866 7.480315 0.000000 38.070866 7.480315 11.811023 38.070866 7.874016 1.924956 38.070866 7.874016 9.842520 5.483007 5.905512 0.000000 -0.883963 4.527559 0.000000 -0.883963 5.905512 0.000000 0.690840 4.724409 0.000000 0.690840 3.149606 0.000000 -0.883963 1.968504 0.000000 -0.883963 3.346457 0.000000 5.483007 1.968504 0.000000 6.742849 6.692913 0.000000 6.742849 1.181102 0.000000 9.262535 7.283464 0.000000 9.262535 0.590551 0.000000 13.042063 7.677166 0.000000 13.042063 0.196850 0.000000 18.081432 7.874016 0.000000 18.081432 0.000000 0.000000 26.314358 7.480315 0.000000 26.314358 0.393701 0.000000 38.070866 7.480315 0.000000 38.070866 0.393701 0.000000 5.483007 1.968504 11.811023 -0.883963 3.346457 11.811023 -0.883963 1.968504 11.811023 0.690840 3.149606 11.811023 0.690840 4.724409 11.811023 -0.883963 5.905512 11.811023 -0.883963 4.527559 11.811023 5.483007 5.905512 11.811023 6.742849 1.181102 11.811023 6.742849 6.692913 11.811023 9.262535 0.590551 11.811023 9.262535 7.283464 11.811023 13.042063 0.196850 11.811023 13.042063 7.677166 11.811023 18.081432 0.000000 11.811023 18.081432 7.874016 11.811023 26.314358 0.393701 11.811023 26.314358 7.480315 11.811023 9.262535 7.283464 11.811023 9.262535 7.283464 0.000000 38.070866 0.393701 11.811023 38.070866 7.480315 11.811023 38.070866 0.393701 11.811023 26.314358 0.000000 9.842520 38.070866 0.000000 9.842520 26.314358 0.393701 11.811023 26.314358 0.000000 1.924956 38.070866 0.000000 1.924956 18.081432 0.000000 1.924956 18.081432 0.000000 9.842520 26.314358 0.393701 0.000000 38.070866 0.393701 0.000000 18.081432 0.000000 0.000000 13.042063 0.196850 0.000000 13.042063 0.196850 11.811023 18.081432 0.000000 11.811023 9.262535 0.590551 0.000000 9.262535 0.590551 11.811023 6.742849 1.181102 0.000000 6.742849 1.181102 11.811023 5.483007 1.968504 11.811023 5.483007 1.968504 0.000000 -0.883963 1.968504 0.000000 -0.883963 1.968504 11.811023 -0.883963 3.346457 11.811023 -0.883963 1.968504 0.000000 -0.883963 1.968504 11.811023 -0.883963 3.346457 0.000000 -0.883963 3.346457 11.811023 0.690840 3.149606 0.000000 -0.883963 3.346457 0.000000 0.690840 3.149606 11.811023 0.690840 4.724409 11.811023 0.690840 3.149606 0.000000 0.690840 3.149606 11.811023 0.690840 4.724409 0.000000 0.690840 4.724409 11.811023 -0.883963 4.527559 0.000000 0.690840 4.724409 0.000000 -0.883963 4.527559 11.811023 -0.883963 5.905512 11.811023 -0.883963 4.527559 0.000000 -0.883963 4.527559 11.811023 -0.883963 5.905512 0.000000 -0.883963 5.905512 11.811023 5.483007 5.905512 0.000000 -0.883963 5.905512 0.000000 5.483007 5.905512 11.811023 6.742849 6.692913 0.000000 6.742849 6.692913 11.811023 "
									            />
								</IndexedFaceSet>
							</Shape>
						</Group>
					</Transform>
				</Transform>
				<Transform DEF="group_8_TRANSFORM"
				           translation="7.152227 7.152235 19.685059"
				           scale="1.000000 1.000000 1.000000"
				           rotation="0.000000 1.000000 0.000000 0.000000"
				           >
					<Transform DEF="group_8_ifs_TRANSFORM"
					           translation="-0.000001 0.000002 0.000015"
					           scale="1.000000 1.000000 1.000000"
					           rotation="0.000000 1.000000 0.000000 0.000000"
					           >
						<Group DEF="group_ME_ID67">
							<Shape>
								<Appearance>
									<Material USE="MA_material_008" />
								</Appearance>
								<IndexedFaceSet solid="false"
								                coordIndex="0 1 2 -1 1 0 3 -1 4 5 6 -1 5 4 7 -1 8 9 10 -1 9 8 11 -1 12 13 14 -1 13 12 15 -1 16 17 18 -1 17 16 19 -1 20 21 22 -1 21 20 23 -1 "
								                >
									<Coordinate DEF="coords_ME_ID67"
									            point="1.574803 0.000000 1.574803 0.000000 1.574803 1.574803 0.000000 0.000000 1.574803 1.574803 1.574803 1.574803 1.574803 1.574803 0.000000 1.574803 0.000000 1.574803 1.574803 0.000000 0.000000 1.574803 1.574803 1.574803 0.000000 1.574803 1.574803 1.574803 1.574803 0.000000 0.000000 1.574803 0.000000 1.574803 1.574803 1.574803 0.000000 1.574803 1.574803 0.000000 0.000000 0.000000 0.000000 0.000000 1.574803 0.000000 1.574803 0.000000 1.574803 0.000000 1.574803 0.000000 0.000000 0.000000 1.574803 0.000000 0.000000 0.000000 0.000000 1.574803 1.574803 1.574803 0.000000 0.000000 0.000000 0.000000 0.000000 1.574803 0.000000 1.574803 0.000000 0.000000 "
									            />
								</IndexedFaceSet>
							</Shape>
						</Group>
					</Transform>
				</Transform>
				<Transform DEF="group_9_TRANSFORM"
				           translation="-0.000004 0.000004 0.000015"
				           scale="1.000000 1.000000 1.000000"
				           rotation="0.000000 1.000000 0.000000 0.000000"
				           >
					<Transform DEF="group_9_ifs_TRANSFORM"
					           translation="-0.000004 0.000004 0.000015"
					           scale="1.000000 1.000000 1.000000"
					           rotation="0.000000 1.000000 0.000000 0.000000"
					           >
						<Group DEF="group_ME_ID74">
							<Shape>
								<Appearance>
									<Material USE="MA_material_008" />
								</Appearance>
								<IndexedFaceSet solid="false"
								                coordIndex="0 1 2 -1 1 0 3 -1 3 0 4 -1 4 5 6 -1 5 4 7 -1 7 4 0 -1 7 0 8 -1 9 10 11 -1 10 9 12 -1 13 14 15 -1 14 13 16 -1 16 13 17 -1 17 13 18 -1 18 13 19 -1 19 13 20 -1 20 13 21 -1 22 23 24 -1 23 22 25 -1 23 25 26 -1 27 24 23 -1 28 26 25 -1 26 28 29 -1 29 28 30 -1 30 31 29 -1 32 33 34 -1 33 32 35 -1 35 32 36 -1 35 36 37 -1 35 37 38 -1 35 38 39 -1 35 39 40 -1 41 42 43 -1 42 41 44 -1 45 46 47 -1 46 45 48 -1 49 50 51 -1 50 49 52 -1 53 54 55 -1 54 53 56 -1 57 58 59 -1 58 57 60 -1 60 57 61 -1 62 63 64 -1 63 62 65 -1 66 67 68 -1 67 66 69 -1 69 66 70 -1 69 70 71 -1 69 71 72 -1 72 71 73 -1 73 71 59 -1 73 59 74 -1 73 74 75 -1 74 59 58 -1 74 58 64 -1 74 64 63 -1 75 74 76 -1 75 76 77 -1 78 79 80 -1 79 78 81 -1 79 81 82 -1 83 82 81 -1 84 83 81 -1 83 84 85 -1 86 84 87 -1 84 86 85 -1 88 89 90 -1 89 88 91 -1 22 92 93 -1 92 22 24 -1 94 95 96 -1 95 94 97 -1 28 98 30 -1 98 28 99 -1 100 101 102 -1 101 100 103 -1 104 103 105 -1 103 104 101 -1 104 105 106 -1 107 108 109 -1 108 107 105 -1 105 107 106 -1 109 110 111 -1 110 109 108 -1 111 112 113 -1 112 111 110 -1 114 112 115 -1 112 114 113 -1 116 115 117 -1 115 116 114 -1 118 117 119 -1 117 118 116 -1 120 119 121 -1 119 120 118 -1 122 120 121 -1 120 122 123 -1 124 123 122 -1 123 124 125 -1 126 125 124 -1 125 126 127 -1 128 127 126 -1 127 128 129 -1 130 129 128 -1 129 130 131 -1 130 80 131 -1 80 130 78 -1 132 81 78 -1 81 132 84 -1 87 132 133 -1 132 87 84 -1 90 134 135 -1 134 90 89 -1 92 136 93 -1 136 92 137 -1 94 138 97 -1 138 94 139 -1 140 99 141 -1 99 140 98 -1 100 142 103 -1 142 100 143 -1 105 142 108 -1 142 105 103 -1 108 144 110 -1 144 108 142 -1 110 145 112 -1 145 110 144 -1 115 145 146 -1 145 115 112 -1 117 146 147 -1 146 117 115 -1 119 147 148 -1 147 119 117 -1 121 148 149 -1 148 121 119 -1 150 121 149 -1 121 150 122 -1 151 122 150 -1 122 151 124 -1 152 124 151 -1 124 152 126 -1 153 126 152 -1 126 153 128 -1 153 130 128 -1 130 153 154 -1 154 78 130 -1 78 154 132 -1 132 155 133 -1 155 132 154 -1 134 156 135 -1 156 134 157 -1 137 158 136 -1 158 137 159 -1 160 139 161 -1 139 160 138 -1 162 141 163 -1 141 162 140 -1 144 143 164 -1 143 144 142 -1 145 164 165 -1 164 145 144 -1 146 165 166 -1 165 146 145 -1 147 166 167 -1 166 147 146 -1 147 168 148 -1 168 147 167 -1 148 169 149 -1 169 148 168 -1 150 169 170 -1 169 150 149 -1 151 170 171 -1 170 151 150 -1 152 171 172 -1 171 152 151 -1 153 172 173 -1 172 153 152 -1 154 173 155 -1 173 154 153 -1 157 174 156 -1 174 157 175 -1 159 176 158 -1 176 159 177 -1 178 161 179 -1 161 178 160 -1 180 163 181 -1 163 180 162 -1 182 179 183 -1 179 182 178 -1 184 183 185 -1 183 184 182 -1 184 186 187 -1 186 184 185 -1 187 188 189 -1 188 187 186 -1 190 188 191 -1 188 190 189 -1 192 191 193 -1 191 192 190 -1 194 193 195 -1 193 194 192 -1 175 195 174 -1 195 175 194 -1 177 196 176 -1 196 177 197 -1 198 181 199 -1 181 198 180 -1 198 200 201 -1 200 198 199 -1 202 200 203 -1 200 202 201 -1 204 203 205 -1 203 204 202 -1 197 205 196 -1 205 197 204 -1 "
								                >
									<Coordinate DEF="coords_ME_ID74"
									            point="15.094005 5.971129 7.874016 8.727035 7.349082 7.874016 8.727035 5.971129 7.874016 10.301837 7.152231 7.874016 10.301837 8.727035 7.874016 8.727035 9.908136 7.874016 8.727035 8.530184 7.874016 15.094005 9.908136 7.874016 15.485563 7.939632 7.874016 8.727035 7.349082 7.874016 8.727035 5.971129 19.685040 8.727035 5.971129 7.874016 8.727035 7.349082 19.685040 8.727035 5.971129 19.685040 15.094005 5.971129 7.874016 8.727035 5.971129 7.874016 14.831536 5.971129 13.123360 14.083507 5.971129 18.110235 13.753942 5.971129 18.904633 13.104946 5.971129 19.468977 12.692021 5.971129 19.576149 12.197141 5.971129 19.685040 15.274897 4.901267 0.000000 15.094005 5.971129 7.874016 14.668676 5.152371 13.123360 15.879266 7.939632 0.000000 15.485563 7.939632 7.874016 14.831536 5.971129 13.123360 15.274897 10.977998 0.000000 15.094005 9.908136 7.874016 14.668676 10.726893 13.123360 14.831536 9.908136 13.123360 14.831536 9.908136 13.123360 8.727035 9.908136 7.874016 15.094005 9.908136 7.874016 8.727035 9.908136 19.685040 14.083507 9.908136 18.110235 13.753942 9.908136 18.904633 13.104946 9.908136 19.468977 12.692021 9.908136 19.576149 12.197141 9.908136 19.685040 8.727035 9.908136 7.874016 8.727035 8.530184 19.685040 8.727035 8.530184 7.874016 8.727035 9.908136 19.685040 8.727035 8.530184 19.685040 10.301837 8.727035 7.874016 8.727035 8.530184 7.874016 10.301837 8.727035 19.685040 10.301837 8.727035 7.874016 10.301837 7.152231 19.685040 10.301837 7.152231 7.874016 10.301837 8.727035 19.685040 10.301837 7.152231 19.685040 8.727035 7.349082 7.874016 10.301837 7.152231 7.874016 8.727035 7.349082 19.685040 9.747586 3.574847 19.685040 8.727035 5.971129 19.685040 7.939632 3.215223 19.685040 12.197141 5.971129 19.685040 11.280293 4.598970 19.685040 10.301837 7.152231 19.685040 8.727035 8.530184 19.685040 8.727035 7.349082 19.685040 10.301837 8.727035 19.685040 3.574847 6.131680 19.685040 3.574847 9.747586 19.685040 3.215223 7.939632 19.685040 4.598970 11.280293 19.685040 4.598970 4.598970 19.685040 6.131680 3.574847 19.685040 6.131680 12.304418 19.685040 7.939632 12.664042 19.685040 8.727035 9.908136 19.685040 9.747586 12.304418 19.685040 12.197141 9.908136 19.685040 11.280293 11.280293 19.685040 11.868936 4.010330 19.468977 12.197141 5.971129 19.685040 11.280293 4.598970 19.685040 13.073514 5.813109 19.468977 12.692021 5.971129 19.576149 13.104946 5.971129 19.468977 13.673107 5.564750 18.904633 13.753942 5.971129 18.904633 14.083507 5.971129 18.110235 13.977586 5.438631 18.110235 14.831536 5.971129 13.123360 13.977586 5.438631 18.110235 14.668676 5.152371 13.123360 14.083507 5.971129 18.110235 13.089820 2.789445 13.123360 13.553800 2.325464 0.000000 14.668676 10.726893 13.123360 14.083507 9.908136 18.110235 14.831536 9.908136 13.123360 13.977586 10.440635 18.110235 13.089820 13.089820 13.123360 13.553800 13.553800 0.000000 13.977586 10.440635 18.110235 13.753942 9.908136 18.904633 14.083507 9.908136 18.110235 13.673107 10.314515 18.904633 13.104946 9.908136 19.468977 13.073514 10.066155 19.468977 12.692021 9.908136 19.576149 12.197141 9.908136 19.685040 11.868936 11.868936 19.468977 11.280293 11.280293 19.685040 10.066155 13.073514 19.468977 9.747586 12.304418 19.685040 7.939632 13.496506 19.468977 7.939632 12.664042 19.685040 6.131680 12.304418 19.685040 5.813109 13.073514 19.468977 4.598970 11.280293 19.685040 4.010330 11.868936 19.468977 3.574847 9.747586 19.685040 2.805751 10.066155 19.468977 3.215223 7.939632 19.685040 2.382759 7.939632 19.468977 2.805751 5.813109 19.468977 3.574847 6.131680 19.685040 4.010330 4.010330 19.468977 4.598970 4.598970 19.685040 5.813109 2.805751 19.468977 6.131680 3.574847 19.685040 7.939632 2.382759 19.468977 7.939632 3.215223 19.685040 10.066155 2.805751 19.468977 9.747586 3.574847 19.685040 12.327845 3.551421 18.904633 12.560882 3.318383 18.110235 12.560882 3.318383 18.110235 13.089820 2.789445 13.123360 10.977998 0.604369 0.000000 10.726893 1.210589 13.123360 12.560882 12.560882 18.110235 13.089820 13.089820 13.123360 10.726893 14.668676 13.123360 10.977998 15.274897 0.000000 12.327845 12.327845 18.904633 12.560882 12.560882 18.110235 10.314515 13.673107 18.904633 7.939632 14.145501 18.904633 5.564750 13.673107 18.904633 3.551421 12.327845 18.904633 2.206158 10.314515 18.904633 1.733764 7.939632 18.904633 2.206158 5.564750 18.904633 3.551421 3.551421 18.904633 5.564750 2.206158 18.904633 7.939632 1.733764 18.904633 10.314515 2.206158 18.904633 10.440635 1.901680 18.110235 10.726893 1.210589 13.123360 10.440635 1.901680 18.110235 7.939632 0.000000 0.000000 7.939632 0.656168 13.123360 10.440635 13.977586 18.110235 10.726893 14.668676 13.123360 7.939632 15.223097 13.123360 7.939632 15.879266 0.000000 10.440635 13.977586 18.110235 7.939632 14.475065 18.110235 5.438631 13.977586 18.110235 3.318383 12.560882 18.110235 1.901680 10.440635 18.110235 1.404199 7.939632 18.110235 1.901680 5.438631 18.110235 3.318383 3.318383 18.110235 5.438631 1.901680 18.110235 7.939632 1.404199 18.110235 7.939632 0.656168 13.123360 7.939632 1.404199 18.110235 4.901267 0.604369 0.000000 5.152371 1.210589 13.123360 7.939632 14.475065 18.110235 7.939632 15.223097 13.123360 5.152371 14.668676 13.123360 4.901267 15.274897 0.000000 5.438631 13.977586 18.110235 5.152371 14.668676 13.123360 3.318383 12.560882 18.110235 2.789445 13.089820 13.123360 1.210589 10.726893 13.123360 1.901680 10.440635 18.110235 0.656168 7.939632 13.123360 1.404199 7.939632 18.110235 1.901680 5.438631 18.110235 1.210589 5.152371 13.123360 3.318383 3.318383 18.110235 2.789445 2.789445 13.123360 5.438631 1.901680 18.110235 5.152371 1.210589 13.123360 2.325464 2.325464 0.000000 2.789445 2.789445 13.123360 2.789445 13.089820 13.123360 2.325464 13.553800 0.000000 0.604369 10.977998 0.000000 1.210589 10.726893 13.123360 0.656168 7.939632 13.123360 0.000000 7.939632 0.000000 1.210589 5.152371 13.123360 0.604369 4.901267 0.000000 "
									            />
								</IndexedFaceSet>
							</Shape>
						</Group>
					</Transform>
				</Transform>
			</Transform>
			<Transform DEF="group_10_TRANSFORM"
			           translation="-21.193239 20.293219 134.253555"
			           scale="1.000000 1.000000 1.000000"
			           rotation="0.000000 1.000000 0.000000 0.000000"
			           >
				<Transform DEF="group_11_TRANSFORM"
				           translation="7.152227 7.152235 19.685059"
				           scale="1.000000 1.000000 1.000000"
				           rotation="0.000000 1.000000 0.000000 0.000000"
				           >
					<Transform DEF="group_11_ifs_TRANSFORM"
					           translation="-0.000001 0.000002 0.000031"
					           scale="1.000000 1.000000 1.000000"
					           rotation="0.000000 1.000000 0.000000 0.000000"
					           >
						<Group DEF="group_ME_ID82_001">
							<Shape>
								<Appearance>
									<Material USE="MA_material_008" />
								</Appearance>
								<IndexedFaceSet solid="false"
								                coordIndex="0 1 2 -1 1 0 3 -1 4 5 6 -1 5 4 7 -1 8 9 10 -1 9 8 11 -1 12 13 14 -1 13 12 15 -1 16 17 18 -1 17 16 19 -1 20 21 22 -1 21 20 23 -1 "
								                >
									<Coordinate DEF="coords_ME_ID82_001"
									            point="1.574803 0.000000 1.574803 0.000000 1.574803 1.574803 0.000000 0.000000 1.574803 1.574803 1.574803 1.574803 1.574803 1.574803 0.000000 1.574803 0.000000 1.574803 1.574803 0.000000 0.000000 1.574803 1.574803 1.574803 0.000000 1.574803 1.574803 1.574803 1.574803 0.000000 0.000000 1.574803 0.000000 1.574803 1.574803 1.574803 0.000000 1.574803 1.574803 0.000000 0.000000 0.000000 0.000000 0.000000 1.574803 0.000000 1.574803 0.000000 1.574803 0.000000 1.574803 0.000000 0.000000 0.000000 1.574803 0.000000 0.000000 0.000000 0.000000 1.574803 1.574803 1.574803 0.000000 0.000000 0.000000 0.000000 0.000000 1.574803 0.000000 1.574803 0.000000 0.000000 "
									            />
								</IndexedFaceSet>
							</Shape>
						</Group>
					</Transform>
				</Transform>
				<Transform DEF="group_12_TRANSFORM"
				           translation="19.059814 4.002626 7.874039"
				           scale="1.000000 1.000000 1.000000"
				           rotation="0.000000 1.000000 0.000000 0.000000"
				           >
					<Transform DEF="group_12_ifs_TRANSFORM"
					           translation="0.000000 0.000000 0.000031"
					           scale="1.000000 1.000000 1.000000"
					           rotation="0.000000 1.000000 0.000000 0.000000"
					           >
						<Group DEF="group_ME_ID89">
							<Shape>
								<Appearance>
									<Material USE="MA_material_008" />
								</Appearance>
								<IndexedFaceSet solid="false"
								                coordIndex="0 1 2 -1 1 0 3 -1 3 0 4 -1 4 0 5 -1 1 6 7 -1 6 1 3 -1 1 8 2 -1 9 8 10 -1 8 9 2 -1 2 9 0 -1 0 9 11 -1 11 5 0 -1 12 4 5 -1 4 12 13 -1 14 15 16 -1 15 14 17 -1 17 14 18 -1 17 18 19 -1 19 18 20 -1 19 20 21 -1 22 23 24 -1 23 22 25 -1 25 22 26 -1 25 26 27 -1 27 26 28 -1 27 28 29 -1 29 28 30 -1 29 30 31 -1 31 30 32 -1 31 32 33 -1 33 32 34 -1 33 34 35 -1 35 34 36 -1 35 36 37 -1 1 7 8 -1 38 39 40 -1 39 38 41 -1 41 38 42 -1 41 42 43 -1 43 42 44 -1 43 44 45 -1 45 44 46 -1 45 46 47 -1 47 46 48 -1 47 48 49 -1 49 48 50 -1 49 50 51 -1 52 10 53 -1 10 52 9 -1 12 5 11 -1 54 51 50 -1 51 54 55 -1 56 57 58 -1 57 56 59 -1 58 60 61 -1 60 58 62 -1 62 58 63 -1 63 58 57 -1 61 64 65 -1 64 61 60 -1 60 66 64 -1 62 67 66 -1 67 62 68 -1 68 62 63 -1 68 63 69 -1 68 70 67 -1 70 68 71 -1 71 72 70 -1 72 71 73 -1 72 74 75 -1 74 72 73 -1 74 76 75 -1 76 74 77 -1 78 79 80 -1 79 78 81 -1 82 83 84 -1 83 82 85 -1 85 86 83 -1 86 85 87 -1 87 53 86 -1 53 87 52 -1 69 57 59 -1 62 66 60 -1 69 63 57 -1 "
								                >
									<Coordinate DEF="coords_ME_ID89"
									            point="18.081432 7.874016 9.842520 26.783260 7.874016 1.924956 18.081432 7.874016 1.924956 38.070866 7.874016 1.924956 38.070866 7.874016 9.842520 26.314358 7.874016 9.842520 38.070866 7.480315 0.000000 26.314358 7.480315 0.000000 18.081432 7.874016 0.000000 13.042063 7.677166 11.811023 13.042063 7.677166 0.000000 18.081432 7.874016 11.811023 26.314358 7.480315 11.811023 38.070866 7.480315 11.811023 38.070866 0.393701 0.000000 38.070866 0.000000 9.842520 38.070866 0.000000 1.924956 38.070866 0.393701 11.811023 38.070866 7.480315 0.000000 38.070866 7.480315 11.811023 38.070866 7.874016 1.924956 38.070866 7.874016 9.842520 5.483007 5.905512 0.000000 -0.883963 1.968504 0.000000 -0.883963 5.905512 0.000000 5.483007 1.968504 0.000000 6.742849 6.692913 0.000000 6.742849 1.181102 0.000000 9.262535 7.283464 0.000000 9.262535 0.590551 0.000000 13.042063 7.677166 0.000000 13.042063 0.196850 0.000000 18.081432 7.874016 0.000000 18.081432 0.000000 0.000000 26.314358 7.480315 0.000000 26.314358 0.393701 0.000000 38.070866 7.480315 0.000000 38.070866 0.393701 0.000000 5.483007 1.968504 11.811023 -0.883963 5.905512 11.811023 -0.883963 1.968504 11.811023 5.483007 5.905512 11.811023 6.742849 1.181102 11.811023 6.742849 6.692913 11.811023 9.262535 0.590551 11.811023 9.262535 7.283464 11.811023 13.042063 0.196850 11.811023 13.042063 7.677166 11.811023 18.081432 0.000000 11.811023 18.081432 7.874016 11.811023 26.314358 0.393701 11.811023 26.314358 7.480315 11.811023 9.262535 7.283464 11.811023 9.262535 7.283464 0.000000 38.070866 0.393701 11.811023 38.070866 7.480315 11.811023 38.070866 0.393701 11.811023 26.314358 0.000000 9.842520 38.070866 0.000000 9.842520 26.314358 0.393701 11.811023 26.314358 0.000000 1.924956 38.070866 0.000000 1.924956 18.081432 0.000000 1.924956 18.081432 0.000000 9.842520 26.314358 0.393701 0.000000 38.070866 0.393701 0.000000 18.081432 0.000000 0.000000 13.042063 0.196850 0.000000 13.042063 0.196850 11.811023 18.081432 0.000000 11.811023 9.262535 0.590551 0.000000 9.262535 0.590551 11.811023 6.742849 1.181102 0.000000 6.742849 1.181102 11.811023 5.483007 1.968504 11.811023 5.483007 1.968504 0.000000 -0.883963 1.968504 0.000000 -0.883963 1.968504 11.811023 -0.883963 5.905512 11.811023 -0.883963 1.968504 0.000000 -0.883963 1.968504 11.811023 -0.883963 5.905512 0.000000 -0.883963 5.905512 11.811023 5.483007 5.905512 0.000000 -0.883963 5.905512 0.000000 5.483007 5.905512 11.811023 6.742849 6.692913 0.000000 6.742849 6.692913 11.811023 "
									            />
								</IndexedFaceSet>
							</Shape>
						</Group>
					</Transform>
				</Transform>
				<Transform DEF="group_13_TRANSFORM"
				           translation="-0.000004 0.000004 0.000015"
				           scale="1.000000 1.000000 1.000000"
				           rotation="0.000000 1.000000 0.000000 0.000000"
				           >
					<Transform DEF="group_13_ifs_TRANSFORM"
					           translation="-0.000004 0.000004 0.000015"
					           scale="1.000000 1.000000 1.000000"
					           rotation="0.000000 1.000000 0.000000 0.000000"
					           >
						<Group DEF="group_ME_ID96_001">
							<Shape>
								<Appearance>
									<Material USE="MA_material_008" />
								</Appearance>
								<IndexedFaceSet solid="false"
								                coordIndex="0 1 2 -1 1 0 3 -1 4 2 5 -1 2 4 0 -1 6 7 8 -1 7 6 9 -1 3 10 1 -1 10 3 11 -1 12 13 14 -1 13 12 15 -1 16 5 17 -1 5 16 4 -1 18 8 19 -1 8 18 6 -1 20 14 21 -1 14 20 12 -1 6 22 9 -1 22 6 23 -1 9 24 7 -1 24 9 25 -1 26 10 11 -1 10 26 27 -1 15 28 13 -1 28 15 29 -1 30 17 31 -1 17 30 16 -1 32 19 33 -1 19 32 18 -1 34 21 35 -1 21 34 20 -1 18 23 6 -1 23 18 36 -1 23 37 22 -1 37 23 38 -1 9 39 25 -1 39 9 22 -1 40 24 25 -1 24 40 41 -1 42 27 26 -1 27 42 43 -1 29 44 28 -1 44 29 45 -1 46 31 47 -1 31 46 30 -1 48 33 49 -1 33 48 32 -1 50 35 51 -1 35 50 34 -1 32 36 18 -1 36 32 52 -1 36 38 23 -1 38 36 53 -1 54 55 56 -1 55 54 57 -1 57 54 58 -1 59 60 61 -1 60 59 62 -1 62 59 63 -1 62 63 64 -1 62 64 65 -1 65 64 66 -1 66 64 56 -1 66 56 67 -1 66 67 68 -1 67 56 55 -1 68 67 69 -1 68 69 70 -1 22 71 39 -1 71 22 37 -1 39 40 25 -1 40 39 72 -1 73 41 40 -1 41 73 74 -1 42 75 43 -1 75 42 76 -1 77 44 45 -1 44 77 78 -1 79 46 47 -1 46 79 80 -1 81 49 82 -1 49 81 48 -1 83 51 84 -1 51 83 50 -1 32 85 52 -1 85 32 48 -1 52 53 36 -1 53 52 86 -1 87 88 89 -1 88 87 90 -1 88 90 91 -1 92 93 94 -1 93 92 95 -1 95 92 96 -1 96 92 97 -1 97 92 98 -1 98 92 99 -1 99 92 100 -1 101 102 103 -1 102 101 104 -1 105 106 107 -1 106 105 108 -1 108 105 109 -1 108 109 110 -1 108 110 111 -1 108 111 112 -1 108 112 113 -1 114 115 116 -1 115 114 117 -1 117 114 118 -1 116 119 120 -1 119 116 115 -1 120 121 122 -1 121 120 119 -1 123 121 124 -1 121 123 122 -1 125 124 126 -1 124 125 123 -1 127 126 72 -1 126 127 125 -1 71 72 39 -1 72 71 127 -1 85 86 52 -1 86 85 128 -1 85 89 128 -1 89 85 87 -1 72 73 40 -1 73 72 126 -1 73 129 74 -1 129 73 130 -1 76 131 75 -1 131 76 132 -1 77 133 78 -1 133 77 134 -1 135 80 79 -1 80 135 136 -1 137 81 82 -1 81 137 138 -1 139 83 84 -1 83 139 140 -1 48 87 85 -1 87 48 81 -1 141 91 90 -1 81 90 87 -1 90 81 138 -1 139 142 140 -1 142 139 143 -1 142 143 144 -1 145 140 142 -1 146 147 148 -1 147 146 149 -1 149 146 150 -1 138 141 90 -1 141 138 151 -1 152 138 137 -1 138 152 151 -1 143 153 144 -1 153 143 154 -1 153 154 155 -1 155 156 153 -1 157 158 159 -1 158 157 160 -1 161 162 163 -1 162 161 164 -1 165 164 117 -1 164 165 162 -1 165 117 118 -1 117 166 115 -1 166 117 164 -1 115 167 119 -1 167 115 166 -1 119 168 121 -1 168 119 167 -1 124 168 130 -1 168 124 121 -1 126 130 73 -1 130 126 124 -1 130 169 129 -1 169 130 168 -1 132 170 131 -1 170 132 171 -1 134 172 133 -1 172 134 173 -1 154 174 155 -1 174 154 175 -1 160 176 158 -1 176 160 177 -1 161 166 164 -1 166 161 178 -1 167 178 179 -1 178 167 166 -1 168 179 169 -1 179 168 167 -1 171 177 170 -1 177 171 176 -1 173 180 172 -1 180 173 181 -1 181 175 180 -1 175 181 174 -1 "
								                >
									<Coordinate DEF="coords_ME_ID96_001"
									            point="3.318383 3.318383 18.110235 1.210589 5.152371 13.123360 2.789445 2.789445 13.123360 1.901680 5.438631 18.110235 5.438631 1.901680 18.110235 5.152371 1.210589 13.123360 3.551421 3.551421 18.904633 1.901680 5.438631 18.110235 3.318383 3.318383 18.110235 2.206158 5.564750 18.904633 0.656168 7.939632 13.123360 1.404199 7.939632 18.110235 2.789445 2.789445 13.123360 0.604369 4.901267 0.000000 2.325464 2.325464 0.000000 1.210589 5.152371 13.123360 7.939632 1.404199 18.110235 7.939632 0.656168 13.123360 5.564750 2.206158 18.904633 5.438631 1.901680 18.110235 5.152371 1.210589 13.123360 4.901267 0.604369 0.000000 2.805751 5.813109 19.468977 4.010330 4.010330 19.468977 1.404199 7.939632 18.110235 1.733764 7.939632 18.904633 1.901680 10.440635 18.110235 1.210589 10.726893 13.123360 0.000000 7.939632 0.000000 0.656168 7.939632 13.123360 10.440635 1.901680 18.110235 10.726893 1.210589 13.123360 7.939632 1.733764 18.904633 7.939632 1.404199 18.110235 7.939632 0.656168 13.123360 7.939632 0.000000 0.000000 5.813109 2.805751 19.468977 3.574847 6.131680 19.685040 4.598970 4.598970 19.685040 2.382759 7.939632 19.468977 2.206158 10.314515 18.904633 1.901680 10.440635 18.110235 3.318383 12.560882 18.110235 2.789445 13.089820 13.123360 0.604369 10.977998 0.000000 1.210589 10.726893 13.123360 12.560882 3.318383 18.110235 13.089820 2.789445 13.123360 10.314515 2.206158 18.904633 10.440635 1.901680 18.110235 10.726893 1.210589 13.123360 10.977998 0.604369 0.000000 7.939632 2.382759 19.468977 6.131680 3.574847 19.685040 9.747586 3.574847 19.685040 8.727035 5.971128 19.685040 7.939632 3.215223 19.685040 12.197141 5.971128 19.685040 11.280293 4.598970 19.685040 3.574847 6.131680 19.685040 3.574847 9.747586 19.685040 3.215223 7.939632 19.685040 4.598970 11.280293 19.685040 4.598970 4.598970 19.685040 6.131680 3.574847 19.685040 6.131680 12.304418 19.685040 7.939632 12.664042 19.685040 8.727035 9.908136 19.685040 9.747586 12.304418 19.685040 12.197141 9.908136 19.685040 11.280293 11.280293 19.685040 3.215223 7.939632 19.685040 2.805751 10.066155 19.468977 3.551421 12.327845 18.904633 3.318383 12.560882 18.110235 5.152371 14.668676 13.123360 5.438631 13.977586 18.110235 2.789445 13.089820 13.123360 2.325464 13.553800 0.000000 14.668676 5.152371 13.123360 13.977586 5.438631 18.110235 12.327845 3.551421 18.904633 12.560882 3.318383 18.110235 13.089820 2.789445 13.123360 13.553800 2.325464 0.000000 10.066155 2.805751 19.468977 7.939632 3.215223 19.685040 11.868936 4.010330 19.468977 12.197141 5.971128 19.685040 11.280293 4.598970 19.685040 13.073514 5.813109 19.468977 12.692021 5.971128 19.576149 8.727035 5.971128 19.685040 15.094005 5.971128 7.874016 8.727035 5.971128 7.874016 14.831536 5.971128 13.123360 14.083507 5.971128 18.110235 13.753942 5.971128 18.904633 13.104946 5.971128 19.468977 12.692021 5.971128 19.576149 12.197141 5.971128 19.685040 8.727035 9.908136 7.874016 8.727035 5.971128 19.685040 8.727035 5.971128 7.874016 8.727035 9.908136 19.685040 14.831536 9.908136 13.123360 8.727035 9.908136 7.874016 15.094005 9.908136 7.874016 8.727035 9.908136 19.685040 14.083507 9.908136 18.110235 13.753942 9.908136 18.904633 13.104946 9.908136 19.468977 12.692021 9.908136 19.576149 12.197141 9.908136 19.685040 12.197141 9.908136 19.685040 11.868936 11.868936 19.468977 11.280293 11.280293 19.685040 13.073514 10.066155 19.468977 12.692021 9.908136 19.576149 10.066155 13.073514 19.468977 9.747586 12.304418 19.685040 7.939632 13.496505 19.468977 7.939632 12.664042 19.685040 6.131680 12.304418 19.685040 5.813109 13.073514 19.468977 4.598970 11.280293 19.685040 4.010330 11.868936 19.468977 3.574847 9.747586 19.685040 9.747586 3.574847 19.685040 5.438631 13.977586 18.110235 5.564750 13.673107 18.904633 7.939632 15.223097 13.123360 7.939632 14.475065 18.110235 4.901267 15.274897 0.000000 5.152371 14.668676 13.123360 14.831536 5.971128 13.123360 14.083507 5.971128 18.110235 13.977586 5.438631 18.110235 13.673107 5.564750 18.904633 15.274897 4.901267 0.000000 14.668676 5.152371 13.123360 13.104946 5.971128 19.468977 15.094005 5.971128 7.874016 15.879266 7.939632 0.000000 15.485563 7.939632 7.874016 14.831536 5.971128 13.123360 15.094005 5.971128 7.874016 8.727035 9.908136 7.874016 8.727035 5.971128 7.874016 15.094005 9.908136 7.874016 15.485563 7.939632 7.874016 13.753942 5.971128 18.904633 14.083507 5.971128 18.110235 15.094005 9.908136 7.874016 15.274897 10.977998 0.000000 14.668676 10.726893 13.123360 14.831536 9.908136 13.123360 14.831536 9.908136 13.123360 13.977586 10.440635 18.110235 14.083507 9.908136 18.110235 14.668676 10.726893 13.123360 13.977586 10.440635 18.110235 13.753942 9.908136 18.904633 14.083507 9.908136 18.110235 13.673107 10.314515 18.904633 13.104946 9.908136 19.468977 12.327845 12.327845 18.904633 10.314515 13.673107 18.904633 7.939632 14.145501 18.904633 7.939632 14.475065 18.110235 10.726893 14.668676 13.123360 10.440635 13.977586 18.110235 7.939632 15.879266 0.000000 7.939632 15.223097 13.123360 13.089820 13.089820 13.123360 13.553800 13.553800 0.000000 12.560882 12.560882 18.110235 13.089820 13.089820 13.123360 12.560882 12.560882 18.110235 10.440635 13.977586 18.110235 10.977998 15.274897 0.000000 10.726893 14.668676 13.123360 "
									            />
								</IndexedFaceSet>
							</Shape>
						</Group>
					</Transform>
				</Transform>
			</Transform>
			<Transform DEF="group_14_TRANSFORM"
			           translation="33.827133 10.220338 193.694504"
			           scale="2.200000 2.200000 2.200000"
			           rotation="0.000000 0.000000 1.000000 1.570796"
			           >
				<Transform DEF="group_15_TRANSFORM"
				           translation="0.771613 -3.722261 0.000000"
				           scale="1.000000 1.000000 1.000000"
				           rotation="0.000000 0.000000 -0.000000 0.000000"
				           >
					<Transform DEF="group_15_ifs_TRANSFORM"
					           translation="0.000000 0.000000 0.000000"
					           scale="1.000000 1.000000 1.000000"
					           rotation="0.000000 0.000000 -0.000000 0.000000"
					           >
						<Group DEF="group_ME_ID104_002">
							<Shape>
								<Appearance>
									<Material USE="MA_material_008" />
								</Appearance>
								<IndexedFaceSet solid="false"
								                coordIndex="0 1 2 -1 1 0 3 -1 4 5 6 -1 5 4 7 -1 7 4 8 -1 8 4 9 -1 9 4 10 -1 11 5 7 -1 12 13 14 -1 13 12 15 -1 16 17 18 -1 19 20 21 -1 20 19 22 -1 20 22 23 -1 23 22 17 -1 23 17 16 -1 24 25 26 -1 25 24 27 -1 27 24 28 -1 28 24 29 -1 25 30 31 -1 30 25 27 -1 31 30 29 -1 31 29 24 -1 32 33 34 -1 33 32 35 -1 36 37 38 -1 37 36 39 -1 39 36 40 -1 40 36 41 -1 41 36 42 -1 43 37 39 -1 44 45 46 -1 45 44 47 -1 48 49 50 -1 49 48 51 -1 51 52 49 -1 52 51 53 -1 52 53 54 -1 52 54 55 -1 56 57 58 -1 57 56 59 -1 60 61 62 -1 61 60 63 -1 64 65 66 -1 65 64 67 -1 67 64 68 -1 68 64 69 -1 70 71 72 -1 71 70 73 -1 74 75 76 -1 75 74 77 -1 75 77 78 -1 75 78 79 -1 80 81 82 -1 81 80 83 -1 "
								                >
									<Coordinate DEF="coords_ME_ID104_002"
									            point="8.267716 0.000000 3.937008 0.000000 0.000000 0.000000 8.267716 0.000000 0.000000 0.000000 0.000000 3.937008 0.000000 11.062992 3.937008 0.000000 0.000000 0.000000 0.000000 0.000000 3.937008 0.000000 5.531496 1.181102 0.000000 8.297244 2.559055 0.000000 8.297244 1.377953 0.000000 11.062992 2.755905 0.000000 5.531496 0.000000 8.267716 5.531496 0.000000 0.000000 0.000000 0.000000 0.000000 5.531496 0.000000 8.267716 0.000000 0.000000 8.267716 11.062992 2.755905 8.267716 8.297244 2.559055 8.267716 8.297244 1.377953 8.267716 5.531496 0.000000 8.267716 0.000000 3.937008 8.267716 0.000000 0.000000 8.267716 5.531496 1.181102 8.267716 11.062992 3.937008 8.267716 0.000000 3.937008 0.000000 11.062992 3.937008 0.000000 0.000000 3.937008 3.740157 7.903543 3.937008 4.527559 7.903543 3.937008 4.527559 8.690945 3.937008 3.740157 8.690945 3.937008 8.267716 11.062992 3.937008 0.000000 11.062992 3.937008 8.267716 11.062992 2.755905 0.000000 11.062992 2.755905 8.267716 11.062992 3.937008 8.267716 11.062992 2.755905 0.000000 8.297244 1.377953 0.000000 11.062992 2.755905 3.740157 8.690945 1.574103 4.527559 8.690945 1.574103 4.527559 8.297244 1.377953 8.267716 8.297244 1.377953 3.740157 8.297244 1.377953 3.740157 8.297244 1.377953 0.000000 8.297244 2.559055 0.000000 8.297244 1.377953 3.740157 8.297244 2.559055 3.740157 8.297244 2.559055 0.000000 5.531496 1.181102 0.000000 8.297244 2.559055 3.740157 7.903543 2.362905 8.267716 5.531496 1.181102 4.527559 7.903543 2.362905 4.527559 8.297244 2.559055 8.267716 8.297244 2.559055 0.000000 5.531496 1.181102 8.267716 5.531496 0.000000 0.000000 5.531496 0.000000 8.267716 5.531496 1.181102 8.267716 8.297244 2.559055 4.527559 8.297244 1.377953 8.267716 8.297244 1.377953 4.527559 8.297244 2.559055 4.527559 8.690945 3.937008 4.527559 7.903543 2.362905 4.527559 7.903543 3.937008 4.527559 8.297244 2.559055 4.527559 8.297244 1.377953 4.527559 8.690945 1.574103 4.527559 8.690945 3.937008 3.740157 8.690945 1.574103 4.527559 8.690945 1.574103 3.740157 8.690945 3.937008 3.740157 7.903543 2.362905 3.740157 8.690945 3.937008 3.740157 7.903543 3.937008 3.740157 8.297244 2.559055 3.740157 8.297244 1.377953 3.740157 8.690945 1.574103 3.740157 7.903543 3.937008 4.527559 7.903543 2.362905 3.740157 7.903543 2.362905 4.527559 7.903543 3.937008 "
									            />
								</IndexedFaceSet>
							</Shape>
						</Group>
					</Transform>
				</Transform>
				<Transform DEF="group_16_TRANSFORM"
				           translation="0.000000 13.367615 0.000000"
				           scale="1.000000 1.000000 1.000000"
				           rotation="0.000000 0.000000 -0.000000 0.000000"
				           >
					<Transform DEF="group_16_ifs_TRANSFORM"
					           translation="0.000000 -0.000000 0.000000"
					           scale="1.000000 1.000000 1.000000"
					           rotation="0.000000 0.000000 -0.000000 0.000000"
					           >
						<Group DEF="group_ME_ID111">
							<Shape>
								<Appearance>
									<Material USE="MA_material_008" />
								</Appearance>
								<IndexedFaceSet solid="false"
								                coordIndex="0 1 2 -1 1 0 3 -1 3 0 4 -1 4 0 5 -1 2 6 7 -1 6 2 1 -1 8 9 10 -1 9 8 11 -1 12 13 14 -1 13 12 15 -1 16 17 18 -1 17 16 19 -1 17 19 20 -1 20 19 21 -1 20 21 22 -1 20 22 23 -1 24 25 26 -1 25 24 27 -1 28 29 30 -1 29 28 31 -1 31 28 32 -1 32 28 33 -1 33 28 34 -1 34 28 35 -1 36 29 31 -1 37 38 39 -1 38 37 40 -1 41 42 43 -1 42 41 44 -1 44 41 45 -1 42 46 47 -1 46 42 44 -1 47 46 48 -1 47 48 45 -1 47 45 41 -1 49 50 51 -1 50 49 52 -1 53 54 55 -1 56 57 58 -1 57 56 59 -1 57 59 60 -1 60 59 54 -1 60 54 53 -1 61 62 63 -1 62 61 64 -1 64 61 65 -1 66 62 64 -1 67 68 69 -1 68 67 70 -1 71 72 73 -1 74 75 76 -1 75 74 77 -1 78 79 80 -1 79 78 81 -1 82 83 84 -1 83 82 85 -1 85 82 86 -1 87 88 89 -1 "
								                >
									<Coordinate DEF="coords_ME_ID111"
									            point="8.267716 11.062992 0.000000 8.267716 2.765748 1.377953 8.267716 0.000000 0.000000 8.267716 5.531496 2.755905 8.267716 5.531496 3.937008 8.267716 11.062992 3.937008 8.267716 2.765748 2.559055 8.267716 0.000000 1.181102 8.267716 5.531496 3.937008 0.000000 11.062992 3.937008 0.000000 5.531496 3.937008 8.267716 11.062992 3.937008 8.267716 5.531496 3.937008 0.000000 5.531496 2.755905 8.267716 5.531496 2.755905 0.000000 5.531496 3.937008 3.724369 2.765748 1.377953 0.000000 5.531496 2.755905 0.000000 2.765748 1.377953 3.724369 3.197347 1.592984 8.267716 5.531496 2.755905 4.511770 3.197347 1.592984 4.511770 2.765748 1.377953 8.267716 2.765748 1.377953 4.511770 2.765748 2.559055 8.267716 2.765748 1.377953 4.511770 2.765748 1.377953 8.267716 2.765748 2.559055 8.267716 0.000000 1.181102 0.000000 2.765748 2.559055 0.000000 0.000000 1.181102 3.724369 2.409946 2.381787 4.118070 2.409946 2.381787 4.511770 2.409946 2.381787 4.511770 2.765748 2.559055 8.267716 2.765748 2.559055 3.724369 2.765748 2.559055 8.267716 0.000000 1.181102 0.000000 0.000000 0.000000 8.267716 0.000000 0.000000 0.000000 0.000000 1.181102 8.267716 11.062992 0.000000 0.000000 0.000000 0.000000 0.000000 11.062992 0.000000 3.724369 3.197347 0.000000 5.299172 3.197347 0.000000 3.724369 2.409946 0.000000 8.267716 0.000000 0.000000 4.511770 2.409946 0.000000 0.000000 11.062992 3.937008 8.267716 11.062992 0.000000 0.000000 11.062992 0.000000 8.267716 11.062992 3.937008 0.000000 11.062992 3.937008 0.000000 5.531496 2.755905 0.000000 5.531496 3.937008 0.000000 2.765748 2.559055 0.000000 0.000000 0.000000 0.000000 0.000000 1.181102 0.000000 2.765748 1.377953 0.000000 11.062992 0.000000 3.724369 3.197347 0.000000 3.724369 2.409946 2.381787 3.724369 2.409946 0.000000 3.724369 2.765748 1.377953 3.724369 3.197347 1.592984 3.724369 2.765748 2.559055 4.511770 3.197347 1.592984 3.724369 3.197347 0.000000 5.299172 3.197347 0.000000 3.724369 3.197347 1.592984 5.299172 3.197347 0.000000 4.511770 2.765748 1.377953 4.511770 3.197347 1.592984 0.000000 2.765748 2.559055 3.724369 2.765748 1.377953 0.000000 2.765748 1.377953 3.724369 2.765748 2.559055 4.511770 2.765748 2.559055 4.511770 2.409946 0.000000 4.511770 2.409946 2.381787 4.511770 2.765748 1.377953 3.724369 2.409946 2.381787 4.511770 2.409946 0.000000 3.724369 2.409946 0.000000 4.511770 2.409946 2.381787 4.118070 2.409946 2.381787 4.511770 2.765748 1.377953 5.299172 3.197347 0.000000 4.511770 2.409946 0.000000 "
									            />
								</IndexedFaceSet>
							</Shape>
						</Group>
					</Transform>
				</Transform>
			</Transform>
			<Transform DEF="group_17_TRANSFORM"
			           translation="-19.920198 14.470558 236.188675"
			           scale="0.860000 0.860000 0.860000"
			           rotation="0.000000 1.000000 0.000000 0.000000"
			           >
				<Transform DEF="group_18_TRANSFORM"
				           translation="-26.929132 0.000000 0.000000"
				           scale="1.000000 1.000000 1.000000"
				           rotation="0.000000 1.000000 0.000000 0.000000"
				           >
					<Transform DEF="group_18_ifs_TRANSFORM"
					           translation="-0.000004 0.000000 0.000000"
					           scale="1.000000 1.000000 1.000000"
					           rotation="0.000000 1.000000 0.000000 0.000000"
					           >
						<Group DEF="group_ME_ID119_001">
							<Shape>
								<Appearance>
									<Material USE="MA_material_008" />
								</Appearance>
								<IndexedFaceSet solid="false"
								                coordIndex="0 1 2 -1 1 0 3 -1 2 4 5 -1 4 2 1 -1 6 7 8 -1 7 6 9 -1 9 6 10 -1 9 10 11 -1 11 10 12 -1 11 12 13 -1 13 12 14 -1 13 14 15 -1 15 14 16 -1 0 17 3 -1 17 0 18 -1 19 20 21 -1 20 19 22 -1 20 22 23 -1 23 22 24 -1 23 24 25 -1 25 24 26 -1 25 26 27 -1 27 26 28 -1 27 28 29 -1 29 28 30 -1 29 30 31 -1 31 30 32 -1 31 32 33 -1 33 32 34 -1 33 34 35 -1 35 34 36 -1 35 36 37 -1 37 36 38 -1 37 38 39 -1 39 38 40 -1 39 40 41 -1 41 40 42 -1 5 43 44 -1 43 5 4 -1 45 46 47 -1 46 45 48 -1 49 50 51 -1 18 52 17 -1 52 18 53 -1 52 53 54 -1 54 53 50 -1 54 50 49 -1 44 55 56 -1 55 44 43 -1 56 57 58 -1 57 56 55 -1 58 59 60 -1 59 58 57 -1 61 59 62 -1 59 61 60 -1 63 62 64 -1 62 63 65 -1 65 63 66 -1 66 63 67 -1 67 63 68 -1 61 62 65 -1 54 69 52 -1 69 54 70 -1 69 71 72 -1 71 69 70 -1 72 73 74 -1 73 72 75 -1 75 72 71 -1 75 71 76 -1 76 71 77 -1 77 78 76 -1 74 79 80 -1 79 74 73 -1 81 79 82 -1 79 81 80 -1 83 82 84 -1 82 83 81 -1 85 84 86 -1 84 85 83 -1 87 86 88 -1 86 87 85 -1 89 88 90 -1 88 89 87 -1 91 90 92 -1 90 91 89 -1 91 93 94 -1 93 91 92 -1 93 95 94 -1 94 96 97 -1 96 94 95 -1 96 95 98 -1 96 98 99 -1 99 98 100 -1 97 101 102 -1 101 97 96 -1 101 64 102 -1 64 101 63 -1 103 104 105 -1 104 103 106 -1 107 108 109 -1 108 107 110 -1 110 107 111 -1 111 107 112 -1 112 107 113 -1 113 107 114 -1 115 116 117 -1 116 115 118 -1 116 118 119 -1 116 119 120 -1 116 120 121 -1 116 121 122 -1 123 124 125 -1 124 123 126 -1 127 128 129 -1 128 127 130 -1 131 132 133 -1 132 131 134 -1 134 131 135 -1 135 131 136 -1 135 136 137 -1 137 136 138 -1 137 138 139 -1 139 138 140 -1 139 140 141 -1 "
								                >
									<Coordinate DEF="coords_ME_ID119_001"
									            point="51.791340 2.421558 14.113874 26.929132 1.107664 12.401574 51.791340 1.107664 12.401574 26.929132 2.421558 14.113874 26.929132 0.281716 10.407558 51.791340 0.281716 10.407558 51.791340 0.281716 6.127874 51.791340 0.281716 10.407558 51.791340 0.000000 8.267716 51.791340 1.107664 12.401574 51.791340 1.107664 4.133858 51.791340 2.421558 14.113874 51.791340 2.421558 2.421558 51.791340 4.133858 15.427770 51.791340 4.133858 1.107664 51.791340 5.388500 15.947459 51.791340 5.388500 0.587974 26.929132 4.133858 15.427770 51.791340 4.133858 15.427770 26.929132 0.281716 10.407558 26.929134 0.281716 6.127874 26.929132 0.000000 8.267716 26.929132 1.107664 12.401574 26.929132 1.107664 4.133858 26.929132 2.421558 14.113874 26.929132 2.421558 2.421558 26.929132 4.133858 15.427770 26.929132 4.133858 1.107664 26.929132 6.127874 16.253717 26.929134 6.127874 0.281716 26.929132 8.267716 16.535433 26.929132 8.267716 0.000000 26.929132 10.407558 16.253717 26.929134 10.407558 0.281716 26.929132 12.401574 15.427770 26.929132 12.401574 1.107664 26.929132 14.113874 14.113874 26.929132 14.113874 2.421558 26.929132 15.427770 12.401574 26.929132 15.427770 4.133858 26.929132 16.253717 10.407558 26.929134 16.253717 6.127874 26.929132 16.535433 8.267716 26.929132 0.000000 8.267716 51.791340 0.000000 8.267716 57.476799 5.388500 15.947459 51.791340 5.388500 0.587974 57.476799 5.388500 0.587974 51.791340 5.388500 15.947459 58.634838 5.388500 15.947459 57.476799 5.388500 15.947459 57.476799 4.246742 15.474526 26.929132 6.127874 16.253717 51.791340 5.388500 15.947459 59.384758 6.127874 16.253717 26.929134 0.281716 6.127874 51.791340 0.281716 6.127874 26.929132 1.107664 4.133858 51.791340 1.107664 4.133858 26.929132 2.421558 2.421558 51.791340 2.421558 2.421558 51.791340 4.133858 1.107664 26.929132 4.133858 1.107664 59.384758 6.127874 0.281716 26.929134 6.127874 0.281716 51.791340 5.388500 0.587974 57.476799 5.388500 0.587974 57.476799 4.246741 1.060906 58.634838 5.388500 0.587974 26.929132 8.267716 16.535433 61.555115 8.267716 16.535433 59.384758 10.407558 16.253717 26.929132 10.407558 16.253717 51.791340 12.401574 15.427770 26.929132 12.401574 15.427770 51.791340 11.146934 15.947459 57.476799 11.146934 15.947459 58.634838 11.146934 15.947459 57.476799 12.288692 15.474526 51.791340 14.113874 14.113874 26.929132 14.113874 14.113874 26.929132 15.427770 12.401574 51.791340 15.427770 12.401574 26.929132 16.253717 10.407558 51.791340 16.253717 10.407558 26.929132 16.535433 8.267716 51.791340 16.535433 8.267716 26.929134 16.253717 6.127874 51.791340 16.253717 6.127874 26.929132 15.427770 4.133858 51.791340 15.427770 4.133858 26.929132 14.113874 2.421558 51.791340 14.113874 2.421558 51.791340 12.401574 1.107664 26.929132 12.401574 1.107664 51.791340 11.146934 0.587974 59.384758 10.407558 0.281716 26.929134 10.407558 0.281716 57.476799 11.146934 0.587974 58.634838 11.146934 0.587974 57.476799 12.288692 1.060906 61.555115 8.267716 0.000000 26.929132 8.267716 0.000000 57.476799 4.246742 15.474526 57.476799 5.388500 0.587974 57.476799 4.246741 1.060906 57.476799 5.388500 15.947459 61.555115 8.267716 16.535433 59.384758 6.127874 0.281716 61.555115 8.267716 0.000000 58.634838 5.388500 0.587974 57.476799 4.246741 1.060906 57.476799 4.246742 15.474526 58.634838 5.388500 15.947459 59.384758 6.127874 16.253717 59.384758 10.407558 0.281716 61.555115 8.267716 16.535433 61.555115 8.267716 0.000000 58.634838 11.146934 0.587974 57.476799 12.288692 1.060906 57.476799 12.288692 15.474526 58.634838 11.146934 15.947459 59.384758 10.407558 16.253717 57.476799 11.146934 15.947459 57.476799 12.288692 1.060906 57.476799 11.146934 0.587974 57.476799 12.288692 15.474526 51.791340 11.146934 0.587974 57.476799 11.146934 15.947459 57.476799 11.146934 0.587974 51.791340 11.146934 15.947459 51.791340 12.401574 1.107664 51.791340 11.146934 15.947459 51.791340 11.146934 0.587974 51.791340 12.401574 15.427770 51.791340 14.113874 14.113874 51.791340 14.113874 2.421558 51.791340 15.427770 12.401574 51.791340 15.427770 4.133858 51.791340 16.253717 10.407558 51.791340 16.253717 6.127874 51.791340 16.535433 8.267716 "
									            />
								</IndexedFaceSet>
							</Shape>
						</Group>
					</Transform>
				</Transform>
				<Transform DEF="group_19_TRANSFORM"
				           translation="50.531494 0.000000 0.000000"
				           scale="1.000000 1.000000 1.000000"
				           rotation="0.000000 1.000000 0.000000 0.000000"
				           >
					<Transform DEF="group_19_ifs_TRANSFORM"
					           translation="-0.000002 0.000000 0.000000"
					           scale="1.000000 1.000000 1.000000"
					           rotation="0.000000 1.000000 0.000000 0.000000"
					           >
						<Group DEF="group_ME_ID126_001">
							<Shape>
								<Appearance>
									<Material USE="MA_material_008" />
								</Appearance>
								<IndexedFaceSet solid="false"
								                coordIndex="0 1 2 -1 1 0 3 -1 4 3 0 -1 3 4 5 -1 6 7 8 -1 7 6 9 -1 7 9 10 -1 10 9 11 -1 10 11 12 -1 12 11 13 -1 12 13 14 -1 14 13 15 -1 14 15 16 -1 2 17 18 -1 17 2 1 -1 19 20 21 -1 20 19 22 -1 22 19 23 -1 22 23 24 -1 24 23 25 -1 24 25 26 -1 26 25 27 -1 26 27 28 -1 28 27 29 -1 28 29 30 -1 30 29 31 -1 30 31 32 -1 32 31 33 -1 32 33 34 -1 34 33 35 -1 34 35 36 -1 36 35 37 -1 36 37 38 -1 38 37 39 -1 38 39 40 -1 40 39 41 -1 40 41 42 -1 43 5 4 -1 5 43 44 -1 45 46 47 -1 46 45 48 -1 49 50 51 -1 50 49 52 -1 50 52 53 -1 53 52 54 -1 53 54 55 -1 53 55 56 -1 53 57 50 -1 57 53 58 -1 18 57 58 -1 57 18 17 -1 59 44 43 -1 44 59 60 -1 59 61 60 -1 61 59 62 -1 61 63 64 -1 63 61 62 -1 63 62 65 -1 65 62 66 -1 66 62 67 -1 68 64 63 -1 69 70 71 -1 70 69 72 -1 72 73 70 -1 73 72 74 -1 74 75 73 -1 75 74 76 -1 76 77 75 -1 77 76 78 -1 79 77 78 -1 77 79 80 -1 81 82 83 -1 79 82 80 -1 82 79 83 -1 80 82 84 -1 80 84 85 -1 80 85 86 -1 87 86 85 -1 86 87 88 -1 67 87 66 -1 87 67 88 -1 89 56 55 -1 56 89 90 -1 91 89 92 -1 89 91 90 -1 93 94 95 -1 94 93 96 -1 96 93 97 -1 96 97 98 -1 98 97 92 -1 92 97 91 -1 99 97 93 -1 97 99 100 -1 99 101 100 -1 101 99 102 -1 102 71 101 -1 71 102 69 -1 103 104 105 -1 104 103 106 -1 107 108 109 -1 108 107 110 -1 111 112 113 -1 112 111 114 -1 112 114 115 -1 112 115 116 -1 117 118 119 -1 118 117 120 -1 118 120 121 -1 118 121 122 -1 122 121 123 -1 122 123 124 -1 124 123 125 -1 124 125 126 -1 126 125 127 -1 128 129 130 -1 129 128 131 -1 132 133 134 -1 133 132 135 -1 136 137 138 -1 137 136 139 -1 140 141 142 -1 141 140 143 -1 143 140 144 -1 144 140 145 -1 "
								                >
									<Coordinate DEF="coords_ME_ID126_001"
									            point="31.476379 0.000000 8.267716 0.000000 0.281716 6.127874 31.476379 0.281716 6.127874 0.000000 0.000000 8.267716 31.476379 0.281716 10.407558 0.000000 0.281716 10.407558 0.000000 0.281716 10.407558 0.000000 0.281716 6.127874 0.000000 0.000000 8.267716 0.000000 1.107664 12.401574 0.000000 1.107664 4.133858 0.000000 2.421558 14.113874 0.000000 2.421558 2.421558 0.000000 4.133858 15.427770 0.000000 4.133858 1.107664 0.000000 5.388500 15.947459 0.000000 5.388500 0.587974 0.000000 1.107664 4.133858 31.476379 1.107664 4.133858 31.476379 0.281716 6.127874 31.476379 0.281716 10.407558 31.476379 0.000000 8.267716 31.476379 1.107664 12.401574 31.476379 1.107664 4.133858 31.476379 2.421558 14.113874 31.476379 2.421558 2.421558 31.476379 4.133858 15.427770 31.476379 4.133858 1.107664 31.476379 6.127874 16.253717 31.476379 6.127874 0.281716 31.476379 8.267716 16.535433 31.476379 8.267716 0.000000 31.476379 10.407558 16.253717 31.476379 10.407558 0.281716 31.476379 12.401574 15.427769 31.476379 12.401574 1.107664 31.476379 14.113874 14.113874 31.476379 14.113874 2.421558 31.476379 15.427770 12.401574 31.476379 15.427770 4.133858 31.476379 16.253717 10.407558 31.476379 16.253717 6.127874 31.476379 16.535433 8.267716 31.476379 1.107664 12.401574 0.000000 1.107664 12.401574 0.000000 5.388500 0.587974 5.685457 5.388500 15.947459 5.685457 5.388500 0.587974 0.000000 5.388500 15.947459 5.685457 5.388500 0.587974 0.000000 4.133858 1.107664 0.000000 5.388500 0.587974 5.685457 4.246741 1.060906 31.476379 4.133858 1.107664 6.843500 5.388500 0.587974 7.593418 6.127874 0.281716 31.476379 6.127874 0.281716 0.000000 2.421558 2.421558 31.476379 2.421558 2.421558 31.476379 2.421558 14.113874 0.000000 2.421558 14.113874 0.000000 4.133858 15.427770 31.476379 4.133858 15.427770 5.685457 4.246742 15.474527 0.000000 5.388500 15.947459 6.843500 5.388500 15.947459 7.593419 6.127874 16.253717 31.476379 6.127874 16.253717 5.685457 5.388500 15.947459 0.000000 16.253717 6.127874 31.476379 16.535433 8.267716 31.476379 16.253717 6.127874 0.000000 16.535433 8.267716 31.476379 16.253717 10.407558 0.000000 16.253717 10.407558 31.476379 15.427770 12.401574 0.000000 15.427770 12.401574 31.476379 14.113874 14.113874 0.000000 14.113874 14.113874 0.000000 12.401574 15.427770 31.476379 12.401574 15.427769 5.685457 11.146934 15.947459 5.685457 12.288692 15.474526 0.000000 11.146934 15.947459 6.843500 11.146934 15.947459 7.593419 10.407558 16.253717 31.476379 10.407558 16.253717 9.763780 8.267716 16.535433 31.476379 8.267716 16.535433 9.763780 8.267716 0.000000 31.476379 8.267716 0.000000 31.476379 10.407558 0.281716 7.593419 10.407558 0.281716 0.000000 12.401574 1.107664 5.685458 11.146934 0.587974 0.000000 11.146934 0.587974 5.685457 12.288692 1.060906 31.476379 12.401574 1.107664 6.843500 11.146934 0.587974 0.000000 14.113874 2.421558 31.476379 14.113874 2.421558 31.476379 15.427770 4.133858 0.000000 15.427770 4.133858 5.685457 5.388500 0.587974 5.685457 4.246742 15.474527 5.685457 4.246741 1.060906 5.685457 5.388500 15.947459 5.685457 4.246741 1.060906 6.843500 5.388500 15.947459 6.843500 5.388500 0.587974 5.685457 4.246742 15.474527 7.593418 6.127874 0.281716 9.763780 8.267716 16.535433 9.763780 8.267716 0.000000 6.843500 5.388500 0.587974 6.843500 5.388500 15.947459 7.593419 6.127874 16.253717 0.000000 11.146934 15.947459 0.000000 12.401574 1.107664 0.000000 11.146934 0.587974 0.000000 12.401574 15.427770 0.000000 14.113874 14.113874 0.000000 14.113874 2.421558 0.000000 15.427770 12.401574 0.000000 15.427770 4.133858 0.000000 16.253717 10.407558 0.000000 16.253717 6.127874 0.000000 16.535433 8.267716 5.685457 11.146934 15.947459 0.000000 11.146934 0.587974 5.685458 11.146934 0.587974 0.000000 11.146934 15.947459 5.685457 12.288692 1.060906 5.685457 11.146934 15.947459 5.685458 11.146934 0.587974 5.685457 12.288692 15.474526 6.843500 11.146934 15.947459 5.685457 12.288692 1.060906 6.843500 11.146934 0.587974 5.685457 12.288692 15.474526 9.763780 8.267716 16.535433 7.593419 10.407558 0.281716 9.763780 8.267716 0.000000 6.843500 11.146934 0.587974 6.843500 11.146934 15.947459 7.593419 10.407558 16.253717 "
									            />
								</IndexedFaceSet>
							</Shape>
						</Group>
					</Transform>
				</Transform>
			</Transform>
			<Transform DEF="group_20_TRANSFORM"
			           translation="-19.920198 10.220338 214.481888"
			           scale="2.200000 2.200000 2.200000"
			           rotation="0.000000 1.000000 0.000000 0.000000"
			           >
				<Transform DEF="group_21_TRANSFORM"
				           translation="-0.000001 0.000000 0.000000"
				           scale="1.000000 1.000000 1.000000"
				           rotation="0.000000 1.000000 0.000000 0.000000"
				           >
					<Transform DEF="group_21_ifs_TRANSFORM"
					           translation="-0.000001 0.000000 0.000000"
					           scale="1.000000 1.000000 1.000000"
					           rotation="0.000000 1.000000 0.000000 0.000000"
					           >
						<Group DEF="group_ME_ID134">
							<Shape>
								<Appearance>
									<Material USE="MA_material_008" />
								</Appearance>
								<IndexedFaceSet solid="false"
								                coordIndex="0 1 2 -1 1 0 3 -1 3 0 4 -1 1 5 6 -1 5 1 3 -1 6 5 7 -1 8 9 10 -1 9 8 11 -1 11 8 12 -1 12 8 13 -1 14 15 16 -1 15 14 17 -1 18 19 20 -1 19 18 21 -1 22 23 24 -1 23 22 25 -1 26 27 28 -1 27 26 29 -1 29 26 30 -1 31 27 29 -1 32 33 34 -1 33 32 35 -1 36 37 38 -1 37 36 39 -1 40 41 42 -1 41 40 43 -1 44 45 46 -1 45 44 47 -1 47 44 48 -1 47 48 49 -1 50 49 48 -1 49 50 51 -1 49 51 52 -1 51 50 53 -1 52 54 49 -1 54 52 55 -1 56 57 58 -1 57 56 59 -1 57 59 60 -1 60 59 61 -1 62 63 64 -1 63 62 65 -1 66 63 65 -1 63 66 67 -1 67 66 56 -1 67 56 58 -1 68 69 70 -1 69 68 71 -1 72 73 74 -1 73 72 75 -1 76 77 78 -1 77 76 79 -1 80 81 82 -1 81 80 83 -1 84 85 86 -1 85 84 87 -1 88 89 90 -1 89 88 91 -1 92 93 94 -1 93 92 95 -1 "
								                >
									<Coordinate DEF="coords_ME_ID134"
									            point="7.834646 8.267716 0.000000 0.000000 0.000000 0.000000 0.000000 8.267716 0.000000 7.440945 4.527559 0.000000 7.834646 4.527559 0.000000 7.440945 3.740157 0.000000 7.834646 0.000000 0.000000 7.834645 3.740157 0.000000 7.834646 8.267716 0.000000 7.834646 4.527559 1.968504 7.834646 4.527559 0.000000 7.834646 5.548372 1.968504 7.834646 5.548372 3.937008 7.834646 8.267716 3.937008 7.834646 4.527559 1.968504 7.440945 4.527559 0.000000 7.834646 4.527559 0.000000 7.440945 4.527559 1.968504 7.440945 4.527559 0.000000 7.440945 3.740157 1.968504 7.440945 3.740157 0.000000 7.440945 4.527559 1.968504 7.440945 3.740157 0.000000 7.834646 3.740157 1.968504 7.834645 3.740157 0.000000 7.440945 3.740157 1.968504 7.834645 3.740157 0.000000 7.834646 0.000000 3.937008 7.834646 0.000000 0.000000 7.834646 2.719345 1.968504 7.834646 3.740157 1.968504 7.834646 2.719345 3.937008 7.834646 0.000000 3.937008 0.000000 0.000000 0.000000 7.834646 0.000000 0.000000 0.000000 0.000000 3.937008 0.000000 8.267716 3.937008 0.000000 0.000000 0.000000 0.000000 0.000000 3.937008 0.000000 8.267716 0.000000 0.000000 8.267716 3.937008 7.834646 8.267716 0.000000 0.000000 8.267716 0.000000 7.834646 8.267716 3.937008 4.303224 1.359672 1.968504 2.303150 5.548372 1.968504 2.303150 2.719345 1.968504 4.303224 6.908044 1.968504 4.303224 2.719345 1.968504 4.303224 5.548372 1.968504 7.834646 2.719345 1.968504 7.440945 3.740157 1.968504 7.440945 4.527559 1.968504 7.834646 3.740157 1.968504 7.834646 5.548372 1.968504 7.834646 4.527559 1.968504 0.000000 0.000000 3.937008 4.303224 1.359672 3.937008 2.303150 2.719345 3.937008 7.834646 0.000000 3.937008 4.303224 2.719345 3.937008 7.834646 2.719345 3.937008 7.834646 5.548372 3.937008 4.303224 6.908044 3.937008 4.303224 5.548372 3.937008 7.834646 8.267716 3.937008 0.000000 8.267716 3.937008 2.303150 5.548372 3.937008 7.834646 5.548372 3.937008 4.303224 5.548372 1.968504 7.834646 5.548372 1.968504 4.303224 5.548372 3.937008 4.303224 2.719345 3.937008 7.834646 2.719345 1.968504 4.303224 2.719345 1.968504 7.834646 2.719345 3.937008 4.303224 6.908044 3.937008 4.303224 5.548372 1.968504 4.303224 5.548372 3.937008 4.303224 6.908044 1.968504 4.303224 6.908044 3.937008 2.303150 5.548372 1.968504 4.303224 6.908044 1.968504 2.303150 5.548372 3.937008 2.303150 5.548372 1.968504 2.303150 2.719345 3.937008 2.303150 2.719345 1.968504 2.303150 5.548372 3.937008 2.303150 2.719345 3.937008 4.303224 1.359672 1.968504 2.303150 2.719345 1.968504 4.303224 1.359672 3.937008 4.303224 2.719345 3.937008 4.303224 1.359672 1.968504 4.303224 1.359672 3.937008 4.303224 2.719345 1.968504 "
									            />
								</IndexedFaceSet>
							</Shape>
						</Group>
					</Transform>
				</Transform>
				<Transform DEF="group_22_TRANSFORM"
				           translation="13.799213 0.000000 0.000000"
				           scale="1.000000 1.000000 1.000000"
				           rotation="0.000000 1.000000 0.000000 0.000000"
				           >
					<Transform DEF="group_22_ifs_TRANSFORM"
					           translation="0.000000 0.000000 0.000000"
					           scale="1.000000 1.000000 1.000000"
					           rotation="0.000000 1.000000 0.000000 0.000000"
					           >
						<Group DEF="group_ME_ID141_002">
							<Shape>
								<Appearance>
									<Material USE="MA_material_008" />
								</Appearance>
								<IndexedFaceSet solid="false"
								                coordIndex="0 1 2 -1 1 0 3 -1 4 5 6 -1 5 4 7 -1 5 7 8 -1 8 7 9 -1 10 11 12 -1 11 13 14 -1 13 11 15 -1 15 11 10 -1 16 17 18 -1 17 16 19 -1 19 16 20 -1 19 20 21 -1 22 21 20 -1 21 22 23 -1 23 22 24 -1 21 25 26 -1 25 21 23 -1 26 25 27 -1 28 29 30 -1 29 28 31 -1 31 28 32 -1 32 33 34 -1 33 32 35 -1 35 32 28 -1 36 37 38 -1 37 36 39 -1 40 41 42 -1 41 43 44 -1 43 41 45 -1 45 41 40 -1 46 47 48 -1 47 46 49 -1 47 49 50 -1 50 49 51 -1 52 53 54 -1 53 52 55 -1 56 57 58 -1 57 56 59 -1 60 61 62 -1 61 60 63 -1 64 65 66 -1 65 64 67 -1 68 69 70 -1 69 68 71 -1 72 73 74 -1 73 72 75 -1 76 77 78 -1 77 76 79 -1 80 81 82 -1 81 80 83 -1 84 85 86 -1 85 84 87 -1 88 89 90 -1 89 88 91 -1 92 93 94 -1 93 92 95 -1 96 94 97 -1 94 96 98 -1 94 98 92 -1 98 96 99 -1 99 96 100 -1 99 100 101 -1 99 101 102 -1 93 102 103 -1 102 93 95 -1 102 95 99 -1 104 105 106 -1 105 104 107 -1 107 104 97 -1 107 97 94 -1 "
								                >
									<Coordinate DEF="coords_ME_ID141_002"
									            point="5.137795 4.527559 1.968504 5.137795 3.740157 3.937008 5.137795 3.740157 1.968504 5.137795 4.527559 3.937008 5.925197 4.527559 0.000000 5.531496 4.527559 1.968504 5.531496 4.527559 0.000000 5.925197 4.527559 3.937008 5.137795 4.527559 1.968504 5.137795 4.527559 3.937008 5.137795 3.740157 3.937008 5.531496 3.740157 1.968504 5.137795 3.740157 1.968504 5.925197 3.740157 0.000000 5.531496 3.740157 0.000000 5.925197 3.740157 3.937008 2.000074 6.908044 1.968504 0.000000 2.719345 1.968504 0.000000 5.548372 1.968504 2.000074 1.359672 1.968504 2.000074 5.548372 1.968504 2.000074 2.719345 1.968504 5.531496 5.548372 1.968504 5.137795 4.527559 1.968504 5.531496 4.527559 1.968504 5.137795 3.740157 1.968504 5.531496 2.719345 1.968504 5.531496 3.740157 1.968504 11.062992 8.267716 0.000000 5.531496 4.527559 0.000000 5.531496 8.267716 0.000000 5.925197 4.527559 0.000000 5.925197 3.740157 0.000000 5.531496 0.000000 0.000000 5.531496 3.740157 0.000000 11.062992 0.000000 0.000000 5.925197 4.527559 3.937008 5.925197 3.740157 0.000000 5.925197 3.740157 3.937008 5.925197 4.527559 0.000000 5.531496 8.267716 3.937008 5.531496 5.548372 1.968504 5.531496 5.548372 3.937008 5.531496 4.527559 0.000000 5.531496 4.527559 1.968504 5.531496 8.267716 0.000000 5.531496 2.719345 3.937008 5.531496 0.000000 0.000000 5.531496 0.000000 3.937008 5.531496 2.719345 1.968504 5.531496 3.740157 0.000000 5.531496 3.740157 1.968504 5.531496 2.719345 3.937008 2.000074 2.719345 1.968504 5.531496 2.719345 1.968504 2.000074 2.719345 3.937008 2.000074 2.719345 1.968504 2.000074 1.359672 3.937008 2.000074 1.359672 1.968504 2.000074 2.719345 3.937008 2.000074 1.359672 3.937008 0.000000 2.719345 1.968504 2.000074 1.359672 1.968504 0.000000 2.719345 3.937008 0.000000 5.548372 3.937008 0.000000 2.719345 1.968504 0.000000 2.719345 3.937008 0.000000 5.548372 1.968504 0.000000 5.548372 3.937008 2.000074 6.908044 1.968504 0.000000 5.548372 1.968504 2.000074 6.908044 3.937008 2.000074 6.908044 1.968504 2.000074 5.548372 3.937008 2.000074 5.548372 1.968504 2.000074 6.908044 3.937008 2.000074 5.548372 3.937008 5.531496 5.548372 1.968504 2.000074 5.548372 1.968504 5.531496 5.548372 3.937008 5.531496 8.267716 3.937008 11.062992 8.267716 0.000000 5.531496 8.267716 0.000000 11.062992 8.267716 3.937008 11.062992 8.267716 0.000000 11.062992 0.000000 3.937008 11.062992 0.000000 0.000000 11.062992 8.267716 3.937008 11.062992 0.000000 3.937008 5.531496 0.000000 0.000000 11.062992 0.000000 0.000000 5.531496 0.000000 3.937008 5.137795 4.527559 3.937008 5.531496 5.548372 3.937008 2.000074 5.548372 3.937008 5.925197 4.527559 3.937008 5.531496 2.719345 3.937008 2.000074 2.719345 3.937008 5.137795 3.740157 3.937008 5.925197 3.740157 3.937008 5.531496 0.000000 3.937008 11.062992 0.000000 3.937008 11.062992 8.267716 3.937008 5.531496 8.267716 3.937008 2.000074 1.359672 3.937008 0.000000 5.548372 3.937008 0.000000 2.719345 3.937008 2.000074 6.908044 3.937008 "
									            />
								</IndexedFaceSet>
							</Shape>
						</Group>
					</Transform>
				</Transform>
			</Transform>
		</Transform>
	</Scene>
</X3D>