<?xml version="1.0" encoding="UTF-8"?>
<!DOCTYPE X3D PUBLIC "ISO//Web3D//DTD X3D 3.0//EN" "http://www.web3d.org/specifications/x3d-3.0.dtd">
<X3D version="3.0" profile="Immersive" xmlns:xsd="http://www.w3.org/2001/XMLSchema-instance" xsd:noNamespaceSchemaLocation="http://www.web3d.org/specifications/x3d-3.0.xsd">
	<head>
		<meta name="filename" content="25-3 轉角布椽(更新).x3d" />
		<meta name="created" content="2025-12-29 13:59:24" />
		<meta name="generator" content="Blender 4.2.2 LTS" />
		<meta name="translator" content="Web3D X3D/VRML2 format v2.5.1" />
	</head>
	<Scene>
		<NavigationInfo headlight="true"
		                visibilityLimit="0.0"
		                type='"EXAMINE", "ANY"'
		                avatarSize="0.25, 1.75, 0.75"
		                />
		<Background DEF="WO_World"
		            groundColor="0.051 0.051 0.051"
		            skyColor="0.051 0.051 0.051"
		            />
		<Transform DEF="SketchUp_TRANSFORM"
		           translation="0.000000 0.000000 0.000000"
		           scale="1.000000 1.000000 1.000000"
		           rotation="-1.000000 0.000000 0.000000 1.570796"
		           >
			<Transform DEF="SketchUp_ifs_TRANSFORM"
			           translation="0.000000 0.000000 0.000000"
			           scale="1.000000 1.000000 1.000000"
			           rotation="0.000000 1.000000 0.000000 0.000000"
			           >
				<Group DEF="group_ME_ID673">
				</Group>
			</Transform>
			<Transform DEF="group_0_TRANSFORM"
			           translation="1507.620850 -1257.654175 171.593063"
			           scale="1.000000 1.000000 1.000000"
			           rotation="0.000000 1.000000 0.000000 0.000000"
			           >
				<Transform DEF="group_1_TRANSFORM"
				           translation="188.959351 171.898071 10.823410"
				           scale="1.000000 1.914475 1.000000"
				           rotation="-0.999863 0.000000 0.000000 0.017456"
				           >
					<Transform DEF="group_1_ifs_TRANSFORM"
					           translation="0.000000 -0.000071 -0.000008"
					           scale="1.000000 1.000000 1.000000"
					           rotation="0.000000 1.000000 0.000000 0.000000"
					           >
						<Group DEF="group_ME_ID4_007">
							<Shape>
								<Appearance>
									<Material DEF="MA_material_020"
									          diffuseColor="1.000 1.000 1.000"
									          specularColor="0.401 0.401 0.401"
									          emissiveColor="0.000 0.000 0.000"
									          ambientIntensity="0.000"
									          shininess="0.500"
									          transparency="0.000"
									          />
								</Appearance>
								<IndexedFaceSet solid="false"
								                coordIndex="0 1 2 -1 1 0 3 -1 4 5 6 -1 5 4 7 -1 5 7 8 -1 8 7 9 -1 8 9 10 -1 10 9 11 -1 10 11 12 -1 12 11 13 -1 12 13 14 -1 14 13 15 -1 14 15 16 -1 16 15 17 -1 18 2 19 -1 2 18 0 -1 20 21 22 -1 21 20 23 -1 21 23 24 -1 24 23 25 -1 25 23 26 -1 25 26 27 -1 25 27 28 -1 28 27 29 -1 28 29 30 -1 30 29 31 -1 31 29 32 -1 31 32 33 -1 34 1 3 -1 1 34 35 -1 36 37 38 -1 37 36 39 -1 40 41 42 -1 41 40 43 -1 43 44 41 -1 44 43 45 -1 44 46 47 -1 46 44 45 -1 47 48 49 -1 48 47 46 -1 49 50 51 -1 50 49 48 -1 50 52 51 -1 52 50 53 -1 54 18 19 -1 18 54 55 -1 56 35 34 -1 35 56 57 -1 58 57 56 -1 57 58 59 -1 59 36 38 -1 36 59 58 -1 "
								                >
									<Coordinate DEF="coords_ME_ID4_007"
									            point="0.553832 74.249336 2.066929 2.066929 -59.687252 0.553832 0.553832 -59.687252 2.066929 2.066929 74.249336 0.553832 6.200788 -59.687252 0.553832 2.066929 -59.687252 0.553832 4.133858 -59.687252 0.000000 7.713885 -59.687252 2.066929 0.553832 -59.687252 2.066929 8.267716 -59.687252 4.133858 0.000000 -59.687252 4.133858 8.000822 -59.687252 5.129921 0.266894 -59.687252 5.129921 7.713885 -59.687252 6.200788 0.553832 -59.687252 6.200788 6.200788 -59.687252 7.713885 2.066929 -59.687252 7.713885 4.133858 -59.687252 8.267716 0.000000 74.249336 4.133858 0.000000 -59.687252 4.133858 2.066929 74.249336 0.553832 6.200788 74.249336 0.553832 4.133858 74.249336 0.000000 0.553832 74.249336 2.066929 7.713885 74.249336 2.066929 8.267716 74.249336 4.133858 0.000000 74.249336 4.133858 0.266894 74.249336 5.129921 8.000822 74.249336 5.129921 0.553832 74.249336 6.200788 7.713885 74.249336 6.200788 6.200788 74.249336 7.713885 2.066929 74.249336 7.713885 4.133858 74.249336 8.267716 4.133858 74.249336 0.000000 4.133858 -59.687252 0.000000 8.267716 74.249336 4.133858 8.000822 -59.687252 5.129921 8.267716 -59.687252 4.133858 8.000822 74.249336 5.129921 8.000822 74.249336 5.129921 7.713885 -59.687252 6.200788 8.000822 -59.687252 5.129921 7.713885 74.249336 6.200788 6.200788 -59.687252 7.713885 6.200788 74.249336 7.713885 4.133858 74.249336 8.267716 4.133858 -59.687252 8.267716 2.066929 74.249336 7.713885 2.066929 -59.687252 7.713885 0.553832 74.249336 6.200788 0.553832 -59.687252 6.200788 0.266894 -59.687252 5.129921 0.266894 74.249336 5.129921 0.266894 -59.687252 5.129921 0.266894 74.249336 5.129921 6.200788 74.249336 0.553832 6.200788 -59.687252 0.553832 7.713885 74.249336 2.066929 7.713885 -59.687252 2.066929 "
									            />
								</IndexedFaceSet>
							</Shape>
						</Group>
					</Transform>
				</Transform>
				<Transform DEF="group_2_TRANSFORM"
				           translation="206.889771 219.896484 0.000000"
				           scale="-1.000000 -1.000000 -1.000000"
				           rotation="-1.000000 0.000000 0.000000 3.141593"
				           >
					<Transform DEF="group_3_TRANSFORM"
					           translation="0.000000 0.000015 1.575332"
					           scale="1.000000 0.800000 1.000000"
					           rotation="-1.000370 -0.000000 -0.000000 0.016659"
					           >
						<Transform DEF="group_3_ifs_TRANSFORM"
						           translation="0.000000 0.000023 0.000017"
						           scale="1.000000 1.000000 1.000000"
						           rotation="0.000000 0.000000 0.000000 0.000000"
						           >
							<Group DEF="group_ME_ID14_006">
								<Shape>
									<Appearance>
										<Material USE="MA_material_020" />
									</Appearance>
									<IndexedFaceSet solid="false"
									                coordIndex="0 1 2 -1 3 2 1 -1 4 5 6 -1 7 6 5 -1 8 9 10 -1 11 10 9 -1 12 13 14 -1 15 14 13 -1 16 17 18 -1 19 18 17 -1 20 21 22 -1 23 22 21 -1 "
									                >
										<Coordinate DEF="coords_ME_ID14_006"
										            point="3.937008 118.110229 11.811023 3.937008 118.110229 0.000000 3.937008 -274.908813 11.811023 3.937008 -274.908813 0.000000 0.000000 -274.908813 11.811023 3.937008 -274.908813 11.811023 0.000000 -274.908813 0.000000 3.937008 -274.908813 0.000000 3.937008 -274.908813 0.000000 3.937008 118.110229 0.000000 0.000000 -274.908813 0.000000 0.000000 118.110229 0.000000 0.000000 118.110229 11.811023 0.000000 118.110229 0.000000 3.937008 118.110229 11.811023 3.937008 118.110229 0.000000 3.937008 -274.908813 11.811023 0.000000 -274.908813 11.811023 3.937008 118.110229 11.811023 0.000000 118.110229 11.811023 0.000000 118.110229 11.811023 0.000000 -274.908813 11.811023 0.000000 118.110229 0.000000 0.000000 -274.908813 0.000000 "
										            />
									</IndexedFaceSet>
								</Shape>
							</Group>
						</Transform>
					</Transform>
				</Transform>
				<Transform DEF="group_4_TRANSFORM"
				           translation="94.488159 172.297241 51.079941"
				           scale="1.000000 1.914475 1.000000"
				           rotation="-0.999863 0.000000 0.000000 0.017456"
				           >
					<Transform DEF="group_4_ifs_TRANSFORM"
					           translation="0.000000 -0.000046 0.000017"
					           scale="1.000000 1.000000 1.000000"
					           rotation="0.000000 1.000000 0.000000 0.000000"
					           >
						<Group DEF="group_ME_ID21_004">
							<Shape>
								<Appearance>
									<Material USE="MA_material_020" />
								</Appearance>
								<IndexedFaceSet solid="false"
								                coordIndex="0 1 2 -1 1 0 3 -1 4 5 6 -1 5 4 7 -1 5 7 8 -1 8 7 9 -1 8 9 10 -1 10 9 11 -1 10 11 12 -1 12 11 13 -1 12 13 14 -1 14 13 15 -1 14 15 16 -1 16 15 17 -1 18 2 19 -1 2 18 0 -1 20 21 22 -1 21 20 23 -1 21 23 24 -1 24 23 25 -1 25 23 26 -1 25 26 27 -1 25 27 28 -1 28 27 29 -1 28 29 30 -1 30 29 31 -1 31 29 32 -1 31 32 33 -1 34 1 3 -1 1 34 35 -1 36 37 38 -1 37 36 39 -1 40 41 42 -1 41 40 43 -1 41 44 42 -1 44 41 45 -1 44 46 47 -1 46 44 45 -1 47 48 49 -1 48 47 46 -1 49 50 51 -1 50 49 48 -1 50 52 51 -1 52 50 53 -1 54 18 19 -1 18 54 55 -1 56 35 34 -1 35 56 57 -1 58 57 56 -1 57 58 59 -1 58 38 59 -1 38 58 36 -1 "
								                >
									<Coordinate DEF="coords_ME_ID21_004"
									            point="0.553832 74.249336 2.066929 2.066929 -45.086891 0.553832 0.553832 -45.086891 2.066929 2.066929 74.249336 0.553832 6.200788 -45.086891 0.553832 2.066929 -45.086891 0.553832 4.133858 -45.086891 -0.000000 7.713885 -45.086891 2.066929 0.553832 -45.086891 2.066929 8.267716 -45.086891 4.133858 0.000000 -45.086891 4.133858 8.000822 -45.086891 5.129921 0.266894 -45.086891 5.129921 7.713885 -45.086891 6.200788 0.553832 -45.086891 6.200788 6.200788 -45.086891 7.713885 2.066929 -45.086891 7.713885 4.133858 -45.086891 8.267716 0.000000 74.249336 4.133858 0.000000 -45.086891 4.133858 2.066929 74.249336 0.553832 6.200788 74.249336 0.553832 4.133858 74.249336 0.000000 0.553832 74.249336 2.066929 7.713885 74.249336 2.066929 8.267716 74.249336 4.133858 0.000000 74.249336 4.133858 0.266894 74.249336 5.129921 8.000822 74.249336 5.129921 0.553832 74.249336 6.200788 7.713885 74.249336 6.200788 6.200788 74.249336 7.713885 2.066929 74.249336 7.713885 4.133858 74.249336 8.267716 4.133858 74.249336 0.000000 4.133858 -45.086891 -0.000000 8.267716 74.249336 4.133858 8.000822 -45.086891 5.129921 8.267716 -45.086891 4.133858 8.000822 74.249336 5.129921 8.000822 -45.086891 5.129921 7.713885 74.249336 6.200788 7.713885 -45.086891 6.200788 8.000822 74.249336 5.129921 6.200788 -45.086891 7.713885 6.200788 74.249336 7.713885 4.133858 74.249336 8.267716 4.133858 -45.086891 8.267716 2.066929 74.249336 7.713885 2.066929 -45.086891 7.713885 0.553832 74.249336 6.200788 0.553832 -45.086891 6.200788 0.266894 -45.086891 5.129921 0.266894 74.249336 5.129921 0.266894 -45.086891 5.129921 0.266894 74.249336 5.129921 6.200788 74.249336 0.553832 6.200788 -45.086891 0.553832 7.713885 74.249336 2.066929 7.713885 -45.086891 2.066929 "
									            />
								</IndexedFaceSet>
							</Shape>
						</Group>
					</Transform>
				</Transform>
				<Transform DEF="group_5_TRANSFORM"
				           translation="141.732300 172.297241 28.562729"
				           scale="1.000000 1.914475 1.000000"
				           rotation="-0.999863 0.000000 0.000000 0.017456"
				           >
					<Transform DEF="group_5_ifs_TRANSFORM"
					           translation="0.000000 -0.000040 0.000002"
					           scale="1.000000 1.000000 1.000000"
					           rotation="0.000000 1.000000 0.000000 0.000000"
					           >
						<Group DEF="group_ME_ID28_005">
							<Shape>
								<Appearance>
									<Material USE="MA_material_020" />
								</Appearance>
								<IndexedFaceSet solid="false"
								                coordIndex="0 1 2 -1 1 0 3 -1 4 5 6 -1 5 4 7 -1 5 7 8 -1 8 7 9 -1 8 9 10 -1 10 9 11 -1 10 11 12 -1 12 11 13 -1 12 13 14 -1 14 13 15 -1 14 15 16 -1 16 15 17 -1 18 2 19 -1 2 18 0 -1 20 21 22 -1 21 20 23 -1 21 23 24 -1 24 23 25 -1 25 23 26 -1 25 26 27 -1 25 27 28 -1 28 27 29 -1 28 29 30 -1 30 29 31 -1 31 29 32 -1 31 32 33 -1 34 1 3 -1 1 34 35 -1 36 37 38 -1 37 36 39 -1 40 41 42 -1 41 40 43 -1 43 44 41 -1 44 43 45 -1 44 46 47 -1 46 44 45 -1 47 48 49 -1 48 47 46 -1 49 50 51 -1 50 49 48 -1 50 52 51 -1 52 50 53 -1 54 18 19 -1 18 54 55 -1 56 35 34 -1 35 56 57 -1 58 57 56 -1 57 58 59 -1 59 36 38 -1 36 59 58 -1 "
								                >
									<Coordinate DEF="coords_ME_ID28_005"
									            point="0.553832 74.249336 2.066929 2.066929 -59.687252 0.553832 0.553832 -59.687252 2.066929 2.066929 74.249336 0.553832 6.200788 -59.687252 0.553832 2.066929 -59.687252 0.553832 4.133858 -59.687252 0.000000 7.713885 -59.687252 2.066929 0.553832 -59.687252 2.066929 8.267716 -59.687252 4.133858 0.000000 -59.687252 4.133858 8.000822 -59.687252 5.129921 0.266894 -59.687252 5.129921 7.713885 -59.687252 6.200788 0.553832 -59.687252 6.200788 6.200788 -59.687252 7.713885 2.066929 -59.687252 7.713885 4.133858 -59.687252 8.267716 0.000000 74.249336 4.133858 0.000000 -59.687252 4.133858 2.066929 74.249336 0.553832 6.200788 74.249336 0.553832 4.133858 74.249336 0.000000 0.553832 74.249336 2.066929 7.713885 74.249336 2.066929 8.267716 74.249336 4.133858 0.000000 74.249336 4.133858 0.266894 74.249336 5.129921 8.000822 74.249336 5.129921 0.553832 74.249336 6.200788 7.713885 74.249336 6.200788 6.200788 74.249336 7.713885 2.066929 74.249336 7.713885 4.133858 74.249336 8.267716 4.133858 74.249336 0.000000 4.133858 -59.687252 0.000000 8.267716 74.249336 4.133858 8.000822 -59.687252 5.129921 8.267716 -59.687252 4.133858 8.000822 74.249336 5.129921 8.000822 74.249336 5.129921 7.713885 -59.687252 6.200788 8.000822 -59.687252 5.129921 7.713885 74.249336 6.200788 6.200788 -59.687252 7.713885 6.200788 74.249336 7.713885 4.133858 74.249336 8.267716 4.133858 -59.687252 8.267716 2.066929 74.249336 7.713885 2.066929 -59.687252 7.713885 0.553832 74.249336 6.200788 0.553832 -59.687252 6.200788 0.266894 -59.687252 5.129921 0.266894 74.249336 5.129921 0.266894 -59.687252 5.129921 0.266894 74.249336 5.129921 6.200788 74.249336 0.553832 6.200788 -59.687252 0.553832 7.713885 74.249336 2.066929 7.713885 -59.687252 2.066929 "
									            />
								</IndexedFaceSet>
							</Shape>
						</Group>
					</Transform>
				</Transform>
			</Transform>
			<Transform DEF="group_6_TRANSFORM"
			           translation="1538.749146 -941.855164 -51.965363"
			           scale="1.000000 1.000000 1.000000"
			           rotation="1.000000 0.000000 0.000000 1.570796"
			           >
				<Transform DEF="group_7_TRANSFORM"
				           translation="225.787476 37.105145 10.259154"
				           scale="1.000000 1.000000 1.000000"
				           rotation="0.000000 1.000000 0.000000 0.000000"
				           >
					<Transform DEF="group_7_ifs_TRANSFORM"
					           translation="0.000000 -0.000000 -0.000001"
					           scale="1.000000 1.000000 1.000000"
					           rotation="0.000000 1.000000 0.000000 0.000000"
					           >
						<Group DEF="group_ME_ID36_003">
							<Shape>
								<Appearance>
									<Material USE="MA_material_020" />
								</Appearance>
								<IndexedFaceSet solid="false"
								                coordIndex="0 1 2 -1 1 0 3 -1 4 2 5 -1 2 4 0 -1 6 7 8 -1 7 6 9 -1 3 10 1 -1 10 3 11 -1 12 13 14 -1 13 12 15 -1 16 5 17 -1 5 16 4 -1 18 9 6 -1 9 18 19 -1 14 20 21 -1 20 14 13 -1 22 23 24 -1 23 22 25 -1 8 26 27 -1 26 8 7 -1 11 28 10 -1 28 11 29 -1 30 15 12 -1 15 30 31 -1 32 33 34 -1 33 32 35 -1 36 17 37 -1 17 36 16 -1 38 19 18 -1 19 38 39 -1 21 40 41 -1 40 21 20 -1 24 42 43 -1 42 24 23 -1 35 44 33 -1 44 35 45 -1 46 25 22 -1 25 46 47 -1 27 48 49 -1 48 27 26 -1 29 50 28 -1 50 29 51 -1 52 31 30 -1 31 52 53 -1 54 34 55 -1 34 54 32 -1 56 37 57 -1 37 56 36 -1 58 39 38 -1 39 58 59 -1 41 60 61 -1 60 41 40 -1 43 62 63 -1 62 43 42 -1 45 64 44 -1 64 45 65 -1 66 47 46 -1 47 66 67 -1 49 68 69 -1 68 49 48 -1 51 70 50 -1 70 51 71 -1 72 53 52 -1 53 72 73 -1 74 55 75 -1 55 74 54 -1 76 57 77 -1 57 76 56 -1 78 59 58 -1 59 78 79 -1 61 80 81 -1 80 61 60 -1 63 82 83 -1 82 63 62 -1 65 84 64 -1 84 65 85 -1 86 67 66 -1 67 86 87 -1 69 88 89 -1 88 69 68 -1 71 90 70 -1 90 71 91 -1 92 73 72 -1 73 92 93 -1 94 75 95 -1 75 94 74 -1 96 76 77 -1 76 96 97 -1 98 79 78 -1 79 98 99 -1 81 100 101 -1 100 81 80 -1 83 102 103 -1 102 83 82 -1 85 104 84 -1 104 85 105 -1 106 87 86 -1 87 106 107 -1 89 108 109 -1 108 89 88 -1 91 110 90 -1 110 91 111 -1 112 93 92 -1 93 112 113 -1 114 95 115 -1 95 114 94 -1 116 97 96 -1 97 116 117 -1 118 99 98 -1 99 118 119 -1 100 120 101 -1 120 100 121 -1 103 122 123 -1 122 103 102 -1 105 124 104 -1 124 105 125 -1 126 107 106 -1 107 126 127 -1 109 128 129 -1 128 109 108 -1 130 131 132 -1 131 130 133 -1 131 133 134 -1 135 113 112 -1 113 135 136 -1 137 115 138 -1 115 137 114 -1 139 117 116 -1 117 139 140 -1 141 119 118 -1 119 141 142 -1 121 143 120 -1 143 121 144 -1 122 145 123 -1 145 122 146 -1 125 147 124 -1 147 125 148 -1 149 127 126 -1 127 149 150 -1 151 138 152 -1 138 151 137 -1 153 140 139 -1 140 153 154 -1 155 142 141 -1 142 155 156 -1 144 157 143 -1 157 144 158 -1 146 159 145 -1 159 146 160 -1 148 161 147 -1 161 148 162 -1 163 164 165 -1 164 163 166 -1 165 164 167 -1 168 156 155 -1 156 168 169 -1 158 170 157 -1 170 158 171 -1 160 172 159 -1 172 160 173 -1 162 174 161 -1 174 162 175 -1 175 176 174 -1 176 175 177 -1 173 178 172 -1 178 173 179 -1 "
								                >
									<Coordinate DEF="coords_ME_ID36_003"
									            point="3.171953 64.964310 7.631954 2.604162 55.749516 8.914574 2.036394 64.941803 7.954869 3.740035 55.766949 8.592188 2.839608 74.041626 6.705219 1.703904 74.023048 7.027734 3.171953 64.964310 7.631954 4.549658 56.117367 11.439144 3.740035 55.766949 8.592188 3.982591 65.298294 10.480626 2.888947 46.647640 9.964050 4.025405 46.646366 9.643822 2.604162 55.749516 8.914574 3.169314 65.089752 8.848175 2.036394 64.941803 7.954869 3.736906 55.900318 9.807582 2.365548 83.112289 5.837332 1.230338 83.084274 6.160749 2.839608 74.041626 6.705219 3.650834 74.359535 9.555533 2.837160 74.161842 7.921974 1.703904 74.023048 7.027734 4.226941 56.112415 11.530739 3.982591 65.298294 10.480626 3.659963 65.291901 10.572371 4.549658 56.117367 11.439144 4.834772 47.004955 12.489836 4.025405 46.646366 9.643822 3.190229 37.342384 11.067501 4.326576 37.344566 10.746863 2.888947 46.647640 9.964050 4.022008 46.788277 10.858230 4.226941 56.112415 11.530739 3.169314 65.089752 8.848175 3.736906 55.900318 9.807582 3.659963 65.291901 10.572371 1.931159 92.114037 5.081672 0.795585 92.093567 5.404456 2.365548 83.112289 5.837332 3.177868 83.409279 8.689648 2.363671 83.221558 7.055133 1.230338 83.084274 6.160749 3.650834 74.359535 9.555533 3.328165 74.354256 9.647163 2.837160 74.161842 7.921974 3.328165 74.354256 9.647163 4.511889 47.005314 12.580818 4.834772 47.004955 12.489836 5.135211 37.725780 13.590195 4.326576 37.344566 10.746863 3.563781 28.280584 12.233197 4.699143 28.306643 11.909487 3.190229 37.342384 11.067501 4.322922 37.494427 11.960328 4.511889 47.005314 12.580818 4.022008 46.788277 10.858230 1.582703 100.313972 4.191568 0.447118 100.293755 4.514325 1.931159 92.114037 5.081672 2.742793 92.425232 7.932794 1.928908 92.231064 6.298822 0.795585 92.093567 5.404456 3.177868 83.409279 8.689648 2.855339 83.401321 8.781535 2.363671 83.221558 7.055133 2.855339 83.401321 8.781535 4.812359 37.725159 13.681292 5.135211 37.725780 13.590195 5.506856 28.710230 14.749940 4.699143 28.306643 11.909487 4.286386 18.798071 13.391417 5.421907 18.822039 13.067962 3.563781 28.280584 12.233197 4.695405 28.458549 13.122689 4.812359 37.725159 13.681292 4.322922 37.494427 11.960328 1.137405 107.400589 3.223045 0.000000 107.409332 3.541843 1.582703 100.313972 4.191568 2.390947 100.704941 7.034031 1.579111 100.462555 5.405293 0.447118 100.293755 4.514325 2.742793 92.425232 7.932794 2.420160 92.419426 8.024501 1.928908 92.231064 6.298822 2.420160 92.419426 8.024501 5.184284 28.702826 14.841911 5.506856 28.710230 14.749940 6.228846 19.235783 15.907175 5.421907 18.822039 13.067962 4.653462 9.541656 14.653781 5.789269 9.558397 14.331311 4.286386 18.798071 13.391417 5.417818 18.978550 14.280601 5.184284 28.702826 14.841911 4.695405 28.458549 13.122689 0.013515 114.529419 2.577956 1.150856 114.487198 2.263690 1.137405 107.400589 3.223045 1.944402 107.811417 6.062795 1.132803 107.565239 4.434574 0.000000 107.409332 3.541843 2.390947 100.704941 7.034031 2.068311 100.699196 7.125731 1.579111 100.462555 5.405293 2.068311 100.699196 7.125731 5.906228 19.228973 15.999072 6.228846 19.235783 15.907175 6.595693 9.985140 17.168751 5.789269 9.558397 14.331311 6.419662 -16.954243 18.209650 7.554446 -16.922153 17.885120 4.653462 9.541656 14.653781 5.784896 9.722091 15.542971 5.906228 19.228973 15.999072 5.417818 18.978550 14.280601 0.024439 121.611176 1.721816 1.161788 121.573814 1.406963 1.150856 114.487198 2.263690 1.957763 114.850487 5.109876 0.013515 114.529419 2.577956 1.146237 114.642593 3.476472 1.944402 107.811417 6.062795 1.621249 107.813896 6.153369 1.132803 107.565239 4.434574 1.621249 107.813896 6.153369 6.272994 9.980383 17.260368 6.595693 9.985140 17.168751 8.360360 -16.487772 20.721537 7.554446 -16.922153 17.885120 7.554446 -16.922153 17.885120 7.550162 -16.759804 19.096962 6.419662 -16.954243 18.209650 8.360360 -16.487772 20.721537 8.037951 -16.496889 20.813738 6.419662 -16.954243 18.209650 7.550162 -16.759804 19.096962 6.272994 9.980383 17.260368 5.784896 9.722091 15.542971 0.033196 128.692993 0.967871 1.170551 128.660431 0.652506 1.161788 121.573814 1.406963 1.968632 121.896782 4.258023 0.024439 121.611176 1.721816 1.157142 121.711922 2.621835 1.634628 114.862480 5.199163 1.957763 114.850487 5.109876 1.146237 114.642593 3.476472 1.634628 114.862480 5.199163 8.037951 -16.496889 20.813738 8.360360 -16.487772 20.721537 8.037951 -16.496889 20.813738 7.550162 -16.759804 19.096962 0.040084 135.777206 0.315586 1.177441 135.747040 0.000000 1.170551 128.660431 0.652506 1.977345 128.942963 3.507869 0.033196 128.692993 0.967871 1.165884 128.781204 1.869223 1.645496 121.907394 4.347477 1.968632 121.896782 4.258023 1.157142 121.711922 2.621835 1.645496 121.907394 4.347477 1.177441 135.747040 0.000000 1.172765 135.859161 1.217515 1.984216 136.009338 2.857228 0.040084 135.777206 0.315586 1.661076 136.017914 2.946890 1.177441 135.747040 0.000000 1.984216 136.009338 2.857228 0.040084 135.777206 0.315586 1.172765 135.859161 1.217515 1.654207 128.952209 3.597469 1.977345 128.942963 3.507869 1.165884 128.781204 1.869223 1.654207 128.952209 3.597469 1.172765 135.859161 1.217515 1.661076 136.017914 2.946890 1.661076 136.017914 2.946890 1.984216 136.009338 2.857228 "
									            />
								</IndexedFaceSet>
							</Shape>
						</Group>
					</Transform>
				</Transform>
				<Transform DEF="group_8_TRANSFORM"
				           translation="204.365967 57.073490 11.640442"
				           scale="1.000000 1.000000 1.000000"
				           rotation="0.000000 1.000000 0.000000 0.000000"
				           >
					<Transform DEF="group_8_ifs_TRANSFORM"
					           translation="0.000000 0.000000 0.000000"
					           scale="1.000000 1.000000 1.000000"
					           rotation="0.000000 1.000000 0.000000 0.000000"
					           >
						<Group DEF="group_ME_ID43_002">
							<Shape>
								<Appearance>
									<Material USE="MA_material_020" />
								</Appearance>
								<IndexedFaceSet solid="false"
								                coordIndex="0 1 2 -1 1 0 3 -1 2 4 5 -1 4 2 1 -1 6 7 8 -1 7 6 9 -1 10 3 0 -1 3 10 11 -1 12 13 14 -1 13 12 15 -1 5 16 17 -1 16 5 4 -1 18 8 19 -1 8 18 6 -1 14 20 21 -1 20 14 13 -1 22 23 24 -1 23 22 25 -1 9 26 7 -1 26 9 27 -1 28 11 10 -1 11 28 29 -1 30 15 12 -1 15 30 31 -1 17 32 33 -1 32 17 16 -1 34 19 35 -1 19 34 18 -1 21 36 37 -1 36 21 20 -1 38 25 22 -1 25 38 39 -1 24 40 41 -1 40 24 23 -1 27 42 26 -1 42 27 43 -1 44 29 28 -1 29 44 45 -1 46 31 30 -1 31 46 47 -1 33 48 49 -1 48 33 32 -1 50 35 51 -1 35 50 34 -1 37 52 53 -1 52 37 36 -1 54 39 38 -1 39 54 55 -1 41 56 57 -1 56 41 40 -1 43 58 42 -1 58 43 59 -1 60 45 44 -1 45 60 61 -1 62 47 46 -1 47 62 63 -1 49 64 65 -1 64 49 48 -1 66 51 67 -1 51 66 50 -1 53 68 69 -1 68 53 52 -1 70 55 54 -1 55 70 71 -1 57 72 73 -1 72 57 56 -1 59 74 58 -1 74 59 75 -1 76 77 78 -1 77 76 79 -1 80 63 62 -1 63 80 81 -1 65 82 83 -1 82 65 64 -1 84 67 85 -1 67 84 66 -1 69 86 87 -1 86 69 68 -1 88 71 70 -1 71 88 89 -1 73 90 91 -1 90 73 72 -1 83 92 93 -1 92 83 82 -1 94 85 95 -1 85 94 84 -1 87 96 97 -1 96 87 86 -1 98 89 88 -1 89 98 99 -1 92 100 93 -1 100 92 101 -1 102 95 103 -1 95 102 94 -1 97 104 105 -1 104 97 96 -1 106 99 98 -1 99 106 107 -1 101 108 100 -1 108 101 109 -1 110 102 103 -1 102 110 111 -1 104 112 105 -1 112 104 113 -1 114 107 106 -1 107 114 115 -1 109 116 108 -1 116 109 117 -1 118 111 110 -1 111 118 119 -1 113 120 112 -1 120 113 121 -1 122 115 114 -1 115 122 123 -1 117 124 116 -1 124 117 125 -1 124 125 126 -1 127 119 118 -1 119 127 128 -1 121 129 120 -1 129 121 130 -1 131 123 122 -1 123 131 132 -1 133 134 135 -1 134 133 136 -1 137 138 139 -1 138 137 140 -1 141 128 127 -1 128 141 142 -1 130 143 129 -1 143 130 144 -1 145 132 131 -1 132 145 146 -1 147 148 149 -1 150 146 145 -1 146 150 151 -1 151 150 152 -1 "
								                >
									<Coordinate DEF="coords_ME_ID43_002"
									            point="1.405427 29.480690 10.275940 4.740397 37.260448 11.394246 1.237647 36.949932 9.432746 4.907349 29.828058 12.233281 4.519835 44.553761 10.594868 1.017219 44.238827 8.633851 4.182999 36.904037 8.322489 1.405427 29.480690 10.275940 1.237647 36.949932 9.432746 4.350395 29.451862 9.163756 1.737900 22.232002 11.144600 5.238139 22.616066 13.097544 4.907349 29.828058 12.233281 5.295704 37.257744 11.238364 4.740397 37.260448 11.394246 5.462577 29.828836 12.077004 4.319248 51.837543 9.805404 0.816282 51.535297 7.843011 3.962273 44.202778 7.522514 1.017219 44.238827 8.633851 5.075089 44.552788 10.438794 4.519835 44.553761 10.594868 4.182999 36.904037 8.322489 5.462577 29.828836 12.077004 4.350395 29.451862 9.163756 5.295704 37.257744 11.238364 1.737900 22.232002 11.144600 4.681998 22.222145 10.030143 2.023665 14.876143 12.039416 5.523865 15.261213 13.992237 5.238139 22.616066 13.097544 5.793192 22.620653 12.940811 4.119199 59.116730 9.067019 0.616039 58.821571 7.103908 3.761323 51.499722 6.731624 0.816282 51.535297 7.843011 4.874506 51.836441 9.649344 4.319248 51.837543 9.805404 3.962273 44.202778 7.522514 5.075089 44.552788 10.438794 5.793192 22.620653 12.940811 4.681998 22.222145 10.030143 2.023665 14.876143 12.039416 4.967979 14.860738 10.925633 2.348869 7.454972 12.963749 5.848141 7.861224 14.913932 5.523865 15.261213 13.992237 6.078955 15.264877 13.835617 3.916020 66.390678 8.336914 0.412614 66.104294 6.372922 3.560943 58.790977 5.992016 0.616039 58.821571 7.103908 4.674438 59.116360 8.910886 4.119199 59.116730 9.067019 3.761323 51.499722 6.731624 4.874506 51.836441 9.649344 6.078955 15.264877 13.835617 4.967979 14.860738 10.925633 2.348869 7.454972 12.963749 5.292724 7.450047 11.848660 3.164167 -9.479766 15.115548 6.662965 -9.063682 17.064482 5.848141 7.861224 14.913932 6.403138 7.867006 14.757047 3.701810 73.651268 7.692104 0.198437 73.363777 5.728211 3.357242 66.083595 5.260036 0.412614 66.104294 6.372922 4.471214 66.391838 8.180627 3.916020 66.390678 8.336914 3.560943 58.790977 5.992016 4.674438 59.116360 8.910886 6.403138 7.867006 14.757047 5.292724 7.450047 11.848660 3.164167 -9.479766 15.115548 6.107787 -9.479816 13.999842 7.217915 -9.056914 16.907473 3.164167 -9.479766 15.115548 6.107787 -9.479816 13.999842 6.662965 -9.063682 17.064482 6.662965 -9.063682 17.064482 7.217915 -9.056914 16.907473 3.529814 80.852470 6.909078 0.026314 80.570343 4.944602 3.143375 73.332581 4.616257 0.198437 73.363777 5.728211 4.257057 73.650665 7.535974 3.701810 73.651268 7.692104 3.357242 66.083595 5.260036 4.471214 66.391838 8.180627 7.217915 -9.056914 16.907473 6.107787 -9.479816 13.999842 3.503663 87.948090 5.991550 0.000000 87.709885 4.021394 2.972677 80.479431 3.839141 0.026314 80.570343 4.944602 4.085305 80.841690 6.754055 3.529814 80.852470 6.909078 3.143375 73.332581 4.616257 4.257057 73.650665 7.535974 0.046510 94.836708 3.183458 3.549915 95.035446 5.158254 2.946544 87.570015 2.922264 0.000000 87.709885 4.021394 4.059186 87.928307 5.837690 3.503663 87.948090 5.991550 2.972677 80.479431 3.839141 4.085305 80.841690 6.754055 0.086896 101.941963 2.434790 3.590183 102.119743 4.411795 0.046510 94.836708 3.183458 2.993050 94.696213 2.084402 3.549915 95.035446 5.158254 4.105433 95.014915 5.004483 2.946544 87.570015 2.922264 4.059186 87.928307 5.837690 0.121431 109.047348 1.772782 3.624615 109.204048 3.751750 0.086896 101.941963 2.434790 3.033526 101.817169 1.334079 3.590183 102.119743 4.411795 4.145714 102.101532 4.257779 2.993050 94.696213 2.084402 4.105433 95.014915 5.004483 0.154960 117.320610 1.102809 3.653271 116.274765 3.179161 3.658102 117.466751 3.082634 0.121431 109.047348 1.772782 3.068137 108.938248 0.670608 3.624615 109.204048 3.751750 4.180158 109.188148 3.597519 3.033526 101.817169 1.334079 4.145714 102.101532 4.257779 4.208878 116.274765 3.023643 3.658102 117.466751 3.082634 3.653271 116.274765 3.179161 4.213649 117.451996 2.928309 0.154960 117.320610 1.102809 4.213649 117.451996 2.928309 3.101698 117.219376 0.000000 3.658102 117.466751 3.082634 0.154960 117.320610 1.102809 3.101698 117.219376 0.000000 3.653271 116.274765 3.179161 4.208878 116.274765 3.023643 3.068137 108.938248 0.670608 4.180158 109.188148 3.597519 3.710306 116.274765 3.211593 4.208878 116.274765 3.023643 3.653271 116.274765 3.179161 3.101698 117.219376 0.000000 4.208878 116.274765 3.023643 4.213649 117.451996 2.928309 "
									            />
								</IndexedFaceSet>
							</Shape>
						</Group>
					</Transform>
				</Transform>
				<Transform DEF="group_8_001_TRANSFORM"
				           translation="204.365967 57.073490 11.640442"
				           scale="1.000000 1.000000 1.000000"
				           rotation="0.000000 1.000000 0.000000 0.000000"
				           >
					<Transform DEF="group_8_001_ifs_TRANSFORM"
					           translation="0.000000 0.000000 0.000000"
					           scale="1.000000 1.000000 1.000000"
					           rotation="0.000000 1.000000 0.000000 0.000000"
					           >
						<Group DEF="group_ME_ID49_004">
						</Group>
					</Transform>
				</Transform>
				<Transform DEF="group_9_TRANSFORM"
				           translation="0.000000 0.000001 51.599972"
				           scale="1.000000 1.000000 1.000000"
				           rotation="-1.000000 0.000000 0.000000 1.570796"
				           >
					<Transform DEF="group_9_ifs_TRANSFORM"
					           translation="0.000000 0.000000 0.000000"
					           scale="1.000000 1.000000 1.000000"
					           rotation="0.000000 1.000000 0.000000 0.000000"
					           >
						<Group DEF="group_ME_ID642_002">
						</Group>
					</Transform>
					<Transform DEF="group_10_TRANSFORM"
					           translation="236.412109 43.683411 18.524578"
					           scale="1.000000 1.000000 1.000000"
					           rotation="0.000000 -0.000000 -1.000000 3.141593"
					           >
						<Transform DEF="group_10_ifs_TRANSFORM"
						           translation="-0.000039 -0.000028 -0.000000"
						           scale="1.000000 1.000000 1.000000"
						           rotation="0.000000 -0.000000 0.000000 0.000000"
						           >
							<Group DEF="group_ME_ID626">
							</Group>
						</Transform>
						<Transform DEF="group_11_TRANSFORM"
						           translation="5.517051 3.897982 5.549578"
						           scale="-1.000000 -1.000000 -1.000000"
						           rotation="-0.000000 0.707107 -0.707107 3.141593"
						           >
							<Transform DEF="group_11_ifs_TRANSFORM"
							           translation="0.000045 -0.000000 0.000006"
							           scale="1.000000 1.000000 1.000000"
							           rotation="0.000000 -0.000000 -0.000000 0.000000"
							           >
								<Group DEF="group_ME_ID63_002">
								</Group>
							</Transform>
							<Transform DEF="group_12_TRANSFORM"
							           translation="20.735640 20.735561 0.000001"
							           scale="1.000000 1.000000 1.000000"
							           rotation="0.000000 -0.000000 -0.000000 0.000000"
							           >
								<Transform DEF="group_12_ifs_TRANSFORM"
								           translation="0.000045 -0.000000 0.000001"
								           scale="1.000000 1.000000 1.000000"
								           rotation="0.000000 -0.000000 -0.000000 0.000000"
								           >
									<Group DEF="group_ME_ID59_002">
									</Group>
								</Transform>
							</Transform>
						</Transform>
						<Transform DEF="group_13_TRANSFORM"
						           translation="-0.000039 -0.000028 -0.000000"
						           scale="1.000000 1.000000 1.000000"
						           rotation="0.000000 -0.000000 0.000000 0.000000"
						           >
							<Transform DEF="group_14_TRANSFORM"
							           translation="194.409027 26.210770 117.557457"
							           scale="-1.000000 -1.000000 -1.000000"
							           rotation="0.577350 0.577350 -0.577350 2.094395"
							           >
								<Transform DEF="group_14_ifs_TRANSFORM"
								           translation="-0.000000 -0.000039 0.000008"
								           scale="1.000000 1.000000 1.000000"
								           rotation="0.000000 1.000000 0.000000 0.000000"
								           >
									<Group DEF="group_ME_ID69_003">
										<Shape>
											<Appearance>
												<Material USE="MA_material_020" />
											</Appearance>
											<IndexedFaceSet solid="false"
											                coordIndex="0 1 2 -1 1 3 2 -1 2 3 4 -1 4 3 5 -1 3 6 5 -1 5 6 7 -1 6 8 7 -1 8 9 7 -1 7 9 10 -1 10 9 11 -1 9 12 11 -1 13 11 12 -1 14 15 16 -1 17 16 15 -1 15 18 17 -1 19 17 18 -1 18 20 19 -1 21 19 20 -1 21 20 22 -1 23 22 20 -1 22 23 24 -1 25 24 23 -1 25 26 24 -1 27 24 26 -1 26 28 27 -1 29 27 28 -1 28 30 29 -1 31 29 30 -1 32 33 34 -1 35 34 33 -1 33 36 35 -1 37 35 36 -1 38 37 39 -1 36 39 37 -1 40 38 41 -1 39 41 38 -1 41 42 40 -1 43 40 42 -1 42 44 43 -1 45 43 44 -1 "
											                >
												<Coordinate DEF="coords_ME_ID69_003"
												            point="4.133858 92.604973 9.885402 2.066929 92.614632 9.331654 6.200788 92.614632 9.331654 0.553832 92.641045 7.818787 7.713885 92.641045 7.818787 8.000822 92.659729 6.748085 0.266894 92.659729 6.748085 8.267716 92.677116 5.752173 0.000000 92.677116 5.752173 0.553832 92.713188 3.685559 7.713885 92.713188 3.685559 6.200788 92.739594 2.172692 2.066929 92.739594 2.172692 4.133858 92.749260 1.618944 8.000822 92.659729 6.748085 8.267716 92.677116 5.752173 8.000822 0.000000 5.130702 8.267716 0.000000 4.134488 7.713885 92.713188 3.685559 7.713885 0.000000 2.067244 6.200788 92.739594 2.172692 6.200788 0.000000 0.553916 4.133858 0.000000 0.000000 4.133858 92.749260 1.618944 2.066929 0.000000 0.553916 2.066929 92.739594 2.172692 0.553832 92.713188 3.685559 0.553832 0.000000 2.067244 0.000000 92.677116 5.752173 0.000000 0.000000 4.134488 0.266894 92.659729 6.748085 0.266894 0.000000 5.130702 0.266894 92.659729 6.748085 0.553832 92.641045 7.818787 0.266894 0.000000 5.130702 0.553832 0.000000 6.201732 2.066929 92.614632 9.331654 2.066929 0.000000 7.715059 4.133858 0.000000 8.268976 4.133858 92.604973 9.885402 6.200788 0.000000 7.715059 6.200788 92.614632 9.331654 7.713885 92.641045 7.818787 7.713885 0.000000 6.201732 8.000822 92.659729 6.748085 8.000822 0.000000 5.130702 "
												            />
											</IndexedFaceSet>
										</Shape>
									</Group>
								</Transform>
							</Transform>
							<Transform DEF="group_15_TRANSFORM"
							           translation="194.409012 -0.000045 60.667690"
							           scale="-1.000000 -1.000000 -1.000000"
							           rotation="0.577350 0.577350 -0.577350 2.094395"
							           >
								<Transform DEF="group_15_ifs_TRANSFORM"
								           translation="-0.000000 -0.000040 0.000008"
								           scale="1.000000 1.000000 1.000000"
								           rotation="0.000000 1.000000 0.000000 0.000000"
								           >
									<Group DEF="group_ME_ID76_003">
										<Shape>
											<Appearance>
												<Material USE="MA_material_020" />
											</Appearance>
											<IndexedFaceSet solid="false"
											                coordIndex="0 1 2 -1 3 2 1 -1 4 5 6 -1 7 6 5 -1 8 9 10 -1 11 10 9 -1 12 13 14 -1 15 14 13 -1 16 17 18 -1 19 18 17 -1 20 21 22 -1 23 22 21 -1 "
											                >
												<Coordinate DEF="coords_ME_ID76_003"
												            point="0.000000 150.902786 14.327710 0.000000 151.099625 2.518327 3.937008 150.902786 14.327710 3.937008 151.099625 2.518327 0.000000 151.099625 2.518327 0.000000 150.902786 14.327710 0.000000 0.000000 0.000000 0.000000 0.000000 11.812663 3.937008 150.902786 14.327710 3.937008 0.000000 11.812663 0.000000 150.902786 14.327710 0.000000 0.000000 11.812663 3.937008 150.902786 14.327710 3.937008 151.099625 2.518327 3.937008 0.000000 11.812663 3.937008 0.000000 0.000000 3.937008 151.099625 2.518327 0.000000 151.099625 2.518327 3.937008 0.000000 0.000000 0.000000 0.000000 0.000000 0.000000 0.000000 11.812663 3.937008 0.000000 11.812663 0.000000 0.000000 0.000000 3.937008 0.000000 0.000000 "
												            />
											</IndexedFaceSet>
										</Shape>
									</Group>
								</Transform>
							</Transform>
							<Transform DEF="group_16_TRANSFORM"
							           translation="64.587730 2.003018 64.604691"
							           scale="1.000000 1.000000 1.000000"
							           rotation="0.000000 0.707107 0.707107 3.141593"
							           >
								<Transform DEF="group_16_ifs_TRANSFORM"
								           translation="0.000000 0.000001 0.000002"
								           scale="1.000000 1.000000 1.000000"
								           rotation="0.000000 1.000000 0.000000 0.000000"
								           >
									<Group DEF="group_ME_ID83_002">
										<Shape>
											<Appearance>
												<Material USE="MA_material_020" />
											</Appearance>
											<IndexedFaceSet solid="false"
											                coordIndex="0 1 2 -1 1 0 3 -1 1 3 4 -1 1 4 5 -1 1 5 6 -1 1 6 7 -1 1 7 8 -1 1 8 9 -1 1 9 10 -1 1 10 11 -1 1 11 12 -1 1 12 13 -1 14 15 16 -1 15 14 17 -1 18 19 20 -1 19 18 21 -1 22 23 24 -1 23 22 25 -1 25 26 23 -1 26 25 27 -1 27 28 26 -1 28 27 29 -1 29 30 28 -1 30 29 31 -1 31 32 30 -1 32 31 33 -1 33 34 32 -1 34 33 35 -1 35 36 34 -1 36 35 37 -1 37 38 36 -1 38 37 39 -1 39 40 38 -1 40 39 41 -1 41 42 40 -1 42 41 43 -1 43 44 42 -1 44 43 45 -1 45 46 44 -1 46 45 47 -1 48 49 50 -1 49 48 51 -1 51 48 52 -1 52 48 53 -1 53 48 54 -1 54 48 55 -1 55 48 56 -1 56 48 57 -1 57 48 58 -1 58 48 59 -1 59 48 60 -1 60 48 61 -1 "
											                >
												<Coordinate DEF="coords_ME_ID83_002"
												            point="0.000000 8.638877 18.930517 0.000000 0.000000 11.974782 -0.000000 0.000000 20.242498 0.000000 17.290461 17.705124 0.000000 25.953882 16.566441 0.000000 34.628277 15.514583 0.000000 43.312767 14.549654 0.000000 52.006485 13.671752 0.000000 60.708561 12.880965 0.000000 69.418129 12.177372 0.000000 78.134293 11.561044 0.000000 86.856201 11.032042 0.000000 95.582970 10.590420 0.000000 104.313721 10.236220 0.000000 104.313721 10.236220 3.937008 0.000000 11.974782 0.000000 0.000000 11.974782 3.937008 104.313721 10.236220 3.937008 0.000000 20.242498 0.000000 0.000000 11.974782 3.937008 0.000000 11.974782 -0.000000 0.000000 20.242498 3.937008 0.000000 20.242498 0.000000 8.638877 18.930517 -0.000000 0.000000 20.242498 3.937008 8.638877 18.930517 0.000000 17.290461 17.705124 3.937008 17.290461 17.705124 0.000000 25.953882 16.566441 3.937008 25.953882 16.566441 0.000000 34.628277 15.514583 3.937008 34.628273 15.514583 0.000000 43.312767 14.549654 3.937008 43.312767 14.549654 0.000000 52.006485 13.671752 3.937008 52.006485 13.671752 0.000000 60.708561 12.880965 3.937008 60.708561 12.880965 0.000000 69.418129 12.177372 3.937008 69.418129 12.177372 0.000000 78.134293 11.561044 3.937008 78.134293 11.561044 0.000000 86.856201 11.032042 3.937008 86.856201 11.032042 0.000000 95.582970 10.590420 3.937008 95.582970 10.590419 0.000000 104.313721 10.236220 3.937008 104.313721 10.236220 3.937008 0.000000 11.974782 3.937008 8.638877 18.930517 3.937008 0.000000 20.242498 3.937008 17.290461 17.705124 3.937008 25.953882 16.566441 3.937008 34.628273 15.514583 3.937008 43.312767 14.549654 3.937008 52.006485 13.671752 3.937008 60.708561 12.880965 3.937008 69.418129 12.177372 3.937008 78.134293 11.561044 3.937008 86.856201 11.032042 3.937008 95.582970 10.590419 3.937008 104.313721 10.236220 "
												            />
											</IndexedFaceSet>
										</Shape>
									</Group>
								</Transform>
							</Transform>
							<Transform DEF="group_17_TRANSFORM"
							           translation="168.918427 12.240863 60.667686"
							           scale="1.000000 1.000000 1.000000"
							           rotation="0.000000 0.707107 0.707107 3.141593"
							           >
								<Transform DEF="group_17_ifs_TRANSFORM"
								           translation="0.000000 -0.000000 0.000002"
								           scale="1.000000 1.000000 1.000000"
								           rotation="0.000000 1.000000 0.000000 0.000000"
								           >
									<Group DEF="group_ME_ID90_001">
										<Shape>
											<Appearance>
												<Material USE="MA_material_020" />
											</Appearance>
											<IndexedFaceSet solid="false"
											                coordIndex="0 1 2 -1 1 0 3 -1 3 0 4 -1 5 6 7 -1 6 5 8 -1 8 5 9 -1 9 5 10 -1 10 5 11 -1 11 5 12 -1 12 5 13 -1 13 5 14 -1 14 5 15 -1 15 5 16 -1 16 5 17 -1 17 5 18 -1 18 5 19 -1 20 21 22 -1 21 20 23 -1 24 25 26 -1 25 24 27 -1 25 27 28 -1 25 28 29 -1 25 29 30 -1 25 30 31 -1 25 31 32 -1 25 32 33 -1 25 33 34 -1 25 34 35 -1 25 35 36 -1 25 36 37 -1 25 37 38 -1 39 40 41 -1 40 39 42 -1 43 44 45 -1 44 43 46 -1 47 48 49 -1 48 47 50 -1 48 50 51 -1 45 52 53 -1 52 45 44 -1 53 54 55 -1 54 53 52 -1 55 56 57 -1 56 55 54 -1 57 58 59 -1 58 57 56 -1 59 60 61 -1 60 59 58 -1 61 62 63 -1 62 61 60 -1 63 64 65 -1 64 63 62 -1 65 66 67 -1 66 65 64 -1 67 68 69 -1 68 67 66 -1 69 70 71 -1 70 69 68 -1 71 72 73 -1 72 71 70 -1 74 75 76 -1 75 74 77 -1 77 78 75 -1 78 77 79 -1 79 80 78 -1 80 79 81 -1 81 82 80 -1 82 81 83 -1 83 84 82 -1 84 83 85 -1 85 86 84 -1 86 85 87 -1 87 88 86 -1 88 87 89 -1 89 90 88 -1 90 89 91 -1 91 92 90 -1 92 91 93 -1 93 94 92 -1 94 93 95 -1 95 41 94 -1 41 95 39 -1 "
											                >
												<Coordinate DEF="coords_ME_ID90_001"
												            point="104.330711 3.937008 1.735435 104.330704 0.000000 10.003151 104.330704 0.000000 1.735435 104.330704 1.968504 10.003151 104.330704 3.937008 10.003151 104.330704 0.000000 1.735435 0.061580 -0.000000 0.002496 0.000000 -0.000000 -0.003410 8.732147 0.000000 0.353936 17.460312 0.000000 0.795297 26.183620 0.000000 1.324037 34.901196 0.000000 1.940104 43.612167 0.000000 2.643435 52.315655 0.000000 3.433961 61.010792 0.000000 4.311603 69.696701 0.000000 5.276271 78.372520 0.000000 6.327870 87.037376 0.000000 7.466294 95.690392 0.000000 8.691429 104.330704 0.000000 10.003151 104.330711 3.937008 1.735435 0.000000 -0.000000 -0.003410 0.000000 3.937008 -0.003410 104.330704 0.000000 1.735435 0.061580 3.937008 0.002496 104.330711 3.937008 1.735435 0.000000 3.937008 -0.003410 8.732147 3.937008 0.353936 17.460312 3.937008 0.795297 26.183620 3.937008 1.324037 34.901196 3.937008 1.940104 43.612167 3.937008 2.643435 52.315655 3.937008 3.433961 61.010792 3.937008 4.311603 69.696701 3.937008 5.276271 78.372520 3.937008 6.327870 87.037376 3.937008 7.466294 95.690392 3.937008 8.691429 104.330704 3.937008 10.003151 95.690392 1.968504 8.691429 104.330704 3.937008 10.003151 95.690392 3.937008 8.691429 104.330704 1.968504 10.003151 104.330704 0.000000 10.003151 95.690392 1.968504 8.691429 95.690392 0.000000 8.691429 104.330704 1.968504 10.003151 0.000000 -0.000000 -0.003410 0.061580 3.937008 0.002496 0.000000 3.937008 -0.003410 0.061580 -0.000000 0.002496 0.061580 1.968504 0.002496 87.037376 1.968504 7.466294 87.037376 0.000000 7.466294 78.372520 1.968504 6.327870 78.372520 0.000000 6.327870 69.696701 1.968504 5.276271 69.696701 0.000000 5.276271 61.010792 1.968504 4.311603 61.010792 0.000000 4.311603 52.315655 1.968504 3.433961 52.315655 0.000000 3.433961 43.612167 1.968504 2.643435 43.612167 0.000000 2.643435 34.901196 1.968504 1.940104 34.901196 0.000000 1.940104 26.183620 1.968504 1.324037 26.183620 0.000000 1.324037 17.460312 1.968504 0.795297 17.460312 0.000000 0.795297 8.732147 1.968504 0.353936 8.732147 0.000000 0.353936 0.061580 1.968504 0.002496 0.061580 -0.000000 0.002496 0.061580 1.968504 0.002496 8.732147 3.937008 0.353936 0.061580 3.937008 0.002496 8.732147 1.968504 0.353936 17.460312 3.937008 0.795297 17.460312 1.968504 0.795297 26.183620 3.937008 1.324037 26.183620 1.968504 1.324037 34.901196 3.937008 1.940104 34.901196 1.968504 1.940104 43.612167 3.937008 2.643435 43.612167 1.968504 2.643435 52.315655 3.937008 3.433961 52.315655 1.968504 3.433961 61.010792 3.937008 4.311603 61.010792 1.968504 4.311603 69.696701 3.937008 5.276271 69.696701 1.968504 5.276271 78.372520 3.937008 6.327870 78.372520 1.968504 6.327870 87.037376 3.937008 7.466294 87.037376 1.968504 7.466294 "
												            />
											</IndexedFaceSet>
										</Shape>
									</Group>
								</Transform>
							</Transform>
							<Transform DEF="group_17_001_TRANSFORM"
							           translation="168.918427 12.240863 60.667686"
							           scale="1.000000 1.000000 1.000000"
							           rotation="0.000000 0.707107 0.707107 3.141593"
							           >
								<Transform DEF="group_17_001_ifs_TRANSFORM"
								           translation="0.000000 -0.000000 0.000002"
								           scale="1.000000 1.000000 1.000000"
								           rotation="0.000000 1.000000 0.000000 0.000000"
								           >
									<Group DEF="group_ME_ID96_002">
									</Group>
								</Transform>
							</Transform>
							<Transform DEF="group_18_TRANSFORM"
							           translation="60.650719 0.426541 168.922287"
							           scale="-1.000000 -0.800000 -1.000000"
							           rotation="0.000000 0.712974 -0.701190 3.141593"
							           >
								<Transform DEF="group_18_ifs_TRANSFORM"
								           translation="-0.000149 -0.000012 -0.000035"
								           scale="1.000000 1.000000 1.000000"
								           rotation="-0.000000 0.000000 -0.000000 0.000000"
								           >
									<Group DEF="group_ME_ID101_002">
										<Shape>
											<Appearance>
												<Material USE="MA_material_020" />
											</Appearance>
											<IndexedFaceSet solid="false"
											                coordIndex="0 1 2 -1 3 2 1 -1 4 5 6 -1 7 6 5 -1 8 9 10 -1 11 10 9 -1 12 13 14 -1 15 14 13 -1 16 17 18 -1 19 18 17 -1 20 21 22 -1 23 22 21 -1 "
											                >
												<Coordinate DEF="coords_ME_ID101_002"
												            point="3.937008 -0.250890 0.000000 3.937008 -156.995392 0.000000 3.937008 -0.250890 11.811023 3.937008 -156.995392 11.811023 0.000000 -156.995392 11.811023 3.937008 -156.995392 11.811023 0.000000 -156.995392 0.000000 3.937008 -156.995392 0.000000 3.937008 -156.995392 0.000000 3.937008 -0.250890 0.000000 0.000000 -156.995392 0.000000 0.000000 -0.250890 0.000000 3.937008 -0.250890 11.811023 0.000000 -0.250890 11.811023 3.937008 -0.250890 0.000000 0.000000 -0.250890 0.000000 3.937008 -156.995392 11.811023 0.000000 -156.995392 11.811023 3.937008 -0.250890 11.811023 0.000000 -0.250890 11.811023 0.000000 -0.250890 11.811023 0.000000 -156.995392 11.811023 0.000000 -0.250890 0.000000 0.000000 -156.995392 0.000000 "
												            />
											</IndexedFaceSet>
										</Shape>
									</Group>
								</Transform>
							</Transform>
							<Transform DEF="group_19_TRANSFORM"
							           translation="117.523399 25.005333 34.454891"
							           scale="-1.000000 -1.000000 -1.000000"
							           rotation="-0.000000 0.707107 -0.707107 3.141593"
							           >
								<Transform DEF="group_20_TRANSFORM"
								           translation="0.000049 86.697517 2.480813"
								           scale="1.000000 1.914475 1.000000"
								           rotation="-0.999863 0.000000 -0.000000 0.017456"
								           >
									<Transform DEF="group_20_ifs_TRANSFORM"
									           translation="-0.000073 0.000001 -0.000005"
									           scale="1.000000 1.000000 1.000000"
									           rotation="-0.000000 0.000000 0.000000 0.000000"
									           >
										<Group DEF="group_ME_ID109_003">
											<Shape>
												<Appearance>
													<Material USE="MA_material_020" />
												</Appearance>
												<IndexedFaceSet solid="false"
												                coordIndex="0 1 2 -1 3 2 1 -1 4 5 6 -1 6 5 7 -1 5 8 7 -1 7 8 9 -1 8 10 9 -1 9 10 11 -1 10 12 11 -1 11 12 13 -1 12 14 13 -1 13 14 15 -1 14 16 15 -1 17 15 16 -1 0 18 1 -1 19 1 18 -1 20 21 22 -1 21 23 22 -1 22 23 24 -1 24 23 25 -1 23 26 25 -1 25 26 27 -1 26 28 27 -1 28 29 27 -1 27 29 30 -1 30 29 31 -1 29 32 31 -1 33 31 32 -1 34 2 35 -1 3 35 2 -1 36 37 38 -1 39 38 37 -1 40 41 42 -1 43 42 41 -1 40 42 44 -1 45 44 42 -1 44 45 46 -1 47 46 45 -1 46 47 48 -1 49 48 47 -1 48 49 50 -1 51 50 49 -1 50 51 52 -1 53 52 51 -1 18 54 19 -1 55 19 54 -1 56 34 57 -1 35 57 34 -1 58 56 59 -1 57 59 56 -1 58 59 37 -1 39 37 59 -1 "
												                >
													<Coordinate DEF="coords_ME_ID109_003"
													            point="0.553832 25.085108 2.066929 0.553832 -10.118349 2.066929 2.066929 25.085108 0.553832 2.066929 -10.118349 0.553832 4.133858 -10.118349 8.267716 6.200788 -10.118350 7.713885 2.066929 -10.118349 7.713885 0.553832 -10.118349 6.200788 7.713885 -10.118349 6.200788 0.266894 -10.118349 5.129921 8.000822 -10.118349 5.129921 0.000000 -10.118349 4.133858 8.267716 -10.118349 4.133858 0.553832 -10.118349 2.066929 7.713885 -10.118349 2.066929 2.066929 -10.118349 0.553832 6.200788 -10.118349 0.553832 4.133858 -10.118349 0.000000 0.000000 25.085108 4.133858 0.000000 -10.118349 4.133858 4.133858 25.085108 8.267716 2.066929 25.085108 7.713885 6.200788 25.085108 7.713885 0.553832 25.085108 6.200788 7.713885 25.085108 6.200788 8.000822 25.085108 5.129921 0.266894 25.085108 5.129921 8.267716 25.085108 4.133858 0.000000 25.085108 4.133858 0.553832 25.085108 2.066929 7.713885 25.085108 2.066929 6.200788 25.085108 0.553832 2.066929 25.085108 0.553832 4.133858 25.085108 0.000000 4.133858 25.085108 0.000000 4.133858 -10.118349 0.000000 8.000822 25.085108 5.129921 8.267716 25.085108 4.133858 8.000822 -10.118349 5.129921 8.267716 -10.118349 4.133858 7.713885 25.085108 6.200788 8.000822 25.085108 5.129921 7.713885 -10.118349 6.200788 8.000822 -10.118349 5.129921 6.200788 25.085108 7.713885 6.200788 -10.118350 7.713885 4.133858 25.085108 8.267716 4.133858 -10.118349 8.267716 2.066929 25.085108 7.713885 2.066929 -10.118349 7.713885 0.553832 25.085108 6.200788 0.553832 -10.118349 6.200788 0.266894 25.085108 5.129921 0.266894 -10.118349 5.129921 0.266894 25.085108 5.129921 0.266894 -10.118349 5.129921 6.200788 25.085108 0.553832 6.200788 -10.118349 0.553832 7.713885 25.085108 2.066929 7.713885 -10.118349 2.066929 "
													            />
												</IndexedFaceSet>
											</Shape>
										</Group>
									</Transform>
								</Transform>
							</Transform>
							<Transform DEF="group_21_TRANSFORM"
							           translation="141.960770 9.431601 147.528641"
							           scale="1.000000 1.000000 1.000000"
							           rotation="-0.860508 0.363979 0.356434 1.699724"
							           >
								<Transform DEF="instance_0_TRANSFORM"
								           translation="7.874000 174.434189 -8.644079"
								           scale="1.000000 1.000000 1.000000"
								           rotation="0.000000 0.099896 0.994998 3.141593"
								           >
									<Transform DEF="group_22_001_TRANSFORM"
									           translation="7.874192 172.670959 -26.204556"
									           scale="1.000000 1.000000 1.000000"
									           rotation="-0.000000 -0.099896 -0.994998 3.141593"
									           >
										<Transform DEF="group_22_001_ifs_TRANSFORM"
										           translation="0.000076 -0.000135 0.000045"
										           scale="1.000000 1.000000 1.000000"
										           rotation="-0.000000 -0.000000 0.000000 0.000000"
										           >
											<Group DEF="group_ME_ID119_003">
												<Shape>
													<Appearance>
													</Appearance>
													<IndexedFaceSet solid="false"
													                coordIndex="0 1 2 -1 1 0 3 -1 4 5 6 -1 5 4 7 -1 7 4 8 -1 8 4 9 -1 8 9 10 -1 9 4 11 -1 11 4 12 -1 12 4 13 -1 13 4 14 -1 14 4 15 -1 14 15 16 -1 15 4 17 -1 17 4 18 -1 18 4 19 -1 19 4 20 -1 20 4 21 -1 20 21 22 -1 22 21 23 -1 14 24 13 -1 11 25 9 -1 26 27 28 -1 27 26 29 -1 30 31 32 -1 33 34 35 -1 36 37 38 -1 37 36 39 -1 37 39 40 -1 37 40 31 -1 31 40 41 -1 37 31 30 -1 37 30 42 -1 37 42 34 -1 37 34 33 -1 37 33 43 -1 43 33 44 -1 37 43 45 -1 37 45 46 -1 37 46 47 -1 37 47 48 -1 37 48 49 -1 49 48 50 -1 49 50 51 -1 52 53 54 -1 53 52 55 -1 56 57 58 -1 57 56 59 -1 59 60 57 -1 60 59 61 -1 62 60 61 -1 60 62 63 -1 64 63 62 -1 63 64 65 -1 66 67 68 -1 67 66 69 -1 67 70 71 -1 70 67 69 -1 72 71 70 -1 71 72 73 -1 74 73 72 -1 73 74 75 -1 76 77 78 -1 77 76 79 -1 79 80 77 -1 80 79 81 -1 82 80 81 -1 80 82 83 -1 84 85 86 -1 85 84 87 -1 88 89 90 -1 89 88 91 -1 92 93 94 -1 93 92 95 -1 96 97 98 -1 97 96 99 -1 97 100 101 -1 100 97 99 -1 101 102 103 -1 102 101 100 -1 103 104 105 -1 104 103 102 -1 104 106 105 -1 106 104 107 -1 "
													                >
														<Coordinate DEF="coords_ME_ID119_003"
														            point="7.874016 15.551181 1.377953 0.000000 16.929134 0.000000 7.874016 16.929134 0.000000 0.000000 15.551181 1.377953 0.000000 159.314713 11.023622 0.000000 6.796285 9.645670 0.000000 5.905512 11.023622 0.000000 6.998081 8.956693 0.000000 7.283464 8.267716 0.000000 8.661417 8.267716 0.000000 7.972441 7.982333 0.000000 9.212557 6.062950 0.000000 10.238608 5.482025 0.000000 11.417322 5.511811 0.000000 11.834834 3.173418 0.000000 13.421707 2.659433 0.000000 12.938457 2.597398 0.000000 15.551181 1.377953 0.000000 16.929134 0.000000 0.000000 159.314713 -0.000000 0.000000 161.666870 1.587325 0.000000 161.666870 9.436297 0.000000 162.998795 4.092980 0.000000 162.998795 6.930642 0.000000 11.258815 4.277041 0.000000 8.631631 7.089001 7.874016 159.314713 -0.000000 0.000000 16.929134 0.000000 0.000000 159.314713 -0.000000 7.874016 16.929134 0.000000 7.874016 9.212557 6.062950 7.874016 8.661417 8.267716 7.874016 8.631631 7.089001 7.874016 11.834834 3.173418 7.874016 11.417322 5.511811 7.874016 11.258815 4.277041 7.874016 6.796285 9.645670 7.874016 159.314713 11.023622 7.874016 5.905512 11.023623 7.874016 6.998081 8.956693 7.874016 7.283464 8.267716 7.874016 7.972441 7.982333 7.874016 10.238608 5.482025 7.874016 13.421707 2.659433 7.874016 12.938457 2.597398 7.874016 15.551181 1.377953 7.874016 16.929134 0.000000 7.874016 159.314713 -0.000000 7.874016 161.666870 1.587325 7.874016 161.666870 9.436297 7.874016 162.998795 4.092980 7.874016 162.998795 6.930642 0.000000 15.551181 1.377953 7.874016 13.421707 2.659433 0.000000 13.421707 2.659433 7.874016 15.551181 1.377953 7.874016 13.421707 2.659433 0.000000 12.938457 2.597398 0.000000 13.421707 2.659433 7.874016 12.938457 2.597398 0.000000 11.834834 3.173418 7.874016 11.834834 3.173418 7.874016 11.258815 4.277041 0.000000 11.258815 4.277041 7.874016 11.417322 5.511811 0.000000 11.417322 5.511811 7.874016 11.417322 5.511811 0.000000 10.238608 5.482025 0.000000 11.417322 5.511811 7.874016 10.238608 5.482025 7.874016 9.212557 6.062950 0.000000 9.212557 6.062950 7.874016 8.631631 7.089001 0.000000 8.631631 7.089001 7.874016 8.661417 8.267716 0.000000 8.661417 8.267716 7.874016 8.661417 8.267716 0.000000 7.972441 7.982333 0.000000 8.661417 8.267716 7.874016 7.972441 7.982333 0.000000 7.283464 8.267716 7.874016 7.283464 8.267716 7.874016 6.998081 8.956693 0.000000 6.998081 8.956693 7.874016 6.998081 8.956693 0.000000 6.796285 9.645670 0.000000 6.998081 8.956693 7.874016 6.796285 9.645670 7.874016 5.905512 11.023623 0.000000 6.796285 9.645670 7.874016 6.796285 9.645670 0.000000 5.905512 11.023622 0.000000 5.905512 11.023622 7.874016 159.314713 11.023622 0.000000 159.314713 11.023622 7.874016 5.905512 11.023623 7.874016 159.314713 11.023622 0.000000 161.666870 9.436297 0.000000 159.314713 11.023622 7.874016 161.666870 9.436297 7.874016 162.998795 6.930642 0.000000 162.998795 6.930642 7.874016 162.998795 4.092980 0.000000 162.998795 4.092980 7.874016 161.666870 1.587325 0.000000 161.666870 1.587325 0.000000 159.314713 -0.000000 7.874016 159.314713 -0.000000 "
														            />
													</IndexedFaceSet>
												</Shape>
											</Group>
										</Transform>
									</Transform>
									<Transform DEF="group_23_001_TRANSFORM"
									           translation="7.874192 205.031372 -21.520500"
									           scale="1.000000 1.000000 1.000000"
									           rotation="-0.000000 -0.099896 -0.994998 3.141593"
									           >
										<Transform DEF="group_23_001_ifs_TRANSFORM"
										           translation="-0.000046 -0.000006 0.000057"
										           scale="1.000000 1.000000 1.000000"
										           rotation="-0.000000 -0.000000 0.000000 0.000000"
										           >
											<Group DEF="group_ME_ID126_003">
												<Shape>
													<Appearance>
													</Appearance>
													<IndexedFaceSet solid="false"
													                coordIndex="0 1 2 -1 1 0 3 -1 4 5 6 -1 3 7 1 -1 7 3 8 -1 9 10 11 -1 12 13 14 -1 13 12 15 -1 5 16 6 -1 17 18 19 -1 18 17 20 -1 10 21 22 -1 6 16 23 -1 11 10 22 -1 24 15 12 -1 15 24 25 -1 "
													                >
														<Coordinate DEF="coords_ME_ID126_003"
														            point="7.283464 108.732285 -0.000000 0.590551 36.688976 0.000000 0.590551 108.732285 0.000000 7.283464 36.688976 0.000000 7.283464 108.732285 -0.000000 7.283464 37.137428 4.988061 7.283464 36.688976 0.000000 1.377953 5.905512 6.282283 6.496063 5.905512 6.282283 0.590551 108.732285 0.000000 0.590551 36.688976 0.000000 0.590551 37.137428 4.988061 0.590551 37.137428 4.988061 7.283464 108.732285 -0.000000 0.590551 108.732285 0.000000 7.283464 37.137428 4.988061 6.496063 6.748413 10.412534 6.496063 5.905512 6.282283 1.377953 6.748413 10.412534 1.377953 5.905512 6.282283 6.496063 6.748413 10.412534 1.377953 5.905512 6.282283 1.377953 6.748413 10.412534 6.496063 5.905512 6.282283 1.377953 6.748413 10.412534 6.496063 6.748413 10.412534 "
														            />
													</IndexedFaceSet>
												</Shape>
											</Group>
										</Transform>
									</Transform>
								</Transform>
							</Transform>
							<Transform DEF="group_24_TRANSFORM"
							           translation="4.200400 -3.195280 17.520363"
							           scale="1.000000 1.000000 1.000000"
							           rotation="-0.577350 -0.577350 -0.577350 2.094395"
							           >
								<Transform DEF="group_25_TRANSFORM"
								           translation="0.000000 0.000041 3.715226"
								           scale="1.000000 1.000000 1.000000"
								           rotation="0.000000 1.000000 0.000000 0.000000"
								           >
									<Transform DEF="group_26_TRANSFORM"
									           translation="98.858429 4.841598 0.000016"
									           scale="1.000000 1.000000 1.000000"
									           rotation="0.000000 1.000000 0.000000 0.000000"
									           >
										<Transform DEF="group_27_TRANSFORM"
										           translation="7.086617 20.097824 3.006729"
										           scale="1.000000 1.000000 1.000000"
										           rotation="0.000000 1.000000 0.000000 0.000000"
										           >
											<Transform DEF="group_27_ifs_TRANSFORM"
											           translation="0.000000 0.000046 0.000015"
											           scale="1.000000 1.000000 1.000000"
											           rotation="0.000000 1.000000 0.000000 0.000000"
											           >
												<Group DEF="group_ME_ID136_003">
													<Shape>
														<Appearance>
															<Material USE="MA_material_020" />
														</Appearance>
														<IndexedFaceSet solid="false"
														                coordIndex="0 1 2 -1 1 0 3 -1 3 0 4 -1 3 4 5 -1 6 0 2 -1 0 6 4 -1 4 6 7 -1 7 6 8 -1 9 10 11 -1 10 9 12 -1 12 9 13 -1 12 13 14 -1 14 13 15 -1 14 15 16 -1 3 17 1 -1 17 3 18 -1 18 3 5 -1 18 5 19 -1 20 21 22 -1 21 20 23 -1 21 23 24 -1 24 23 25 -1 24 25 26 -1 26 25 27 -1 28 8 6 -1 8 28 7 -1 7 28 29 -1 29 28 30 -1 31 30 28 -1 30 31 32 -1 30 32 29 -1 29 32 33 -1 34 32 31 -1 32 34 35 -1 32 35 33 -1 33 35 36 -1 37 34 38 -1 34 37 39 -1 34 39 36 -1 34 36 35 -1 18 38 17 -1 38 18 19 -1 38 19 39 -1 38 39 37 -1 "
														                >
															<Coordinate DEF="coords_ME_ID136_003"
															            point="0.518905 32.455761 14.219355 0.000000 0.588264 1.670685 0.518905 0.172299 2.852038 0.000000 32.871727 13.038001 0.518905 91.510880 35.013226 0.000000 91.926849 33.831871 1.771654 0.000000 3.341371 1.771654 91.338577 35.502560 1.771654 32.283466 14.708687 0.518905 92.342812 32.650517 3.024402 92.342812 32.650517 1.771654 92.515106 32.161186 3.543307 91.926849 33.831871 0.000000 91.926849 33.831871 3.024402 91.510880 35.013226 0.518905 91.510880 35.013226 1.771654 91.338577 35.502560 0.518905 1.004230 0.489332 0.518905 33.287697 11.856649 0.518905 92.342812 32.650517 3.024402 1.004230 0.489332 0.518905 1.004230 0.489332 1.771654 1.176528 0.000000 3.543307 0.588264 1.670685 0.000000 0.588264 1.670685 3.024402 0.172299 2.852038 0.518905 0.172299 2.852038 1.771654 0.000000 3.341371 3.024402 0.172299 2.852038 3.024402 91.510880 35.013226 3.024402 32.455761 14.219355 3.543307 0.588264 1.670685 3.543307 32.871727 13.038001 3.543307 91.926849 33.831871 3.024402 1.004230 0.489332 3.024402 33.287697 11.856649 3.024402 92.342812 32.650517 1.771654 33.459991 11.367315 1.771654 1.176528 0.000000 1.771654 92.515106 32.161186 "
															            />
														</IndexedFaceSet>
													</Shape>
												</Group>
											</Transform>
										</Transform>
										<Transform DEF="group_28_TRANSFORM"
										           translation="0.000000 20.044235 3.907120"
										           scale="1.000000 1.000000 1.000000"
										           rotation="0.000000 1.000000 0.000000 0.000000"
										           >
											<Transform DEF="group_28_ifs_TRANSFORM"
											           translation="0.000000 0.000045 0.000015"
											           scale="1.000000 1.000000 1.000000"
											           rotation="0.000000 1.000000 0.000000 0.000000"
											           >
												<Group DEF="group_ME_ID143_003">
													<Shape>
														<Appearance>
															<Material USE="MA_material_020" />
														</Appearance>
														<IndexedFaceSet solid="false"
														                coordIndex="0 1 2 -1 1 0 3 -1 3 0 4 -1 3 4 5 -1 6 4 0 -1 4 6 5 -1 5 6 7 -1 5 7 8 -1 9 10 11 -1 10 9 12 -1 12 9 13 -1 12 13 14 -1 14 13 15 -1 14 15 16 -1 1 17 2 -1 17 1 18 -1 18 1 3 -1 18 3 19 -1 20 21 22 -1 21 20 23 -1 21 23 24 -1 24 23 25 -1 24 25 26 -1 26 25 27 -1 28 7 6 -1 7 28 29 -1 7 29 8 -1 8 29 30 -1 31 29 28 -1 29 31 32 -1 29 32 30 -1 30 32 33 -1 34 31 35 -1 31 34 36 -1 31 36 32 -1 32 36 33 -1 37 35 38 -1 35 37 39 -1 35 39 34 -1 34 39 36 -1 18 38 17 -1 38 18 37 -1 37 18 19 -1 37 19 39 -1 "
														                >
															<Coordinate DEF="coords_ME_ID143_003"
															            point="1.771654 0.000000 3.349828 0.518905 32.531948 13.969810 0.518905 0.168415 2.859257 0.518905 91.587059 34.243710 1.771654 32.363529 14.460382 1.771654 91.418648 34.734280 3.024402 0.168415 2.859257 3.024402 32.531948 13.969810 3.024402 91.587059 34.243710 0.518905 92.400253 31.875025 3.024402 92.400253 31.875025 1.771654 92.568657 31.384453 3.543307 91.993652 33.059368 0.000000 91.993652 33.059368 3.024402 91.587059 34.243710 0.518905 91.587059 34.243710 1.771654 91.418648 34.734280 0.000000 0.575006 1.674914 0.000000 32.938538 12.785467 0.000000 91.993652 33.059368 3.024402 0.981596 0.490571 0.518905 0.981596 0.490571 1.771654 1.150012 0.000000 3.543307 0.575006 1.674914 0.000000 0.575006 1.674914 3.024402 0.168415 2.859257 0.518905 0.168415 2.859257 1.771654 0.000000 3.349828 3.543307 0.575006 1.674914 3.543307 32.938538 12.785468 3.543307 91.993652 33.059368 3.024402 0.981596 0.490571 3.024402 33.345127 11.601124 3.024402 92.400253 31.875025 1.771654 33.513542 11.110554 1.771654 1.150012 0.000000 1.771654 92.568657 31.384453 0.518905 33.345127 11.601124 0.518905 0.981596 0.490571 0.518905 92.400253 31.875025 "
															            />
														</IndexedFaceSet>
													</Shape>
												</Group>
											</Transform>
										</Transform>
										<Transform DEF="group_29_TRANSFORM"
										           translation="28.346458 20.038498 0.804764"
										           scale="1.000000 1.000000 1.000000"
										           rotation="0.000000 1.000000 0.000000 0.000000"
										           >
											<Transform DEF="group_29_ifs_TRANSFORM"
											           translation="0.000000 0.000046 0.000015"
											           scale="1.000000 1.000000 1.000000"
											           rotation="0.000000 1.000000 0.000000 0.000000"
											           >
												<Group DEF="group_ME_ID150_002">
													<Shape>
														<Appearance>
															<Material USE="MA_material_020" />
														</Appearance>
														<IndexedFaceSet solid="false"
														                coordIndex="0 1 2 -1 1 0 3 -1 1 3 4 -1 4 3 5 -1 6 2 7 -1 2 6 0 -1 0 6 8 -1 0 8 3 -1 9 10 11 -1 10 9 12 -1 12 9 13 -1 12 13 14 -1 14 13 15 -1 14 15 16 -1 4 17 1 -1 17 4 5 -1 17 5 18 -1 18 5 19 -1 20 21 22 -1 21 20 23 -1 21 23 24 -1 24 23 25 -1 24 25 26 -1 26 25 27 -1 28 7 29 -1 7 28 6 -1 6 28 30 -1 6 30 8 -1 31 32 33 -1 32 31 34 -1 34 31 35 -1 34 35 36 -1 37 35 31 -1 35 37 38 -1 35 38 36 -1 36 38 39 -1 17 38 37 -1 38 17 18 -1 38 18 39 -1 39 18 19 -1 33 28 29 -1 28 33 30 -1 30 33 32 -1 30 32 34 -1 "
														                >
															<Coordinate DEF="coords_ME_ID150_002"
															            point="0.518905 33.338318 12.500733 1.771654 1.235837 0.000000 0.518905 1.054853 0.486315 0.518905 92.341011 34.458813 1.771654 33.519302 12.014417 1.771654 92.521988 33.972500 0.000000 32.901382 13.674801 0.000000 0.617919 1.660385 0.000000 91.904076 35.632885 0.518905 92.341011 34.458813 3.024402 92.341011 34.458813 1.771654 92.521988 33.972500 3.543307 91.904076 35.632885 0.000000 91.904076 35.632885 3.024402 91.467133 36.806953 0.518905 91.467133 36.806953 1.771654 91.286156 37.293266 3.024402 1.054853 0.486315 3.024402 33.338318 12.500733 3.024402 92.341011 34.458813 3.024402 1.054853 0.486315 0.518905 1.054853 0.486315 1.771654 1.235837 0.000000 3.543307 0.617919 1.660385 0.000000 0.617919 1.660385 3.024402 0.180984 2.834454 0.518905 0.180984 2.834454 1.771654 0.000000 3.320769 0.518905 32.464451 14.848870 0.518905 0.180984 2.834454 0.518905 91.467133 36.806953 3.024402 0.180984 2.834454 1.771654 32.283466 15.335186 1.771654 0.000000 3.320769 1.771654 91.286156 37.293266 3.024402 32.464451 14.848870 3.024402 91.467133 36.806953 3.543307 0.617919 1.660385 3.543307 32.901382 13.674801 3.543307 91.904076 35.632885 "
															            />
														</IndexedFaceSet>
													</Shape>
												</Group>
											</Transform>
										</Transform>
										<Transform DEF="group_29_001_TRANSFORM"
										           translation="28.346458 20.038498 0.804764"
										           scale="1.000000 1.000000 1.000000"
										           rotation="0.000000 1.000000 0.000000 0.000000"
										           >
											<Transform DEF="group_29_001_ifs_TRANSFORM"
											           translation="0.000000 0.000046 0.000015"
											           scale="1.000000 1.000000 1.000000"
											           rotation="0.000000 1.000000 0.000000 0.000000"
											           >
												<Group DEF="group_ME_ID156_002">
												</Group>
											</Transform>
										</Transform>
										<Transform DEF="group_30_TRANSFORM"
										           translation="14.173225 20.075119 2.187698"
										           scale="1.000000 1.000000 1.000000"
										           rotation="0.000000 1.000000 0.000000 0.000000"
										           >
											<Transform DEF="group_30_ifs_TRANSFORM"
											           translation="0.000000 0.000046 0.000015"
											           scale="1.000000 1.000000 1.000000"
											           rotation="0.000000 1.000000 0.000000 0.000000"
											           >
												<Group DEF="group_ME_ID161_003">
													<Shape>
														<Appearance>
															<Material USE="MA_material_020" />
														</Appearance>
														<IndexedFaceSet solid="false"
														                coordIndex="0 1 2 -1 1 0 3 -1 1 3 4 -1 1 4 5 -1 6 7 8 -1 7 6 9 -1 7 9 10 -1 10 9 11 -1 10 11 12 -1 12 11 13 -1 14 2 15 -1 2 14 16 -1 2 16 3 -1 2 3 0 -1 17 18 19 -1 18 17 20 -1 20 17 21 -1 20 21 22 -1 22 21 23 -1 22 23 24 -1 1 25 26 -1 25 1 5 -1 25 5 27 -1 27 5 4 -1 28 29 30 -1 29 28 31 -1 31 28 32 -1 32 28 33 -1 30 34 35 -1 34 30 36 -1 36 30 31 -1 31 30 29 -1 34 37 35 -1 37 34 38 -1 38 34 36 -1 38 36 39 -1 38 15 37 -1 15 38 14 -1 14 38 39 -1 14 39 16 -1 26 33 28 -1 33 26 25 -1 33 25 32 -1 32 25 27 -1 "
														                >
															<Coordinate DEF="coords_ME_ID161_003"
															            point="1.771654 33.482693 11.613070 3.024402 1.023605 0.488218 1.771654 1.199228 0.000000 1.771654 92.537804 32.856487 3.024402 92.362183 33.344704 3.024402 33.307068 12.101288 3.024402 1.023605 0.488218 0.518905 1.023605 0.488218 1.771654 1.199228 0.000000 3.543307 0.599614 1.666882 0.000000 0.599614 1.666882 3.024402 0.175623 2.845545 0.518905 0.175623 2.845545 1.771654 0.000000 3.333764 0.518905 33.307068 12.101288 0.518905 1.023605 0.488218 0.518905 92.362183 33.344704 0.518905 92.362183 33.344704 3.024402 92.362183 33.344704 1.771654 92.537804 32.856487 3.543307 91.938194 34.523369 0.000000 91.938194 34.523369 3.024402 91.514206 35.702034 0.518905 91.514206 35.702034 1.771654 91.338577 36.190250 3.543307 32.883076 13.279950 3.543307 0.599614 1.666882 3.543307 91.938194 34.523369 3.024402 0.175623 2.845545 1.771654 32.283466 14.946833 1.771654 0.000000 3.333764 1.771654 91.338577 36.190250 3.024402 91.514206 35.702034 3.024402 32.459087 14.458614 0.518905 32.459087 14.458614 0.518905 0.175623 2.845545 0.518905 91.514206 35.702034 0.000000 0.599614 1.666882 0.000000 32.883076 13.279950 0.000000 91.938194 34.523369 "
															            />
														</IndexedFaceSet>
													</Shape>
												</Group>
											</Transform>
										</Transform>
										<Transform DEF="group_31_TRANSFORM"
										           translation="21.259842 20.055344 1.453812"
										           scale="1.000000 1.000000 1.000000"
										           rotation="0.000000 1.000000 0.000000 0.000000"
										           >
											<Transform DEF="group_31_ifs_TRANSFORM"
											           translation="0.000000 0.000046 0.000015"
											           scale="1.000000 1.000000 1.000000"
											           rotation="0.000000 1.000000 0.000000 0.000000"
											           >
												<Group DEF="group_ME_ID168_002">
													<Shape>
														<Appearance>
															<Material USE="MA_material_020" />
														</Appearance>
														<IndexedFaceSet solid="false"
														                coordIndex="0 1 2 -1 1 0 3 -1 3 0 4 -1 3 4 5 -1 5 4 6 -1 5 6 7 -1 8 9 10 -1 9 8 11 -1 11 8 12 -1 12 8 13 -1 14 13 8 -1 13 14 15 -1 13 15 12 -1 12 15 16 -1 17 15 14 -1 15 17 18 -1 15 18 16 -1 16 18 19 -1 20 17 21 -1 17 20 22 -1 17 22 19 -1 17 19 18 -1 23 21 24 -1 21 23 25 -1 21 25 22 -1 21 22 20 -1 26 24 27 -1 24 26 23 -1 23 26 28 -1 23 28 25 -1 29 27 30 -1 27 29 26 -1 26 29 31 -1 26 31 28 -1 10 29 30 -1 29 10 31 -1 31 10 11 -1 11 10 9 -1 32 33 34 -1 33 32 35 -1 33 35 36 -1 36 35 37 -1 36 37 38 -1 38 37 39 -1 "
														                >
															<Coordinate DEF="coords_ME_ID168_002"
															            point="0.518905 92.379044 33.953907 3.024402 92.379044 33.953907 1.771654 92.557556 33.466698 3.543307 91.948067 35.130131 0.000000 91.948067 35.130131 3.024402 91.517097 36.306358 0.518905 91.517097 36.306358 1.771654 91.338577 36.793568 3.024402 0.178514 2.839659 1.771654 32.283466 15.155615 1.771654 0.000000 3.326867 1.771654 91.338577 36.793568 3.024402 91.517097 36.306358 3.024402 32.461979 14.668406 3.543307 0.609487 1.663434 3.543307 32.892952 13.492181 3.543307 91.948067 35.130131 3.024402 1.040459 0.487208 3.024402 33.323925 12.315955 3.024402 92.379044 33.953907 1.771654 33.502438 11.828747 1.771654 1.218973 0.000000 1.771654 92.557556 33.466698 0.518905 33.323925 12.315955 0.518905 1.040459 0.487208 0.518905 92.379044 33.953907 0.000000 32.892952 13.492181 0.000000 0.609487 1.663434 0.000000 91.948067 35.130131 0.518905 32.461979 14.668406 0.518905 0.178514 2.839659 0.518905 91.517097 36.306358 3.024402 1.040459 0.487208 0.518905 1.040459 0.487208 1.771654 1.218973 0.000000 3.543307 0.609487 1.663434 0.000000 0.609487 1.663434 3.024402 0.178514 2.839659 0.518905 0.178514 2.839659 1.771654 0.000000 3.326867 "
															            />
														</IndexedFaceSet>
													</Shape>
												</Group>
											</Transform>
										</Transform>
										<Transform DEF="group_32_TRANSFORM"
										           translation="35.433067 20.024460 0.240494"
										           scale="1.000000 1.000000 1.000000"
										           rotation="0.000000 1.000000 0.000000 0.000000"
										           >
											<Transform DEF="group_32_ifs_TRANSFORM"
											           translation="0.000000 0.000047 0.000015"
											           scale="1.000000 1.000000 1.000000"
											           rotation="0.000000 1.000000 0.000000 0.000000"
											           >
												<Group DEF="group_ME_ID175_003">
													<Shape>
														<Appearance>
															<Material USE="MA_material_020" />
														</Appearance>
														<IndexedFaceSet solid="false"
														                coordIndex="0 1 2 -1 1 0 3 -1 1 3 4 -1 4 3 5 -1 6 7 8 -1 7 6 9 -1 7 9 10 -1 10 9 11 -1 10 11 12 -1 12 11 13 -1 14 3 0 -1 3 14 15 -1 3 15 5 -1 5 15 16 -1 17 18 19 -1 18 17 20 -1 20 17 21 -1 20 21 22 -1 22 21 23 -1 22 23 24 -1 2 25 26 -1 25 2 27 -1 27 2 4 -1 4 2 1 -1 26 28 29 -1 28 26 30 -1 30 26 27 -1 27 26 25 -1 28 31 29 -1 31 28 32 -1 32 28 30 -1 32 30 33 -1 32 34 31 -1 34 32 35 -1 35 32 33 -1 35 33 36 -1 35 37 34 -1 37 35 36 -1 37 36 38 -1 37 38 39 -1 39 14 37 -1 14 39 38 -1 14 38 16 -1 14 16 15 -1 "
														                >
															<Coordinate DEF="coords_ME_ID175_003"
															            point="3.543307 0.624942 1.657771 3.024402 32.466507 15.000129 3.024402 0.183041 2.829992 3.543307 32.908405 13.827909 3.024402 91.521614 37.262577 3.543307 91.963524 36.090355 3.024402 1.066843 0.485550 0.518905 1.066843 0.485550 1.771654 1.249884 0.000000 3.543307 0.624942 1.657771 0.000000 0.624942 1.657771 3.024402 0.183041 2.829992 0.518905 0.183041 2.829992 1.771654 0.000000 3.315541 3.024402 1.066843 0.485550 3.024402 33.350307 12.655687 3.024402 92.405426 34.918133 0.518905 92.405426 34.918133 3.024402 92.405426 34.918133 1.771654 92.588470 34.432587 3.543307 91.963524 36.090355 0.000000 91.963524 36.090355 3.024402 91.521614 37.262577 0.518905 91.521614 37.262577 1.771654 91.338577 37.748127 1.771654 32.283466 15.485679 1.771654 0.000000 3.315541 1.771654 91.338577 37.748127 0.518905 32.466507 15.000129 0.518905 0.183041 2.829992 0.518905 91.521614 37.262577 0.000000 0.624942 1.657771 0.000000 32.908405 13.827909 0.000000 91.963524 36.090355 0.518905 1.066843 0.485550 0.518905 33.350307 12.655687 0.518905 92.405426 34.918133 1.771654 1.249884 0.000000 1.771654 92.588470 34.432587 1.771654 33.533348 12.170137 "
															            />
														</IndexedFaceSet>
													</Shape>
												</Group>
											</Transform>
										</Transform>
										<Transform DEF="instance_1_TRANSFORM"
										           translation="35.964561 1.169358 -0.907088"
										           scale="1.000000 1.000000 1.000000"
										           rotation="1.000001 -0.000000 0.000000 0.272923"
										           >
											<Transform DEF="instance_1_ifs_TRANSFORM"
											           translation="0.000001 0.000066 0.000060"
											           scale="1.000000 1.000000 1.000000"
											           rotation="0.000000 0.000000 -0.000000 0.000000"
											           >
												<Group DEF="group_ME_ID183_001">
													<Shape>
														<Appearance>
														</Appearance>
														<IndexedFaceSet solid="false"
														                coordIndex="0 1 2 -1 1 0 3 -1 4 5 6 -1 5 4 7 -1 5 7 8 -1 8 7 9 -1 9 7 10 -1 9 10 11 -1 12 13 14 -1 13 12 15 -1 16 17 18 -1 17 16 19 -1 19 16 20 -1 19 20 21 -1 19 21 22 -1 22 21 23 -1 24 25 26 -1 25 24 27 -1 28 29 30 -1 29 28 31 -1 29 31 32 -1 33 34 35 -1 34 33 36 -1 36 33 37 -1 36 37 38 -1 36 38 39 -1 36 39 40 -1 36 40 41 -1 36 41 42 -1 36 43 34 -1 43 36 44 -1 45 46 47 -1 46 45 48 -1 49 50 51 -1 50 49 52 -1 53 54 55 -1 54 53 56 -1 56 53 57 -1 58 59 60 -1 59 58 61 -1 62 63 64 -1 63 62 65 -1 65 62 66 -1 66 62 67 -1 68 69 70 -1 69 68 71 -1 71 68 72 -1 73 74 75 -1 74 73 76 -1 77 78 79 -1 78 77 80 -1 81 82 83 -1 82 81 84 -1 85 86 87 -1 86 85 88 -1 88 85 89 -1 90 91 92 -1 91 90 93 -1 93 90 94 -1 94 90 95 -1 "
														                >
															<Coordinate DEF="coords_ME_ID183_001"
															            point="2.480315 19.291338 0.000000 0.000000 7.165354 -0.000000 0.000000 19.291338 0.000000 2.480315 7.165354 -0.000000 0.000000 6.653543 2.834646 0.000000 7.165354 -0.000000 0.000000 6.653543 0.026997 0.000000 19.291338 2.834646 0.000000 19.291338 0.000000 0.000000 19.360210 -0.784384 0.000000 51.574802 2.834646 0.000000 51.643673 2.050262 2.480315 19.291338 0.000000 0.000000 19.360210 -0.784384 2.480315 19.360210 -0.784384 0.000000 19.291338 0.000000 2.480315 7.165354 -0.000000 2.480315 6.653543 2.834646 2.480315 6.653543 0.026997 2.480315 19.291338 2.834646 2.480315 19.291338 0.000000 2.480315 19.360210 -0.784384 2.480315 51.574802 2.834646 2.480315 51.643673 2.050262 2.480315 7.165354 -0.000000 0.000000 6.653543 0.026997 0.000000 7.165354 -0.000000 2.480315 6.653543 0.026997 0.077814 3.522464 2.834646 0.071080 3.793423 0.177860 0.077814 3.522464 0.219149 0.000000 6.653543 2.834646 0.000000 6.653543 0.026997 0.077814 3.522464 2.834646 0.000000 19.291338 2.834646 0.000000 6.653543 2.834646 2.480315 19.291338 2.834646 0.233441 1.354794 2.834646 0.496063 -0.000000 2.834646 1.984252 -0.000000 2.834646 2.246873 1.354794 2.834646 2.402501 3.522464 2.834646 2.480315 6.653543 2.834646 0.000000 51.574802 2.834646 2.480315 51.574802 2.834646 0.000000 51.574802 2.834646 2.480315 51.643673 2.050262 0.000000 51.643673 2.050262 2.480315 51.574802 2.834646 2.480315 51.643673 2.050262 0.000000 19.360210 -0.784384 0.000000 51.643673 2.050262 2.480315 19.360210 -0.784384 2.409235 3.793423 0.177860 2.402501 3.522464 2.834646 2.402501 3.522464 0.219149 2.480315 6.653543 2.834646 2.480315 6.653543 0.026997 2.480315 6.653543 0.026997 0.071080 3.793423 0.177860 0.000000 6.653543 0.026997 2.409235 3.793423 0.177860 2.409235 3.793423 0.177860 0.077814 3.522464 0.219149 0.071080 3.793423 0.177860 0.225959 1.459009 0.533580 2.254356 1.459009 0.533580 2.402501 3.522464 0.219149 0.077814 3.522464 2.834646 0.233441 1.354794 0.576457 0.233441 1.354794 2.834646 0.225959 1.459009 0.533580 0.077814 3.522464 0.219149 0.233441 1.354794 2.834646 0.496063 -0.000000 1.133858 0.496063 -0.000000 2.834646 0.233441 1.354794 0.576457 1.984252 -0.000000 2.834646 0.496063 -0.000000 1.133858 1.984252 -0.000000 1.133858 0.496063 -0.000000 2.834646 1.984252 -0.000000 1.133858 2.246873 1.354794 2.834646 1.984252 -0.000000 2.834646 2.246873 1.354794 0.576457 2.254356 1.459009 0.533580 2.246873 1.354794 2.834646 2.246873 1.354794 0.576457 2.402501 3.522464 2.834646 2.402501 3.522464 0.219149 2.254356 1.459009 0.533580 0.233441 1.354794 0.576457 0.225959 1.459009 0.533580 0.496063 -0.000000 1.133858 1.984252 -0.000000 1.133858 2.246873 1.354794 0.576457 "
															            />
														</IndexedFaceSet>
													</Shape>
												</Group>
											</Transform>
										</Transform>
										<Transform DEF="instance_2_TRANSFORM"
										           translation="14.704720 1.154343 1.345292"
										           scale="1.000000 1.000000 1.000000"
										           rotation="1.000001 0.000000 -0.000000 0.257729"
										           >
											<Transform DEF="instance_2_ifs_TRANSFORM"
											           translation="0.000008 -0.000026 -0.000001"
											           scale="1.000000 1.000000 1.000000"
											           rotation="0.000000 0.000000 0.000000 0.000000"
											           >
												<Group USE="group_ME_ID183_001" />
											</Transform>
										</Transform>
										<Transform DEF="instance_3_TRANSFORM"
										           translation="7.618112 1.149338 2.299821"
										           scale="1.000000 1.000000 1.000000"
										           rotation="1.000006 0.000000 0.000000 0.250971"
										           >
											<Transform DEF="instance_3_ifs_TRANSFORM"
											           translation="0.000001 -0.000042 0.000060"
											           scale="1.000000 1.000000 1.000000"
											           rotation="0.000000 -0.000000 0.000000 0.000000"
											           >
												<Group USE="group_ME_ID183_001" />
											</Transform>
										</Transform>
										<Transform DEF="instance_4_TRANSFORM"
										           translation="0.531495 1.064498 3.357682"
										           scale="1.000000 1.000000 1.000000"
										           rotation="1.000000 0.000000 0.000000 0.243118"
										           >
											<Transform DEF="instance_4_ifs_TRANSFORM"
											           translation="0.000008 -0.000134 0.000121"
											           scale="1.000000 1.000000 1.000000"
											           rotation="0.000000 -0.000000 0.000000 0.000000"
											           >
												<Group DEF="group_ME_ID193_003">
													<Shape>
														<Appearance>
														</Appearance>
														<IndexedFaceSet solid="false"
														                coordIndex="0 1 2 -1 1 0 3 -1 4 5 6 -1 5 4 7 -1 5 7 8 -1 8 7 9 -1 9 7 10 -1 9 10 11 -1 12 13 14 -1 13 12 15 -1 16 17 18 -1 17 16 19 -1 19 16 20 -1 19 20 21 -1 19 21 22 -1 22 21 23 -1 24 25 26 -1 25 24 27 -1 28 29 30 -1 29 28 31 -1 29 31 32 -1 33 34 35 -1 34 33 36 -1 36 33 37 -1 36 37 38 -1 36 38 39 -1 36 39 40 -1 36 40 41 -1 36 41 42 -1 43 44 45 -1 44 43 46 -1 47 48 49 -1 48 47 50 -1 51 52 53 -1 52 51 54 -1 55 56 57 -1 56 55 58 -1 58 55 59 -1 60 61 62 -1 61 60 63 -1 64 65 66 -1 65 64 67 -1 67 64 68 -1 68 64 69 -1 70 71 72 -1 71 70 73 -1 71 73 74 -1 75 76 77 -1 76 75 78 -1 79 80 81 -1 80 79 82 -1 83 84 85 -1 84 83 86 -1 87 88 89 -1 88 87 90 -1 90 87 91 -1 92 93 94 -1 93 92 95 -1 95 92 96 -1 96 92 97 -1 "
														                >
															<Coordinate DEF="coords_ME_ID193_003"
															            point="2.480315 19.291338 -0.000000 0.000000 6.771654 -0.000000 0.000000 19.291338 -0.000000 2.480315 6.771654 -0.000000 0.000000 6.259842 2.834646 0.000000 6.771654 -0.000000 0.000000 6.259842 0.026997 0.000000 19.291338 2.834646 0.000000 19.291338 -0.000000 0.000000 19.360210 -0.784384 0.000000 51.968502 2.834646 0.000000 52.037376 2.050262 2.480315 19.291338 -0.000000 0.000000 19.360210 -0.784384 2.480315 19.360210 -0.784384 0.000000 19.291338 -0.000000 2.480315 6.771654 -0.000000 2.480315 6.259842 2.834646 2.480315 6.259842 0.026997 2.480315 19.291338 2.834646 2.480315 19.291338 -0.000000 2.480315 19.360210 -0.784384 2.480315 51.968502 2.834646 2.480315 52.037376 2.050262 2.480315 6.771654 -0.000000 0.000000 6.259842 0.026997 0.000000 6.771654 -0.000000 2.480315 6.259842 0.026997 0.077814 3.128763 2.834646 0.071080 3.399722 0.177860 0.077814 3.128763 0.219149 0.000000 6.259842 2.834646 0.000000 6.259842 0.026997 0.077814 3.128763 2.834646 0.000000 19.291338 2.834646 0.000000 6.259842 2.834646 2.480315 19.291338 2.834646 0.233441 0.961093 2.834646 0.496063 -0.393701 2.834646 1.984252 -0.393701 2.834646 2.246873 0.961093 2.834646 2.402501 3.128763 2.834646 2.480315 6.259842 2.834646 2.480315 19.291338 2.834646 0.000000 51.968502 2.834646 0.000000 19.291338 2.834646 2.480315 51.968502 2.834646 0.000000 51.968502 2.834646 2.480315 52.037376 2.050262 0.000000 52.037376 2.050262 2.480315 51.968502 2.834646 2.480315 52.037376 2.050262 0.000000 19.360210 -0.784384 0.000000 52.037376 2.050262 2.480315 19.360210 -0.784384 2.409235 3.399722 0.177860 2.402501 3.128763 2.834646 2.402501 3.128763 0.219149 2.480315 6.259842 2.834646 2.480315 6.259842 0.026997 2.480315 6.259842 0.026997 0.071080 3.399722 0.177860 0.000000 6.259842 0.026997 2.409235 3.399722 0.177860 2.409235 3.399722 0.177860 0.077814 3.128763 0.219149 0.071080 3.399722 0.177860 0.225959 1.065308 0.533580 2.254356 1.065308 0.533580 2.402501 3.128763 0.219149 0.233441 0.961093 2.834646 0.225959 1.065308 0.533580 0.233441 0.961093 0.576457 0.077814 3.128763 2.834646 0.077814 3.128763 0.219149 0.233441 0.961093 2.834646 0.496063 -0.393701 1.133858 0.496063 -0.393701 2.834646 0.233441 0.961093 0.576457 1.984252 -0.393701 2.834646 0.496063 -0.393701 1.133858 1.984252 -0.393701 1.133858 0.496063 -0.393701 2.834646 2.246873 0.961093 0.576457 1.984252 -0.393701 2.834646 1.984252 -0.393701 1.133858 2.246873 0.961093 2.834646 2.254356 1.065308 0.533580 2.246873 0.961093 2.834646 2.246873 0.961093 0.576457 2.402501 3.128763 2.834646 2.402501 3.128763 0.219149 2.254356 1.065308 0.533580 0.233441 0.961093 0.576457 0.225959 1.065308 0.533580 0.496063 -0.393701 1.133858 1.984252 -0.393701 1.133858 2.246873 0.961093 0.576457 "
															            />
														</IndexedFaceSet>
													</Shape>
												</Group>
											</Transform>
										</Transform>
										<Transform DEF="instance_5_TRANSFORM"
										           translation="21.791336 1.159592 0.492875"
										           scale="1.000000 1.000000 1.000000"
										           rotation="0.999999 -0.000000 0.000000 0.263632"
										           >
											<Transform DEF="instance_5_ifs_TRANSFORM"
											           translation="0.000008 -0.000041 -0.000001"
											           scale="1.000000 1.000000 1.000000"
											           rotation="0.000000 -0.000000 0.000000 0.000000"
											           >
												<Group USE="group_ME_ID183_001" />
											</Transform>
										</Transform>
										<Transform DEF="instance_6_TRANSFORM"
										           translation="28.877953 1.164719 -0.257796"
										           scale="1.000000 1.000000 1.000000"
										           rotation="1.000000 -0.000000 -0.000000 0.268693"
										           >
											<Transform DEF="instance_6_ifs_TRANSFORM"
											           translation="0.000001 -0.000026 0.000029"
											           scale="1.000000 1.000000 1.000000"
											           rotation="0.000000 -0.000000 0.000000 0.000000"
											           >
												<Group USE="group_ME_ID183_001" />
											</Transform>
										</Transform>
									</Transform>
									<Transform DEF="group_33_TRANSFORM"
									           translation="0.000000 0.000041 4.670976"
									           scale="1.000000 1.000000 1.000000"
									           rotation="0.000000 1.000000 0.000000 0.000000"
									           >
										<Transform DEF="group_34_TRANSFORM"
										           translation="19.628210 21.394573 7.932388"
										           scale="1.000000 1.000000 1.000000"
										           rotation="0.000000 1.000000 0.000000 0.000000"
										           >
											<Transform DEF="group_34_ifs_TRANSFORM"
											           translation="-0.000000 0.000042 0.000015"
											           scale="1.000000 1.000000 1.000000"
											           rotation="0.000000 1.000000 0.000000 0.000000"
											           >
												<Group DEF="group_ME_ID203_002">
													<Shape>
														<Appearance>
															<Material USE="MA_material_020" />
														</Appearance>
														<IndexedFaceSet solid="false"
														                coordIndex="0 1 2 -1 1 0 3 -1 3 0 4 -1 3 4 5 -1 6 0 2 -1 0 6 7 -1 0 7 4 -1 4 7 8 -1 9 10 11 -1 10 9 12 -1 10 12 13 -1 13 12 14 -1 13 14 15 -1 15 14 16 -1 1 17 18 -1 17 1 3 -1 17 3 19 -1 19 3 5 -1 20 21 22 -1 21 20 23 -1 23 20 24 -1 23 24 25 -1 25 24 26 -1 25 26 27 -1 28 7 6 -1 7 28 29 -1 7 29 8 -1 8 29 30 -1 31 28 32 -1 28 31 29 -1 29 31 33 -1 29 33 30 -1 34 31 32 -1 31 34 35 -1 31 35 33 -1 33 35 36 -1 37 34 38 -1 34 37 35 -1 35 37 39 -1 35 39 36 -1 17 38 18 -1 38 17 37 -1 37 17 19 -1 37 19 39 -1 "
														                >
															<Coordinate DEF="coords_ME_ID203_002"
															            point="33.246201 37.493607 11.037804 0.000000 2.409470 1.747754 0.241011 1.906247 2.983602 33.005188 37.996830 9.801955 76.827461 84.484459 21.672867 76.586456 84.987686 20.437017 1.101770 0.992088 3.495507 34.106960 36.579445 11.549709 77.688217 83.570305 22.184771 77.106369 84.785187 19.201170 78.943420 83.081436 19.201170 78.082657 83.995598 18.689266 76.586456 84.987686 20.437017 79.184425 82.578217 20.437017 76.827461 84.484459 21.672867 78.664513 82.780708 21.672867 77.688217 83.570305 22.184771 33.525108 37.794334 8.566107 0.519919 2.206976 0.511905 77.106369 84.785187 19.201170 2.356965 0.503223 0.511905 0.519919 2.206976 0.511905 1.496206 1.417382 0.000000 0.000000 2.409470 1.747754 2.597976 0.000000 1.747754 0.241011 1.906247 2.983602 2.078057 0.202495 2.983602 1.101770 0.992088 3.495507 2.078057 0.202495 2.983602 35.083244 35.789852 11.037804 78.664513 82.780708 21.672867 35.603165 35.587360 9.801955 2.597976 0.000000 1.747754 79.184425 82.578217 20.437017 2.356965 0.503223 0.511905 35.362152 36.090584 8.566107 78.943420 83.081436 19.201170 34.501392 37.004738 8.054201 1.496206 1.417382 0.000000 78.082657 83.995598 18.689266 "
															            />
														</IndexedFaceSet>
													</Shape>
												</Group>
											</Transform>
										</Transform>
										<Transform DEF="group_35_TRANSFORM"
										           translation="84.626480 24.583540 0.624161"
										           scale="1.000000 1.000000 1.000000"
										           rotation="0.000000 1.000000 0.000000 0.000000"
										           >
											<Transform DEF="group_35_ifs_TRANSFORM"
											           translation="0.000000 0.000045 0.000015"
											           scale="1.000000 1.000000 1.000000"
											           rotation="0.000000 1.000000 0.000000 0.000000"
											           >
												<Group DEF="group_ME_ID210_001">
													<Shape>
														<Appearance>
															<Material USE="MA_material_020" />
														</Appearance>
														<IndexedFaceSet solid="false"
														                coordIndex="0 1 2 -1 1 0 3 -1 3 0 4 -1 3 4 5 -1 6 2 7 -1 2 6 0 -1 0 6 8 -1 0 8 4 -1 9 10 11 -1 10 9 12 -1 12 9 13 -1 12 13 14 -1 14 13 15 -1 14 15 16 -1 3 17 1 -1 17 3 18 -1 18 3 5 -1 18 5 19 -1 20 21 22 -1 21 20 23 -1 21 23 24 -1 24 23 25 -1 24 25 26 -1 26 25 27 -1 28 6 7 -1 6 28 29 -1 6 29 8 -1 8 29 30 -1 31 29 28 -1 29 31 32 -1 29 32 30 -1 30 32 33 -1 34 32 31 -1 32 34 35 -1 32 35 33 -1 33 35 36 -1 37 35 34 -1 35 37 38 -1 35 38 36 -1 36 38 39 -1 18 37 17 -1 37 18 38 -1 38 18 19 -1 38 19 39 -1 "
														                >
															<Coordinate DEF="coords_ME_ID210_001"
															            point="4.619618 33.524357 12.357528 0.567630 1.112681 0.493794 0.000000 0.804015 1.685919 5.187248 33.833023 11.165402 11.254016 80.515213 27.683407 11.821648 80.823883 26.491280 5.079607 33.070610 13.549652 0.459989 0.350265 2.878044 11.714005 80.061462 28.875532 11.821648 80.823883 26.491280 14.302539 80.473618 26.491280 13.084387 80.806648 25.997488 14.762528 80.019859 27.683407 11.254016 80.515213 27.683407 14.194898 79.711197 28.875532 11.714005 80.061462 28.875532 12.932158 79.728424 29.369326 1.830370 1.095450 0.000000 6.449988 33.815792 10.671608 13.084387 80.806648 25.997488 3.048523 0.762416 0.493794 0.567630 1.112681 0.493794 1.830370 1.095450 0.000000 3.508512 0.308666 1.685919 0.000000 0.804015 1.685919 2.940881 0.000000 2.878044 0.459989 0.350265 2.878044 1.678142 0.017231 3.371838 1.678142 0.017231 3.371838 6.297760 32.737576 14.043447 12.932158 79.728424 29.369326 2.940881 0.000000 2.878044 7.560499 32.720341 13.549652 14.194898 79.711197 28.875532 3.508512 0.308666 1.685919 8.128130 33.029011 12.357528 14.762528 80.019859 27.683407 3.048523 0.762416 0.493794 7.668140 33.482758 11.165402 14.302539 80.473618 26.491280 "
															            />
														</IndexedFaceSet>
													</Shape>
												</Group>
											</Transform>
										</Transform>
										<Transform DEF="group_36_TRANSFORM"
										           translation="77.495964 24.312422 1.329056"
										           scale="1.000000 1.000000 1.000000"
										           rotation="0.000000 1.000000 0.000000 0.000000"
										           >
											<Transform DEF="group_36_ifs_TRANSFORM"
											           translation="0.000000 0.000044 0.000015"
											           scale="1.000000 1.000000 1.000000"
											           rotation="0.000000 1.000000 0.000000 0.000000"
											           >
												<Group DEF="group_ME_ID217_004">
													<Shape>
														<Appearance>
															<Material USE="MA_material_020" />
														</Appearance>
														<IndexedFaceSet solid="false"
														                coordIndex="0 1 2 -1 1 0 3 -1 3 0 4 -1 3 4 5 -1 6 2 7 -1 2 6 0 -1 0 6 8 -1 0 8 4 -1 9 10 11 -1 10 9 12 -1 12 9 13 -1 12 13 14 -1 14 13 15 -1 14 15 16 -1 3 17 1 -1 17 3 18 -1 18 3 5 -1 18 5 19 -1 20 21 22 -1 21 20 23 -1 21 23 24 -1 24 23 25 -1 24 25 26 -1 26 25 27 -1 28 7 29 -1 7 28 6 -1 6 28 30 -1 6 30 8 -1 31 28 29 -1 28 31 32 -1 28 32 30 -1 30 32 33 -1 34 32 31 -1 32 34 35 -1 32 35 33 -1 33 35 36 -1 37 35 34 -1 35 37 38 -1 35 38 36 -1 36 38 39 -1 17 38 37 -1 38 17 18 -1 38 18 39 -1 39 18 19 -1 "
														                >
															<Coordinate DEF="coords_ME_ID217_004"
															            point="8.159045 34.218575 10.918663 1.843588 1.149271 0.000000 0.588419 1.280857 0.495860 9.414214 34.086987 10.422803 18.959740 81.209427 25.788439 20.214907 81.077843 25.292580 7.570626 33.975006 12.115776 0.000000 1.037289 1.692973 18.371319 80.965858 26.985550 18.959740 81.209427 25.788439 21.401566 80.648186 25.788439 20.214907 81.077843 25.292580 21.824585 80.172142 26.985550 18.371319 80.965858 26.985550 21.236164 79.928574 28.182663 18.794338 80.489815 28.182663 19.980997 80.060158 28.678524 3.030245 0.719611 0.495860 10.600871 33.657330 10.918663 21.401566 80.648186 25.788439 3.030245 0.719611 0.495860 0.588419 1.280857 0.495860 1.843588 1.149271 0.000000 3.453264 0.243568 1.692973 0.000000 1.037289 1.692973 2.864845 0.000000 2.890086 0.423019 0.561246 2.890086 1.609676 0.131586 3.385946 7.993645 33.498962 13.312888 0.423019 0.561246 2.890086 18.794338 80.489815 28.182663 1.609676 0.131586 3.385946 9.180303 33.069302 13.808748 19.980997 80.060158 28.678524 2.864845 0.000000 2.890086 10.435472 32.937714 13.312888 21.236164 79.928574 28.182663 3.453264 0.243568 1.692973 11.023890 33.181282 12.115776 21.824585 80.172142 26.985550 "
															            />
														</IndexedFaceSet>
													</Shape>
												</Group>
											</Transform>
										</Transform>
										<Transform DEF="group_37_TRANSFORM"
										           translation="63.210514 23.748579 2.801712"
										           scale="1.000000 1.000000 1.000000"
										           rotation="0.000000 1.000000 0.000000 0.000000"
										           >
											<Transform DEF="group_37_ifs_TRANSFORM"
											           translation="0.000000 0.000044 0.000015"
											           scale="1.000000 1.000000 1.000000"
											           rotation="0.000000 1.000000 0.000000 0.000000"
											           >
												<Group DEF="group_ME_ID224_004">
													<Shape>
														<Appearance>
															<Material USE="MA_material_020" />
														</Appearance>
														<IndexedFaceSet solid="false"
														                coordIndex="0 1 2 -1 1 0 3 -1 3 0 4 -1 3 4 5 -1 6 2 7 -1 2 6 0 -1 0 6 8 -1 0 8 4 -1 9 10 11 -1 10 9 12 -1 10 12 13 -1 13 12 14 -1 13 14 15 -1 15 14 16 -1 1 17 18 -1 17 1 3 -1 17 3 19 -1 19 3 5 -1 20 21 22 -1 21 20 23 -1 23 20 24 -1 23 24 25 -1 25 24 26 -1 25 26 27 -1 28 7 29 -1 7 28 6 -1 6 28 30 -1 6 30 8 -1 31 32 33 -1 32 31 34 -1 32 34 35 -1 35 34 36 -1 37 34 31 -1 34 37 38 -1 34 38 36 -1 36 38 39 -1 18 38 37 -1 38 18 17 -1 38 17 39 -1 39 17 19 -1 32 29 33 -1 29 32 28 -1 28 32 35 -1 28 35 30 -1 "
														                >
															<Coordinate DEF="coords_ME_ID224_004"
															            point="15.405402 34.650787 9.903018 2.926691 0.614172 0.500411 1.817792 1.212982 0.000000 16.514301 34.051979 10.403429 34.500359 81.641640 23.819937 35.609257 81.042831 24.320349 14.193128 34.995201 10.403429 0.605517 1.557392 0.500411 33.288082 81.986053 24.320349 33.288082 81.986053 24.320349 35.609257 81.042831 24.320349 34.500359 81.641640 23.819937 32.682568 81.874313 25.528448 35.965202 80.540398 25.528448 33.038509 81.371880 26.736549 35.359684 80.428665 26.736549 34.147411 80.773071 27.236959 16.870247 33.549545 11.611528 3.282636 0.111739 1.708511 35.965202 80.540398 25.528448 2.926691 0.614172 0.500411 0.605517 1.557392 0.500411 1.817792 1.212982 0.000000 0.000000 1.445653 1.708511 3.282636 0.111739 1.708511 0.355945 0.943220 2.916610 2.677119 0.000000 2.916610 1.464844 0.344411 3.417022 13.587610 34.883461 11.611528 0.000000 1.445653 1.708511 32.682568 81.874313 25.528448 1.464844 0.344411 3.417022 13.943555 34.381027 12.819629 0.355945 0.943220 2.916610 15.052455 33.782219 13.320040 33.038509 81.371880 26.736549 34.147411 80.773071 27.236959 2.677119 0.000000 2.916610 16.264729 33.437805 12.819629 35.359684 80.428665 26.736549 "
															            />
														</IndexedFaceSet>
													</Shape>
												</Group>
											</Transform>
										</Transform>
										<Transform DEF="group_38_TRANSFORM"
										           translation="56.039646 23.441084 3.573868"
										           scale="1.000000 1.000000 1.000000"
										           rotation="0.000000 1.000000 0.000000 0.000000"
										           >
											<Transform DEF="group_38_ifs_TRANSFORM"
											           translation="0.000000 0.000044 0.000015"
											           scale="1.000000 1.000000 1.000000"
											           rotation="0.000000 1.000000 0.000000 0.000000"
											           >
												<Group DEF="group_ME_ID231_001">
													<Shape>
														<Appearance>
															<Material USE="MA_material_020" />
														</Appearance>
														<IndexedFaceSet solid="false"
														                coordIndex="0 1 2 -1 1 0 3 -1 1 3 4 -1 4 3 5 -1 4 5 6 -1 6 5 7 -1 8 9 10 -1 9 8 11 -1 9 11 12 -1 12 11 13 -1 9 14 10 -1 14 9 15 -1 15 9 12 -1 15 12 16 -1 15 17 14 -1 17 15 18 -1 18 15 16 -1 18 16 19 -1 18 20 17 -1 20 18 21 -1 21 18 19 -1 21 19 22 -1 21 23 20 -1 23 21 24 -1 24 21 22 -1 24 22 25 -1 23 26 27 -1 26 23 24 -1 26 24 28 -1 28 24 25 -1 27 29 30 -1 29 27 26 -1 29 26 31 -1 31 26 28 -1 30 11 8 -1 11 30 29 -1 11 29 13 -1 13 29 31 -1 32 33 34 -1 33 32 35 -1 35 32 36 -1 35 36 37 -1 37 36 38 -1 37 38 39 -1 "
														                >
															<Coordinate DEF="coords_ME_ID231_001"
															            point="2.849050 0.557016 0.502697 0.602831 1.666975 0.502697 1.782946 1.227357 0.000000 3.176635 0.048628 1.716317 0.000000 1.618347 1.716317 2.573804 0.000000 2.929936 0.327584 1.109959 2.929936 1.393688 0.439618 3.432633 1.393688 0.439618 3.432633 16.995544 34.840847 12.560819 0.327584 1.109959 2.929936 18.061649 34.170506 13.063516 40.215858 81.831696 25.977701 41.281963 81.161362 26.480400 0.000000 1.618347 1.716317 16.667961 35.349236 11.347198 39.888275 82.340088 24.764084 0.602831 1.666975 0.502697 17.270792 35.397865 10.133580 40.491104 82.388718 23.550465 1.782946 1.227357 0.000000 18.450909 34.958244 9.630882 41.671223 81.949104 23.047766 2.849050 0.557016 0.502697 19.517012 34.287903 10.133580 42.737324 81.278763 23.550465 19.844595 33.779514 11.347198 3.176635 0.048628 1.716317 43.064907 80.770370 24.764084 19.241764 33.730888 12.560819 2.573804 0.000000 2.929936 42.462078 80.721741 25.977701 40.491104 82.388718 23.550465 42.737324 81.278763 23.550465 41.671223 81.949104 23.047766 43.064907 80.770370 24.764084 39.888275 82.340088 24.764084 42.462078 80.721741 25.977701 40.215858 81.831696 25.977701 41.281963 81.161362 26.480400 "
															            />
														</IndexedFaceSet>
													</Shape>
												</Group>
											</Transform>
										</Transform>
										<Transform DEF="group_39_TRANSFORM"
										           translation="91.744835 24.749435 0.000015"
										           scale="1.000000 1.000000 1.000000"
										           rotation="0.000000 1.000000 0.000000 0.000000"
										           >
											<Transform DEF="group_39_ifs_TRANSFORM"
											           translation="0.000000 0.000045 0.000015"
											           scale="1.000000 1.000000 1.000000"
											           rotation="0.000000 1.000000 0.000000 0.000000"
											           >
												<Group DEF="group_ME_ID238">
													<Shape>
														<Appearance>
															<Material USE="MA_material_020" />
														</Appearance>
														<IndexedFaceSet solid="false"
														                coordIndex="0 1 2 -1 1 0 3 -1 1 3 4 -1 4 3 5 -1 5 3 6 -1 5 6 7 -1 8 9 10 -1 9 8 11 -1 9 11 12 -1 12 11 13 -1 9 14 10 -1 14 9 15 -1 15 9 12 -1 15 12 16 -1 15 17 14 -1 17 15 18 -1 18 15 16 -1 18 16 19 -1 18 20 17 -1 20 18 21 -1 21 18 19 -1 21 19 22 -1 21 23 20 -1 23 21 24 -1 24 21 22 -1 24 22 25 -1 23 26 27 -1 26 23 24 -1 26 24 28 -1 28 24 25 -1 27 29 30 -1 29 27 26 -1 29 26 31 -1 31 26 28 -1 30 11 8 -1 11 30 29 -1 11 29 13 -1 13 29 31 -1 32 33 34 -1 33 32 35 -1 33 35 36 -1 36 35 37 -1 37 35 38 -1 37 38 39 -1 "
														                >
															<Coordinate DEF="coords_ME_ID238"
															            point="3.041045 0.892082 0.492130 0.538983 1.023210 0.492130 1.798625 1.121952 0.000000 3.538451 0.468255 1.680238 0.000000 0.653697 1.680238 0.497406 0.229870 2.868345 2.999468 0.098742 2.868345 1.739826 0.000000 3.360475 1.739826 0.000000 3.360475 2.199785 32.713215 13.743251 0.497406 0.229870 2.868345 3.442206 32.483345 14.235380 4.664808 79.748642 29.489964 5.907229 79.518776 29.982096 0.000000 0.653697 1.680238 1.702380 33.137043 12.555143 4.167402 80.172470 28.301855 0.538983 1.023210 0.492130 2.241363 33.506554 11.367036 4.706386 80.541985 27.113750 1.798625 1.121952 0.000000 3.501005 33.605293 10.874906 5.966027 80.640732 26.621618 3.041045 0.892082 0.492130 4.743425 33.375423 11.367036 7.208448 80.410858 27.113750 5.240831 32.951599 12.555143 3.538451 0.468255 1.680238 7.705854 79.987030 28.301857 4.701849 32.582085 13.743251 2.999468 0.098742 2.868345 7.166871 79.617523 29.489964 4.706386 80.541985 27.113750 7.208448 80.410858 27.113750 5.966027 80.640732 26.621618 4.167402 80.172470 28.301855 7.705854 79.987030 28.301857 7.166871 79.617523 29.489964 4.664808 79.748642 29.489964 5.907229 79.518776 29.982096 "
															            />
														</IndexedFaceSet>
													</Shape>
												</Group>
											</Transform>
										</Transform>
										<Transform DEF="group_40_TRANSFORM"
										           translation="48.811523 23.140791 4.389053"
										           scale="1.000000 1.000000 1.000000"
										           rotation="0.000000 1.000000 0.000000 0.000000"
										           >
											<Transform DEF="group_40_ifs_TRANSFORM"
											           translation="0.000000 0.000043 0.000015"
											           scale="1.000000 1.000000 1.000000"
											           rotation="0.000000 1.000000 0.000000 0.000000"
											           >
												<Group DEF="group_ME_ID245">
													<Shape>
														<Appearance>
															<Material USE="MA_material_020" />
														</Appearance>
														<IndexedFaceSet solid="false"
														                coordIndex="0 1 2 -1 1 0 3 -1 3 0 4 -1 3 4 5 -1 6 0 2 -1 0 6 7 -1 0 7 4 -1 4 7 8 -1 9 10 11 -1 10 9 12 -1 10 12 13 -1 13 12 14 -1 13 14 15 -1 15 14 16 -1 1 17 18 -1 17 1 3 -1 17 3 19 -1 19 3 5 -1 20 21 22 -1 21 20 23 -1 23 20 24 -1 23 24 25 -1 25 24 26 -1 25 26 27 -1 28 7 6 -1 7 28 29 -1 7 29 8 -1 8 29 30 -1 31 28 32 -1 28 31 29 -1 29 31 33 -1 29 33 30 -1 34 31 32 -1 31 34 35 -1 31 35 33 -1 33 35 36 -1 37 34 38 -1 34 37 35 -1 35 37 39 -1 35 39 36 -1 17 38 18 -1 38 17 37 -1 37 17 19 -1 37 19 39 -1 "
														                >
															<Coordinate DEF="coords_ME_ID245"
															            point="20.054455 35.346245 12.234127 0.000000 1.783399 1.655483 0.251910 1.297359 2.893106 19.802544 35.832287 10.996503 47.383938 82.337097 25.125666 47.132027 82.823135 23.888041 1.235867 0.573689 3.445006 21.038410 34.622578 12.786026 48.367893 81.613426 25.677563 47.759731 82.786835 22.689678 49.883301 81.525780 22.784458 48.899345 82.249451 22.232559 47.132027 82.823135 23.888041 50.135212 81.039742 24.022081 47.383938 82.337097 25.125666 49.507507 81.076050 25.220446 48.367893 81.613426 25.677563 20.430246 35.795979 9.798141 0.627702 1.747094 0.457119 47.759731 82.786835 22.689678 2.751274 0.486040 0.551900 0.627702 1.747094 0.457119 1.767318 1.209710 0.000000 0.000000 1.783399 1.655483 3.003184 0.000000 1.789523 0.251910 1.297359 2.893106 2.375482 0.036306 2.987886 1.235867 0.573689 3.445006 2.375482 0.036306 2.987886 22.178026 34.085194 12.328907 49.507507 81.076050 25.220446 22.805729 34.048885 11.130543 3.003184 0.000000 1.789523 50.135212 81.039742 24.022081 2.751274 0.486040 0.551900 22.553818 34.534927 9.892920 49.883301 81.525780 22.784458 21.569860 35.258598 9.341021 1.767318 1.209710 0.000000 48.899345 82.249451 22.232559 "
															            />
														</IndexedFaceSet>
													</Shape>
												</Group>
											</Transform>
										</Transform>
										<Transform DEF="group_41_TRANSFORM"
										           translation="70.359077 24.034346 2.040421"
										           scale="1.000000 1.000000 1.000000"
										           rotation="0.000000 1.000000 0.000000 0.000000"
										           >
											<Transform DEF="group_41_ifs_TRANSFORM"
											           translation="0.000000 0.000044 0.000015"
											           scale="1.000000 1.000000 1.000000"
											           rotation="0.000000 1.000000 0.000000 0.000000"
											           >
												<Group DEF="group_ME_ID252">
													<Shape>
														<Appearance>
															<Material USE="MA_material_020" />
														</Appearance>
														<IndexedFaceSet solid="false"
														                coordIndex="0 1 2 -1 1 0 3 -1 1 3 4 -1 4 3 5 -1 6 7 8 -1 7 6 9 -1 9 6 10 -1 9 10 11 -1 11 10 12 -1 11 12 13 -1 14 3 0 -1 3 14 15 -1 3 15 5 -1 5 15 16 -1 17 18 19 -1 18 17 20 -1 18 20 21 -1 21 20 22 -1 21 22 23 -1 23 22 24 -1 1 25 2 -1 25 1 26 -1 26 1 4 -1 26 4 27 -1 26 28 25 -1 28 26 29 -1 29 26 27 -1 29 27 30 -1 29 31 28 -1 31 29 32 -1 32 29 30 -1 32 30 33 -1 32 34 31 -1 34 32 35 -1 35 32 33 -1 35 33 36 -1 34 37 38 -1 37 34 35 -1 37 35 39 -1 39 35 36 -1 38 15 14 -1 15 38 37 -1 15 37 16 -1 16 37 39 -1 "
														                >
															<Coordinate DEF="coords_ME_ID252"
															            point="1.537544 0.241228 3.401103 10.946244 33.936607 13.075766 0.387922 0.759811 2.903023 12.095865 33.418022 13.573845 25.900808 80.927460 27.484207 27.050430 80.408882 27.982286 2.988525 0.669593 0.498080 0.601016 1.429404 0.498080 1.838904 1.188176 0.000000 0.000000 1.251969 1.700551 3.376448 0.177435 1.700551 0.387922 0.759811 2.903023 2.775431 0.000000 2.903023 1.537544 0.241228 3.401103 2.775431 0.000000 2.903023 13.333753 33.176796 13.075766 28.288319 80.167648 27.484207 26.113903 81.597054 25.079264 28.501411 80.837242 25.079264 27.351789 81.355827 24.581184 25.512886 81.419617 26.281736 28.889334 80.345085 26.281736 25.900808 80.927460 27.484207 28.288319 80.167648 27.484207 27.050430 80.408882 27.982286 0.000000 1.251969 1.700551 10.558321 34.428764 11.873295 25.512886 81.419617 26.281736 0.601016 1.429404 0.498080 11.159337 34.606197 10.670823 26.113903 81.597054 25.079264 1.838904 1.188176 0.000000 12.397225 34.364971 10.172743 27.351789 81.355827 24.581184 2.988525 0.669593 0.498080 13.546847 33.846390 10.670823 28.501411 80.837242 25.079264 13.934769 33.354229 11.873295 3.376448 0.177435 1.700551 28.889334 80.345085 26.281736 "
															            />
														</IndexedFaceSet>
													</Shape>
												</Group>
											</Transform>
										</Transform>
										<Transform DEF="group_42_TRANSFORM"
										           translation="27.011837 21.856853 7.002518"
										           scale="1.000000 1.000000 1.000000"
										           rotation="0.000000 1.000000 0.000000 0.000000"
										           >
											<Transform DEF="group_42_ifs_TRANSFORM"
											           translation="0.000000 0.000043 0.000015"
											           scale="1.000000 1.000000 1.000000"
											           rotation="0.000000 1.000000 0.000000 0.000000"
											           >
												<Group DEF="group_ME_ID259_001">
													<Shape>
														<Appearance>
															<Material USE="MA_material_020" />
														</Appearance>
														<IndexedFaceSet solid="false"
														                coordIndex="0 1 2 -1 1 0 3 -1 3 0 4 -1 3 4 5 -1 5 4 6 -1 5 6 7 -1 8 9 10 -1 9 8 11 -1 9 11 12 -1 12 11 13 -1 14 11 8 -1 11 14 15 -1 11 15 13 -1 13 15 16 -1 17 14 18 -1 14 17 15 -1 15 17 19 -1 15 19 16 -1 20 17 18 -1 17 20 21 -1 17 21 19 -1 19 21 22 -1 23 20 24 -1 20 23 21 -1 21 23 25 -1 21 25 22 -1 26 24 27 -1 24 26 23 -1 23 26 28 -1 23 28 25 -1 29 26 27 -1 26 29 30 -1 26 30 28 -1 28 30 31 -1 9 29 10 -1 29 9 30 -1 30 9 12 -1 30 12 31 -1 32 33 34 -1 33 32 35 -1 33 35 36 -1 36 35 37 -1 36 37 38 -1 38 37 39 -1 "
														                >
															<Coordinate DEF="coords_ME_ID259_001"
															            point="69.680504 84.268631 20.129562 71.597443 82.655289 20.129562 70.699036 83.533325 19.619108 71.849457 82.148880 21.361906 69.138496 84.430489 21.361906 71.307449 82.310730 22.594252 69.390518 83.924072 22.594252 70.288918 83.046043 23.104706 1.150424 0.897162 3.485597 29.841864 36.933216 11.371716 0.252015 1.775193 2.975143 30.740274 36.055183 11.882171 69.390518 83.924072 22.594252 70.288918 83.046043 23.104706 2.168951 0.161853 2.975143 31.758802 35.319874 11.371716 71.307449 82.310730 22.594252 32.300808 35.158024 10.139371 2.710958 0.000000 1.742799 71.849457 82.148880 21.361906 2.458943 0.506415 0.510454 32.048794 35.664440 8.907027 71.597443 82.655289 20.129562 31.150385 36.542469 8.396573 1.560534 1.384446 0.000000 70.699036 83.533325 19.619108 30.131859 37.277779 8.907027 0.542006 2.119755 0.510454 69.680504 84.268631 20.129562 0.000000 2.281608 1.742799 29.589851 37.439632 10.139371 69.138496 84.430489 21.361906 2.458943 0.506415 0.510454 0.542006 2.119755 0.510454 1.560534 1.384446 0.000000 2.710958 0.000000 1.742799 0.000000 2.281608 1.742799 2.168951 0.161853 2.975143 0.252015 1.775193 2.975143 1.150424 0.897162 3.485597 "
															            />
														</IndexedFaceSet>
													</Shape>
												</Group>
											</Transform>
										</Transform>
										<Transform DEF="group_43_TRANSFORM"
										           translation="34.338360 22.296673 6.099808"
										           scale="1.000000 1.000000 1.000000"
										           rotation="0.000000 1.000000 0.000000 0.000000"
										           >
											<Transform DEF="group_43_ifs_TRANSFORM"
											           translation="0.000000 0.000043 0.000015"
											           scale="1.000000 1.000000 1.000000"
											           rotation="0.000000 1.000000 0.000000 0.000000"
											           >
												<Group DEF="group_ME_ID266">
													<Shape>
														<Appearance>
															<Material USE="MA_material_020" />
														</Appearance>
														<IndexedFaceSet solid="false"
														                coordIndex="0 1 2 -1 1 0 3 -1 3 0 4 -1 3 4 5 -1 5 4 6 -1 5 6 7 -1 8 9 10 -1 9 8 11 -1 9 11 12 -1 12 11 13 -1 9 14 10 -1 14 9 15 -1 15 9 12 -1 15 12 16 -1 14 17 18 -1 17 14 15 -1 17 15 19 -1 19 15 16 -1 17 20 18 -1 20 17 21 -1 21 17 19 -1 21 19 22 -1 21 23 20 -1 23 21 24 -1 24 21 22 -1 24 22 25 -1 23 26 27 -1 26 23 24 -1 26 24 28 -1 28 24 25 -1 26 29 27 -1 29 26 30 -1 30 26 28 -1 30 28 31 -1 29 11 8 -1 11 29 30 -1 11 30 13 -1 13 30 31 -1 32 33 34 -1 33 32 35 -1 33 35 36 -1 36 35 37 -1 36 37 38 -1 38 37 39 -1 "
														                >
															<Coordinate DEF="coords_ME_ID266"
															            point="2.561605 0.509099 0.508798 0.562362 2.019245 0.508798 1.623414 1.345498 0.000000 0.000000 2.135669 1.737144 2.827356 0.000000 1.737144 0.265751 1.626570 2.965491 2.264994 0.116424 2.965491 1.203943 0.790171 3.474289 1.203943 0.790171 3.474289 26.519888 36.383736 11.690849 0.265751 1.626570 2.965491 27.458078 35.547340 12.199648 62.014851 83.374588 23.487324 62.953037 82.538193 23.996122 0.000000 2.135669 1.737144 26.254135 36.892838 10.462503 61.749092 83.883690 22.258978 26.816498 36.776413 9.234156 0.562362 2.019245 0.508798 62.311459 83.767265 21.030632 1.623414 1.345498 0.000000 27.877548 36.102665 8.725359 63.372509 83.093521 20.521833 2.561605 0.509099 0.508798 28.815741 35.266266 9.234156 64.310699 82.257118 21.030632 29.081491 34.757168 10.462503 2.827356 0.000000 1.737144 64.576454 81.748024 22.258978 2.264994 0.116424 2.965491 28.519131 34.873589 11.690849 64.014091 81.864449 23.487324 62.311459 83.767265 21.030632 64.310699 82.257118 21.030632 63.372509 83.093521 20.521833 61.749092 83.883690 22.258978 64.576454 81.748024 22.258978 62.014851 83.374588 23.487324 64.014091 81.864449 23.487324 62.953037 82.538193 23.996122 "
															            />
														</IndexedFaceSet>
													</Shape>
												</Group>
											</Transform>
										</Transform>
										<Transform DEF="group_44_TRANSFORM"
										           translation="41.610435 22.709394 5.226395"
										           scale="1.000000 1.000000 1.000000"
										           rotation="0.000000 1.000000 0.000000 0.000000"
										           >
											<Transform DEF="group_44_ifs_TRANSFORM"
											           translation="0.000000 0.000043 0.000015"
											           scale="1.000000 1.000000 1.000000"
											           rotation="0.000000 1.000000 0.000000 0.000000"
											           >
												<Group DEF="group_ME_ID273">
													<Shape>
														<Appearance>
															<Material USE="MA_material_020" />
														</Appearance>
														<IndexedFaceSet solid="false"
														                coordIndex="0 1 2 -1 1 0 3 -1 1 3 4 -1 4 3 5 -1 6 7 8 -1 7 6 9 -1 7 9 10 -1 10 9 11 -1 10 11 12 -1 12 11 13 -1 14 0 15 -1 0 14 3 -1 3 14 16 -1 3 16 5 -1 17 18 19 -1 18 17 20 -1 20 17 21 -1 20 21 22 -1 22 21 23 -1 22 23 24 -1 1 25 2 -1 25 1 26 -1 26 1 4 -1 26 4 27 -1 28 14 15 -1 14 28 29 -1 14 29 16 -1 16 29 30 -1 26 31 25 -1 31 26 32 -1 32 26 27 -1 32 27 33 -1 31 34 35 -1 34 31 32 -1 34 32 36 -1 36 32 33 -1 34 37 35 -1 37 34 38 -1 38 34 36 -1 38 36 39 -1 37 29 28 -1 29 37 38 -1 29 38 30 -1 30 38 39 -1 "
														                >
															<Coordinate DEF="coords_ME_ID273"
															            point="0.000000 1.969557 1.730803 23.576075 36.294167 9.548279 0.580029 1.903463 0.506940 22.996046 36.360260 10.772141 54.997467 83.285027 21.902206 54.417439 83.351120 23.126068 2.662800 0.510776 0.506940 0.580029 1.903463 0.506940 1.682997 1.299216 0.000000 2.945483 0.000000 1.730803 0.000000 1.969557 1.730803 2.365454 0.066094 2.954665 0.282683 1.458781 2.954665 1.262486 0.670341 3.461605 23.278728 35.849483 11.996003 0.282683 1.458781 2.954665 54.700123 82.840340 24.349930 54.997467 83.285027 21.902206 57.080238 81.892334 21.902206 56.100433 82.680779 21.395266 57.362923 81.381561 23.126068 54.417439 83.351120 23.126068 56.782890 81.447655 24.349930 54.700123 82.840340 24.349930 55.679924 82.051903 24.856871 1.682997 1.299216 0.000000 24.679043 35.689922 9.041339 56.100433 82.680779 21.395266 1.262486 0.670341 3.461605 24.258530 35.061047 12.502944 55.679924 82.051903 24.856871 2.662800 0.510776 0.506940 25.658846 34.901482 9.548279 57.080238 81.892334 21.902206 25.941530 34.390705 10.772141 2.945483 0.000000 1.730803 57.362923 81.381561 23.126068 2.365454 0.066094 2.954665 25.361500 34.456799 11.996003 56.782890 81.447655 24.349930 "
															            />
														</IndexedFaceSet>
													</Shape>
												</Group>
											</Transform>
										</Transform>
										<Transform DEF="group_44_001_TRANSFORM"
										           translation="41.610435 22.709394 5.226395"
										           scale="1.000000 1.000000 1.000000"
										           rotation="0.000000 1.000000 0.000000 0.000000"
										           >
											<Transform DEF="group_44_001_ifs_TRANSFORM"
											           translation="0.000000 0.000043 0.000015"
											           scale="1.000000 1.000000 1.000000"
											           rotation="0.000000 1.000000 0.000000 0.000000"
											           >
												<Group DEF="group_ME_ID279_002">
												</Group>
											</Transform>
										</Transform>
										<Transform DEF="instance_7_TRANSFORM"
										           translation="47.848076 7.173383 4.637589"
										           scale="1.000000 1.000000 1.000000"
										           rotation="0.329823 -0.076882 -0.940907 0.485703"
										           >
											<Transform DEF="instance_7_ifs_TRANSFORM"
											           translation="-0.000048 -0.000159 0.000107"
											           scale="1.000000 1.000000 1.000000"
											           rotation="0.000000 -0.000000 -0.000000 0.000000"
											           >
												<Group DEF="group_ME_ID285_001">
													<Shape>
														<Appearance>
														</Appearance>
														<IndexedFaceSet solid="false"
														                coordIndex="0 1 2 -1 1 0 3 -1 4 5 6 -1 5 4 7 -1 5 7 8 -1 8 7 9 -1 8 9 10 -1 10 9 11 -1 12 13 14 -1 13 12 15 -1 16 17 18 -1 17 16 19 -1 19 16 20 -1 19 20 21 -1 19 21 22 -1 22 21 23 -1 24 25 26 -1 25 24 27 -1 28 29 30 -1 29 28 31 -1 29 31 32 -1 33 34 35 -1 34 33 36 -1 36 33 37 -1 36 37 38 -1 36 38 39 -1 36 39 40 -1 36 40 41 -1 36 41 42 -1 43 44 45 -1 44 43 46 -1 47 48 49 -1 48 47 50 -1 51 52 53 -1 52 51 54 -1 55 56 57 -1 56 55 58 -1 58 55 59 -1 60 61 62 -1 61 60 63 -1 64 65 66 -1 65 64 67 -1 67 64 68 -1 68 64 69 -1 70 71 72 -1 71 70 73 -1 71 73 74 -1 75 76 77 -1 76 75 78 -1 79 80 81 -1 80 79 82 -1 83 84 85 -1 84 83 86 -1 87 88 89 -1 88 87 90 -1 90 87 91 -1 92 93 94 -1 93 92 95 -1 95 92 96 -1 96 92 97 -1 "
														                >
															<Coordinate DEF="coords_ME_ID285_001"
															            point="2.480315 19.291338 0.000000 0.000000 3.228347 -0.000000 0.000000 19.291338 0.000000 2.480315 3.228347 -0.000000 0.000000 2.716535 2.834646 0.000000 3.228347 -0.000000 -0.000000 2.716535 0.026997 0.000000 19.291338 2.834646 0.000000 19.291338 0.000000 0.000000 55.511810 2.834646 0.000000 19.360210 -0.784384 0.000000 55.580681 2.050262 2.480315 19.360210 -0.784384 0.000000 19.291338 0.000000 0.000000 19.360210 -0.784384 2.480315 19.291338 0.000000 2.480315 3.228347 -0.000000 2.480315 2.716535 2.834646 2.480315 2.716535 0.026997 2.480315 19.291338 2.834646 2.480315 19.291338 0.000000 2.480315 19.360210 -0.784384 2.480315 55.511810 2.834646 2.480315 55.580681 2.050262 0.000000 3.228347 -0.000000 2.480315 2.716535 0.026997 -0.000000 2.716535 0.026997 2.480315 3.228347 -0.000000 0.077814 -0.414544 2.834646 0.071080 -0.143585 0.177860 0.077814 -0.414544 0.219149 0.000000 2.716535 2.834646 -0.000000 2.716535 0.026997 0.077814 -0.414544 2.834646 0.000000 19.291338 2.834646 0.000000 2.716535 2.834646 2.480315 19.291338 2.834646 0.233441 -2.582214 2.834646 0.496063 -3.937008 2.834646 1.984252 -3.937008 2.834646 2.246873 -2.582214 2.834646 2.402501 -0.414544 2.834646 2.480315 2.716535 2.834646 2.480315 19.291338 2.834646 0.000000 55.511810 2.834646 0.000000 19.291338 2.834646 2.480315 55.511810 2.834646 0.000000 55.511810 2.834646 2.480315 55.580681 2.050262 0.000000 55.580681 2.050262 2.480315 55.511810 2.834646 2.480315 55.580681 2.050262 0.000000 19.360210 -0.784384 0.000000 55.580681 2.050262 2.480315 19.360210 -0.784384 2.409235 -0.143585 0.177860 2.402501 -0.414544 2.834646 2.402501 -0.414544 0.219149 2.480315 2.716535 2.834646 2.480315 2.716535 0.026997 2.480315 2.716535 0.026997 0.071080 -0.143585 0.177860 -0.000000 2.716535 0.026997 2.409235 -0.143585 0.177860 2.409235 -0.143585 0.177860 0.077814 -0.414544 0.219149 0.071080 -0.143585 0.177860 0.225959 -2.477999 0.533580 2.254356 -2.477999 0.533580 2.402501 -0.414544 0.219149 0.233441 -2.582214 2.834646 0.225959 -2.477999 0.533580 0.233441 -2.582214 0.576457 0.077814 -0.414544 2.834646 0.077814 -0.414544 0.219149 0.233441 -2.582214 2.834646 0.496063 -3.937008 1.133858 0.496063 -3.937008 2.834646 0.233441 -2.582214 0.576457 1.984252 -3.937008 1.133858 0.496063 -3.937008 2.834646 0.496063 -3.937008 1.133858 1.984252 -3.937008 2.834646 1.984252 -3.937008 1.133858 2.246873 -2.582214 2.834646 1.984252 -3.937008 2.834646 2.246873 -2.582214 0.576457 2.254356 -2.477999 0.533580 2.246873 -2.582214 2.834646 2.246873 -2.582214 0.576457 2.402501 -0.414544 2.834646 2.402501 -0.414544 0.219149 2.254356 -2.477999 0.533580 0.233441 -2.582214 0.576457 0.225959 -2.477999 0.533580 0.496063 -3.937008 1.133858 1.984252 -3.937008 1.133858 2.246873 -2.582214 0.576457 "
															            />
														</IndexedFaceSet>
													</Shape>
												</Group>
											</Transform>
										</Transform>
										<Transform DEF="instance_8_TRANSFORM"
										           translation="6.715490 8.998577 10.721940"
										           scale="1.000000 1.000000 1.000000"
										           rotation="0.097714 -0.038273 -0.994478 0.750406"
										           >
											<Transform DEF="instance_8_ifs_TRANSFORM"
											           translation="-0.000005 0.000012 -0.000017"
											           scale="1.000000 1.000000 1.000000"
											           rotation="-0.000000 -0.000000 0.000000 0.000000"
											           >
												<Group DEF="group_ME_ID293_003">
													<Shape>
														<Appearance>
														</Appearance>
														<IndexedFaceSet solid="false"
														                coordIndex="0 1 2 -1 1 0 3 -1 4 5 6 -1 5 4 7 -1 5 7 8 -1 8 7 9 -1 8 9 10 -1 10 9 11 -1 12 13 14 -1 13 12 15 -1 16 17 18 -1 17 16 19 -1 19 16 20 -1 19 20 21 -1 19 21 22 -1 22 21 23 -1 24 25 26 -1 25 24 27 -1 28 29 30 -1 29 28 31 -1 29 31 32 -1 33 34 35 -1 34 33 36 -1 36 33 37 -1 36 37 38 -1 36 38 39 -1 36 39 40 -1 36 40 41 -1 36 41 42 -1 43 44 45 -1 44 43 46 -1 47 48 49 -1 48 47 50 -1 51 52 53 -1 52 51 54 -1 55 56 57 -1 56 55 58 -1 58 55 59 -1 60 61 62 -1 61 60 63 -1 64 65 66 -1 65 64 67 -1 67 64 68 -1 68 64 69 -1 70 71 72 -1 71 70 73 -1 71 73 74 -1 75 76 77 -1 76 75 78 -1 79 80 81 -1 80 79 82 -1 83 84 85 -1 84 83 86 -1 87 88 89 -1 88 87 90 -1 90 87 91 -1 92 93 94 -1 93 92 95 -1 95 92 96 -1 96 92 97 -1 "
														                >
															<Coordinate DEF="coords_ME_ID293_003"
															            point="2.480315 19.291338 0.000000 0.000000 -3.070866 -0.000000 0.000000 19.291338 0.000000 2.480315 -3.070866 -0.000000 0.000000 -3.582677 2.834646 0.000000 -3.070866 -0.000000 0.000000 -3.582677 0.026997 0.000000 19.291338 2.834646 0.000000 19.291338 0.000000 0.000000 61.811020 2.834646 0.000000 19.360210 -0.784384 0.000000 61.879894 2.050262 2.480315 19.291338 0.000000 0.000000 19.360210 -0.784384 2.480315 19.360210 -0.784384 0.000000 19.291338 0.000000 2.480315 -3.070866 -0.000000 2.480315 -3.582677 2.834646 2.480315 -3.582677 0.026997 2.480315 19.291338 2.834646 2.480315 19.291338 0.000000 2.480315 19.360210 -0.784384 2.480315 61.811020 2.834646 2.480315 61.879894 2.050262 2.480315 -3.070866 -0.000000 0.000000 -3.582677 0.026997 0.000000 -3.070866 -0.000000 2.480315 -3.582677 0.026997 0.077814 -6.713757 2.834646 0.071080 -6.442798 0.177860 0.077814 -6.713757 0.219149 0.000000 -3.582677 2.834646 0.000000 -3.582677 0.026997 0.077814 -6.713757 2.834646 0.000000 19.291338 2.834646 0.000000 -3.582677 2.834646 2.480315 19.291338 2.834646 0.233441 -8.881427 2.834646 0.496063 -10.236220 2.834646 1.984252 -10.236220 2.834646 2.246873 -8.881427 2.834646 2.402501 -6.713757 2.834646 2.480315 -3.582677 2.834646 2.480315 19.291338 2.834646 0.000000 61.811020 2.834646 0.000000 19.291338 2.834646 2.480315 61.811020 2.834646 0.000000 61.811020 2.834646 2.480315 61.879894 2.050262 0.000000 61.879894 2.050262 2.480315 61.811020 2.834646 2.480315 61.879894 2.050262 0.000000 19.360210 -0.784384 0.000000 61.879894 2.050262 2.480315 19.360210 -0.784384 2.409235 -6.442798 0.177860 2.402501 -6.713757 2.834646 2.402501 -6.713757 0.219149 2.480315 -3.582677 2.834646 2.480315 -3.582677 0.026997 2.480315 -3.582677 0.026997 0.071080 -6.442798 0.177860 0.000000 -3.582677 0.026997 2.409235 -6.442798 0.177860 2.409235 -6.442798 0.177860 0.077814 -6.713757 0.219149 0.071080 -6.442798 0.177860 0.225959 -8.777212 0.533580 2.254356 -8.777212 0.533580 2.402501 -6.713757 0.219149 0.233441 -8.881427 2.834646 0.225959 -8.777212 0.533580 0.233441 -8.881427 0.576457 0.077814 -6.713757 2.834646 0.077814 -6.713757 0.219149 0.233441 -8.881427 2.834646 0.496063 -10.236220 1.133858 0.496063 -10.236220 2.834646 0.233441 -8.881427 0.576457 1.984252 -10.236220 2.834646 0.496063 -10.236220 1.133858 1.984252 -10.236220 1.133858 0.496063 -10.236220 2.834646 1.984252 -10.236220 1.133858 2.246873 -8.881427 2.834646 1.984252 -10.236220 2.834646 2.246873 -8.881427 0.576457 2.254356 -8.777212 0.533580 2.246873 -8.881427 2.834646 2.246873 -8.881427 0.576457 2.402501 -6.713757 2.834646 2.402501 -6.713757 0.219149 2.254356 -8.777212 0.533580 0.233441 -8.881427 0.576457 0.225959 -8.777212 0.533580 0.496063 -10.236220 1.133858 1.984252 -10.236220 1.133858 2.246873 -8.881427 0.576457 "
															            />
														</IndexedFaceSet>
													</Shape>
												</Group>
											</Transform>
										</Transform>
										<Transform DEF="instance_9_TRANSFORM"
										           translation="31.167179 7.999188 7.001359"
										           scale="1.000000 1.000000 1.000000"
										           rotation="0.206015 -0.062413 -0.976558 0.601621"
										           >
											<Transform DEF="instance_9_ifs_TRANSFORM"
											           translation="0.000022 -0.000033 0.000016"
											           scale="1.000000 1.000000 1.000000"
											           rotation="0.000000 -0.000000 0.000000 0.000000"
											           >
												<Group DEF="group_ME_ID301">
													<Shape>
														<Appearance>
														</Appearance>
														<IndexedFaceSet solid="false"
														                coordIndex="0 1 2 -1 1 0 3 -1 4 5 6 -1 5 4 7 -1 5 7 8 -1 8 7 9 -1 9 7 10 -1 9 10 11 -1 12 13 14 -1 13 12 15 -1 16 17 18 -1 17 16 19 -1 19 16 20 -1 19 20 21 -1 19 21 22 -1 22 21 23 -1 24 25 26 -1 25 24 27 -1 28 29 30 -1 29 28 31 -1 29 31 32 -1 33 34 35 -1 34 33 36 -1 36 33 37 -1 36 37 38 -1 36 38 39 -1 36 39 40 -1 36 40 41 -1 36 41 42 -1 43 44 45 -1 44 43 46 -1 47 48 49 -1 48 47 50 -1 51 52 53 -1 52 51 54 -1 55 56 57 -1 56 55 58 -1 58 55 59 -1 60 61 62 -1 61 60 63 -1 64 65 66 -1 65 64 67 -1 67 64 68 -1 68 64 69 -1 70 71 72 -1 71 70 73 -1 71 73 74 -1 75 76 77 -1 76 75 78 -1 79 80 81 -1 80 79 82 -1 83 84 85 -1 84 83 86 -1 87 88 89 -1 88 87 90 -1 90 87 91 -1 92 93 94 -1 93 92 95 -1 95 92 96 -1 96 92 97 -1 "
														                >
															<Coordinate DEF="coords_ME_ID301"
															            point="2.480315 19.291338 0.000000 0.000000 1.259843 -0.000000 0.000000 19.291338 0.000000 2.480315 1.259843 -0.000000 -0.000000 0.748031 2.834646 0.000000 1.259843 -0.000000 0.000000 0.748031 0.026997 0.000000 19.291338 2.834646 0.000000 19.291338 0.000000 0.000000 19.360210 -0.784384 0.000000 57.480312 2.834646 0.000000 57.549191 2.050262 2.480315 19.291338 0.000000 0.000000 19.360210 -0.784384 2.480315 19.360210 -0.784384 0.000000 19.291338 0.000000 2.480315 1.259843 -0.000000 2.480315 0.748031 2.834646 2.480315 0.748031 0.026997 2.480315 19.291338 2.834646 2.480315 19.291338 0.000000 2.480315 19.360210 -0.784384 2.480315 57.480312 2.834646 2.480315 57.549191 2.050262 2.480315 1.259843 -0.000000 0.000000 0.748031 0.026997 0.000000 1.259843 -0.000000 2.480315 0.748031 0.026997 0.077814 -2.383048 2.834646 0.071080 -2.112089 0.177860 0.077814 -2.383048 0.219149 -0.000000 0.748031 2.834646 0.000000 0.748031 0.026997 0.077814 -2.383048 2.834646 0.000000 19.291338 2.834646 -0.000000 0.748031 2.834646 2.480315 19.291338 2.834646 0.233441 -4.550718 2.834646 0.496063 -5.905512 2.834646 1.984252 -5.905512 2.834646 2.246873 -4.550718 2.834646 2.402501 -2.383048 2.834646 2.480315 0.748031 2.834646 2.480315 19.291338 2.834646 0.000000 57.480312 2.834646 0.000000 19.291338 2.834646 2.480315 57.480312 2.834646 0.000000 57.480312 2.834646 2.480315 57.549191 2.050262 0.000000 57.549191 2.050262 2.480315 57.480312 2.834646 2.480315 57.549191 2.050262 0.000000 19.360210 -0.784384 0.000000 57.549191 2.050262 2.480315 19.360210 -0.784384 2.409235 -2.112089 0.177860 2.402501 -2.383048 2.834646 2.402501 -2.383048 0.219149 2.480315 0.748031 2.834646 2.480315 0.748031 0.026997 2.480315 0.748031 0.026997 0.071080 -2.112089 0.177860 0.000000 0.748031 0.026997 2.409235 -2.112089 0.177860 2.409235 -2.112089 0.177860 0.077814 -2.383048 0.219149 0.071080 -2.112089 0.177860 0.225959 -4.446503 0.533580 2.254356 -4.446503 0.533580 2.402501 -2.383048 0.219149 0.233441 -4.550718 2.834646 0.225959 -4.446503 0.533580 0.233441 -4.550718 0.576457 0.077814 -2.383048 2.834646 0.077814 -2.383048 0.219149 0.233441 -4.550718 2.834646 0.496063 -5.905512 1.133858 0.496063 -5.905512 2.834646 0.233441 -4.550718 0.576457 1.984252 -5.905512 2.834646 0.496063 -5.905512 1.133858 1.984252 -5.905512 1.133858 0.496063 -5.905512 2.834646 1.984252 -5.905512 1.133858 2.246873 -4.550718 2.834646 1.984252 -5.905512 2.834646 2.246873 -4.550718 0.576457 2.254356 -4.446503 0.533580 2.246873 -4.550718 2.834646 2.246873 -4.550718 0.576457 2.402501 -2.383048 2.834646 2.402501 -2.383048 0.219149 2.254356 -4.446503 0.533580 0.233441 -4.550718 0.576457 0.225959 -4.446503 0.533580 0.496063 -5.905512 1.133858 1.984252 -5.905512 1.133858 2.246873 -4.550718 0.576457 "
															            />
														</IndexedFaceSet>
													</Shape>
												</Group>
											</Transform>
										</Transform>
										<Transform DEF="instance_10_TRANSFORM"
										           translation="22.960009 8.383221 8.224748"
										           scale="1.000000 1.000000 1.000000"
										           rotation="0.162376 -0.054335 -0.985232 0.654834"
										           >
											<Transform DEF="instance_10_ifs_TRANSFORM"
											           translation="0.000112 -0.000001 0.000009"
											           scale="1.000000 1.000000 1.000000"
											           rotation="0.000000 0.000000 0.000000 0.000000"
											           >
												<Group DEF="group_ME_ID309">
													<Shape>
														<Appearance>
														</Appearance>
														<IndexedFaceSet solid="false"
														                coordIndex="0 1 2 -1 1 0 3 -1 4 5 6 -1 5 4 7 -1 5 7 8 -1 8 7 9 -1 8 9 10 -1 10 9 11 -1 12 13 14 -1 13 12 15 -1 16 17 18 -1 17 16 19 -1 19 16 20 -1 19 20 21 -1 21 20 22 -1 21 22 23 -1 24 25 26 -1 25 24 27 -1 28 29 30 -1 29 28 31 -1 29 31 32 -1 33 34 35 -1 34 33 36 -1 36 33 37 -1 36 37 38 -1 36 38 39 -1 36 39 40 -1 36 40 41 -1 36 41 42 -1 43 44 45 -1 44 43 46 -1 47 48 49 -1 48 47 50 -1 51 52 53 -1 52 51 54 -1 55 56 57 -1 56 55 58 -1 58 55 59 -1 60 61 62 -1 61 60 63 -1 64 65 66 -1 65 64 67 -1 67 64 68 -1 68 64 69 -1 70 71 72 -1 71 70 73 -1 71 73 74 -1 75 76 77 -1 76 75 78 -1 79 80 81 -1 80 79 82 -1 83 84 85 -1 84 83 86 -1 87 88 89 -1 88 87 90 -1 90 87 91 -1 92 93 94 -1 93 92 95 -1 95 92 96 -1 96 92 97 -1 "
														                >
															<Coordinate DEF="coords_ME_ID309"
															            point="2.480315 19.291338 0.000000 0.000000 -0.314961 -0.000000 0.000000 19.291338 0.000000 2.480315 -0.314961 -0.000000 0.000000 -0.826772 2.834646 0.000000 -0.314961 -0.000000 0.000000 -0.826772 0.026997 0.000000 19.291338 2.834646 0.000000 19.291338 0.000000 0.000000 59.055119 2.834646 -0.000000 19.360210 -0.784384 -0.000000 59.123989 2.050262 2.480315 19.291338 0.000000 -0.000000 19.360210 -0.784384 2.480315 19.360210 -0.784384 0.000000 19.291338 0.000000 2.480315 -0.314961 -0.000000 2.480315 -0.826772 2.834646 2.480315 -0.826772 0.026997 2.480315 19.291338 2.834646 2.480315 19.291338 0.000000 2.480315 59.055119 2.834646 2.480315 19.360210 -0.784384 2.480315 59.123989 2.050262 2.480315 -0.314961 -0.000000 0.000000 -0.826772 0.026997 0.000000 -0.314961 -0.000000 2.480315 -0.826772 0.026997 0.077814 -3.957851 2.834646 0.071080 -3.686892 0.177860 0.077814 -3.957851 0.219149 0.000000 -0.826772 2.834646 0.000000 -0.826772 0.026997 0.077814 -3.957851 2.834646 0.000000 19.291338 2.834646 0.000000 -0.826772 2.834646 2.480315 19.291338 2.834646 0.233441 -6.125521 2.834646 0.496063 -7.480315 2.834646 1.984252 -7.480315 2.834646 2.246873 -6.125521 2.834646 2.402501 -3.957851 2.834646 2.480315 -0.826772 2.834646 2.480315 19.291338 2.834646 0.000000 59.055119 2.834646 0.000000 19.291338 2.834646 2.480315 59.055119 2.834646 0.000000 59.055119 2.834646 2.480315 59.123989 2.050262 -0.000000 59.123989 2.050262 2.480315 59.055119 2.834646 2.480315 59.123989 2.050262 -0.000000 19.360210 -0.784384 -0.000000 59.123989 2.050262 2.480315 19.360210 -0.784384 2.409235 -3.686892 0.177860 2.402501 -3.957851 2.834646 2.402501 -3.957851 0.219149 2.480315 -0.826772 2.834646 2.480315 -0.826772 0.026997 2.480315 -0.826772 0.026997 0.071080 -3.686892 0.177860 0.000000 -0.826772 0.026997 2.409235 -3.686892 0.177860 2.409235 -3.686892 0.177860 0.077814 -3.957851 0.219149 0.071080 -3.686892 0.177860 0.225959 -6.021307 0.533580 2.254356 -6.021307 0.533580 2.402501 -3.957851 0.219149 0.233441 -6.125521 2.834646 0.225959 -6.021307 0.533580 0.233441 -6.125521 0.576457 0.077814 -3.957851 2.834646 0.077814 -3.957851 0.219149 0.233441 -6.125521 2.834646 0.496063 -7.480315 1.133858 0.496063 -7.480315 2.834646 0.233441 -6.125521 0.576457 1.984252 -7.480315 2.834646 0.496063 -7.480315 1.133858 1.984252 -7.480315 1.133858 0.496063 -7.480315 2.834646 1.984252 -7.480315 1.133858 2.246873 -6.125521 2.834646 1.984252 -7.480315 2.834646 2.246873 -6.125521 0.576457 2.254356 -6.021307 0.533580 2.246873 -6.125521 2.834646 2.246873 -6.125521 0.576457 2.402501 -3.957851 2.834646 2.402501 -3.957851 0.219149 2.254356 -6.021307 0.533580 0.233441 -6.125521 0.576457 0.225959 -6.021307 0.533580 0.496063 -7.480315 1.133858 1.984252 -7.480315 1.133858 2.246873 -6.125521 0.576457 "
															            />
														</IndexedFaceSet>
													</Shape>
												</Group>
											</Transform>
										</Transform>
										<Transform DEF="instance_11_TRANSFORM"
										           translation="14.814266 8.717449 9.466935"
										           scale="1.000000 1.000000 1.000000"
										           rotation="0.126912 -0.046217 -0.990837 0.704419"
										           >
											<Transform DEF="instance_11_ifs_TRANSFORM"
											           translation="0.000147 0.000080 0.000029"
											           scale="1.000000 1.000000 1.000000"
											           rotation="-0.000000 0.000000 0.000000 0.000000"
											           >
												<Group DEF="group_ME_ID317">
													<Shape>
														<Appearance>
														</Appearance>
														<IndexedFaceSet solid="false"
														                coordIndex="0 1 2 -1 1 0 3 -1 4 5 6 -1 5 4 7 -1 5 7 8 -1 8 7 9 -1 9 7 10 -1 9 10 11 -1 12 13 14 -1 13 12 15 -1 16 17 18 -1 17 16 19 -1 19 16 20 -1 19 20 21 -1 19 21 22 -1 22 21 23 -1 24 25 26 -1 25 24 27 -1 28 29 30 -1 29 28 31 -1 29 31 32 -1 33 34 35 -1 34 33 36 -1 36 33 37 -1 36 37 38 -1 36 38 39 -1 36 39 40 -1 36 40 41 -1 36 41 42 -1 43 44 45 -1 44 43 46 -1 47 48 49 -1 48 47 50 -1 51 52 53 -1 52 51 54 -1 55 56 57 -1 56 55 58 -1 58 55 59 -1 60 61 62 -1 61 60 63 -1 64 65 66 -1 65 64 67 -1 67 64 68 -1 68 64 69 -1 70 71 72 -1 71 70 73 -1 71 73 74 -1 75 76 77 -1 76 75 78 -1 79 80 81 -1 80 79 82 -1 83 84 85 -1 84 83 86 -1 87 88 89 -1 88 87 90 -1 90 87 91 -1 92 93 94 -1 93 92 95 -1 95 92 96 -1 96 92 97 -1 "
														                >
															<Coordinate DEF="coords_ME_ID317"
															            point="2.480315 19.291338 0.000000 0.000000 -1.496063 -0.000000 0.000000 19.291338 0.000000 2.480315 -1.496063 -0.000000 -0.000000 -2.007874 2.834646 0.000000 -1.496063 -0.000000 0.000000 -2.007874 0.026997 0.000000 19.291338 2.834646 0.000000 19.291338 0.000000 0.000000 19.360210 -0.784384 0.000000 60.236217 2.834646 0.000000 60.305092 2.050262 2.480315 19.291338 0.000000 0.000000 19.360210 -0.784384 2.480315 19.360210 -0.784384 0.000000 19.291338 0.000000 2.480315 -1.496063 -0.000000 2.480315 -2.007874 2.834646 2.480315 -2.007874 0.026997 2.480315 19.291338 2.834646 2.480315 19.291338 0.000000 2.480315 19.360210 -0.784384 2.480315 60.236217 2.834646 2.480315 60.305092 2.050262 2.480315 -1.496063 -0.000000 0.000000 -2.007874 0.026997 0.000000 -1.496063 -0.000000 2.480315 -2.007874 0.026997 0.077814 -5.138953 2.834646 0.071080 -4.867994 0.177860 0.077814 -5.138953 0.219149 -0.000000 -2.007874 2.834646 0.000000 -2.007874 0.026997 0.077814 -5.138953 2.834646 0.000000 19.291338 2.834646 -0.000000 -2.007874 2.834646 2.480315 19.291338 2.834646 0.233441 -7.306623 2.834646 0.496063 -8.661417 2.834646 1.984252 -8.661417 2.834646 2.246873 -7.306623 2.834646 2.402501 -5.138953 2.834646 2.480315 -2.007874 2.834646 2.480315 19.291338 2.834646 0.000000 60.236217 2.834646 0.000000 19.291338 2.834646 2.480315 60.236217 2.834646 0.000000 60.236217 2.834646 2.480315 60.305092 2.050262 0.000000 60.305092 2.050262 2.480315 60.236217 2.834646 2.480315 60.305092 2.050262 0.000000 19.360210 -0.784384 0.000000 60.305092 2.050262 2.480315 19.360210 -0.784384 2.409235 -4.867994 0.177860 2.402501 -5.138953 2.834646 2.402501 -5.138953 0.219149 2.480315 -2.007874 2.834646 2.480315 -2.007874 0.026997 2.480315 -2.007874 0.026997 0.071080 -4.867994 0.177860 0.000000 -2.007874 0.026997 2.409235 -4.867994 0.177860 2.409235 -4.867994 0.177860 0.077814 -5.138953 0.219149 0.071080 -4.867994 0.177860 0.225959 -7.202408 0.533580 2.254356 -7.202408 0.533580 2.402501 -5.138953 0.219149 0.233441 -7.306623 2.834646 0.225959 -7.202408 0.533580 0.233441 -7.306623 0.576457 0.077814 -5.138953 2.834646 0.077814 -5.138953 0.219149 0.233441 -7.306623 2.834646 0.496063 -8.661417 1.133858 0.496063 -8.661417 2.834646 0.233441 -7.306623 0.576457 1.984252 -8.661417 2.834646 0.496063 -8.661417 1.133858 1.984252 -8.661417 1.133858 0.496063 -8.661417 2.834646 1.984252 -8.661417 1.133858 2.246873 -7.306623 2.834646 1.984252 -8.661417 2.834646 2.246873 -7.306623 0.576457 2.254356 -7.202408 0.533580 2.246873 -7.306623 2.834646 2.246873 -7.306623 0.576457 2.402501 -5.138953 2.834646 2.402501 -5.138953 0.219149 2.254356 -7.202408 0.533580 0.233441 -7.306623 0.576457 0.225959 -7.202408 0.533580 0.496063 -8.661417 1.133858 1.984252 -8.661417 1.133858 2.246873 -7.306623 0.576457 "
															            />
														</IndexedFaceSet>
													</Shape>
												</Group>
											</Transform>
										</Transform>
										<Transform DEF="instance_12_TRANSFORM"
										           translation="91.257156 5.829635 -0.385787"
										           scale="1.000000 1.000000 1.000000"
										           rotation="0.976071 -0.025501 -0.215967 0.240771"
										           >
											<Transform DEF="instance_12_ifs_TRANSFORM"
											           translation="-0.000001 0.000038 -0.000025"
											           scale="1.000000 1.000000 1.000000"
											           rotation="-0.000000 0.000000 0.000000 0.000000"
											           >
												<Group DEF="group_ME_ID325">
													<Shape>
														<Appearance>
														</Appearance>
														<IndexedFaceSet solid="false"
														                coordIndex="0 1 2 -1 1 0 3 -1 4 5 6 -1 5 4 7 -1 5 7 8 -1 8 7 9 -1 9 7 10 -1 9 10 11 -1 12 13 14 -1 13 12 15 -1 16 17 18 -1 17 16 19 -1 19 16 20 -1 19 20 21 -1 19 21 22 -1 22 21 23 -1 24 25 26 -1 25 24 27 -1 28 29 30 -1 29 28 31 -1 29 31 32 -1 33 34 35 -1 34 33 36 -1 36 33 37 -1 36 37 38 -1 36 38 39 -1 36 39 40 -1 36 40 41 -1 36 41 42 -1 43 44 45 -1 44 43 46 -1 47 48 49 -1 48 47 50 -1 51 52 53 -1 52 51 54 -1 55 56 57 -1 56 55 58 -1 58 55 59 -1 60 61 62 -1 61 60 63 -1 64 65 66 -1 65 64 67 -1 67 64 68 -1 68 64 69 -1 70 71 72 -1 71 70 73 -1 73 70 74 -1 75 76 77 -1 76 75 78 -1 79 80 81 -1 80 79 82 -1 83 84 85 -1 84 83 86 -1 87 88 89 -1 88 87 90 -1 90 87 91 -1 92 93 94 -1 93 92 95 -1 95 92 96 -1 96 92 97 -1 "
														                >
															<Coordinate DEF="coords_ME_ID325"
															            point="2.480315 19.291338 0.000000 -0.000000 6.574803 -0.000000 -0.000000 19.291338 0.000000 2.480315 6.574803 -0.000000 -0.000000 6.062992 2.834646 -0.000000 6.574803 -0.000000 -0.000000 6.062992 0.026997 -0.000000 19.291338 2.834646 -0.000000 19.291338 0.000000 0.000000 19.360210 -0.784384 0.000000 52.165352 2.834646 -0.000000 52.234226 2.050262 2.480315 19.291338 0.000000 0.000000 19.360210 -0.784384 2.480315 19.360210 -0.784384 -0.000000 19.291338 0.000000 2.480315 6.574803 -0.000000 2.480315 6.062992 2.834646 2.480315 6.062992 0.026997 2.480315 19.291338 2.834646 2.480315 19.291338 0.000000 2.480315 19.360210 -0.784384 2.480315 52.165352 2.834646 2.480315 52.234226 2.050262 2.480315 6.574803 -0.000000 -0.000000 6.062992 0.026997 -0.000000 6.574803 -0.000000 2.480315 6.062992 0.026997 0.077814 2.931913 2.834646 0.071080 3.202872 0.177860 0.077814 2.931913 0.219149 -0.000000 6.062992 2.834646 -0.000000 6.062992 0.026997 0.077814 2.931913 2.834646 -0.000000 19.291338 2.834646 -0.000000 6.062992 2.834646 2.480315 19.291338 2.834646 0.233441 0.764243 2.834646 0.496063 -0.590551 2.834646 1.984252 -0.590551 2.834646 2.246873 0.764243 2.834646 2.402501 2.931913 2.834646 2.480315 6.062992 2.834646 2.480315 19.291338 2.834646 0.000000 52.165352 2.834646 -0.000000 19.291338 2.834646 2.480315 52.165352 2.834646 0.000000 52.165352 2.834646 2.480315 52.234226 2.050262 -0.000000 52.234226 2.050262 2.480315 52.165352 2.834646 2.480315 52.234226 2.050262 0.000000 19.360210 -0.784384 -0.000000 52.234226 2.050262 2.480315 19.360210 -0.784384 2.409235 3.202872 0.177860 2.402501 2.931913 2.834646 2.402501 2.931913 0.219149 2.480315 6.062992 2.834646 2.480315 6.062992 0.026997 2.480315 6.062992 0.026997 0.071080 3.202872 0.177860 -0.000000 6.062992 0.026997 2.409235 3.202872 0.177860 2.409235 3.202872 0.177860 0.077814 2.931913 0.219149 0.071080 3.202872 0.177860 0.225959 0.868458 0.533580 2.254356 0.868458 0.533580 2.402501 2.931913 0.219149 0.077814 2.931913 2.834646 0.233441 0.764243 0.576457 0.233441 0.764243 2.834646 0.225959 0.868458 0.533580 0.077814 2.931913 0.219149 0.233441 0.764243 2.834646 0.496063 -0.590551 1.133858 0.496063 -0.590551 2.834646 0.233441 0.764243 0.576457 1.984252 -0.590551 2.834646 0.496063 -0.590551 1.133858 1.984252 -0.590551 1.133858 0.496063 -0.590551 2.834646 1.984252 -0.590551 1.133858 2.246873 0.764243 2.834646 1.984252 -0.590551 2.834646 2.246873 0.764243 0.576457 2.254356 0.868458 0.533580 2.246873 0.764243 2.834646 2.246873 0.764243 0.576457 2.402501 2.931913 2.834646 2.402501 2.931913 0.219149 2.254356 0.868458 0.533580 0.233441 0.764243 0.576457 0.225959 0.868458 0.533580 0.496063 -0.590551 1.133858 1.984252 -0.590551 1.133858 2.246873 0.764243 0.576457 "
															            />
														</IndexedFaceSet>
													</Shape>
												</Group>
											</Transform>
										</Transform>
										<Transform DEF="instance_13_TRANSFORM"
										           translation="39.338345 7.660443 5.806474"
										           scale="1.000000 1.000000 1.000000"
										           rotation="0.260469 -0.070095 -0.962935 0.545030"
										           >
											<Transform DEF="instance_13_ifs_TRANSFORM"
											           translation="0.000043 -0.000050 0.000078"
											           scale="1.000000 1.000000 1.000000"
											           rotation="0.000000 -0.000000 -0.000000 0.000000"
											           >
												<Group DEF="group_ME_ID333_003">
													<Shape>
														<Appearance>
														</Appearance>
														<IndexedFaceSet solid="false"
														                coordIndex="0 1 2 -1 1 0 3 -1 4 5 6 -1 5 4 7 -1 5 7 8 -1 8 7 9 -1 9 7 10 -1 9 10 11 -1 12 13 14 -1 13 12 15 -1 16 17 18 -1 17 16 19 -1 19 16 20 -1 19 20 21 -1 19 21 22 -1 22 21 23 -1 24 25 26 -1 25 24 27 -1 28 29 30 -1 29 28 31 -1 29 31 32 -1 33 34 35 -1 34 33 36 -1 36 33 37 -1 36 37 38 -1 36 38 39 -1 36 39 40 -1 36 40 41 -1 36 41 42 -1 43 44 45 -1 44 43 46 -1 47 48 49 -1 48 47 50 -1 51 52 53 -1 52 51 54 -1 55 56 57 -1 56 55 58 -1 58 55 59 -1 60 61 62 -1 61 60 63 -1 64 65 66 -1 65 64 67 -1 67 64 68 -1 68 64 69 -1 70 71 72 -1 71 70 73 -1 71 73 74 -1 75 76 77 -1 76 75 78 -1 79 80 81 -1 80 79 82 -1 83 84 85 -1 84 83 86 -1 87 88 89 -1 88 87 90 -1 90 87 91 -1 92 93 94 -1 93 92 95 -1 95 92 96 -1 96 92 97 -1 "
														                >
															<Coordinate DEF="coords_ME_ID333_003"
															            point="0.000000 19.291338 0.000000 2.480315 2.244095 -0.000000 0.000000 2.244095 -0.000000 2.480315 19.291338 0.000000 0.000000 1.732283 2.834646 0.000000 2.244095 -0.000000 0.000000 1.732283 0.026997 0.000000 19.291338 2.834646 0.000000 19.291338 0.000000 0.000000 19.360210 -0.784384 0.000000 56.496063 2.834646 0.000000 56.564938 2.050262 2.480315 19.291338 0.000000 0.000000 19.360210 -0.784384 2.480315 19.360210 -0.784384 0.000000 19.291338 0.000000 2.480315 2.244095 -0.000000 2.480315 1.732283 2.834646 2.480315 1.732283 0.026997 2.480315 19.291338 2.834646 2.480315 19.291338 0.000000 2.480315 19.360210 -0.784384 2.480315 56.496063 2.834646 2.480315 56.564934 2.050262 0.000000 2.244095 -0.000000 2.480315 1.732283 0.026997 0.000000 1.732283 0.026997 2.480315 2.244095 -0.000000 0.077814 -1.398796 2.834646 0.071080 -1.127837 0.177860 0.077814 -1.398796 0.219149 0.000000 1.732283 2.834646 0.000000 1.732283 0.026997 0.077814 -1.398796 2.834646 0.000000 19.291338 2.834646 0.000000 1.732283 2.834646 2.480315 19.291338 2.834646 0.233441 -3.566466 2.834646 0.496063 -4.921260 2.834646 1.984252 -4.921260 2.834646 2.246873 -3.566466 2.834646 2.402501 -1.398796 2.834646 2.480315 1.732283 2.834646 0.000000 19.291338 2.834646 2.480315 56.496063 2.834646 0.000000 56.496063 2.834646 2.480315 19.291338 2.834646 0.000000 56.496063 2.834646 2.480315 56.564934 2.050262 0.000000 56.564938 2.050262 2.480315 56.496063 2.834646 0.000000 56.564938 2.050262 2.480315 19.360210 -0.784384 0.000000 19.360210 -0.784384 2.480315 56.564934 2.050262 2.409235 -1.127837 0.177860 2.402501 -1.398796 2.834646 2.402501 -1.398796 0.219149 2.480315 1.732283 2.834646 2.480315 1.732283 0.026997 2.480315 1.732283 0.026997 0.071080 -1.127837 0.177860 0.000000 1.732283 0.026997 2.409235 -1.127837 0.177860 2.409235 -1.127837 0.177860 0.077814 -1.398796 0.219149 0.071080 -1.127837 0.177860 0.225959 -3.462251 0.533580 2.254356 -3.462251 0.533580 2.402501 -1.398796 0.219149 0.233441 -3.566466 2.834646 0.225959 -3.462251 0.533580 0.233441 -3.566466 0.576457 0.077814 -1.398796 2.834646 0.077814 -1.398796 0.219149 0.233441 -3.566466 2.834646 0.496063 -4.921260 1.133858 0.496063 -4.921260 2.834646 0.233441 -3.566466 0.576457 1.984252 -4.921260 1.133858 0.496063 -4.921260 2.834646 0.496063 -4.921260 1.133858 1.984252 -4.921260 2.834646 1.984252 -4.921260 1.133858 2.246873 -3.566466 2.834646 1.984252 -4.921260 2.834646 2.246873 -3.566466 0.576457 2.254356 -3.462251 0.533580 2.246873 -3.566466 2.834646 2.246873 -3.566466 0.576457 2.402501 -1.398796 2.834646 2.402501 -1.398796 0.219149 2.254356 -3.462251 0.533580 0.233441 -3.566466 0.576457 0.225959 -3.462251 0.533580 0.496063 -4.921260 1.133858 1.984252 -4.921260 1.133858 2.246873 -3.566466 0.576457 "
															            />
														</IndexedFaceSet>
													</Shape>
												</Group>
											</Transform>
										</Transform>
										<Transform DEF="instance_14_TRANSFORM"
										           translation="56.343311 6.772261 3.519791"
										           scale="1.000000 1.000000 1.000000"
										           rotation="0.419065 -0.081714 -0.904272 0.424764"
										           >
											<Transform DEF="instance_14_ifs_TRANSFORM"
											           translation="-0.000037 0.000029 -0.000037"
											           scale="1.000000 1.000000 1.000000"
											           rotation="0.000000 0.000000 -0.000000 0.000000"
											           >
												<Group DEF="group_ME_ID341_003">
													<Shape>
														<Appearance>
														</Appearance>
														<IndexedFaceSet solid="false"
														                coordIndex="0 1 2 -1 1 0 3 -1 4 5 6 -1 5 4 7 -1 5 7 8 -1 8 7 9 -1 9 7 10 -1 9 10 11 -1 12 13 14 -1 13 12 15 -1 16 17 18 -1 17 16 19 -1 19 16 20 -1 19 20 21 -1 21 20 22 -1 21 22 23 -1 24 25 26 -1 25 24 27 -1 28 29 30 -1 29 28 31 -1 29 31 32 -1 33 34 35 -1 34 33 36 -1 36 33 37 -1 36 37 38 -1 36 38 39 -1 36 39 40 -1 36 40 41 -1 36 41 42 -1 43 44 45 -1 44 43 46 -1 47 48 49 -1 48 47 50 -1 51 52 53 -1 52 51 54 -1 55 56 57 -1 56 55 58 -1 58 55 59 -1 60 61 62 -1 61 60 63 -1 64 65 66 -1 65 64 67 -1 67 64 68 -1 68 64 69 -1 70 71 72 -1 71 70 73 -1 71 73 74 -1 75 76 77 -1 76 75 78 -1 79 80 81 -1 80 79 82 -1 83 84 85 -1 84 83 86 -1 87 88 89 -1 88 87 90 -1 90 87 91 -1 92 93 94 -1 93 92 95 -1 95 92 96 -1 96 92 97 -1 "
														                >
															<Coordinate DEF="coords_ME_ID341_003"
															            point="2.480315 19.291338 0.000000 -0.000000 4.015748 -0.000000 -0.000000 19.291338 0.000000 2.480315 4.015748 -0.000000 0.000000 3.503937 2.834646 -0.000000 4.015748 -0.000000 0.000000 3.503937 0.026997 0.000000 19.291338 2.834646 -0.000000 19.291338 0.000000 0.000000 19.360210 -0.784384 0.000000 54.724411 2.834646 0.000000 54.793282 2.050262 2.480315 19.291338 0.000000 0.000000 19.360210 -0.784384 2.480315 19.360210 -0.784384 -0.000000 19.291338 0.000000 2.480315 4.015748 -0.000000 2.480315 3.503937 2.834646 2.480315 3.503937 0.026997 2.480315 19.291338 2.834646 2.480315 19.291338 0.000000 2.480315 54.724411 2.834646 2.480315 19.360210 -0.784384 2.480315 54.793282 2.050262 2.480315 4.015748 -0.000000 0.000000 3.503937 0.026997 -0.000000 4.015748 -0.000000 2.480315 3.503937 0.026997 0.077814 0.372858 2.834646 0.071080 0.643817 0.177860 0.077814 0.372858 0.219149 0.000000 3.503937 2.834646 0.000000 3.503937 0.026997 0.077814 0.372858 2.834646 0.000000 19.291338 2.834646 0.000000 3.503937 2.834646 2.480315 19.291338 2.834646 0.233441 -1.794812 2.834646 0.496063 -3.149606 2.834646 1.984252 -3.149606 2.834646 2.246873 -1.794812 2.834646 2.402501 0.372858 2.834646 2.480315 3.503937 2.834646 2.480315 19.291338 2.834646 0.000000 54.724411 2.834646 0.000000 19.291338 2.834646 2.480315 54.724411 2.834646 0.000000 54.724411 2.834646 2.480315 54.793282 2.050262 0.000000 54.793282 2.050262 2.480315 54.724411 2.834646 2.480315 54.793282 2.050262 0.000000 19.360210 -0.784384 0.000000 54.793282 2.050262 2.480315 19.360210 -0.784384 2.409235 0.643817 0.177860 2.402501 0.372858 2.834646 2.402501 0.372858 0.219149 2.480315 3.503937 2.834646 2.480315 3.503937 0.026997 2.480315 3.503937 0.026997 0.071080 0.643817 0.177860 0.000000 3.503937 0.026997 2.409235 0.643817 0.177860 2.409235 0.643817 0.177860 0.077814 0.372858 0.219149 0.071080 0.643817 0.177860 0.225959 -1.690598 0.533580 2.254356 -1.690598 0.533580 2.402501 0.372858 0.219149 0.233441 -1.794812 2.834646 0.225959 -1.690598 0.533580 0.233441 -1.794812 0.576457 0.077814 0.372858 2.834646 0.077814 0.372858 0.219149 0.233441 -1.794812 2.834646 0.496063 -3.149606 1.133858 0.496063 -3.149606 2.834646 0.233441 -1.794812 0.576457 1.984252 -3.149606 2.834646 0.496063 -3.149606 1.133858 1.984252 -3.149606 1.133858 0.496063 -3.149606 2.834646 1.984252 -3.149606 1.133858 2.246873 -1.794812 2.834646 1.984252 -3.149606 2.834646 2.246873 -1.794812 0.576457 2.254356 -1.690598 0.533580 2.246873 -1.794812 2.834646 2.246873 -1.794812 0.576457 2.402501 0.372858 2.834646 2.402501 0.372858 0.219149 2.254356 -1.690598 0.533580 0.233441 -1.794812 0.576457 0.225959 -1.690598 0.533580 0.496063 -3.149606 1.133858 1.984252 -3.149606 1.133858 2.246873 -1.794812 0.576457 "
															            />
														</IndexedFaceSet>
													</Shape>
												</Group>
											</Transform>
										</Transform>
										<Transform DEF="instance_15_TRANSFORM"
										           translation="64.943558 6.404951 2.426896"
										           scale="1.000000 1.000000 1.000000"
										           rotation="0.535340 -0.082943 -0.840556 0.364555"
										           >
											<Transform DEF="instance_15_ifs_TRANSFORM"
											           translation="-0.000056 -0.000001 0.000099"
											           scale="1.000000 1.000000 1.000000"
											           rotation="0.000000 -0.000000 -0.000000 0.000000"
											           >
												<Group DEF="group_ME_ID349_003">
													<Shape>
														<Appearance>
														</Appearance>
														<IndexedFaceSet solid="false"
														                coordIndex="0 1 2 -1 1 0 3 -1 4 5 6 -1 5 4 7 -1 5 7 8 -1 8 7 9 -1 9 7 10 -1 9 10 11 -1 12 13 14 -1 13 12 15 -1 16 17 18 -1 17 16 19 -1 19 16 20 -1 19 20 21 -1 19 21 22 -1 22 21 23 -1 24 25 26 -1 25 24 27 -1 28 29 30 -1 29 28 31 -1 31 28 32 -1 33 34 35 -1 34 33 36 -1 34 36 37 -1 34 37 38 -1 34 38 39 -1 34 39 40 -1 34 40 41 -1 34 41 42 -1 43 44 45 -1 44 43 46 -1 47 48 49 -1 48 47 50 -1 51 52 53 -1 52 51 54 -1 55 56 57 -1 56 55 58 -1 58 55 59 -1 60 61 62 -1 61 60 63 -1 64 65 66 -1 65 64 67 -1 67 64 68 -1 68 64 69 -1 70 71 72 -1 71 70 73 -1 71 73 74 -1 75 76 77 -1 76 75 78 -1 79 80 81 -1 80 79 82 -1 83 84 85 -1 84 83 86 -1 87 88 89 -1 88 87 90 -1 90 87 91 -1 92 93 94 -1 93 92 95 -1 95 92 96 -1 96 92 97 -1 "
														                >
															<Coordinate DEF="coords_ME_ID349_003"
															            point="0.000000 19.291338 0.000000 2.480315 5.000000 -0.000000 -0.000000 5.000000 -0.000000 2.480315 19.291338 0.000000 0.000000 4.488189 2.834646 -0.000000 5.000000 -0.000000 0.000000 4.488189 0.026997 0.000000 19.291338 2.834646 0.000000 19.291338 0.000000 0.000000 19.360210 -0.784384 0.000000 53.740154 2.834646 0.000000 53.809029 2.050262 2.480315 19.291338 0.000000 0.000000 19.360210 -0.784384 2.480315 19.360210 -0.784384 0.000000 19.291338 0.000000 2.480315 5.000000 -0.000000 2.480315 4.488189 2.834646 2.480315 4.488189 0.026997 2.480315 19.291338 2.834646 2.480315 19.291338 0.000000 2.480315 19.360210 -0.784384 2.480315 53.740154 2.834646 2.480315 53.809029 2.050262 2.480315 5.000000 -0.000000 0.000000 4.488189 0.026997 -0.000000 5.000000 -0.000000 2.480315 4.488189 0.026997 0.000000 4.488189 2.834646 0.077814 1.357110 0.219149 0.077814 1.357110 2.834646 0.071080 1.628069 0.177860 0.000000 4.488189 0.026997 0.000000 4.488189 2.834646 2.480315 19.291338 2.834646 0.000000 19.291338 2.834646 0.077814 1.357110 2.834646 0.233441 -0.810560 2.834646 0.496063 -2.165354 2.834646 1.984252 -2.165354 2.834646 2.246873 -0.810560 2.834646 2.402501 1.357110 2.834646 2.480315 4.488189 2.834646 2.480315 19.291338 2.834646 0.000000 53.740154 2.834646 0.000000 19.291338 2.834646 2.480315 53.740154 2.834646 0.000000 53.809029 2.050262 2.480315 53.740154 2.834646 2.480315 53.809029 2.050262 0.000000 53.740154 2.834646 2.480315 53.809029 2.050262 0.000000 19.360210 -0.784384 0.000000 53.809029 2.050262 2.480315 19.360210 -0.784384 2.409235 1.628069 0.177860 2.402501 1.357110 2.834646 2.402501 1.357110 0.219149 2.480315 4.488189 2.834646 2.480315 4.488189 0.026997 2.480315 4.488189 0.026997 0.071080 1.628069 0.177860 0.000000 4.488189 0.026997 2.409235 1.628069 0.177860 2.409235 1.628069 0.177860 0.077814 1.357110 0.219149 0.071080 1.628069 0.177860 0.225959 -0.706346 0.533580 2.254356 -0.706346 0.533580 2.402501 1.357110 0.219149 0.233441 -0.810560 2.834646 0.225959 -0.706346 0.533580 0.233441 -0.810560 0.576457 0.077814 1.357110 2.834646 0.077814 1.357110 0.219149 0.233441 -0.810560 2.834646 0.496063 -2.165354 1.133858 0.496063 -2.165354 2.834646 0.233441 -0.810560 0.576457 1.984252 -2.165354 1.133858 0.496063 -2.165354 2.834646 0.496063 -2.165354 1.133858 1.984252 -2.165354 2.834646 1.984252 -2.165354 1.133858 2.246873 -0.810560 2.834646 1.984252 -2.165354 2.834646 2.246873 -0.810560 0.576457 2.254356 -0.706346 0.533580 2.246873 -0.810560 2.834646 2.246873 -0.810560 0.576457 2.402501 1.357110 2.834646 2.402501 1.357110 0.219149 2.254356 -0.706346 0.533580 0.233441 -0.810560 0.576457 0.225959 -0.706346 0.533580 0.496063 -2.165354 1.133858 1.984252 -2.165354 1.133858 2.246873 -0.810560 0.576457 "
															            />
														</IndexedFaceSet>
													</Shape>
												</Group>
											</Transform>
										</Transform>
										<Transform DEF="instance_16_TRANSFORM"
										           translation="73.644936 6.109175 1.416215"
										           scale="1.000000 1.000000 1.000000"
										           rotation="0.682171 -0.077209 -0.727111 0.308838"
										           >
											<Transform DEF="instance_16_ifs_TRANSFORM"
											           translation="0.000012 -0.000232 -0.000003"
											           scale="1.000000 1.000000 1.000000"
											           rotation="0.000000 0.000000 -0.000000 0.000000"
											           >
												<Group DEF="group_ME_ID357">
													<Shape>
														<Appearance>
														</Appearance>
														<IndexedFaceSet solid="false"
														                coordIndex="0 1 2 -1 1 0 3 -1 4 5 6 -1 5 4 7 -1 5 7 8 -1 8 7 9 -1 9 7 10 -1 9 10 11 -1 12 13 14 -1 13 12 15 -1 16 17 18 -1 17 16 19 -1 19 16 20 -1 19 20 21 -1 21 20 22 -1 21 22 23 -1 24 25 26 -1 25 24 27 -1 28 29 30 -1 29 28 31 -1 29 31 32 -1 33 34 35 -1 34 33 36 -1 36 33 37 -1 36 37 38 -1 36 38 39 -1 36 39 40 -1 36 40 41 -1 36 41 42 -1 43 44 45 -1 44 43 46 -1 47 48 49 -1 48 47 50 -1 51 52 53 -1 52 51 54 -1 55 56 57 -1 56 55 58 -1 58 55 59 -1 60 61 62 -1 61 60 63 -1 64 65 66 -1 65 64 67 -1 67 64 68 -1 68 64 69 -1 70 71 72 -1 71 70 73 -1 71 73 74 -1 75 76 77 -1 76 75 78 -1 79 80 81 -1 80 79 82 -1 83 84 85 -1 84 83 86 -1 87 88 89 -1 88 87 90 -1 90 87 91 -1 92 93 94 -1 93 92 95 -1 95 92 96 -1 96 92 97 -1 "
														                >
															<Coordinate DEF="coords_ME_ID357"
															            point="2.480315 19.291338 0.000000 0.000000 5.590551 -0.000000 -0.000000 19.291338 0.000000 2.480315 5.590551 -0.000000 -0.000000 5.078740 2.834646 0.000000 5.590551 -0.000000 -0.000000 5.078740 0.026997 0.000000 19.291338 2.834646 -0.000000 19.291338 0.000000 0.000000 19.360210 -0.784384 0.000000 53.149609 2.834646 0.000000 53.218475 2.050262 2.480315 19.291338 0.000000 0.000000 19.360210 -0.784384 2.480315 19.360210 -0.784384 -0.000000 19.291338 0.000000 2.480315 5.590551 -0.000000 2.480315 5.078740 2.834646 2.480315 5.078740 0.026997 2.480315 19.291338 2.834646 2.480315 19.291338 0.000000 2.480315 53.149609 2.834646 2.480315 19.360210 -0.784384 2.480315 53.218475 2.050262 0.000000 5.590551 -0.000000 2.480315 5.078740 0.026997 -0.000000 5.078740 0.026997 2.480315 5.590551 -0.000000 0.077814 1.947661 2.834646 0.071080 2.218620 0.177860 0.077814 1.947661 0.219149 -0.000000 5.078740 2.834646 -0.000000 5.078740 0.026997 0.077814 1.947661 2.834646 0.000000 19.291338 2.834646 -0.000000 5.078740 2.834646 2.480315 19.291338 2.834646 0.233441 -0.220009 2.834646 0.496063 -1.574803 2.834646 1.984252 -1.574803 2.834646 2.246873 -0.220009 2.834646 2.402501 1.947661 2.834646 2.480315 5.078740 2.834646 2.480315 19.291338 2.834646 0.000000 53.149609 2.834646 0.000000 19.291338 2.834646 2.480315 53.149609 2.834646 0.000000 53.218475 2.050262 2.480315 53.149609 2.834646 2.480315 53.218475 2.050262 0.000000 53.149609 2.834646 2.480315 53.218475 2.050262 0.000000 19.360210 -0.784384 0.000000 53.218475 2.050262 2.480315 19.360210 -0.784384 2.409235 2.218620 0.177860 2.402501 1.947661 2.834646 2.402501 1.947661 0.219149 2.480315 5.078740 2.834646 2.480315 5.078740 0.026997 2.480315 5.078740 0.026997 0.071080 2.218620 0.177860 -0.000000 5.078740 0.026997 2.409235 2.218620 0.177860 2.409235 2.218620 0.177860 0.077814 1.947661 0.219149 0.071080 2.218620 0.177860 0.225959 -0.115794 0.533580 2.254356 -0.115794 0.533580 2.402501 1.947661 0.219149 0.233441 -0.220009 2.834646 0.225959 -0.115794 0.533580 0.233441 -0.220009 0.576457 0.077814 1.947661 2.834646 0.077814 1.947661 0.219149 0.233441 -0.220009 2.834646 0.496063 -1.574803 1.133858 0.496063 -1.574803 2.834646 0.233441 -0.220009 0.576457 1.984252 -1.574803 2.834646 0.496063 -1.574803 1.133858 1.984252 -1.574803 1.133858 0.496063 -1.574803 2.834646 2.246873 -0.220009 0.576457 1.984252 -1.574803 2.834646 1.984252 -1.574803 1.133858 2.246873 -0.220009 2.834646 2.254356 -0.115794 0.533580 2.246873 -0.220009 2.834646 2.246873 -0.220009 0.576457 2.402501 1.947661 2.834646 2.402501 1.947661 0.219149 2.254356 -0.115794 0.533580 0.233441 -0.220009 0.576457 0.225959 -0.115794 0.533580 0.496063 -1.574803 1.133858 1.984252 -1.574803 1.133858 2.246873 -0.220009 0.576457 "
															            />
														</IndexedFaceSet>
													</Shape>
												</Group>
											</Transform>
										</Transform>
										<Transform DEF="instance_17_TRANSFORM"
										           translation="82.429581 5.911300 0.445084"
										           scale="1.000000 1.000000 1.000000"
										           rotation="0.848079 -0.059431 -0.526528 0.264631"
										           >
											<Transform DEF="instance_17_ifs_TRANSFORM"
											           translation="0.000022 -0.000084 -0.000161"
											           scale="1.000000 1.000000 1.000000"
											           rotation="-0.000000 -0.000000 0.000000 0.000000"
											           >
												<Group DEF="group_ME_ID365_001">
													<Shape>
														<Appearance>
														</Appearance>
														<IndexedFaceSet solid="false"
														                coordIndex="0 1 2 -1 1 0 3 -1 4 5 6 -1 5 4 7 -1 5 7 8 -1 8 7 9 -1 8 9 10 -1 10 9 11 -1 12 13 14 -1 13 12 15 -1 16 17 18 -1 17 16 19 -1 19 16 20 -1 19 20 21 -1 19 21 22 -1 22 21 23 -1 24 25 26 -1 25 24 27 -1 28 29 30 -1 29 28 31 -1 29 31 32 -1 33 34 35 -1 34 33 36 -1 36 33 37 -1 36 37 38 -1 36 38 39 -1 36 39 40 -1 36 40 41 -1 36 41 42 -1 43 44 45 -1 44 43 46 -1 47 48 49 -1 48 47 50 -1 51 52 53 -1 52 51 54 -1 55 56 57 -1 56 55 58 -1 58 55 59 -1 60 61 62 -1 61 60 63 -1 64 65 66 -1 65 64 67 -1 67 64 68 -1 68 64 69 -1 70 71 72 -1 71 70 73 -1 71 73 74 -1 75 76 77 -1 76 75 78 -1 79 80 81 -1 80 79 82 -1 83 84 85 -1 84 83 86 -1 87 88 89 -1 88 87 90 -1 88 90 91 -1 92 93 94 -1 93 92 95 -1 95 92 96 -1 96 92 97 -1 "
														                >
															<Coordinate DEF="coords_ME_ID365_001"
															            point="2.480315 19.291338 0.000000 0.000000 6.181102 -0.000000 0.000000 19.291338 0.000000 2.480315 6.181102 -0.000000 0.000000 5.669291 2.834646 0.000000 6.181102 -0.000000 -0.000000 5.669291 0.026997 0.000000 19.291338 2.834646 0.000000 19.291338 0.000000 0.000000 52.559055 2.834646 0.000000 19.360210 -0.784384 -0.000000 52.627926 2.050262 2.480315 19.291338 0.000000 0.000000 19.360210 -0.784384 2.480315 19.360210 -0.784384 0.000000 19.291338 0.000000 2.480315 6.181102 -0.000000 2.480315 5.669291 2.834646 2.480315 5.669291 0.026997 2.480315 19.291338 2.834646 2.480315 19.291338 0.000000 2.480315 19.360210 -0.784384 2.480315 52.559055 2.834646 2.480315 52.627926 2.050262 0.000000 6.181102 -0.000000 2.480315 5.669291 0.026997 -0.000000 5.669291 0.026997 2.480315 6.181102 -0.000000 0.077814 2.538212 2.834646 0.071080 2.809171 0.177860 0.077814 2.538212 0.219149 0.000000 5.669291 2.834646 -0.000000 5.669291 0.026997 0.077814 2.538212 2.834646 0.000000 19.291338 2.834646 0.000000 5.669291 2.834646 2.480315 19.291338 2.834646 0.233441 0.370542 2.834646 0.496063 -0.984252 2.834646 1.984252 -0.984252 2.834646 2.246873 0.370542 2.834646 2.402501 2.538212 2.834646 2.480315 5.669291 2.834646 2.480315 19.291338 2.834646 0.000000 52.559055 2.834646 0.000000 19.291338 2.834646 2.480315 52.559055 2.834646 0.000000 52.559055 2.834646 2.480315 52.627926 2.050262 -0.000000 52.627926 2.050262 2.480315 52.559055 2.834646 2.480315 52.627926 2.050262 0.000000 19.360210 -0.784384 -0.000000 52.627926 2.050262 2.480315 19.360210 -0.784384 2.409235 2.809171 0.177860 2.402501 2.538212 2.834646 2.402501 2.538212 0.219149 2.480315 5.669291 2.834646 2.480315 5.669291 0.026997 2.480315 5.669291 0.026997 0.071080 2.809171 0.177860 -0.000000 5.669291 0.026997 2.409235 2.809171 0.177860 2.409235 2.809171 0.177860 0.077814 2.538212 0.219149 0.071080 2.809171 0.177860 0.225959 0.474757 0.533580 2.254356 0.474757 0.533580 2.402501 2.538212 0.219149 0.233441 0.370542 2.834646 0.225959 0.474757 0.533580 0.233441 0.370542 0.576457 0.077814 2.538212 2.834646 0.077814 2.538212 0.219149 0.233441 0.370542 2.834646 0.496063 -0.984252 1.133858 0.496063 -0.984252 2.834646 0.233441 0.370542 0.576457 1.984252 -0.984252 1.133858 0.496063 -0.984252 2.834646 0.496063 -0.984252 1.133858 1.984252 -0.984252 2.834646 2.246873 0.370542 0.576457 1.984252 -0.984252 2.834646 1.984252 -0.984252 1.133858 2.246873 0.370542 2.834646 2.246873 0.370542 0.576457 2.402501 2.538212 2.834646 2.246873 0.370542 2.834646 2.254356 0.474757 0.533580 2.402501 2.538212 0.219149 2.254356 0.474757 0.533580 0.233441 0.370542 0.576457 0.225959 0.474757 0.533580 0.496063 -0.984252 1.133858 1.984252 -0.984252 1.133858 2.246873 0.370542 0.576457 "
															            />
														</IndexedFaceSet>
													</Shape>
												</Group>
											</Transform>
										</Transform>
									</Transform>
								</Transform>
							</Transform>
							<Transform DEF="group_45_TRANSFORM"
							           translation="17.483969 -3.195281 4.236864"
							           scale="-1.000000 -1.000000 -1.000000"
							           rotation="-0.000000 0.707107 -0.707107 3.141593"
							           >
								<Transform DEF="group_46_TRANSFORM"
								           translation="0.000044 0.000001 3.715214"
								           scale="1.000000 1.000000 1.000000"
								           rotation="0.000000 -0.000000 -0.000000 0.000000"
								           >
									<Transform DEF="group_47_TRANSFORM"
									           translation="98.858444 4.841584 -0.000013"
									           scale="1.000000 1.000000 1.000000"
									           rotation="0.000000 -0.000000 -0.000000 0.000000"
									           >
										<Transform DEF="group_48_TRANSFORM"
										           translation="7.086715 20.097752 3.006698"
										           scale="1.000000 1.000000 1.000000"
										           rotation="0.000000 -0.000000 -0.000000 0.000000"
										           >
											<Transform DEF="group_48_ifs_TRANSFORM"
											           translation="0.000045 -0.000000 -0.000016"
											           scale="1.000000 1.000000 1.000000"
											           rotation="0.000000 -0.000000 -0.000000 0.000000"
											           >
												<Group DEF="group_ME_ID375_001">
													<Shape>
														<Appearance>
															<Material USE="MA_material_020" />
														</Appearance>
														<IndexedFaceSet solid="false"
														                coordIndex="0 1 2 -1 1 3 2 -1 2 3 4 -1 5 4 3 -1 6 7 8 -1 8 7 1 -1 1 7 3 -1 5 3 7 -1 9 10 11 -1 10 12 11 -1 11 12 13 -1 12 14 13 -1 13 14 15 -1 16 15 14 -1 17 0 18 -1 0 2 18 -1 18 2 19 -1 4 19 2 -1 20 21 22 -1 22 21 23 -1 21 24 23 -1 23 24 25 -1 24 26 25 -1 27 25 26 -1 28 29 30 -1 30 29 8 -1 8 29 6 -1 7 6 29 -1 31 32 30 -1 30 32 28 -1 32 33 28 -1 29 28 33 -1 34 35 31 -1 31 35 32 -1 35 36 32 -1 33 32 36 -1 35 34 36 -1 34 37 36 -1 37 38 36 -1 39 36 38 -1 38 37 39 -1 37 17 39 -1 17 18 39 -1 19 39 18 -1 "
														                >
															<Coordinate DEF="coords_ME_ID375_001"
															            point="0.000000 91.926849 33.831871 0.518905 91.510880 35.013226 0.000000 32.871727 13.038001 0.518905 32.455761 14.219355 0.000000 0.588264 1.670685 0.518905 0.172299 2.852038 1.771654 32.283466 14.708687 1.771654 0.000000 3.341371 1.771654 91.338577 35.502560 1.771654 91.338577 35.502560 0.518905 91.510880 35.013226 3.024402 91.510880 35.013226 0.000000 91.926849 33.831871 3.543307 91.926849 33.831871 0.518905 92.342812 32.650517 3.024402 92.342812 32.650517 1.771654 92.515106 32.161186 0.518905 92.342812 32.650517 0.518905 33.287697 11.856649 0.518905 1.004230 0.489332 1.771654 0.000000 3.341371 3.024402 0.172299 2.852038 0.518905 0.172299 2.852038 0.000000 0.588264 1.670685 3.543307 0.588264 1.670685 0.518905 1.004230 0.489332 3.024402 1.004230 0.489332 1.771654 1.176528 0.000000 3.024402 32.455761 14.219355 3.024402 0.172299 2.852038 3.024402 91.510880 35.013226 3.543307 91.926849 33.831871 3.543307 32.871727 13.038001 3.543307 0.588264 1.670685 3.024402 92.342812 32.650517 3.024402 33.287697 11.856649 3.024402 1.004230 0.489332 1.771654 92.515106 32.161186 1.771654 33.459991 11.367315 1.771654 1.176528 0.000000 "
															            />
														</IndexedFaceSet>
													</Shape>
												</Group>
											</Transform>
										</Transform>
										<Transform DEF="group_49_TRANSFORM"
										           translation="0.000045 20.044201 3.907090"
										           scale="1.000000 1.000000 1.000000"
										           rotation="0.000000 -0.000000 -0.000000 0.000000"
										           >
											<Transform DEF="group_49_ifs_TRANSFORM"
											           translation="0.000045 0.000000 -0.000015"
											           scale="1.000000 1.000000 1.000000"
											           rotation="0.000000 -0.000000 -0.000000 0.000000"
											           >
												<Group DEF="group_ME_ID382_001">
													<Shape>
														<Appearance>
															<Material USE="MA_material_020" />
														</Appearance>
														<IndexedFaceSet solid="false"
														                coordIndex="0 1 2 -1 1 3 2 -1 2 3 4 -1 5 4 3 -1 6 7 0 -1 7 8 0 -1 0 8 1 -1 3 1 8 -1 9 10 11 -1 10 12 11 -1 11 12 13 -1 12 14 13 -1 13 14 15 -1 16 15 14 -1 17 2 18 -1 2 4 18 -1 18 4 19 -1 5 19 4 -1 20 21 22 -1 22 21 23 -1 21 24 23 -1 23 24 25 -1 24 26 25 -1 27 25 26 -1 28 29 6 -1 6 29 7 -1 29 30 7 -1 8 7 30 -1 31 32 28 -1 28 32 29 -1 32 33 29 -1 30 29 33 -1 31 34 32 -1 32 34 33 -1 34 35 33 -1 36 33 35 -1 34 37 35 -1 35 37 36 -1 37 38 36 -1 39 36 38 -1 37 17 38 -1 17 18 38 -1 38 18 39 -1 19 39 18 -1 "
														                >
															<Coordinate DEF="coords_ME_ID382_001"
															            point="1.771654 91.418648 34.734280 1.771654 32.363529 14.460382 0.518905 91.587059 34.243710 1.771654 0.000000 3.349828 0.518905 32.531948 13.969810 0.518905 0.168415 2.859257 3.024402 91.587059 34.243710 3.024402 32.531948 13.969810 3.024402 0.168415 2.859257 1.771654 91.418648 34.734280 0.518905 91.587059 34.243710 3.024402 91.587059 34.243710 0.000000 91.993652 33.059368 3.543307 91.993652 33.059368 0.518905 92.400253 31.875025 3.024402 92.400253 31.875025 1.771654 92.568657 31.384453 0.000000 91.993652 33.059368 0.000000 32.938538 12.785467 0.000000 0.575006 1.674914 1.771654 0.000000 3.349828 3.024402 0.168415 2.859257 0.518905 0.168415 2.859257 0.000000 0.575006 1.674914 3.543307 0.575006 1.674914 0.518905 0.981596 0.490571 3.024402 0.981596 0.490571 1.771654 1.150012 0.000000 3.543307 91.993652 33.059368 3.543307 32.938538 12.785468 3.543307 0.575006 1.674914 3.024402 92.400253 31.875025 3.024402 33.345127 11.601124 3.024402 0.981596 0.490571 1.771654 92.568657 31.384453 1.771654 33.513542 11.110554 1.771654 1.150012 0.000000 0.518905 92.400253 31.875025 0.518905 33.345127 11.601124 0.518905 0.981596 0.490571 "
															            />
														</IndexedFaceSet>
													</Shape>
												</Group>
											</Transform>
										</Transform>
										<Transform DEF="group_50_TRANSFORM"
										           translation="28.346479 20.038443 0.804729"
										           scale="1.000000 1.000000 1.000000"
										           rotation="0.000000 -0.000000 -0.000000 0.000000"
										           >
											<Transform DEF="group_50_ifs_TRANSFORM"
											           translation="0.000044 -0.000000 -0.000020"
											           scale="1.000000 1.000000 1.000000"
											           rotation="0.000000 -0.000000 -0.000000 0.000000"
											           >
												<Group DEF="group_ME_ID389">
													<Shape>
														<Appearance>
															<Material USE="MA_material_020" />
														</Appearance>
														<IndexedFaceSet solid="false"
														                coordIndex="0 1 2 -1 2 1 3 -1 1 4 3 -1 5 3 4 -1 1 6 4 -1 6 7 4 -1 4 7 5 -1 8 5 7 -1 9 10 11 -1 10 12 11 -1 11 12 13 -1 12 14 13 -1 13 14 15 -1 16 15 14 -1 17 0 18 -1 18 0 19 -1 0 2 19 -1 3 19 2 -1 20 21 22 -1 22 21 23 -1 21 24 23 -1 23 24 25 -1 24 26 25 -1 27 25 26 -1 6 28 7 -1 28 29 7 -1 7 29 8 -1 30 8 29 -1 31 32 33 -1 32 34 33 -1 33 34 35 -1 36 35 34 -1 37 38 31 -1 31 38 32 -1 38 39 32 -1 34 32 39 -1 17 18 37 -1 37 18 38 -1 18 19 38 -1 39 38 19 -1 33 35 28 -1 35 36 28 -1 28 36 29 -1 30 29 36 -1 "
														                >
															<Coordinate DEF="coords_ME_ID389"
															            point="1.771654 92.521988 33.972500 0.518905 92.341011 34.458813 1.771654 33.519302 12.014417 1.771654 1.235837 0.000000 0.518905 33.338318 12.500733 0.518905 1.054853 0.486315 0.000000 91.904076 35.632885 0.000000 32.901382 13.674801 0.000000 0.617919 1.660385 1.771654 91.286156 37.293266 0.518905 91.467133 36.806953 3.024402 91.467133 36.806953 0.000000 91.904076 35.632885 3.543307 91.904076 35.632885 0.518905 92.341011 34.458813 3.024402 92.341011 34.458813 1.771654 92.521988 33.972500 3.024402 92.341011 34.458813 3.024402 33.338318 12.500733 3.024402 1.054853 0.486315 1.771654 0.000000 3.320769 3.024402 0.180984 2.834454 0.518905 0.180984 2.834454 0.000000 0.617919 1.660385 3.543307 0.617919 1.660385 0.518905 1.054853 0.486315 3.024402 1.054853 0.486315 1.771654 1.235837 0.000000 0.518905 91.467133 36.806953 0.518905 32.464451 14.848870 0.518905 0.180984 2.834454 3.024402 91.467133 36.806953 3.024402 32.464451 14.848870 1.771654 91.286156 37.293266 3.024402 0.180984 2.834454 1.771654 32.283466 15.335186 1.771654 0.000000 3.320769 3.543307 91.904076 35.632885 3.543307 32.901382 13.674801 3.543307 0.617919 1.660385 "
															            />
														</IndexedFaceSet>
													</Shape>
												</Group>
											</Transform>
										</Transform>
										<Transform DEF="group_50_001_TRANSFORM"
										           translation="28.346479 20.038443 0.804729"
										           scale="1.000000 1.000000 1.000000"
										           rotation="0.000000 -0.000000 -0.000000 0.000000"
										           >
											<Transform DEF="group_50_001_ifs_TRANSFORM"
											           translation="0.000044 -0.000000 -0.000020"
											           scale="1.000000 1.000000 1.000000"
											           rotation="0.000000 -0.000000 -0.000000 0.000000"
											           >
												<Group DEF="group_ME_ID395">
												</Group>
											</Transform>
										</Transform>
										<Transform DEF="group_51_TRANSFORM"
										           translation="14.173263 20.075052 2.187666"
										           scale="1.000000 1.000000 1.000000"
										           rotation="0.000000 -0.000000 -0.000000 0.000000"
										           >
											<Transform DEF="group_51_ifs_TRANSFORM"
											           translation="0.000044 -0.000000 -0.000017"
											           scale="1.000000 1.000000 1.000000"
											           rotation="0.000000 -0.000000 -0.000000 0.000000"
											           >
												<Group DEF="group_ME_ID400_003">
													<Shape>
														<Appearance>
															<Material USE="MA_material_020" />
														</Appearance>
														<IndexedFaceSet solid="false"
														                coordIndex="0 1 2 -1 1 3 2 -1 3 4 2 -1 5 2 4 -1 6 7 8 -1 8 7 9 -1 7 10 9 -1 9 10 11 -1 10 12 11 -1 13 11 12 -1 4 3 5 -1 3 14 5 -1 14 15 5 -1 16 5 15 -1 17 18 19 -1 18 20 19 -1 19 20 21 -1 20 22 21 -1 21 22 23 -1 24 23 22 -1 1 0 25 -1 25 0 26 -1 0 2 26 -1 27 26 2 -1 28 29 30 -1 30 29 31 -1 31 29 32 -1 33 32 29 -1 32 33 31 -1 31 33 34 -1 34 33 35 -1 36 35 33 -1 37 34 38 -1 34 35 38 -1 38 35 39 -1 36 39 35 -1 14 37 15 -1 37 38 15 -1 15 38 16 -1 39 16 38 -1 25 26 30 -1 30 26 28 -1 26 27 28 -1 29 28 27 -1 "
														                >
															<Coordinate DEF="coords_ME_ID400_003"
															            point="3.024402 33.307068 12.101288 3.024402 92.362183 33.344704 3.024402 1.023605 0.488218 1.771654 92.537804 32.856487 1.771654 33.482693 11.613070 1.771654 1.199228 0.000000 1.771654 0.000000 3.333764 3.024402 0.175623 2.845545 0.518905 0.175623 2.845545 0.000000 0.599614 1.666882 3.543307 0.599614 1.666882 0.518905 1.023605 0.488218 3.024402 1.023605 0.488218 1.771654 1.199228 0.000000 0.518905 92.362183 33.344704 0.518905 33.307068 12.101288 0.518905 1.023605 0.488218 1.771654 91.338577 36.190250 0.518905 91.514206 35.702034 3.024402 91.514206 35.702034 0.000000 91.938194 34.523369 3.543307 91.938194 34.523369 0.518905 92.362183 33.344704 3.024402 92.362183 33.344704 1.771654 92.537804 32.856487 3.543307 91.938194 34.523369 3.543307 32.883076 13.279950 3.543307 0.599614 1.666882 3.024402 32.459087 14.458614 3.024402 0.175623 2.845545 3.024402 91.514206 35.702034 1.771654 91.338577 36.190250 1.771654 32.283466 14.946833 1.771654 0.000000 3.333764 0.518905 91.514206 35.702034 0.518905 32.459087 14.458614 0.518905 0.175623 2.845545 0.000000 91.938194 34.523369 0.000000 32.883076 13.279950 0.000000 0.599614 1.666882 "
															            />
														</IndexedFaceSet>
													</Shape>
												</Group>
											</Transform>
										</Transform>
										<Transform DEF="group_52_TRANSFORM"
										           translation="21.259932 20.055307 1.453778"
										           scale="1.000000 1.000000 1.000000"
										           rotation="0.000000 -0.000000 -0.000000 0.000000"
										           >
											<Transform DEF="group_52_ifs_TRANSFORM"
											           translation="0.000044 -0.000000 -0.000019"
											           scale="1.000000 1.000000 1.000000"
											           rotation="0.000000 -0.000000 -0.000000 0.000000"
											           >
												<Group DEF="group_ME_ID407_003">
													<Shape>
														<Appearance>
															<Material USE="MA_material_020" />
														</Appearance>
														<IndexedFaceSet solid="false"
														                coordIndex="0 1 2 -1 1 3 2 -1 2 3 4 -1 3 5 4 -1 4 5 6 -1 7 6 5 -1 8 9 10 -1 10 9 11 -1 11 9 12 -1 13 12 9 -1 14 15 10 -1 10 15 8 -1 15 16 8 -1 9 8 16 -1 17 18 14 -1 14 18 15 -1 18 19 15 -1 16 15 19 -1 18 17 19 -1 17 20 19 -1 20 21 19 -1 22 19 21 -1 21 20 22 -1 20 23 22 -1 23 24 22 -1 25 22 24 -1 23 26 24 -1 26 27 24 -1 24 27 25 -1 28 25 27 -1 26 29 27 -1 29 30 27 -1 27 30 28 -1 31 28 30 -1 12 13 11 -1 11 13 29 -1 29 13 30 -1 31 30 13 -1 32 33 34 -1 34 33 35 -1 33 36 35 -1 35 36 37 -1 36 38 37 -1 39 37 38 -1 "
														                >
															<Coordinate DEF="coords_ME_ID407_003"
															            point="1.771654 91.338577 36.793568 0.518905 91.517097 36.306358 3.024402 91.517097 36.306358 0.000000 91.948067 35.130131 3.543307 91.948067 35.130131 0.518905 92.379044 33.953907 3.024402 92.379044 33.953907 1.771654 92.557556 33.466698 3.024402 32.461979 14.668406 3.024402 0.178514 2.839659 3.024402 91.517097 36.306358 1.771654 91.338577 36.793568 1.771654 32.283466 15.155615 1.771654 0.000000 3.326867 3.543307 91.948067 35.130131 3.543307 32.892952 13.492181 3.543307 0.609487 1.663434 3.024402 92.379044 33.953907 3.024402 33.323925 12.315955 3.024402 1.040459 0.487208 1.771654 92.557556 33.466698 1.771654 33.502438 11.828747 1.771654 1.218973 0.000000 0.518905 92.379044 33.953907 0.518905 33.323925 12.315955 0.518905 1.040459 0.487208 0.000000 91.948067 35.130131 0.000000 32.892952 13.492181 0.000000 0.609487 1.663434 0.518905 91.517097 36.306358 0.518905 32.461979 14.668406 0.518905 0.178514 2.839659 1.771654 0.000000 3.326867 3.024402 0.178514 2.839659 0.518905 0.178514 2.839659 0.000000 0.609487 1.663434 3.543307 0.609487 1.663434 0.518905 1.040459 0.487208 3.024402 1.040459 0.487208 1.771654 1.218973 0.000000 "
															            />
														</IndexedFaceSet>
													</Shape>
												</Group>
											</Transform>
										</Transform>
										<Transform DEF="group_53_TRANSFORM"
										           translation="35.433151 20.024397 0.240458"
										           scale="1.000000 1.000000 1.000000"
										           rotation="0.000000 -0.000000 -0.000000 0.000000"
										           >
											<Transform DEF="group_53_ifs_TRANSFORM"
											           translation="0.000044 0.000000 -0.000021"
											           scale="1.000000 1.000000 1.000000"
											           rotation="0.000000 -0.000000 -0.000000 0.000000"
											           >
												<Group DEF="group_ME_ID414">
													<Shape>
														<Appearance>
															<Material USE="MA_material_020" />
														</Appearance>
														<IndexedFaceSet solid="false"
														                coordIndex="0 1 2 -1 2 1 3 -1 1 4 3 -1 5 3 4 -1 6 7 8 -1 8 7 9 -1 7 10 9 -1 9 10 11 -1 10 12 11 -1 13 11 12 -1 14 15 0 -1 0 15 1 -1 15 16 1 -1 4 1 16 -1 17 18 19 -1 18 20 19 -1 19 20 21 -1 20 22 21 -1 21 22 23 -1 24 23 22 -1 3 5 2 -1 2 5 25 -1 25 5 26 -1 27 26 5 -1 26 27 25 -1 25 27 28 -1 28 27 29 -1 30 29 27 -1 31 28 32 -1 28 29 32 -1 32 29 33 -1 30 33 29 -1 34 31 35 -1 31 32 35 -1 35 32 36 -1 33 36 32 -1 37 38 39 -1 38 34 39 -1 34 35 39 -1 36 39 35 -1 15 14 16 -1 14 38 16 -1 38 37 16 -1 39 16 37 -1 "
														                >
															<Coordinate DEF="coords_ME_ID414"
															            point="3.543307 91.963524 36.090355 3.543307 32.908405 13.827909 3.024402 91.521614 37.262577 3.024402 32.466507 15.000129 3.543307 0.624942 1.657771 3.024402 0.183041 2.829992 1.771654 0.000000 3.315541 3.024402 0.183041 2.829992 0.518905 0.183041 2.829992 0.000000 0.624942 1.657771 3.543307 0.624942 1.657771 0.518905 1.066843 0.485550 3.024402 1.066843 0.485550 1.771654 1.249884 0.000000 3.024402 92.405426 34.918133 3.024402 33.350307 12.655687 3.024402 1.066843 0.485550 1.771654 91.338577 37.748127 0.518905 91.521614 37.262577 3.024402 91.521614 37.262577 0.000000 91.963524 36.090355 3.543307 91.963524 36.090355 0.518905 92.405426 34.918133 3.024402 92.405426 34.918133 1.771654 92.588470 34.432587 1.771654 91.338577 37.748127 1.771654 32.283466 15.485679 1.771654 0.000000 3.315541 0.518905 91.521614 37.262577 0.518905 32.466507 15.000129 0.518905 0.183041 2.829992 0.000000 91.963524 36.090355 0.000000 32.908405 13.827909 0.000000 0.624942 1.657771 0.518905 92.405426 34.918133 0.518905 33.350307 12.655687 0.518905 1.066843 0.485550 1.771654 33.533348 12.170137 1.771654 92.588470 34.432587 1.771654 1.249884 0.000000 "
															            />
														</IndexedFaceSet>
													</Shape>
												</Group>
											</Transform>
										</Transform>
										<Transform DEF="instance_18_TRANSFORM"
										           translation="35.964645 1.169332 -0.907124"
										           scale="1.000000 1.000000 1.000000"
										           rotation="1.000001 -0.000000 0.000000 0.272923"
										           >
											<Transform DEF="instance_18_ifs_TRANSFORM"
											           translation="0.000044 0.000006 0.000055"
											           scale="1.000000 1.000000 1.000000"
											           rotation="0.000000 0.000000 -0.000000 0.000000"
											           >
												<Group DEF="group_ME_ID422_002">
													<Shape>
														<Appearance>
														</Appearance>
														<IndexedFaceSet solid="false"
														                coordIndex="0 1 2 -1 3 2 1 -1 4 5 6 -1 5 7 6 -1 6 7 8 -1 8 7 9 -1 7 10 9 -1 11 9 10 -1 12 13 14 -1 15 14 13 -1 16 17 18 -1 18 17 19 -1 17 20 19 -1 20 21 19 -1 19 21 22 -1 23 22 21 -1 24 25 26 -1 27 26 25 -1 28 29 30 -1 29 31 30 -1 32 30 31 -1 33 34 35 -1 34 36 35 -1 36 37 35 -1 37 38 35 -1 38 39 35 -1 39 40 35 -1 35 40 41 -1 42 41 40 -1 43 35 44 -1 41 44 35 -1 45 46 47 -1 48 47 46 -1 49 50 51 -1 52 51 50 -1 53 54 55 -1 55 54 56 -1 57 56 54 -1 58 59 60 -1 61 60 59 -1 62 63 64 -1 64 63 65 -1 65 63 66 -1 67 66 63 -1 68 69 70 -1 70 69 71 -1 72 71 69 -1 73 74 75 -1 76 75 74 -1 77 78 79 -1 80 79 78 -1 81 82 83 -1 84 83 82 -1 85 86 87 -1 87 86 88 -1 89 88 86 -1 90 91 92 -1 92 91 93 -1 93 91 94 -1 95 94 91 -1 "
														                >
															<Coordinate DEF="coords_ME_ID422_002"
															            point="2.480315 7.165354 -0.000000 2.480315 19.291338 0.000000 0.000000 7.165354 -0.000000 0.000000 19.291338 0.000000 0.000000 51.643673 2.050262 0.000000 51.574802 2.834646 0.000000 19.360210 -0.784384 0.000000 19.291338 2.834646 0.000000 19.291338 0.000000 0.000000 7.165354 -0.000000 0.000000 6.653543 2.834646 0.000000 6.653543 0.026997 0.000000 19.291338 0.000000 2.480315 19.291338 0.000000 0.000000 19.360210 -0.784384 2.480315 19.360210 -0.784384 2.480315 51.643673 2.050262 2.480315 19.360210 -0.784384 2.480315 51.574802 2.834646 2.480315 19.291338 2.834646 2.480315 19.291338 0.000000 2.480315 7.165354 -0.000000 2.480315 6.653543 2.834646 2.480315 6.653543 0.026997 2.480315 6.653543 0.026997 2.480315 7.165354 -0.000000 0.000000 6.653543 0.026997 0.000000 7.165354 -0.000000 0.000000 6.653543 0.026997 0.000000 6.653543 2.834646 0.071080 3.793423 0.177860 0.077814 3.522464 2.834646 0.077814 3.522464 0.219149 2.480315 6.653543 2.834646 2.402501 3.522464 2.834646 2.480315 19.291338 2.834646 2.246873 1.354794 2.834646 1.984252 -0.000000 2.834646 0.496063 -0.000000 2.834646 0.233441 1.354794 2.834646 0.077814 3.522464 2.834646 0.000000 19.291338 2.834646 0.000000 6.653543 2.834646 2.480315 51.574802 2.834646 0.000000 51.574802 2.834646 2.480315 51.574802 2.834646 0.000000 51.574802 2.834646 2.480315 51.643673 2.050262 0.000000 51.643673 2.050262 2.480315 19.360210 -0.784384 2.480315 51.643673 2.050262 0.000000 19.360210 -0.784384 0.000000 51.643673 2.050262 2.480315 6.653543 0.026997 2.409235 3.793423 0.177860 2.480315 6.653543 2.834646 2.402501 3.522464 2.834646 2.402501 3.522464 0.219149 2.409235 3.793423 0.177860 2.480315 6.653543 0.026997 0.071080 3.793423 0.177860 0.000000 6.653543 0.026997 2.402501 3.522464 0.219149 2.409235 3.793423 0.177860 2.254356 1.459009 0.533580 0.225959 1.459009 0.533580 0.077814 3.522464 0.219149 0.071080 3.793423 0.177860 0.077814 3.522464 0.219149 0.077814 3.522464 2.834646 0.225959 1.459009 0.533580 0.233441 1.354794 0.576457 0.233441 1.354794 2.834646 0.233441 1.354794 0.576457 0.233441 1.354794 2.834646 0.496063 -0.000000 1.133858 0.496063 -0.000000 2.834646 0.496063 -0.000000 2.834646 1.984252 -0.000000 2.834646 0.496063 -0.000000 1.133858 1.984252 -0.000000 1.133858 2.246873 1.354794 0.576457 1.984252 -0.000000 1.133858 2.246873 1.354794 2.834646 1.984252 -0.000000 2.834646 2.402501 3.522464 0.219149 2.254356 1.459009 0.533580 2.402501 3.522464 2.834646 2.246873 1.354794 2.834646 2.246873 1.354794 0.576457 2.246873 1.354794 0.576457 2.254356 1.459009 0.533580 1.984252 -0.000000 1.133858 0.496063 -0.000000 1.133858 0.233441 1.354794 0.576457 0.225959 1.459009 0.533580 "
															            />
														</IndexedFaceSet>
													</Shape>
												</Group>
											</Transform>
										</Transform>
										<Transform DEF="instance_19_TRANSFORM"
										           translation="14.704756 1.154355 1.345260"
										           scale="1.000000 1.000000 1.000000"
										           rotation="1.000001 -0.000000 0.000000 0.257729"
										           >
											<Transform DEF="instance_19_ifs_TRANSFORM"
											           translation="0.000044 0.000003 0.000002"
											           scale="1.000000 1.000000 1.000000"
											           rotation="0.000000 0.000000 -0.000000 0.000000"
											           >
												<Group USE="group_ME_ID422_002" />
											</Transform>
										</Transform>
										<Transform DEF="instance_20_TRANSFORM"
										           translation="7.618208 1.149270 2.299790"
										           scale="1.000000 1.000000 1.000000"
										           rotation="1.000006 -0.000000 -0.000000 0.250971"
										           >
											<Transform DEF="instance_20_ifs_TRANSFORM"
											           translation="0.000044 -0.000007 -0.000039"
											           scale="1.000000 1.000000 1.000000"
											           rotation="0.000000 0.000000 0.000000 0.000000"
											           >
												<Group USE="group_ME_ID422_002" />
											</Transform>
										</Transform>
										<Transform DEF="instance_21_TRANSFORM"
										           translation="0.531539 1.064506 3.357652"
										           scale="1.000000 1.000000 1.000000"
										           rotation="1.000000 -0.000000 -0.000000 0.243118"
										           >
											<Transform DEF="instance_21_ifs_TRANSFORM"
											           translation="0.000167 -0.000024 -0.000003"
											           scale="1.000000 1.000000 1.000000"
											           rotation="0.000000 0.000000 0.000000 0.000000"
											           >
												<Group DEF="group_ME_ID432_001">
													<Shape>
														<Appearance>
														</Appearance>
														<IndexedFaceSet solid="false"
														                coordIndex="0 1 2 -1 3 2 1 -1 4 5 6 -1 5 7 6 -1 6 7 8 -1 8 7 9 -1 7 10 9 -1 11 9 10 -1 12 13 14 -1 15 14 13 -1 16 17 18 -1 18 17 19 -1 17 20 19 -1 20 21 19 -1 19 21 22 -1 23 22 21 -1 24 25 26 -1 27 26 25 -1 28 29 30 -1 29 31 30 -1 32 30 31 -1 33 34 35 -1 34 36 35 -1 36 37 35 -1 37 38 35 -1 38 39 35 -1 39 40 35 -1 35 40 41 -1 42 41 40 -1 43 44 45 -1 46 45 44 -1 47 48 49 -1 50 49 48 -1 51 52 53 -1 54 53 52 -1 55 56 57 -1 57 56 58 -1 59 58 56 -1 60 61 62 -1 63 62 61 -1 64 65 66 -1 66 65 67 -1 67 65 68 -1 69 68 65 -1 70 71 72 -1 71 73 72 -1 74 72 73 -1 75 76 77 -1 78 77 76 -1 79 80 81 -1 82 81 80 -1 83 84 85 -1 86 85 84 -1 87 88 89 -1 89 88 90 -1 91 90 88 -1 92 93 94 -1 94 93 95 -1 95 93 96 -1 97 96 93 -1 "
														                >
															<Coordinate DEF="coords_ME_ID432_001"
															            point="2.480315 6.771654 -0.000000 2.480315 19.291338 -0.000000 0.000000 6.771654 -0.000000 0.000000 19.291338 -0.000000 0.000000 52.037376 2.050262 0.000000 51.968502 2.834646 0.000000 19.360210 -0.784384 0.000000 19.291338 2.834646 0.000000 19.291338 -0.000000 0.000000 6.771654 -0.000000 0.000000 6.259842 2.834646 0.000000 6.259842 0.026997 0.000000 19.291338 -0.000000 2.480315 19.291338 -0.000000 0.000000 19.360210 -0.784384 2.480315 19.360210 -0.784384 2.480315 52.037376 2.050262 2.480315 19.360210 -0.784384 2.480315 51.968502 2.834646 2.480315 19.291338 2.834646 2.480315 19.291338 -0.000000 2.480315 6.771654 -0.000000 2.480315 6.259842 2.834646 2.480315 6.259842 0.026997 2.480315 6.259842 0.026997 2.480315 6.771654 -0.000000 0.000000 6.259842 0.026997 0.000000 6.771654 -0.000000 0.000000 6.259842 0.026997 0.000000 6.259842 2.834646 0.071080 3.399722 0.177860 0.077814 3.128763 2.834646 0.077814 3.128763 0.219149 2.480315 6.259842 2.834646 2.402501 3.128763 2.834646 2.480315 19.291338 2.834646 2.246873 0.961093 2.834646 1.984252 -0.393701 2.834646 0.496063 -0.393701 2.834646 0.233441 0.961093 2.834646 0.077814 3.128763 2.834646 0.000000 19.291338 2.834646 0.000000 6.259842 2.834646 2.480315 51.968502 2.834646 2.480315 19.291338 2.834646 0.000000 51.968502 2.834646 0.000000 19.291338 2.834646 2.480315 51.968502 2.834646 0.000000 51.968502 2.834646 2.480315 52.037376 2.050262 0.000000 52.037376 2.050262 2.480315 19.360210 -0.784384 2.480315 52.037376 2.050262 0.000000 19.360210 -0.784384 0.000000 52.037376 2.050262 2.480315 6.259842 0.026997 2.409235 3.399722 0.177860 2.480315 6.259842 2.834646 2.402501 3.128763 2.834646 2.402501 3.128763 0.219149 2.409235 3.399722 0.177860 2.480315 6.259842 0.026997 0.071080 3.399722 0.177860 0.000000 6.259842 0.026997 2.402501 3.128763 0.219149 2.409235 3.399722 0.177860 2.254356 1.065308 0.533580 0.225959 1.065308 0.533580 0.077814 3.128763 0.219149 0.071080 3.399722 0.177860 0.077814 3.128763 0.219149 0.077814 3.128763 2.834646 0.225959 1.065308 0.533580 0.233441 0.961093 2.834646 0.233441 0.961093 0.576457 0.233441 0.961093 0.576457 0.233441 0.961093 2.834646 0.496063 -0.393701 1.133858 0.496063 -0.393701 2.834646 0.496063 -0.393701 2.834646 1.984252 -0.393701 2.834646 0.496063 -0.393701 1.133858 1.984252 -0.393701 1.133858 2.246873 0.961093 2.834646 2.246873 0.961093 0.576457 1.984252 -0.393701 2.834646 1.984252 -0.393701 1.133858 2.402501 3.128763 0.219149 2.254356 1.065308 0.533580 2.402501 3.128763 2.834646 2.246873 0.961093 2.834646 2.246873 0.961093 0.576457 2.246873 0.961093 0.576457 2.254356 1.065308 0.533580 1.984252 -0.393701 1.133858 0.496063 -0.393701 1.133858 0.233441 0.961093 0.576457 0.225959 1.065308 0.533580 "
															            />
														</IndexedFaceSet>
													</Shape>
												</Group>
											</Transform>
										</Transform>
										<Transform DEF="instance_22_TRANSFORM"
										           translation="21.791426 1.159591 0.492842"
										           scale="1.000000 1.000000 1.000000"
										           rotation="0.999999 -0.000000 0.000000 0.263632"
										           >
											<Transform DEF="instance_22_ifs_TRANSFORM"
											           translation="0.000044 -0.000007 -0.000045"
											           scale="1.000000 1.000000 1.000000"
											           rotation="0.000000 0.000000 -0.000000 0.000000"
											           >
												<Group USE="group_ME_ID422_002" />
											</Transform>
										</Transform>
										<Transform DEF="instance_23_TRANSFORM"
										           translation="28.877974 1.164668 -0.257831"
										           scale="1.000000 1.000000 1.000000"
										           rotation="1.000000 -0.000000 0.000000 0.268693"
										           >
											<Transform DEF="instance_23_ifs_TRANSFORM"
											           translation="0.000044 -0.000006 -0.000038"
											           scale="1.000000 1.000000 1.000000"
											           rotation="0.000000 -0.000000 0.000000 0.000000"
											           >
												<Group USE="group_ME_ID422_002" />
											</Transform>
										</Transform>
									</Transform>
									<Transform DEF="group_54_TRANSFORM"
									           translation="0.000045 -0.000000 4.670964"
									           scale="1.000000 1.000000 1.000000"
									           rotation="0.000000 -0.000000 -0.000000 0.000000"
									           >
										<Transform DEF="group_55_TRANSFORM"
										           translation="19.628220 21.394587 7.932373"
										           scale="1.000000 1.000000 1.000000"
										           rotation="0.000000 -0.000000 -0.000000 0.000000"
										           >
											<Transform DEF="group_55_ifs_TRANSFORM"
											           translation="0.000046 0.000000 -0.000001"
											           scale="1.000000 1.000000 1.000000"
											           rotation="0.000000 -0.000000 -0.000000 0.000000"
											           >
												<Group DEF="group_ME_ID442">
													<Shape>
														<Appearance>
															<Material USE="MA_material_020" />
														</Appearance>
														<IndexedFaceSet solid="false"
														                coordIndex="0 1 2 -1 1 3 2 -1 2 3 4 -1 5 4 3 -1 6 7 1 -1 1 7 3 -1 7 8 3 -1 5 3 8 -1 9 10 11 -1 11 10 12 -1 10 13 12 -1 12 13 14 -1 13 15 14 -1 16 14 15 -1 0 2 17 -1 17 2 18 -1 2 4 18 -1 19 18 4 -1 20 21 22 -1 21 23 22 -1 22 23 24 -1 23 25 24 -1 24 25 26 -1 27 26 25 -1 28 29 6 -1 6 29 7 -1 29 30 7 -1 8 7 30 -1 28 31 29 -1 31 32 29 -1 29 32 30 -1 33 30 32 -1 34 35 31 -1 31 35 32 -1 35 36 32 -1 33 32 36 -1 34 37 35 -1 37 38 35 -1 35 38 36 -1 39 36 38 -1 37 17 38 -1 17 18 38 -1 38 18 39 -1 19 39 18 -1 "
														                >
															<Coordinate DEF="coords_ME_ID442"
															            point="76.586456 84.987686 20.437017 76.827461 84.484459 21.672867 33.005188 37.996830 9.801955 33.246201 37.493607 11.037804 0.000000 2.409470 1.747754 0.241011 1.906247 2.983602 77.688217 83.570305 22.184771 34.106960 36.579445 11.549709 1.101770 0.992088 3.495507 77.688217 83.570305 22.184771 76.827461 84.484459 21.672867 78.664513 82.780708 21.672867 79.184425 82.578217 20.437017 76.586456 84.987686 20.437017 78.943420 83.081436 19.201170 77.106369 84.785187 19.201170 78.082657 83.995598 18.689266 77.106369 84.785187 19.201170 33.525108 37.794334 8.566107 0.519919 2.206976 0.511905 1.101770 0.992088 3.495507 2.078057 0.202495 2.983602 0.241011 1.906247 2.983602 2.597976 0.000000 1.747754 0.000000 2.409470 1.747754 2.356965 0.503223 0.511905 0.519919 2.206976 0.511905 1.496206 1.417382 0.000000 78.664513 82.780708 21.672867 35.083244 35.789852 11.037804 2.078057 0.202495 2.983602 79.184425 82.578217 20.437017 35.603165 35.587360 9.801955 2.597976 0.000000 1.747754 78.943420 83.081436 19.201170 35.362152 36.090584 8.566107 2.356965 0.503223 0.511905 78.082657 83.995598 18.689266 34.501392 37.004738 8.054201 1.496206 1.417382 0.000000 "
															            />
														</IndexedFaceSet>
													</Shape>
												</Group>
											</Transform>
										</Transform>
										<Transform DEF="group_56_TRANSFORM"
										           translation="84.626511 24.583536 0.624133"
										           scale="1.000000 1.000000 1.000000"
										           rotation="0.000000 -0.000000 -0.000000 0.000000"
										           >
											<Transform DEF="group_56_ifs_TRANSFORM"
											           translation="0.000045 0.000000 -0.000012"
											           scale="1.000000 1.000000 1.000000"
											           rotation="0.000000 -0.000000 -0.000000 0.000000"
											           >
												<Group DEF="group_ME_ID449">
													<Shape>
														<Appearance>
															<Material USE="MA_material_020" />
														</Appearance>
														<IndexedFaceSet solid="false"
														                coordIndex="0 1 2 -1 1 3 2 -1 2 3 4 -1 5 4 3 -1 1 6 3 -1 6 7 3 -1 3 7 5 -1 8 5 7 -1 9 10 11 -1 10 12 11 -1 11 12 13 -1 12 14 13 -1 13 14 15 -1 16 15 14 -1 17 0 18 -1 0 2 18 -1 18 2 19 -1 4 19 2 -1 20 21 22 -1 22 21 23 -1 21 24 23 -1 23 24 25 -1 24 26 25 -1 27 25 26 -1 28 29 6 -1 6 29 7 -1 29 30 7 -1 8 7 30 -1 31 32 28 -1 28 32 29 -1 32 33 29 -1 30 29 33 -1 34 35 31 -1 31 35 32 -1 35 36 32 -1 33 32 36 -1 37 38 34 -1 34 38 35 -1 38 39 35 -1 36 35 39 -1 37 17 38 -1 17 18 38 -1 38 18 39 -1 19 39 18 -1 "
														                >
															<Coordinate DEF="coords_ME_ID449"
															            point="11.821648 80.823883 26.491280 11.254016 80.515213 27.683407 5.187248 33.833023 11.165402 4.619618 33.524357 12.357528 0.567630 1.112681 0.493794 0.000000 0.804015 1.685919 11.714005 80.061462 28.875532 5.079607 33.070610 13.549652 0.459989 0.350265 2.878044 12.932158 79.728424 29.369326 11.714005 80.061462 28.875532 14.194898 79.711197 28.875532 11.254016 80.515213 27.683407 14.762528 80.019859 27.683407 11.821648 80.823883 26.491280 14.302539 80.473618 26.491280 13.084387 80.806648 25.997488 13.084387 80.806648 25.997488 6.449988 33.815792 10.671608 1.830370 1.095450 0.000000 1.678142 0.017231 3.371838 2.940881 0.000000 2.878044 0.459989 0.350265 2.878044 0.000000 0.804015 1.685919 3.508512 0.308666 1.685919 0.567630 1.112681 0.493794 3.048523 0.762416 0.493794 1.830370 1.095450 0.000000 12.932158 79.728424 29.369326 6.297760 32.737576 14.043447 1.678142 0.017231 3.371838 14.194898 79.711197 28.875532 7.560499 32.720341 13.549652 2.940881 0.000000 2.878044 14.762528 80.019859 27.683407 8.128130 33.029011 12.357528 3.508512 0.308666 1.685919 14.302539 80.473618 26.491280 7.668140 33.482758 11.165402 3.048523 0.762416 0.493794 "
															            />
														</IndexedFaceSet>
													</Shape>
												</Group>
											</Transform>
										</Transform>
										<Transform DEF="group_57_TRANSFORM"
										           translation="77.496017 24.312342 1.329029"
										           scale="1.000000 1.000000 1.000000"
										           rotation="0.000000 -0.000000 -0.000000 0.000000"
										           >
											<Transform DEF="group_57_ifs_TRANSFORM"
											           translation="0.000045 0.000000 -0.000011"
											           scale="1.000000 1.000000 1.000000"
											           rotation="0.000000 -0.000000 -0.000000 0.000000"
											           >
												<Group DEF="group_ME_ID456">
													<Shape>
														<Appearance>
															<Material USE="MA_material_020" />
														</Appearance>
														<IndexedFaceSet solid="false"
														                coordIndex="0 1 2 -1 1 3 2 -1 2 3 4 -1 5 4 3 -1 1 6 3 -1 6 7 3 -1 3 7 5 -1 8 5 7 -1 9 10 11 -1 10 12 11 -1 11 12 13 -1 12 14 13 -1 13 14 15 -1 16 15 14 -1 17 0 18 -1 0 2 18 -1 18 2 19 -1 4 19 2 -1 20 21 22 -1 22 21 23 -1 21 24 23 -1 23 24 25 -1 24 26 25 -1 27 25 26 -1 6 28 7 -1 28 29 7 -1 7 29 8 -1 30 8 29 -1 31 32 28 -1 28 32 29 -1 32 33 29 -1 30 29 33 -1 34 35 31 -1 31 35 32 -1 35 36 32 -1 33 32 36 -1 37 38 34 -1 34 38 35 -1 38 39 35 -1 36 35 39 -1 17 18 37 -1 37 18 38 -1 18 19 38 -1 39 38 19 -1 "
														                >
															<Coordinate DEF="coords_ME_ID456"
															            point="20.214907 81.077843 25.292580 18.959740 81.209427 25.788439 9.414214 34.086987 10.422803 8.159045 34.218575 10.918663 1.843588 1.149271 0.000000 0.588419 1.280857 0.495860 18.371319 80.965858 26.985550 7.570626 33.975006 12.115776 0.000000 1.037289 1.692973 19.980997 80.060158 28.678524 18.794338 80.489815 28.182663 21.236164 79.928574 28.182663 18.371319 80.965858 26.985550 21.824585 80.172142 26.985550 18.959740 81.209427 25.788439 21.401566 80.648186 25.788439 20.214907 81.077843 25.292580 21.401566 80.648186 25.788439 10.600871 33.657330 10.918663 3.030245 0.719611 0.495860 1.609676 0.131586 3.385946 2.864845 0.000000 2.890086 0.423019 0.561246 2.890086 0.000000 1.037289 1.692973 3.453264 0.243568 1.692973 0.588419 1.280857 0.495860 3.030245 0.719611 0.495860 1.843588 1.149271 0.000000 18.794338 80.489815 28.182663 7.993645 33.498962 13.312888 0.423019 0.561246 2.890086 19.980997 80.060158 28.678524 9.180303 33.069302 13.808748 1.609676 0.131586 3.385946 21.236164 79.928574 28.182663 10.435472 32.937714 13.312888 2.864845 0.000000 2.890086 21.824585 80.172142 26.985550 11.023890 33.181282 12.115776 3.453264 0.243568 1.692973 "
															            />
														</IndexedFaceSet>
													</Shape>
												</Group>
											</Transform>
										</Transform>
										<Transform DEF="group_58_TRANSFORM"
										           translation="63.210617 23.748541 2.801688"
										           scale="1.000000 1.000000 1.000000"
										           rotation="0.000000 -0.000000 -0.000000 0.000000"
										           >
											<Transform DEF="group_58_ifs_TRANSFORM"
											           translation="0.000045 -0.000000 -0.000008"
											           scale="1.000000 1.000000 1.000000"
											           rotation="0.000000 -0.000000 -0.000000 0.000000"
											           >
												<Group DEF="group_ME_ID463">
													<Shape>
														<Appearance>
															<Material USE="MA_material_020" />
														</Appearance>
														<IndexedFaceSet solid="false"
														                coordIndex="0 1 2 -1 1 3 2 -1 2 3 4 -1 5 4 3 -1 1 6 3 -1 6 7 3 -1 3 7 5 -1 8 5 7 -1 9 10 11 -1 11 10 12 -1 10 13 12 -1 12 13 14 -1 13 15 14 -1 16 14 15 -1 0 2 17 -1 17 2 18 -1 2 4 18 -1 19 18 4 -1 20 21 22 -1 21 23 22 -1 22 23 24 -1 23 25 24 -1 24 25 26 -1 27 26 25 -1 6 28 7 -1 28 29 7 -1 7 29 8 -1 30 8 29 -1 31 32 33 -1 33 32 34 -1 32 35 34 -1 36 34 35 -1 37 38 31 -1 31 38 32 -1 38 39 32 -1 35 32 39 -1 17 18 37 -1 37 18 38 -1 18 19 38 -1 39 38 19 -1 28 33 29 -1 33 34 29 -1 29 34 30 -1 36 30 34 -1 "
														                >
															<Coordinate DEF="coords_ME_ID463"
															            point="35.609257 81.042831 24.320349 34.500359 81.641640 23.819937 16.514301 34.051979 10.403429 15.405402 34.650787 9.903018 2.926691 0.614172 0.500411 1.817792 1.212982 0.000000 33.288082 81.986053 24.320349 14.193128 34.995201 10.403429 0.605517 1.557392 0.500411 34.147411 80.773071 27.236959 33.038509 81.371880 26.736549 35.359684 80.428665 26.736549 35.965202 80.540398 25.528448 32.682568 81.874313 25.528448 35.609257 81.042831 24.320349 33.288082 81.986053 24.320349 34.500359 81.641640 23.819937 35.965202 80.540398 25.528448 16.870247 33.549545 11.611528 3.282636 0.111739 1.708511 1.464844 0.344411 3.417022 2.677119 0.000000 2.916610 0.355945 0.943220 2.916610 3.282636 0.111739 1.708511 0.000000 1.445653 1.708511 2.926691 0.614172 0.500411 0.605517 1.557392 0.500411 1.817792 1.212982 0.000000 32.682568 81.874313 25.528448 13.587610 34.883461 11.611528 0.000000 1.445653 1.708511 34.147411 80.773071 27.236959 15.052455 33.782219 13.320040 33.038509 81.371880 26.736549 13.943555 34.381027 12.819629 1.464844 0.344411 3.417022 0.355945 0.943220 2.916610 35.359684 80.428665 26.736549 16.264729 33.437805 12.819629 2.677119 0.000000 2.916610 "
															            />
														</IndexedFaceSet>
													</Shape>
												</Group>
											</Transform>
										</Transform>
										<Transform DEF="group_59_TRANSFORM"
										           translation="56.039719 23.441082 3.573845"
										           scale="1.000000 1.000000 1.000000"
										           rotation="0.000000 -0.000000 -0.000000 0.000000"
										           >
											<Transform DEF="group_59_ifs_TRANSFORM"
											           translation="0.000046 -0.000000 -0.000007"
											           scale="1.000000 1.000000 1.000000"
											           rotation="0.000000 -0.000000 -0.000000 0.000000"
											           >
												<Group DEF="group_ME_ID470_001">
													<Shape>
														<Appearance>
															<Material USE="MA_material_020" />
														</Appearance>
														<IndexedFaceSet solid="false"
														                coordIndex="0 1 2 -1 2 1 3 -1 1 4 3 -1 3 4 5 -1 4 6 5 -1 7 5 6 -1 8 9 10 -1 10 9 11 -1 9 12 11 -1 13 11 12 -1 14 10 15 -1 10 11 15 -1 15 11 16 -1 13 16 11 -1 17 14 18 -1 14 15 18 -1 18 15 19 -1 16 19 15 -1 20 17 21 -1 17 18 21 -1 21 18 22 -1 19 22 18 -1 23 20 24 -1 20 21 24 -1 24 21 25 -1 22 25 21 -1 23 24 26 -1 26 24 27 -1 24 25 27 -1 28 27 25 -1 26 27 29 -1 29 27 30 -1 27 28 30 -1 31 30 28 -1 29 30 8 -1 8 30 9 -1 30 31 9 -1 12 9 31 -1 32 33 34 -1 33 35 34 -1 34 35 36 -1 35 37 36 -1 36 37 38 -1 39 38 37 -1 "
														                >
															<Coordinate DEF="coords_ME_ID470_001"
															            point="1.393688 0.439618 3.432633 2.573804 0.000000 2.929936 0.327584 1.109959 2.929936 0.000000 1.618347 1.716317 3.176635 0.048628 1.716317 0.602831 1.666975 0.502697 2.849050 0.557016 0.502697 1.782946 1.227357 0.000000 41.281963 81.161362 26.480400 18.061649 34.170506 13.063516 40.215858 81.831696 25.977701 16.995544 34.840847 12.560819 1.393688 0.439618 3.432633 0.327584 1.109959 2.929936 39.888275 82.340088 24.764084 16.667961 35.349236 11.347198 0.000000 1.618347 1.716317 40.491104 82.388718 23.550465 17.270792 35.397865 10.133580 0.602831 1.666975 0.502697 41.671223 81.949104 23.047766 18.450909 34.958244 9.630882 1.782946 1.227357 0.000000 42.737324 81.278763 23.550465 19.517012 34.287903 10.133580 2.849050 0.557016 0.502697 43.064907 80.770370 24.764084 19.844595 33.779514 11.347198 3.176635 0.048628 1.716317 42.462078 80.721741 25.977701 19.241764 33.730888 12.560819 2.573804 0.000000 2.929936 41.281963 81.161362 26.480400 40.215858 81.831696 25.977701 42.462078 80.721741 25.977701 39.888275 82.340088 24.764084 43.064907 80.770370 24.764084 40.491104 82.388718 23.550465 42.737324 81.278763 23.550465 41.671223 81.949104 23.047766 "
															            />
														</IndexedFaceSet>
													</Shape>
												</Group>
											</Transform>
										</Transform>
										<Transform DEF="group_60_TRANSFORM"
										           translation="91.744919 24.749453 -0.000014"
										           scale="1.000000 1.000000 1.000000"
										           rotation="0.000000 -0.000000 -0.000000 0.000000"
										           >
											<Transform DEF="group_60_ifs_TRANSFORM"
											           translation="0.000045 0.000000 -0.000014"
											           scale="1.000000 1.000000 1.000000"
											           rotation="0.000000 -0.000000 -0.000000 0.000000"
											           >
												<Group DEF="group_ME_ID477_002">
													<Shape>
														<Appearance>
															<Material USE="MA_material_020" />
														</Appearance>
														<IndexedFaceSet solid="false"
														                coordIndex="0 1 2 -1 1 3 2 -1 2 3 4 -1 4 3 5 -1 3 6 5 -1 7 5 6 -1 8 9 10 -1 10 9 11 -1 9 12 11 -1 13 11 12 -1 14 10 15 -1 10 11 15 -1 15 11 16 -1 13 16 11 -1 17 14 18 -1 14 15 18 -1 18 15 19 -1 16 19 15 -1 20 17 21 -1 17 18 21 -1 21 18 22 -1 19 22 18 -1 23 20 24 -1 20 21 24 -1 24 21 25 -1 22 25 21 -1 23 24 26 -1 26 24 27 -1 24 25 27 -1 28 27 25 -1 26 27 29 -1 29 27 30 -1 27 28 30 -1 31 30 28 -1 29 30 8 -1 8 30 9 -1 30 31 9 -1 12 9 31 -1 32 33 34 -1 33 35 34 -1 34 35 36 -1 36 35 37 -1 35 38 37 -1 39 37 38 -1 "
														                >
															<Coordinate DEF="coords_ME_ID477_002"
															            point="1.739826 0.000000 3.360475 2.999468 0.098742 2.868345 0.497406 0.229870 2.868345 3.538451 0.468255 1.680238 0.000000 0.653697 1.680238 0.538983 1.023210 0.492130 3.041045 0.892082 0.492130 1.798625 1.121952 0.000000 5.907229 79.518776 29.982096 3.442206 32.483345 14.235380 4.664808 79.748642 29.489964 2.199785 32.713215 13.743251 1.739826 0.000000 3.360475 0.497406 0.229870 2.868345 4.167402 80.172470 28.301855 1.702380 33.137043 12.555143 0.000000 0.653697 1.680238 4.706386 80.541985 27.113750 2.241363 33.506554 11.367036 0.538983 1.023210 0.492130 5.966027 80.640732 26.621618 3.501005 33.605293 10.874906 1.798625 1.121952 0.000000 7.208448 80.410858 27.113750 4.743425 33.375423 11.367036 3.041045 0.892082 0.492130 7.705854 79.987030 28.301857 5.240831 32.951599 12.555143 3.538451 0.468255 1.680238 7.166871 79.617523 29.489964 4.701849 32.582085 13.743251 2.999468 0.098742 2.868345 5.907229 79.518776 29.982096 4.664808 79.748642 29.489964 7.166871 79.617523 29.489964 4.167402 80.172470 28.301855 7.705854 79.987030 28.301857 7.208448 80.410858 27.113750 4.706386 80.541985 27.113750 5.966027 80.640732 26.621618 "
															            />
														</IndexedFaceSet>
													</Shape>
												</Group>
											</Transform>
										</Transform>
										<Transform DEF="group_61_TRANSFORM"
										           translation="48.811569 23.140730 4.389032"
										           scale="1.000000 1.000000 1.000000"
										           rotation="0.000000 -0.000000 -0.000000 0.000000"
										           >
											<Transform DEF="group_61_ifs_TRANSFORM"
											           translation="0.000046 -0.000000 -0.000006"
											           scale="1.000000 1.000000 1.000000"
											           rotation="0.000000 -0.000000 -0.000000 0.000000"
											           >
												<Group DEF="group_ME_ID484_003">
													<Shape>
														<Appearance>
															<Material USE="MA_material_020" />
														</Appearance>
														<IndexedFaceSet solid="false"
														                coordIndex="0 1 2 -1 1 3 2 -1 2 3 4 -1 5 4 3 -1 6 7 1 -1 1 7 3 -1 7 8 3 -1 5 3 8 -1 9 10 11 -1 11 10 12 -1 10 13 12 -1 12 13 14 -1 13 15 14 -1 16 14 15 -1 0 2 17 -1 17 2 18 -1 2 4 18 -1 19 18 4 -1 20 21 22 -1 21 23 22 -1 22 23 24 -1 23 25 24 -1 24 25 26 -1 27 26 25 -1 28 29 6 -1 6 29 7 -1 29 30 7 -1 8 7 30 -1 28 31 29 -1 31 32 29 -1 29 32 30 -1 33 30 32 -1 34 35 31 -1 31 35 32 -1 35 36 32 -1 33 32 36 -1 34 37 35 -1 37 38 35 -1 35 38 36 -1 39 36 38 -1 37 17 38 -1 17 18 38 -1 38 18 39 -1 19 39 18 -1 "
														                >
															<Coordinate DEF="coords_ME_ID484_003"
															            point="47.132027 82.823135 23.888041 47.383938 82.337097 25.125666 19.802544 35.832287 10.996503 20.054455 35.346245 12.234127 0.000000 1.783399 1.655483 0.251910 1.297359 2.893106 48.367893 81.613426 25.677563 21.038410 34.622578 12.786026 1.235867 0.573689 3.445006 48.367893 81.613426 25.677563 47.383938 82.337097 25.125666 49.507507 81.076050 25.220446 50.135212 81.039742 24.022081 47.132027 82.823135 23.888041 49.883301 81.525780 22.784458 47.759731 82.786835 22.689678 48.899345 82.249451 22.232559 47.759731 82.786835 22.689678 20.430246 35.795979 9.798141 0.627702 1.747094 0.457119 1.235867 0.573689 3.445006 2.375482 0.036306 2.987886 0.251910 1.297359 2.893106 3.003184 0.000000 1.789523 0.000000 1.783399 1.655483 2.751274 0.486040 0.551900 0.627702 1.747094 0.457119 1.767318 1.209710 0.000000 49.507507 81.076050 25.220446 22.178026 34.085194 12.328907 2.375482 0.036306 2.987886 50.135212 81.039742 24.022081 22.805729 34.048885 11.130543 3.003184 0.000000 1.789523 49.883301 81.525780 22.784458 22.553818 34.534927 9.892920 2.751274 0.486040 0.551900 48.899345 82.249451 22.232559 21.569860 35.258598 9.341021 1.767318 1.209710 0.000000 "
															            />
														</IndexedFaceSet>
													</Shape>
												</Group>
											</Transform>
										</Transform>
										<Transform DEF="group_62_TRANSFORM"
										           translation="70.359177 24.034357 2.040395"
										           scale="1.000000 1.000000 1.000000"
										           rotation="0.000000 -0.000000 -0.000000 0.000000"
										           >
											<Transform DEF="group_62_ifs_TRANSFORM"
											           translation="0.000045 -0.000000 -0.000010"
											           scale="1.000000 1.000000 1.000000"
											           rotation="0.000000 -0.000000 -0.000000 0.000000"
											           >
												<Group DEF="group_ME_ID491_002">
													<Shape>
														<Appearance>
															<Material USE="MA_material_020" />
														</Appearance>
														<IndexedFaceSet solid="false"
														                coordIndex="0 1 2 -1 2 1 3 -1 1 4 3 -1 5 3 4 -1 6 7 8 -1 7 9 8 -1 8 9 10 -1 9 11 10 -1 10 11 12 -1 13 12 11 -1 14 15 0 -1 0 15 1 -1 15 16 1 -1 4 1 16 -1 17 18 19 -1 19 18 20 -1 18 21 20 -1 20 21 22 -1 21 23 22 -1 24 22 23 -1 25 2 26 -1 2 3 26 -1 26 3 27 -1 5 27 3 -1 28 25 29 -1 25 26 29 -1 29 26 30 -1 27 30 26 -1 31 28 32 -1 28 29 32 -1 32 29 33 -1 30 33 29 -1 34 31 35 -1 31 32 35 -1 35 32 36 -1 33 36 32 -1 34 35 37 -1 37 35 38 -1 35 36 38 -1 39 38 36 -1 37 38 14 -1 14 38 15 -1 38 39 15 -1 16 15 39 -1 "
														                >
															<Coordinate DEF="coords_ME_ID491_002"
															            point="27.050430 80.408882 27.982286 12.095865 33.418022 13.573845 25.900808 80.927460 27.484207 10.946244 33.936607 13.075766 1.537544 0.241228 3.401103 0.387922 0.759811 2.903023 1.537544 0.241228 3.401103 2.775431 0.000000 2.903023 0.387922 0.759811 2.903023 3.376448 0.177435 1.700551 0.000000 1.251969 1.700551 2.988525 0.669593 0.498080 0.601016 1.429404 0.498080 1.838904 1.188176 0.000000 28.288319 80.167648 27.484207 13.333753 33.176796 13.075766 2.775431 0.000000 2.903023 27.050430 80.408882 27.982286 25.900808 80.927460 27.484207 28.288319 80.167648 27.484207 28.889334 80.345085 26.281736 25.512886 81.419617 26.281736 28.501411 80.837242 25.079264 26.113903 81.597054 25.079264 27.351789 81.355827 24.581184 25.512886 81.419617 26.281736 10.558321 34.428764 11.873295 0.000000 1.251969 1.700551 26.113903 81.597054 25.079264 11.159337 34.606197 10.670823 0.601016 1.429404 0.498080 27.351789 81.355827 24.581184 12.397225 34.364971 10.172743 1.838904 1.188176 0.000000 28.501411 80.837242 25.079264 13.546847 33.846390 10.670823 2.988525 0.669593 0.498080 28.889334 80.345085 26.281736 13.934769 33.354229 11.873295 3.376448 0.177435 1.700551 "
															            />
														</IndexedFaceSet>
													</Shape>
												</Group>
											</Transform>
										</Transform>
										<Transform DEF="group_63_TRANSFORM"
										           translation="27.011887 21.856859 7.002501"
										           scale="1.000000 1.000000 1.000000"
										           rotation="0.000000 -0.000000 -0.000000 0.000000"
										           >
											<Transform DEF="group_63_ifs_TRANSFORM"
											           translation="0.000046 0.000000 -0.000002"
											           scale="1.000000 1.000000 1.000000"
											           rotation="0.000000 -0.000000 -0.000000 0.000000"
											           >
												<Group DEF="group_ME_ID498_003">
													<Shape>
														<Appearance>
															<Material USE="MA_material_020" />
														</Appearance>
														<IndexedFaceSet solid="false"
														                coordIndex="0 1 2 -1 1 3 2 -1 2 3 4 -1 3 5 4 -1 4 5 6 -1 7 6 5 -1 8 9 10 -1 10 9 11 -1 9 12 11 -1 13 11 12 -1 14 15 8 -1 8 15 9 -1 15 16 9 -1 12 9 16 -1 14 17 15 -1 17 18 15 -1 15 18 16 -1 19 16 18 -1 20 21 17 -1 17 21 18 -1 21 22 18 -1 19 18 22 -1 20 23 21 -1 23 24 21 -1 21 24 22 -1 25 22 24 -1 23 26 24 -1 26 27 24 -1 24 27 25 -1 28 25 27 -1 29 30 26 -1 26 30 27 -1 30 31 27 -1 28 27 31 -1 29 10 30 -1 10 11 30 -1 30 11 31 -1 13 31 11 -1 32 33 34 -1 34 33 35 -1 33 36 35 -1 35 36 37 -1 36 38 37 -1 39 37 38 -1 "
														                >
															<Coordinate DEF="coords_ME_ID498_003"
															            point="70.288918 83.046043 23.104706 69.390518 83.924072 22.594252 71.307449 82.310730 22.594252 69.138496 84.430489 21.361906 71.849457 82.148880 21.361906 69.680504 84.268631 20.129562 71.597443 82.655289 20.129562 70.699036 83.533325 19.619108 70.288918 83.046043 23.104706 30.740274 36.055183 11.882171 69.390518 83.924072 22.594252 29.841864 36.933216 11.371716 1.150424 0.897162 3.485597 0.252015 1.775193 2.975143 71.307449 82.310730 22.594252 31.758802 35.319874 11.371716 2.168951 0.161853 2.975143 71.849457 82.148880 21.361906 32.300808 35.158024 10.139371 2.710958 0.000000 1.742799 71.597443 82.655289 20.129562 32.048794 35.664440 8.907027 2.458943 0.506415 0.510454 70.699036 83.533325 19.619108 31.150385 36.542469 8.396573 1.560534 1.384446 0.000000 69.680504 84.268631 20.129562 30.131859 37.277779 8.907027 0.542006 2.119755 0.510454 69.138496 84.430489 21.361906 29.589851 37.439632 10.139371 0.000000 2.281608 1.742799 1.150424 0.897162 3.485597 2.168951 0.161853 2.975143 0.252015 1.775193 2.975143 0.000000 2.281608 1.742799 2.710958 0.000000 1.742799 0.542006 2.119755 0.510454 2.458943 0.506415 0.510454 1.560534 1.384446 0.000000 "
															            />
														</IndexedFaceSet>
													</Shape>
												</Group>
											</Transform>
										</Transform>
										<Transform DEF="group_64_TRANSFORM"
										           translation="34.338425 22.296663 6.099789"
										           scale="1.000000 1.000000 1.000000"
										           rotation="0.000000 -0.000000 -0.000000 0.000000"
										           >
											<Transform DEF="group_64_ifs_TRANSFORM"
											           translation="0.000046 0.000000 -0.000003"
											           scale="1.000000 1.000000 1.000000"
											           rotation="0.000000 -0.000000 -0.000000 0.000000"
											           >
												<Group DEF="group_ME_ID505_001">
													<Shape>
														<Appearance>
															<Material USE="MA_material_020" />
														</Appearance>
														<IndexedFaceSet solid="false"
														                coordIndex="0 1 2 -1 1 3 2 -1 2 3 4 -1 3 5 4 -1 4 5 6 -1 7 6 5 -1 8 9 10 -1 10 9 11 -1 9 12 11 -1 13 11 12 -1 14 10 15 -1 10 11 15 -1 15 11 16 -1 13 16 11 -1 14 15 17 -1 17 15 18 -1 15 16 18 -1 19 18 16 -1 20 17 21 -1 17 18 21 -1 21 18 22 -1 19 22 18 -1 23 20 24 -1 20 21 24 -1 24 21 25 -1 22 25 21 -1 23 24 26 -1 26 24 27 -1 24 25 27 -1 28 27 25 -1 29 26 30 -1 26 27 30 -1 30 27 31 -1 28 31 27 -1 29 30 8 -1 8 30 9 -1 30 31 9 -1 12 9 31 -1 32 33 34 -1 34 33 35 -1 33 36 35 -1 35 36 37 -1 36 38 37 -1 39 37 38 -1 "
														                >
															<Coordinate DEF="coords_ME_ID505_001"
															            point="1.203943 0.790171 3.474289 2.264994 0.116424 2.965491 0.265751 1.626570 2.965491 2.827356 0.000000 1.737144 0.000000 2.135669 1.737144 2.561605 0.509099 0.508798 0.562362 2.019245 0.508798 1.623414 1.345498 0.000000 62.953037 82.538193 23.996122 27.458078 35.547340 12.199648 62.014851 83.374588 23.487324 26.519888 36.383736 11.690849 1.203943 0.790171 3.474289 0.265751 1.626570 2.965491 61.749092 83.883690 22.258978 26.254135 36.892838 10.462503 0.000000 2.135669 1.737144 62.311459 83.767265 21.030632 26.816498 36.776413 9.234156 0.562362 2.019245 0.508798 63.372509 83.093521 20.521833 27.877548 36.102665 8.725359 1.623414 1.345498 0.000000 64.310699 82.257118 21.030632 28.815741 35.266266 9.234156 2.561605 0.509099 0.508798 64.576454 81.748024 22.258978 29.081491 34.757168 10.462503 2.827356 0.000000 1.737144 64.014091 81.864449 23.487324 28.519131 34.873589 11.690849 2.264994 0.116424 2.965491 62.953037 82.538193 23.996122 62.014851 83.374588 23.487324 64.014091 81.864449 23.487324 64.576454 81.748024 22.258978 61.749092 83.883690 22.258978 64.310699 82.257118 21.030632 62.311459 83.767265 21.030632 63.372509 83.093521 20.521833 "
															            />
														</IndexedFaceSet>
													</Shape>
												</Group>
											</Transform>
										</Transform>
										<Transform DEF="group_65_TRANSFORM"
										           translation="41.610519 22.709408 5.226375"
										           scale="1.000000 1.000000 1.000000"
										           rotation="0.000000 -0.000000 -0.000000 0.000000"
										           >
											<Transform DEF="group_65_ifs_TRANSFORM"
											           translation="0.000046 0.000000 -0.000005"
											           scale="1.000000 1.000000 1.000000"
											           rotation="0.000000 -0.000000 -0.000000 0.000000"
											           >
												<Group DEF="group_ME_ID512_002">
													<Shape>
														<Appearance>
															<Material USE="MA_material_020" />
														</Appearance>
														<IndexedFaceSet solid="false"
														                coordIndex="0 1 2 -1 2 1 3 -1 1 4 3 -1 5 3 4 -1 6 7 8 -1 8 7 9 -1 7 10 9 -1 9 10 11 -1 10 12 11 -1 13 11 12 -1 0 14 1 -1 14 15 1 -1 1 15 4 -1 16 4 15 -1 17 18 19 -1 18 20 19 -1 19 20 21 -1 20 22 21 -1 21 22 23 -1 24 23 22 -1 25 2 26 -1 2 3 26 -1 26 3 27 -1 5 27 3 -1 28 29 14 -1 14 29 15 -1 29 30 15 -1 16 15 30 -1 31 25 32 -1 25 26 32 -1 32 26 33 -1 27 33 26 -1 31 32 34 -1 34 32 35 -1 32 33 35 -1 36 35 33 -1 37 34 38 -1 34 35 38 -1 38 35 39 -1 36 39 35 -1 37 38 28 -1 28 38 29 -1 38 39 29 -1 30 29 39 -1 "
														                >
															<Coordinate DEF="coords_ME_ID512_002"
															            point="54.417439 83.351120 23.126068 22.996046 36.360260 10.772141 54.997467 83.285027 21.902206 23.576075 36.294167 9.548279 0.000000 1.969557 1.730803 0.580029 1.903463 0.506940 1.262486 0.670341 3.461605 2.365454 0.066094 2.954665 0.282683 1.458781 2.954665 0.000000 1.969557 1.730803 2.945483 0.000000 1.730803 0.580029 1.903463 0.506940 2.662800 0.510776 0.506940 1.682997 1.299216 0.000000 54.700123 82.840340 24.349930 23.278728 35.849483 11.996003 0.282683 1.458781 2.954665 55.679924 82.051903 24.856871 54.700123 82.840340 24.349930 56.782890 81.447655 24.349930 54.417439 83.351120 23.126068 57.362923 81.381561 23.126068 54.997467 83.285027 21.902206 57.080238 81.892334 21.902206 56.100433 82.680779 21.395266 56.100433 82.680779 21.395266 24.679043 35.689922 9.041339 1.682997 1.299216 0.000000 55.679924 82.051903 24.856871 24.258530 35.061047 12.502944 1.262486 0.670341 3.461605 57.080238 81.892334 21.902206 25.658846 34.901482 9.548279 2.662800 0.510776 0.506940 57.362923 81.381561 23.126068 25.941530 34.390705 10.772141 2.945483 0.000000 1.730803 56.782890 81.447655 24.349930 25.361500 34.456799 11.996003 2.365454 0.066094 2.954665 "
															            />
														</IndexedFaceSet>
													</Shape>
												</Group>
											</Transform>
										</Transform>
										<Transform DEF="group_65_001_TRANSFORM"
										           translation="41.610519 22.709408 5.226375"
										           scale="1.000000 1.000000 1.000000"
										           rotation="0.000000 -0.000000 -0.000000 0.000000"
										           >
											<Transform DEF="group_65_001_ifs_TRANSFORM"
											           translation="0.000046 0.000000 -0.000005"
											           scale="1.000000 1.000000 1.000000"
											           rotation="0.000000 -0.000000 -0.000000 0.000000"
											           >
												<Group DEF="group_ME_ID518">
												</Group>
											</Transform>
										</Transform>
										<Transform DEF="instance_24_TRANSFORM"
										           translation="47.848068 7.173384 4.637568"
										           scale="1.000000 1.000000 1.000000"
										           rotation="0.329823 -0.076882 -0.940907 0.485703"
										           >
											<Transform DEF="instance_24_ifs_TRANSFORM"
											           translation="0.000046 0.000063 -0.000046"
											           scale="1.000000 1.000000 1.000000"
											           rotation="-0.000000 -0.000000 -0.000000 0.000000"
											           >
												<Group DEF="group_ME_ID524_001">
													<Shape>
														<Appearance>
														</Appearance>
														<IndexedFaceSet solid="false"
														                coordIndex="0 1 2 -1 3 2 1 -1 4 5 6 -1 6 5 7 -1 5 8 7 -1 7 8 9 -1 8 10 9 -1 11 9 10 -1 12 13 14 -1 15 14 13 -1 16 17 18 -1 18 17 19 -1 17 20 19 -1 20 21 19 -1 19 21 22 -1 23 22 21 -1 24 25 26 -1 27 26 25 -1 28 29 30 -1 29 31 30 -1 32 30 31 -1 33 34 35 -1 34 36 35 -1 36 37 35 -1 37 38 35 -1 38 39 35 -1 39 40 35 -1 35 40 41 -1 42 41 40 -1 43 44 45 -1 46 45 44 -1 47 48 49 -1 50 49 48 -1 51 52 53 -1 54 53 52 -1 55 56 57 -1 57 56 58 -1 59 58 56 -1 60 61 62 -1 63 62 61 -1 64 65 66 -1 66 65 67 -1 67 65 68 -1 69 68 65 -1 70 71 72 -1 71 73 72 -1 74 72 73 -1 75 76 77 -1 78 77 76 -1 79 80 81 -1 82 81 80 -1 83 84 85 -1 86 85 84 -1 87 88 89 -1 89 88 90 -1 91 90 88 -1 92 93 94 -1 94 93 95 -1 95 93 96 -1 97 96 93 -1 "
														                >
															<Coordinate DEF="coords_ME_ID524_001"
															            point="2.480315 3.228347 -0.000000 2.480315 19.291338 0.000000 0.000000 3.228347 -0.000000 0.000000 19.291338 0.000000 0.000000 55.580681 2.050262 0.000000 55.511810 2.834646 0.000000 19.360210 -0.784384 0.000000 19.291338 0.000000 0.000000 19.291338 2.834646 0.000000 3.228347 -0.000000 0.000000 2.716535 2.834646 -0.000000 2.716535 0.026997 2.480315 19.291338 0.000000 2.480315 19.360210 -0.784384 0.000000 19.291338 0.000000 0.000000 19.360210 -0.784384 2.480315 55.580681 2.050262 2.480315 19.360210 -0.784384 2.480315 55.511810 2.834646 2.480315 19.291338 2.834646 2.480315 19.291338 0.000000 2.480315 3.228347 -0.000000 2.480315 2.716535 2.834646 2.480315 2.716535 0.026997 2.480315 3.228347 -0.000000 0.000000 3.228347 -0.000000 2.480315 2.716535 0.026997 -0.000000 2.716535 0.026997 -0.000000 2.716535 0.026997 0.000000 2.716535 2.834646 0.071080 -0.143585 0.177860 0.077814 -0.414544 2.834646 0.077814 -0.414544 0.219149 2.480315 2.716535 2.834646 2.402501 -0.414544 2.834646 2.480315 19.291338 2.834646 2.246873 -2.582214 2.834646 1.984252 -3.937008 2.834646 0.496063 -3.937008 2.834646 0.233441 -2.582214 2.834646 0.077814 -0.414544 2.834646 0.000000 19.291338 2.834646 0.000000 2.716535 2.834646 2.480315 55.511810 2.834646 2.480315 19.291338 2.834646 0.000000 55.511810 2.834646 0.000000 19.291338 2.834646 2.480315 55.511810 2.834646 0.000000 55.511810 2.834646 2.480315 55.580681 2.050262 0.000000 55.580681 2.050262 2.480315 19.360210 -0.784384 2.480315 55.580681 2.050262 0.000000 19.360210 -0.784384 0.000000 55.580681 2.050262 2.480315 2.716535 0.026997 2.409235 -0.143585 0.177860 2.480315 2.716535 2.834646 2.402501 -0.414544 2.834646 2.402501 -0.414544 0.219149 2.409235 -0.143585 0.177860 2.480315 2.716535 0.026997 0.071080 -0.143585 0.177860 -0.000000 2.716535 0.026997 2.402501 -0.414544 0.219149 2.409235 -0.143585 0.177860 2.254356 -2.477999 0.533580 0.225959 -2.477999 0.533580 0.077814 -0.414544 0.219149 0.071080 -0.143585 0.177860 0.077814 -0.414544 0.219149 0.077814 -0.414544 2.834646 0.225959 -2.477999 0.533580 0.233441 -2.582214 2.834646 0.233441 -2.582214 0.576457 0.233441 -2.582214 0.576457 0.233441 -2.582214 2.834646 0.496063 -3.937008 1.133858 0.496063 -3.937008 2.834646 1.984252 -3.937008 2.834646 1.984252 -3.937008 1.133858 0.496063 -3.937008 2.834646 0.496063 -3.937008 1.133858 2.246873 -2.582214 0.576457 1.984252 -3.937008 1.133858 2.246873 -2.582214 2.834646 1.984252 -3.937008 2.834646 2.402501 -0.414544 0.219149 2.254356 -2.477999 0.533580 2.402501 -0.414544 2.834646 2.246873 -2.582214 2.834646 2.246873 -2.582214 0.576457 2.246873 -2.582214 0.576457 2.254356 -2.477999 0.533580 1.984252 -3.937008 1.133858 0.496063 -3.937008 1.133858 0.233441 -2.582214 0.576457 0.225959 -2.477999 0.533580 "
															            />
														</IndexedFaceSet>
													</Shape>
												</Group>
											</Transform>
										</Transform>
										<Transform DEF="instance_25_TRANSFORM"
										           translation="6.715501 8.998484 10.721927"
										           scale="1.000000 1.000000 1.000000"
										           rotation="0.097714 -0.038273 -0.994478 0.750406"
										           >
											<Transform DEF="instance_25_ifs_TRANSFORM"
											           translation="0.000074 0.000069 -0.000071"
											           scale="1.000000 1.000000 1.000000"
											           rotation="-0.000000 -0.000000 0.000000 0.000000"
											           >
												<Group DEF="group_ME_ID532_002">
													<Shape>
														<Appearance>
														</Appearance>
														<IndexedFaceSet solid="false"
														                coordIndex="0 1 2 -1 3 2 1 -1 4 5 6 -1 6 5 7 -1 5 8 7 -1 7 8 9 -1 8 10 9 -1 11 9 10 -1 12 13 14 -1 15 14 13 -1 16 17 18 -1 18 17 19 -1 17 20 19 -1 20 21 19 -1 19 21 22 -1 23 22 21 -1 24 25 26 -1 27 26 25 -1 28 29 30 -1 29 31 30 -1 32 30 31 -1 33 34 35 -1 34 36 35 -1 36 37 35 -1 37 38 35 -1 38 39 35 -1 39 40 35 -1 35 40 41 -1 42 41 40 -1 43 44 45 -1 46 45 44 -1 47 48 49 -1 50 49 48 -1 51 52 53 -1 54 53 52 -1 55 56 57 -1 57 56 58 -1 59 58 56 -1 60 61 62 -1 63 62 61 -1 64 65 66 -1 66 65 67 -1 67 65 68 -1 69 68 65 -1 70 71 72 -1 71 73 72 -1 74 72 73 -1 75 76 77 -1 78 77 76 -1 79 80 81 -1 82 81 80 -1 83 84 85 -1 86 85 84 -1 87 88 89 -1 89 88 90 -1 91 90 88 -1 92 93 94 -1 94 93 95 -1 95 93 96 -1 97 96 93 -1 "
														                >
															<Coordinate DEF="coords_ME_ID532_002"
															            point="2.480315 -3.070866 -0.000000 2.480315 19.291338 0.000000 0.000000 -3.070866 -0.000000 0.000000 19.291338 0.000000 0.000000 61.879894 2.050262 0.000000 61.811020 2.834646 0.000000 19.360210 -0.784384 0.000000 19.291338 0.000000 0.000000 19.291338 2.834646 0.000000 -3.070866 -0.000000 0.000000 -3.582677 2.834646 0.000000 -3.582677 0.026997 0.000000 19.291338 0.000000 2.480315 19.291338 0.000000 0.000000 19.360210 -0.784384 2.480315 19.360210 -0.784384 2.480315 61.879894 2.050262 2.480315 19.360210 -0.784384 2.480315 61.811020 2.834646 2.480315 19.291338 2.834646 2.480315 19.291338 0.000000 2.480315 -3.070866 -0.000000 2.480315 -3.582677 2.834646 2.480315 -3.582677 0.026997 2.480315 -3.582677 0.026997 2.480315 -3.070866 -0.000000 0.000000 -3.582677 0.026997 0.000000 -3.070866 -0.000000 0.000000 -3.582677 0.026997 0.000000 -3.582677 2.834646 0.071080 -6.442798 0.177860 0.077814 -6.713757 2.834646 0.077814 -6.713757 0.219149 2.480315 -3.582677 2.834646 2.402501 -6.713757 2.834646 2.480315 19.291338 2.834646 2.246873 -8.881427 2.834646 1.984252 -10.236220 2.834646 0.496063 -10.236220 2.834646 0.233441 -8.881427 2.834646 0.077814 -6.713757 2.834646 0.000000 19.291338 2.834646 0.000000 -3.582677 2.834646 2.480315 61.811020 2.834646 2.480315 19.291338 2.834646 0.000000 61.811020 2.834646 0.000000 19.291338 2.834646 2.480315 61.811020 2.834646 0.000000 61.811020 2.834646 2.480315 61.879894 2.050262 0.000000 61.879894 2.050262 2.480315 19.360210 -0.784384 2.480315 61.879894 2.050262 0.000000 19.360210 -0.784384 0.000000 61.879894 2.050262 2.480315 -3.582677 0.026997 2.409235 -6.442798 0.177860 2.480315 -3.582677 2.834646 2.402501 -6.713757 2.834646 2.402501 -6.713757 0.219149 2.409235 -6.442798 0.177860 2.480315 -3.582677 0.026997 0.071080 -6.442798 0.177860 0.000000 -3.582677 0.026997 2.402501 -6.713757 0.219149 2.409235 -6.442798 0.177860 2.254356 -8.777212 0.533580 0.225959 -8.777212 0.533580 0.077814 -6.713757 0.219149 0.071080 -6.442798 0.177860 0.077814 -6.713757 0.219149 0.077814 -6.713757 2.834646 0.225959 -8.777212 0.533580 0.233441 -8.881427 2.834646 0.233441 -8.881427 0.576457 0.233441 -8.881427 0.576457 0.233441 -8.881427 2.834646 0.496063 -10.236220 1.133858 0.496063 -10.236220 2.834646 0.496063 -10.236220 2.834646 1.984252 -10.236220 2.834646 0.496063 -10.236220 1.133858 1.984252 -10.236220 1.133858 2.246873 -8.881427 0.576457 1.984252 -10.236220 1.133858 2.246873 -8.881427 2.834646 1.984252 -10.236220 2.834646 2.402501 -6.713757 0.219149 2.254356 -8.777212 0.533580 2.402501 -6.713757 2.834646 2.246873 -8.881427 2.834646 2.246873 -8.881427 0.576457 2.246873 -8.881427 0.576457 2.254356 -8.777212 0.533580 1.984252 -10.236220 1.133858 0.496063 -10.236220 1.133858 0.233441 -8.881427 0.576457 0.225959 -8.777212 0.533580 "
															            />
														</IndexedFaceSet>
													</Shape>
												</Group>
											</Transform>
										</Transform>
										<Transform DEF="instance_26_TRANSFORM"
										           translation="31.167282 7.999184 7.001341"
										           scale="1.000000 1.000000 1.000000"
										           rotation="0.206015 -0.062413 -0.976558 0.601621"
										           >
											<Transform DEF="instance_26_ifs_TRANSFORM"
											           translation="-0.000127 -0.000097 -0.000016"
											           scale="1.000000 1.000000 1.000000"
											           rotation="0.000000 -0.000000 0.000000 0.000000"
											           >
												<Group DEF="group_ME_ID540_001">
													<Shape>
														<Appearance>
														</Appearance>
														<IndexedFaceSet solid="false"
														                coordIndex="0 1 2 -1 3 2 1 -1 4 5 6 -1 5 7 6 -1 6 7 8 -1 8 7 9 -1 7 10 9 -1 11 9 10 -1 12 13 14 -1 15 14 13 -1 16 17 18 -1 18 17 19 -1 17 20 19 -1 20 21 19 -1 19 21 22 -1 23 22 21 -1 24 25 26 -1 27 26 25 -1 28 29 30 -1 29 31 30 -1 32 30 31 -1 33 34 35 -1 34 36 35 -1 36 37 35 -1 37 38 35 -1 38 39 35 -1 39 40 35 -1 35 40 41 -1 42 41 40 -1 43 44 45 -1 46 45 44 -1 47 48 49 -1 50 49 48 -1 51 52 53 -1 54 53 52 -1 55 56 57 -1 57 56 58 -1 59 58 56 -1 60 61 62 -1 63 62 61 -1 64 65 66 -1 66 65 67 -1 67 65 68 -1 69 68 65 -1 70 71 72 -1 71 73 72 -1 74 72 73 -1 75 76 77 -1 78 77 76 -1 79 80 81 -1 82 81 80 -1 83 84 85 -1 86 85 84 -1 87 88 89 -1 89 88 90 -1 91 90 88 -1 92 93 94 -1 94 93 95 -1 95 93 96 -1 97 96 93 -1 "
														                >
															<Coordinate DEF="coords_ME_ID540_001"
															            point="2.480315 1.259843 -0.000000 2.480315 19.291338 0.000000 0.000000 1.259843 -0.000000 0.000000 19.291338 0.000000 0.000000 57.549191 2.050262 0.000000 57.480312 2.834646 0.000000 19.360210 -0.784384 0.000000 19.291338 2.834646 0.000000 19.291338 0.000000 0.000000 1.259843 -0.000000 -0.000000 0.748031 2.834646 0.000000 0.748031 0.026997 0.000000 19.291338 0.000000 2.480315 19.291338 0.000000 0.000000 19.360210 -0.784384 2.480315 19.360210 -0.784384 2.480315 57.549191 2.050262 2.480315 19.360210 -0.784384 2.480315 57.480312 2.834646 2.480315 19.291338 2.834646 2.480315 19.291338 0.000000 2.480315 1.259843 -0.000000 2.480315 0.748031 2.834646 2.480315 0.748031 0.026997 2.480315 0.748031 0.026997 2.480315 1.259843 -0.000000 0.000000 0.748031 0.026997 0.000000 1.259843 -0.000000 0.000000 0.748031 0.026997 -0.000000 0.748031 2.834646 0.071080 -2.112089 0.177860 0.077814 -2.383048 2.834646 0.077814 -2.383048 0.219149 2.480315 0.748031 2.834646 2.402501 -2.383048 2.834646 2.480315 19.291338 2.834646 2.246873 -4.550718 2.834646 1.984252 -5.905512 2.834646 0.496063 -5.905512 2.834646 0.233441 -4.550718 2.834646 0.077814 -2.383048 2.834646 0.000000 19.291338 2.834646 -0.000000 0.748031 2.834646 2.480315 57.480312 2.834646 2.480315 19.291338 2.834646 0.000000 57.480312 2.834646 0.000000 19.291338 2.834646 2.480315 57.480312 2.834646 0.000000 57.480312 2.834646 2.480315 57.549191 2.050262 0.000000 57.549191 2.050262 2.480315 19.360210 -0.784384 2.480315 57.549191 2.050262 0.000000 19.360210 -0.784384 0.000000 57.549191 2.050262 2.480315 0.748031 0.026997 2.409235 -2.112089 0.177860 2.480315 0.748031 2.834646 2.402501 -2.383048 2.834646 2.402501 -2.383048 0.219149 2.409235 -2.112089 0.177860 2.480315 0.748031 0.026997 0.071080 -2.112089 0.177860 0.000000 0.748031 0.026997 2.402501 -2.383048 0.219149 2.409235 -2.112089 0.177860 2.254356 -4.446503 0.533580 0.225959 -4.446503 0.533580 0.077814 -2.383048 0.219149 0.071080 -2.112089 0.177860 0.077814 -2.383048 0.219149 0.077814 -2.383048 2.834646 0.225959 -4.446503 0.533580 0.233441 -4.550718 2.834646 0.233441 -4.550718 0.576457 0.233441 -4.550718 0.576457 0.233441 -4.550718 2.834646 0.496063 -5.905512 1.133858 0.496063 -5.905512 2.834646 0.496063 -5.905512 2.834646 1.984252 -5.905512 2.834646 0.496063 -5.905512 1.133858 1.984252 -5.905512 1.133858 2.246873 -4.550718 0.576457 1.984252 -5.905512 1.133858 2.246873 -4.550718 2.834646 1.984252 -5.905512 2.834646 2.402501 -2.383048 0.219149 2.254356 -4.446503 0.533580 2.402501 -2.383048 2.834646 2.246873 -4.550718 2.834646 2.246873 -4.550718 0.576457 2.246873 -4.550718 0.576457 2.254356 -4.446503 0.533580 1.984252 -5.905512 1.133858 0.496063 -5.905512 1.133858 0.233441 -4.550718 0.576457 0.225959 -4.446503 0.533580 "
															            />
														</IndexedFaceSet>
													</Shape>
												</Group>
											</Transform>
										</Transform>
										<Transform DEF="instance_27_TRANSFORM"
										           translation="22.960007 8.383125 8.224731"
										           scale="1.000000 1.000000 1.000000"
										           rotation="0.162376 -0.054335 -0.985232 0.654834"
										           >
											<Transform DEF="instance_27_ifs_TRANSFORM"
											           translation="0.000008 -0.000002 0.000062"
											           scale="1.000000 1.000000 1.000000"
											           rotation="-0.000000 -0.000000 -0.000000 0.000000"
											           >
												<Group DEF="group_ME_ID548_001">
													<Shape>
														<Appearance>
														</Appearance>
														<IndexedFaceSet solid="false"
														                coordIndex="0 1 2 -1 3 2 1 -1 4 5 6 -1 6 5 7 -1 5 8 7 -1 7 8 9 -1 8 10 9 -1 11 9 10 -1 12 13 14 -1 15 14 13 -1 16 17 18 -1 17 19 18 -1 18 19 20 -1 19 21 20 -1 20 21 22 -1 23 22 21 -1 24 25 26 -1 27 26 25 -1 28 29 30 -1 29 31 30 -1 32 30 31 -1 33 34 35 -1 34 36 35 -1 36 37 35 -1 37 38 35 -1 38 39 35 -1 39 40 35 -1 35 40 41 -1 42 41 40 -1 43 44 45 -1 46 45 44 -1 47 48 49 -1 50 49 48 -1 51 52 53 -1 54 53 52 -1 55 56 57 -1 57 56 58 -1 59 58 56 -1 60 61 62 -1 63 62 61 -1 64 65 66 -1 66 65 67 -1 67 65 68 -1 69 68 65 -1 70 71 72 -1 71 73 72 -1 74 72 73 -1 75 76 77 -1 78 77 76 -1 79 80 81 -1 82 81 80 -1 83 84 85 -1 86 85 84 -1 87 88 89 -1 89 88 90 -1 91 90 88 -1 92 93 94 -1 94 93 95 -1 95 93 96 -1 97 96 93 -1 "
														                >
															<Coordinate DEF="coords_ME_ID548_001"
															            point="2.480315 -0.314961 -0.000000 2.480315 19.291338 0.000000 0.000000 -0.314961 -0.000000 0.000000 19.291338 0.000000 -0.000000 59.123989 2.050262 0.000000 59.055119 2.834646 -0.000000 19.360210 -0.784384 0.000000 19.291338 0.000000 0.000000 19.291338 2.834646 0.000000 -0.314961 -0.000000 0.000000 -0.826772 2.834646 0.000000 -0.826772 0.026997 0.000000 19.291338 0.000000 2.480315 19.291338 0.000000 -0.000000 19.360210 -0.784384 2.480315 19.360210 -0.784384 2.480315 59.123989 2.050262 2.480315 19.360210 -0.784384 2.480315 59.055119 2.834646 2.480315 19.291338 0.000000 2.480315 19.291338 2.834646 2.480315 -0.314961 -0.000000 2.480315 -0.826772 2.834646 2.480315 -0.826772 0.026997 2.480315 -0.826772 0.026997 2.480315 -0.314961 -0.000000 0.000000 -0.826772 0.026997 0.000000 -0.314961 -0.000000 0.000000 -0.826772 0.026997 0.000000 -0.826772 2.834646 0.071080 -3.686892 0.177860 0.077814 -3.957851 2.834646 0.077814 -3.957851 0.219149 2.480315 -0.826772 2.834646 2.402501 -3.957851 2.834646 2.480315 19.291338 2.834646 2.246873 -6.125521 2.834646 1.984252 -7.480315 2.834646 0.496063 -7.480315 2.834646 0.233441 -6.125521 2.834646 0.077814 -3.957851 2.834646 0.000000 19.291338 2.834646 0.000000 -0.826772 2.834646 2.480315 59.055119 2.834646 2.480315 19.291338 2.834646 0.000000 59.055119 2.834646 0.000000 19.291338 2.834646 2.480315 59.055119 2.834646 0.000000 59.055119 2.834646 2.480315 59.123989 2.050262 -0.000000 59.123989 2.050262 2.480315 19.360210 -0.784384 2.480315 59.123989 2.050262 -0.000000 19.360210 -0.784384 -0.000000 59.123989 2.050262 2.480315 -0.826772 0.026997 2.409235 -3.686892 0.177860 2.480315 -0.826772 2.834646 2.402501 -3.957851 2.834646 2.402501 -3.957851 0.219149 2.409235 -3.686892 0.177860 2.480315 -0.826772 0.026997 0.071080 -3.686892 0.177860 0.000000 -0.826772 0.026997 2.402501 -3.957851 0.219149 2.409235 -3.686892 0.177860 2.254356 -6.021307 0.533580 0.225959 -6.021307 0.533580 0.077814 -3.957851 0.219149 0.071080 -3.686892 0.177860 0.077814 -3.957851 0.219149 0.077814 -3.957851 2.834646 0.225959 -6.021307 0.533580 0.233441 -6.125521 2.834646 0.233441 -6.125521 0.576457 0.233441 -6.125521 0.576457 0.233441 -6.125521 2.834646 0.496063 -7.480315 1.133858 0.496063 -7.480315 2.834646 0.496063 -7.480315 2.834646 1.984252 -7.480315 2.834646 0.496063 -7.480315 1.133858 1.984252 -7.480315 1.133858 2.246873 -6.125521 0.576457 1.984252 -7.480315 1.133858 2.246873 -6.125521 2.834646 1.984252 -7.480315 2.834646 2.402501 -3.957851 0.219149 2.254356 -6.021307 0.533580 2.402501 -3.957851 2.834646 2.246873 -6.125521 2.834646 2.246873 -6.125521 0.576457 2.246873 -6.125521 0.576457 2.254356 -6.021307 0.533580 1.984252 -7.480315 1.133858 0.496063 -7.480315 1.133858 0.233441 -6.125521 0.576457 0.225959 -6.021307 0.533580 "
															            />
														</IndexedFaceSet>
													</Shape>
												</Group>
											</Transform>
										</Transform>
										<Transform DEF="instance_28_TRANSFORM"
										           translation="14.814256 8.717371 9.466920"
										           scale="1.000000 1.000000 1.000000"
										           rotation="0.126912 -0.046217 -0.990837 0.704419"
										           >
											<Transform DEF="instance_28_ifs_TRANSFORM"
											           translation="0.000073 -0.000005 -0.000034"
											           scale="1.000000 1.000000 1.000000"
											           rotation="0.000000 0.000000 0.000000 0.000000"
											           >
												<Group DEF="group_ME_ID556_001">
													<Shape>
														<Appearance>
														</Appearance>
														<IndexedFaceSet solid="false"
														                coordIndex="0 1 2 -1 3 2 1 -1 4 5 6 -1 5 7 6 -1 6 7 8 -1 8 7 9 -1 7 10 9 -1 11 9 10 -1 12 13 14 -1 15 14 13 -1 16 17 18 -1 18 17 19 -1 17 20 19 -1 20 21 19 -1 19 21 22 -1 23 22 21 -1 24 25 26 -1 27 26 25 -1 28 29 30 -1 29 31 30 -1 32 30 31 -1 33 34 35 -1 34 36 35 -1 36 37 35 -1 37 38 35 -1 38 39 35 -1 39 40 35 -1 35 40 41 -1 42 41 40 -1 43 44 45 -1 46 45 44 -1 47 48 49 -1 50 49 48 -1 51 52 53 -1 54 53 52 -1 55 56 57 -1 57 56 58 -1 59 58 56 -1 60 61 62 -1 63 62 61 -1 64 65 66 -1 66 65 67 -1 67 65 68 -1 69 68 65 -1 70 71 72 -1 71 73 72 -1 74 72 73 -1 75 76 77 -1 78 77 76 -1 79 80 81 -1 82 81 80 -1 83 84 85 -1 86 85 84 -1 87 88 89 -1 89 88 90 -1 91 90 88 -1 92 93 94 -1 94 93 95 -1 95 93 96 -1 97 96 93 -1 "
														                >
															<Coordinate DEF="coords_ME_ID556_001"
															            point="2.480315 -1.496063 -0.000000 2.480315 19.291338 0.000000 0.000000 -1.496063 -0.000000 0.000000 19.291338 0.000000 0.000000 60.305092 2.050262 0.000000 60.236217 2.834646 0.000000 19.360210 -0.784384 0.000000 19.291338 2.834646 0.000000 19.291338 0.000000 0.000000 -1.496063 -0.000000 -0.000000 -2.007874 2.834646 0.000000 -2.007874 0.026997 0.000000 19.291338 0.000000 2.480315 19.291338 0.000000 0.000000 19.360210 -0.784384 2.480315 19.360210 -0.784384 2.480315 60.305092 2.050262 2.480315 19.360210 -0.784384 2.480315 60.236217 2.834646 2.480315 19.291338 2.834646 2.480315 19.291338 0.000000 2.480315 -1.496063 -0.000000 2.480315 -2.007874 2.834646 2.480315 -2.007874 0.026997 2.480315 -2.007874 0.026997 2.480315 -1.496063 -0.000000 0.000000 -2.007874 0.026997 0.000000 -1.496063 -0.000000 0.000000 -2.007874 0.026997 -0.000000 -2.007874 2.834646 0.071080 -4.867994 0.177860 0.077814 -5.138953 2.834646 0.077814 -5.138953 0.219149 2.480315 -2.007874 2.834646 2.402501 -5.138953 2.834646 2.480315 19.291338 2.834646 2.246873 -7.306623 2.834646 1.984252 -8.661417 2.834646 0.496063 -8.661417 2.834646 0.233441 -7.306623 2.834646 0.077814 -5.138953 2.834646 0.000000 19.291338 2.834646 -0.000000 -2.007874 2.834646 2.480315 60.236217 2.834646 2.480315 19.291338 2.834646 0.000000 60.236217 2.834646 0.000000 19.291338 2.834646 2.480315 60.236217 2.834646 0.000000 60.236217 2.834646 2.480315 60.305092 2.050262 0.000000 60.305092 2.050262 2.480315 19.360210 -0.784384 2.480315 60.305092 2.050262 0.000000 19.360210 -0.784384 0.000000 60.305092 2.050262 2.480315 -2.007874 0.026997 2.409235 -4.867994 0.177860 2.480315 -2.007874 2.834646 2.402501 -5.138953 2.834646 2.402501 -5.138953 0.219149 2.409235 -4.867994 0.177860 2.480315 -2.007874 0.026997 0.071080 -4.867994 0.177860 0.000000 -2.007874 0.026997 2.402501 -5.138953 0.219149 2.409235 -4.867994 0.177860 2.254356 -7.202408 0.533580 0.225959 -7.202408 0.533580 0.077814 -5.138953 0.219149 0.071080 -4.867994 0.177860 0.077814 -5.138953 0.219149 0.077814 -5.138953 2.834646 0.225959 -7.202408 0.533580 0.233441 -7.306623 2.834646 0.233441 -7.306623 0.576457 0.233441 -7.306623 0.576457 0.233441 -7.306623 2.834646 0.496063 -8.661417 1.133858 0.496063 -8.661417 2.834646 0.496063 -8.661417 2.834646 1.984252 -8.661417 2.834646 0.496063 -8.661417 1.133858 1.984252 -8.661417 1.133858 2.246873 -7.306623 0.576457 1.984252 -8.661417 1.133858 2.246873 -7.306623 2.834646 1.984252 -8.661417 2.834646 2.402501 -5.138953 0.219149 2.254356 -7.202408 0.533580 2.402501 -5.138953 2.834646 2.246873 -7.306623 2.834646 2.246873 -7.306623 0.576457 2.246873 -7.306623 0.576457 2.254356 -7.202408 0.533580 1.984252 -8.661417 1.133858 0.496063 -8.661417 1.133858 0.233441 -7.306623 0.576457 0.225959 -7.202408 0.533580 "
															            />
														</IndexedFaceSet>
													</Shape>
												</Group>
											</Transform>
										</Transform>
										<Transform DEF="instance_29_TRANSFORM"
										           translation="91.257248 5.829566 -0.385815"
										           scale="1.000000 1.000000 1.000000"
										           rotation="0.976071 -0.025501 -0.215967 0.240771"
										           >
											<Transform DEF="instance_29_ifs_TRANSFORM"
											           translation="0.000214 -0.000011 -0.000018"
											           scale="1.000000 1.000000 1.000000"
											           rotation="-0.000000 0.000000 0.000000 0.000000"
											           >
												<Group DEF="group_ME_ID564_001">
													<Shape>
														<Appearance>
														</Appearance>
														<IndexedFaceSet solid="false"
														                coordIndex="0 1 2 -1 3 2 1 -1 4 5 6 -1 5 7 6 -1 6 7 8 -1 8 7 9 -1 7 10 9 -1 11 9 10 -1 12 13 14 -1 15 14 13 -1 16 17 18 -1 18 17 19 -1 17 20 19 -1 20 21 19 -1 19 21 22 -1 23 22 21 -1 24 25 26 -1 27 26 25 -1 28 29 30 -1 29 31 30 -1 32 30 31 -1 33 34 35 -1 34 36 35 -1 36 37 35 -1 37 38 35 -1 38 39 35 -1 39 40 35 -1 35 40 41 -1 42 41 40 -1 43 44 45 -1 46 45 44 -1 47 48 49 -1 50 49 48 -1 51 52 53 -1 54 53 52 -1 55 56 57 -1 57 56 58 -1 59 58 56 -1 60 61 62 -1 63 62 61 -1 64 65 66 -1 66 65 67 -1 67 65 68 -1 69 68 65 -1 70 71 72 -1 72 71 73 -1 74 73 71 -1 75 76 77 -1 78 77 76 -1 79 80 81 -1 82 81 80 -1 83 84 85 -1 86 85 84 -1 87 88 89 -1 89 88 90 -1 91 90 88 -1 92 93 94 -1 94 93 95 -1 95 93 96 -1 97 96 93 -1 "
														                >
															<Coordinate DEF="coords_ME_ID564_001"
															            point="2.480315 6.574803 -0.000000 2.480315 19.291338 0.000000 -0.000000 6.574803 -0.000000 -0.000000 19.291338 0.000000 -0.000000 52.234226 2.050262 0.000000 52.165352 2.834646 0.000000 19.360210 -0.784384 -0.000000 19.291338 2.834646 -0.000000 19.291338 0.000000 -0.000000 6.574803 -0.000000 -0.000000 6.062992 2.834646 -0.000000 6.062992 0.026997 -0.000000 19.291338 0.000000 2.480315 19.291338 0.000000 0.000000 19.360210 -0.784384 2.480315 19.360210 -0.784384 2.480315 52.234226 2.050262 2.480315 19.360210 -0.784384 2.480315 52.165352 2.834646 2.480315 19.291338 2.834646 2.480315 19.291338 0.000000 2.480315 6.574803 -0.000000 2.480315 6.062992 2.834646 2.480315 6.062992 0.026997 2.480315 6.062992 0.026997 2.480315 6.574803 -0.000000 -0.000000 6.062992 0.026997 -0.000000 6.574803 -0.000000 -0.000000 6.062992 0.026997 -0.000000 6.062992 2.834646 0.071080 3.202872 0.177860 0.077814 2.931913 2.834646 0.077814 2.931913 0.219149 2.480315 6.062992 2.834646 2.402501 2.931913 2.834646 2.480315 19.291338 2.834646 2.246873 0.764243 2.834646 1.984252 -0.590551 2.834646 0.496063 -0.590551 2.834646 0.233441 0.764243 2.834646 0.077814 2.931913 2.834646 -0.000000 19.291338 2.834646 -0.000000 6.062992 2.834646 2.480315 52.165352 2.834646 2.480315 19.291338 2.834646 0.000000 52.165352 2.834646 -0.000000 19.291338 2.834646 2.480315 52.165352 2.834646 0.000000 52.165352 2.834646 2.480315 52.234226 2.050262 -0.000000 52.234226 2.050262 2.480315 19.360210 -0.784384 2.480315 52.234226 2.050262 0.000000 19.360210 -0.784384 -0.000000 52.234226 2.050262 2.480315 6.062992 0.026997 2.409235 3.202872 0.177860 2.480315 6.062992 2.834646 2.402501 2.931913 2.834646 2.402501 2.931913 0.219149 2.409235 3.202872 0.177860 2.480315 6.062992 0.026997 0.071080 3.202872 0.177860 -0.000000 6.062992 0.026997 2.402501 2.931913 0.219149 2.409235 3.202872 0.177860 2.254356 0.868458 0.533580 0.225959 0.868458 0.533580 0.077814 2.931913 0.219149 0.071080 3.202872 0.177860 0.077814 2.931913 0.219149 0.077814 2.931913 2.834646 0.225959 0.868458 0.533580 0.233441 0.764243 0.576457 0.233441 0.764243 2.834646 0.233441 0.764243 0.576457 0.233441 0.764243 2.834646 0.496063 -0.590551 1.133858 0.496063 -0.590551 2.834646 0.496063 -0.590551 2.834646 1.984252 -0.590551 2.834646 0.496063 -0.590551 1.133858 1.984252 -0.590551 1.133858 2.246873 0.764243 0.576457 1.984252 -0.590551 1.133858 2.246873 0.764243 2.834646 1.984252 -0.590551 2.834646 2.402501 2.931913 0.219149 2.254356 0.868458 0.533580 2.402501 2.931913 2.834646 2.246873 0.764243 2.834646 2.246873 0.764243 0.576457 2.246873 0.764243 0.576457 2.254356 0.868458 0.533580 1.984252 -0.590551 1.133858 0.496063 -0.590551 1.133858 0.233441 0.764243 0.576457 0.225959 0.868458 0.533580 "
															            />
														</IndexedFaceSet>
													</Shape>
												</Group>
											</Transform>
										</Transform>
										<Transform DEF="instance_30_TRANSFORM"
										           translation="39.338425 7.660349 5.806454"
										           scale="1.000000 1.000000 1.000000"
										           rotation="0.260469 -0.070095 -0.962935 0.545030"
										           >
											<Transform DEF="instance_30_ifs_TRANSFORM"
											           translation="0.000110 -0.000019 0.000033"
											           scale="1.000000 1.000000 1.000000"
											           rotation="-0.000000 0.000000 -0.000000 0.000000"
											           >
												<Group DEF="group_ME_ID572_002">
													<Shape>
														<Appearance>
														</Appearance>
														<IndexedFaceSet solid="false"
														                coordIndex="0 1 2 -1 3 2 1 -1 4 5 6 -1 5 7 6 -1 6 7 8 -1 8 7 9 -1 7 10 9 -1 11 9 10 -1 12 13 14 -1 15 14 13 -1 16 17 18 -1 18 17 19 -1 17 20 19 -1 20 21 19 -1 19 21 22 -1 23 22 21 -1 24 25 26 -1 27 26 25 -1 28 29 30 -1 29 31 30 -1 32 30 31 -1 33 34 35 -1 34 36 35 -1 36 37 35 -1 37 38 35 -1 38 39 35 -1 39 40 35 -1 35 40 41 -1 42 41 40 -1 43 44 45 -1 46 45 44 -1 47 48 49 -1 50 49 48 -1 51 52 53 -1 54 53 52 -1 55 56 57 -1 57 56 58 -1 59 58 56 -1 60 61 62 -1 63 62 61 -1 64 65 66 -1 66 65 67 -1 67 65 68 -1 69 68 65 -1 70 71 72 -1 71 73 72 -1 74 72 73 -1 75 76 77 -1 78 77 76 -1 79 80 81 -1 82 81 80 -1 83 84 85 -1 86 85 84 -1 87 88 89 -1 89 88 90 -1 91 90 88 -1 92 93 94 -1 94 93 95 -1 95 93 96 -1 97 96 93 -1 "
														                >
															<Coordinate DEF="coords_ME_ID572_002"
															            point="2.480315 19.291338 0.000000 0.000000 19.291338 0.000000 2.480315 2.244095 -0.000000 0.000000 2.244095 -0.000000 0.000000 56.564938 2.050262 0.000000 56.496063 2.834646 0.000000 19.360210 -0.784384 0.000000 19.291338 2.834646 0.000000 19.291338 0.000000 0.000000 2.244095 -0.000000 0.000000 1.732283 2.834646 0.000000 1.732283 0.026997 0.000000 19.291338 0.000000 2.480315 19.291338 0.000000 0.000000 19.360210 -0.784384 2.480315 19.360210 -0.784384 2.480315 56.564934 2.050262 2.480315 19.360210 -0.784384 2.480315 56.496063 2.834646 2.480315 19.291338 2.834646 2.480315 19.291338 0.000000 2.480315 2.244095 -0.000000 2.480315 1.732283 2.834646 2.480315 1.732283 0.026997 2.480315 2.244095 -0.000000 0.000000 2.244095 -0.000000 2.480315 1.732283 0.026997 0.000000 1.732283 0.026997 0.000000 1.732283 0.026997 0.000000 1.732283 2.834646 0.071080 -1.127837 0.177860 0.077814 -1.398796 2.834646 0.077814 -1.398796 0.219149 2.480315 1.732283 2.834646 2.402501 -1.398796 2.834646 2.480315 19.291338 2.834646 2.246873 -3.566466 2.834646 1.984252 -4.921260 2.834646 0.496063 -4.921260 2.834646 0.233441 -3.566466 2.834646 0.077814 -1.398796 2.834646 0.000000 19.291338 2.834646 0.000000 1.732283 2.834646 2.480315 19.291338 2.834646 0.000000 19.291338 2.834646 2.480315 56.496063 2.834646 0.000000 56.496063 2.834646 2.480315 56.496063 2.834646 0.000000 56.496063 2.834646 2.480315 56.564934 2.050262 0.000000 56.564938 2.050262 2.480315 56.564934 2.050262 0.000000 56.564938 2.050262 2.480315 19.360210 -0.784384 0.000000 19.360210 -0.784384 2.480315 1.732283 0.026997 2.409235 -1.127837 0.177860 2.480315 1.732283 2.834646 2.402501 -1.398796 2.834646 2.402501 -1.398796 0.219149 2.409235 -1.127837 0.177860 2.480315 1.732283 0.026997 0.071080 -1.127837 0.177860 0.000000 1.732283 0.026997 2.402501 -1.398796 0.219149 2.409235 -1.127837 0.177860 2.254356 -3.462251 0.533580 0.225959 -3.462251 0.533580 0.077814 -1.398796 0.219149 0.071080 -1.127837 0.177860 0.077814 -1.398796 0.219149 0.077814 -1.398796 2.834646 0.225959 -3.462251 0.533580 0.233441 -3.566466 2.834646 0.233441 -3.566466 0.576457 0.233441 -3.566466 0.576457 0.233441 -3.566466 2.834646 0.496063 -4.921260 1.133858 0.496063 -4.921260 2.834646 1.984252 -4.921260 2.834646 1.984252 -4.921260 1.133858 0.496063 -4.921260 2.834646 0.496063 -4.921260 1.133858 2.246873 -3.566466 0.576457 1.984252 -4.921260 1.133858 2.246873 -3.566466 2.834646 1.984252 -4.921260 2.834646 2.402501 -1.398796 0.219149 2.254356 -3.462251 0.533580 2.402501 -1.398796 2.834646 2.246873 -3.566466 2.834646 2.246873 -3.566466 0.576457 2.246873 -3.566466 0.576457 2.254356 -3.462251 0.533580 1.984252 -4.921260 1.133858 0.496063 -4.921260 1.133858 0.233441 -3.566466 0.576457 0.225959 -3.462251 0.533580 "
															            />
														</IndexedFaceSet>
													</Shape>
												</Group>
											</Transform>
										</Transform>
										<Transform DEF="instance_31_TRANSFORM"
										           translation="56.343307 6.772249 3.519769"
										           scale="1.000000 1.000000 1.000000"
										           rotation="0.419065 -0.081714 -0.904272 0.424764"
										           >
											<Transform DEF="instance_31_ifs_TRANSFORM"
											           translation="0.000071 -0.000053 -0.000019"
											           scale="1.000000 1.000000 1.000000"
											           rotation="-0.000000 -0.000000 -0.000000 0.000000"
											           >
												<Group DEF="group_ME_ID580">
													<Shape>
														<Appearance>
														</Appearance>
														<IndexedFaceSet solid="false"
														                coordIndex="0 1 2 -1 3 2 1 -1 4 5 6 -1 5 7 6 -1 6 7 8 -1 8 7 9 -1 7 10 9 -1 11 9 10 -1 12 13 14 -1 15 14 13 -1 16 17 18 -1 17 19 18 -1 18 19 20 -1 19 21 20 -1 20 21 22 -1 23 22 21 -1 24 25 26 -1 27 26 25 -1 28 29 30 -1 29 31 30 -1 32 30 31 -1 33 34 35 -1 34 36 35 -1 36 37 35 -1 37 38 35 -1 38 39 35 -1 39 40 35 -1 35 40 41 -1 42 41 40 -1 43 44 45 -1 46 45 44 -1 47 48 49 -1 50 49 48 -1 51 52 53 -1 54 53 52 -1 55 56 57 -1 57 56 58 -1 59 58 56 -1 60 61 62 -1 63 62 61 -1 64 65 66 -1 66 65 67 -1 67 65 68 -1 69 68 65 -1 70 71 72 -1 71 73 72 -1 74 72 73 -1 75 76 77 -1 78 77 76 -1 79 80 81 -1 82 81 80 -1 83 84 85 -1 86 85 84 -1 87 88 89 -1 89 88 90 -1 91 90 88 -1 92 93 94 -1 94 93 95 -1 95 93 96 -1 97 96 93 -1 "
														                >
															<Coordinate DEF="coords_ME_ID580"
															            point="2.480315 4.015748 -0.000000 2.480315 19.291338 0.000000 -0.000000 4.015748 -0.000000 -0.000000 19.291338 0.000000 0.000000 54.793282 2.050262 0.000000 54.724411 2.834646 0.000000 19.360210 -0.784384 0.000000 19.291338 2.834646 -0.000000 19.291338 0.000000 -0.000000 4.015748 -0.000000 0.000000 3.503937 2.834646 0.000000 3.503937 0.026997 -0.000000 19.291338 0.000000 2.480315 19.291338 0.000000 0.000000 19.360210 -0.784384 2.480315 19.360210 -0.784384 2.480315 54.793282 2.050262 2.480315 19.360210 -0.784384 2.480315 54.724411 2.834646 2.480315 19.291338 0.000000 2.480315 19.291338 2.834646 2.480315 4.015748 -0.000000 2.480315 3.503937 2.834646 2.480315 3.503937 0.026997 2.480315 3.503937 0.026997 2.480315 4.015748 -0.000000 0.000000 3.503937 0.026997 -0.000000 4.015748 -0.000000 0.000000 3.503937 0.026997 0.000000 3.503937 2.834646 0.071080 0.643817 0.177860 0.077814 0.372858 2.834646 0.077814 0.372858 0.219149 2.480315 3.503937 2.834646 2.402501 0.372858 2.834646 2.480315 19.291338 2.834646 2.246873 -1.794812 2.834646 1.984252 -3.149606 2.834646 0.496063 -3.149606 2.834646 0.233441 -1.794812 2.834646 0.077814 0.372858 2.834646 0.000000 19.291338 2.834646 0.000000 3.503937 2.834646 2.480315 54.724411 2.834646 2.480315 19.291338 2.834646 0.000000 54.724411 2.834646 0.000000 19.291338 2.834646 2.480315 54.724411 2.834646 0.000000 54.724411 2.834646 2.480315 54.793282 2.050262 0.000000 54.793282 2.050262 2.480315 19.360210 -0.784384 2.480315 54.793282 2.050262 0.000000 19.360210 -0.784384 0.000000 54.793282 2.050262 2.480315 3.503937 0.026997 2.409235 0.643817 0.177860 2.480315 3.503937 2.834646 2.402501 0.372858 2.834646 2.402501 0.372858 0.219149 2.409235 0.643817 0.177860 2.480315 3.503937 0.026997 0.071080 0.643817 0.177860 0.000000 3.503937 0.026997 2.402501 0.372858 0.219149 2.409235 0.643817 0.177860 2.254356 -1.690598 0.533580 0.225959 -1.690598 0.533580 0.077814 0.372858 0.219149 0.071080 0.643817 0.177860 0.077814 0.372858 0.219149 0.077814 0.372858 2.834646 0.225959 -1.690598 0.533580 0.233441 -1.794812 2.834646 0.233441 -1.794812 0.576457 0.233441 -1.794812 0.576457 0.233441 -1.794812 2.834646 0.496063 -3.149606 1.133858 0.496063 -3.149606 2.834646 0.496063 -3.149606 2.834646 1.984252 -3.149606 2.834646 0.496063 -3.149606 1.133858 1.984252 -3.149606 1.133858 2.246873 -1.794812 0.576457 1.984252 -3.149606 1.133858 2.246873 -1.794812 2.834646 1.984252 -3.149606 2.834646 2.402501 0.372858 0.219149 2.254356 -1.690598 0.533580 2.402501 0.372858 2.834646 2.246873 -1.794812 2.834646 2.246873 -1.794812 0.576457 2.246873 -1.794812 0.576457 2.254356 -1.690598 0.533580 1.984252 -3.149606 1.133858 0.496063 -3.149606 1.133858 0.233441 -1.794812 0.576457 0.225959 -1.690598 0.533580 "
															            />
														</IndexedFaceSet>
													</Shape>
												</Group>
											</Transform>
										</Transform>
										<Transform DEF="instance_32_TRANSFORM"
										           translation="64.943649 6.404861 2.426872"
										           scale="1.000000 1.000000 1.000000"
										           rotation="0.535340 -0.082943 -0.840556 0.364555"
										           >
											<Transform DEF="instance_32_ifs_TRANSFORM"
											           translation="-0.000053 -0.000023 0.000000"
											           scale="1.000000 1.000000 1.000000"
											           rotation="0.000000 -0.000000 0.000000 0.000000"
											           >
												<Group DEF="group_ME_ID588_002">
													<Shape>
														<Appearance>
														</Appearance>
														<IndexedFaceSet solid="false"
														                coordIndex="0 1 2 -1 3 2 1 -1 4 5 6 -1 5 7 6 -1 6 7 8 -1 8 7 9 -1 7 10 9 -1 11 9 10 -1 12 13 14 -1 15 14 13 -1 16 17 18 -1 18 17 19 -1 17 20 19 -1 20 21 19 -1 19 21 22 -1 23 22 21 -1 24 25 26 -1 27 26 25 -1 28 29 30 -1 30 29 31 -1 32 31 29 -1 33 34 35 -1 34 36 35 -1 36 37 35 -1 37 38 35 -1 38 39 35 -1 39 40 35 -1 40 41 35 -1 42 35 41 -1 43 44 45 -1 46 45 44 -1 47 48 49 -1 50 49 48 -1 51 52 53 -1 54 53 52 -1 55 56 57 -1 57 56 58 -1 59 58 56 -1 60 61 62 -1 63 62 61 -1 64 65 66 -1 66 65 67 -1 67 65 68 -1 69 68 65 -1 70 71 72 -1 71 73 72 -1 74 72 73 -1 75 76 77 -1 78 77 76 -1 79 80 81 -1 82 81 80 -1 83 84 85 -1 86 85 84 -1 87 88 89 -1 89 88 90 -1 91 90 88 -1 92 93 94 -1 94 93 95 -1 95 93 96 -1 97 96 93 -1 "
														                >
															<Coordinate DEF="coords_ME_ID588_002"
															            point="2.480315 19.291338 0.000000 0.000000 19.291338 0.000000 2.480315 5.000000 -0.000000 -0.000000 5.000000 -0.000000 0.000000 53.809029 2.050262 0.000000 53.740154 2.834646 0.000000 19.360210 -0.784384 0.000000 19.291338 2.834646 0.000000 19.291338 0.000000 -0.000000 5.000000 -0.000000 0.000000 4.488189 2.834646 0.000000 4.488189 0.026997 0.000000 19.291338 0.000000 2.480315 19.291338 0.000000 0.000000 19.360210 -0.784384 2.480315 19.360210 -0.784384 2.480315 53.809029 2.050262 2.480315 19.360210 -0.784384 2.480315 53.740154 2.834646 2.480315 19.291338 2.834646 2.480315 19.291338 0.000000 2.480315 5.000000 -0.000000 2.480315 4.488189 2.834646 2.480315 4.488189 0.026997 2.480315 4.488189 0.026997 2.480315 5.000000 -0.000000 0.000000 4.488189 0.026997 -0.000000 5.000000 -0.000000 0.000000 4.488189 0.026997 0.000000 4.488189 2.834646 0.071080 1.628069 0.177860 0.077814 1.357110 0.219149 0.077814 1.357110 2.834646 2.480315 4.488189 2.834646 2.402501 1.357110 2.834646 2.480315 19.291338 2.834646 2.246873 -0.810560 2.834646 1.984252 -2.165354 2.834646 0.496063 -2.165354 2.834646 0.233441 -0.810560 2.834646 0.077814 1.357110 2.834646 0.000000 4.488189 2.834646 0.000000 19.291338 2.834646 2.480315 53.740154 2.834646 2.480315 19.291338 2.834646 0.000000 53.740154 2.834646 0.000000 19.291338 2.834646 0.000000 53.740154 2.834646 0.000000 53.809029 2.050262 2.480315 53.740154 2.834646 2.480315 53.809029 2.050262 2.480315 19.360210 -0.784384 2.480315 53.809029 2.050262 0.000000 19.360210 -0.784384 0.000000 53.809029 2.050262 2.480315 4.488189 0.026997 2.409235 1.628069 0.177860 2.480315 4.488189 2.834646 2.402501 1.357110 2.834646 2.402501 1.357110 0.219149 2.409235 1.628069 0.177860 2.480315 4.488189 0.026997 0.071080 1.628069 0.177860 0.000000 4.488189 0.026997 2.402501 1.357110 0.219149 2.409235 1.628069 0.177860 2.254356 -0.706346 0.533580 0.225959 -0.706346 0.533580 0.077814 1.357110 0.219149 0.071080 1.628069 0.177860 0.077814 1.357110 0.219149 0.077814 1.357110 2.834646 0.225959 -0.706346 0.533580 0.233441 -0.810560 2.834646 0.233441 -0.810560 0.576457 0.233441 -0.810560 0.576457 0.233441 -0.810560 2.834646 0.496063 -2.165354 1.133858 0.496063 -2.165354 2.834646 1.984252 -2.165354 2.834646 1.984252 -2.165354 1.133858 0.496063 -2.165354 2.834646 0.496063 -2.165354 1.133858 2.246873 -0.810560 0.576457 1.984252 -2.165354 1.133858 2.246873 -0.810560 2.834646 1.984252 -2.165354 2.834646 2.402501 1.357110 0.219149 2.254356 -0.706346 0.533580 2.402501 1.357110 2.834646 2.246873 -0.810560 2.834646 2.246873 -0.810560 0.576457 2.246873 -0.810560 0.576457 2.254356 -0.706346 0.533580 1.984252 -2.165354 1.133858 0.496063 -2.165354 1.133858 0.233441 -0.810560 0.576457 0.225959 -0.706346 0.533580 "
															            />
														</IndexedFaceSet>
													</Shape>
												</Group>
											</Transform>
										</Transform>
										<Transform DEF="instance_33_TRANSFORM"
										           translation="73.644943 6.109121 1.416190"
										           scale="1.000000 1.000000 1.000000"
										           rotation="0.682171 -0.077209 -0.727111 0.308838"
										           >
											<Transform DEF="instance_33_ifs_TRANSFORM"
											           translation="0.000057 0.000011 -0.000030"
											           scale="1.000000 1.000000 1.000000"
											           rotation="0.000000 -0.000000 -0.000000 0.000000"
											           >
												<Group DEF="group_ME_ID596">
													<Shape>
														<Appearance>
														</Appearance>
														<IndexedFaceSet solid="false"
														                coordIndex="0 1 2 -1 3 2 1 -1 4 5 6 -1 5 7 6 -1 6 7 8 -1 8 7 9 -1 7 10 9 -1 11 9 10 -1 12 13 14 -1 15 14 13 -1 16 17 18 -1 17 19 18 -1 18 19 20 -1 19 21 20 -1 20 21 22 -1 23 22 21 -1 24 25 26 -1 27 26 25 -1 28 29 30 -1 29 31 30 -1 32 30 31 -1 33 34 35 -1 34 36 35 -1 36 37 35 -1 37 38 35 -1 38 39 35 -1 39 40 35 -1 35 40 41 -1 42 41 40 -1 43 44 45 -1 46 45 44 -1 47 48 49 -1 50 49 48 -1 51 52 53 -1 54 53 52 -1 55 56 57 -1 57 56 58 -1 59 58 56 -1 60 61 62 -1 63 62 61 -1 64 65 66 -1 66 65 67 -1 67 65 68 -1 69 68 65 -1 70 71 72 -1 71 73 72 -1 74 72 73 -1 75 76 77 -1 78 77 76 -1 79 80 81 -1 82 81 80 -1 83 84 85 -1 86 85 84 -1 87 88 89 -1 89 88 90 -1 91 90 88 -1 92 93 94 -1 94 93 95 -1 95 93 96 -1 97 96 93 -1 "
														                >
															<Coordinate DEF="coords_ME_ID596"
															            point="2.480315 5.590551 -0.000000 2.480315 19.291338 0.000000 0.000000 5.590551 -0.000000 -0.000000 19.291338 0.000000 0.000000 53.218475 2.050262 0.000000 53.149609 2.834646 0.000000 19.360210 -0.784384 0.000000 19.291338 2.834646 -0.000000 19.291338 0.000000 0.000000 5.590551 -0.000000 -0.000000 5.078740 2.834646 -0.000000 5.078740 0.026997 -0.000000 19.291338 0.000000 2.480315 19.291338 0.000000 0.000000 19.360210 -0.784384 2.480315 19.360210 -0.784384 2.480315 53.218475 2.050262 2.480315 19.360210 -0.784384 2.480315 53.149609 2.834646 2.480315 19.291338 0.000000 2.480315 19.291338 2.834646 2.480315 5.590551 -0.000000 2.480315 5.078740 2.834646 2.480315 5.078740 0.026997 2.480315 5.590551 -0.000000 0.000000 5.590551 -0.000000 2.480315 5.078740 0.026997 -0.000000 5.078740 0.026997 -0.000000 5.078740 0.026997 -0.000000 5.078740 2.834646 0.071080 2.218620 0.177860 0.077814 1.947661 2.834646 0.077814 1.947661 0.219149 2.480315 5.078740 2.834646 2.402501 1.947661 2.834646 2.480315 19.291338 2.834646 2.246873 -0.220009 2.834646 1.984252 -1.574803 2.834646 0.496063 -1.574803 2.834646 0.233441 -0.220009 2.834646 0.077814 1.947661 2.834646 0.000000 19.291338 2.834646 -0.000000 5.078740 2.834646 2.480315 53.149609 2.834646 2.480315 19.291338 2.834646 0.000000 53.149609 2.834646 0.000000 19.291338 2.834646 0.000000 53.149609 2.834646 0.000000 53.218475 2.050262 2.480315 53.149609 2.834646 2.480315 53.218475 2.050262 2.480315 19.360210 -0.784384 2.480315 53.218475 2.050262 0.000000 19.360210 -0.784384 0.000000 53.218475 2.050262 2.480315 5.078740 0.026997 2.409235 2.218620 0.177860 2.480315 5.078740 2.834646 2.402501 1.947661 2.834646 2.402501 1.947661 0.219149 2.409235 2.218620 0.177860 2.480315 5.078740 0.026997 0.071080 2.218620 0.177860 -0.000000 5.078740 0.026997 2.402501 1.947661 0.219149 2.409235 2.218620 0.177860 2.254356 -0.115794 0.533580 0.225959 -0.115794 0.533580 0.077814 1.947661 0.219149 0.071080 2.218620 0.177860 0.077814 1.947661 0.219149 0.077814 1.947661 2.834646 0.225959 -0.115794 0.533580 0.233441 -0.220009 2.834646 0.233441 -0.220009 0.576457 0.233441 -0.220009 0.576457 0.233441 -0.220009 2.834646 0.496063 -1.574803 1.133858 0.496063 -1.574803 2.834646 0.496063 -1.574803 2.834646 1.984252 -1.574803 2.834646 0.496063 -1.574803 1.133858 1.984252 -1.574803 1.133858 2.246873 -0.220009 2.834646 2.246873 -0.220009 0.576457 1.984252 -1.574803 2.834646 1.984252 -1.574803 1.133858 2.402501 1.947661 0.219149 2.254356 -0.115794 0.533580 2.402501 1.947661 2.834646 2.246873 -0.220009 2.834646 2.246873 -0.220009 0.576457 2.246873 -0.220009 0.576457 2.254356 -0.115794 0.533580 1.984252 -1.574803 1.133858 0.496063 -1.574803 1.133858 0.233441 -0.220009 0.576457 0.225959 -0.115794 0.533580 "
															            />
														</IndexedFaceSet>
													</Shape>
												</Group>
											</Transform>
										</Transform>
										<Transform DEF="instance_34_TRANSFORM"
										           translation="82.429611 5.911279 0.445058"
										           scale="1.000000 1.000000 1.000000"
										           rotation="0.848079 -0.059431 -0.526528 0.264631"
										           >
											<Transform DEF="instance_34_ifs_TRANSFORM"
											           translation="-0.000121 -0.000010 0.000081"
											           scale="1.000000 1.000000 1.000000"
											           rotation="0.000000 0.000000 0.000000 0.000000"
											           >
												<Group DEF="group_ME_ID604_002">
													<Shape>
														<Appearance>
														</Appearance>
														<IndexedFaceSet solid="false"
														                coordIndex="0 1 2 -1 3 2 1 -1 4 5 6 -1 6 5 7 -1 5 8 7 -1 7 8 9 -1 8 10 9 -1 11 9 10 -1 12 13 14 -1 15 14 13 -1 16 17 18 -1 18 17 19 -1 17 20 19 -1 20 21 19 -1 19 21 22 -1 23 22 21 -1 24 25 26 -1 27 26 25 -1 28 29 30 -1 29 31 30 -1 32 30 31 -1 33 34 35 -1 34 36 35 -1 36 37 35 -1 37 38 35 -1 38 39 35 -1 39 40 35 -1 35 40 41 -1 42 41 40 -1 43 44 45 -1 46 45 44 -1 47 48 49 -1 50 49 48 -1 51 52 53 -1 54 53 52 -1 55 56 57 -1 57 56 58 -1 59 58 56 -1 60 61 62 -1 63 62 61 -1 64 65 66 -1 66 65 67 -1 67 65 68 -1 69 68 65 -1 70 71 72 -1 71 73 72 -1 74 72 73 -1 75 76 77 -1 78 77 76 -1 79 80 81 -1 82 81 80 -1 83 84 85 -1 86 85 84 -1 87 88 89 -1 88 90 89 -1 91 89 90 -1 92 93 94 -1 94 93 95 -1 95 93 96 -1 97 96 93 -1 "
														                >
															<Coordinate DEF="coords_ME_ID604_002"
															            point="2.480315 6.181102 -0.000000 2.480315 19.291338 0.000000 0.000000 6.181102 -0.000000 0.000000 19.291338 0.000000 -0.000000 52.627926 2.050262 0.000000 52.559055 2.834646 0.000000 19.360210 -0.784384 0.000000 19.291338 0.000000 0.000000 19.291338 2.834646 0.000000 6.181102 -0.000000 0.000000 5.669291 2.834646 -0.000000 5.669291 0.026997 0.000000 19.291338 0.000000 2.480315 19.291338 0.000000 0.000000 19.360210 -0.784384 2.480315 19.360210 -0.784384 2.480315 52.627926 2.050262 2.480315 19.360210 -0.784384 2.480315 52.559055 2.834646 2.480315 19.291338 2.834646 2.480315 19.291338 0.000000 2.480315 6.181102 -0.000000 2.480315 5.669291 2.834646 2.480315 5.669291 0.026997 2.480315 6.181102 -0.000000 0.000000 6.181102 -0.000000 2.480315 5.669291 0.026997 -0.000000 5.669291 0.026997 -0.000000 5.669291 0.026997 0.000000 5.669291 2.834646 0.071080 2.809171 0.177860 0.077814 2.538212 2.834646 0.077814 2.538212 0.219149 2.480315 5.669291 2.834646 2.402501 2.538212 2.834646 2.480315 19.291338 2.834646 2.246873 0.370542 2.834646 1.984252 -0.984252 2.834646 0.496063 -0.984252 2.834646 0.233441 0.370542 2.834646 0.077814 2.538212 2.834646 0.000000 19.291338 2.834646 0.000000 5.669291 2.834646 2.480315 52.559055 2.834646 2.480315 19.291338 2.834646 0.000000 52.559055 2.834646 0.000000 19.291338 2.834646 2.480315 52.559055 2.834646 0.000000 52.559055 2.834646 2.480315 52.627926 2.050262 -0.000000 52.627926 2.050262 2.480315 19.360210 -0.784384 2.480315 52.627926 2.050262 0.000000 19.360210 -0.784384 -0.000000 52.627926 2.050262 2.480315 5.669291 0.026997 2.409235 2.809171 0.177860 2.480315 5.669291 2.834646 2.402501 2.538212 2.834646 2.402501 2.538212 0.219149 2.409235 2.809171 0.177860 2.480315 5.669291 0.026997 0.071080 2.809171 0.177860 -0.000000 5.669291 0.026997 2.402501 2.538212 0.219149 2.409235 2.809171 0.177860 2.254356 0.474757 0.533580 0.225959 0.474757 0.533580 0.077814 2.538212 0.219149 0.071080 2.809171 0.177860 0.077814 2.538212 0.219149 0.077814 2.538212 2.834646 0.225959 0.474757 0.533580 0.233441 0.370542 2.834646 0.233441 0.370542 0.576457 0.233441 0.370542 0.576457 0.233441 0.370542 2.834646 0.496063 -0.984252 1.133858 0.496063 -0.984252 2.834646 1.984252 -0.984252 2.834646 1.984252 -0.984252 1.133858 0.496063 -0.984252 2.834646 0.496063 -0.984252 1.133858 2.246873 0.370542 2.834646 2.246873 0.370542 0.576457 1.984252 -0.984252 2.834646 1.984252 -0.984252 1.133858 2.402501 2.538212 0.219149 2.254356 0.474757 0.533580 2.402501 2.538212 2.834646 2.246873 0.370542 0.576457 2.246873 0.370542 2.834646 2.246873 0.370542 0.576457 2.254356 0.474757 0.533580 1.984252 -0.984252 1.133858 0.496063 -0.984252 1.133858 0.233441 0.370542 0.576457 0.225959 0.474757 0.533580 "
															            />
														</IndexedFaceSet>
													</Shape>
												</Group>
											</Transform>
										</Transform>
									</Transform>
								</Transform>
							</Transform>
							<Transform DEF="group_66_TRANSFORM"
							           translation="70.296349 7.266018 34.055790"
							           scale="-1.000000 -1.000000 -1.000000"
							           rotation="-0.000000 0.707107 -0.707107 3.141593"
							           >
								<Transform DEF="group_67_TRANSFORM"
								           translation="0.000046 86.697525 2.480821"
								           scale="1.000000 1.914475 1.000000"
								           rotation="-0.999863 0.000000 -0.000000 0.017456"
								           >
									<Transform DEF="group_67_ifs_TRANSFORM"
									           translation="-0.000076 0.000004 -0.000003"
									           scale="1.000000 1.000000 1.000000"
									           rotation="-0.000000 0.000000 0.000000 0.000000"
									           >
										<Group DEF="group_ME_ID612_001">
											<Shape>
												<Appearance>
													<Material USE="MA_material_020" />
												</Appearance>
												<IndexedFaceSet solid="false"
												                coordIndex="0 1 2 -1 3 2 1 -1 4 5 6 -1 5 7 6 -1 6 7 8 -1 8 7 9 -1 7 10 9 -1 9 10 11 -1 10 12 11 -1 12 13 11 -1 11 13 14 -1 14 13 15 -1 13 16 15 -1 17 15 16 -1 0 18 1 -1 19 1 18 -1 20 21 22 -1 22 21 23 -1 21 24 23 -1 23 24 25 -1 24 26 25 -1 25 26 27 -1 26 28 27 -1 27 28 29 -1 28 30 29 -1 29 30 31 -1 30 32 31 -1 33 31 32 -1 34 2 35 -1 3 35 2 -1 36 37 38 -1 39 38 37 -1 40 41 42 -1 43 42 41 -1 40 42 44 -1 45 44 42 -1 44 45 46 -1 47 46 45 -1 46 47 48 -1 49 48 47 -1 48 49 50 -1 51 50 49 -1 50 51 52 -1 53 52 51 -1 18 54 19 -1 55 19 54 -1 56 34 57 -1 35 57 34 -1 58 56 59 -1 57 59 56 -1 58 59 36 -1 37 36 59 -1 "
												                >
													<Coordinate DEF="coords_ME_ID612_001"
													            point="0.553832 25.085108 2.066929 0.553832 -27.598106 2.066929 2.066929 25.085108 0.553832 2.066929 -27.598106 0.553832 4.133858 -27.598106 8.267716 6.200788 -27.598106 7.713885 2.066929 -27.598106 7.713885 7.713885 -27.598106 6.200788 0.553832 -27.598106 6.200788 0.266894 -27.598106 5.129921 8.000822 -27.598106 5.129921 0.000000 -27.598106 4.133858 8.267716 -27.598106 4.133858 7.713885 -27.598106 2.066929 0.553832 -27.598106 2.066929 2.066929 -27.598106 0.553832 6.200788 -27.598106 0.553832 4.133858 -27.598106 0.000000 0.000000 25.085108 4.133858 0.000000 -27.598106 4.133858 4.133858 25.085106 8.267716 2.066929 25.085106 7.713885 6.200788 25.085108 7.713885 7.713885 25.085108 6.200788 0.553832 25.085108 6.200788 8.000822 25.085106 5.129921 0.266894 25.085108 5.129921 8.267716 25.085108 4.133858 0.000000 25.085108 4.133858 7.713885 25.085108 2.066929 0.553832 25.085108 2.066929 6.200788 25.085108 0.553832 2.066929 25.085108 0.553832 4.133858 25.085108 0.000000 4.133858 25.085108 0.000000 4.133858 -27.598106 0.000000 8.267716 25.085108 4.133858 8.267716 -27.598106 4.133858 8.000822 25.085106 5.129921 8.000822 -27.598106 5.129921 7.713885 25.085108 6.200788 8.000822 25.085106 5.129921 7.713885 -27.598106 6.200788 8.000822 -27.598106 5.129921 6.200788 25.085108 7.713885 6.200788 -27.598106 7.713885 4.133858 25.085106 8.267716 4.133858 -27.598106 8.267716 2.066929 25.085106 7.713885 2.066929 -27.598106 7.713885 0.553832 25.085108 6.200788 0.553832 -27.598106 6.200788 0.266894 25.085108 5.129921 0.266894 -27.598106 5.129921 0.266894 25.085108 5.129921 0.266894 -27.598106 5.129921 6.200788 25.085108 0.553832 6.200788 -27.598106 0.553832 7.713885 25.085108 2.066929 7.713885 -27.598106 2.066929 "
													            />
												</IndexedFaceSet>
											</Shape>
										</Group>
									</Transform>
								</Transform>
							</Transform>
							<Transform DEF="group_68_TRANSFORM"
							           translation="34.203331 7.476532 78.748062"
							           scale="-1.000000 -1.000000 -1.000000"
							           rotation="0.577350 -0.577350 0.577350 2.094395"
							           >
								<Transform DEF="group_69_TRANSFORM"
								           translation="0.000000 86.697517 2.480808"
								           scale="1.000000 1.914475 1.000000"
								           rotation="-0.999863 0.000000 0.000000 0.017456"
								           >
									<Transform DEF="group_69_ifs_TRANSFORM"
									           translation="0.000000 -0.000008 -0.000006"
									           scale="1.000000 1.000000 1.000000"
									           rotation="0.000000 0.000000 0.000000 0.000000"
									           >
										<Group DEF="group_ME_ID620">
											<Shape>
												<Appearance>
													<Material USE="MA_material_020" />
												</Appearance>
												<IndexedFaceSet solid="false"
												                coordIndex="0 1 2 -1 3 2 1 -1 4 5 6 -1 6 5 7 -1 5 8 7 -1 7 8 9 -1 8 10 9 -1 9 10 11 -1 10 12 11 -1 11 12 13 -1 12 14 13 -1 13 14 15 -1 14 16 15 -1 17 15 16 -1 0 18 1 -1 19 1 18 -1 20 21 22 -1 22 21 23 -1 21 24 23 -1 23 24 25 -1 24 26 25 -1 25 26 27 -1 26 28 27 -1 27 28 29 -1 28 30 29 -1 29 30 31 -1 30 32 31 -1 33 31 32 -1 34 2 35 -1 3 35 2 -1 36 37 38 -1 39 38 37 -1 40 41 42 -1 43 42 41 -1 40 42 44 -1 45 44 42 -1 44 45 46 -1 47 46 45 -1 46 47 48 -1 49 48 47 -1 48 49 50 -1 51 50 49 -1 52 50 53 -1 51 53 50 -1 18 54 19 -1 55 19 54 -1 56 34 57 -1 35 57 34 -1 58 56 59 -1 57 59 56 -1 36 58 37 -1 59 37 58 -1 "
												                >
													<Coordinate DEF="coords_ME_ID620"
													            point="0.553832 25.085108 2.066929 0.553832 -27.598106 2.066929 2.066929 25.085108 0.553832 2.066929 -27.598106 0.553832 4.133858 -27.598106 8.267716 6.200788 -27.598106 7.713885 2.066929 -27.598106 7.713885 0.553832 -27.598106 6.200788 7.713885 -27.598106 6.200788 0.266894 -27.598106 5.129921 8.000822 -27.598106 5.129921 0.000000 -27.598106 4.133858 8.267716 -27.598106 4.133858 0.553832 -27.598106 2.066929 7.713885 -27.598106 2.066929 2.066929 -27.598106 0.553832 6.200788 -27.598106 0.553832 4.133858 -27.598106 0.000000 0.000000 25.085106 4.133858 0.000000 -27.598106 4.133858 4.133858 25.085106 8.267716 2.066929 25.085106 7.713885 6.200788 25.085108 7.713885 7.713885 25.085108 6.200788 0.553832 25.085108 6.200788 8.000822 25.085106 5.129921 0.266894 25.085108 5.129921 8.267716 25.085106 4.133858 0.000000 25.085106 4.133858 7.713885 25.085108 2.066929 0.553832 25.085108 2.066929 6.200788 25.085106 0.553832 2.066929 25.085108 0.553832 4.133858 25.085108 0.000000 4.133858 25.085108 0.000000 4.133858 -27.598106 0.000000 8.267716 25.085106 4.133858 8.267716 -27.598106 4.133858 8.000822 25.085106 5.129921 8.000822 -27.598106 5.129921 7.713885 25.085108 6.200788 8.000822 25.085106 5.129921 7.713885 -27.598106 6.200788 8.000822 -27.598106 5.129921 6.200788 25.085108 7.713885 6.200788 -27.598106 7.713885 4.133858 25.085106 8.267716 4.133858 -27.598106 8.267716 2.066929 25.085106 7.713885 2.066929 -27.598106 7.713885 0.553832 25.085108 6.200788 0.553832 -27.598106 6.200788 0.266894 25.085108 5.129921 0.266894 -27.598106 5.129921 0.266894 25.085108 5.129921 0.266894 -27.598106 5.129921 6.200788 25.085106 0.553832 6.200788 -27.598106 0.553832 7.713885 25.085108 2.066929 7.713885 -27.598106 2.066929 "
													            />
												</IndexedFaceSet>
											</Shape>
										</Group>
									</Transform>
								</Transform>
							</Transform>
						</Transform>
					</Transform>
					<Transform DEF="group_10_001_TRANSFORM"
					           translation="236.412109 43.683411 18.524578"
					           scale="1.000000 1.000000 1.000000"
					           rotation="0.000000 -0.000000 -1.000000 3.141593"
					           >
						<Transform DEF="group_10_001_ifs_TRANSFORM"
						           translation="-0.000039 -0.000028 -0.000000"
						           scale="1.000000 1.000000 1.000000"
						           rotation="0.000000 -0.000000 0.000000 0.000000"
						           >
							<Group DEF="group_ME_ID630">
							</Group>
						</Transform>
					</Transform>
					<Transform DEF="group_10_002_TRANSFORM"
					           translation="236.412109 43.683411 18.524578"
					           scale="1.000000 1.000000 1.000000"
					           rotation="0.000000 -0.000000 -1.000000 3.141593"
					           >
						<Transform DEF="group_10_002_ifs_TRANSFORM"
						           translation="-0.000039 -0.000028 -0.000000"
						           scale="1.000000 1.000000 1.000000"
						           rotation="0.000000 -0.000000 0.000000 0.000000"
						           >
							<Group DEF="group_ME_ID634">
							</Group>
						</Transform>
					</Transform>
					<Transform DEF="group_10_003_TRANSFORM"
					           translation="236.412109 43.683411 18.524578"
					           scale="1.000000 1.000000 1.000000"
					           rotation="0.000000 -0.000000 -1.000000 3.141593"
					           >
						<Transform DEF="group_10_003_ifs_TRANSFORM"
						           translation="-0.000039 -0.000028 -0.000000"
						           scale="1.000000 1.000000 1.000000"
						           rotation="0.000000 -0.000000 0.000000 0.000000"
						           >
							<Group DEF="group_ME_ID638">
							</Group>
						</Transform>
					</Transform>
				</Transform>
				<Transform DEF="group_9_001_TRANSFORM"
				           translation="0.000000 0.000001 51.599972"
				           scale="1.000000 1.000000 1.000000"
				           rotation="-1.000000 0.000000 0.000000 1.570796"
				           >
					<Transform DEF="group_9_001_ifs_TRANSFORM"
					           translation="0.000000 0.000000 0.000000"
					           scale="1.000000 1.000000 1.000000"
					           rotation="0.000000 1.000000 0.000000 0.000000"
					           >
						<Group DEF="group_ME_ID646_001">
						</Group>
					</Transform>
				</Transform>
			</Transform>
			<Transform DEF="group_70_TRANSFORM"
			           translation="1511.754761 -957.731384 171.307968"
			           scale="1.000000 1.000000 1.000000"
			           rotation="0.000000 1.000000 0.000000 0.000000"
			           >
				<Transform DEF="group_71_TRANSFORM"
				           translation="229.968628 0.531494 4.750870"
				           scale="1.000000 1.000000 1.000000"
				           rotation="0.000000 1.000001 -0.000000 0.364586"
				           >
					<Transform DEF="group_71_ifs_TRANSFORM"
					           translation="0.000038 0.000061 0.000015"
					           scale="1.000000 1.000000 1.000000"
					           rotation="-0.000000 0.000000 -0.000000 0.000000"
					           >
						<Group DEF="group_ME_ID652">
							<Shape>
								<Appearance>
									<Material USE="MA_material_020" />
								</Appearance>
								<IndexedFaceSet solid="false"
								                coordIndex="0 1 2 -1 1 0 3 -1 4 5 6 -1 5 4 7 -1 8 9 10 -1 9 8 11 -1 12 13 14 -1 13 12 15 -1 16 17 18 -1 17 16 19 -1 20 21 22 -1 21 20 23 -1 "
								                >
									<Coordinate DEF="coords_ME_ID652"
									            point="2.362205 2.480315 3.149606 3.149606 2.480315 0.000000 0.000000 2.480315 0.000000 3.149606 2.480315 3.149606 3.149606 0.000000 3.149606 2.362205 2.480315 3.149606 2.362205 0.000000 3.149606 3.149606 2.480315 3.149606 3.149606 2.480315 0.000000 3.149606 0.000000 3.149606 3.149606 0.000000 0.000000 3.149606 2.480315 3.149606 3.149606 2.480315 0.000000 0.000000 0.000000 0.000000 0.000000 2.480315 0.000000 3.149606 0.000000 0.000000 2.362205 2.480315 3.149606 0.000000 0.000000 0.000000 2.362205 0.000000 3.149606 0.000000 2.480315 0.000000 3.149606 0.000000 3.149606 0.000000 0.000000 0.000000 3.149606 0.000000 0.000000 2.362205 0.000000 3.149606 "
									            />
								</IndexedFaceSet>
							</Shape>
						</Group>
					</Transform>
				</Transform>
				<Transform DEF="group_72_TRANSFORM"
				           translation="0.000000 0.000000 0.317429"
				           scale="1.000000 1.000000 1.000000"
				           rotation="0.000000 1.000000 0.000000 0.000000"
				           >
					<Transform DEF="group_72_ifs_TRANSFORM"
					           translation="0.000000 0.000000 0.000000"
					           scale="1.000000 1.000000 1.000000"
					           rotation="0.000000 1.000000 0.000000 0.000000"
					           >
						<Group DEF="group_ME_ID659">
							<Shape>
								<Appearance>
									<Material USE="MA_material_020" />
								</Appearance>
								<IndexedFaceSet solid="false"
								                coordIndex="0 1 2 -1 1 0 3 -1 4 5 6 -1 5 4 7 -1 7 4 8 -1 7 8 9 -1 9 8 10 -1 9 10 11 -1 12 1 3 -1 1 12 13 -1 14 15 16 -1 15 14 17 -1 18 19 20 -1 19 18 21 -1 19 21 22 -1 22 21 23 -1 22 23 24 -1 24 23 25 -1 26 9 11 -1 9 26 27 -1 9 27 7 -1 7 27 28 -1 7 28 5 -1 5 28 29 -1 30 31 32 -1 31 30 33 -1 31 33 34 -1 34 33 35 -1 34 35 36 -1 36 35 37 -1 38 13 12 -1 13 38 39 -1 14 40 17 -1 40 14 41 -1 42 43 44 -1 43 42 45 -1 45 42 46 -1 45 46 47 -1 47 46 48 -1 47 48 49 -1 48 27 26 -1 27 48 46 -1 27 46 28 -1 28 46 42 -1 28 42 29 -1 29 42 44 -1 35 50 37 -1 50 35 51 -1 51 35 33 -1 51 33 52 -1 52 33 30 -1 52 30 53 -1 51 54 50 -1 54 51 55 -1 55 51 52 -1 55 52 56 -1 56 52 53 -1 56 53 57 -1 43 56 57 -1 56 43 45 -1 56 45 55 -1 55 45 47 -1 55 47 54 -1 54 47 49 -1 38 58 39 -1 58 38 59 -1 41 60 40 -1 60 41 61 -1 58 60 61 -1 60 58 59 -1 "
								                >
									<Coordinate DEF="coords_ME_ID659"
									            point="141.732285 1.771654 34.316025 94.729721 0.518905 57.292931 94.488182 1.771654 56.833221 141.936752 0.518905 34.793400 200.787399 1.771654 11.777788 141.936752 0.518905 34.793400 141.732285 1.771654 34.316025 200.972412 0.518905 12.262587 208.953079 1.771654 8.661377 209.138107 0.518905 9.146175 231.647797 1.771654 0.000000 231.832794 0.518905 0.484798 142.430374 0.000000 35.945892 95.312859 0.000000 58.402767 94.729721 3.024402 57.292931 141.732285 1.771654 34.316025 94.488182 1.771654 56.833221 141.936752 3.024402 34.793400 231.832794 0.518905 0.484798 232.726181 0.518905 2.825613 232.279480 0.000000 1.655205 231.647797 1.771654 0.000000 232.911194 1.771654 3.310411 231.832794 3.024402 0.484798 232.726181 3.024402 2.825613 232.279480 3.543307 1.655205 232.279480 0.000000 1.655205 209.584778 0.000000 10.316583 201.419098 0.000000 13.432993 142.430374 0.000000 35.945892 141.936752 3.024402 34.793400 200.787399 1.771654 11.777788 141.732285 1.771654 34.316025 200.972412 3.024402 12.262587 208.953079 1.771654 8.661377 209.138107 3.024402 9.146175 231.647797 1.771654 0.000000 231.832794 3.024402 0.484798 142.923996 0.518905 37.098385 95.895988 0.518905 59.512596 142.430374 3.543307 35.945892 95.312859 3.543307 58.402767 201.865784 0.518905 14.603401 143.128479 1.771654 37.575760 142.923996 0.518905 37.098385 202.050812 1.771654 15.088200 210.031464 0.518905 11.486990 210.216492 1.771654 11.971788 232.726181 0.518905 2.825613 232.911194 1.771654 3.310411 232.279480 3.543307 1.655205 209.584793 3.543307 10.316583 201.419098 3.543307 13.432993 142.430374 3.543307 35.945892 232.726181 3.024402 2.825613 210.031464 3.024402 11.486989 201.865799 3.024402 14.603401 142.923996 3.024402 37.098385 96.137527 1.771654 59.972301 143.128479 1.771654 37.575760 142.923996 3.024402 37.098385 95.895988 3.024402 59.512596 "
									            />
								</IndexedFaceSet>
							</Shape>
						</Group>
					</Transform>
				</Transform>
				<Transform DEF="group_73_TRANSFORM"
				           translation="251.386963 1.027588 2.137344"
				           scale="1.000000 1.000000 1.000000"
				           rotation="0.000000 1.000002 0.000000 0.277005"
				           >
					<Transform DEF="group_73_ifs_TRANSFORM"
					           translation="0.000000 0.000000 0.000000"
					           scale="1.000000 1.000000 1.000000"
					           rotation="0.000000 1.000000 0.000000 0.000000"
					           >
						<Group DEF="group_ME_ID666">
							<Shape>
								<Appearance>
									<Material USE="MA_material_020" />
								</Appearance>
								<IndexedFaceSet solid="false"
								                coordIndex="0 1 2 -1 1 0 3 -1 4 5 6 -1 5 4 7 -1 7 4 8 -1 9 10 11 -1 10 9 12 -1 13 14 15 -1 14 13 16 -1 14 16 17 -1 18 19 20 -1 19 18 21 -1 22 23 24 -1 23 22 25 -1 26 27 28 -1 27 26 29 -1 "
								                >
									<Coordinate DEF="coords_ME_ID666"
									            point="1.181102 1.488189 0.000000 0.000000 0.000000 0.000000 0.000000 1.488189 0.000000 1.181102 0.000000 0.000000 0.787402 1.488189 1.181102 1.181102 1.488189 0.000000 0.000000 1.488189 0.000000 1.181102 1.488189 2.755905 0.787402 1.488189 2.755905 1.181102 1.488189 0.000000 1.181102 0.000000 2.755905 1.181102 0.000000 0.000000 1.181102 1.488189 2.755905 1.181102 0.000000 0.000000 0.787402 0.000000 1.181102 0.000000 0.000000 0.000000 1.181102 0.000000 2.755905 0.787402 0.000000 2.755905 0.787402 1.488189 1.181102 0.000000 0.000000 0.000000 0.787402 0.000000 1.181102 0.000000 1.488189 0.000000 0.787402 1.488189 2.755905 0.787402 0.000000 1.181102 0.787402 0.000000 2.755905 0.787402 1.488189 1.181102 1.181102 0.000000 2.755905 0.787402 1.488189 2.755905 0.787402 0.000000 2.755905 1.181102 1.488189 2.755905 "
									            />
								</IndexedFaceSet>
							</Shape>
						</Group>
					</Transform>
				</Transform>
				<Transform DEF="instance_35_TRANSFORM"
				           translation="251.747925 0.531494 -0.912247"
				           scale="1.000000 1.000000 1.000000"
				           rotation="0.136763 0.136763 0.981118 1.589858"
				           >
					<Transform DEF="instance_35_ifs_TRANSFORM"
					           translation="0.000020 0.000035 0.000044"
					           scale="1.000000 1.000000 1.000000"
					           rotation="0.000000 0.000000 0.000000 0.000000"
					           >
						<Group USE="group_ME_ID183_001" />
					</Transform>
				</Transform>
			</Transform>
		</Transform>
		<Transform DEF="SketchUp_001_TRANSFORM"
		           translation="0.000000 0.000000 0.000000"
		           scale="1.000000 1.000000 1.000000"
		           rotation="-1.000000 0.000000 0.000000 1.570796"
		           >
			<Transform DEF="SketchUp_001_ifs_TRANSFORM"
			           translation="0.000000 0.000000 0.000000"
			           scale="1.000000 1.000000 1.000000"
			           rotation="0.000000 1.000000 0.000000 0.000000"
			           >
				<Group DEF="group_ME_ID677">
				</Group>
			</Transform>
		</Transform>
		<Transform DEF="SketchUp_002_TRANSFORM"
		           translation="0.000000 0.000000 0.000000"
		           scale="1.000000 1.000000 1.000000"
		           rotation="-1.000000 0.000000 0.000000 1.570796"
		           >
			<Transform DEF="SketchUp_002_ifs_TRANSFORM"
			           translation="0.000000 0.000000 0.000000"
			           scale="1.000000 1.000000 1.000000"
			           rotation="0.000000 1.000000 0.000000 0.000000"
			           >
				<Group DEF="group_ME_ID681">
				</Group>
			</Transform>
		</Transform>
	</Scene>
</X3D>