<?xml version="1.0" encoding="UTF-8"?>
<!DOCTYPE X3D PUBLIC "ISO//Web3D//DTD X3D 3.0//EN" "http://www.web3d.org/specifications/x3d-3.0.dtd">
<X3D version="3.0" profile="Immersive" xmlns:xsd="http://www.w3.org/2001/XMLSchema-instance" xsd:noNamespaceSchemaLocation="http://www.web3d.org/specifications/x3d-3.0.xsd">
	<head>
		<meta name="filename" content="27-1 梁架平面.x3d" />
		<meta name="created" content="2025-12-29 14:00:52" />
		<meta name="generator" content="Blender 4.2.2 LTS" />
		<meta name="translator" content="Web3D X3D/VRML2 format v2.5.1" />
	</head>
	<Scene>
		<NavigationInfo headlight="true"
		                visibilityLimit="0.0"
		                type='"EXAMINE", "ANY"'
		                avatarSize="0.25, 1.75, 0.75"
		                />
		<Background DEF="WO_World"
		            groundColor="0.051 0.051 0.051"
		            skyColor="0.051 0.051 0.051"
		            />
		<Transform DEF="SketchUp_TRANSFORM"
		           translation="0.000000 0.000000 0.000000"
		           scale="1.000000 1.000000 1.000000"
		           rotation="-1.000000 0.000000 0.000000 1.570796"
		           >
			<Transform DEF="SketchUp_ifs_TRANSFORM"
			           translation="0.000000 0.000000 0.000000"
			           scale="1.000000 1.000000 1.000000"
			           rotation="0.000000 1.000000 0.000000 0.000000"
			           >
				<Group DEF="group_ME_ID1178">
				</Group>
			</Transform>
			<Transform DEF="group_0_TRANSFORM"
			           translation="-243.364059 -229.390579 0.000000"
			           scale="1.000000 1.000000 1.000000"
			           rotation="0.000000 1.000000 0.000000 0.000000"
			           >
				<Transform DEF="group_1_TRANSFORM"
				           translation="206.615753 201.047989 191.281494"
				           scale="1.000000 1.000000 1.000000"
				           rotation="0.000000 0.000000 1.000000 2.356194"
				           >
					<Transform DEF="group_1_ifs_TRANSFORM"
					           translation="-0.000001 0.000002 0.000015"
					           scale="1.000000 1.000000 1.000000"
					           rotation="0.000000 1.000000 0.000000 0.000000"
					           >
						<Group DEF="group_ME_ID27">
						</Group>
					</Transform>
					<Transform DEF="group_2_TRANSFORM"
					           translation="0.590549 -0.000772 -4.171371"
					           scale="1.000000 1.000000 1.000000"
					           rotation="0.000000 1.000000 0.000000 0.000000"
					           >
						<Transform DEF="group_2_ifs_TRANSFORM"
						           translation="-0.000001 -0.000002 0.000015"
						           scale="1.000000 1.000000 1.000000"
						           rotation="0.000000 1.000000 0.000000 0.000000"
						           >
							<Group DEF="group_ME_ID5">
								<Shape>
									<Appearance>
										<Material DEF="MA_material_001"
										          diffuseColor="1.000 1.000 1.000"
										          specularColor="0.401 0.401 0.401"
										          emissiveColor="0.000 0.000 0.000"
										          ambientIntensity="0.000"
										          shininess="0.500"
										          transparency="0.000"
										          />
									</Appearance>
									<IndexedFaceSet solid="false"
									                coordIndex="0 1 2 -1 1 0 3 -1 4 5 6 -1 5 4 7 -1 8 9 10 -1 9 8 11 -1 12 13 14 -1 13 12 15 -1 16 17 18 -1 17 16 19 -1 20 21 22 -1 21 20 23 -1 "
									                >
										<Coordinate DEF="coords_ME_ID5"
										            point="0.000000 69.597900 73.942406 6.737959 73.778160 69.771011 0.000000 73.778931 69.771790 6.737959 69.597122 73.941628 6.737959 69.597122 73.941628 0.000000 0.000776 4.171392 6.706017 0.000000 4.170614 0.000000 69.597900 73.942406 6.706017 4.181035 0.000000 6.737959 69.597122 73.941628 6.706017 0.000000 4.170614 6.737959 73.778160 69.771011 0.000000 4.181811 0.000778 6.737959 73.778160 69.771011 6.706017 4.181035 0.000000 0.000000 73.778931 69.771790 0.000000 69.597900 73.942406 0.000000 4.181811 0.000778 0.000000 0.000776 4.171392 0.000000 73.778931 69.771790 6.706017 4.181035 0.000000 0.000000 0.000776 4.171392 0.000000 4.181811 0.000778 6.706017 0.000000 4.170614 "
										            />
									</IndexedFaceSet>
								</Shape>
							</Group>
						</Transform>
					</Transform>
					<Transform DEF="group_3_TRANSFORM"
					           translation="0.592211 -34.799255 -13.661499"
					           scale="1.000000 1.000000 1.000000"
					           rotation="0.000000 1.000000 0.000000 0.000000"
					           >
						<Transform DEF="group_3_ifs_TRANSFORM"
						           translation="0.000001 0.000000 0.000000"
						           scale="1.000000 1.000000 1.000000"
						           rotation="0.000000 1.000000 0.000000 0.000000"
						           >
							<Group DEF="group_ME_ID14">
								<Shape>
									<Appearance>
										<Material USE="MA_material_001" />
									</Appearance>
									<IndexedFaceSet solid="false"
									                coordIndex="0 1 2 -1 3 4 5 -1 4 3 6 -1 7 8 9 -1 10 11 12 -1 13 14 15 -1 14 13 16 -1 16 13 17 -1 17 13 18 -1 19 20 21 -1 22 23 24 -1 23 22 25 -1 26 27 28 -1 27 26 29 -1 30 31 32 -1 31 30 33 -1 34 35 36 -1 35 34 37 -1 38 39 40 -1 39 38 41 -1 42 43 44 -1 43 42 45 -1 43 45 46 -1 "
									                >
										<Coordinate DEF="coords_ME_ID14"
										            point="3.328825 72.729904 43.540516 3.322635 51.115170 30.018301 3.325192 72.729759 43.540424 3.325192 69.597679 48.546936 3.328825 72.729904 43.540516 3.325192 72.729759 43.540424 3.328825 69.597816 48.547024 3.328825 72.729904 43.540516 3.328825 69.597816 48.547024 3.322635 51.115170 30.018301 3.325192 72.729759 43.540424 3.322635 51.115170 30.018301 3.325192 69.597679 48.546936 6.692923 0.000000 5.006510 0.008233 69.597961 48.547112 0.000000 0.000837 5.007033 3.325192 69.597679 48.546936 3.328825 69.597816 48.547024 6.712856 69.597122 48.546589 3.328825 69.597816 48.547024 3.322635 51.115170 30.018301 3.325192 69.597679 48.546936 3.322635 51.115170 30.018301 6.712856 69.597122 48.546589 6.706665 51.114475 30.017866 3.328825 69.597816 48.547024 0.005676 51.115452 30.018478 3.325192 69.597679 48.546936 3.322635 51.115170 30.018301 0.008233 69.597961 48.547112 0.008233 69.597961 48.547112 0.000000 3.132918 0.000524 0.000000 0.000837 5.007033 0.005676 51.115452 30.018478 6.692923 0.000000 5.006510 0.000000 3.132918 0.000524 6.692923 3.132081 0.000000 0.000000 0.000837 5.007033 6.692923 3.132081 0.000000 6.712856 69.597122 48.546589 6.692923 0.000000 5.006510 6.706665 51.114475 30.017866 0.005676 51.115452 30.018478 6.692923 3.132081 0.000000 0.000000 3.132918 0.000524 3.322635 51.115170 30.018301 6.706665 51.114475 30.017866 "
										            />
									</IndexedFaceSet>
								</Shape>
							</Group>
						</Transform>
					</Transform>
					<Transform DEF="group_4_TRANSFORM"
					           translation="0.590491 -69.597122 -15.272415"
					           scale="1.000000 1.000000 1.000000"
					           rotation="0.000000 1.000000 0.000000 0.000000"
					           >
						<Transform DEF="group_4_ifs_TRANSFORM"
						           translation="-0.000001 0.000000 0.000000"
						           scale="1.000000 1.000000 1.000000"
						           rotation="0.000000 1.000000 0.000000 0.000000"
						           >
							<Group DEF="group_ME_ID21">
								<Shape>
									<Appearance>
										<Material USE="MA_material_001" />
									</Appearance>
									<IndexedFaceSet solid="false"
									                coordIndex="0 1 2 -1 1 0 3 -1 4 5 6 -1 5 4 7 -1 8 9 10 -1 9 8 11 -1 12 13 14 -1 13 12 15 -1 16 17 18 -1 17 16 19 -1 20 21 22 -1 21 20 23 -1 "
									                >
										<Coordinate DEF="coords_ME_ID21"
										            point="6.694044 28.160484 5.107891 6.704701 69.597122 28.386341 6.691706 0.000000 0.000000 6.696313 40.312386 10.064246 6.691706 0.000000 0.000000 0.012996 69.597122 28.389406 0.000000 0.000000 0.003064 6.704701 69.597122 28.386341 0.002338 28.160484 5.110955 6.691706 0.000000 0.000000 0.000000 0.000000 0.003064 6.694044 28.160484 5.107891 0.004608 40.312386 10.067310 6.694044 28.160484 5.107891 0.002338 28.160484 5.110955 6.696313 40.312386 10.064246 0.012996 69.597122 28.389406 6.696313 40.312386 10.064246 0.004608 40.312386 10.067310 6.704701 69.597122 28.386341 0.012996 69.597122 28.389406 0.002338 28.160484 5.110955 0.000000 0.000000 0.003064 0.004608 40.312386 10.067310 "
										            />
									</IndexedFaceSet>
								</Shape>
							</Group>
						</Transform>
					</Transform>
				</Transform>
				<Transform DEF="group_5_TRANSFORM"
				           translation="108.190567 206.615753 191.281494"
				           scale="1.000000 1.000000 1.000000"
				           rotation="-0.000000 -0.000000 -1.000000 2.356194"
				           >
					<Transform DEF="group_5_ifs_TRANSFORM"
					           translation="-0.000006 0.000002 0.000015"
					           scale="1.000000 1.000000 1.000000"
					           rotation="0.000000 1.000000 0.000000 0.000000"
					           >
						<Group DEF="group_ME_ID55">
						</Group>
					</Transform>
					<Transform DEF="group_2_001_TRANSFORM"
					           translation="0.590551 -0.000780 -4.171371"
					           scale="1.000000 1.000000 1.000000"
					           rotation="0.000000 1.000000 0.000000 0.000000"
					           >
						<Transform DEF="group_2_001_ifs_TRANSFORM"
						           translation="-0.000002 0.000006 0.000015"
						           scale="1.000000 1.000000 1.000000"
						           rotation="0.000000 1.000000 0.000000 0.000000"
						           >
							<Group DEF="group_ME_ID35">
								<Shape>
									<Appearance>
										<Material USE="MA_material_001" />
									</Appearance>
									<IndexedFaceSet solid="false"
									                coordIndex="0 1 2 -1 1 0 3 -1 4 5 6 -1 5 4 7 -1 8 9 10 -1 9 8 11 -1 12 13 14 -1 13 12 15 -1 16 17 18 -1 17 16 19 -1 20 21 22 -1 21 20 23 -1 "
									                >
										<Coordinate DEF="coords_ME_ID35"
										            point="0.000000 69.597900 73.942406 6.737959 73.778160 69.771011 0.000000 73.778931 69.771790 6.737959 69.597122 73.941628 6.737959 69.597122 73.941628 0.000000 0.000776 4.171392 6.706017 0.000000 4.170614 0.000000 69.597900 73.942406 6.706017 4.181035 0.000000 6.737959 69.597122 73.941628 6.706017 0.000000 4.170614 6.737959 73.778160 69.771011 0.000000 4.181811 0.000778 6.737959 73.778160 69.771011 6.706017 4.181035 0.000000 0.000000 73.778931 69.771790 0.000000 69.597900 73.942406 0.000000 4.181811 0.000778 0.000000 0.000776 4.171392 0.000000 73.778931 69.771790 6.706017 4.181035 0.000000 0.000000 0.000776 4.171392 0.000000 4.181811 0.000778 6.706017 0.000000 4.170614 "
										            />
									</IndexedFaceSet>
								</Shape>
							</Group>
						</Transform>
					</Transform>
					<Transform DEF="group_3_001_TRANSFORM"
					           translation="0.592203 -34.799255 -13.661499"
					           scale="1.000000 1.000000 1.000000"
					           rotation="0.000000 1.000000 0.000000 0.000000"
					           >
						<Transform DEF="group_3_001_ifs_TRANSFORM"
						           translation="0.000001 0.000001 0.000000"
						           scale="1.000000 1.000000 1.000000"
						           rotation="0.000000 1.000000 0.000000 0.000000"
						           >
							<Group DEF="group_ME_ID42">
								<Shape>
									<Appearance>
										<Material USE="MA_material_001" />
									</Appearance>
									<IndexedFaceSet solid="false"
									                coordIndex="0 1 2 -1 3 4 5 -1 4 3 6 -1 7 8 9 -1 10 11 12 -1 13 14 15 -1 14 13 16 -1 16 13 17 -1 17 13 18 -1 19 20 21 -1 22 23 24 -1 23 22 25 -1 26 27 28 -1 27 26 29 -1 30 31 32 -1 31 30 33 -1 34 35 36 -1 35 34 37 -1 38 39 40 -1 39 38 41 -1 42 43 44 -1 43 42 45 -1 43 45 46 -1 "
									                >
										<Coordinate DEF="coords_ME_ID42"
										            point="3.328825 72.729904 43.540516 3.322635 51.115170 30.018301 3.325192 72.729759 43.540424 3.325192 69.597679 48.546936 3.328825 72.729904 43.540516 3.325192 72.729759 43.540424 3.328825 69.597816 48.547024 3.328825 72.729904 43.540516 3.328825 69.597816 48.547024 3.322635 51.115170 30.018301 3.325192 72.729759 43.540424 3.322635 51.115170 30.018301 3.325192 69.597679 48.546936 6.692923 0.000000 5.006510 0.008233 69.597961 48.547112 0.000000 0.000837 5.007033 3.325192 69.597679 48.546936 3.328825 69.597816 48.547024 6.712856 69.597122 48.546589 3.328825 69.597816 48.547024 3.322635 51.115170 30.018301 3.325192 69.597679 48.546936 3.322635 51.115170 30.018301 6.712856 69.597122 48.546589 6.706665 51.114475 30.017866 3.328825 69.597816 48.547024 0.005676 51.115452 30.018478 3.325192 69.597679 48.546936 3.322635 51.115170 30.018301 0.008233 69.597961 48.547112 0.008233 69.597961 48.547112 0.000000 3.132918 0.000524 0.000000 0.000837 5.007033 0.005676 51.115452 30.018478 6.692923 0.000000 5.006510 0.000000 3.132918 0.000524 6.692923 3.132081 0.000000 0.000000 0.000837 5.007033 6.692923 3.132081 0.000000 6.712856 69.597122 48.546589 6.692923 0.000000 5.006510 6.706665 51.114475 30.017866 0.005676 51.115452 30.018478 6.692923 3.132081 0.000000 0.000000 3.132918 0.000524 3.322635 51.115170 30.018301 6.706665 51.114475 30.017866 "
										            />
									</IndexedFaceSet>
								</Shape>
							</Group>
						</Transform>
					</Transform>
					<Transform DEF="group_4_001_TRANSFORM"
					           translation="0.590485 -69.597115 -15.272415"
					           scale="1.000000 1.000000 1.000000"
					           rotation="0.000000 1.000000 0.000000 0.000000"
					           >
						<Transform DEF="group_4_001_ifs_TRANSFORM"
						           translation="0.000008 0.000000 0.000000"
						           scale="1.000000 1.000000 1.000000"
						           rotation="0.000000 1.000000 0.000000 0.000000"
						           >
							<Group DEF="group_ME_ID49">
								<Shape>
									<Appearance>
										<Material USE="MA_material_001" />
									</Appearance>
									<IndexedFaceSet solid="false"
									                coordIndex="0 1 2 -1 1 0 3 -1 4 5 6 -1 5 4 7 -1 8 9 10 -1 9 8 11 -1 12 13 14 -1 13 12 15 -1 16 17 18 -1 17 16 19 -1 20 21 22 -1 21 20 23 -1 "
									                >
										<Coordinate DEF="coords_ME_ID49"
										            point="6.694044 28.160484 5.107891 6.704701 69.597122 28.386341 6.691706 0.000000 0.000000 6.696313 40.312386 10.064246 6.691706 0.000000 0.000000 0.012996 69.597122 28.389406 0.000000 0.000000 0.003064 6.704701 69.597122 28.386341 0.002338 28.160484 5.110955 6.691706 0.000000 0.000000 0.000000 0.000000 0.003064 6.694044 28.160484 5.107891 0.004608 40.312386 10.067310 6.694044 28.160484 5.107891 0.002338 28.160484 5.110955 6.696313 40.312386 10.064246 0.012996 69.597122 28.389406 6.696313 40.312386 10.064246 0.004608 40.312386 10.067310 6.704701 69.597122 28.386341 0.012996 69.597122 28.389406 0.002338 28.160484 5.110955 0.000000 0.000000 0.003064 0.004608 40.312386 10.067310 "
										            />
									</IndexedFaceSet>
								</Shape>
							</Group>
						</Transform>
					</Transform>
				</Transform>
				<Transform DEF="group_6_TRANSFORM"
				           translation="201.047989 102.622795 191.281494"
				           scale="1.000000 1.000000 1.000000"
				           rotation="0.000000 0.000000 1.000000 0.785398"
				           >
					<Transform DEF="group_6_ifs_TRANSFORM"
					           translation="0.000008 0.000000 0.000015"
					           scale="1.000000 1.000000 1.000000"
					           rotation="0.000000 1.000000 0.000000 0.000000"
					           >
						<Group DEF="group_ME_ID81">
						</Group>
					</Transform>
					<Transform DEF="group_2_002_TRANSFORM"
					           translation="0.590555 -0.000780 -4.171371"
					           scale="1.000000 1.000000 1.000000"
					           rotation="0.000000 1.000000 0.000000 0.000000"
					           >
						<Transform DEF="group_2_002_ifs_TRANSFORM"
						           translation="0.000002 0.000002 0.000015"
						           scale="1.000000 1.000000 1.000000"
						           rotation="0.000000 1.000000 0.000000 0.000000"
						           >
							<Group DEF="group_ME_ID61">
								<Shape>
									<Appearance>
										<Material USE="MA_material_001" />
									</Appearance>
									<IndexedFaceSet solid="false"
									                coordIndex="0 1 2 -1 1 0 3 -1 4 5 6 -1 5 4 7 -1 8 9 10 -1 9 8 11 -1 12 13 14 -1 13 12 15 -1 16 17 18 -1 17 16 19 -1 20 21 22 -1 21 20 23 -1 "
									                >
										<Coordinate DEF="coords_ME_ID61"
										            point="0.000000 69.597900 73.942406 6.737959 73.778160 69.771011 0.000000 73.778931 69.771790 6.737959 69.597122 73.941628 6.737959 69.597122 73.941628 0.000000 0.000776 4.171392 6.706017 0.000000 4.170614 0.000000 69.597900 73.942406 6.706017 4.181035 0.000000 6.737959 69.597122 73.941628 6.706017 0.000000 4.170614 6.737959 73.778160 69.771011 0.000000 4.181811 0.000778 6.737959 73.778160 69.771011 6.706017 4.181035 0.000000 0.000000 73.778931 69.771790 0.000000 69.597900 73.942406 0.000000 4.181811 0.000778 0.000000 0.000776 4.171392 0.000000 73.778931 69.771790 6.706017 4.181035 0.000000 0.000000 0.000776 4.171392 0.000000 4.181811 0.000778 6.706017 0.000000 4.170614 "
										            />
									</IndexedFaceSet>
								</Shape>
							</Group>
						</Transform>
					</Transform>
					<Transform DEF="group_3_002_TRANSFORM"
					           translation="0.592227 -34.799252 -13.661499"
					           scale="1.000000 1.000000 1.000000"
					           rotation="0.000000 1.000000 0.000000 0.000000"
					           >
						<Transform DEF="group_3_002_ifs_TRANSFORM"
						           translation="0.000003 0.000005 0.000000"
						           scale="1.000000 1.000000 1.000000"
						           rotation="0.000000 1.000000 0.000000 0.000000"
						           >
							<Group DEF="group_ME_ID68">
								<Shape>
									<Appearance>
										<Material USE="MA_material_001" />
									</Appearance>
									<IndexedFaceSet solid="false"
									                coordIndex="0 1 2 -1 3 4 5 -1 4 3 6 -1 7 8 9 -1 10 11 12 -1 13 14 15 -1 14 13 16 -1 16 13 17 -1 17 13 18 -1 19 20 21 -1 22 23 24 -1 23 22 25 -1 26 27 28 -1 27 26 29 -1 30 31 32 -1 31 30 33 -1 34 35 36 -1 35 34 37 -1 38 39 40 -1 39 38 41 -1 42 43 44 -1 43 42 45 -1 43 45 46 -1 "
									                >
										<Coordinate DEF="coords_ME_ID68"
										            point="3.328825 72.729904 43.540516 3.322635 51.115170 30.018301 3.325192 72.729759 43.540424 3.325192 69.597679 48.546936 3.328825 72.729904 43.540516 3.325192 72.729759 43.540424 3.328825 69.597816 48.547024 3.328825 72.729904 43.540516 3.328825 69.597816 48.547024 3.322635 51.115170 30.018301 3.325192 72.729759 43.540424 3.322635 51.115170 30.018301 3.325192 69.597679 48.546936 6.692923 0.000000 5.006510 0.008233 69.597961 48.547112 0.000000 0.000837 5.007033 3.325192 69.597679 48.546936 3.328825 69.597816 48.547024 6.712856 69.597122 48.546589 3.328825 69.597816 48.547024 3.322635 51.115170 30.018301 3.325192 69.597679 48.546936 3.322635 51.115170 30.018301 6.712856 69.597122 48.546589 6.706665 51.114475 30.017866 3.328825 69.597816 48.547024 0.005676 51.115452 30.018478 3.325192 69.597679 48.546936 3.322635 51.115170 30.018301 0.008233 69.597961 48.547112 0.008233 69.597961 48.547112 0.000000 3.132918 0.000524 0.000000 0.000837 5.007033 0.005676 51.115452 30.018478 6.692923 0.000000 5.006510 0.000000 3.132918 0.000524 6.692923 3.132081 0.000000 0.000000 0.000837 5.007033 6.692923 3.132081 0.000000 6.712856 69.597122 48.546589 6.692923 0.000000 5.006510 6.706665 51.114475 30.017866 0.005676 51.115452 30.018478 6.692923 3.132081 0.000000 0.000000 3.132918 0.000524 3.322635 51.115170 30.018301 6.706665 51.114475 30.017866 "
										            />
									</IndexedFaceSet>
								</Shape>
							</Group>
						</Transform>
					</Transform>
					<Transform DEF="group_4_002_TRANSFORM"
					           translation="0.590503 -69.597115 -15.272415"
					           scale="1.000000 1.000000 1.000000"
					           rotation="0.000000 1.000000 0.000000 0.000000"
					           >
						<Transform DEF="group_4_002_ifs_TRANSFORM"
						           translation="0.000010 0.000020 0.000000"
						           scale="1.000000 1.000000 1.000000"
						           rotation="0.000000 1.000000 0.000000 0.000000"
						           >
							<Group DEF="group_ME_ID75_001">
								<Shape>
									<Appearance>
										<Material USE="MA_material_001" />
									</Appearance>
									<IndexedFaceSet solid="false"
									                coordIndex="0 1 2 -1 1 0 3 -1 4 5 6 -1 5 4 7 -1 8 9 10 -1 9 8 11 -1 12 13 14 -1 13 12 15 -1 16 17 18 -1 17 16 19 -1 20 21 22 -1 21 20 23 -1 "
									                >
										<Coordinate DEF="coords_ME_ID75_001"
										            point="6.694044 28.160484 5.107891 6.704701 69.597122 28.386341 6.691706 0.000000 0.000000 6.696313 40.312386 10.064246 6.691706 0.000000 0.000000 0.012996 69.597122 28.389406 0.000000 0.000000 0.003064 6.704701 69.597122 28.386341 0.002338 28.160484 5.110955 6.691706 0.000000 0.000000 0.000000 0.000000 0.003064 6.694044 28.160484 5.107891 0.004608 40.312386 10.067310 6.694044 28.160484 5.107891 0.002338 28.160484 5.110955 6.696313 40.312386 10.064246 0.012996 69.597122 28.389406 6.696313 40.312386 10.064246 0.004608 40.312386 10.067310 6.704701 69.597122 28.386341 0.012996 69.597122 28.389406 0.002338 28.160484 5.110955 0.000000 0.000000 0.003064 0.004608 40.312386 10.067310 "
										            />
									</IndexedFaceSet>
								</Shape>
							</Group>
						</Transform>
					</Transform>
				</Transform>
				<Transform DEF="group_7_TRANSFORM"
				           translation="198.445679 180.565414 125.237793"
				           scale="1.000000 1.000000 1.000000"
				           rotation="0.000000 0.000000 1.000000 1.570796"
				           >
					<Transform DEF="instance_0_TRANSFORM"
					           translation="48.825169 -60.342686 -125.237793"
					           scale="1.000000 1.000000 1.000000"
					           rotation="0.000000 0.000000 -1.000000 1.570796"
					           >
						<Transform DEF="group_8_001_TRANSFORM"
						           translation="16.071754 31.102362 4.724409"
						           scale="-1.000000 -1.000000 -1.000000"
						           rotation="-0.000000 1.000000 -0.000000 3.141593"
						           >
							<Transform DEF="group_9_001_TRANSFORM"
							           translation="-30.314960 23.228346 1.181105"
							           scale="-1.000000 -1.000000 -1.000000"
							           rotation="0.000000 -1.000000 0.000000 3.141593"
							           >
								<Transform DEF="group_9_001_ifs_TRANSFORM"
								           translation="0.000000 0.000000 0.000000"
								           scale="1.000000 1.000000 1.000000"
								           rotation="0.000000 1.000000 0.000000 0.000000"
								           >
									<Group DEF="group_ME_ID90_001">
										<Shape>
											<Appearance>
											</Appearance>
											<IndexedFaceSet solid="false"
											                coordIndex="0 1 2 -1 3 2 1 -1 4 5 6 -1 5 7 6 -1 8 6 7 -1 7 9 8 -1 10 8 9 -1 11 12 13 -1 14 13 12 -1 15 16 17 -1 18 19 20 -1 20 19 15 -1 15 19 16 -1 21 16 19 -1 22 23 24 -1 25 24 23 -1 26 27 28 -1 29 28 27 -1 30 31 32 -1 33 32 31 -1 34 35 36 -1 37 36 35 -1 38 39 40 -1 41 40 39 -1 "
											                >
												<Coordinate DEF="coords_ME_ID90_001"
												            point="0.000000 12.496026 0.595353 0.000000 12.598426 0.000000 1.574803 12.496026 0.595353 1.574803 12.598425 0.000000 0.000000 12.496026 0.595353 0.000000 12.225867 1.135672 0.000000 12.598426 0.000000 0.000000 11.811023 1.574803 0.000000 5.905512 0.000000 0.000000 11.811023 2.362205 0.000000 5.905512 2.362205 0.000000 12.225867 1.135672 0.000000 12.496026 0.595353 1.574803 12.225867 1.135672 1.574803 12.496026 0.595353 1.574803 11.811023 1.574803 1.574803 5.905512 2.362205 1.574803 11.811023 2.362205 1.574803 12.496026 0.595353 1.574803 12.598425 0.000000 1.574803 12.225867 1.135672 1.574803 5.905512 0.000000 1.574803 5.905512 0.000000 1.574803 12.598425 0.000000 0.000000 5.905512 0.000000 0.000000 12.598426 0.000000 1.574803 5.905512 2.362205 0.000000 5.905512 2.362205 1.574803 11.811023 2.362205 0.000000 11.811023 2.362205 0.000000 11.811023 2.362205 0.000000 11.811023 1.574803 1.574803 11.811023 2.362205 1.574803 11.811023 1.574803 0.000000 11.811023 1.574803 0.000000 12.225867 1.135672 1.574803 11.811023 1.574803 1.574803 12.225867 1.135672 0.000000 5.905512 2.362205 1.574803 5.905512 2.362205 0.000000 5.905512 0.000000 1.574803 5.905512 0.000000 "
												            />
											</IndexedFaceSet>
										</Shape>
									</Group>
								</Transform>
							</Transform>
							<Transform DEF="group_10_001_TRANSFORM"
							           translation="-30.314960 14.566929 1.181105"
							           scale="1.000000 1.000000 1.000000"
							           rotation="0.000000 1.000000 0.000000 0.000000"
							           >
								<Transform DEF="group_10_001_ifs_TRANSFORM"
								           translation="0.000000 0.000000 -0.000000"
								           scale="1.000000 1.000000 1.000000"
								           rotation="0.000000 1.000000 0.000000 0.000000"
								           >
									<Group DEF="group_ME_ID97_001">
										<Shape>
											<Appearance>
											</Appearance>
											<IndexedFaceSet solid="false"
											                coordIndex="0 1 2 -1 1 0 3 -1 4 5 6 -1 5 4 7 -1 7 8 5 -1 8 7 9 -1 8 9 10 -1 11 12 13 -1 12 11 14 -1 15 16 17 -1 16 15 18 -1 18 15 19 -1 19 15 20 -1 21 16 18 -1 22 23 24 -1 23 22 25 -1 26 27 28 -1 27 26 29 -1 30 31 32 -1 31 30 33 -1 34 35 36 -1 35 34 37 -1 38 39 40 -1 39 38 41 -1 "
											                >
												<Coordinate DEF="coords_ME_ID97_001"
												            point="0.000000 12.598426 0.000000 1.574803 12.496026 0.595353 1.574803 12.598425 0.000000 0.000000 12.496026 0.595353 0.000000 11.811023 2.362205 0.000000 5.905512 0.000000 0.000000 5.905512 2.362205 0.000000 11.811023 1.574803 0.000000 12.598426 0.000000 0.000000 12.225867 1.135672 0.000000 12.496026 0.595353 0.000000 12.496026 0.595353 1.574803 12.225867 1.135672 1.574803 12.496026 0.595353 0.000000 12.225867 1.135672 1.574803 12.598425 0.000000 1.574803 5.905512 2.362205 1.574803 5.905512 0.000000 1.574803 11.811023 1.574803 1.574803 12.225867 1.135672 1.574803 12.496026 0.595353 1.574803 11.811023 2.362205 1.574803 12.598425 0.000000 0.000000 5.905512 0.000000 0.000000 12.598426 0.000000 1.574803 5.905512 0.000000 0.000000 5.905512 2.362205 1.574803 11.811023 2.362205 0.000000 11.811023 2.362205 1.574803 5.905512 2.362205 0.000000 11.811023 1.574803 1.574803 11.811023 2.362205 1.574803 11.811023 1.574803 0.000000 11.811023 2.362205 0.000000 12.225867 1.135672 1.574803 11.811023 1.574803 1.574803 12.225867 1.135672 0.000000 11.811023 1.574803 1.574803 5.905512 2.362205 0.000000 5.905512 0.000000 1.574803 5.905512 0.000000 0.000000 5.905512 2.362205 "
												            />
											</IndexedFaceSet>
										</Shape>
									</Group>
								</Transform>
							</Transform>
						</Transform>
						<Transform DEF="group_11_001_TRANSFORM"
						           translation="16.071754 37.007874 12.992126"
						           scale="-1.000000 -1.000000 -1.000000"
						           rotation="-0.000000 1.000000 -0.000000 3.141593"
						           >
							<Transform DEF="group_12_001_TRANSFORM"
							           translation="-31.496063 0.787403 -12.992126"
							           scale="-1.000000 -1.000000 -1.000000"
							           rotation="-0.707107 0.707107 -0.000000 3.141593"
							           >
								<Transform DEF="group_12_001_ifs_TRANSFORM"
								           translation="0.000000 -0.000000 0.000000"
								           scale="1.000000 1.000000 1.000000"
								           rotation="0.000000 1.000000 0.000000 0.000000"
								           >
									<Group DEF="group_ME_ID113">
										<Shape>
											<Appearance>
											</Appearance>
											<IndexedFaceSet solid="false"
											                coordIndex="0 1 2 -1 3 2 1 -1 4 5 6 -1 5 7 6 -1 7 8 6 -1 9 10 8 -1 6 8 10 -1 11 12 13 -1 10 9 14 -1 12 15 13 -1 13 15 16 -1 16 15 9 -1 9 15 14 -1 17 18 15 -1 14 15 18 -1 19 20 21 -1 22 23 24 -1 23 25 24 -1 21 20 17 -1 20 26 17 -1 26 24 17 -1 24 25 17 -1 17 25 18 -1 25 27 18 -1 18 27 28 -1 27 29 28 -1 28 29 30 -1 31 30 29 -1 32 33 34 -1 34 33 35 -1 35 33 22 -1 23 22 33 -1 36 37 38 -1 39 38 37 -1 40 41 42 -1 41 43 42 -1 42 43 44 -1 43 45 44 -1 44 45 46 -1 47 46 45 -1 48 2 49 -1 3 49 2 -1 50 51 52 -1 53 52 51 -1 54 55 56 -1 56 55 57 -1 55 58 57 -1 57 58 50 -1 58 59 50 -1 51 50 59 -1 54 60 55 -1 61 55 60 -1 62 63 64 -1 65 64 63 -1 66 62 67 -1 64 67 62 -1 66 67 68 -1 69 68 67 -1 48 49 70 -1 71 70 49 -1 72 73 74 -1 75 74 73 -1 76 77 78 -1 79 78 77 -1 80 81 82 -1 83 82 81 -1 84 85 86 -1 87 86 85 -1 88 89 90 -1 91 90 89 -1 92 93 94 -1 95 94 93 -1 96 97 98 -1 99 98 97 -1 100 101 102 -1 103 102 101 -1 104 105 106 -1 107 106 105 -1 108 109 110 -1 111 110 109 -1 112 113 114 -1 115 114 113 -1 116 117 118 -1 117 119 118 -1 119 120 118 -1 121 118 120 -1 119 122 120 -1 123 120 122 -1 122 124 123 -1 124 125 123 -1 123 125 126 -1 127 126 125 -1 128 129 130 -1 131 130 129 -1 128 130 132 -1 133 132 130 -1 133 134 132 -1 135 132 134 -1 136 137 138 -1 139 138 137 -1 140 141 142 -1 143 142 141 -1 143 141 144 -1 145 144 141 -1 144 145 146 -1 147 146 145 -1 148 149 150 -1 151 150 149 -1 152 153 154 -1 155 154 153 -1 156 157 158 -1 159 158 157 -1 160 161 162 -1 163 162 161 -1 164 165 166 -1 165 167 166 -1 166 167 168 -1 167 169 168 -1 168 169 170 -1 171 170 169 -1 172 173 174 -1 175 174 173 -1 176 177 178 -1 177 179 178 -1 179 180 178 -1 181 182 180 -1 178 180 182 -1 183 184 185 -1 182 181 186 -1 184 187 185 -1 185 187 188 -1 188 187 181 -1 181 187 186 -1 189 190 187 -1 186 187 190 -1 191 192 193 -1 194 195 196 -1 195 197 196 -1 193 192 189 -1 192 198 189 -1 198 196 189 -1 196 197 189 -1 189 197 190 -1 197 199 190 -1 190 199 200 -1 199 201 200 -1 200 201 202 -1 203 202 201 -1 204 205 206 -1 206 205 207 -1 207 205 194 -1 195 194 205 -1 208 209 210 -1 209 211 210 -1 210 211 212 -1 211 213 212 -1 212 213 214 -1 215 214 213 -1 216 217 218 -1 219 218 217 -1 220 221 222 -1 221 223 222 -1 222 223 224 -1 223 225 224 -1 224 225 226 -1 227 226 225 -1 228 229 230 -1 231 230 229 -1 232 160 233 -1 162 233 160 -1 232 233 234 -1 235 234 233 -1 236 237 238 -1 239 238 237 -1 240 241 242 -1 243 242 241 -1 172 242 173 -1 243 173 242 -1 244 245 228 -1 229 228 245 -1 246 245 247 -1 244 247 245 -1 248 249 250 -1 251 250 249 -1 252 253 254 -1 255 254 253 -1 216 218 254 -1 252 254 218 -1 "
											                >
												<Coordinate DEF="coords_ME_ID113"
												            point="5.118110 0.393701 4.724409 5.118110 0.000000 4.724409 4.527559 0.393701 4.882647 4.527559 0.000000 4.882647 3.937008 0.000000 5.905512 4.095246 0.000000 5.314961 0.000000 0.000000 5.905512 4.527559 0.000000 4.882647 5.118110 0.000000 4.724409 14.960629 0.000000 4.724409 0.000000 0.000000 3.543307 16.141733 0.000000 5.905512 16.535433 0.000000 5.905512 15.983494 0.000000 5.314961 0.472441 0.000000 2.125984 16.535433 0.000000 1.968504 15.551181 0.000000 4.882647 19.685040 0.000000 1.968504 1.417323 0.000000 1.062992 20.078739 0.000000 5.905512 20.236977 0.000000 5.314961 19.685040 0.000000 5.905512 31.102362 0.000000 4.724409 36.220470 0.000000 3.543307 21.259842 0.000000 4.724409 35.748028 0.000000 2.125984 20.669291 0.000000 4.882647 34.803150 0.000000 1.062992 2.834646 0.000000 0.354331 33.385826 0.000000 0.354331 4.724409 0.000000 0.000000 31.496063 0.000000 0.000000 32.283466 0.000000 5.905512 36.220470 0.000000 5.905512 32.125229 0.000000 5.314961 31.692911 0.000000 4.882647 14.960629 0.393701 4.724409 14.960629 0.000000 4.724409 5.118110 0.393701 4.724409 5.118110 0.000000 4.724409 3.937008 0.393701 5.905512 16.141733 0.393701 5.905512 4.095245 0.393701 5.314961 15.983494 0.393701 5.314961 4.527559 0.393701 4.882647 15.551181 0.393701 4.882647 5.118110 0.393701 4.724409 14.960629 0.393701 4.724409 4.095245 0.393701 5.314961 4.095246 0.000000 5.314961 3.937008 3.543307 5.905511 0.000000 0.000000 5.905512 3.937008 3.937008 5.905512 0.000000 3.937008 5.905512 16.535433 3.937008 5.905512 16.141733 0.393701 5.905512 16.141733 3.937008 5.905512 16.141733 3.543307 5.905511 3.937008 0.393701 5.905512 3.937008 0.000000 5.905512 16.535433 0.000000 5.905512 16.141733 0.000000 5.905512 15.983494 0.393701 5.314961 16.141733 0.393701 5.905512 15.983494 0.000000 5.314961 16.141733 0.000000 5.905512 15.551181 0.393701 4.882647 15.551181 0.000000 4.882647 14.960629 0.393701 4.724409 14.960629 0.000000 4.724409 3.937008 0.393701 5.905512 3.937008 0.000000 5.905512 0.000000 3.937008 3.543307 0.000000 3.937008 5.905512 0.000000 0.000000 3.543307 0.000000 0.000000 5.905512 0.000000 3.937008 3.543307 0.000000 0.000000 3.543307 0.472441 3.937008 2.125984 0.472441 0.000000 2.125984 0.472441 3.937008 2.125984 0.472441 0.000000 2.125984 1.417323 3.937008 1.062992 1.417323 0.000000 1.062992 2.834646 0.000000 0.354331 2.834646 3.937008 0.354331 1.417323 0.000000 1.062992 1.417323 3.937008 1.062992 4.724409 0.000000 0.000000 4.724409 3.937008 0.000000 2.834646 0.000000 0.354331 2.834646 3.937008 0.354331 31.496063 0.000000 0.000000 31.496063 3.937008 0.000000 4.724409 0.000000 0.000000 4.724409 3.937008 0.000000 33.385826 0.000000 0.354331 33.385826 3.937008 0.354331 31.496063 0.000000 0.000000 31.496063 3.937008 0.000000 34.803150 0.000000 1.062992 34.803150 3.937008 1.062992 33.385826 0.000000 0.354331 33.385826 3.937008 0.354331 35.748028 3.937008 2.125984 34.803150 3.937008 1.062992 35.748028 0.000000 2.125984 34.803150 0.000000 1.062992 36.220470 3.937008 3.543307 35.748028 3.937008 2.125984 36.220470 0.000000 3.543307 35.748028 0.000000 2.125984 36.220470 3.937008 5.905512 36.220470 3.937008 3.543307 36.220470 0.000000 5.905512 36.220470 0.000000 3.543307 36.220470 0.000000 5.905512 32.283466 0.000000 5.905512 36.220470 3.937008 5.905512 32.283466 0.393701 5.905512 32.283466 3.543307 5.905511 32.283466 3.937008 5.905512 20.078739 0.393701 5.905512 20.078739 3.543307 5.905511 20.078739 0.000000 5.905512 19.685040 0.000000 5.905512 20.078739 3.937008 5.905512 19.685040 3.937008 5.905512 32.125229 0.393701 5.314961 32.283466 0.393701 5.905512 32.125229 0.000000 5.314961 32.283466 0.000000 5.905512 31.692911 0.393701 4.882647 31.692911 0.000000 4.882647 31.102362 0.000000 4.724409 31.102362 0.393701 4.724409 31.102362 0.000000 4.724409 21.259842 0.000000 4.724409 31.102362 0.393701 4.724409 21.259842 0.393701 4.724409 21.259842 0.000000 4.724409 20.669291 0.000000 4.882647 21.259842 0.393701 4.724409 20.669291 0.393701 4.882647 20.236977 0.393701 5.314961 20.236977 0.000000 5.314961 20.078739 0.393701 5.905512 20.078739 0.000000 5.905512 19.685040 3.937008 1.968504 19.685040 3.937008 5.905512 19.685040 0.000000 1.968504 19.685040 0.000000 5.905512 19.685040 0.000000 1.968504 16.535433 0.000000 1.968504 19.685040 3.937008 1.968504 16.535433 3.937008 1.968504 16.535433 3.937008 5.905512 16.535433 3.937008 1.968504 16.535433 0.000000 5.905512 16.535433 0.000000 1.968504 15.983494 3.937008 5.314961 16.141733 3.937008 5.905512 15.983494 3.543307 5.314961 16.141733 3.543307 5.905511 16.141733 3.543307 5.905511 3.937008 3.543307 5.905511 15.983494 3.543307 5.314961 4.095246 3.543307 5.314961 15.551181 3.543307 4.882647 4.527559 3.543307 4.882647 14.960629 3.543307 4.724409 5.118110 3.543307 4.724409 4.095246 3.937008 5.314961 4.095246 3.543307 5.314961 3.937008 3.937008 5.905512 3.937008 3.543307 5.905511 32.283466 3.937008 5.905512 32.125229 3.937008 5.314961 36.220470 3.937008 5.905512 31.692911 3.937008 4.882647 31.102362 3.937008 4.724409 21.259842 3.937008 4.724409 36.220470 3.937008 3.543307 20.078739 3.937008 5.905512 19.685040 3.937008 5.905512 20.236977 3.937008 5.314961 35.748028 3.937008 2.125984 19.685040 3.937008 1.968504 20.669292 3.937008 4.882647 16.535433 3.937008 1.968504 34.803150 3.937008 1.062992 16.141733 3.937008 5.905512 15.983494 3.937008 5.314961 16.535433 3.937008 5.905512 5.118110 3.937008 4.724409 0.000000 3.937008 3.543307 14.960629 3.937008 4.724409 0.472441 3.937008 2.125984 15.551181 3.937008 4.882647 1.417323 3.937008 1.062992 33.385826 3.937008 0.354331 2.834646 3.937008 0.354331 31.496063 3.937008 0.000000 4.724409 3.937008 0.000000 3.937008 3.937008 5.905512 0.000000 3.937008 5.905512 4.095246 3.937008 5.314961 4.527559 3.937008 4.882647 20.078739 0.393701 5.905512 32.283466 0.393701 5.905512 20.236977 0.393701 5.314961 32.125229 0.393701 5.314961 20.669291 0.393701 4.882647 31.692911 0.393701 4.882647 21.259842 0.393701 4.724409 31.102362 0.393701 4.724409 32.125229 3.937008 5.314961 32.283466 3.937008 5.905512 32.125229 3.543307 5.314961 32.283466 3.543307 5.905511 32.283466 3.543307 5.905511 20.078739 3.543307 5.905511 32.125229 3.543307 5.314961 20.236977 3.543307 5.314961 31.692911 3.543307 4.882647 20.669291 3.543307 4.882647 31.102362 3.543307 4.724409 21.259842 3.543307 4.724409 20.236977 3.937008 5.314961 20.236977 3.543307 5.314961 20.078739 3.937008 5.905512 20.078739 3.543307 5.905511 15.551181 3.937008 4.882647 15.551181 3.543307 4.882647 14.960629 3.937008 4.724409 14.960629 3.543307 4.724409 14.960629 3.937008 4.724409 14.960629 3.543307 4.724409 5.118110 3.937008 4.724409 5.118110 3.543307 4.724409 5.118110 3.937008 4.724409 5.118110 3.543307 4.724409 4.527559 3.937008 4.882647 4.527559 3.543307 4.882647 20.669292 3.937008 4.882647 20.669291 3.543307 4.882647 21.259842 3.543307 4.724409 21.259842 3.937008 4.724409 31.102362 3.543307 4.724409 21.259842 3.543307 4.724409 31.102362 3.937008 4.724409 21.259842 3.937008 4.724409 31.692911 3.543307 4.882647 31.102362 3.543307 4.724409 31.692911 3.937008 4.882647 31.102362 3.937008 4.724409 "
												            />
											</IndexedFaceSet>
										</Shape>
									</Group>
								</Transform>
							</Transform>
							<Transform DEF="group_13_001_TRANSFORM"
							           translation="-30.314960 17.322834 -7.086614"
							           scale="-1.000000 -1.000000 -1.000000"
							           rotation="-0.000000 1.000000 -0.000000 3.141593"
							           >
								<Transform DEF="group_13_001_ifs_TRANSFORM"
								           translation="0.000000 0.000000 -0.000000"
								           scale="1.000000 1.000000 1.000000"
								           rotation="0.000000 1.000000 0.000000 0.000000"
								           >
									<Group DEF="group_ME_ID120">
										<Shape>
											<Appearance>
											</Appearance>
											<IndexedFaceSet solid="false"
											                coordIndex="0 1 2 -1 3 2 1 -1 4 5 6 -1 5 7 6 -1 8 6 7 -1 7 9 8 -1 10 8 9 -1 11 12 13 -1 14 13 12 -1 15 16 17 -1 18 19 20 -1 20 19 15 -1 15 19 16 -1 21 16 19 -1 22 23 24 -1 25 24 23 -1 26 27 28 -1 29 28 27 -1 30 31 32 -1 33 32 31 -1 34 35 36 -1 37 36 35 -1 38 39 40 -1 41 40 39 -1 "
											                >
												<Coordinate DEF="coords_ME_ID120"
												            point="0.000000 12.496026 0.595353 0.000000 12.598426 0.000000 1.574803 12.496026 0.595353 1.574803 12.598425 0.000000 0.000000 12.496026 0.595353 0.000000 12.225867 1.135672 0.000000 12.598426 0.000000 0.000000 11.811023 1.574803 0.000000 0.000000 0.000000 0.000000 11.811023 2.362205 0.000000 0.000000 2.362205 0.000000 12.225867 1.135672 0.000000 12.496026 0.595353 1.574803 12.225867 1.135672 1.574803 12.496026 0.595353 1.574803 11.811023 1.574803 1.574803 0.000000 2.362205 1.574803 11.811023 2.362205 1.574803 12.496026 0.595353 1.574803 12.598425 0.000000 1.574803 12.225867 1.135672 1.574803 0.000000 0.000000 1.574803 0.000000 0.000000 1.574803 12.598425 0.000000 0.000000 0.000000 0.000000 0.000000 12.598426 0.000000 1.574803 0.000000 2.362205 0.000000 0.000000 2.362205 1.574803 11.811023 2.362205 0.000000 11.811023 2.362205 0.000000 11.811023 2.362205 0.000000 11.811023 1.574803 1.574803 11.811023 2.362205 1.574803 11.811023 1.574803 0.000000 11.811023 1.574803 0.000000 12.225867 1.135672 1.574803 11.811023 1.574803 1.574803 12.225867 1.135672 0.000000 0.000000 2.362205 1.574803 0.000000 2.362205 0.000000 0.000000 0.000000 1.574803 0.000000 0.000000 "
												            />
											</IndexedFaceSet>
										</Shape>
									</Group>
								</Transform>
							</Transform>
							<Transform DEF="group_14_001_TRANSFORM"
							           translation="-30.314960 20.472441 -7.086614"
							           scale="1.000000 1.000000 1.000000"
							           rotation="0.000000 -0.000000 0.000000 0.000000"
							           >
								<Transform DEF="group_14_001_ifs_TRANSFORM"
								           translation="-0.000000 0.000000 -0.000000"
								           scale="1.000000 1.000000 1.000000"
								           rotation="0.000000 1.000000 0.000000 0.000000"
								           >
									<Group DEF="group_ME_ID127">
										<Shape>
											<Appearance>
											</Appearance>
											<IndexedFaceSet solid="false"
											                coordIndex="0 1 2 -1 1 0 3 -1 4 5 6 -1 5 4 7 -1 7 8 5 -1 8 7 9 -1 8 9 10 -1 11 12 13 -1 12 11 14 -1 15 16 17 -1 16 15 18 -1 18 15 19 -1 19 15 20 -1 21 16 18 -1 22 23 24 -1 23 22 25 -1 26 27 28 -1 27 26 29 -1 30 31 32 -1 31 30 33 -1 34 35 36 -1 35 34 37 -1 38 39 40 -1 39 38 41 -1 "
											                >
												<Coordinate DEF="coords_ME_ID127"
												            point="0.000000 12.598426 0.000000 1.574803 12.496026 0.595353 1.574803 12.598425 0.000000 0.000000 12.496026 0.595353 0.000000 11.811023 2.362205 0.000000 0.000000 0.000000 0.000000 0.000000 2.362205 0.000000 11.811023 1.574803 0.000000 12.598426 0.000000 0.000000 12.225867 1.135672 0.000000 12.496026 0.595353 0.000000 12.496026 0.595353 1.574803 12.225867 1.135672 1.574803 12.496026 0.595353 0.000000 12.225867 1.135672 1.574803 12.598425 0.000000 1.574803 0.000000 2.362205 1.574803 0.000000 0.000000 1.574803 11.811023 1.574803 1.574803 12.225867 1.135672 1.574803 12.496026 0.595353 1.574803 11.811023 2.362205 1.574803 12.598425 0.000000 0.000000 0.000000 0.000000 0.000000 12.598426 0.000000 1.574803 0.000000 0.000000 0.000000 0.000000 2.362205 1.574803 11.811023 2.362205 0.000000 11.811023 2.362205 1.574803 0.000000 2.362205 0.000000 11.811023 1.574803 1.574803 11.811023 2.362205 1.574803 11.811023 1.574803 0.000000 11.811023 2.362205 0.000000 12.225867 1.135672 1.574803 11.811023 1.574803 1.574803 12.225867 1.135672 0.000000 11.811023 1.574803 1.574803 0.000000 2.362205 0.000000 0.000000 0.000000 1.574803 0.000000 0.000000 0.000000 0.000000 2.362205 "
												            />
											</IndexedFaceSet>
										</Shape>
									</Group>
								</Transform>
							</Transform>
						</Transform>
					</Transform>
					<Transform DEF="instance_31_TRANSFORM"
					           translation="15.424309 49.881889 0.000000"
					           scale="1.000000 1.000000 1.000000"
					           rotation="0.000000 1.000000 0.000000 0.000000"
					           >
						<Transform DEF="group_8_002_TRANSFORM"
						           translation="16.071754 -18.779535 4.724411"
						           scale="-1.000000 -1.000000 -1.000000"
						           rotation="-0.000000 1.000000 -0.000000 3.141593"
						           >
							<Transform DEF="group_9_002_TRANSFORM"
							           translation="-30.314960 23.228348 1.181111"
							           scale="-1.000000 -1.000000 -1.000000"
							           rotation="-0.000000 1.000000 -0.000000 3.141593"
							           >
								<Transform DEF="group_9_002_ifs_TRANSFORM"
								           translation="-0.000000 0.000000 0.000004"
								           scale="1.000000 1.000000 1.000000"
								           rotation="0.000000 1.000000 0.000000 0.000000"
								           >
									<Group USE="group_ME_ID90_001" />
								</Transform>
							</Transform>
							<Transform DEF="group_10_002_TRANSFORM"
							           translation="-30.314960 14.566929 1.181111"
							           scale="1.000000 1.000000 1.000000"
							           rotation="0.000000 -0.000000 0.000000 0.000000"
							           >
								<Transform DEF="group_10_002_ifs_TRANSFORM"
								           translation="-0.000001 -0.000000 -0.000007"
								           scale="1.000000 1.000000 1.000000"
								           rotation="0.000000 1.000000 0.000000 0.000000"
								           >
									<Group USE="group_ME_ID97_001" />
								</Transform>
							</Transform>
						</Transform>
						<Transform DEF="group_11_002_TRANSFORM"
						           translation="16.071754 -12.874017 12.992126"
						           scale="-1.000000 -1.000000 -1.000000"
						           rotation="-0.000000 1.000000 -0.000000 3.141593"
						           >
							<Transform DEF="group_12_002_TRANSFORM"
							           translation="-31.496061 0.787403 -12.992123"
							           scale="-1.000000 -1.000000 -1.000000"
							           rotation="-0.707107 0.707107 -0.000000 3.141593"
							           >
								<Transform DEF="group_12_002_ifs_TRANSFORM"
								           translation="0.000000 -0.000000 -0.000003"
								           scale="1.000000 1.000000 1.000000"
								           rotation="0.000000 0.000000 0.000000 0.000000"
								           >
									<Group USE="group_ME_ID113" />
								</Transform>
							</Transform>
							<Transform DEF="group_13_002_TRANSFORM"
							           translation="-30.314962 17.322834 -7.086605"
							           scale="-1.000000 -1.000000 -1.000000"
							           rotation="-0.000000 1.000000 -0.000000 3.141593"
							           >
								<Transform DEF="group_13_002_ifs_TRANSFORM"
								           translation="-0.000001 -0.000004 0.000004"
								           scale="1.000000 1.000000 1.000000"
								           rotation="0.000000 1.000000 0.000000 0.000000"
								           >
									<Group USE="group_ME_ID120" />
								</Transform>
							</Transform>
							<Transform DEF="group_14_002_TRANSFORM"
							           translation="-30.314960 20.472439 -7.086605"
							           scale="1.000000 1.000000 1.000000"
							           rotation="0.000000 -0.000000 0.000000 0.000000"
							           >
								<Transform DEF="group_14_002_ifs_TRANSFORM"
								           translation="-0.000001 -0.000000 -0.000007"
								           scale="1.000000 1.000000 1.000000"
								           rotation="0.000000 1.000000 0.000000 0.000000"
								           >
									<Group USE="group_ME_ID127" />
								</Transform>
							</Transform>
						</Transform>
					</Transform>
				</Transform>
				<Transform DEF="group_15_TRANSFORM"
				           translation="309.238556 309.238556 0.000000"
				           scale="1.000000 1.000000 1.000000"
				           rotation="0.000000 0.000000 1.000000 3.141593"
				           >
					<Transform DEF="group_15_ifs_TRANSFORM"
					           translation="-0.000001 0.000002 0.000000"
					           scale="1.000000 1.000000 1.000000"
					           rotation="0.000000 1.000000 0.000000 0.000000"
					           >
						<Group DEF="group_ME_ID1115">
						</Group>
					</Transform>
					<Transform DEF="group_16_TRANSFORM"
					           translation="-0.000001 0.000002 154.659714"
					           scale="1.000000 1.000000 1.000000"
					           rotation="0.000000 1.000000 0.000000 0.000000"
					           >
						<Transform DEF="group_17_TRANSFORM"
						           translation="309.238556 -0.000002 0.000000"
						           scale="1.000000 1.000000 1.000000"
						           rotation="0.000000 0.000000 1.000000 1.570796"
						           >
							<Transform DEF="group_18_TRANSFORM"
							           translation="151.780365 146.212555 5.561386"
							           scale="1.000000 1.000000 1.000000"
							           rotation="0.000000 0.000000 1.000000 2.356194"
							           >
								<Transform DEF="instance_32_TRANSFORM"
								           translation="248.111450 99.582939 -168.443085"
								           scale="1.000000 1.000000 1.000000"
								           rotation="0.050296 0.121424 0.991326 2.362336"
								           >
									<Transform DEF="group_19_002_TRANSFORM"
									           translation="7.874002 170.767410 -33.998264"
									           scale="1.000000 1.000000 1.000000"
									           rotation="-0.000000 -0.121578 -0.992582 3.141593"
									           >
										<Transform DEF="group_19_002_ifs_TRANSFORM"
										           translation="0.000000 0.000000 0.000000"
										           scale="1.000000 1.000000 1.000000"
										           rotation="0.000000 0.000000 0.000000 0.000000"
										           >
											<Group DEF="group_ME_ID294">
												<Shape>
													<Appearance>
													</Appearance>
													<IndexedFaceSet solid="false"
													                coordIndex="0 1 2 -1 1 0 3 -1 4 5 6 -1 5 4 7 -1 7 4 8 -1 8 4 9 -1 8 9 10 -1 9 4 11 -1 11 4 12 -1 12 4 13 -1 13 4 14 -1 14 4 15 -1 14 15 16 -1 15 4 17 -1 17 4 18 -1 18 4 19 -1 14 20 13 -1 11 21 9 -1 22 23 24 -1 23 22 25 -1 26 27 28 -1 29 30 31 -1 32 33 34 -1 33 32 35 -1 33 35 36 -1 33 36 27 -1 27 36 37 -1 33 27 26 -1 33 26 38 -1 33 38 30 -1 33 30 29 -1 33 29 39 -1 39 29 40 -1 33 39 41 -1 33 41 42 -1 33 42 43 -1 44 45 46 -1 45 44 47 -1 48 49 50 -1 49 48 51 -1 49 52 50 -1 52 49 53 -1 54 52 53 -1 52 54 55 -1 56 55 54 -1 55 56 57 -1 58 59 60 -1 59 58 61 -1 59 62 60 -1 62 59 63 -1 64 62 63 -1 62 64 65 -1 66 65 64 -1 65 66 67 -1 68 69 70 -1 69 68 71 -1 69 72 73 -1 72 69 71 -1 74 73 72 -1 73 74 75 -1 76 77 78 -1 77 76 79 -1 80 81 82 -1 81 80 83 -1 84 85 86 -1 85 84 87 -1 88 89 90 -1 89 88 91 -1 "
													                >
														<Coordinate DEF="coords_ME_ID294"
														            point="7.874016 3.740157 1.377953 0.000000 5.118110 0.000000 7.874016 5.118110 -0.000000 0.000000 3.740157 1.377953 0.000000 190.175217 11.023622 0.000000 -5.014739 9.645669 0.000000 -5.905512 11.023622 0.000000 -4.812943 8.956693 0.000000 -4.527559 8.267716 0.000000 -3.149606 8.267716 0.000000 -3.838583 7.982333 0.000000 -2.598467 6.062950 0.000000 -1.572416 5.482025 0.000000 -0.393701 5.511811 0.000000 0.023812 3.173418 0.000000 1.610684 2.659433 -0.000000 1.127434 2.597398 0.000000 3.740157 1.377953 0.000000 5.118110 0.000000 0.000000 190.175217 -0.000000 0.000000 -0.552208 4.277041 0.000000 -3.179393 7.089001 0.000000 190.175217 -0.000000 7.874016 5.118110 -0.000000 0.000000 5.118110 0.000000 7.874016 190.175217 -0.000000 7.874016 -2.598467 6.062950 7.874016 -3.149606 8.267716 7.874016 -3.179393 7.089001 7.874016 0.023812 3.173418 7.874016 -0.393701 5.511811 7.874016 -0.552208 4.277041 7.874016 -5.014739 9.645670 7.874016 190.175217 11.023622 7.874016 -5.905512 11.023622 7.874016 -4.812943 8.956693 7.874016 -4.527559 8.267716 7.874016 -3.838583 7.982333 7.874016 -1.572416 5.482025 7.874016 1.610684 2.659433 7.874016 1.127434 2.597398 7.874016 3.740157 1.377953 7.874016 5.118110 -0.000000 7.874016 190.175217 -0.000000 0.000000 3.740157 1.377953 7.874016 1.610684 2.659433 0.000000 1.610684 2.659433 7.874016 3.740157 1.377953 0.000000 1.610684 2.659433 7.874016 1.127434 2.597398 -0.000000 1.127434 2.597398 7.874016 1.610684 2.659433 0.000000 0.023812 3.173418 7.874016 0.023812 3.173418 7.874016 -0.552208 4.277041 0.000000 -0.552208 4.277041 7.874016 -0.393701 5.511811 0.000000 -0.393701 5.511811 0.000000 -0.393701 5.511811 7.874016 -1.572416 5.482025 0.000000 -1.572416 5.482025 7.874016 -0.393701 5.511811 0.000000 -2.598467 6.062950 7.874016 -2.598467 6.062950 7.874016 -3.179393 7.089001 0.000000 -3.179393 7.089001 7.874016 -3.149606 8.267716 0.000000 -3.149606 8.267716 7.874016 -3.149606 8.267716 0.000000 -3.838583 7.982333 0.000000 -3.149606 8.267716 7.874016 -3.838583 7.982333 7.874016 -4.527559 8.267716 0.000000 -4.527559 8.267716 7.874016 -4.812943 8.956693 0.000000 -4.812943 8.956693 7.874016 -4.812943 8.956693 0.000000 -5.014739 9.645669 0.000000 -4.812943 8.956693 7.874016 -5.014739 9.645670 7.874016 -5.905512 11.023622 0.000000 -5.014739 9.645669 7.874016 -5.014739 9.645670 0.000000 -5.905512 11.023622 7.874016 -5.905512 11.023622 0.000000 190.175217 11.023622 0.000000 -5.905512 11.023622 7.874016 190.175217 11.023622 0.000000 190.175217 11.023622 7.874016 190.175217 -0.000000 0.000000 190.175217 -0.000000 7.874016 190.175217 11.023622 "
														            />
													</IndexedFaceSet>
												</Shape>
											</Group>
										</Transform>
									</Transform>
									<Transform DEF="group_20_002_TRANSFORM"
									           translation="7.873999 203.301422 -30.730198"
									           scale="1.000000 1.000000 1.000000"
									           rotation="-0.000000 -0.121578 -0.992582 3.141593"
									           >
										<Transform DEF="group_20_002_ifs_TRANSFORM"
										           translation="-0.000000 0.000000 0.000001"
										           scale="1.000000 1.000000 1.000000"
										           rotation="0.000000 0.000000 0.000000 0.000000"
										           >
											<Group DEF="group_ME_ID301">
												<Shape>
													<Appearance>
													</Appearance>
													<IndexedFaceSet solid="false"
													                coordIndex="0 1 2 -1 1 0 3 -1 4 5 6 -1 7 8 9 -1 8 7 10 -1 11 12 13 -1 14 15 16 -1 15 14 17 -1 18 19 20 -1 21 22 23 -1 22 21 24 -1 25 26 27 -1 28 29 30 -1 31 32 33 -1 34 35 36 -1 35 34 37 -1 "
													                >
														<Coordinate DEF="coords_ME_ID301"
														            point="7.283464 108.732285 -0.000000 0.590551 24.877953 0.000000 0.590551 108.732285 0.000000 7.283464 24.877953 0.000000 7.283464 108.732285 -0.000000 7.283464 25.326405 4.988061 7.283464 24.877953 0.000000 7.283464 24.877953 0.000000 1.377953 -5.905511 6.282283 0.590551 24.877953 0.000000 6.496063 -5.905512 6.282283 0.590551 108.732285 0.000000 0.590551 24.877953 0.000000 0.590551 25.326405 4.988061 0.590551 25.326405 4.988061 7.283464 108.732285 -0.000000 0.590551 108.732285 0.000000 7.283464 25.326405 4.988061 7.283464 25.326405 4.988061 6.496063 -5.062611 10.412534 7.283464 24.877953 0.000000 6.496063 -5.905512 6.282283 1.377953 -5.062611 10.412534 1.377953 -5.905511 6.282283 6.496063 -5.062611 10.412534 0.590551 24.877953 0.000000 1.377953 -5.905511 6.282283 1.377953 -5.062611 10.412534 7.283464 24.877953 0.000000 6.496063 -5.062611 10.412534 6.496063 -5.905512 6.282283 0.590551 25.326405 4.988061 0.590551 24.877953 0.000000 1.377953 -5.062611 10.412534 1.377953 -5.062611 10.412534 7.283464 25.326405 4.988061 0.590551 25.326405 4.988061 6.496063 -5.062611 10.412534 "
														            />
													</IndexedFaceSet>
												</Shape>
											</Group>
										</Transform>
									</Transform>
								</Transform>
							</Transform>
						</Transform>
						<Transform DEF="group_21_TRANSFORM"
						           translation="309.238556 309.238556 0.000000"
						           scale="-1.000000 -1.000000 -1.000000"
						           rotation="-0.707107 -0.707107 0.000000 3.141593"
						           >
							<Transform DEF="group_22_TRANSFORM"
							           translation="151.780350 146.212570 5.561395"
							           scale="1.000000 1.000000 1.000000"
							           rotation="0.000000 -0.000000 1.000000 2.356194"
							           >
								<Transform DEF="instance_33_TRANSFORM"
								           translation="7.874005 173.924637 -8.221996"
								           scale="1.000000 1.000000 1.000000"
								           rotation="0.000000 0.121578 0.992582 3.141593"
								           >
									<Transform DEF="group_19_003_TRANSFORM"
									           translation="7.874019 170.767410 -33.998245"
									           scale="1.000000 1.000000 1.000000"
									           rotation="0.000000 -0.121578 -0.992582 3.141593"
									           >
										<Transform DEF="group_19_003_ifs_TRANSFORM"
										           translation="-0.000009 -0.000008 0.000010"
										           scale="1.000000 1.000000 1.000000"
										           rotation="0.000000 0.000000 -0.000000 0.000000"
										           >
											<Group DEF="group_ME_ID312">
												<Shape>
													<Appearance>
													</Appearance>
													<IndexedFaceSet solid="false"
													                coordIndex="0 1 2 -1 3 2 1 -1 4 5 6 -1 7 8 9 -1 10 11 12 -1 12 11 13 -1 13 11 14 -1 15 14 9 -1 14 11 9 -1 9 11 7 -1 7 11 16 -1 16 11 6 -1 6 11 4 -1 17 4 18 -1 4 11 18 -1 18 11 19 -1 19 11 20 -1 21 20 11 -1 22 23 24 -1 25 24 23 -1 26 27 28 -1 27 29 28 -1 29 30 28 -1 31 32 30 -1 30 32 28 -1 32 33 28 -1 33 34 28 -1 34 35 28 -1 35 36 28 -1 37 38 36 -1 36 38 28 -1 38 39 28 -1 39 40 28 -1 41 28 40 -1 42 33 32 -1 43 36 35 -1 44 45 46 -1 47 46 45 -1 48 49 50 -1 51 50 49 -1 52 50 53 -1 51 53 50 -1 54 55 53 -1 52 53 55 -1 56 57 54 -1 55 54 57 -1 58 59 60 -1 61 60 59 -1 62 60 63 -1 61 63 60 -1 64 65 63 -1 62 63 65 -1 66 67 64 -1 65 64 67 -1 68 69 70 -1 71 70 69 -1 68 70 72 -1 73 72 70 -1 74 75 73 -1 72 73 75 -1 76 77 78 -1 79 78 77 -1 80 81 82 -1 83 82 81 -1 84 85 86 -1 87 86 85 -1 88 89 90 -1 91 90 89 -1 "
													                >
														<Coordinate DEF="coords_ME_ID312"
														            point="0.000000 3.740157 1.377953 7.874016 3.740157 1.377953 0.000000 5.118110 0.000000 7.874016 5.118110 -0.000000 0.000000 -3.149606 8.267716 0.000000 -3.179393 7.089001 0.000000 -2.598467 6.062950 0.000000 -0.393701 5.511811 0.000000 -0.552208 4.277041 0.000000 0.023812 3.173418 0.000000 190.175217 -0.000000 0.000000 190.175217 11.023622 0.000000 5.118110 0.000000 0.000000 3.740157 1.377953 0.000000 1.610684 2.659433 -0.000000 1.127434 2.597398 0.000000 -1.572416 5.482025 0.000000 -3.838583 7.982333 0.000000 -4.527559 8.267716 0.000000 -4.812943 8.956693 0.000000 -5.014739 9.645669 0.000000 -5.905512 11.023622 7.874016 190.175217 -0.000000 0.000000 190.175217 -0.000000 7.874016 5.118110 -0.000000 0.000000 5.118110 0.000000 7.874016 190.175217 -0.000000 7.874016 5.118110 -0.000000 7.874016 190.175217 11.023622 7.874016 3.740157 1.377953 7.874016 1.610684 2.659433 7.874016 1.127434 2.597398 7.874016 0.023812 3.173418 7.874016 -0.393701 5.511811 7.874016 -1.572416 5.482025 7.874016 -2.598467 6.062950 7.874016 -3.149606 8.267716 7.874016 -3.838583 7.982333 7.874016 -4.527559 8.267716 7.874016 -4.812943 8.956693 7.874016 -5.014739 9.645670 7.874016 -5.905512 11.023622 7.874016 -0.552208 4.277041 7.874016 -3.179393 7.089001 7.874016 3.740157 1.377953 0.000000 3.740157 1.377953 7.874016 1.610684 2.659433 0.000000 1.610684 2.659433 7.874016 1.610684 2.659433 0.000000 1.610684 2.659433 7.874016 1.127434 2.597398 -0.000000 1.127434 2.597398 7.874016 0.023812 3.173418 0.000000 0.023812 3.173418 0.000000 -0.552208 4.277041 7.874016 -0.552208 4.277041 0.000000 -0.393701 5.511811 7.874016 -0.393701 5.511811 7.874016 -0.393701 5.511811 0.000000 -0.393701 5.511811 7.874016 -1.572416 5.482025 0.000000 -1.572416 5.482025 7.874016 -2.598467 6.062950 0.000000 -2.598467 6.062950 0.000000 -3.179393 7.089001 7.874016 -3.179393 7.089001 0.000000 -3.149606 8.267716 7.874016 -3.149606 8.267716 7.874016 -3.838583 7.982333 7.874016 -3.149606 8.267716 0.000000 -3.838583 7.982333 0.000000 -3.149606 8.267716 7.874016 -4.527559 8.267716 0.000000 -4.527559 8.267716 0.000000 -4.812943 8.956693 7.874016 -4.812943 8.956693 7.874016 -5.014739 9.645670 7.874016 -4.812943 8.956693 0.000000 -5.014739 9.645669 0.000000 -4.812943 8.956693 0.000000 -5.905512 11.023622 7.874016 -5.905512 11.023622 0.000000 -5.014739 9.645669 7.874016 -5.014739 9.645670 7.874016 190.175217 11.023622 7.874016 -5.905512 11.023622 0.000000 190.175217 11.023622 0.000000 -5.905512 11.023622 7.874016 190.175217 11.023622 0.000000 190.175217 11.023622 7.874016 190.175217 -0.000000 0.000000 190.175217 -0.000000 "
														            />
													</IndexedFaceSet>
												</Shape>
											</Group>
										</Transform>
									</Transform>
									<Transform DEF="group_20_003_TRANSFORM"
									           translation="7.874022 203.301422 -30.730181"
									           scale="1.000000 1.000000 1.000000"
									           rotation="0.000000 -0.121578 -0.992582 3.141593"
									           >
										<Transform DEF="group_20_003_ifs_TRANSFORM"
										           translation="-0.000001 -0.000001 0.000008"
										           scale="1.000000 1.000000 1.000000"
										           rotation="0.000000 0.000000 -0.000000 0.000000"
										           >
											<Group DEF="group_ME_ID319">
												<Shape>
													<Appearance>
													</Appearance>
													<IndexedFaceSet solid="false"
													                coordIndex="0 1 2 -1 3 2 1 -1 4 5 6 -1 7 8 9 -1 10 9 8 -1 11 12 13 -1 14 15 16 -1 17 16 15 -1 18 19 20 -1 21 22 23 -1 24 23 22 -1 25 26 27 -1 28 29 30 -1 31 32 33 -1 34 35 36 -1 37 36 35 -1 "
													                >
														<Coordinate DEF="coords_ME_ID319"
														            point="7.283464 24.877953 0.000000 7.283464 108.732285 -0.000000 0.590551 24.877953 0.000000 0.590551 108.732285 0.000000 7.283464 24.877953 0.000000 7.283464 25.326405 4.988061 7.283464 108.732285 -0.000000 6.496063 -5.905512 6.282283 7.283464 24.877953 0.000000 1.377953 -5.905511 6.282283 0.590551 24.877953 0.000000 0.590551 25.326405 4.988061 0.590551 24.877953 0.000000 0.590551 108.732285 0.000000 7.283464 25.326405 4.988061 0.590551 25.326405 4.988061 7.283464 108.732285 -0.000000 0.590551 108.732285 0.000000 7.283464 24.877953 0.000000 6.496063 -5.062611 10.412534 7.283464 25.326405 4.988061 6.496063 -5.062611 10.412534 6.496063 -5.905512 6.282283 1.377953 -5.062611 10.412534 1.377953 -5.905511 6.282283 1.377953 -5.062611 10.412534 1.377953 -5.905511 6.282283 0.590551 24.877953 0.000000 6.496063 -5.905512 6.282283 6.496063 -5.062611 10.412534 7.283464 24.877953 0.000000 1.377953 -5.062611 10.412534 0.590551 24.877953 0.000000 0.590551 25.326405 4.988061 6.496063 -5.062611 10.412534 1.377953 -5.062611 10.412534 7.283464 25.326405 4.988061 0.590551 25.326405 4.988061 "
														            />
													</IndexedFaceSet>
												</Shape>
											</Group>
										</Transform>
									</Transform>
								</Transform>
							</Transform>
						</Transform>
						<Transform DEF="group_23_TRANSFORM"
						           translation="0.000003 309.238556 0.000000"
						           scale="-1.000000 -1.000000 -1.000000"
						           rotation="-0.000000 1.000000 -0.000000 3.141593"
						           >
							<Transform DEF="group_24_TRANSFORM"
							           translation="151.780350 146.212570 5.561394"
							           scale="1.000000 1.000000 1.000000"
							           rotation="0.000000 -0.000000 1.000000 2.356194"
							           >
								<Transform DEF="instance_34_TRANSFORM"
								           translation="7.874010 173.924652 -8.221996"
								           scale="1.000000 1.000000 1.000000"
								           rotation="0.000000 0.121578 0.992582 3.141593"
								           >
									<Transform DEF="group_19_004_TRANSFORM"
									           translation="7.874018 170.767426 -33.998249"
									           scale="1.000000 1.000000 1.000000"
									           rotation="-0.000000 -0.121578 -0.992582 3.141593"
									           >
										<Transform DEF="group_19_004_ifs_TRANSFORM"
										           translation="0.000007 -0.000004 -0.000008"
										           scale="1.000000 1.000000 1.000000"
										           rotation="0.000000 -0.000000 0.000000 0.000000"
										           >
											<Group USE="group_ME_ID312" />
										</Transform>
									</Transform>
									<Transform DEF="group_20_004_TRANSFORM"
									           translation="7.874014 203.301437 -30.730183"
									           scale="1.000000 1.000000 1.000000"
									           rotation="-0.000000 -0.121578 -0.992582 3.141593"
									           >
										<Transform DEF="group_20_004_ifs_TRANSFORM"
										           translation="0.000002 -0.000005 -0.000010"
										           scale="1.000000 1.000000 1.000000"
										           rotation="0.000000 -0.000000 0.000000 0.000000"
										           >
											<Group USE="group_ME_ID319" />
										</Transform>
									</Transform>
								</Transform>
							</Transform>
						</Transform>
						<Transform DEF="group_25_TRANSFORM"
						           translation="-0.000001 0.000002 0.000000"
						           scale="1.000000 1.000000 1.000000"
						           rotation="0.000000 1.000000 0.000000 0.000000"
						           >
							<Transform DEF="group_26_TRANSFORM"
							           translation="151.780350 146.212555 5.561386"
							           scale="1.000000 1.000000 1.000000"
							           rotation="0.000000 0.000000 1.000000 2.356194"
							           >
								<Transform DEF="instance_35_TRANSFORM"
								           translation="7.874017 173.924652 -8.221985"
								           scale="1.000000 1.000000 1.000000"
								           rotation="0.000000 0.121578 0.992582 3.141593"
								           >
									<Transform DEF="group_19_005_TRANSFORM"
									           translation="7.874024 170.767395 -33.998249"
									           scale="1.000000 1.000000 1.000000"
									           rotation="0.000000 0.121578 0.992582 3.141593"
									           >
										<Transform DEF="group_19_005_ifs_TRANSFORM"
										           translation="-0.000001 0.000000 -0.000003"
										           scale="1.000000 1.000000 1.000000"
										           rotation="0.000000 -0.000000 0.000000 0.000000"
										           >
											<Group USE="group_ME_ID294" />
										</Transform>
									</Transform>
									<Transform DEF="group_20_005_TRANSFORM"
									           translation="7.874024 203.301407 -30.730181"
									           scale="1.000000 1.000000 1.000000"
									           rotation="0.000000 0.121578 0.992582 3.141593"
									           >
										<Transform DEF="group_20_005_ifs_TRANSFORM"
										           translation="-0.000001 0.000008 -0.000019"
										           scale="1.000000 1.000000 1.000000"
										           rotation="0.000000 -0.000000 0.000000 0.000000"
										           >
											<Group USE="group_ME_ID301" />
										</Transform>
									</Transform>
								</Transform>
							</Transform>
						</Transform>
					</Transform>
					<Transform DEF="group_27_TRANSFORM"
					           translation="66.068466 58.130722 146.497635"
					           scale="1.000000 1.000000 1.000000"
					           rotation="0.000000 1.000000 0.000000 0.000000"
					           >
						<Transform DEF="group_28_TRANSFORM"
						           translation="177.362213 0.000000 0.000000"
						           scale="-1.000000 -1.000000 -1.000000"
						           rotation="-1.000000 0.000000 0.000000 3.141593"
						           >
							<Transform DEF="group_29_TRANSFORM"
							           translation="-0.000002 0.000000 8.267717"
							           scale="1.000000 1.000000 1.000000"
							           rotation="0.000000 1.000000 0.000000 0.000000"
							           >
								<Transform DEF="group_29_ifs_TRANSFORM"
								           translation="-0.000002 0.000000 0.000002"
								           scale="1.000000 1.000000 1.000000"
								           rotation="0.000000 1.000000 0.000000 0.000000"
								           >
									<Group DEF="group_ME_ID334">
										<Shape>
											<Appearance>
												<Material USE="MA_material_001" />
											</Appearance>
											<IndexedFaceSet solid="false"
											                coordIndex="0 1 2 -1 3 2 1 -1 4 5 6 -1 7 6 5 -1 8 9 10 -1 11 10 9 -1 12 13 14 -1 15 14 13 -1 16 17 18 -1 19 18 17 -1 20 21 22 -1 23 22 21 -1 "
											                >
												<Coordinate DEF="coords_ME_ID334"
												            point="3.937008 0.000000 0.000000 3.937008 191.732269 0.000000 0.000000 0.000000 0.000000 0.000000 191.732269 0.000000 0.000000 0.000000 5.905512 3.937008 0.000000 5.905512 0.000000 0.000000 0.000000 3.937008 0.000000 0.000000 0.000000 191.732269 0.000000 0.000000 191.732269 5.905512 0.000000 0.000000 0.000000 0.000000 0.000000 5.905512 3.937008 191.732269 5.905512 0.000000 191.732269 5.905512 3.937008 191.732269 0.000000 0.000000 191.732269 0.000000 3.937008 191.732269 0.000000 3.937008 0.000000 0.000000 3.937008 191.732269 5.905512 3.937008 0.000000 5.905512 3.937008 0.000000 5.905512 0.000000 0.000000 5.905512 3.937008 191.732269 5.905512 0.000000 191.732269 5.905512 "
												            />
											</IndexedFaceSet>
										</Shape>
									</Group>
								</Transform>
							</Transform>
							<Transform DEF="group_30_TRANSFORM"
							           translation="11.811018 0.000001 0.000002"
							           scale="1.000000 1.000000 1.000000"
							           rotation="0.000000 1.000000 0.000000 0.000000"
							           >
								<Transform DEF="group_30_ifs_TRANSFORM"
								           translation="-0.000002 -0.000001 0.000002"
								           scale="1.000000 1.000000 1.000000"
								           rotation="0.000000 1.000000 0.000000 0.000000"
								           >
									<Group DEF="group_ME_ID341">
										<Shape>
											<Appearance>
												<Material USE="MA_material_001" />
											</Appearance>
											<IndexedFaceSet solid="false"
											                coordIndex="0 1 2 -1 3 2 1 -1 4 5 6 -1 7 6 5 -1 8 9 10 -1 11 10 9 -1 12 13 14 -1 15 14 13 -1 16 17 18 -1 19 18 17 -1 20 21 22 -1 23 22 21 -1 "
											                >
												<Coordinate DEF="coords_ME_ID341"
												            point="3.937008 23.622046 0.000000 3.937008 173.228348 0.000000 0.000000 23.622047 0.000000 0.000000 173.228348 0.000000 0.000000 23.622047 5.905511 3.937008 23.622047 5.905511 0.000000 23.622047 0.000000 3.937008 23.622046 0.000000 0.000000 173.228348 0.000000 0.000000 173.228348 5.905511 0.000000 23.622047 0.000000 0.000000 23.622047 5.905511 3.937008 173.228348 5.905511 0.000000 173.228348 5.905511 3.937008 173.228348 0.000000 0.000000 173.228348 0.000000 3.937008 173.228348 0.000000 3.937008 23.622046 0.000000 3.937008 173.228348 5.905511 3.937008 23.622047 5.905511 3.937008 23.622047 5.905511 0.000000 23.622047 5.905511 3.937008 173.228348 5.905511 0.000000 173.228348 5.905511 "
												            />
											</IndexedFaceSet>
										</Shape>
									</Group>
								</Transform>
							</Transform>
							<Transform DEF="group_31_TRANSFORM"
							           translation="35.433075 0.000001 8.267717"
							           scale="1.000000 1.000000 1.000000"
							           rotation="0.000000 1.000000 0.000000 0.000000"
							           >
								<Transform DEF="group_31_ifs_TRANSFORM"
								           translation="-0.000002 -0.000001 0.000002"
								           scale="1.000000 1.000000 1.000000"
								           rotation="0.000000 1.000000 0.000000 0.000000"
								           >
									<Group DEF="group_ME_ID348_001">
										<Shape>
											<Appearance>
												<Material USE="MA_material_001" />
											</Appearance>
											<IndexedFaceSet solid="false"
											                coordIndex="0 1 2 -1 3 2 1 -1 4 5 6 -1 7 6 5 -1 8 9 10 -1 11 10 9 -1 12 13 14 -1 15 14 13 -1 16 17 18 -1 19 18 17 -1 20 21 22 -1 23 22 21 -1 "
											                >
												<Coordinate DEF="coords_ME_ID348_001"
												            point="3.937008 35.433071 0.000000 3.937008 157.677155 0.000000 0.000000 35.433071 0.000000 0.000000 157.677155 0.000000 0.000000 35.433071 5.905512 3.937008 35.433071 5.905512 0.000000 35.433071 0.000000 3.937008 35.433071 0.000000 0.000000 157.677155 0.000000 0.000000 157.677155 5.905512 0.000000 35.433071 0.000000 0.000000 35.433071 5.905512 3.937008 157.677155 5.905512 0.000000 157.677155 5.905512 3.937008 157.677155 0.000000 0.000000 157.677155 0.000000 3.937008 157.677155 0.000000 3.937008 35.433071 0.000000 3.937008 157.677155 5.905512 3.937008 35.433071 5.905512 3.937008 35.433071 5.905512 0.000000 35.433071 5.905512 3.937008 157.677155 5.905512 0.000000 157.677155 5.905512 "
												            />
											</IndexedFaceSet>
										</Shape>
									</Group>
								</Transform>
							</Transform>
							<Transform DEF="group_32_TRANSFORM"
							           translation="23.622038 0.000000 8.267717"
							           scale="1.000000 1.000000 1.000000"
							           rotation="0.000000 1.000000 0.000000 0.000000"
							           >
								<Transform DEF="group_32_ifs_TRANSFORM"
								           translation="-0.000002 0.000000 0.000002"
								           scale="1.000000 1.000000 1.000000"
								           rotation="0.000000 1.000000 0.000000 0.000000"
								           >
									<Group DEF="group_ME_ID355_001">
										<Shape>
											<Appearance>
												<Material USE="MA_material_001" />
											</Appearance>
											<IndexedFaceSet solid="false"
											                coordIndex="0 1 2 -1 3 2 1 -1 4 5 6 -1 7 6 5 -1 8 9 10 -1 11 10 9 -1 12 13 14 -1 15 14 13 -1 16 17 18 -1 19 18 17 -1 20 21 22 -1 23 22 21 -1 "
											                >
												<Coordinate DEF="coords_ME_ID355_001"
												            point="3.937008 23.622046 0.000000 3.937008 169.173233 0.000000 0.000000 23.622046 0.000000 0.000000 169.173233 0.000000 0.000000 23.622046 5.905512 3.937008 23.622046 5.905512 0.000000 23.622046 0.000000 3.937008 23.622046 0.000000 0.000000 169.173233 0.000000 0.000000 169.173233 5.905512 0.000000 23.622046 0.000000 0.000000 23.622046 5.905512 3.937008 169.173233 5.905512 0.000000 169.173233 5.905512 3.937008 169.173233 0.000000 0.000000 169.173233 0.000000 3.937008 169.173233 0.000000 3.937008 23.622046 0.000000 3.937008 169.173233 5.905512 3.937008 23.622046 5.905512 3.937008 23.622046 5.905512 0.000000 23.622046 5.905512 3.937008 169.173233 5.905512 0.000000 169.173233 5.905512 "
												            />
											</IndexedFaceSet>
										</Shape>
									</Group>
								</Transform>
							</Transform>
						</Transform>
						<Transform DEF="group_33_TRANSFORM"
						           translation="0.000000 0.000000 0.000000"
						           scale="1.000000 1.000000 1.000000"
						           rotation="0.000000 1.000000 0.000000 0.000000"
						           >
							<Transform DEF="group_34_TRANSFORM"
							           translation="0.000000 0.000000 8.267715"
							           scale="1.000000 1.000000 1.000000"
							           rotation="0.000000 1.000000 0.000000 0.000000"
							           >
								<Transform DEF="group_34_ifs_TRANSFORM"
								           translation="0.000000 0.000000 0.000000"
								           scale="1.000000 1.000000 1.000000"
								           rotation="0.000000 1.000000 0.000000 0.000000"
								           >
									<Group DEF="group_ME_ID363">
										<Shape>
											<Appearance>
												<Material USE="MA_material_001" />
											</Appearance>
											<IndexedFaceSet solid="false"
											                coordIndex="0 1 2 -1 1 0 3 -1 4 5 6 -1 5 4 7 -1 8 9 10 -1 9 8 11 -1 12 13 14 -1 13 12 15 -1 16 17 18 -1 17 16 19 -1 20 21 22 -1 21 20 23 -1 "
											                >
												<Coordinate DEF="coords_ME_ID363"
												            point="3.937008 191.732269 0.000000 0.000000 0.000000 0.000000 0.000000 191.732269 0.000000 3.937008 0.000000 0.000000 3.937008 0.000000 5.905512 0.000000 0.000000 0.000000 3.937008 0.000000 0.000000 0.000000 0.000000 5.905512 0.000000 191.732269 5.905512 0.000000 0.000000 0.000000 0.000000 0.000000 5.905512 0.000000 191.732269 0.000000 0.000000 191.732269 5.905512 3.937008 191.732269 0.000000 0.000000 191.732269 0.000000 3.937008 191.732269 5.905512 3.937008 0.000000 0.000000 3.937008 191.732269 5.905512 3.937008 0.000000 5.905512 3.937008 191.732269 0.000000 0.000000 0.000000 5.905512 3.937008 191.732269 5.905512 0.000000 191.732269 5.905512 3.937008 0.000000 5.905512 "
												            />
											</IndexedFaceSet>
										</Shape>
									</Group>
								</Transform>
							</Transform>
							<Transform DEF="group_35_TRANSFORM"
							           translation="11.811023 -0.000001 0.000000"
							           scale="1.000000 1.000000 1.000000"
							           rotation="0.000000 1.000000 0.000000 0.000000"
							           >
								<Transform DEF="group_35_ifs_TRANSFORM"
								           translation="-0.000000 -0.000001 0.000000"
								           scale="1.000000 1.000000 1.000000"
								           rotation="0.000000 1.000000 0.000000 0.000000"
								           >
									<Group DEF="group_ME_ID370">
										<Shape>
											<Appearance>
												<Material USE="MA_material_001" />
											</Appearance>
											<IndexedFaceSet solid="false"
											                coordIndex="0 1 2 -1 1 0 3 -1 4 5 6 -1 5 4 7 -1 8 9 10 -1 9 8 11 -1 12 13 14 -1 13 12 15 -1 16 17 18 -1 17 16 19 -1 20 21 22 -1 21 20 23 -1 "
											                >
												<Coordinate DEF="coords_ME_ID370"
												            point="3.937008 173.228348 0.000000 0.000000 23.622047 0.000000 0.000000 173.228348 0.000000 3.937008 23.622046 0.000000 3.937008 23.622047 5.905511 0.000000 23.622047 0.000000 3.937008 23.622046 0.000000 0.000000 23.622047 5.905511 0.000000 173.228348 5.905511 0.000000 23.622047 0.000000 0.000000 23.622047 5.905511 0.000000 173.228348 0.000000 0.000000 173.228348 5.905511 3.937008 173.228348 0.000000 0.000000 173.228348 0.000000 3.937008 173.228348 5.905511 3.937008 23.622046 0.000000 3.937008 173.228348 5.905511 3.937008 23.622047 5.905511 3.937008 173.228348 0.000000 0.000000 23.622047 5.905511 3.937008 173.228348 5.905511 0.000000 173.228348 5.905511 3.937008 23.622047 5.905511 "
												            />
											</IndexedFaceSet>
										</Shape>
									</Group>
								</Transform>
							</Transform>
							<Transform DEF="group_36_TRANSFORM"
							           translation="35.433071 -0.000001 8.267715"
							           scale="1.000000 1.000000 1.000000"
							           rotation="0.000000 1.000000 0.000000 0.000000"
							           >
								<Transform DEF="group_36_ifs_TRANSFORM"
								           translation="0.000002 -0.000001 0.000000"
								           scale="1.000000 1.000000 1.000000"
								           rotation="0.000000 1.000000 0.000000 0.000000"
								           >
									<Group DEF="group_ME_ID377">
										<Shape>
											<Appearance>
												<Material USE="MA_material_001" />
											</Appearance>
											<IndexedFaceSet solid="false"
											                coordIndex="0 1 2 -1 1 0 3 -1 4 5 6 -1 5 4 7 -1 8 9 10 -1 9 8 11 -1 12 13 14 -1 13 12 15 -1 16 17 18 -1 17 16 19 -1 20 21 22 -1 21 20 23 -1 "
											                >
												<Coordinate DEF="coords_ME_ID377"
												            point="3.937008 157.677155 0.000000 0.000000 35.433071 0.000000 0.000000 157.677155 0.000000 3.937008 35.433071 0.000000 3.937008 35.433071 5.905512 0.000000 35.433071 0.000000 3.937008 35.433071 0.000000 0.000000 35.433071 5.905512 0.000000 157.677155 5.905512 0.000000 35.433071 0.000000 0.000000 35.433071 5.905512 0.000000 157.677155 0.000000 0.000000 157.677155 5.905512 3.937008 157.677155 0.000000 0.000000 157.677155 0.000000 3.937008 157.677155 5.905512 3.937008 35.433071 0.000000 3.937008 157.677155 5.905512 3.937008 35.433071 5.905512 3.937008 157.677155 0.000000 0.000000 35.433071 5.905512 3.937008 157.677155 5.905512 0.000000 157.677155 5.905512 3.937008 35.433071 5.905512 "
												            />
											</IndexedFaceSet>
										</Shape>
									</Group>
								</Transform>
							</Transform>
							<Transform DEF="group_37_TRANSFORM"
							           translation="23.622046 0.000000 8.267715"
							           scale="1.000000 1.000000 1.000000"
							           rotation="0.000000 1.000000 0.000000 0.000000"
							           >
								<Transform DEF="group_37_ifs_TRANSFORM"
								           translation="-0.000000 0.000000 0.000000"
								           scale="1.000000 1.000000 1.000000"
								           rotation="0.000000 1.000000 0.000000 0.000000"
								           >
									<Group DEF="group_ME_ID384">
										<Shape>
											<Appearance>
												<Material USE="MA_material_001" />
											</Appearance>
											<IndexedFaceSet solid="false"
											                coordIndex="0 1 2 -1 1 0 3 -1 4 5 6 -1 5 4 7 -1 8 9 10 -1 9 8 11 -1 12 13 14 -1 13 12 15 -1 16 17 18 -1 17 16 19 -1 20 21 22 -1 21 20 23 -1 "
											                >
												<Coordinate DEF="coords_ME_ID384"
												            point="3.937008 169.173233 0.000000 0.000000 23.622046 0.000000 0.000000 169.173233 0.000000 3.937008 23.622046 0.000000 3.937008 23.622046 5.905512 0.000000 23.622046 0.000000 3.937008 23.622046 0.000000 0.000000 23.622046 5.905512 0.000000 169.173233 5.905512 0.000000 23.622046 0.000000 0.000000 23.622046 5.905512 0.000000 169.173233 0.000000 0.000000 169.173233 5.905512 3.937008 169.173233 0.000000 0.000000 169.173233 0.000000 3.937008 169.173233 5.905512 3.937008 23.622046 0.000000 3.937008 169.173233 5.905512 3.937008 23.622046 5.905512 3.937008 169.173233 0.000000 0.000000 23.622046 5.905512 3.937008 169.173233 5.905512 0.000000 169.173233 5.905512 3.937008 23.622046 5.905512 "
												            />
											</IndexedFaceSet>
										</Shape>
									</Group>
								</Transform>
							</Transform>
						</Transform>
					</Transform>
					<Transform DEF="group_38_TRANSFORM"
					           translation="37.328308 254.981125 154.754807"
					           scale="1.000000 1.000000 1.000000"
					           rotation="0.000000 0.000000 -1.000000 1.570796"
					           >
						<Transform DEF="group_39_TRANSFORM"
						           translation="0.000000 -0.000000 0.000000"
						           scale="1.000000 1.000000 1.000000"
						           rotation="0.000000 1.000000 0.000000 0.000000"
						           >
							<Transform DEF="group_39_ifs_TRANSFORM"
							           translation="0.000000 -0.000000 0.000000"
							           scale="1.000000 1.000000 1.000000"
							           rotation="0.000000 1.000000 0.000000 0.000000"
							           >
								<Group DEF="group_ME_ID392">
									<Shape>
										<Appearance>
											<Material USE="MA_material_001" />
										</Appearance>
										<IndexedFaceSet solid="false"
										                coordIndex="0 1 2 -1 1 0 3 -1 4 5 6 -1 5 4 7 -1 8 9 10 -1 9 8 11 -1 12 13 14 -1 13 12 15 -1 16 17 18 -1 17 16 19 -1 20 21 22 -1 21 20 23 -1 "
										                >
											<Coordinate DEF="coords_ME_ID392"
											            point="0.000000 234.645676 0.000000 3.937008 0.000000 0.000000 0.000000 0.000000 0.000000 3.937008 234.645660 0.000000 3.937008 0.000000 11.811023 0.000000 0.000000 0.000000 3.937008 0.000000 0.000000 0.000000 0.000000 11.811023 0.000000 234.645660 11.811023 0.000000 0.000000 0.000000 0.000000 0.000000 11.811023 0.000000 234.645676 0.000000 0.000000 234.645660 11.811023 3.937008 234.645660 0.000000 0.000000 234.645676 0.000000 3.937008 234.645660 11.811023 3.937008 234.645660 0.000000 3.937008 0.000000 11.811023 3.937008 0.000000 0.000000 3.937008 234.645660 11.811023 3.937008 0.000000 11.811023 0.000000 234.645660 11.811023 0.000000 0.000000 11.811023 3.937008 234.645660 11.811023 "
											            />
										</IndexedFaceSet>
									</Shape>
								</Group>
							</Transform>
						</Transform>
						<Transform DEF="group_40_TRANSFORM"
						           translation="196.850388 0.000000 0.000000"
						           scale="1.000000 1.000000 1.000000"
						           rotation="0.000000 1.000000 0.000000 0.000000"
						           >
							<Transform DEF="group_40_ifs_TRANSFORM"
							           translation="0.000000 0.000000 0.000000"
							           scale="1.000000 1.000000 1.000000"
							           rotation="0.000000 1.000000 0.000000 0.000000"
							           >
								<Group DEF="group_ME_ID399">
									<Shape>
										<Appearance>
											<Material USE="MA_material_001" />
										</Appearance>
										<IndexedFaceSet solid="false"
										                coordIndex="0 1 2 -1 1 0 3 -1 4 5 6 -1 5 4 7 -1 8 9 10 -1 9 8 11 -1 12 13 14 -1 13 12 15 -1 16 17 18 -1 17 16 19 -1 20 21 22 -1 21 20 23 -1 "
										                >
											<Coordinate DEF="coords_ME_ID399"
											            point="0.000000 234.645676 0.000000 3.937008 0.000000 0.000000 0.000000 0.000000 0.000000 3.937008 234.645660 0.000000 3.937008 0.000000 11.811023 0.000000 0.000000 0.000000 3.937008 0.000000 0.000000 0.000000 0.000000 11.811023 0.000000 234.645660 11.811023 0.000000 0.000000 0.000000 0.000000 0.000000 11.811023 0.000000 234.645676 0.000000 0.000000 234.645660 11.811023 3.937008 234.645660 0.000000 0.000000 234.645676 0.000000 3.937008 234.645660 11.811023 3.937008 234.645660 0.000000 3.937008 0.000000 11.811023 3.937008 0.000000 0.000000 3.937008 234.645660 11.811023 3.937008 0.000000 11.811023 0.000000 234.645660 11.811023 0.000000 0.000000 11.811023 3.937008 234.645660 11.811023 "
											            />
										</IndexedFaceSet>
									</Shape>
								</Group>
							</Transform>
						</Transform>
					</Transform>
					<Transform DEF="group_41_TRANSFORM"
					           translation="58.883427 243.366928 146.497650"
					           scale="1.000000 1.000000 1.000000"
					           rotation="0.000000 0.000000 -1.000000 1.570796"
					           >
						<Transform DEF="group_42_TRANSFORM"
						           translation="177.362198 0.000000 0.000000"
						           scale="-1.000000 -1.000000 -1.000000"
						           rotation="-1.000000 0.000000 0.000000 3.141593"
						           >
							<Transform DEF="group_43_TRANSFORM"
							           translation="-0.000000 -0.000000 8.267716"
							           scale="1.000000 1.000000 1.000000"
							           rotation="0.000000 1.000000 0.000000 0.000000"
							           >
								<Transform DEF="group_43_ifs_TRANSFORM"
								           translation="-0.000000 0.000000 0.000001"
								           scale="1.000000 1.000000 1.000000"
								           rotation="0.000000 1.000000 0.000000 0.000000"
								           >
									<Group DEF="group_ME_ID408_001">
										<Shape>
											<Appearance>
												<Material USE="MA_material_001" />
											</Appearance>
											<IndexedFaceSet solid="false"
											                coordIndex="0 1 2 -1 3 2 1 -1 4 5 6 -1 7 6 5 -1 8 9 10 -1 11 10 9 -1 12 13 14 -1 15 14 13 -1 16 17 18 -1 19 18 17 -1 20 21 22 -1 23 22 21 -1 "
											                >
												<Coordinate DEF="coords_ME_ID408_001"
												            point="3.937008 0.000000 0.000000 3.937008 191.732269 0.000000 0.000000 0.000000 0.000000 0.000000 191.732269 0.000000 0.000000 0.000000 5.905512 3.937008 0.000000 5.905512 0.000000 0.000000 0.000000 3.937008 0.000000 0.000000 0.000000 191.732269 0.000000 0.000000 191.732269 5.905512 0.000000 0.000000 0.000000 0.000000 0.000000 5.905512 3.937008 191.732269 5.905512 0.000000 191.732269 5.905512 3.937008 191.732269 0.000000 0.000000 191.732269 0.000000 3.937008 191.732269 0.000000 3.937008 0.000000 0.000000 3.937008 191.732269 5.905512 3.937008 0.000000 5.905512 3.937008 0.000000 5.905512 0.000000 0.000000 5.905512 3.937008 191.732269 5.905512 0.000000 191.732269 5.905512 "
												            />
											</IndexedFaceSet>
										</Shape>
									</Group>
								</Transform>
							</Transform>
							<Transform DEF="group_44_TRANSFORM"
							           translation="11.811023 -0.000000 0.000001"
							           scale="1.000000 1.000000 1.000000"
							           rotation="0.000000 1.000000 0.000000 0.000000"
							           >
								<Transform DEF="group_44_ifs_TRANSFORM"
								           translation="-0.000000 -0.000000 0.000001"
								           scale="1.000000 1.000000 1.000000"
								           rotation="0.000000 1.000000 0.000000 0.000000"
								           >
									<Group DEF="group_ME_ID415">
										<Shape>
											<Appearance>
												<Material USE="MA_material_001" />
											</Appearance>
											<IndexedFaceSet solid="false"
											                coordIndex="0 1 2 -1 3 2 1 -1 4 5 6 -1 7 6 5 -1 8 9 10 -1 11 10 9 -1 12 13 14 -1 15 14 13 -1 16 17 18 -1 19 18 17 -1 20 21 22 -1 23 22 21 -1 "
											                >
												<Coordinate DEF="coords_ME_ID415"
												            point="3.937008 23.622046 0.000000 3.937008 173.228348 0.000000 0.000000 23.622047 0.000000 0.000000 173.228348 0.000000 0.000000 23.622047 5.905511 3.937008 23.622047 5.905511 0.000000 23.622047 0.000000 3.937008 23.622046 0.000000 0.000000 173.228348 0.000000 0.000000 173.228348 5.905511 0.000000 23.622047 0.000000 0.000000 23.622047 5.905511 3.937008 173.228348 5.905511 0.000000 173.228348 5.905511 3.937008 173.228348 0.000000 0.000000 173.228348 0.000000 3.937008 173.228348 0.000000 3.937008 23.622046 0.000000 3.937008 173.228348 5.905511 3.937008 23.622047 5.905511 3.937008 23.622047 5.905511 0.000000 23.622047 5.905511 3.937008 173.228348 5.905511 0.000000 173.228348 5.905511 "
												            />
											</IndexedFaceSet>
										</Shape>
									</Group>
								</Transform>
							</Transform>
							<Transform DEF="group_45_TRANSFORM"
							           translation="35.433071 -0.000000 8.267716"
							           scale="1.000000 1.000000 1.000000"
							           rotation="0.000000 1.000000 0.000000 0.000000"
							           >
								<Transform DEF="group_45_ifs_TRANSFORM"
								           translation="-0.000000 0.000000 0.000001"
								           scale="1.000000 1.000000 1.000000"
								           rotation="0.000000 1.000000 0.000000 0.000000"
								           >
									<Group DEF="group_ME_ID422">
										<Shape>
											<Appearance>
												<Material USE="MA_material_001" />
											</Appearance>
											<IndexedFaceSet solid="false"
											                coordIndex="0 1 2 -1 3 2 1 -1 4 5 6 -1 7 6 5 -1 8 9 10 -1 11 10 9 -1 12 13 14 -1 15 14 13 -1 16 17 18 -1 19 18 17 -1 20 21 22 -1 23 22 21 -1 "
											                >
												<Coordinate DEF="coords_ME_ID422"
												            point="3.937008 34.744095 0.000000 3.937008 156.988190 0.000000 0.000000 34.744095 0.000000 0.000000 156.988190 0.000000 0.000000 34.744095 5.905512 3.937008 34.744095 5.905512 0.000000 34.744095 0.000000 3.937008 34.744095 0.000000 0.000000 156.988190 0.000000 0.000000 156.988190 5.905512 0.000000 34.744095 0.000000 0.000000 34.744095 5.905512 3.937008 156.988190 5.905512 0.000000 156.988190 5.905512 3.937008 156.988190 0.000000 0.000000 156.988190 0.000000 3.937008 156.988190 0.000000 3.937008 34.744095 0.000000 3.937008 156.988190 5.905512 3.937008 34.744095 5.905512 3.937008 34.744095 5.905512 0.000000 34.744095 5.905512 3.937008 156.988190 5.905512 0.000000 156.988190 5.905512 "
												            />
											</IndexedFaceSet>
										</Shape>
									</Group>
								</Transform>
							</Transform>
							<Transform DEF="group_46_TRANSFORM"
							           translation="23.622046 0.000000 8.267716"
							           scale="1.000000 1.000000 1.000000"
							           rotation="0.000000 1.000000 0.000000 0.000000"
							           >
								<Transform DEF="group_46_ifs_TRANSFORM"
								           translation="-0.000000 0.000000 0.000001"
								           scale="1.000000 1.000000 1.000000"
								           rotation="0.000000 1.000000 0.000000 0.000000"
								           >
									<Group DEF="group_ME_ID429">
										<Shape>
											<Appearance>
												<Material USE="MA_material_001" />
											</Appearance>
											<IndexedFaceSet solid="false"
											                coordIndex="0 1 2 -1 3 2 1 -1 4 5 6 -1 7 6 5 -1 8 9 10 -1 11 10 9 -1 12 13 14 -1 15 14 13 -1 16 17 18 -1 19 18 17 -1 20 21 22 -1 23 22 21 -1 "
											                >
												<Coordinate DEF="coords_ME_ID429"
												            point="3.937008 23.622046 0.000000 3.937008 169.173233 0.000000 0.000000 23.622046 0.000000 0.000000 169.173233 0.000000 0.000000 23.622046 5.905512 3.937008 23.622046 5.905512 0.000000 23.622046 0.000000 3.937008 23.622046 0.000000 0.000000 169.173233 0.000000 0.000000 169.173233 5.905512 0.000000 23.622046 0.000000 0.000000 23.622046 5.905512 3.937008 169.173233 5.905512 0.000000 169.173233 5.905512 3.937008 169.173233 0.000000 0.000000 169.173233 0.000000 3.937008 169.173233 0.000000 3.937008 23.622046 0.000000 3.937008 169.173233 5.905512 3.937008 23.622046 5.905512 3.937008 23.622046 5.905512 0.000000 23.622046 5.905512 3.937008 169.173233 5.905512 0.000000 169.173233 5.905512 "
												            />
											</IndexedFaceSet>
										</Shape>
									</Group>
								</Transform>
							</Transform>
						</Transform>
						<Transform DEF="group_47_TRANSFORM"
						           translation="0.000000 -0.000000 0.000000"
						           scale="1.000000 1.000000 1.000000"
						           rotation="0.000000 1.000000 0.000000 0.000000"
						           >
							<Transform DEF="group_48_TRANSFORM"
							           translation="0.000000 -0.000000 8.267715"
							           scale="1.000000 1.000000 1.000000"
							           rotation="0.000000 1.000000 0.000000 0.000000"
							           >
								<Transform DEF="group_48_ifs_TRANSFORM"
								           translation="0.000000 -0.000000 0.000000"
								           scale="1.000000 1.000000 1.000000"
								           rotation="0.000000 1.000000 0.000000 0.000000"
								           >
									<Group DEF="group_ME_ID437">
										<Shape>
											<Appearance>
												<Material USE="MA_material_001" />
											</Appearance>
											<IndexedFaceSet solid="false"
											                coordIndex="0 1 2 -1 1 0 3 -1 4 5 6 -1 5 4 7 -1 8 9 10 -1 9 8 11 -1 12 13 14 -1 13 12 15 -1 16 17 18 -1 17 16 19 -1 20 21 22 -1 21 20 23 -1 "
											                >
												<Coordinate DEF="coords_ME_ID437"
												            point="3.937008 191.732269 0.000000 0.000000 0.000000 0.000000 0.000000 191.732269 0.000000 3.937008 0.000000 0.000000 3.937008 0.000000 5.905512 0.000000 0.000000 0.000000 3.937008 0.000000 0.000000 0.000000 0.000000 5.905512 0.000000 191.732269 5.905512 0.000000 0.000000 0.000000 0.000000 0.000000 5.905512 0.000000 191.732269 0.000000 0.000000 191.732269 5.905512 3.937008 191.732269 0.000000 0.000000 191.732269 0.000000 3.937008 191.732269 5.905512 3.937008 0.000000 0.000000 3.937008 191.732269 5.905512 3.937008 0.000000 5.905512 3.937008 191.732269 0.000000 0.000000 0.000000 5.905512 3.937008 191.732269 5.905512 0.000000 191.732269 5.905512 3.937008 0.000000 5.905512 "
												            />
											</IndexedFaceSet>
										</Shape>
									</Group>
								</Transform>
							</Transform>
							<Transform DEF="group_49_TRANSFORM"
							           translation="11.811020 0.000000 0.000000"
							           scale="1.000000 1.000000 1.000000"
							           rotation="0.000000 1.000000 0.000000 0.000000"
							           >
								<Transform DEF="group_49_ifs_TRANSFORM"
								           translation="0.000000 0.000000 0.000000"
								           scale="1.000000 1.000000 1.000000"
								           rotation="0.000000 1.000000 0.000000 0.000000"
								           >
									<Group DEF="group_ME_ID444">
										<Shape>
											<Appearance>
												<Material USE="MA_material_001" />
											</Appearance>
											<IndexedFaceSet solid="false"
											                coordIndex="0 1 2 -1 1 0 3 -1 4 5 6 -1 5 4 7 -1 8 9 10 -1 9 8 11 -1 12 13 14 -1 13 12 15 -1 16 17 18 -1 17 16 19 -1 20 21 22 -1 21 20 23 -1 "
											                >
												<Coordinate DEF="coords_ME_ID444"
												            point="3.937008 173.228348 0.000000 0.000000 23.622047 0.000000 0.000000 173.228348 0.000000 3.937008 23.622046 0.000000 3.937008 23.622047 5.905511 0.000000 23.622047 0.000000 3.937008 23.622046 0.000000 0.000000 23.622047 5.905511 0.000000 173.228348 5.905511 0.000000 23.622047 0.000000 0.000000 23.622047 5.905511 0.000000 173.228348 0.000000 0.000000 173.228348 5.905511 3.937008 173.228348 0.000000 0.000000 173.228348 0.000000 3.937008 173.228348 5.905511 3.937008 23.622046 0.000000 3.937008 173.228348 5.905511 3.937008 23.622047 5.905511 3.937008 173.228348 0.000000 0.000000 23.622047 5.905511 3.937008 173.228348 5.905511 0.000000 173.228348 5.905511 3.937008 23.622047 5.905511 "
												            />
											</IndexedFaceSet>
										</Shape>
									</Group>
								</Transform>
							</Transform>
							<Transform DEF="group_50_TRANSFORM"
							           translation="35.433075 -0.000000 8.267715"
							           scale="1.000000 1.000000 1.000000"
							           rotation="0.000000 1.000000 0.000000 0.000000"
							           >
								<Transform DEF="group_50_ifs_TRANSFORM"
								           translation="0.000000 -0.000000 0.000000"
								           scale="1.000000 1.000000 1.000000"
								           rotation="0.000000 1.000000 0.000000 0.000000"
								           >
									<Group DEF="group_ME_ID451">
										<Shape>
											<Appearance>
												<Material USE="MA_material_001" />
											</Appearance>
											<IndexedFaceSet solid="false"
											                coordIndex="0 1 2 -1 1 0 3 -1 4 5 6 -1 5 4 7 -1 8 9 10 -1 9 8 11 -1 12 13 14 -1 13 12 15 -1 16 17 18 -1 17 16 19 -1 20 21 22 -1 21 20 23 -1 "
											                >
												<Coordinate DEF="coords_ME_ID451"
												            point="3.937008 156.988190 0.000000 0.000000 34.744095 0.000000 0.000000 156.988190 0.000000 3.937008 34.744095 0.000000 3.937008 34.744095 5.905512 0.000000 34.744095 0.000000 3.937008 34.744095 0.000000 0.000000 34.744095 5.905512 0.000000 156.988190 5.905512 0.000000 34.744095 0.000000 0.000000 34.744095 5.905512 0.000000 156.988190 0.000000 0.000000 156.988190 5.905512 3.937008 156.988190 0.000000 0.000000 156.988190 0.000000 3.937008 156.988190 5.905512 3.937008 34.744095 0.000000 3.937008 156.988190 5.905512 3.937008 34.744095 5.905512 3.937008 156.988190 0.000000 0.000000 34.744095 5.905512 3.937008 156.988190 5.905512 0.000000 156.988190 5.905512 3.937008 34.744095 5.905512 "
												            />
											</IndexedFaceSet>
										</Shape>
									</Group>
								</Transform>
							</Transform>
							<Transform DEF="group_51_TRANSFORM"
							           translation="23.622040 -0.000000 8.267715"
							           scale="1.000000 1.000000 1.000000"
							           rotation="0.000000 1.000000 0.000000 0.000000"
							           >
								<Transform DEF="group_51_ifs_TRANSFORM"
								           translation="0.000000 -0.000000 0.000000"
								           scale="1.000000 1.000000 1.000000"
								           rotation="0.000000 1.000000 0.000000 0.000000"
								           >
									<Group DEF="group_ME_ID458">
										<Shape>
											<Appearance>
												<Material USE="MA_material_001" />
											</Appearance>
											<IndexedFaceSet solid="false"
											                coordIndex="0 1 2 -1 1 0 3 -1 4 5 6 -1 5 4 7 -1 8 9 10 -1 9 8 11 -1 12 13 14 -1 13 12 15 -1 16 17 18 -1 17 16 19 -1 20 21 22 -1 21 20 23 -1 "
											                >
												<Coordinate DEF="coords_ME_ID458"
												            point="3.937008 169.173233 0.000000 0.000000 23.622046 0.000000 0.000000 169.173233 0.000000 3.937008 23.622046 0.000000 3.937008 23.622046 5.905512 0.000000 23.622046 0.000000 3.937008 23.622046 0.000000 0.000000 23.622046 5.905512 0.000000 169.173233 5.905512 0.000000 23.622046 0.000000 0.000000 23.622046 5.905512 0.000000 169.173233 0.000000 0.000000 169.173233 5.905512 3.937008 169.173233 0.000000 0.000000 169.173233 0.000000 3.937008 169.173233 5.905512 3.937008 23.622046 0.000000 3.937008 169.173233 5.905512 3.937008 23.622046 5.905512 3.937008 169.173233 0.000000 0.000000 23.622046 5.905512 3.937008 169.173233 5.905512 0.000000 169.173233 5.905512 3.937008 23.622046 5.905512 "
												            />
											</IndexedFaceSet>
										</Shape>
									</Group>
								</Transform>
							</Transform>
						</Transform>
					</Transform>
					<Transform DEF="group_52_TRANSFORM"
					           translation="223.359100 83.710152 113.426781"
					           scale="-1.000000 -1.000000 -1.000000"
					           rotation="-0.707107 -0.707107 0.000000 3.141593"
					           >
						<Transform DEF="group_52_ifs_TRANSFORM"
						           translation="0.000000 -0.000005 -0.000001"
						           scale="1.000000 1.000000 1.000000"
						           rotation="0.000000 0.000000 -0.000000 0.000000"
						           >
							<Group DEF="group_ME_ID465">
								<Shape>
									<Appearance>
										<Material USE="MA_material_001" />
									</Appearance>
									<IndexedFaceSet solid="false"
									                coordIndex="0 1 2 -1 3 2 1 -1 4 5 6 -1 7 8 9 -1 9 8 10 -1 10 8 11 -1 11 8 12 -1 6 12 4 -1 12 8 4 -1 4 8 13 -1 13 8 14 -1 8 15 14 -1 14 15 16 -1 17 16 15 -1 2 3 18 -1 19 18 3 -1 20 21 22 -1 23 24 21 -1 22 21 24 -1 25 26 23 -1 26 27 23 -1 23 27 24 -1 24 27 28 -1 27 29 28 -1 28 29 30 -1 31 30 29 -1 32 33 34 -1 33 35 34 -1 34 35 36 -1 35 37 36 -1 37 38 36 -1 36 38 39 -1 40 39 38 -1 31 41 30 -1 42 30 43 -1 30 41 43 -1 43 41 32 -1 32 41 33 -1 44 33 41 -1 38 37 45 -1 37 46 45 -1 47 45 46 -1 48 49 0 -1 1 0 49 -1 50 51 8 -1 15 8 51 -1 52 53 54 -1 55 56 54 -1 18 19 54 -1 54 19 55 -1 57 55 19 -1 58 59 48 -1 49 48 59 -1 60 61 62 -1 63 62 61 -1 64 65 66 -1 67 66 65 -1 66 67 68 -1 69 68 67 -1 68 69 70 -1 71 70 69 -1 70 71 72 -1 73 72 71 -1 74 75 76 -1 72 73 76 -1 76 73 74 -1 77 74 73 -1 78 79 77 -1 80 81 82 -1 83 82 84 -1 81 84 82 -1 83 84 76 -1 85 86 57 -1 86 85 87 -1 88 87 85 -1 88 89 87 -1 90 91 92 -1 91 89 92 -1 92 89 93 -1 94 93 89 -1 93 94 95 -1 96 95 94 -1 95 96 97 -1 98 97 96 -1 97 98 99 -1 100 99 98 -1 99 100 101 -1 102 101 100 -1 103 104 105 -1 106 105 104 -1 107 108 109 -1 110 109 108 -1 111 112 107 -1 108 107 112 -1 113 114 111 -1 112 111 114 -1 115 116 113 -1 114 113 116 -1 117 118 80 -1 80 118 115 -1 116 115 118 -1 118 117 119 -1 53 52 120 -1 52 121 120 -1 122 120 121 -1 78 123 79 -1 123 124 79 -1 125 79 124 -1 50 126 51 -1 127 51 126 -1 56 52 54 -1 56 55 52 -1 55 86 52 -1 52 86 121 -1 86 87 121 -1 121 87 90 -1 91 90 87 -1 57 86 55 -1 75 83 76 -1 75 74 83 -1 74 79 83 -1 83 79 82 -1 79 125 82 -1 125 119 82 -1 117 82 119 -1 77 79 74 -1 117 80 82 -1 89 91 87 -1 128 129 130 -1 129 131 130 -1 131 132 130 -1 132 133 130 -1 133 134 130 -1 134 135 130 -1 135 136 130 -1 136 137 130 -1 130 137 138 -1 137 139 138 -1 140 138 139 -1 134 133 141 -1 90 92 121 -1 118 119 125 -1 92 122 121 -1 118 125 124 -1 "
									                >
										<Coordinate DEF="coords_ME_ID465"
										            point="6.692914 134.888931 11.811023 6.692914 134.888931 0.000000 7.283464 132.369247 11.811023 7.283464 132.369247 0.000000 1.968504 136.148773 11.811023 1.968504 142.515762 11.811023 5.905511 142.515747 11.811023 7.874016 123.550354 11.811023 7.480315 115.317429 11.811023 7.677166 128.589722 11.811023 7.283464 132.369247 11.811023 6.692914 134.888931 11.811023 5.905511 136.148773 11.811023 1.181102 134.888931 11.811023 0.590551 132.369247 11.811023 0.393701 115.317429 11.811023 0.196850 128.589722 11.811023 -0.000000 123.550354 11.811023 7.677166 128.589722 11.811023 7.677166 128.589722 0.000000 7.874016 13.646498 0.000000 7.480315 21.879421 0.000000 7.677166 8.607128 0.000000 7.480315 115.317429 0.000000 7.283464 4.827600 0.000000 7.874016 123.550354 0.000000 7.677166 128.589722 0.000000 7.283464 132.369247 0.000000 6.692914 2.307915 0.000000 6.692914 134.888931 0.000000 5.905512 1.048073 0.000000 5.905511 136.148773 0.000000 1.968504 1.048073 0.000000 1.968504 136.148773 0.000000 1.181102 2.307915 0.000000 1.181102 134.888931 0.000000 0.590551 4.827600 0.000000 0.590551 132.369247 0.000000 0.393701 21.879421 0.000000 0.196850 8.607128 0.000000 0.000000 13.646498 0.000000 5.905511 142.515747 0.000000 5.905512 -5.318898 0.000000 1.968504 -5.318898 0.000000 1.968504 142.515762 0.000000 0.393701 115.317429 0.000000 0.196850 128.589722 0.000000 -0.000000 123.550354 0.000000 5.905511 136.148773 11.811023 5.905511 136.148773 0.000000 7.480315 97.492859 11.811023 0.393701 97.492859 11.811023 7.874016 115.317429 9.842520 7.480315 115.317429 11.811023 7.874016 123.550354 11.811023 7.874016 123.550354 1.924956 7.874016 123.550354 9.842520 7.874016 123.550354 0.000000 5.905511 142.515747 11.811023 5.905511 142.515747 0.000000 5.905511 142.515747 11.811023 1.968504 142.515762 11.811023 5.905511 142.515747 0.000000 1.968504 142.515762 0.000000 1.968504 142.515762 0.000000 1.968504 142.515762 11.811023 1.968504 136.148773 0.000000 1.968504 136.148773 11.811023 1.181102 134.888931 0.000000 1.181102 134.888931 11.811023 0.590551 132.369247 0.000000 0.590551 132.369247 11.811023 0.196850 128.589722 0.000000 0.196850 128.589722 11.811023 -0.000000 123.550354 9.842520 -0.000000 123.550354 1.924956 -0.000000 123.550354 0.000000 -0.000000 123.550354 11.811023 0.393701 115.317429 11.811023 0.000000 115.317429 9.842520 0.000000 13.646498 0.000000 0.393701 21.879421 0.000000 0.000000 22.348326 1.924956 0.000000 115.317429 1.924956 0.393701 115.317429 0.000000 7.480315 115.317429 0.000000 7.874016 114.848526 1.924956 7.874016 21.879421 1.924956 7.480315 21.879421 0.000000 7.874016 13.646498 0.000000 7.874016 13.646498 9.842520 7.874016 13.646498 1.924956 7.874016 13.646498 11.811023 7.677166 8.607128 11.811023 7.677166 8.607128 0.000000 7.283464 4.827600 11.811023 7.283464 4.827600 0.000000 6.692914 2.307915 11.811023 6.692914 2.307915 0.000000 5.905512 1.048073 11.811023 5.905512 1.048073 0.000000 5.905512 -5.318898 11.811023 5.905512 -5.318898 0.000000 1.968504 -5.318898 11.811023 5.905512 -5.318898 11.811023 1.968504 -5.318898 0.000000 5.905512 -5.318898 0.000000 1.968504 1.048073 0.000000 1.968504 1.048073 11.811023 1.968504 -5.318898 0.000000 1.968504 -5.318898 11.811023 1.181102 2.307915 0.000000 1.181102 2.307915 11.811023 0.590551 4.827600 0.000000 0.590551 4.827600 11.811023 0.196850 8.607128 0.000000 0.196850 8.607128 11.811023 0.000000 13.646498 1.924956 0.000000 13.646498 11.811023 0.000000 13.646498 9.842520 7.480315 97.492859 11.811023 7.874016 21.879421 9.842520 7.480315 21.879421 11.811023 0.393701 97.492859 11.811023 0.393701 21.879421 11.811023 0.000000 21.879421 9.842520 7.480315 21.879421 11.811023 0.393701 21.879421 11.811023 7.874016 13.646498 11.811023 7.677166 8.607128 11.811023 7.480315 21.879421 11.811023 7.283464 4.827600 11.811023 6.692914 2.307915 11.811023 5.905512 1.048073 11.811023 1.968504 -5.318898 11.811023 1.968504 1.048073 11.811023 1.181102 2.307915 11.811023 0.590551 4.827600 11.811023 0.393701 21.879421 11.811023 0.196850 8.607128 11.811023 0.000000 13.646498 11.811023 5.905512 -5.318898 11.811023 "
										            />
									</IndexedFaceSet>
								</Shape>
							</Group>
						</Transform>
					</Transform>
					<Transform DEF="group_53_TRANSFORM"
					           translation="251.107834 37.264584 154.754807"
					           scale="1.000000 1.000000 1.000000"
					           rotation="0.000000 1.000000 0.000000 0.000000"
					           >
						<Transform DEF="group_53_ifs_TRANSFORM"
						           translation="0.000004 0.000001 0.000000"
						           scale="1.000000 1.000000 1.000000"
						           rotation="0.000000 1.000000 0.000000 0.000000"
						           >
							<Group DEF="group_ME_ID472">
								<Shape>
									<Appearance>
										<Material USE="MA_material_001" />
									</Appearance>
									<IndexedFaceSet solid="false"
									                coordIndex="0 1 2 -1 1 0 3 -1 4 5 6 -1 5 4 7 -1 8 9 10 -1 9 8 11 -1 12 13 14 -1 13 12 15 -1 16 17 18 -1 17 16 19 -1 20 21 22 -1 21 20 23 -1 "
									                >
										<Coordinate DEF="coords_ME_ID472"
										            point="0.000000 234.645676 0.000000 3.937008 0.000000 0.000000 0.000000 0.000000 0.000000 3.937008 234.645660 0.000000 3.937008 0.000000 11.811023 0.000000 0.000000 0.000000 3.937008 0.000000 0.000000 0.000000 0.000000 11.811023 0.000000 234.645660 11.811023 0.000000 0.000000 0.000000 0.000000 0.000000 11.811023 0.000000 234.645676 0.000000 0.000000 234.645660 11.811023 3.937008 234.645660 0.000000 0.000000 234.645676 0.000000 3.937008 234.645660 11.811023 3.937008 234.645660 0.000000 3.937008 0.000000 11.811023 3.937008 0.000000 0.000000 3.937008 234.645660 11.811023 3.937008 0.000000 11.811023 0.000000 234.645660 11.811023 0.000000 0.000000 11.811023 3.937008 234.645660 11.811023 "
										            />
									</IndexedFaceSet>
								</Shape>
							</Group>
						</Transform>
					</Transform>
					<Transform DEF="group_54_TRANSFORM"
					           translation="54.257439 37.264587 154.754807"
					           scale="1.000000 1.000000 1.000000"
					           rotation="0.000000 1.000000 0.000000 0.000000"
					           >
						<Transform DEF="group_54_ifs_TRANSFORM"
						           translation="-0.000000 -0.000001 0.000000"
						           scale="1.000000 1.000000 1.000000"
						           rotation="0.000000 1.000000 0.000000 0.000000"
						           >
							<Group DEF="group_ME_ID479">
								<Shape>
									<Appearance>
										<Material USE="MA_material_001" />
									</Appearance>
									<IndexedFaceSet solid="false"
									                coordIndex="0 1 2 -1 1 0 3 -1 4 5 6 -1 5 4 7 -1 8 9 10 -1 9 8 11 -1 12 13 14 -1 13 12 15 -1 16 17 18 -1 17 16 19 -1 20 21 22 -1 21 20 23 -1 "
									                >
										<Coordinate DEF="coords_ME_ID479"
										            point="0.000000 234.645676 0.000000 3.937008 0.000000 0.000000 0.000000 0.000000 0.000000 3.937008 234.645660 0.000000 3.937008 0.000000 11.811023 0.000000 0.000000 0.000000 3.937008 0.000000 0.000000 0.000000 0.000000 11.811023 0.000000 234.645660 11.811023 0.000000 0.000000 0.000000 0.000000 0.000000 11.811023 0.000000 234.645676 0.000000 0.000000 234.645660 11.811023 3.937008 234.645660 0.000000 0.000000 234.645676 0.000000 3.937008 234.645660 11.811023 3.937008 234.645660 0.000000 3.937008 0.000000 11.811023 3.937008 0.000000 0.000000 3.937008 234.645660 11.811023 3.937008 0.000000 11.811023 0.000000 234.645660 11.811023 0.000000 0.000000 11.811023 3.937008 234.645660 11.811023 "
										            />
									</IndexedFaceSet>
								</Shape>
							</Group>
						</Transform>
					</Transform>
					<Transform DEF="group_55_TRANSFORM"
					           translation="223.359116 233.316452 113.426781"
					           scale="-1.000000 -1.000000 -1.000000"
					           rotation="-0.707107 -0.707107 0.000000 3.141593"
					           >
						<Transform DEF="group_55_ifs_TRANSFORM"
						           translation="0.000005 -0.000011 -0.000001"
						           scale="1.000000 1.000000 1.000000"
						           rotation="0.000000 0.000000 -0.000000 0.000000"
						           >
							<Group DEF="group_ME_ID486">
								<Shape>
									<Appearance>
										<Material USE="MA_material_001" />
									</Appearance>
									<IndexedFaceSet solid="false"
									                coordIndex="0 1 2 -1 3 2 1 -1 4 5 6 -1 7 8 9 -1 9 8 10 -1 10 8 11 -1 11 8 12 -1 6 12 4 -1 12 8 4 -1 4 8 13 -1 13 8 14 -1 8 15 14 -1 14 15 16 -1 17 16 15 -1 2 3 18 -1 19 18 3 -1 20 21 22 -1 23 24 21 -1 22 21 24 -1 25 26 23 -1 26 27 23 -1 23 27 24 -1 24 27 28 -1 27 29 28 -1 28 29 30 -1 31 30 29 -1 32 33 34 -1 33 35 34 -1 34 35 36 -1 35 37 36 -1 37 38 36 -1 36 38 39 -1 40 39 38 -1 31 41 30 -1 42 30 43 -1 30 41 43 -1 43 41 32 -1 32 41 33 -1 44 33 41 -1 38 37 45 -1 37 46 45 -1 47 45 46 -1 48 49 0 -1 1 0 49 -1 50 51 8 -1 15 8 51 -1 52 53 54 -1 55 56 54 -1 18 19 54 -1 54 19 55 -1 57 55 19 -1 58 59 48 -1 49 48 59 -1 60 61 62 -1 63 62 61 -1 64 65 66 -1 67 66 65 -1 66 67 68 -1 69 68 67 -1 68 69 70 -1 71 70 69 -1 70 71 72 -1 73 72 71 -1 74 75 76 -1 72 73 76 -1 76 73 74 -1 77 74 73 -1 78 79 77 -1 80 81 82 -1 83 82 84 -1 81 84 82 -1 83 84 76 -1 85 86 57 -1 86 85 87 -1 88 87 85 -1 88 89 87 -1 90 91 92 -1 91 89 92 -1 92 89 93 -1 94 93 89 -1 93 94 95 -1 96 95 94 -1 95 96 97 -1 98 97 96 -1 97 98 99 -1 100 99 98 -1 99 100 101 -1 102 101 100 -1 103 104 105 -1 106 105 104 -1 107 108 109 -1 110 109 108 -1 111 112 107 -1 108 107 112 -1 113 114 111 -1 112 111 114 -1 115 116 113 -1 114 113 116 -1 117 118 80 -1 80 118 115 -1 116 115 118 -1 118 117 119 -1 53 52 120 -1 52 121 120 -1 122 120 121 -1 78 123 79 -1 123 124 79 -1 125 79 124 -1 50 126 51 -1 127 51 126 -1 56 52 54 -1 56 55 52 -1 55 86 52 -1 52 86 121 -1 86 87 121 -1 121 87 90 -1 91 90 87 -1 57 86 55 -1 75 83 76 -1 75 74 83 -1 74 79 83 -1 83 79 82 -1 79 125 82 -1 125 119 82 -1 117 82 119 -1 77 79 74 -1 117 80 82 -1 89 91 87 -1 128 129 130 -1 129 131 130 -1 131 132 130 -1 132 133 130 -1 133 134 130 -1 134 135 130 -1 135 136 130 -1 136 137 130 -1 130 137 138 -1 137 139 138 -1 140 138 139 -1 134 133 141 -1 90 92 121 -1 118 119 125 -1 92 122 121 -1 118 125 124 -1 "
									                >
										<Coordinate DEF="coords_ME_ID486"
										            point="6.692914 134.888931 11.811023 6.692914 134.888931 0.000000 7.283464 132.369247 11.811023 7.283464 132.369247 0.000000 1.968504 136.148773 11.811023 1.968504 142.515762 11.811023 5.905511 142.515747 11.811023 7.874016 123.550354 11.811023 7.480315 115.317429 11.811023 7.677166 128.589722 11.811023 7.283464 132.369247 11.811023 6.692914 134.888931 11.811023 5.905511 136.148773 11.811023 1.181102 134.888931 11.811023 0.590551 132.369247 11.811023 0.393701 115.317429 11.811023 0.196850 128.589722 11.811023 -0.000000 123.550354 11.811023 7.677166 128.589722 11.811023 7.677166 128.589722 0.000000 7.874016 13.646498 0.000000 7.480315 21.879421 0.000000 7.677166 8.607128 0.000000 7.480315 115.317429 0.000000 7.283464 4.827600 0.000000 7.874016 123.550354 0.000000 7.677166 128.589722 0.000000 7.283464 132.369247 0.000000 6.692914 2.307915 0.000000 6.692914 134.888931 0.000000 5.905512 1.048073 0.000000 5.905511 136.148773 0.000000 1.968504 1.048073 0.000000 1.968504 136.148773 0.000000 1.181102 2.307915 0.000000 1.181102 134.888931 0.000000 0.590551 4.827600 0.000000 0.590551 132.369247 0.000000 0.393701 21.879421 0.000000 0.196850 8.607128 0.000000 0.000000 13.646498 0.000000 5.905511 142.515747 0.000000 5.905512 -5.318898 0.000000 1.968504 -5.318898 0.000000 1.968504 142.515762 0.000000 0.393701 115.317429 0.000000 0.196850 128.589722 0.000000 -0.000000 123.550354 0.000000 5.905511 136.148773 11.811023 5.905511 136.148773 0.000000 7.480315 97.492859 11.811023 0.393701 97.492859 11.811023 7.874016 115.317429 9.842520 7.480315 115.317429 11.811023 7.874016 123.550354 11.811023 7.874016 123.550354 1.924956 7.874016 123.550354 9.842520 7.874016 123.550354 0.000000 5.905511 142.515747 11.811023 5.905511 142.515747 0.000000 5.905511 142.515747 11.811023 1.968504 142.515762 11.811023 5.905511 142.515747 0.000000 1.968504 142.515762 0.000000 1.968504 142.515762 0.000000 1.968504 142.515762 11.811023 1.968504 136.148773 0.000000 1.968504 136.148773 11.811023 1.181102 134.888931 0.000000 1.181102 134.888931 11.811023 0.590551 132.369247 0.000000 0.590551 132.369247 11.811023 0.196850 128.589722 0.000000 0.196850 128.589722 11.811023 -0.000000 123.550354 9.842520 -0.000000 123.550354 1.924956 -0.000000 123.550354 0.000000 -0.000000 123.550354 11.811023 0.393701 115.317429 11.811023 0.000000 115.317429 9.842520 0.000000 13.646498 0.000000 0.393701 21.879421 0.000000 0.000000 22.348326 1.924956 0.000000 115.317429 1.924956 0.393701 115.317429 0.000000 7.480315 115.317429 0.000000 7.874016 114.848526 1.924956 7.874016 21.879421 1.924956 7.480315 21.879421 0.000000 7.874016 13.646498 0.000000 7.874016 13.646498 9.842520 7.874016 13.646498 1.924956 7.874016 13.646498 11.811023 7.677166 8.607128 11.811023 7.677166 8.607128 0.000000 7.283464 4.827600 11.811023 7.283464 4.827600 0.000000 6.692914 2.307915 11.811023 6.692914 2.307915 0.000000 5.905512 1.048073 11.811023 5.905512 1.048073 0.000000 5.905512 -5.318898 11.811023 5.905512 -5.318898 0.000000 1.968504 -5.318898 11.811023 5.905512 -5.318898 11.811023 1.968504 -5.318898 0.000000 5.905512 -5.318898 0.000000 1.968504 1.048073 0.000000 1.968504 1.048073 11.811023 1.968504 -5.318898 0.000000 1.968504 -5.318898 11.811023 1.181102 2.307915 0.000000 1.181102 2.307915 11.811023 0.590551 4.827600 0.000000 0.590551 4.827600 11.811023 0.196850 8.607128 0.000000 0.196850 8.607128 11.811023 0.000000 13.646498 1.924956 0.000000 13.646498 11.811023 0.000000 13.646498 9.842520 7.480315 97.492859 11.811023 7.874016 21.879421 9.842520 7.480315 21.879421 11.811023 0.393701 97.492859 11.811023 0.393701 21.879421 11.811023 0.000000 21.879421 9.842520 7.480315 21.879421 11.811023 0.393701 21.879421 11.811023 7.874016 13.646498 11.811023 7.677166 8.607128 11.811023 7.480315 21.879421 11.811023 7.283464 4.827600 11.811023 6.692914 2.307915 11.811023 5.905512 1.048073 11.811023 1.968504 -5.318898 11.811023 1.968504 1.048073 11.811023 1.181102 2.307915 11.811023 0.590551 4.827600 11.811023 0.393701 21.879421 11.811023 0.196850 8.607128 11.811023 0.000000 13.646498 11.811023 5.905512 -5.318898 11.811023 "
										            />
									</IndexedFaceSet>
								</Shape>
							</Group>
						</Transform>
					</Transform>
					<Transform DEF="group_56_TRANSFORM"
					           translation="75.922112 228.592056 113.426781"
					           scale="1.000000 1.000000 1.000000"
					           rotation="0.000000 0.000000 -1.000000 1.570796"
					           >
						<Transform DEF="group_57_TRANSFORM"
						           translation="142.515747 7.874016 0.000000"
						           scale="-1.000000 -1.000000 -1.000000"
						           rotation="-0.707107 -0.707107 0.000000 3.141593"
						           >
							<Transform DEF="group_57_ifs_TRANSFORM"
							           translation="0.000001 0.000000 -0.000001"
							           scale="1.000000 1.000000 1.000000"
							           rotation="0.000000 1.000000 0.000000 0.000000"
							           >
								<Group DEF="group_ME_ID494">
									<Shape>
										<Appearance>
											<Material USE="MA_material_001" />
										</Appearance>
										<IndexedFaceSet solid="false"
										                coordIndex="0 1 2 -1 3 2 1 -1 4 5 6 -1 7 8 9 -1 9 8 10 -1 10 8 11 -1 11 8 12 -1 6 12 4 -1 12 8 4 -1 4 8 13 -1 13 8 14 -1 8 15 14 -1 14 15 16 -1 17 16 15 -1 2 3 18 -1 19 18 3 -1 20 21 22 -1 23 24 21 -1 22 21 24 -1 25 26 23 -1 26 27 23 -1 23 27 24 -1 24 27 28 -1 27 29 28 -1 28 29 30 -1 31 30 29 -1 32 33 34 -1 33 35 34 -1 34 35 36 -1 35 37 36 -1 37 38 36 -1 36 38 39 -1 40 39 38 -1 31 41 30 -1 42 30 43 -1 30 41 43 -1 43 41 32 -1 32 41 33 -1 44 33 41 -1 38 37 45 -1 37 46 45 -1 47 45 46 -1 48 49 0 -1 1 0 49 -1 50 51 8 -1 15 8 51 -1 52 53 54 -1 55 56 54 -1 18 19 54 -1 54 19 55 -1 57 55 19 -1 58 59 48 -1 49 48 59 -1 60 61 62 -1 63 62 61 -1 64 65 66 -1 67 66 65 -1 66 67 68 -1 69 68 67 -1 68 69 70 -1 71 70 69 -1 70 71 72 -1 73 72 71 -1 74 75 76 -1 72 73 76 -1 76 73 74 -1 77 74 73 -1 78 79 77 -1 80 81 82 -1 83 82 84 -1 81 84 82 -1 83 84 76 -1 85 86 57 -1 86 85 87 -1 88 87 85 -1 88 89 87 -1 90 91 92 -1 91 89 92 -1 92 89 93 -1 94 93 89 -1 93 94 95 -1 96 95 94 -1 95 96 97 -1 98 97 96 -1 97 98 99 -1 100 99 98 -1 99 100 101 -1 102 101 100 -1 103 104 105 -1 106 105 104 -1 107 108 109 -1 110 109 108 -1 111 112 107 -1 108 107 112 -1 113 114 111 -1 112 111 114 -1 115 116 113 -1 114 113 116 -1 117 118 80 -1 80 118 115 -1 116 115 118 -1 118 117 119 -1 53 52 120 -1 52 121 120 -1 122 120 121 -1 78 123 79 -1 123 124 79 -1 125 79 124 -1 50 126 51 -1 127 51 126 -1 56 52 54 -1 56 55 52 -1 55 86 52 -1 52 86 121 -1 86 87 121 -1 121 87 90 -1 91 90 87 -1 57 86 55 -1 75 83 76 -1 75 74 83 -1 74 79 83 -1 83 79 82 -1 79 125 82 -1 125 119 82 -1 117 82 119 -1 77 79 74 -1 117 80 82 -1 89 91 87 -1 128 129 130 -1 129 131 130 -1 131 132 130 -1 132 133 130 -1 133 134 130 -1 134 135 130 -1 135 136 130 -1 136 137 130 -1 130 137 138 -1 137 139 138 -1 140 138 139 -1 134 133 141 -1 90 92 121 -1 118 119 125 -1 92 122 121 -1 118 125 124 -1 "
										                >
											<Coordinate DEF="coords_ME_ID494"
											            point="6.692914 134.888931 11.811023 6.692914 134.888931 0.000000 7.283464 132.369247 11.811023 7.283464 132.369247 0.000000 1.968504 136.148773 11.811023 1.968504 142.515762 11.811023 5.905511 142.515747 11.811023 7.874016 123.550354 11.811023 7.480315 115.317429 11.811023 7.677166 128.589722 11.811023 7.283464 132.369247 11.811023 6.692914 134.888931 11.811023 5.905511 136.148773 11.811023 1.181102 134.888931 11.811023 0.590551 132.369247 11.811023 0.393701 115.317429 11.811023 0.196850 128.589722 11.811023 -0.000000 123.550354 11.811023 7.677166 128.589722 11.811023 7.677166 128.589722 0.000000 7.874016 13.646498 0.000000 7.480315 21.879421 0.000000 7.677166 8.607128 0.000000 7.480315 115.317429 0.000000 7.283464 4.827600 0.000000 7.874016 123.550354 0.000000 7.677166 128.589722 0.000000 7.283464 132.369247 0.000000 6.692914 2.307915 0.000000 6.692914 134.888931 0.000000 5.905512 1.048073 0.000000 5.905511 136.148773 0.000000 1.968504 1.048073 0.000000 1.968504 136.148773 0.000000 1.181102 2.307915 0.000000 1.181102 134.888931 0.000000 0.590551 4.827600 0.000000 0.590551 132.369247 0.000000 0.393701 21.879421 0.000000 0.196850 8.607128 0.000000 0.000000 13.646498 0.000000 5.905511 142.515747 0.000000 5.905512 -5.318898 0.000000 1.968504 -5.318898 0.000000 1.968504 142.515762 0.000000 0.393701 115.317429 0.000000 0.196850 128.589722 0.000000 -0.000000 123.550354 0.000000 5.905511 136.148773 11.811023 5.905511 136.148773 0.000000 7.480315 97.492859 11.811023 0.393701 97.492859 11.811023 7.874016 115.317429 9.842520 7.480315 115.317429 11.811023 7.874016 123.550354 11.811023 7.874016 123.550354 1.924956 7.874016 123.550354 9.842520 7.874016 123.550354 0.000000 5.905511 142.515747 11.811023 5.905511 142.515747 0.000000 5.905511 142.515747 11.811023 1.968504 142.515762 11.811023 5.905511 142.515747 0.000000 1.968504 142.515762 0.000000 1.968504 142.515762 0.000000 1.968504 142.515762 11.811023 1.968504 136.148773 0.000000 1.968504 136.148773 11.811023 1.181102 134.888931 0.000000 1.181102 134.888931 11.811023 0.590551 132.369247 0.000000 0.590551 132.369247 11.811023 0.196850 128.589722 0.000000 0.196850 128.589722 11.811023 -0.000000 123.550354 9.842520 -0.000000 123.550354 1.924956 -0.000000 123.550354 0.000000 -0.000000 123.550354 11.811023 0.393701 115.317429 11.811023 0.000000 115.317429 9.842520 0.000000 13.646498 0.000000 0.393701 21.879421 0.000000 0.000000 22.348326 1.924956 0.000000 115.317429 1.924956 0.393701 115.317429 0.000000 7.480315 115.317429 0.000000 7.874016 114.848526 1.924956 7.874016 21.879421 1.924956 7.480315 21.879421 0.000000 7.874016 13.646498 0.000000 7.874016 13.646498 9.842520 7.874016 13.646498 1.924956 7.874016 13.646498 11.811023 7.677166 8.607128 11.811023 7.677166 8.607128 0.000000 7.283464 4.827600 11.811023 7.283464 4.827600 0.000000 6.692914 2.307915 11.811023 6.692914 2.307915 0.000000 5.905512 1.048073 11.811023 5.905512 1.048073 0.000000 5.905512 -5.318898 11.811023 5.905512 -5.318898 0.000000 1.968504 -5.318898 11.811023 5.905512 -5.318898 11.811023 1.968504 -5.318898 0.000000 5.905512 -5.318898 0.000000 1.968504 1.048073 0.000000 1.968504 1.048073 11.811023 1.968504 -5.318898 0.000000 1.968504 -5.318898 11.811023 1.181102 2.307915 0.000000 1.181102 2.307915 11.811023 0.590551 4.827600 0.000000 0.590551 4.827600 11.811023 0.196850 8.607128 0.000000 0.196850 8.607128 11.811023 0.000000 13.646498 1.924956 0.000000 13.646498 11.811023 0.000000 13.646498 9.842520 7.480315 97.492859 11.811023 7.874016 21.879421 9.842520 7.480315 21.879421 11.811023 0.393701 97.492859 11.811023 0.393701 21.879421 11.811023 0.000000 21.879421 9.842520 7.480315 21.879421 11.811023 0.393701 21.879421 11.811023 7.874016 13.646498 11.811023 7.677166 8.607128 11.811023 7.480315 21.879421 11.811023 7.283464 4.827600 11.811023 6.692914 2.307915 11.811023 5.905512 1.048073 11.811023 1.968504 -5.318898 11.811023 1.968504 1.048073 11.811023 1.181102 2.307915 11.811023 0.590551 4.827600 11.811023 0.393701 21.879421 11.811023 0.196850 8.607128 11.811023 0.000000 13.646498 11.811023 5.905512 -5.318898 11.811023 "
											            />
										</IndexedFaceSet>
									</Shape>
								</Group>
							</Transform>
						</Transform>
						<Transform DEF="group_58_TRANSFORM"
						           translation="142.515747 157.480316 0.000000"
						           scale="-1.000000 -1.000000 -1.000000"
						           rotation="-0.707107 -0.707107 0.000000 3.141593"
						           >
							<Transform DEF="group_58_ifs_TRANSFORM"
							           translation="0.000001 -0.000000 -0.000001"
							           scale="1.000000 1.000000 1.000000"
							           rotation="0.000000 1.000000 0.000000 0.000000"
							           >
								<Group DEF="group_ME_ID501">
									<Shape>
										<Appearance>
											<Material USE="MA_material_001" />
										</Appearance>
										<IndexedFaceSet solid="false"
										                coordIndex="0 1 2 -1 3 2 1 -1 4 5 6 -1 7 8 9 -1 9 8 10 -1 10 8 11 -1 11 8 12 -1 6 12 4 -1 12 8 4 -1 4 8 13 -1 13 8 14 -1 8 15 14 -1 14 15 16 -1 17 16 15 -1 2 3 18 -1 19 18 3 -1 20 21 22 -1 23 24 21 -1 22 21 24 -1 25 26 23 -1 26 27 23 -1 23 27 24 -1 24 27 28 -1 27 29 28 -1 28 29 30 -1 31 30 29 -1 32 33 34 -1 33 35 34 -1 34 35 36 -1 35 37 36 -1 37 38 36 -1 36 38 39 -1 40 39 38 -1 31 41 30 -1 42 30 43 -1 30 41 43 -1 43 41 32 -1 32 41 33 -1 44 33 41 -1 38 37 45 -1 37 46 45 -1 47 45 46 -1 48 49 0 -1 1 0 49 -1 50 51 8 -1 15 8 51 -1 52 53 54 -1 55 56 54 -1 18 19 54 -1 54 19 55 -1 57 55 19 -1 58 59 48 -1 49 48 59 -1 60 61 62 -1 63 62 61 -1 64 65 66 -1 67 66 65 -1 66 67 68 -1 69 68 67 -1 68 69 70 -1 71 70 69 -1 70 71 72 -1 73 72 71 -1 74 75 76 -1 72 73 76 -1 76 73 74 -1 77 74 73 -1 78 79 77 -1 80 81 82 -1 83 82 84 -1 81 84 82 -1 83 84 76 -1 85 86 57 -1 86 85 87 -1 88 87 85 -1 88 89 87 -1 90 91 92 -1 91 89 92 -1 92 89 93 -1 94 93 89 -1 93 94 95 -1 96 95 94 -1 95 96 97 -1 98 97 96 -1 97 98 99 -1 100 99 98 -1 99 100 101 -1 102 101 100 -1 103 104 105 -1 106 105 104 -1 107 108 109 -1 110 109 108 -1 111 112 107 -1 108 107 112 -1 113 114 111 -1 112 111 114 -1 115 116 113 -1 114 113 116 -1 117 118 80 -1 80 118 115 -1 116 115 118 -1 118 117 119 -1 53 52 120 -1 52 121 120 -1 122 120 121 -1 78 123 79 -1 123 124 79 -1 125 79 124 -1 50 126 51 -1 127 51 126 -1 56 52 54 -1 56 55 52 -1 55 86 52 -1 52 86 121 -1 86 87 121 -1 121 87 90 -1 91 90 87 -1 57 86 55 -1 75 83 76 -1 75 74 83 -1 74 79 83 -1 83 79 82 -1 79 125 82 -1 125 119 82 -1 117 82 119 -1 77 79 74 -1 117 80 82 -1 89 91 87 -1 128 129 130 -1 129 131 130 -1 131 132 130 -1 132 133 130 -1 133 134 130 -1 134 135 130 -1 135 136 130 -1 136 137 130 -1 130 137 138 -1 137 139 138 -1 140 138 139 -1 134 133 141 -1 90 92 121 -1 118 119 125 -1 92 122 121 -1 118 125 124 -1 "
										                >
											<Coordinate DEF="coords_ME_ID501"
											            point="6.692914 134.888931 11.811023 6.692914 134.888931 0.000000 7.283464 132.369247 11.811023 7.283464 132.369247 0.000000 1.968504 136.148773 11.811023 1.968504 142.515762 11.811023 5.905511 142.515747 11.811023 7.874016 123.550354 11.811023 7.480315 115.317429 11.811023 7.677166 128.589722 11.811023 7.283464 132.369247 11.811023 6.692914 134.888931 11.811023 5.905511 136.148773 11.811023 1.181102 134.888931 11.811023 0.590551 132.369247 11.811023 0.393701 115.317429 11.811023 0.196850 128.589722 11.811023 -0.000000 123.550354 11.811023 7.677166 128.589722 11.811023 7.677166 128.589722 0.000000 7.874016 13.646498 0.000000 7.480315 21.879421 0.000000 7.677166 8.607128 0.000000 7.480315 115.317429 0.000000 7.283464 4.827600 0.000000 7.874016 123.550354 0.000000 7.677166 128.589722 0.000000 7.283464 132.369247 0.000000 6.692914 2.307915 0.000000 6.692914 134.888931 0.000000 5.905512 1.048073 0.000000 5.905511 136.148773 0.000000 1.968504 1.048073 0.000000 1.968504 136.148773 0.000000 1.181102 2.307915 0.000000 1.181102 134.888931 0.000000 0.590551 4.827600 0.000000 0.590551 132.369247 0.000000 0.393701 21.879421 0.000000 0.196850 8.607128 0.000000 0.000000 13.646498 0.000000 5.905511 142.515747 0.000000 5.905512 -5.318898 0.000000 1.968504 -5.318898 0.000000 1.968504 142.515762 0.000000 0.393701 115.317429 0.000000 0.196850 128.589722 0.000000 -0.000000 123.550354 0.000000 5.905511 136.148773 11.811023 5.905511 136.148773 0.000000 7.480315 97.492859 11.811023 0.393701 97.492859 11.811023 7.874016 115.317429 9.842520 7.480315 115.317429 11.811023 7.874016 123.550354 11.811023 7.874016 123.550354 1.924956 7.874016 123.550354 9.842520 7.874016 123.550354 0.000000 5.905511 142.515747 11.811023 5.905511 142.515747 0.000000 5.905511 142.515747 11.811023 1.968504 142.515762 11.811023 5.905511 142.515747 0.000000 1.968504 142.515762 0.000000 1.968504 142.515762 0.000000 1.968504 142.515762 11.811023 1.968504 136.148773 0.000000 1.968504 136.148773 11.811023 1.181102 134.888931 0.000000 1.181102 134.888931 11.811023 0.590551 132.369247 0.000000 0.590551 132.369247 11.811023 0.196850 128.589722 0.000000 0.196850 128.589722 11.811023 -0.000000 123.550354 9.842520 -0.000000 123.550354 1.924956 -0.000000 123.550354 0.000000 -0.000000 123.550354 11.811023 0.393701 115.317429 11.811023 0.000000 115.317429 9.842520 0.000000 13.646498 0.000000 0.393701 21.879421 0.000000 0.000000 22.348326 1.924956 0.000000 115.317429 1.924956 0.393701 115.317429 0.000000 7.480315 115.317429 0.000000 7.874016 114.848526 1.924956 7.874016 21.879421 1.924956 7.480315 21.879421 0.000000 7.874016 13.646498 0.000000 7.874016 13.646498 9.842520 7.874016 13.646498 1.924956 7.874016 13.646498 11.811023 7.677166 8.607128 11.811023 7.677166 8.607128 0.000000 7.283464 4.827600 11.811023 7.283464 4.827600 0.000000 6.692914 2.307915 11.811023 6.692914 2.307915 0.000000 5.905512 1.048073 11.811023 5.905512 1.048073 0.000000 5.905512 -5.318898 11.811023 5.905512 -5.318898 0.000000 1.968504 -5.318898 11.811023 5.905512 -5.318898 11.811023 1.968504 -5.318898 0.000000 5.905512 -5.318898 0.000000 1.968504 1.048073 0.000000 1.968504 1.048073 11.811023 1.968504 -5.318898 0.000000 1.968504 -5.318898 11.811023 1.181102 2.307915 0.000000 1.181102 2.307915 11.811023 0.590551 4.827600 0.000000 0.590551 4.827600 11.811023 0.196850 8.607128 0.000000 0.196850 8.607128 11.811023 0.000000 13.646498 1.924956 0.000000 13.646498 11.811023 0.000000 13.646498 9.842520 7.480315 97.492859 11.811023 7.874016 21.879421 9.842520 7.480315 21.879421 11.811023 0.393701 97.492859 11.811023 0.393701 21.879421 11.811023 0.000000 21.879421 9.842520 7.480315 21.879421 11.811023 0.393701 21.879421 11.811023 7.874016 13.646498 11.811023 7.677166 8.607128 11.811023 7.480315 21.879421 11.811023 7.283464 4.827600 11.811023 6.692914 2.307915 11.811023 5.905512 1.048073 11.811023 1.968504 -5.318898 11.811023 1.968504 1.048073 11.811023 1.181102 2.307915 11.811023 0.590551 4.827600 11.811023 0.393701 21.879421 11.811023 0.196850 8.607128 11.811023 0.000000 13.646498 11.811023 5.905512 -5.318898 11.811023 "
											            />
										</IndexedFaceSet>
									</Shape>
								</Group>
							</Transform>
						</Transform>
					</Transform>
					<Transform DEF="group_59_TRANSFORM"
					           translation="37.328304 278.603180 160.660324"
					           scale="1.000000 1.000000 1.000000"
					           rotation="0.000000 0.000000 -1.000000 1.570796"
					           >
						<Transform DEF="group_60_TRANSFORM"
						           translation="47.244095 28.740156 0.000000"
						           scale="1.000000 0.755872 1.000000"
						           rotation="0.000000 1.000000 0.000000 0.000000"
						           >
							<Transform DEF="group_60_ifs_TRANSFORM"
							           translation="-0.000000 -0.000000 0.000000"
							           scale="1.000000 1.000000 1.000000"
							           rotation="0.000000 1.000000 0.000000 0.000000"
							           >
								<Group DEF="group_ME_ID509">
									<Shape>
										<Appearance>
											<Material USE="MA_material_001" />
										</Appearance>
										<IndexedFaceSet solid="false"
										                coordIndex="0 1 2 -1 1 0 3 -1 4 5 6 -1 5 4 7 -1 8 9 10 -1 9 8 11 -1 12 13 14 -1 13 12 15 -1 16 17 18 -1 17 16 19 -1 20 21 22 -1 21 20 23 -1 "
										                >
											<Coordinate DEF="coords_ME_ID509"
											            point="0.000000 234.645676 0.000000 3.937008 0.000000 0.000000 0.000000 0.000000 0.000000 3.937008 234.645660 0.000000 3.937008 0.000000 11.811023 0.000000 0.000000 0.000000 3.937008 0.000000 0.000000 0.000000 0.000000 11.811023 0.000000 234.645660 11.811023 0.000000 0.000000 0.000000 0.000000 0.000000 11.811023 0.000000 234.645676 0.000000 0.000000 234.645660 11.811023 3.937008 234.645660 0.000000 0.000000 234.645676 0.000000 3.937008 234.645660 11.811023 3.937008 234.645660 0.000000 3.937008 0.000000 11.811023 3.937008 0.000000 0.000000 3.937008 234.645660 11.811023 3.937008 0.000000 11.811023 0.000000 234.645660 11.811023 0.000000 0.000000 11.811023 3.937008 234.645660 11.811023 "
											            />
										</IndexedFaceSet>
									</Shape>
								</Group>
							</Transform>
						</Transform>
						<Transform DEF="group_61_TRANSFORM"
						           translation="196.850388 28.740156 0.000000"
						           scale="1.000000 0.755872 1.000000"
						           rotation="0.000000 1.000000 0.000000 0.000000"
						           >
							<Transform DEF="group_61_ifs_TRANSFORM"
							           translation="-0.000000 -0.000000 0.000000"
							           scale="1.000000 1.000000 1.000000"
							           rotation="0.000000 1.000000 0.000000 0.000000"
							           >
								<Group DEF="group_ME_ID516">
									<Shape>
										<Appearance>
											<Material USE="MA_material_001" />
										</Appearance>
										<IndexedFaceSet solid="false"
										                coordIndex="0 1 2 -1 1 0 3 -1 4 5 6 -1 5 4 7 -1 8 9 10 -1 9 8 11 -1 12 13 14 -1 13 12 15 -1 16 17 18 -1 17 16 19 -1 20 21 22 -1 21 20 23 -1 "
										                >
											<Coordinate DEF="coords_ME_ID516"
											            point="0.000000 234.645676 0.000000 3.937008 0.000000 0.000000 0.000000 0.000000 0.000000 3.937008 234.645660 0.000000 3.937008 0.000000 11.811023 0.000000 0.000000 0.000000 3.937008 0.000000 0.000000 0.000000 0.000000 11.811023 0.000000 234.645660 11.811023 0.000000 0.000000 0.000000 0.000000 0.000000 11.811023 0.000000 234.645676 0.000000 0.000000 234.645660 11.811023 3.937008 234.645660 0.000000 0.000000 234.645676 0.000000 3.937008 234.645660 11.811023 3.937008 234.645660 0.000000 3.937008 0.000000 11.811023 3.937008 0.000000 0.000000 3.937008 234.645660 11.811023 3.937008 0.000000 11.811023 0.000000 234.645660 11.811023 0.000000 0.000000 11.811023 3.937008 234.645660 11.811023 "
											            />
										</IndexedFaceSet>
									</Shape>
								</Group>
							</Transform>
						</Transform>
						<Transform DEF="group_62_TRANSFORM"
						           translation="35.236217 194.192917 0.010544"
						           scale="1.000000 1.000000 1.000000"
						           rotation="0.000000 0.000000 -1.000000 1.570796"
						           >
							<Transform DEF="group_63_TRANSFORM"
							           translation="149.606293 0.000001 0.000000"
							           scale="1.000000 0.755872 1.000000"
							           rotation="0.000000 1.000000 0.000000 0.000000"
							           >
								<Transform DEF="group_63_ifs_TRANSFORM"
								           translation="-0.000001 0.000001 0.000000"
								           scale="1.000000 1.000000 1.000000"
								           rotation="0.000000 1.000000 0.000000 0.000000"
								           >
									<Group DEF="group_ME_ID524">
										<Shape>
											<Appearance>
												<Material USE="MA_material_001" />
											</Appearance>
											<IndexedFaceSet solid="false"
											                coordIndex="0 1 2 -1 1 0 3 -1 4 5 6 -1 5 4 7 -1 8 9 10 -1 9 8 11 -1 12 13 14 -1 13 12 15 -1 16 17 18 -1 17 16 19 -1 20 21 22 -1 21 20 23 -1 "
											                >
												<Coordinate DEF="coords_ME_ID524"
												            point="0.000000 234.645676 0.000000 3.937008 0.000000 0.000000 0.000000 0.000000 0.000000 3.937008 234.645660 0.000000 3.937008 0.000000 11.811023 0.000000 0.000000 0.000000 3.937008 0.000000 0.000000 0.000000 0.000000 11.811023 0.000000 234.645660 11.811023 0.000000 0.000000 0.000000 0.000000 0.000000 11.811023 0.000000 234.645676 0.000000 0.000000 234.645660 11.811023 3.937008 234.645660 0.000000 0.000000 234.645676 0.000000 3.937008 234.645660 11.811023 3.937008 234.645660 0.000000 3.937008 0.000000 11.811023 3.937008 0.000000 0.000000 3.937008 234.645660 11.811023 3.937008 0.000000 11.811023 0.000000 234.645660 11.811023 0.000000 0.000000 11.811023 3.937008 234.645660 11.811023 "
												            />
											</IndexedFaceSet>
										</Shape>
									</Group>
								</Transform>
							</Transform>
							<Transform DEF="group_64_TRANSFORM"
							           translation="0.000005 -0.000005 0.000000"
							           scale="1.000000 0.755872 1.000000"
							           rotation="0.000000 1.000000 0.000000 0.000000"
							           >
								<Transform DEF="group_64_ifs_TRANSFORM"
								           translation="-0.000010 -0.000001 0.000000"
								           scale="1.000000 1.000000 1.000000"
								           rotation="0.000000 1.000000 0.000000 0.000000"
								           >
									<Group DEF="group_ME_ID531">
										<Shape>
											<Appearance>
												<Material USE="MA_material_001" />
											</Appearance>
											<IndexedFaceSet solid="false"
											                coordIndex="0 1 2 -1 1 0 3 -1 4 5 6 -1 5 4 7 -1 8 9 10 -1 9 8 11 -1 12 13 14 -1 13 12 15 -1 16 17 18 -1 17 16 19 -1 20 21 22 -1 21 20 23 -1 "
											                >
												<Coordinate DEF="coords_ME_ID531"
												            point="0.000000 234.645676 0.000000 3.937008 0.000000 0.000000 0.000000 0.000000 0.000000 3.937008 234.645660 0.000000 3.937008 0.000000 11.811023 0.000000 0.000000 0.000000 3.937008 0.000000 0.000000 0.000000 0.000000 11.811023 0.000000 234.645660 11.811023 0.000000 0.000000 0.000000 0.000000 0.000000 11.811023 0.000000 234.645676 0.000000 0.000000 234.645660 11.811023 3.937008 234.645660 0.000000 0.000000 234.645676 0.000000 3.937008 234.645660 11.811023 3.937008 234.645660 0.000000 3.937008 0.000000 11.811023 3.937008 0.000000 0.000000 3.937008 234.645660 11.811023 3.937008 0.000000 11.811023 0.000000 234.645660 11.811023 0.000000 0.000000 11.811023 3.937008 234.645660 11.811023 "
												            />
											</IndexedFaceSet>
										</Shape>
									</Group>
								</Transform>
							</Transform>
						</Transform>
					</Transform>
					<Transform DEF="group_65_TRANSFORM"
					           translation="89.690514 89.626785 174.439850"
					           scale="1.000000 1.000000 1.000000"
					           rotation="0.000000 1.000000 0.000000 0.000000"
					           >
						<Transform DEF="group_66_TRANSFORM"
						           translation="-52.362206 116.141731 -7.874023"
						           scale="1.000000 1.000000 1.000000"
						           rotation="0.000000 0.000000 -1.000000 1.570796"
						           >
							<Transform DEF="group_67_TRANSFORM"
							           translation="0.000000 0.000000 7.874023"
							           scale="1.000000 1.000000 1.000000"
							           rotation="0.000000 1.000000 0.000000 0.000000"
							           >
								<Transform DEF="group_67_ifs_TRANSFORM"
								           translation="0.000000 0.000000 0.000000"
								           scale="1.000000 1.000000 1.000000"
								           rotation="0.000000 1.000000 0.000000 0.000000"
								           >
									<Group DEF="group_ME_ID540">
										<Shape>
											<Appearance>
												<Material USE="MA_material_001" />
											</Appearance>
											<IndexedFaceSet solid="false"
											                coordIndex="0 1 2 -1 1 0 3 -1 4 5 6 -1 5 4 7 -1 8 9 10 -1 9 8 11 -1 12 13 14 -1 13 12 15 -1 16 17 18 -1 17 16 19 -1 20 21 22 -1 21 20 23 -1 "
											                >
												<Coordinate DEF="coords_ME_ID540"
												            point="0.000000 182.480316 0.000000 3.937008 56.299213 0.000000 0.000000 56.299213 0.000000 3.937008 182.480316 0.000000 3.937008 56.299213 5.905512 0.000000 56.299213 0.000000 3.937008 56.299213 0.000000 0.000000 56.299213 5.905512 0.000000 182.480316 5.905512 0.000000 56.299213 0.000000 0.000000 56.299213 5.905512 0.000000 182.480316 0.000000 0.000000 182.480316 5.905512 3.937008 182.480316 0.000000 0.000000 182.480316 0.000000 3.937008 182.480316 5.905512 3.937008 182.480316 0.000000 3.937008 56.299213 5.905512 3.937008 56.299213 0.000000 3.937008 182.480316 5.905512 3.937008 56.299213 5.905512 0.000000 182.480316 5.905512 0.000000 56.299213 5.905512 3.937008 182.480316 5.905512 "
												            />
											</IndexedFaceSet>
										</Shape>
									</Group>
								</Transform>
							</Transform>
							<Transform DEF="group_68_TRANSFORM"
							           translation="98.425194 -1.652296 7.874023"
							           scale="1.000000 1.000000 1.000000"
							           rotation="0.000000 1.000000 0.000000 0.000000"
							           >
								<Transform DEF="group_68_ifs_TRANSFORM"
								           translation="0.000000 -0.000000 0.000000"
								           scale="1.000000 1.000000 1.000000"
								           rotation="0.000000 1.000000 0.000000 0.000000"
								           >
									<Group DEF="group_ME_ID547">
										<Shape>
											<Appearance>
												<Material USE="MA_material_001" />
											</Appearance>
											<IndexedFaceSet solid="false"
											                coordIndex="0 1 2 -1 1 0 3 -1 4 5 6 -1 5 4 7 -1 8 9 10 -1 9 8 11 -1 12 13 14 -1 13 12 15 -1 16 17 18 -1 17 16 19 -1 20 21 22 -1 21 20 23 -1 "
											                >
												<Coordinate DEF="coords_ME_ID547"
												            point="0.000000 184.132614 0.000000 3.937008 54.014500 0.000000 0.000000 54.014500 0.000000 3.937008 184.132614 0.000000 3.937008 54.014500 5.905512 0.000000 54.014500 0.000000 3.937008 54.014500 0.000000 0.000000 54.014500 5.905512 0.000000 184.132614 5.905512 0.000000 54.014500 0.000000 0.000000 54.014500 5.905512 0.000000 184.132614 0.000000 0.000000 184.132614 5.905512 3.937008 184.132614 0.000000 0.000000 184.132614 0.000000 3.937008 184.132614 5.905512 3.937008 184.132614 0.000000 3.937008 54.014500 5.905512 3.937008 54.014500 0.000000 3.937008 184.132614 5.905512 3.937008 54.014500 5.905512 0.000000 184.132614 5.905512 0.000000 54.014500 5.905512 3.937008 184.132614 5.905512 "
												            />
											</IndexedFaceSet>
										</Shape>
									</Group>
								</Transform>
							</Transform>
						</Transform>
						<Transform DEF="group_69_TRANSFORM"
						           translation="13.779526 -52.362206 0.000000"
						           scale="1.000000 1.000000 1.000000"
						           rotation="0.000000 1.000000 0.000000 0.000000"
						           >
							<Transform DEF="group_69_ifs_TRANSFORM"
							           translation="-0.000000 -0.000001 0.000000"
							           scale="1.000000 1.000000 1.000000"
							           rotation="0.000000 1.000000 0.000000 0.000000"
							           >
								<Group DEF="group_ME_ID554_001">
									<Shape>
										<Appearance>
											<Material USE="MA_material_001" />
										</Appearance>
										<IndexedFaceSet solid="false"
										                coordIndex="0 1 2 -1 1 0 3 -1 4 5 6 -1 5 4 7 -1 8 9 10 -1 9 8 11 -1 12 13 14 -1 13 12 15 -1 16 17 18 -1 17 16 19 -1 20 21 22 -1 21 20 23 -1 "
										                >
											<Coordinate DEF="coords_ME_ID554_001"
											            point="0.000000 182.480316 0.000000 3.937008 52.362206 0.000000 0.000000 52.362206 0.000000 3.937008 182.480316 0.000000 3.937008 52.362206 5.905512 0.000000 52.362206 0.000000 3.937008 52.362206 0.000000 0.000000 52.362206 5.905512 0.000000 182.480316 5.905512 0.000000 52.362206 0.000000 0.000000 52.362206 5.905512 0.000000 182.480316 0.000000 0.000000 182.480316 5.905512 3.937008 182.480316 0.000000 0.000000 182.480316 0.000000 3.937008 182.480316 5.905512 3.937008 182.480316 0.000000 3.937008 52.362206 5.905512 3.937008 52.362206 0.000000 3.937008 182.480316 5.905512 3.937008 52.362206 5.905512 0.000000 182.480316 5.905512 0.000000 52.362206 5.905512 3.937008 182.480316 5.905512 "
											            />
										</IndexedFaceSet>
									</Shape>
								</Group>
							</Transform>
						</Transform>
						<Transform DEF="group_70_TRANSFORM"
						           translation="112.204727 -52.362206 0.000000"
						           scale="1.000000 1.000000 1.000000"
						           rotation="0.000000 1.000000 0.000000 0.000000"
						           >
							<Transform DEF="group_70_ifs_TRANSFORM"
							           translation="0.000004 0.000000 0.000000"
							           scale="1.000000 1.000000 1.000000"
							           rotation="0.000000 1.000000 0.000000 0.000000"
							           >
								<Group DEF="group_ME_ID561">
									<Shape>
										<Appearance>
											<Material USE="MA_material_001" />
										</Appearance>
										<IndexedFaceSet solid="false"
										                coordIndex="0 1 2 -1 1 0 3 -1 4 5 6 -1 5 4 7 -1 8 9 10 -1 9 8 11 -1 12 13 14 -1 13 12 15 -1 16 17 18 -1 17 16 19 -1 20 21 22 -1 21 20 23 -1 "
										                >
											<Coordinate DEF="coords_ME_ID561"
											            point="0.000000 182.480316 0.000000 3.937008 52.362206 0.000000 0.000000 52.362206 0.000000 3.937008 182.480316 0.000000 3.937008 52.362206 5.905512 0.000000 52.362206 0.000000 3.937008 52.362206 0.000000 0.000000 52.362206 5.905512 0.000000 182.480301 5.905512 0.000000 52.362206 0.000000 0.000000 52.362206 5.905512 0.000000 182.480316 0.000000 0.000000 182.480301 5.905512 3.937008 182.480316 0.000000 0.000000 182.480316 0.000000 3.937008 182.480301 5.905512 3.937008 182.480316 0.000000 3.937008 52.362206 5.905512 3.937008 52.362206 0.000000 3.937008 182.480301 5.905512 3.937008 52.362206 5.905512 0.000000 182.480301 5.905512 0.000000 52.362206 5.905512 3.937008 182.480301 5.905512 "
											            />
										</IndexedFaceSet>
									</Shape>
								</Group>
							</Transform>
						</Transform>
					</Transform>
					<Transform DEF="instance_36_TRANSFORM"
					           translation="71.591400 237.647186 7.127565"
					           scale="1.000000 1.000000 1.000000"
					           rotation="0.000000 0.000000 -1.000000 1.570796"
					           >
						<Transform DEF="instance_36_ifs_TRANSFORM"
						           translation="-0.000000 0.000000 0.000000"
						           scale="1.000000 1.000000 1.000000"
						           rotation="0.000000 1.000000 0.000000 0.000000"
						           >
							<Group DEF="group_ME_ID581">
								<Shape>
									<Appearance>
									</Appearance>
									<IndexedFaceSet solid="false"
									                coordIndex="0 1 2 -1 1 0 3 -1 3 4 1 -1 4 3 5 -1 2 6 7 -1 6 2 1 -1 8 2 9 -1 2 8 0 -1 10 0 11 -1 0 10 3 -1 4 12 13 -1 12 4 5 -1 1 14 6 -1 14 1 4 -1 15 3 10 -1 3 15 5 -1 16 17 18 -1 17 16 19 -1 17 19 20 -1 20 19 21 -1 20 21 22 -1 22 21 23 -1 23 21 24 -1 23 24 25 -1 25 24 26 -1 25 26 27 -1 27 26 7 -1 27 7 6 -1 27 6 28 -1 28 6 14 -1 9 7 26 -1 7 9 2 -1 8 29 30 -1 29 8 9 -1 0 31 11 -1 31 0 8 -1 32 11 33 -1 11 32 10 -1 13 34 35 -1 34 13 12 -1 14 13 28 -1 13 14 4 -1 36 5 15 -1 5 36 12 -1 37 10 32 -1 10 37 15 -1 28 35 27 -1 35 28 13 -1 27 38 25 -1 38 27 35 -1 25 39 23 -1 39 25 38 -1 22 39 40 -1 39 22 23 -1 20 40 41 -1 40 20 22 -1 17 41 42 -1 41 17 20 -1 18 42 43 -1 42 18 17 -1 44 18 43 -1 18 44 16 -1 45 16 44 -1 16 45 19 -1 46 19 45 -1 19 46 21 -1 29 21 46 -1 21 29 24 -1 29 26 24 -1 26 29 9 -1 30 46 47 -1 46 30 29 -1 8 48 31 -1 48 8 30 -1 11 49 33 -1 49 11 31 -1 50 33 51 -1 33 50 32 -1 35 52 38 -1 52 35 34 -1 36 34 12 -1 34 36 53 -1 54 15 37 -1 15 54 36 -1 55 32 50 -1 32 55 37 -1 39 52 56 -1 52 39 38 -1 40 56 57 -1 56 40 39 -1 41 57 58 -1 57 41 40 -1 42 58 59 -1 58 42 41 -1 43 59 60 -1 59 43 42 -1 61 43 60 -1 43 61 44 -1 62 44 61 -1 44 62 45 -1 47 45 62 -1 45 47 46 -1 30 63 48 -1 63 30 47 -1 31 64 49 -1 64 31 48 -1 33 65 51 -1 65 33 49 -1 66 51 67 -1 51 66 50 -1 52 53 68 -1 53 52 34 -1 54 53 36 -1 53 54 69 -1 70 37 55 -1 37 70 54 -1 71 50 66 -1 50 71 55 -1 56 68 72 -1 68 56 52 -1 57 72 73 -1 72 57 56 -1 58 73 74 -1 73 58 57 -1 58 75 59 -1 75 58 74 -1 59 76 60 -1 76 59 75 -1 61 76 77 -1 76 61 60 -1 62 77 78 -1 77 62 61 -1 47 78 63 -1 78 47 62 -1 48 79 64 -1 79 48 63 -1 49 80 65 -1 80 49 64 -1 51 81 67 -1 81 51 65 -1 82 67 83 -1 67 82 66 -1 68 69 84 -1 69 68 53 -1 70 69 54 -1 69 70 85 -1 86 55 71 -1 55 86 70 -1 87 66 82 -1 66 87 71 -1 72 84 88 -1 84 72 68 -1 73 88 89 -1 88 73 72 -1 74 89 90 -1 89 74 73 -1 74 91 75 -1 91 74 90 -1 76 91 92 -1 91 76 75 -1 77 92 93 -1 92 77 76 -1 78 93 94 -1 93 78 77 -1 63 94 79 -1 94 63 78 -1 64 95 80 -1 95 64 79 -1 65 96 81 -1 96 65 80 -1 67 97 83 -1 97 67 81 -1 98 99 100 -1 99 98 101 -1 101 98 102 -1 101 102 103 -1 101 103 104 -1 104 103 105 -1 104 105 106 -1 106 105 107 -1 106 107 108 -1 108 107 109 -1 108 109 110 -1 110 109 111 -1 110 111 112 -1 112 111 113 -1 84 85 114 -1 85 84 69 -1 86 85 70 -1 85 86 115 -1 116 71 87 -1 71 116 86 -1 88 114 117 -1 114 88 84 -1 89 117 118 -1 117 89 88 -1 90 118 119 -1 118 90 89 -1 90 120 91 -1 120 90 119 -1 91 121 92 -1 121 91 120 -1 93 121 122 -1 121 93 92 -1 94 122 123 -1 122 94 93 -1 79 123 95 -1 123 79 94 -1 96 95 124 -1 95 96 80 -1 81 125 97 -1 125 81 96 -1 125 124 126 -1 124 125 96 -1 124 127 126 -1 127 124 128 -1 129 127 128 -1 127 129 130 -1 131 130 129 -1 130 131 132 -1 133 132 131 -1 132 133 134 -1 135 134 133 -1 134 135 136 -1 135 137 136 -1 137 135 138 -1 138 139 137 -1 139 138 140 -1 140 141 139 -1 141 140 142 -1 142 143 141 -1 143 142 115 -1 143 86 116 -1 86 143 115 -1 114 115 142 -1 115 114 85 -1 117 142 140 -1 142 117 114 -1 118 140 138 -1 140 118 117 -1 119 138 135 -1 138 119 118 -1 119 133 120 -1 133 119 135 -1 120 131 121 -1 131 120 133 -1 122 131 129 -1 131 122 121 -1 123 129 128 -1 129 123 122 -1 95 128 124 -1 128 95 123 -1 "
									                >
										<Coordinate DEF="coords_ME_ID581"
										            point="12.655928 3.879505 117.329834 13.401598 6.141193 117.894165 12.197019 4.338414 117.894165 14.001192 5.892834 117.329834 13.824590 8.267716 117.894165 14.473584 8.267716 117.329834 12.632502 6.459764 118.110229 11.608378 4.927054 118.110229 10.642599 2.534242 117.329834 10.394239 3.133835 117.894165 14.305669 5.766715 116.535423 12.888966 3.646467 116.535423 14.001192 10.642599 117.329834 13.401598 10.394239 117.894165 12.992126 8.267716 118.110229 14.803149 8.267716 116.535423 3.902931 6.459764 118.110229 3.902931 10.075669 118.110229 3.543307 8.267716 118.110229 4.927054 4.927054 118.110229 4.927054 11.608378 118.110229 6.459764 3.902931 118.110229 6.459764 12.632502 118.110229 8.267716 12.992126 118.110229 8.267716 3.543307 118.110229 10.075669 12.632502 118.110229 10.075669 3.902931 118.110229 11.608378 11.608378 118.110229 12.632502 10.075669 118.110229 8.267716 2.710843 117.894165 8.267716 2.061848 117.329834 10.768719 2.229764 116.535423 14.996759 5.480455 111.548553 13.417903 3.117529 111.548553 12.655928 12.655928 117.329834 12.197019 12.197019 117.894165 14.305669 10.768719 116.535423 15.551181 8.267716 111.548553 10.394239 13.401598 117.894165 8.267716 13.824590 117.894165 6.141193 13.401598 117.894165 4.338414 12.197019 117.894165 3.133835 10.394239 117.894165 2.710843 8.267716 117.894165 3.133835 6.141193 117.894165 4.338414 4.338414 117.894165 6.141193 3.133835 117.894165 5.892834 2.534242 117.329834 8.267716 1.732283 116.535423 11.054977 1.538673 111.548553 15.602980 5.229351 98.425194 13.881885 2.653549 98.425194 10.642599 14.001192 117.329834 12.888966 12.888966 116.535423 14.996759 11.054977 111.548553 16.207348 8.267716 98.425194 8.267716 14.473584 117.329834 5.892833 14.001192 117.329834 3.879505 12.655928 117.329834 2.534242 10.642599 117.329834 2.061848 8.267716 117.329834 2.534242 5.892834 117.329834 3.879505 3.879505 117.329834 5.766715 2.229764 116.535423 8.267716 0.984252 111.548553 11.306083 0.932453 98.425194 15.906091 5.103798 78.740158 14.113874 2.421558 78.740158 10.768719 14.305669 116.535423 13.417903 13.417903 111.548553 15.602980 11.306083 98.425194 16.535433 8.267716 78.740158 8.267716 14.803149 116.535423 5.766715 14.305669 116.535423 3.646467 12.888966 116.535423 2.229764 10.768719 116.535423 1.732283 8.267716 116.535423 2.229764 5.766715 116.535423 3.646467 3.646467 116.535423 5.480455 1.538673 111.548553 8.267716 0.328084 98.425194 11.431635 0.629342 78.740158 15.906091 5.103798 0.000000 14.113874 2.421558 0.000000 11.054977 14.996759 111.548553 13.881885 13.881885 98.425194 15.906091 11.431635 78.740158 16.535433 8.267716 0.000000 8.267716 15.551181 111.548553 5.480455 14.996759 111.548553 3.117529 13.417903 111.548553 1.538673 11.054977 111.548553 0.984252 8.267716 111.548553 1.538673 5.480455 111.548553 3.117529 3.117529 111.548553 5.229351 0.932453 98.425194 8.267716 0.000000 78.740158 11.431635 0.629342 0.000000 0.629342 11.431635 0.000000 0.629342 5.103798 0.000000 0.000000 8.267716 0.000000 2.421558 2.421558 0.000000 2.421558 14.113874 0.000000 5.103798 15.906091 0.000000 5.103798 0.629342 0.000000 8.267716 16.535433 0.000000 8.267716 -0.000000 0.000000 11.431635 15.906091 0.000000 11.431635 0.629342 0.000000 14.113874 14.113874 0.000000 14.113874 2.421558 0.000000 15.906091 11.431635 0.000000 15.906091 5.103798 0.000000 16.535433 8.267716 0.000000 11.306083 15.602980 98.425194 14.113874 14.113874 78.740158 15.906091 11.431635 0.000000 8.267716 16.207350 98.425194 5.229351 15.602980 98.425194 2.653549 13.881885 98.425194 0.932453 11.306083 98.425194 0.328084 8.267716 98.425194 0.932453 5.229351 98.425194 2.653549 2.653549 98.425194 5.103798 0.629342 78.740158 8.267716 -0.000000 0.000000 5.103798 0.629342 0.000000 2.421558 2.421558 0.000000 2.421558 2.421558 78.740158 0.629342 5.103798 78.740158 0.629342 5.103798 0.000000 0.000000 8.267716 78.740158 0.000000 8.267716 0.000000 0.629342 11.431635 78.740158 0.629342 11.431635 0.000000 2.421558 14.113874 78.740158 2.421558 14.113874 0.000000 5.103798 15.906091 0.000000 5.103798 15.906091 78.740158 8.267716 16.535433 0.000000 8.267716 16.535433 78.740158 11.431635 15.906091 0.000000 11.431635 15.906091 78.740158 14.113874 14.113874 0.000000 "
										            />
									</IndexedFaceSet>
								</Shape>
							</Group>
						</Transform>
					</Transform>
					<Transform DEF="instance_38_TRANSFORM"
					           translation="71.591400 88.040855 7.127565"
					           scale="1.000000 1.000000 1.000000"
					           rotation="0.000000 0.000000 -1.000000 1.570796"
					           >
						<Transform DEF="instance_38_ifs_TRANSFORM"
						           translation="-0.000000 -0.000000 0.000000"
						           scale="1.000000 1.000000 1.000000"
						           rotation="0.000000 1.000000 0.000000 0.000000"
						           >
							<Group USE="group_ME_ID581" />
						</Transform>
					</Transform>
					<Transform DEF="instance_39_TRANSFORM"
					           translation="-52.598450 -111.009323 125.237793"
					           scale="1.000000 1.000000 1.000000"
					           rotation="0.000000 0.000000 -1.000000 1.570796"
					           >
						<Transform DEF="instance_39_ifs_TRANSFORM"
						           translation="-0.000006 -0.000001 0.000000"
						           scale="1.000000 1.000000 1.000000"
						           rotation="0.000000 1.000000 0.000000 0.000000"
						           >
							<Group DEF="group_ME_ID842_001">
							</Group>
						</Transform>
						<Transform DEF="group_71_002_TRANSFORM"
						           translation="-154.200851 66.160156 -120.513382"
						           scale="-1.000000 -1.000000 -1.000000"
						           rotation="-0.707107 0.707107 -0.000000 3.141593"
						           >
							<Transform DEF="group_71_002_ifs_TRANSFORM"
							           translation="0.000000 0.000000 0.000000"
							           scale="1.000000 1.000000 1.000000"
							           rotation="0.000000 1.000000 0.000000 0.000000"
							           >
								<Group DEF="group_ME_ID591">
									<Shape>
										<Appearance>
										</Appearance>
										<IndexedFaceSet solid="false"
										                coordIndex="0 1 2 -1 3 2 1 -1 4 5 6 -1 5 7 6 -1 8 6 7 -1 9 10 11 -1 10 12 11 -1 12 13 11 -1 14 15 13 -1 11 13 15 -1 16 17 18 -1 18 17 19 -1 19 17 20 -1 20 17 21 -1 15 14 22 -1 17 23 21 -1 21 23 24 -1 24 23 25 -1 25 23 14 -1 14 23 22 -1 26 22 23 -1 27 28 29 -1 28 30 29 -1 30 31 29 -1 31 32 29 -1 33 34 35 -1 34 36 35 -1 35 36 37 -1 29 32 38 -1 32 39 38 -1 39 37 38 -1 37 36 38 -1 23 38 26 -1 38 36 26 -1 36 40 26 -1 26 40 41 -1 40 42 41 -1 42 43 41 -1 44 41 43 -1 45 46 47 -1 47 46 48 -1 48 46 33 -1 34 33 46 -1 49 43 42 -1 50 51 52 -1 53 52 51 -1 54 55 56 -1 55 57 56 -1 56 57 58 -1 59 58 57 -1 60 61 62 -1 61 63 62 -1 63 64 62 -1 64 65 62 -1 66 67 68 -1 67 69 68 -1 62 65 54 -1 65 70 54 -1 70 71 54 -1 71 68 54 -1 68 69 54 -1 55 54 69 -1 72 73 74 -1 74 73 75 -1 75 73 66 -1 67 66 73 -1 76 77 78 -1 78 77 79 -1 77 80 79 -1 81 79 80 -1 76 82 77 -1 82 83 77 -1 84 77 83 -1 85 86 87 -1 88 87 86 -1 89 90 91 -1 92 91 90 -1 93 94 95 -1 96 95 94 -1 97 98 99 -1 100 99 98 -1 101 102 103 -1 104 103 102 -1 101 103 105 -1 106 105 103 -1 105 106 107 -1 108 107 106 -1 109 110 111 -1 112 111 110 -1 113 114 115 -1 116 115 114 -1 115 116 117 -1 118 117 116 -1 119 117 120 -1 118 120 117 -1 121 122 123 -1 124 123 122 -1 125 126 121 -1 122 121 126 -1 127 128 129 -1 130 129 128 -1 131 132 133 -1 134 133 132 -1 135 136 137 -1 138 137 136 -1 139 140 141 -1 142 141 140 -1 143 144 145 -1 146 145 144 -1 147 148 149 -1 150 149 148 -1 151 152 153 -1 154 153 152 -1 155 156 157 -1 158 157 156 -1 159 160 161 -1 162 161 160 -1 163 164 165 -1 166 165 164 -1 167 168 169 -1 170 169 168 -1 171 172 173 -1 174 173 172 -1 175 176 177 -1 176 178 177 -1 178 179 177 -1 180 177 179 -1 181 182 183 -1 184 183 182 -1 183 184 185 -1 186 185 184 -1 186 187 185 -1 188 185 187 -1 189 190 191 -1 192 191 190 -1 193 194 195 -1 196 195 194 -1 196 194 197 -1 198 197 194 -1 197 198 199 -1 200 199 198 -1 201 202 203 -1 204 203 202 -1 205 206 207 -1 208 207 206 -1 209 210 211 -1 212 211 210 -1 213 214 215 -1 216 215 214 -1 217 218 219 -1 220 219 218 -1 218 221 220 -1 222 220 221 -1 220 222 223 -1 224 223 222 -1 225 226 227 -1 226 228 227 -1 228 229 227 -1 230 231 229 -1 227 229 231 -1 232 233 234 -1 234 233 235 -1 235 233 236 -1 236 233 237 -1 231 230 238 -1 230 239 238 -1 233 240 237 -1 237 240 241 -1 241 240 239 -1 239 240 238 -1 238 240 242 -1 242 240 243 -1 240 244 243 -1 245 243 244 -1 246 247 248 -1 249 248 247 -1 250 251 252 -1 253 252 251 -1 254 255 256 -1 257 256 255 -1 258 259 260 -1 261 260 259 -1 262 263 264 -1 265 264 263 -1 266 267 268 -1 269 268 267 -1 267 270 269 -1 271 269 270 -1 272 273 270 -1 271 270 273 -1 274 275 276 -1 277 276 275 -1 278 279 280 -1 281 280 279 -1 278 246 279 -1 248 279 246 -1 282 283 284 -1 283 285 284 -1 285 286 284 -1 284 286 287 -1 286 288 287 -1 287 288 289 -1 288 290 289 -1 289 290 291 -1 291 290 292 -1 290 293 292 -1 292 293 294 -1 293 295 294 -1 294 295 296 -1 297 296 295 -1 298 299 300 -1 301 300 299 -1 302 303 304 -1 303 305 304 -1 304 305 306 -1 305 307 306 -1 306 307 308 -1 307 309 308 -1 308 309 310 -1 309 311 310 -1 310 311 312 -1 311 313 312 -1 312 313 314 -1 313 315 314 -1 314 315 316 -1 317 316 315 -1 318 319 320 -1 321 320 319 -1 322 323 324 -1 325 324 323 -1 326 327 328 -1 329 328 327 -1 330 331 332 -1 331 333 332 -1 332 333 334 -1 333 335 334 -1 334 335 336 -1 335 337 336 -1 336 337 338 -1 337 339 338 -1 338 339 340 -1 339 341 340 -1 340 341 342 -1 341 343 342 -1 342 343 344 -1 345 344 343 -1 346 347 348 -1 349 348 347 -1 350 351 352 -1 352 351 353 -1 351 354 353 -1 353 354 355 -1 354 356 355 -1 355 356 357 -1 357 356 358 -1 356 359 358 -1 358 359 360 -1 359 361 360 -1 360 361 362 -1 361 363 362 -1 362 363 364 -1 365 364 363 -1 366 367 368 -1 369 368 367 -1 370 371 372 -1 373 372 371 -1 374 375 376 -1 377 376 375 -1 378 379 380 -1 381 380 379 -1 382 383 384 -1 385 384 383 -1 386 387 382 -1 383 382 387 -1 388 387 389 -1 386 389 387 -1 390 391 392 -1 393 392 391 -1 394 395 396 -1 397 396 395 -1 324 325 396 -1 394 396 325 -1 398 399 400 -1 401 400 399 -1 402 403 404 -1 405 404 403 -1 406 407 408 -1 409 408 407 -1 410 411 412 -1 413 412 411 -1 "
										                >
											<Coordinate DEF="coords_ME_ID591"
											            point="15.748031 0.000000 1.968504 11.811023 0.000000 1.968504 15.748032 3.937008 1.968504 11.811023 3.937008 1.968504 11.811023 3.937008 8.267716 11.811023 3.937008 1.968504 11.811023 3.543307 8.267716 11.811023 0.000000 1.968504 11.811023 0.000000 8.267716 4.330709 0.000000 5.905511 4.488946 0.000000 5.314961 -0.393701 0.000000 5.905511 4.921260 0.000000 4.882647 5.511811 0.000000 4.724409 10.236220 0.000000 4.724409 -0.393701 0.000000 3.543307 10.629921 0.000000 8.267716 11.811023 0.000000 8.267716 10.629921 0.000000 7.480315 11.044765 0.000000 7.041184 11.314923 0.000000 6.500865 11.417322 0.000000 5.905511 0.236220 0.000000 2.125984 11.811023 0.000000 1.968504 11.259085 0.000000 5.314961 10.826772 0.000000 4.882647 1.496063 0.000000 1.062992 16.929134 0.000000 8.267716 16.929134 0.000000 7.480315 15.748032 0.000000 8.267716 16.514290 0.000000 7.041184 16.244131 0.000000 6.500865 16.141733 0.000000 5.905512 21.259842 0.000000 4.724409 26.377953 0.000000 3.543307 17.322834 0.000000 4.724409 25.826771 0.000000 2.125984 16.732283 0.000000 4.882647 15.748031 0.000000 1.968504 16.299971 0.000000 5.314961 24.724409 0.000000 1.062992 3.385827 0.000000 0.354331 23.070866 0.000000 0.354331 15.748031 0.000000 0.000000 5.905512 0.000000 0.000000 22.440943 0.000000 5.905512 26.377953 0.000000 5.905512 22.282707 0.000000 5.314961 21.850393 0.000000 4.882647 20.866140 0.000000 0.000000 15.748032 3.937008 1.968504 15.748032 3.937008 8.267716 15.748031 0.000000 1.968504 15.748032 0.000000 8.267716 11.811023 3.937008 1.968504 1.496063 3.937008 1.062992 15.748032 3.937008 1.968504 3.385827 3.937008 0.354331 15.748032 3.937008 0.000000 5.905511 3.937008 0.000000 10.629921 3.937008 8.267716 10.629921 3.937008 7.480315 11.811023 3.937008 8.267716 11.044765 3.937008 7.041184 11.314923 3.937008 6.500865 11.417322 3.937008 5.905512 5.511811 3.937008 4.724409 -0.393701 3.937008 3.543307 10.236220 3.937008 4.724409 0.236220 3.937008 2.125984 11.259085 3.937008 5.314961 10.826772 3.937008 4.882647 4.330709 3.937008 5.905512 -0.393701 3.937008 5.905512 4.488946 3.937008 5.314961 4.921260 3.937008 4.882647 11.811023 3.937008 8.267716 10.629921 0.393701 8.267716 10.629921 3.937008 8.267716 10.629921 3.543307 8.267716 5.118110 0.393701 8.267716 5.118110 3.543307 8.267716 11.811023 3.543307 8.267716 11.811023 0.000000 8.267716 10.629921 0.000000 8.267716 10.629921 0.393701 8.267716 10.629921 0.000000 8.267716 10.629921 0.393701 7.480315 10.629921 0.000000 7.480315 11.044765 0.393701 7.041184 10.629921 0.393701 7.480315 11.044765 0.000000 7.041184 10.629921 0.000000 7.480315 11.314923 0.393701 6.500865 11.044765 0.393701 7.041184 11.314923 0.000000 6.500865 11.044765 0.000000 7.041184 11.314923 0.393701 6.500865 11.314923 0.000000 6.500865 11.417322 0.393701 5.905512 11.417322 0.000000 5.905511 11.259085 0.393701 5.314961 11.417322 0.393701 5.905512 11.259085 0.000000 5.314961 11.417322 0.000000 5.905511 10.826772 0.393701 4.882647 10.826772 0.000000 4.882647 10.236220 0.393701 4.724409 10.236220 0.000000 4.724409 10.236220 0.393701 4.724409 10.236220 0.000000 4.724409 5.511811 0.393701 4.724409 5.511811 0.000000 4.724409 5.511811 0.393701 4.724409 5.511811 0.000000 4.724409 4.921260 0.393701 4.882647 4.921260 0.000000 4.882647 4.488946 0.393701 5.314961 4.488946 0.000000 5.314961 4.330709 0.393701 5.905512 4.330709 0.000000 5.905511 4.330709 3.543307 5.905512 -0.393701 0.000000 5.905511 4.330709 3.937008 5.905512 -0.393701 3.937008 5.905512 4.330709 0.393701 5.905512 4.330709 0.000000 5.905511 -0.393701 3.937008 3.543307 -0.393701 3.937008 5.905512 -0.393701 0.000000 3.543307 -0.393701 0.000000 5.905511 -0.393701 3.937008 3.543307 -0.393701 0.000000 3.543307 0.236220 3.937008 2.125984 0.236220 0.000000 2.125984 1.496063 0.000000 1.062992 1.496063 3.937008 1.062992 0.236220 0.000000 2.125984 0.236220 3.937008 2.125984 3.385827 0.000000 0.354331 3.385827 3.937008 0.354331 1.496063 0.000000 1.062992 1.496063 3.937008 1.062992 5.905512 0.000000 0.000000 5.905511 3.937008 0.000000 3.385827 0.000000 0.354331 3.385827 3.937008 0.354331 15.748031 0.000000 0.000000 15.748032 3.937008 0.000000 5.905512 0.000000 0.000000 5.905511 3.937008 0.000000 20.866140 3.937008 0.000000 15.748032 3.937008 0.000000 20.866140 0.000000 0.000000 15.748031 0.000000 0.000000 23.070866 0.000000 0.354331 23.070866 3.937008 0.354331 20.866140 0.000000 0.000000 20.866140 3.937008 0.000000 24.724409 0.000000 1.062992 24.724409 3.937008 1.062992 23.070866 0.000000 0.354331 23.070866 3.937008 0.354331 25.826771 0.000000 2.125984 25.826771 3.937008 2.125984 24.724409 0.000000 1.062992 24.724409 3.937008 1.062992 26.377953 3.937008 3.543307 25.826771 3.937008 2.125984 26.377953 0.000000 3.543307 25.826771 0.000000 2.125984 26.377953 3.937008 5.905512 26.377953 3.937008 3.543307 26.377953 0.000000 5.905512 26.377953 0.000000 3.543307 26.377953 0.000000 5.905512 22.440943 0.000000 5.905512 26.377953 3.937008 5.905512 22.440945 0.393701 5.905511 22.440945 3.543307 5.905512 22.440945 3.937008 5.905512 22.440945 0.393701 5.905511 22.440943 0.000000 5.905512 22.282707 0.393701 5.314961 22.282707 0.000000 5.314961 21.850393 0.393701 4.882647 21.850393 0.000000 4.882647 21.259842 0.000000 4.724409 21.259842 0.393701 4.724409 21.259842 0.000000 4.724409 17.322834 0.000000 4.724409 21.259842 0.393701 4.724409 17.322834 0.393701 4.724409 17.322834 0.000000 4.724409 16.732283 0.000000 4.882647 17.322834 0.393701 4.724409 16.732285 0.393701 4.882647 16.299971 0.393701 5.314961 16.299971 0.000000 5.314961 16.141731 0.393701 5.905511 16.141733 0.000000 5.905512 16.244131 0.393701 6.500865 16.141731 0.393701 5.905511 16.244131 0.000000 6.500865 16.141733 0.000000 5.905512 16.244131 0.393701 6.500865 16.244131 0.000000 6.500865 16.514290 0.393701 7.041184 16.514290 0.000000 7.041184 16.514290 0.393701 7.041184 16.514290 0.000000 7.041184 16.929134 0.393701 7.480315 16.929134 0.000000 7.480315 16.929134 0.393701 8.267716 16.929134 0.393701 7.480315 16.929134 0.000000 8.267716 16.929134 0.000000 7.480315 21.653543 0.393701 8.267716 16.929134 0.393701 8.267716 21.653543 3.543307 8.267716 16.929134 3.543307 8.267716 16.929134 0.000000 8.267716 15.748032 0.000000 8.267716 16.929134 3.937008 8.267716 15.748032 3.937008 8.267716 22.440945 3.937008 5.905512 22.282707 3.937008 5.314961 26.377953 3.937008 5.905512 21.850393 3.937008 4.882647 21.259842 3.937008 4.724409 17.322834 3.937008 4.724409 26.377953 3.937008 3.543307 16.929134 3.937008 8.267716 15.748032 3.937008 8.267716 16.929134 3.937008 7.480315 16.514290 3.937008 7.041184 16.244131 3.937008 6.500865 16.141733 3.937008 5.905512 25.826771 3.937008 2.125984 16.732285 3.937008 4.882647 15.748032 3.937008 1.968504 16.299971 3.937008 5.314961 24.724409 3.937008 1.062992 23.070866 3.937008 0.354331 15.748032 3.937008 0.000000 20.866140 3.937008 0.000000 11.259085 3.937008 5.314961 11.417322 3.937008 5.905512 11.259085 3.543307 5.314961 11.417322 3.543307 5.905512 11.314923 3.937008 6.500865 11.314923 3.543307 6.500865 11.417322 3.937008 5.905512 11.417322 3.543307 5.905512 11.314923 3.937008 6.500865 11.044765 3.937008 7.041184 11.314923 3.543307 6.500865 11.044765 3.543307 7.041184 11.044765 3.937008 7.041184 10.629921 3.937008 7.480315 11.044765 3.543307 7.041184 10.629921 3.543307 7.480315 10.629921 3.937008 8.267716 10.629921 3.543307 8.267716 10.629921 3.937008 7.480315 10.629921 3.543307 7.480315 4.330709 3.937008 5.905512 4.488946 3.937008 5.314961 4.330709 3.543307 5.905512 4.488946 3.543307 5.314961 4.921260 3.937008 4.882647 4.921260 3.543307 4.882647 5.511811 3.937008 4.724409 5.511811 3.543307 4.724409 10.236220 3.937008 4.724409 10.236220 3.543307 4.724409 5.511811 3.937008 4.724409 5.511811 3.543307 4.724409 10.826772 3.937008 4.882647 10.826772 3.543307 4.882647 10.236220 3.937008 4.724409 10.236220 3.543307 4.724409 10.629921 3.543307 8.267716 5.118110 3.543307 8.267716 10.629921 3.543307 7.480315 5.118110 3.543307 7.480315 4.703267 3.543307 7.041184 11.044765 3.543307 7.041184 4.433108 3.543307 6.500865 11.314923 3.543307 6.500865 4.330709 3.543307 5.905512 11.417322 3.543307 5.905512 11.259085 3.543307 5.314961 4.488946 3.543307 5.314961 10.826772 3.543307 4.882647 4.921260 3.543307 4.882647 10.236220 3.543307 4.724409 5.511811 3.543307 4.724409 5.118110 3.543307 8.267716 5.118110 0.393701 8.267716 5.118110 3.543307 7.480315 5.118110 0.393701 7.480315 5.118110 0.393701 8.267716 10.629921 0.393701 8.267716 5.118110 0.393701 7.480315 10.629921 0.393701 7.480315 4.703267 0.393701 7.041184 11.044765 0.393701 7.041184 4.433108 0.393701 6.500865 11.314923 0.393701 6.500865 4.330709 0.393701 5.905512 11.417322 0.393701 5.905512 4.488946 0.393701 5.314961 11.259085 0.393701 5.314961 4.921260 0.393701 4.882647 10.826772 0.393701 4.882647 5.511811 0.393701 4.724409 10.236220 0.393701 4.724409 4.433108 3.543307 6.500865 4.433108 0.393701 6.500865 4.330709 3.543307 5.905512 4.330709 0.393701 5.905512 22.440945 3.937008 5.905512 22.440945 3.543307 5.905512 22.282707 3.937008 5.314961 22.282705 3.543307 5.314961 22.338547 3.543307 6.500865 22.440945 3.543307 5.905512 22.338547 0.393701 6.500865 22.440945 0.393701 5.905511 16.929134 0.393701 8.267716 21.653543 0.393701 8.267716 16.929134 0.393701 7.480315 21.653543 0.393701 7.480315 16.514290 0.393701 7.041184 22.068386 0.393701 7.041184 16.244131 0.393701 6.500865 22.338547 0.393701 6.500865 16.141731 0.393701 5.905511 22.440945 0.393701 5.905511 16.299971 0.393701 5.314961 22.282707 0.393701 5.314961 16.732285 0.393701 4.882647 21.850393 0.393701 4.882647 17.322834 0.393701 4.724409 21.259842 0.393701 4.724409 21.653543 3.543307 8.267716 21.653543 3.543307 7.480315 21.653543 0.393701 8.267716 21.653543 0.393701 7.480315 16.929134 3.543307 8.267716 16.929134 3.543307 7.480315 21.653543 3.543307 8.267716 21.653543 3.543307 7.480315 16.514290 3.543307 7.041184 22.068386 3.543307 7.041184 16.244131 3.543307 6.500865 22.338547 3.543307 6.500865 22.440945 3.543307 5.905512 16.141733 3.543307 5.905512 22.282705 3.543307 5.314961 16.299971 3.543307 5.314961 21.850393 3.543307 4.882647 16.732285 3.543307 4.882647 21.259842 3.543307 4.724409 17.322834 3.543307 4.724409 16.929134 3.937008 8.267716 16.929134 3.937008 7.480315 16.929134 3.543307 8.267716 16.929134 3.543307 7.480315 16.514290 3.937008 7.041184 16.514290 3.543307 7.041184 16.929134 3.937008 7.480315 16.929134 3.543307 7.480315 16.244131 3.937008 6.500865 16.244131 3.543307 6.500865 16.514290 3.937008 7.041184 16.514290 3.543307 7.041184 16.244131 3.937008 6.500865 16.141733 3.937008 5.905512 16.244131 3.543307 6.500865 16.141733 3.543307 5.905512 16.299971 3.937008 5.314961 16.299971 3.543307 5.314961 16.141733 3.937008 5.905512 16.141733 3.543307 5.905512 16.732285 3.937008 4.882647 16.732285 3.543307 4.882647 17.322834 3.543307 4.724409 17.322834 3.937008 4.724409 21.259842 3.543307 4.724409 17.322834 3.543307 4.724409 21.259842 3.937008 4.724409 17.322834 3.937008 4.724409 21.850393 3.543307 4.882647 21.259842 3.543307 4.724409 21.850393 3.937008 4.882647 21.259842 3.937008 4.724409 4.433108 3.543307 6.500865 4.703267 3.543307 7.041184 4.433108 0.393701 6.500865 4.703267 0.393701 7.041184 4.703267 3.543307 7.041184 5.118110 3.543307 7.480315 4.703267 0.393701 7.041184 5.118110 0.393701 7.480315 22.338547 3.543307 6.500865 22.338547 0.393701 6.500865 22.068386 3.543307 7.041184 22.068386 0.393701 7.041184 22.068386 3.543307 7.041184 22.068386 0.393701 7.041184 21.653543 3.543307 7.480315 21.653543 0.393701 7.480315 "
											            />
										</IndexedFaceSet>
									</Shape>
								</Group>
							</Transform>
						</Transform>
						<Transform DEF="group_72_002_TRANSFORM"
						           translation="-138.452820 77.971184 -120.513382"
						           scale="-1.000000 -1.000000 -1.000000"
						           rotation="-1.000000 0.000000 0.000000 3.141593"
						           >
							<Transform DEF="group_72_002_ifs_TRANSFORM"
							           translation="0.000001 0.000001 0.000000"
							           scale="1.000000 1.000000 1.000000"
							           rotation="0.000000 1.000000 0.000000 0.000000"
							           >
								<Group DEF="group_ME_ID598">
									<Shape>
										<Appearance>
										</Appearance>
										<IndexedFaceSet solid="false"
										                coordIndex="0 1 2 -1 3 2 1 -1 4 5 6 -1 7 6 5 -1 8 9 10 -1 9 11 10 -1 11 12 10 -1 13 14 12 -1 14 15 12 -1 15 16 12 -1 10 12 16 -1 17 18 19 -1 18 20 19 -1 20 21 19 -1 19 21 22 -1 21 23 22 -1 22 23 24 -1 23 25 24 -1 24 25 26 -1 26 25 27 -1 25 28 27 -1 27 28 29 -1 28 30 29 -1 29 30 13 -1 14 13 30 -1 31 32 33 -1 33 32 34 -1 34 32 15 -1 32 35 15 -1 15 35 16 -1 16 35 36 -1 35 37 36 -1 37 38 36 -1 38 39 36 -1 36 39 40 -1 40 39 41 -1 39 42 41 -1 43 41 42 -1 37 44 38 -1 44 45 38 -1 38 45 46 -1 47 46 45 -1 48 49 50 -1 51 50 49 -1 52 53 54 -1 53 55 54 -1 55 56 54 -1 57 58 56 -1 59 60 58 -1 58 60 56 -1 54 56 60 -1 61 62 63 -1 62 64 63 -1 63 64 65 -1 64 66 65 -1 65 66 67 -1 66 68 67 -1 67 68 69 -1 68 70 69 -1 69 70 71 -1 70 72 71 -1 71 72 73 -1 72 74 73 -1 73 74 57 -1 58 57 74 -1 75 76 77 -1 77 76 78 -1 78 76 59 -1 76 79 59 -1 59 79 60 -1 60 79 80 -1 79 81 80 -1 81 82 80 -1 80 82 83 -1 83 82 84 -1 82 85 84 -1 86 84 85 -1 82 81 87 -1 81 88 87 -1 88 89 87 -1 87 89 90 -1 91 90 89 -1 92 93 94 -1 95 94 93 -1 96 97 98 -1 98 97 99 -1 99 97 100 -1 97 101 100 -1 102 100 101 -1 103 104 105 -1 96 105 104 -1 104 106 96 -1 96 106 97 -1 107 97 106 -1 108 109 110 -1 111 110 109 -1 112 113 114 -1 115 114 113 -1 116 117 118 -1 119 118 117 -1 120 121 122 -1 123 122 121 -1 124 125 126 -1 127 126 125 -1 124 126 128 -1 129 128 126 -1 128 129 130 -1 131 130 129 -1 132 133 134 -1 135 134 133 -1 136 137 138 -1 139 138 137 -1 138 139 140 -1 141 140 139 -1 142 140 143 -1 141 143 140 -1 144 145 146 -1 147 146 145 -1 148 149 144 -1 145 144 149 -1 150 151 152 -1 153 152 151 -1 154 155 156 -1 157 156 155 -1 158 159 160 -1 161 160 159 -1 162 163 164 -1 165 164 163 -1 166 167 168 -1 169 168 167 -1 170 171 172 -1 173 172 171 -1 174 175 176 -1 177 176 175 -1 178 179 180 -1 181 180 179 -1 182 183 184 -1 185 184 183 -1 186 187 188 -1 189 188 187 -1 190 191 192 -1 193 192 191 -1 194 195 196 -1 195 197 196 -1 197 198 196 -1 199 196 198 -1 200 201 202 -1 203 202 201 -1 202 203 204 -1 205 204 203 -1 205 206 204 -1 207 204 206 -1 208 209 210 -1 211 210 209 -1 212 213 214 -1 215 214 213 -1 215 213 216 -1 217 216 213 -1 216 217 218 -1 219 218 217 -1 220 221 222 -1 223 222 221 -1 224 225 226 -1 227 226 225 -1 228 229 230 -1 231 230 229 -1 232 233 234 -1 235 234 233 -1 236 237 238 -1 239 238 237 -1 237 240 239 -1 241 239 240 -1 242 243 240 -1 241 240 243 -1 244 245 246 -1 247 246 245 -1 248 249 250 -1 251 250 249 -1 248 252 249 -1 253 249 252 -1 252 254 253 -1 255 253 254 -1 256 257 258 -1 259 258 257 -1 260 261 262 -1 263 262 261 -1 264 265 266 -1 267 266 265 -1 268 269 270 -1 271 270 269 -1 272 273 274 -1 275 274 273 -1 276 277 278 -1 279 278 277 -1 280 281 282 -1 283 282 281 -1 284 285 286 -1 287 286 285 -1 288 289 290 -1 291 290 289 -1 292 293 288 -1 289 288 293 -1 294 293 295 -1 292 295 293 -1 296 297 298 -1 299 298 297 -1 300 301 302 -1 303 302 301 -1 304 305 302 -1 300 302 305 -1 306 307 304 -1 305 304 307 -1 308 309 310 -1 309 311 310 -1 310 311 312 -1 311 313 312 -1 312 313 314 -1 313 315 314 -1 314 315 316 -1 315 317 316 -1 316 317 318 -1 317 319 318 -1 318 319 320 -1 319 321 320 -1 320 321 322 -1 323 322 321 -1 324 325 326 -1 327 326 325 -1 328 329 330 -1 330 329 331 -1 329 332 331 -1 331 332 333 -1 332 334 333 -1 333 334 335 -1 335 334 336 -1 334 337 336 -1 336 337 338 -1 337 339 338 -1 338 339 340 -1 339 341 340 -1 340 341 342 -1 343 342 341 -1 344 345 346 -1 345 347 346 -1 347 348 346 -1 346 348 349 -1 348 350 349 -1 349 350 351 -1 350 352 351 -1 351 352 353 -1 353 352 354 -1 352 355 354 -1 354 355 356 -1 355 357 356 -1 356 357 358 -1 359 358 357 -1 360 361 362 -1 363 362 361 -1 364 365 366 -1 365 367 366 -1 366 367 368 -1 367 369 368 -1 368 369 370 -1 369 371 370 -1 370 371 372 -1 371 373 372 -1 372 373 374 -1 373 375 374 -1 374 375 376 -1 375 377 376 -1 376 377 378 -1 379 378 377 -1 380 381 382 -1 383 382 381 -1 384 385 386 -1 387 386 385 -1 388 389 390 -1 391 390 389 -1 392 393 394 -1 395 394 393 -1 396 397 398 -1 399 398 397 -1 400 401 402 -1 403 402 401 -1 "
										                >
											<Coordinate DEF="coords_ME_ID598"
											            point="15.748031 0.000000 1.968504 11.811023 0.000000 1.968504 15.748032 3.937008 1.968504 11.811023 3.937008 1.968504 11.811023 3.937008 0.000000 11.811023 0.000000 0.000000 11.811023 3.937008 1.968504 11.811023 0.000000 1.968504 4.330709 0.000000 5.905511 4.488946 0.000000 5.314961 -0.393701 -0.000000 5.905511 4.921260 0.000000 4.882647 5.511811 0.000000 4.724409 10.236220 0.000000 4.724409 17.322834 0.000000 4.724409 21.259842 0.000000 4.724409 -0.393701 0.000000 3.543307 10.629921 0.000000 8.267716 16.929134 0.000000 8.267716 10.629921 0.000000 7.480315 16.929134 0.000000 7.480315 16.514290 0.000000 7.041184 11.044765 0.000000 7.041184 16.244131 0.000000 6.500865 11.314923 0.000000 6.500865 16.141733 0.000000 5.905512 11.417322 0.000000 5.905511 11.259085 0.000000 5.314961 16.299971 0.000000 5.314961 10.826772 0.000000 4.882647 16.732285 0.000000 4.882647 22.440943 0.000000 5.905512 26.377953 0.000000 5.905512 22.282707 0.000000 5.314961 21.850393 0.000000 4.882647 26.377953 0.000000 3.543307 0.236220 0.000000 2.125984 25.826773 0.000000 2.125984 15.748031 0.000000 1.968504 11.811023 0.000000 1.968504 1.496063 0.000000 1.062992 3.385827 0.000000 0.354331 11.811023 0.000000 0.000000 5.905512 0.000000 0.000000 24.724409 0.000000 1.062992 23.070866 0.000000 0.354331 15.748031 0.000000 0.000000 20.866140 0.000000 0.000000 15.748032 3.937008 0.000000 15.748032 3.937008 1.968504 15.748031 0.000000 0.000000 15.748031 0.000000 1.968504 22.440945 3.937008 5.905512 22.282707 3.937008 5.314961 26.377953 3.937008 5.905512 21.850393 3.937008 4.882647 21.259842 3.937008 4.724409 17.322834 3.937008 4.724409 10.236220 3.937008 4.724409 5.511811 3.937008 4.724409 26.377953 3.937008 3.543307 16.929134 3.937008 8.267716 10.629921 3.937008 8.267716 16.929134 3.937008 7.480315 10.629921 3.937008 7.480315 16.514290 3.937008 7.041184 11.044765 3.937008 7.041184 16.244131 3.937008 6.500865 11.314923 3.937008 6.500865 16.141733 3.937008 5.905512 11.417322 3.937008 5.905512 16.299971 3.937008 5.314961 11.259085 3.937008 5.314961 16.732285 3.937008 4.882647 10.826772 3.937008 4.882647 4.330709 3.937008 5.905512 -0.393701 3.937008 5.905512 4.488946 3.937008 5.314961 4.921260 3.937008 4.882647 -0.393701 3.937008 3.543307 25.826771 3.937008 2.125984 0.236220 3.937008 2.125984 15.748032 3.937008 1.968504 24.724409 3.937008 1.062992 23.070866 3.937008 0.354331 15.748032 3.937008 0.000000 20.866140 3.937008 0.000000 11.811023 3.937008 1.968504 1.496063 3.937008 1.062992 3.385827 3.937008 0.354331 11.811023 3.937008 0.000000 5.905512 3.937008 0.000000 11.811023 0.000000 0.000000 11.811023 3.937008 0.000000 5.905512 0.000000 0.000000 5.905512 3.937008 0.000000 16.929134 3.543307 8.267716 10.629921 0.393701 8.267716 16.929134 3.937008 8.267716 10.629921 3.937008 8.267716 10.629921 3.543307 8.267716 5.118110 0.393701 8.267716 5.118110 3.543307 8.267716 21.653543 0.393701 8.267716 16.929132 0.393701 8.267716 21.653543 3.543307 8.267716 16.929134 0.000000 8.267716 10.629921 0.000000 8.267716 10.629921 0.393701 8.267716 10.629921 0.000000 8.267716 10.629921 0.393701 7.480315 10.629921 0.000000 7.480315 11.044765 0.393701 7.041184 10.629921 0.393701 7.480315 11.044765 0.000000 7.041184 10.629921 0.000000 7.480315 11.314923 0.393701 6.500865 11.044765 0.393701 7.041184 11.314923 0.000000 6.500865 11.044765 0.000000 7.041184 11.314923 0.393701 6.500865 11.314923 0.000000 6.500865 11.417322 0.393701 5.905512 11.417322 0.000000 5.905511 11.259085 0.393701 5.314961 11.417322 0.393701 5.905512 11.259085 0.000000 5.314961 11.417322 0.000000 5.905511 10.826772 0.393701 4.882647 10.826772 0.000000 4.882647 10.236220 0.393701 4.724409 10.236220 0.000000 4.724409 10.236220 0.393701 4.724409 10.236220 0.000000 4.724409 5.511811 0.393701 4.724409 5.511811 0.000000 4.724409 5.511811 0.393701 4.724409 5.511811 0.000000 4.724409 4.921260 0.393701 4.882647 4.921260 0.000000 4.882647 4.488946 0.393701 5.314961 4.488946 0.000000 5.314961 4.330709 0.393701 5.905512 4.330709 0.000000 5.905511 4.330709 3.543307 5.905512 -0.393701 -0.000000 5.905511 4.330709 3.937008 5.905512 -0.393701 3.937008 5.905512 4.330709 0.393701 5.905512 4.330709 0.000000 5.905511 -0.393701 3.937008 3.543307 -0.393701 3.937008 5.905512 -0.393701 0.000000 3.543307 -0.393701 -0.000000 5.905511 -0.393701 3.937008 3.543307 -0.393701 0.000000 3.543307 0.236220 3.937008 2.125984 0.236220 0.000000 2.125984 1.496063 0.000000 1.062992 1.496063 3.937008 1.062992 0.236220 0.000000 2.125984 0.236220 3.937008 2.125984 3.385827 0.000000 0.354331 3.385827 3.937008 0.354331 1.496063 0.000000 1.062992 1.496063 3.937008 1.062992 5.905512 0.000000 0.000000 5.905512 3.937008 0.000000 3.385827 0.000000 0.354331 3.385827 3.937008 0.354331 20.866140 3.937008 0.000000 15.748032 3.937008 0.000000 20.866140 0.000000 0.000000 15.748031 0.000000 0.000000 23.070866 0.000000 0.354331 23.070866 3.937008 0.354331 20.866140 0.000000 0.000000 20.866140 3.937008 0.000000 24.724409 0.000000 1.062992 24.724409 3.937008 1.062992 23.070866 0.000000 0.354331 23.070866 3.937008 0.354331 25.826773 0.000000 2.125984 25.826771 3.937008 2.125984 24.724409 0.000000 1.062992 24.724409 3.937008 1.062992 26.377953 3.937008 3.543307 25.826771 3.937008 2.125984 26.377953 0.000000 3.543307 25.826773 0.000000 2.125984 26.377953 3.937008 5.905512 26.377953 3.937008 3.543307 26.377953 0.000000 5.905512 26.377953 0.000000 3.543307 26.377953 0.000000 5.905512 22.440943 0.000000 5.905512 26.377953 3.937008 5.905512 22.440945 0.393701 5.905511 22.440945 3.543307 5.905512 22.440945 3.937008 5.905512 22.440945 0.393701 5.905511 22.440943 0.000000 5.905512 22.282707 0.393701 5.314961 22.282707 0.000000 5.314961 21.850393 0.393701 4.882647 21.850393 0.000000 4.882647 21.259842 0.000000 4.724409 21.259842 0.393701 4.724409 21.259842 0.000000 4.724409 17.322834 0.000000 4.724409 21.259842 0.393701 4.724409 17.322834 0.393701 4.724409 17.322834 0.000000 4.724409 16.732285 0.000000 4.882647 17.322834 0.393701 4.724409 16.732285 0.393701 4.882647 16.299971 0.393701 5.314961 16.299971 0.000000 5.314961 16.141733 0.393701 5.905511 16.141733 0.000000 5.905512 16.244131 0.393701 6.500865 16.141733 0.393701 5.905511 16.244131 0.000000 6.500865 16.141733 0.000000 5.905512 16.244131 0.393701 6.500865 16.244131 0.000000 6.500865 16.514290 0.393701 7.041184 16.514290 0.000000 7.041184 16.514290 0.393701 7.041184 16.514290 0.000000 7.041184 16.929132 0.393701 7.480315 16.929134 0.000000 7.480315 16.929132 0.393701 8.267716 16.929132 0.393701 7.480315 16.929134 0.000000 8.267716 16.929134 0.000000 7.480315 4.330709 3.937008 5.905512 4.488946 3.937008 5.314961 4.330709 3.543307 5.905512 4.488946 3.543307 5.314961 4.921260 3.937008 4.882647 4.921260 3.543307 4.882647 5.511811 3.937008 4.724409 5.511811 3.543307 4.724409 10.236220 3.937008 4.724409 10.236220 3.543307 4.724409 5.511811 3.937008 4.724409 5.511811 3.543307 4.724409 10.826772 3.937008 4.882647 10.826772 3.543307 4.882647 10.236220 3.937008 4.724409 10.236220 3.543307 4.724409 11.259085 3.937008 5.314961 11.259085 3.543307 5.314961 11.417322 3.937008 5.905512 11.417322 3.543307 5.905512 11.314923 3.937008 6.500865 11.314923 3.543307 6.500865 11.417322 3.937008 5.905512 11.417322 3.543307 5.905512 11.314923 3.937008 6.500865 11.044765 3.937008 7.041184 11.314923 3.543307 6.500865 11.044765 3.543307 7.041184 11.044765 3.937008 7.041184 10.629921 3.937008 7.480315 11.044765 3.543307 7.041184 10.629921 3.543307 7.480315 10.629921 3.937008 8.267716 10.629921 3.543307 8.267716 10.629921 3.937008 7.480315 10.629921 3.543307 7.480315 16.929134 3.937008 8.267716 16.929134 3.937008 7.480315 16.929134 3.543307 8.267716 16.929134 3.543307 7.480315 16.514290 3.937008 7.041184 16.514290 3.543307 7.041184 16.929134 3.937008 7.480315 16.929134 3.543307 7.480315 16.244131 3.937008 6.500865 16.244131 3.543307 6.500865 16.514290 3.937008 7.041184 16.514290 3.543307 7.041184 16.244131 3.937008 6.500865 16.141733 3.937008 5.905512 16.244131 3.543307 6.500865 16.141733 3.543307 5.905512 16.299971 3.937008 5.314961 16.299971 3.543307 5.314961 16.141733 3.937008 5.905512 16.141733 3.543307 5.905512 16.732285 3.937008 4.882647 16.732283 3.543307 4.882647 17.322834 3.543307 4.724409 17.322834 3.937008 4.724409 21.259842 3.543307 4.724409 17.322834 3.543307 4.724409 21.259842 3.937008 4.724409 17.322834 3.937008 4.724409 21.850393 3.543307 4.882647 21.259842 3.543307 4.724409 21.850393 3.937008 4.882647 21.259842 3.937008 4.724409 22.282707 3.937008 5.314961 22.282707 3.543307 5.314961 22.440945 3.937008 5.905512 22.440945 3.543307 5.905512 16.929132 0.393701 8.267716 21.653543 0.393701 8.267716 16.929132 0.393701 7.480315 21.653543 0.393701 7.480315 16.514290 0.393701 7.041184 22.068386 0.393701 7.041184 16.244131 0.393701 6.500865 22.338547 0.393701 6.500865 16.141733 0.393701 5.905511 22.440945 0.393701 5.905511 16.299971 0.393701 5.314961 22.282707 0.393701 5.314961 16.732285 0.393701 4.882647 21.850393 0.393701 4.882647 17.322834 0.393701 4.724409 21.259842 0.393701 4.724409 21.653543 3.543307 8.267716 21.653543 3.543307 7.480315 21.653543 0.393701 8.267716 21.653543 0.393701 7.480315 16.929134 3.543307 8.267716 16.929134 3.543307 7.480315 21.653543 3.543307 8.267716 21.653543 3.543307 7.480315 16.514290 3.543307 7.041184 22.068386 3.543307 7.041184 16.244131 3.543307 6.500865 22.338547 3.543307 6.500865 22.440945 3.543307 5.905512 16.141733 3.543307 5.905512 22.282707 3.543307 5.314961 16.299971 3.543307 5.314961 21.850393 3.543307 4.882647 16.732283 3.543307 4.882647 21.259842 3.543307 4.724409 17.322834 3.543307 4.724409 10.629921 3.543307 8.267716 5.118110 3.543307 8.267716 10.629921 3.543307 7.480315 5.118110 3.543307 7.480315 4.703267 3.543307 7.041184 11.044765 3.543307 7.041184 4.433108 3.543307 6.500865 11.314923 3.543307 6.500865 4.330709 3.543307 5.905512 11.417322 3.543307 5.905512 11.259085 3.543307 5.314961 4.488946 3.543307 5.314961 10.826772 3.543307 4.882647 4.921260 3.543307 4.882647 10.236220 3.543307 4.724409 5.511811 3.543307 4.724409 5.118110 3.543307 8.267716 5.118110 0.393701 8.267716 5.118110 3.543307 7.480315 5.118110 0.393701 7.480315 5.118110 0.393701 8.267716 10.629921 0.393701 8.267716 5.118110 0.393701 7.480315 10.629921 0.393701 7.480315 4.703267 0.393701 7.041184 11.044765 0.393701 7.041184 4.433108 0.393701 6.500865 11.314923 0.393701 6.500865 4.330709 0.393701 5.905512 11.417322 0.393701 5.905512 4.488946 0.393701 5.314961 11.259085 0.393701 5.314961 4.921260 0.393701 4.882647 10.826772 0.393701 4.882647 5.511811 0.393701 4.724409 10.236220 0.393701 4.724409 4.433108 3.543307 6.500865 4.433108 0.393701 6.500865 4.330709 3.543307 5.905512 4.330709 0.393701 5.905512 22.338547 3.543307 6.500865 22.440945 3.543307 5.905512 22.338547 0.393701 6.500865 22.440945 0.393701 5.905511 22.338547 3.543307 6.500865 22.338547 0.393701 6.500865 22.068386 3.543307 7.041184 22.068386 0.393701 7.041184 22.068386 3.543307 7.041184 22.068386 0.393701 7.041184 21.653543 3.543307 7.480315 21.653543 0.393701 7.480315 4.433108 3.543307 6.500865 4.703267 3.543307 7.041184 4.433108 0.393701 6.500865 4.703267 0.393701 7.041184 4.703267 3.543307 7.041184 5.118110 3.543307 7.480315 4.703267 0.393701 7.041184 5.118110 0.393701 7.480315 "
											            />
										</IndexedFaceSet>
									</Shape>
								</Group>
							</Transform>
						</Transform>
						<Transform DEF="group_73_002_TRANSFORM"
						           translation="-132.941010 92.478806 -112.206299"
						           scale="-1.000000 -1.000000 -1.000000"
						           rotation="0.707107 0.707107 -0.000000 3.141593"
						           >
						</Transform>
						<Transform DEF="group_74_012_TRANSFORM"
						           translation="-168.811859 93.671570 -103.977951"
						           scale="-1.000000 -1.000000 -1.000000"
						           rotation="-0.923880 0.382683 -0.000000 3.141593"
						           >
							<Transform DEF="group_74_012_ifs_TRANSFORM"
							           translation="0.000002 -0.000001 0.000000"
							           scale="1.000000 1.000000 1.000000"
							           rotation="0.000000 -0.000000 0.000000 0.000000"
							           >
								<Group DEF="group_ME_ID615">
									<Shape>
										<Appearance>
										</Appearance>
										<IndexedFaceSet solid="false"
										                coordIndex="0 1 2 -1 3 2 1 -1 4 5 6 -1 5 7 6 -1 8 9 7 -1 10 6 11 -1 6 7 11 -1 7 9 11 -1 11 9 12 -1 13 12 9 -1 14 15 16 -1 15 17 16 -1 16 17 18 -1 19 18 17 -1 20 21 22 -1 23 24 25 -1 25 24 20 -1 26 27 24 -1 24 27 20 -1 20 27 21 -1 27 28 21 -1 21 28 29 -1 30 29 28 -1 31 32 33 -1 34 33 32 -1 35 36 37 -1 36 38 37 -1 39 37 38 -1 40 38 36 -1 41 42 43 -1 44 43 42 -1 45 46 47 -1 48 47 46 -1 49 50 51 -1 51 50 52 -1 50 53 52 -1 54 52 53 -1 55 56 57 -1 58 57 56 -1 59 60 61 -1 62 61 60 -1 63 64 65 -1 64 66 65 -1 65 66 67 -1 68 67 66 -1 69 70 71 -1 72 71 70 -1 73 74 75 -1 76 75 74 -1 77 78 79 -1 "
										                >
											<Coordinate DEF="coords_ME_ID615"
											            point="9.483794 3.937008 6.500865 9.483794 0.000000 6.500865 9.213635 3.937008 7.041184 9.213635 0.000000 7.041184 9.213635 0.000000 7.041184 9.483794 0.000000 6.500865 8.798793 -0.000000 7.480315 9.586194 0.000000 5.905512 24.051853 0.000000 5.905512 22.004612 0.000000 0.787402 8.798793 -0.000000 7.929631 -23.084898 -0.000000 0.000001 7.196010 -0.000000 0.000000 19.721148 0.000000 0.000000 9.586194 3.937008 5.905512 9.586194 3.543307 5.905512 9.483794 3.937008 6.500865 9.586194 0.393701 5.905512 9.483794 0.000000 6.500865 9.586194 0.000000 5.905512 9.586194 3.937008 5.905512 22.004610 3.937008 0.787402 24.051853 3.937008 5.905512 9.213635 3.937008 7.041184 8.798793 3.937008 7.480315 9.483794 3.937008 6.500865 8.798793 3.937008 7.929631 -23.084898 3.937007 0.000001 5.767716 3.937008 0.000000 19.721148 3.937008 0.000000 7.196010 3.937008 0.000000 9.213635 3.937008 7.041184 9.213635 0.000000 7.041184 8.798793 3.937008 7.480315 8.798793 -0.000000 7.480315 21.689650 1.968504 0.000000 19.721148 3.937008 0.000000 19.721148 0.000000 0.000000 9.164514 1.968504 0.000000 7.196010 -0.000000 0.000000 7.196010 3.937008 0.000000 23.973114 1.968504 0.787402 21.689650 1.968504 0.000000 22.004612 0.000000 0.787402 19.721148 0.000000 0.000000 25.727924 1.968504 5.174428 23.973114 1.968504 0.787402 24.051853 0.000000 5.905512 22.004612 0.000000 0.787402 24.051853 0.000000 5.905512 9.586194 0.000000 5.905512 24.051853 3.937008 5.905512 9.586194 3.937008 5.905512 9.586194 0.393701 5.905512 9.586194 3.543307 5.905512 8.798793 3.937008 7.929631 8.798793 3.937008 7.480315 8.798793 -0.000000 7.929631 8.798793 -0.000000 7.480315 8.798793 -0.000000 7.929631 -23.084898 -0.000000 0.000001 8.798793 3.937008 7.929631 -23.084898 3.937007 0.000001 9.164514 1.968504 0.000000 7.196010 3.937008 0.000000 7.196010 -0.000000 0.000000 5.767716 3.937008 0.000000 -23.084898 -0.000000 0.000001 -23.084898 3.937007 0.000001 24.051853 3.937008 5.905512 22.004610 3.937008 0.787402 25.727924 1.968504 5.174428 23.973114 1.968504 0.787402 23.973114 1.968504 0.787402 22.004610 3.937008 0.787402 21.689650 1.968504 0.000000 19.721148 3.937008 0.000000 24.051853 0.000000 5.905512 24.051853 3.937008 5.905512 25.727924 1.968504 5.174428 "
											            />
										</IndexedFaceSet>
									</Shape>
								</Group>
							</Transform>
						</Transform>
						<Transform DEF="group_75_002_TRANSFORM"
						           translation="-135.148590 60.008308 -112.251015"
						           scale="-1.000000 -1.000000 -1.000000"
						           rotation="-0.923880 0.382683 -0.000000 3.141593"
						           >
							<Transform DEF="group_75_002_ifs_TRANSFORM"
							           translation="0.000004 0.000005 0.000001"
							           scale="1.000000 1.000000 1.000000"
							           rotation="0.000000 1.000000 0.000000 0.000000"
							           >
								<Group DEF="group_ME_ID644">
									<Shape>
										<Appearance>
										</Appearance>
										<IndexedFaceSet solid="false"
										                coordIndex="0 1 2 -1 3 2 1 -1 4 5 6 -1 5 7 6 -1 7 8 6 -1 8 9 6 -1 9 10 6 -1 10 11 6 -1 11 12 6 -1 13 14 15 -1 6 12 16 -1 12 15 16 -1 15 14 16 -1 14 17 16 -1 16 17 18 -1 17 19 18 -1 19 20 18 -1 21 18 20 -1 22 23 24 -1 24 23 25 -1 25 23 13 -1 14 13 23 -1 19 26 20 -1 20 26 27 -1 27 26 28 -1 28 26 29 -1 26 30 29 -1 29 30 31 -1 32 31 30 -1 33 34 1 -1 3 1 34 -1 35 36 37 -1 36 38 37 -1 37 38 39 -1 38 40 39 -1 39 40 41 -1 40 42 41 -1 41 42 43 -1 42 44 43 -1 43 44 45 -1 44 46 45 -1 45 46 47 -1 46 48 47 -1 47 48 49 -1 50 49 48 -1 2 51 0 -1 52 0 51 -1 53 54 55 -1 56 55 54 -1 57 58 59 -1 59 58 60 -1 61 60 58 -1 62 63 64 -1 65 64 63 -1 66 67 68 -1 69 68 67 -1 70 71 72 -1 73 72 71 -1 74 75 76 -1 77 76 75 -1 78 79 80 -1 81 80 79 -1 82 83 84 -1 85 84 83 -1 86 87 88 -1 87 89 88 -1 89 90 88 -1 91 88 90 -1 92 93 94 -1 95 94 93 -1 96 97 98 -1 99 98 97 -1 97 100 99 -1 101 99 100 -1 101 100 102 -1 103 102 100 -1 104 105 106 -1 107 106 105 -1 108 109 110 -1 111 110 109 -1 112 113 114 -1 115 114 113 -1 116 117 118 -1 119 118 117 -1 120 121 122 -1 123 122 121 -1 121 124 123 -1 125 123 126 -1 123 124 126 -1 127 126 124 -1 128 129 130 -1 131 130 129 -1 132 133 134 -1 135 134 133 -1 136 137 138 -1 139 138 137 -1 140 141 138 -1 136 138 141 -1 142 143 140 -1 141 140 143 -1 144 145 146 -1 147 146 145 -1 55 56 144 -1 145 144 56 -1 148 149 150 -1 151 150 149 -1 152 153 154 -1 155 154 153 -1 156 157 158 -1 159 158 157 -1 160 161 162 -1 163 162 161 -1 164 165 166 -1 165 167 166 -1 167 168 166 -1 169 170 168 -1 166 168 170 -1 171 172 173 -1 172 174 173 -1 173 174 175 -1 175 174 176 -1 176 174 177 -1 177 174 178 -1 178 174 179 -1 174 180 179 -1 179 180 169 -1 169 180 170 -1 170 180 181 -1 180 182 181 -1 181 182 183 -1 183 182 184 -1 185 184 182 -1 183 184 186 -1 184 187 186 -1 187 188 186 -1 188 189 186 -1 190 186 189 -1 191 189 188 -1 192 193 194 -1 195 194 193 -1 196 197 198 -1 197 199 198 -1 198 199 200 -1 199 201 200 -1 200 201 202 -1 201 203 202 -1 202 203 204 -1 203 205 204 -1 204 205 206 -1 205 207 206 -1 206 207 208 -1 207 209 208 -1 208 209 210 -1 211 210 209 -1 212 213 214 -1 215 214 213 -1 216 217 218 -1 219 218 217 -1 220 221 222 -1 223 222 221 -1 224 225 226 -1 227 226 225 -1 228 229 230 -1 231 230 229 -1 232 233 228 -1 229 228 233 -1 234 233 235 -1 232 235 233 -1 236 237 238 -1 239 238 237 -1 240 241 242 -1 243 242 241 -1 194 195 242 -1 240 242 195 -1 "
										                >
											<Coordinate DEF="coords_ME_ID644"
											            point="56.599442 0.393701 4.882647 57.031754 0.393701 5.314961 56.599442 0.000000 4.882647 57.031754 0.000000 5.314960 26.150623 0.000000 8.267716 34.351410 0.000000 8.267716 24.500654 0.000000 8.267716 34.351410 0.000000 7.480315 33.936569 0.000000 7.041184 33.666405 0.000000 6.500865 33.564007 0.000000 5.905511 33.722248 0.000000 5.314960 34.154560 0.000000 4.882647 56.008892 0.000000 4.724409 61.914402 0.000000 3.543307 34.745113 0.000000 4.724409 0.000000 0.000000 2.174283 61.284481 0.000000 2.125984 0.642068 0.000000 1.092609 60.024635 0.000000 1.062992 3.021151 0.000000 0.714986 1.774738 0.000000 0.545499 57.189991 0.000000 5.905511 61.914402 0.000000 5.905511 57.031754 0.000000 5.314960 56.599442 0.000000 4.882647 58.134872 0.000000 0.354331 4.062733 0.000000 0.273050 5.168203 0.000000 0.031933 6.299213 0.000000 0.000000 55.615189 0.000000 0.000000 12.930551 0.000000 0.000000 51.678185 0.000000 0.000000 57.189991 0.393701 5.905512 57.189991 0.000000 5.905511 34.351410 0.393701 8.267716 56.402588 0.393701 8.267716 34.351410 0.393701 7.480315 56.402588 0.393701 7.480315 33.936569 0.393701 7.041184 56.817432 0.393701 7.041184 33.666405 0.393701 6.500865 57.087593 0.393701 6.500865 33.564011 0.393701 5.905512 57.189991 0.393701 5.905512 33.722248 0.393701 5.314961 57.031754 0.393701 5.314961 34.154560 0.393701 4.882647 56.599442 0.393701 4.882647 34.745113 0.393701 4.724409 56.008892 0.393701 4.724409 56.008892 0.000000 4.724409 56.008892 0.393701 4.724409 6.299213 0.000000 0.000000 6.299213 3.937008 0.000000 5.168203 0.000000 0.031933 5.168203 3.937008 0.031933 51.678185 0.000000 0.000000 51.678185 3.937008 0.000000 12.930551 0.000000 0.000000 6.299213 0.000000 0.000000 6.299213 3.937008 0.000000 55.615189 3.937008 0.000000 51.678185 3.937008 0.000000 55.615189 0.000000 0.000000 51.678185 0.000000 0.000000 58.134872 0.000000 0.354331 58.134872 3.937008 0.354331 55.615189 0.000000 0.000000 55.615189 3.937008 0.000000 60.024635 0.000000 1.062992 60.024635 3.937008 1.062992 58.134872 0.000000 0.354331 58.134872 3.937008 0.354331 61.284481 0.000000 2.125984 61.284481 3.937008 2.125984 60.024635 0.000000 1.062992 60.024635 3.937008 1.062992 61.914402 3.937008 3.543307 61.284481 3.937008 2.125984 61.914402 0.000000 3.543307 61.284481 0.000000 2.125984 61.914402 3.937008 5.905511 61.914402 3.937008 3.543307 61.914402 0.000000 5.905511 61.914402 0.000000 3.543307 61.914402 0.000000 5.905511 57.189991 0.000000 5.905511 61.914402 3.937008 5.905511 57.189991 0.393701 5.905512 57.189991 3.543307 5.905512 57.189991 3.937008 5.905512 56.008892 0.000000 4.724409 34.745113 0.000000 4.724409 56.008892 0.393701 4.724409 34.745113 0.393701 4.724409 34.745113 0.000000 4.724409 34.154560 0.000000 4.882647 34.745113 0.393701 4.724409 34.154560 0.393701 4.882647 33.722248 0.000000 5.314960 33.722248 0.393701 5.314961 33.564011 0.393701 5.905512 33.564007 0.000000 5.905511 33.666405 0.393701 6.500865 33.564011 0.393701 5.905512 33.666405 0.000000 6.500865 33.564007 0.000000 5.905511 33.666405 0.393701 6.500865 33.666405 0.000000 6.500865 33.936569 0.393701 7.041184 33.936569 0.000000 7.041184 33.936569 0.393701 7.041184 33.936569 0.000000 7.041184 34.351410 0.393701 7.480315 34.351410 0.000000 7.480315 34.351410 0.393701 8.267716 34.351410 0.393701 7.480315 34.351410 0.000000 8.267716 34.351410 0.000000 7.480315 56.402588 0.393701 8.267716 34.351410 0.393701 8.267716 56.402588 3.543307 8.267716 34.351410 3.543307 8.267716 34.351410 0.000000 8.267716 34.351410 3.937008 8.267716 26.150621 3.937008 8.267716 26.150623 0.000000 8.267716 26.150623 0.000000 8.267716 24.500654 0.000000 8.267716 26.150621 3.937008 8.267716 24.500654 3.937008 8.267716 24.500654 0.000000 8.267716 0.000000 0.000000 2.174283 24.500654 3.937008 8.267716 -0.000000 3.937008 2.174283 0.642068 3.937008 1.092609 -0.000000 3.937008 2.174283 0.642068 0.000000 1.092609 0.000000 0.000000 2.174283 1.774738 0.000000 0.545499 1.774738 3.937008 0.545499 3.021151 0.000000 0.714986 3.021151 3.937008 0.714986 4.062733 0.000000 0.273050 4.062733 3.937008 0.273050 3.021151 0.000000 0.714986 3.021151 3.937008 0.714986 57.087593 3.543307 6.500865 57.189991 3.543307 5.905512 57.087593 0.393701 6.500865 57.189991 0.393701 5.905512 57.087593 3.543307 6.500865 57.087593 0.393701 6.500865 56.817436 3.543307 7.041184 56.817432 0.393701 7.041184 56.817436 3.543307 7.041184 56.817432 0.393701 7.041184 56.402588 3.543307 7.480315 56.402588 0.393701 7.480315 56.402588 3.543307 8.267716 56.402588 3.543307 7.480315 56.402588 0.393701 8.267716 56.402588 0.393701 7.480315 57.189991 3.937008 5.905512 57.031754 3.937008 5.314961 61.914402 3.937008 5.905511 56.599442 3.937008 4.882647 56.008892 3.937008 4.724409 34.745113 3.937008 4.724409 61.914402 3.937008 3.543307 34.351410 3.937008 8.267716 26.150621 3.937008 8.267716 34.351410 3.937008 7.480315 24.500654 3.937008 8.267716 33.936569 3.937008 7.041184 33.666405 3.937008 6.500865 33.564011 3.937008 5.905512 33.722248 3.937008 5.314961 34.154560 3.937008 4.882647 -0.000000 3.937008 2.174283 61.284481 3.937008 2.125984 0.642068 3.937008 1.092609 60.024635 3.937008 1.062992 3.021151 3.937008 0.714986 1.774738 3.937008 0.545499 58.134872 3.937008 0.354331 4.062733 3.937008 0.273050 5.168203 3.937008 0.031933 51.678185 3.937008 0.000000 55.615189 3.937008 0.000000 6.299213 3.937008 0.000000 57.189991 3.937008 5.905512 57.189991 3.543307 5.905512 57.031754 3.937008 5.314961 57.031754 3.543307 5.314961 56.402588 3.543307 8.267716 34.351410 3.543307 8.267716 56.402588 3.543307 7.480315 34.351410 3.543307 7.480315 56.817436 3.543307 7.041184 33.936569 3.543307 7.041184 57.087593 3.543307 6.500865 33.666405 3.543307 6.500865 57.189991 3.543307 5.905512 33.564011 3.543307 5.905512 57.031754 3.543307 5.314961 33.722248 3.543307 5.314961 56.599442 3.543307 4.882647 34.154560 3.543307 4.882647 56.008892 3.543307 4.724409 34.745113 3.543307 4.724409 34.351410 3.937008 8.267716 34.351410 3.937008 7.480315 34.351410 3.543307 8.267716 34.351410 3.543307 7.480315 33.936569 3.937008 7.041184 33.936569 3.543307 7.041184 34.351410 3.937008 7.480315 34.351410 3.543307 7.480315 33.666405 3.937008 6.500865 33.666405 3.543307 6.500865 33.936569 3.937008 7.041184 33.936569 3.543307 7.041184 33.666405 3.937008 6.500865 33.564011 3.937008 5.905512 33.666405 3.543307 6.500865 33.564011 3.543307 5.905512 33.722248 3.937008 5.314961 33.722248 3.543307 5.314961 33.564011 3.937008 5.905512 33.564011 3.543307 5.905512 34.154560 3.937008 4.882647 34.154560 3.543307 4.882647 34.745113 3.543307 4.724409 34.745113 3.937008 4.724409 56.008892 3.543307 4.724409 34.745113 3.543307 4.724409 56.008892 3.937008 4.724409 34.745113 3.937008 4.724409 56.599442 3.543307 4.882647 56.008892 3.543307 4.724409 56.599442 3.937008 4.882647 56.008892 3.937008 4.724409 "
											            />
										</IndexedFaceSet>
									</Shape>
								</Group>
							</Transform>
						</Transform>
						<Transform DEF="group_76_002_TRANSFORM"
						           translation="-150.263855 80.372757 -103.988503"
						           scale="-1.000000 -1.000000 -1.000000"
						           rotation="0.707107 0.707107 -0.000000 3.141593"
						           >
							<Transform DEF="group_76_002_ifs_TRANSFORM"
							           translation="0.000002 0.000000 0.000000"
							           scale="1.000000 1.000000 1.000000"
							           rotation="0.000000 1.000000 0.000000 0.000000"
							           >
								<Group DEF="group_ME_ID651_001">
									<Shape>
										<Appearance>
										</Appearance>
										<IndexedFaceSet solid="false"
										                coordIndex="0 1 2 -1 3 2 1 -1 4 5 6 -1 7 6 5 -1 8 9 10 -1 10 9 11 -1 11 9 12 -1 12 9 13 -1 14 13 9 -1 15 16 17 -1 17 16 18 -1 16 19 18 -1 18 19 20 -1 20 19 8 -1 9 8 19 -1 21 22 23 -1 24 23 22 -1 25 26 27 -1 28 27 26 -1 29 30 31 -1 30 32 31 -1 32 33 31 -1 33 34 31 -1 31 34 35 -1 34 36 35 -1 35 36 27 -1 27 36 25 -1 37 25 36 -1 38 39 40 -1 41 40 39 -1 42 43 44 -1 45 44 43 -1 46 47 48 -1 49 48 47 -1 50 51 52 -1 53 52 51 -1 54 55 56 -1 57 56 55 -1 58 59 60 -1 61 60 59 -1 62 63 64 -1 65 64 63 -1 66 67 68 -1 69 68 67 -1 70 71 72 -1 71 73 72 -1 73 74 72 -1 75 72 74 -1 73 76 74 -1 77 74 76 -1 76 78 77 -1 77 78 79 -1 78 80 79 -1 81 79 80 -1 82 83 84 -1 85 86 87 -1 87 86 88 -1 88 86 82 -1 86 89 82 -1 83 82 89 -1 90 91 92 -1 91 93 92 -1 92 93 94 -1 93 95 94 -1 96 94 95 -1 97 91 90 -1 98 99 100 -1 101 100 99 -1 98 102 99 -1 99 102 103 -1 104 103 102 -1 105 106 107 -1 108 109 110 -1 110 109 111 -1 109 112 111 -1 113 111 112 -1 114 109 108 -1 115 116 117 -1 118 117 116 -1 119 120 121 -1 122 121 120 -1 123 124 125 -1 126 125 124 -1 127 128 129 -1 130 129 128 -1 131 132 133 -1 133 132 134 -1 135 134 132 -1 136 137 138 -1 139 138 137 -1 140 141 142 -1 143 142 141 -1 144 145 146 -1 147 146 145 -1 148 149 150 -1 151 150 149 -1 152 153 154 -1 155 154 153 -1 "
										                >
											<Coordinate DEF="coords_ME_ID651_001"
											            point="21.496063 3.937008 0.787402 21.496063 3.937008 0.000000 21.496063 0.000000 0.787402 21.496063 0.000000 0.000000 21.496063 3.937008 0.000000 19.928736 3.937008 0.000000 21.496063 0.000000 0.000000 19.928736 0.000000 -0.000000 21.692913 3.937008 5.905512 5.833731 3.937008 5.131361 22.086615 3.937008 5.905512 22.086615 3.937008 0.787402 21.496063 3.937008 0.787402 21.496063 3.937008 0.000000 19.928736 3.937008 0.000000 20.905512 3.937008 8.267716 1.248452 3.937008 8.267716 20.905512 3.937008 7.480315 21.320354 3.937008 7.041184 1.248452 3.937008 6.800656 21.590513 3.937008 6.500865 22.086615 0.000000 0.787402 22.086615 3.937008 0.787402 21.496063 0.000000 0.787402 21.496063 3.937008 0.787402 21.496063 0.000000 0.787402 21.496063 0.000000 0.000000 5.833731 -0.000000 5.131361 19.928736 0.000000 -0.000000 20.905512 0.000000 8.267716 20.905512 0.000000 7.480315 5.185460 0.000000 8.267716 21.320354 0.000000 7.041184 21.590515 0.000000 6.500865 21.692913 0.000000 5.905512 5.185460 -0.000000 5.367367 22.086615 0.000000 5.905512 22.086615 0.000000 0.787402 19.928736 3.937008 0.000000 5.833731 3.937008 5.131361 19.928736 0.000000 -0.000000 5.833731 -0.000000 5.131361 5.833731 -0.000000 5.131361 5.833731 3.937008 5.131361 5.185460 -0.000000 5.367367 1.248452 3.937008 6.800656 1.248452 3.937008 8.267716 5.185460 0.000000 8.267716 1.248452 3.937008 6.800656 5.185460 -0.000000 5.367367 20.905512 0.000000 8.267716 5.185460 0.000000 8.267716 20.905512 3.937008 8.267716 1.248452 3.937008 8.267716 20.905512 3.937008 8.267716 20.905512 3.937008 7.480315 20.905512 0.000000 8.267716 20.905512 0.000000 7.480315 21.320354 3.937008 7.041184 21.320354 0.000000 7.041184 20.905512 3.937008 7.480315 20.905512 0.000000 7.480315 21.590513 3.937008 6.500865 21.590515 0.000000 6.500865 21.320354 3.937008 7.041184 21.320354 0.000000 7.041184 21.692913 3.937008 5.905512 21.692913 0.000000 5.905512 21.590513 3.937008 6.500865 21.590515 0.000000 6.500865 32.221565 0.000000 5.905512 26.023623 0.000000 5.905512 32.221565 3.937008 5.905512 26.023623 0.393701 5.905512 26.023623 3.543307 5.905512 26.023623 3.937008 5.905512 22.086615 0.393701 5.905512 22.086615 3.543307 5.905512 22.086615 0.000000 5.905512 22.086615 3.937008 5.905512 21.692913 0.000000 5.905512 21.692913 3.937008 5.905512 22.086615 0.393701 1.968504 22.086615 0.000000 5.905512 22.086615 0.393701 5.905512 22.086615 3.937008 5.905512 22.086615 3.937008 0.787402 22.086615 3.543307 5.905512 22.086615 3.543307 1.968504 22.086615 0.000000 0.787402 26.023623 3.937008 5.905512 26.023623 3.543307 1.968504 26.023623 3.937008 0.787402 26.023623 0.393701 1.968504 26.023623 0.000000 0.787402 26.023623 0.393701 5.905512 26.023623 0.000000 5.905512 26.023623 3.543307 5.905512 32.221565 0.000000 5.905512 26.614172 0.000000 0.787402 26.023623 0.000000 5.905512 26.023623 0.000000 0.787402 30.174322 0.000000 0.787402 26.614172 0.000000 0.000000 27.890860 0.000000 0.000000 32.221565 0.000000 5.905512 32.221565 3.937008 5.905512 33.897636 1.968504 5.174428 26.023623 3.937008 5.905512 26.614172 3.937008 0.787402 32.221565 3.937008 5.905512 30.174322 3.937008 0.787402 26.614172 3.937008 0.000000 27.890860 3.937008 0.000000 26.023623 3.937008 0.787402 26.023623 3.543307 5.905512 22.086615 3.543307 5.905512 26.023623 3.543307 1.968504 22.086615 3.543307 1.968504 22.086615 0.393701 5.905512 26.023623 0.393701 5.905512 22.086615 0.393701 1.968504 26.023623 0.393701 1.968504 26.023623 0.393701 1.968504 26.023623 3.543307 1.968504 22.086615 0.393701 1.968504 22.086615 3.543307 1.968504 26.614172 0.000000 0.787402 26.614172 3.937008 0.787402 26.023623 0.000000 0.787402 26.023623 3.937008 0.787402 29.859362 1.968504 0.000000 27.890860 3.937008 0.000000 27.890860 0.000000 0.000000 26.614172 0.000000 0.000000 26.614172 3.937008 0.000000 32.142826 1.968504 0.787402 29.859362 1.968504 0.000000 30.174322 0.000000 0.787402 27.890860 0.000000 0.000000 33.897636 1.968504 5.174428 32.142826 1.968504 0.787402 32.221565 0.000000 5.905512 30.174322 0.000000 0.787402 26.614172 3.937008 0.000000 26.614172 3.937008 0.787402 26.614172 0.000000 0.000000 26.614172 0.000000 0.787402 33.897636 1.968504 5.174428 32.221565 3.937008 5.905512 32.142826 1.968504 0.787402 30.174322 3.937008 0.787402 32.142826 1.968504 0.787402 30.174322 3.937008 0.787402 29.859362 1.968504 0.000000 27.890860 3.937008 0.000000 "
											            />
										</IndexedFaceSet>
									</Shape>
								</Group>
							</Transform>
						</Transform>
						<Transform DEF="group_77_002_TRANSFORM"
						           translation="-152.665421 77.971176 -103.988503"
						           scale="1.000000 1.000000 1.000000"
						           rotation="0.000000 1.000000 0.000000 0.000000"
						           >
							<Transform DEF="group_77_002_ifs_TRANSFORM"
							           translation="-0.000001 -0.000001 0.000000"
							           scale="1.000000 1.000000 1.000000"
							           rotation="0.000000 1.000000 0.000000 0.000000"
							           >
								<Group DEF="group_ME_ID658">
									<Shape>
										<Appearance>
										</Appearance>
										<IndexedFaceSet solid="false"
										                coordIndex="0 1 2 -1 1 0 3 -1 4 5 6 -1 5 4 7 -1 8 9 10 -1 9 8 11 -1 11 8 12 -1 12 8 13 -1 12 13 14 -1 14 13 15 -1 10 16 17 -1 16 10 18 -1 18 10 19 -1 19 10 20 -1 20 10 9 -1 21 22 23 -1 22 21 24 -1 25 26 27 -1 26 25 28 -1 28 25 29 -1 29 25 30 -1 29 30 31 -1 31 30 32 -1 31 32 33 -1 31 33 34 -1 31 34 35 -1 36 28 37 -1 28 36 26 -1 38 39 40 -1 39 38 41 -1 42 43 44 -1 43 42 45 -1 46 47 48 -1 47 46 49 -1 50 51 52 -1 51 50 53 -1 54 55 56 -1 55 54 57 -1 58 59 60 -1 59 58 61 -1 62 63 64 -1 63 62 65 -1 66 67 68 -1 67 66 69 -1 70 71 72 -1 71 70 73 -1 71 73 74 -1 74 73 75 -1 75 76 74 -1 76 75 77 -1 76 78 79 -1 78 76 77 -1 78 77 80 -1 78 80 81 -1 82 83 84 -1 83 82 85 -1 83 85 86 -1 86 85 87 -1 87 85 88 -1 89 84 83 -1 90 91 92 -1 93 94 95 -1 94 93 96 -1 94 96 97 -1 97 96 91 -1 97 91 90 -1 98 99 100 -1 99 98 101 -1 101 98 102 -1 101 103 104 -1 103 101 102 -1 105 106 107 -1 108 109 110 -1 111 112 113 -1 112 111 109 -1 112 109 114 -1 114 109 108 -1 115 116 117 -1 116 115 118 -1 119 120 121 -1 120 119 122 -1 123 124 125 -1 124 123 126 -1 127 128 129 -1 128 127 130 -1 131 132 133 -1 132 131 134 -1 134 131 135 -1 136 137 138 -1 137 136 139 -1 140 141 142 -1 141 140 143 -1 144 145 146 -1 145 144 147 -1 148 149 150 -1 149 148 151 -1 152 153 154 -1 153 152 155 -1 "
										                >
											<Coordinate DEF="coords_ME_ID658"
											            point="21.496063 3.937008 0.000000 21.496063 0.000000 0.787402 21.496063 0.000000 0.000000 21.496063 3.937008 0.787402 19.928736 3.937008 0.000000 21.496063 0.000000 0.000000 19.928736 0.000000 -0.000000 21.496063 3.937008 0.000000 1.248452 3.937008 6.800656 21.692913 3.937008 5.905512 5.833731 3.937008 5.131361 21.590513 3.937008 6.500865 21.320354 3.937008 7.041184 1.248452 3.937008 8.267716 20.905512 3.937008 7.480315 20.905512 3.937008 8.267716 21.496063 3.937008 0.000000 19.928736 3.937008 0.000000 21.496063 3.937008 0.787402 22.086615 3.937008 0.787402 22.086615 3.937008 5.905512 22.086615 3.937008 0.787402 21.496063 0.000000 0.787402 21.496063 3.937008 0.787402 22.086615 0.000000 0.787402 22.086615 0.000000 5.905512 21.496063 0.000000 0.787402 22.086615 0.000000 0.787402 5.833731 -0.000000 5.131361 5.185460 -0.000000 5.367367 21.692913 0.000000 5.905512 5.185460 0.000000 8.267716 21.590515 0.000000 6.500865 21.320354 0.000000 7.041184 20.905512 0.000000 7.480315 20.905512 0.000000 8.267716 21.496063 0.000000 0.000000 19.928736 0.000000 -0.000000 5.833731 3.937008 5.131361 19.928736 0.000000 -0.000000 5.833731 -0.000000 5.131361 19.928736 3.937008 0.000000 5.833731 3.937008 5.131361 5.185460 -0.000000 5.367367 1.248452 3.937008 6.800656 5.833731 -0.000000 5.131361 5.185460 0.000000 8.267716 1.248452 3.937008 6.800656 5.185460 -0.000000 5.367367 1.248452 3.937008 8.267716 5.185460 0.000000 8.267716 20.905512 3.937008 8.267716 1.248452 3.937008 8.267716 20.905512 0.000000 8.267716 20.905512 3.937008 7.480315 20.905512 0.000000 8.267716 20.905512 0.000000 7.480315 20.905512 3.937008 8.267716 21.320354 0.000000 7.041184 20.905512 3.937008 7.480315 20.905512 0.000000 7.480315 21.320354 3.937008 7.041184 21.590515 0.000000 6.500865 21.320354 3.937008 7.041184 21.320354 0.000000 7.041184 21.590513 3.937008 6.500865 21.692913 0.000000 5.905512 21.590513 3.937008 6.500865 21.590515 0.000000 6.500865 21.692913 3.937008 5.905512 21.692913 0.000000 5.905512 22.086615 3.937008 5.905512 21.692913 3.937008 5.905512 22.086615 0.000000 5.905512 22.086615 3.543307 5.905512 22.086615 0.393701 5.905512 26.023623 3.543307 5.905512 26.023623 0.393701 5.905512 32.221565 3.937008 5.905512 26.023623 3.937008 5.905512 26.023623 0.000000 5.905512 32.221565 0.000000 5.905512 22.086615 0.000000 0.787402 22.086615 0.393701 1.968504 22.086615 0.000000 5.905512 22.086615 3.937008 0.787402 22.086615 3.543307 1.968504 22.086615 3.543307 5.905512 22.086615 3.937008 5.905512 22.086615 0.393701 5.905512 26.023623 3.937008 5.905512 26.023623 3.543307 1.968504 26.023623 3.543307 5.905512 26.023623 0.393701 5.905512 26.023623 0.000000 0.787402 26.023623 0.000000 5.905512 26.023623 0.393701 1.968504 26.023623 3.937008 0.787402 30.174322 0.000000 0.787402 26.614172 0.000000 0.000000 27.890860 0.000000 0.000000 26.614172 0.000000 0.787402 32.221565 0.000000 5.905512 26.023623 0.000000 5.905512 26.023623 0.000000 0.787402 33.897636 1.968504 5.174428 32.221565 3.937008 5.905512 32.221565 0.000000 5.905512 26.023623 3.937008 5.905512 26.614172 3.937008 0.787402 26.023623 3.937008 0.787402 26.614172 3.937008 0.000000 30.174322 3.937008 0.787402 27.890860 3.937008 0.000000 32.221565 3.937008 5.905512 22.086615 3.543307 5.905512 26.023623 3.543307 1.968504 22.086615 3.543307 1.968504 26.023623 3.543307 5.905512 26.023623 0.393701 5.905512 22.086615 0.393701 1.968504 26.023623 0.393701 1.968504 22.086615 0.393701 5.905512 26.023623 3.543307 1.968504 22.086615 0.393701 1.968504 22.086615 3.543307 1.968504 26.023623 0.393701 1.968504 26.614172 3.937008 0.787402 26.023623 0.000000 0.787402 26.023623 3.937008 0.787402 26.614172 0.000000 0.787402 27.890860 3.937008 0.000000 26.614172 0.000000 0.000000 26.614172 3.937008 0.000000 27.890860 0.000000 0.000000 29.859362 1.968504 0.000000 29.859362 1.968504 0.000000 30.174322 0.000000 0.787402 27.890860 0.000000 0.000000 32.142826 1.968504 0.787402 32.142826 1.968504 0.787402 32.221565 0.000000 5.905512 30.174322 0.000000 0.787402 33.897636 1.968504 5.174428 26.614172 3.937008 0.787402 26.614172 0.000000 0.000000 26.614172 0.000000 0.787402 26.614172 3.937008 0.000000 32.221565 3.937008 5.905512 32.142826 1.968504 0.787402 30.174322 3.937008 0.787402 33.897636 1.968504 5.174428 30.174322 3.937008 0.787402 29.859362 1.968504 0.000000 27.890860 3.937008 0.000000 32.142826 1.968504 0.787402 "
											            />
										</IndexedFaceSet>
									</Shape>
								</Group>
							</Transform>
						</Transform>
						<Transform DEF="group_78_002_TRANSFORM"
						           translation="-150.263855 94.442039 -115.071983"
						           scale="-1.000000 -1.000000 -1.000000"
						           rotation="0.707107 0.707107 -0.000000 3.141593"
						           >
						</Transform>
						<Transform DEF="group_79_002_TRANSFORM"
						           translation="-166.734711 81.908188 -115.071983"
						           scale="-1.000000 -1.000000 -1.000000"
						           rotation="-0.000000 1.000000 -0.000000 3.141593"
						           >
						</Transform>
						<Transform DEF="group_80_002_TRANSFORM"
						           translation="-179.845490 110.272987 -122.385857"
						           scale="-1.000000 -1.000000 -1.000000"
						           rotation="0.382611 0.923704 -0.019495 3.047533"
						           >
						</Transform>
						<Transform DEF="group_81_002_TRANSFORM"
						           translation="-178.434509 108.862000 -114.362556"
						           scale="-1.000000 -1.000000 -1.000000"
						           rotation="0.382611 0.923704 -0.019495 3.047533"
						           >
							<Transform DEF="group_82_002_TRANSFORM"
							           translation="-12.913173 2.388619 22.959272"
							           scale="-1.000000 -1.000000 -1.000000"
							           rotation="0.382611 -0.923704 -0.019495 3.047533"
							           >
								<Transform DEF="group_82_002_ifs_TRANSFORM"
								           translation="0.000000 0.000000 -0.000000"
								           scale="1.000000 1.000000 1.000000"
								           rotation="-0.000000 0.000000 0.000000 0.000000"
								           >
									<Group DEF="group_ME_ID686">
										<Shape>
											<Appearance>
											</Appearance>
											<IndexedFaceSet solid="false"
											                coordIndex="0 1 2 -1 3 2 1 -1 4 5 6 -1 7 6 5 -1 8 9 10 -1 11 10 9 -1 12 13 14 -1 15 14 13 -1 16 17 18 -1 19 18 17 -1 20 21 22 -1 23 22 21 -1 "
											                >
												<Coordinate DEF="coords_ME_ID686"
												            point="0.000000 3.937008 3.590089 2.000421 3.937008 9.146471 0.000000 0.000000 3.590089 2.000421 0.000000 9.146471 2.000421 0.000000 9.146471 11.972275 0.000000 5.556383 0.000000 0.000000 3.590089 9.971854 0.000000 0.000000 11.972275 3.937008 5.556383 11.972275 0.000000 5.556383 2.000421 3.937008 9.146471 2.000421 0.000000 9.146471 2.000421 3.937008 9.146471 0.000000 3.937008 3.590089 11.972275 3.937008 5.556383 9.971854 3.937008 0.000000 9.971854 3.937008 0.000000 0.000000 3.937008 3.590089 9.971854 0.000000 0.000000 0.000000 0.000000 3.590089 9.971854 3.937008 0.000000 9.971854 0.000000 0.000000 11.972275 3.937008 5.556383 11.972275 0.000000 5.556383 "
												            />
											</IndexedFaceSet>
										</Shape>
									</Group>
								</Transform>
							</Transform>
						</Transform>
						<Transform DEF="group_83_002_TRANSFORM"
						           translation="-116.011879 93.719215 -103.988503"
						           scale="-1.000000 -1.000000 -1.000000"
						           rotation="0.707107 0.707107 -0.000000 3.141593"
						           >
							<Transform DEF="group_84_002_TRANSFORM"
							           translation="10.679344 74.451736 -21.249290"
							           scale="-1.000000 -1.000000 -1.000000"
							           rotation="-0.000000 1.000000 -0.000000 3.141593"
							           >
								<Transform DEF="group_84_002_ifs_TRANSFORM"
								           translation="0.000000 0.000000 0.000000"
								           scale="1.000000 1.000000 1.000000"
								           rotation="0.000000 1.000000 0.000000 0.000000"
								           >
									<Group DEF="group_ME_ID702">
										<Shape>
											<Appearance>
											</Appearance>
											<IndexedFaceSet solid="false"
											                coordIndex="0 1 2 -1 3 2 1 -1 4 5 6 -1 5 7 6 -1 7 8 6 -1 6 8 9 -1 9 8 10 -1 10 8 11 -1 11 8 12 -1 8 13 12 -1 13 14 12 -1 12 14 15 -1 15 14 16 -1 16 14 17 -1 18 17 19 -1 17 14 19 -1 19 14 20 -1 20 14 21 -1 21 14 22 -1 22 14 23 -1 23 14 24 -1 14 25 24 -1 24 25 26 -1 26 25 27 -1 27 25 28 -1 29 28 30 -1 28 25 30 -1 30 25 31 -1 31 25 32 -1 32 25 33 -1 25 34 33 -1 33 34 35 -1 35 34 36 -1 36 34 37 -1 38 37 39 -1 37 34 39 -1 39 34 40 -1 40 34 41 -1 41 34 42 -1 42 34 43 -1 43 34 44 -1 34 45 44 -1 44 45 46 -1 46 45 47 -1 47 45 48 -1 45 49 48 -1 48 49 50 -1 49 51 50 -1 51 52 50 -1 50 52 53 -1 54 53 52 -1 55 56 57 -1 56 58 57 -1 57 58 59 -1 60 59 58 -1 61 62 63 -1 62 64 63 -1 64 65 63 -1 65 66 63 -1 66 67 63 -1 68 63 67 -1 69 70 71 -1 72 71 70 -1 73 74 75 -1 76 75 74 -1 77 78 79 -1 80 79 78 -1 81 82 83 -1 84 83 82 -1 85 86 87 -1 88 87 86 -1 89 90 91 -1 92 91 90 -1 93 94 95 -1 96 95 97 -1 95 94 97 -1 97 94 98 -1 99 98 94 -1 95 96 100 -1 101 102 103 -1 104 103 102 -1 105 106 107 -1 108 109 106 -1 106 109 107 -1 107 109 110 -1 111 110 109 -1 112 113 108 -1 108 113 109 -1 109 113 114 -1 114 113 115 -1 116 115 113 -1 117 118 119 -1 120 119 118 -1 121 122 123 -1 124 123 122 -1 125 126 127 -1 128 127 126 -1 129 130 131 -1 132 131 130 -1 133 134 135 -1 136 135 134 -1 137 138 139 -1 140 139 138 -1 141 142 143 -1 144 143 142 -1 145 146 147 -1 148 147 146 -1 149 150 151 -1 152 151 150 -1 153 154 155 -1 156 155 154 -1 157 158 159 -1 160 159 158 -1 161 162 163 -1 164 163 162 -1 165 166 167 -1 168 167 166 -1 169 170 171 -1 172 171 170 -1 173 174 175 -1 176 175 174 -1 177 178 179 -1 180 179 178 -1 181 182 183 -1 184 183 182 -1 185 186 187 -1 188 187 186 -1 189 190 191 -1 192 191 190 -1 193 194 195 -1 196 195 194 -1 197 198 199 -1 200 199 198 -1 201 202 203 -1 202 204 203 -1 205 203 204 -1 206 207 208 -1 209 208 207 -1 210 211 212 -1 213 212 211 -1 214 215 216 -1 217 216 215 -1 218 219 220 -1 221 220 219 -1 222 223 224 -1 225 224 223 -1 226 227 228 -1 229 228 227 -1 230 231 232 -1 233 232 231 -1 234 235 236 -1 236 235 237 -1 238 237 235 -1 239 240 241 -1 242 241 240 -1 243 244 245 -1 244 246 245 -1 247 245 246 -1 248 249 250 -1 251 250 249 -1 252 253 254 -1 255 254 253 -1 256 257 258 -1 259 258 257 -1 260 261 262 -1 263 262 261 -1 264 265 266 -1 267 266 265 -1 268 269 270 -1 271 270 269 -1 272 273 274 -1 275 274 273 -1 276 277 278 -1 279 280 281 -1 281 280 282 -1 282 280 283 -1 280 284 283 -1 284 285 283 -1 285 286 283 -1 286 287 283 -1 283 287 288 -1 288 287 289 -1 287 290 289 -1 290 291 289 -1 291 292 289 -1 293 294 292 -1 292 294 289 -1 294 295 289 -1 295 296 289 -1 296 297 289 -1 297 298 289 -1 298 299 289 -1 289 299 300 -1 299 301 300 -1 301 302 300 -1 302 303 300 -1 304 305 303 -1 303 305 300 -1 305 306 300 -1 306 307 300 -1 307 308 300 -1 300 308 309 -1 308 310 309 -1 310 311 309 -1 311 312 309 -1 313 314 312 -1 312 314 309 -1 314 315 309 -1 315 316 309 -1 316 317 309 -1 317 318 309 -1 318 319 309 -1 309 319 320 -1 319 321 320 -1 321 322 320 -1 322 323 320 -1 320 323 324 -1 323 325 324 -1 324 325 326 -1 326 325 327 -1 327 325 328 -1 329 328 325 -1 330 331 332 -1 333 332 331 -1 334 335 336 -1 336 335 337 -1 337 335 338 -1 338 335 339 -1 339 335 340 -1 341 340 335 -1 342 343 344 -1 345 344 343 -1 346 347 348 -1 349 348 347 -1 350 351 352 -1 352 351 353 -1 353 351 354 -1 354 351 355 -1 355 351 356 -1 357 356 351 -1 358 359 360 -1 361 360 359 -1 362 363 364 -1 363 365 364 -1 365 366 364 -1 366 367 364 -1 367 368 364 -1 369 364 368 -1 370 371 372 -1 373 372 371 -1 374 375 376 -1 377 376 375 -1 378 379 380 -1 381 380 379 -1 382 383 384 -1 385 384 383 -1 386 387 388 -1 389 388 387 -1 390 391 392 -1 393 392 391 -1 394 395 396 -1 397 396 395 -1 398 399 400 -1 401 400 399 -1 402 403 404 -1 405 404 403 -1 406 407 408 -1 409 408 407 -1 410 411 412 -1 413 412 411 -1 414 415 416 -1 417 416 415 -1 418 419 420 -1 421 420 419 -1 422 423 424 -1 425 424 423 -1 426 427 428 -1 429 428 427 -1 430 431 432 -1 433 432 431 -1 434 435 436 -1 437 436 435 -1 438 439 440 -1 441 440 439 -1 442 443 444 -1 445 444 443 -1 446 447 448 -1 449 448 447 -1 450 451 452 -1 453 452 451 -1 454 455 456 -1 457 456 455 -1 458 459 460 -1 461 460 459 -1 462 463 464 -1 465 464 463 -1 "
											                >
												<Coordinate DEF="coords_ME_ID702"
												            point="3.543307 22.440945 5.905512 3.937008 22.440945 5.905512 3.543307 22.282707 5.314961 3.937008 22.282707 5.314961 3.937008 50.000000 3.543307 3.937008 49.475063 2.362205 3.937008 50.000000 5.905512 3.937008 48.425198 1.417323 3.937008 46.850395 0.708661 3.937008 46.062992 5.905512 3.937008 45.904755 5.314961 3.937008 45.472439 4.882647 3.937008 44.881889 4.724409 3.937008 44.750656 0.236220 3.937008 42.125984 0.000000 3.937008 38.976376 4.724409 3.937008 38.385826 4.882647 3.937008 37.953510 5.314961 3.937008 37.795273 5.905512 3.937008 37.401573 5.905512 3.937008 34.251968 5.905512 3.937008 33.858269 5.905512 3.937008 33.700031 5.314961 3.937008 33.267715 4.882647 3.937008 32.677166 4.724409 3.937008 30.314960 0.000000 3.937008 27.559055 4.724409 3.937008 26.968504 4.882647 3.937008 26.536190 5.314961 3.937008 26.377953 5.905512 3.937008 22.440945 5.905512 3.937008 22.282707 5.314961 3.937008 21.850393 4.882647 3.937008 21.259842 4.724409 3.937008 18.110235 0.000000 3.937008 15.354331 4.724409 3.937008 14.763780 4.882647 3.937008 14.331465 5.314961 3.937008 14.173228 5.905512 3.937008 13.779528 5.905512 3.937008 10.629921 5.905512 3.937008 10.236220 5.905512 3.937008 10.077983 5.314961 3.937008 9.645669 4.882647 3.937008 9.055118 4.724409 3.937008 6.299213 0.000000 3.937008 5.118110 4.724409 3.937008 4.527559 4.882647 3.937008 4.095246 5.314961 3.937008 3.779527 0.354331 3.937008 3.937008 5.905512 3.937008 1.889764 1.062992 3.937008 0.629921 2.125984 3.937008 -0.000000 5.905512 3.937008 -0.000000 3.543307 3.937008 22.440945 5.905512 3.543307 22.440945 5.905512 3.937008 26.377953 5.905512 0.393701 22.440945 5.905512 0.000000 26.377953 5.905512 0.000000 22.440945 5.905512 3.543307 22.282707 5.314961 3.543307 21.850393 4.882647 3.543307 22.440945 5.905512 3.543307 21.259842 4.724409 3.543307 15.354331 4.724409 3.543307 14.763780 4.882647 3.543307 14.331465 5.314961 3.543307 14.173228 5.905512 3.937008 22.282707 5.314961 3.937008 21.850393 4.882647 3.543307 22.282707 5.314961 3.543307 21.850393 4.882647 3.937008 21.850393 4.882647 3.937008 21.259842 4.724409 3.543307 21.850393 4.882647 3.543307 21.259842 4.724409 3.937008 21.259842 4.724409 3.937008 15.354331 4.724409 3.543307 21.259842 4.724409 3.543307 15.354331 4.724409 3.937008 15.354331 4.724409 3.937008 14.763780 4.882647 3.543307 15.354331 4.724409 3.543307 14.763780 4.882647 3.937008 14.331465 5.314961 3.543307 14.331465 5.314961 3.937008 14.763780 4.882647 3.543307 14.763780 4.882647 3.937008 14.173228 5.905512 3.543307 14.173228 5.905512 3.937008 14.331465 5.314961 3.543307 14.331465 5.314961 3.937008 14.173228 5.905512 3.937008 13.779528 5.905512 3.543307 14.173228 5.905512 0.393701 22.440945 5.905512 0.393701 14.173228 5.905512 0.000000 14.173228 5.905512 0.000000 13.779528 5.905512 3.543307 22.440945 5.905512 3.937008 13.779528 5.905512 3.937008 10.629921 5.905512 0.000000 13.779528 5.905512 0.000000 10.629921 5.905512 3.937008 10.236220 5.905512 3.543307 10.236220 5.905512 3.937008 10.629921 5.905512 3.543307 3.937008 5.905512 0.393701 10.236220 5.905512 0.000000 10.629921 5.905512 0.000000 10.236220 5.905512 3.937008 3.937008 5.905512 3.937008 -0.000000 5.905512 0.393701 3.937008 5.905512 0.000000 3.937008 5.905512 0.000000 -0.000000 5.905512 3.543307 10.236220 5.905512 3.937008 10.236220 5.905512 3.543307 10.077983 5.314961 3.937008 10.077983 5.314961 3.937008 10.077983 5.314961 3.937008 9.645669 4.882647 3.543307 10.077983 5.314961 3.543307 9.645669 4.882647 3.937008 9.645669 4.882647 3.937008 9.055118 4.724409 3.543307 9.645669 4.882647 3.543307 9.055118 4.724409 3.937008 9.055118 4.724409 3.937008 5.118110 4.724409 3.543307 9.055118 4.724409 3.543307 5.118110 4.724409 3.937008 5.118110 4.724409 3.937008 4.527559 4.882647 3.543307 5.118110 4.724409 3.543307 4.527559 4.882647 3.937008 4.095246 5.314961 3.543307 4.095246 5.314961 3.937008 4.527559 4.882647 3.543307 4.527559 4.882647 3.937008 3.937008 5.905512 3.543307 3.937008 5.905512 3.937008 4.095246 5.314961 3.543307 4.095246 5.314961 0.000000 -0.000000 5.905512 3.937008 -0.000000 5.905512 0.000000 -0.000000 3.543307 3.937008 -0.000000 3.543307 0.000000 -0.000000 3.543307 3.937008 -0.000000 3.543307 0.000000 0.629921 2.125984 3.937008 0.629921 2.125984 3.937008 0.629921 2.125984 3.937008 1.889764 1.062992 0.000000 0.629921 2.125984 0.000000 1.889764 1.062992 3.937008 1.889764 1.062992 3.937008 3.779527 0.354331 0.000000 1.889764 1.062992 0.000000 3.779527 0.354331 3.937008 3.779527 0.354331 3.937008 6.299213 0.000000 0.000000 3.779527 0.354331 0.000000 6.299213 0.000000 3.937008 6.299213 0.000000 3.937008 18.110235 0.000000 0.000000 6.299213 0.000000 0.000000 18.110235 0.000000 3.937008 30.314960 0.000000 0.000000 30.314960 0.000000 3.937008 18.110235 0.000000 0.000000 18.110235 0.000000 3.937008 30.314960 0.000000 3.937008 42.125984 0.000000 0.000000 30.314960 0.000000 0.000000 42.125984 0.000000 3.937008 44.750656 0.236220 0.000000 44.750656 0.236220 3.937008 42.125984 0.000000 0.000000 42.125984 0.000000 3.937008 46.850395 0.708661 0.000000 46.850395 0.708661 3.937008 44.750656 0.236220 0.000000 44.750656 0.236220 3.937008 48.425198 1.417323 0.000000 48.425198 1.417323 3.937008 46.850395 0.708661 0.000000 46.850395 0.708661 3.937008 48.425198 1.417323 3.937008 49.475063 2.362205 0.000000 48.425198 1.417323 0.000000 49.475063 2.362205 3.937008 50.000000 3.543307 0.000000 50.000000 3.543307 3.937008 49.475063 2.362205 0.000000 49.475063 2.362205 3.937008 50.000000 5.905512 0.000000 50.000000 5.905512 3.937008 50.000000 3.543307 0.000000 50.000000 3.543307 3.937008 46.062992 5.905512 1.968504 45.472439 5.905512 3.937008 50.000000 5.905512 0.000000 46.062992 5.905512 0.000000 50.000000 5.905512 1.968504 45.472439 5.905512 3.937008 46.062992 5.905512 1.968504 45.393322 5.610236 3.937008 45.904755 5.314961 1.968504 45.393322 5.610236 3.937008 45.904755 5.314961 1.968504 45.177166 5.394080 3.937008 45.472439 4.882647 3.937008 44.881889 4.724409 1.968504 44.806789 5.294838 3.937008 45.472439 4.882647 1.968504 45.177166 5.394080 3.937008 38.976376 4.724409 1.968504 39.051476 5.294838 3.937008 44.881889 4.724409 1.968504 44.806789 5.294838 3.937008 38.385826 4.882647 1.968504 38.681103 5.394080 3.937008 38.976376 4.724409 1.968504 39.051476 5.294838 3.937008 37.953510 5.314961 1.968504 38.464943 5.610236 3.937008 38.385826 4.882647 1.968504 38.681103 5.394080 1.968504 38.385826 5.905512 1.968504 38.464943 5.610236 3.937008 37.795273 5.905512 3.937008 37.953510 5.314961 3.937008 37.795273 5.905512 3.937008 37.401573 5.905512 1.968504 38.385826 5.905512 0.000000 37.795273 5.905511 0.000000 37.401573 5.905511 3.937008 37.401573 5.905512 3.937008 34.251968 5.905512 0.000000 37.401573 5.905511 0.000000 34.251968 5.905512 3.937008 33.858269 5.905512 1.968504 33.267715 5.905512 3.937008 34.251968 5.905512 0.000000 33.858269 5.905511 0.000000 34.251968 5.905512 1.968504 33.267715 5.905512 3.937008 33.858269 5.905512 1.968504 33.188599 5.610236 3.937008 33.700031 5.314961 3.937008 33.267715 4.882647 1.968504 32.972439 5.394080 3.937008 33.700031 5.314961 1.968504 33.188599 5.610236 3.937008 32.677166 4.724409 1.968504 32.602066 5.294838 3.937008 33.267715 4.882647 1.968504 32.972439 5.394080 3.937008 27.559055 4.724409 1.968504 27.634151 5.294838 3.937008 32.677166 4.724409 1.968504 32.602066 5.294838 3.937008 26.968504 4.882647 1.968504 27.263779 5.394080 3.937008 27.559055 4.724409 1.968504 27.634151 5.294838 1.968504 27.047623 5.610236 1.968504 27.263779 5.394080 3.937008 26.536190 5.314961 3.937008 26.968504 4.882647 1.968504 26.968504 5.905512 1.968504 27.047623 5.610236 3.937008 26.377953 5.905512 3.937008 26.536190 5.314961 0.000000 26.377953 5.905512 1.968504 26.968504 5.905512 3.937008 26.377953 5.905512 0.000000 50.000000 3.543307 0.000000 50.000000 5.905512 0.000000 49.475063 2.362205 0.000000 48.425198 1.417323 0.000000 46.850395 0.708661 0.000000 46.062992 5.905512 0.000000 45.904755 5.314961 0.000000 45.472439 4.882647 0.000000 44.881889 4.724409 0.000000 44.750656 0.236220 0.000000 42.125984 0.000000 0.000000 38.976376 4.724409 0.000000 38.385826 4.882647 0.000000 37.953510 5.314961 0.000000 37.795273 5.905511 0.000000 37.401573 5.905511 0.000000 34.251968 5.905512 0.000000 33.858269 5.905511 0.000000 33.700027 5.314961 0.000000 33.267715 4.882647 0.000000 32.677166 4.724409 0.000000 30.314960 0.000000 0.000000 27.559055 4.724409 0.000000 26.968504 4.882647 0.000000 26.536190 5.314961 0.000000 26.377953 5.905512 0.000000 22.440945 5.905512 0.000000 22.282707 5.314961 0.000000 21.850393 4.882647 0.000000 21.259842 4.724409 0.000000 18.110235 0.000000 0.000000 15.354331 4.724409 0.000000 14.763780 4.882647 0.000000 14.331465 5.314961 0.000000 14.173228 5.905512 0.000000 13.779528 5.905512 0.000000 10.629921 5.905512 0.000000 10.236220 5.905512 0.000000 10.077983 5.314961 0.000000 9.645669 4.882647 0.000000 9.055118 4.724409 0.000000 6.299213 0.000000 0.000000 5.118110 4.724409 0.000000 4.527559 4.882647 0.000000 4.095246 5.314961 0.000000 3.779527 0.354331 0.000000 3.937008 5.905512 0.000000 1.889764 1.062992 0.000000 0.629921 2.125984 0.000000 -0.000000 3.543307 0.000000 -0.000000 5.905512 0.000000 22.440945 5.905512 0.393701 22.440945 5.905512 0.000000 22.282707 5.314961 0.393701 22.282707 5.314961 0.393701 22.282707 5.314961 0.393701 22.440945 5.905512 0.393701 21.850393 4.882647 0.393701 21.259842 4.724409 0.393701 15.354331 4.724409 0.393701 14.763780 4.882647 0.393701 14.331465 5.314961 0.393701 14.173228 5.905512 0.393701 14.173228 5.905512 0.000000 14.173228 5.905512 0.393701 14.331465 5.314961 0.000000 14.331465 5.314961 0.000000 10.236220 5.905512 0.393701 10.236220 5.905512 0.000000 10.077983 5.314961 0.393701 10.077983 5.314961 0.393701 10.077983 5.314961 0.393701 10.236220 5.905512 0.393701 9.645669 4.882647 0.393701 9.055118 4.724409 0.393701 5.118110 4.724409 0.393701 4.527559 4.882647 0.393701 4.095246 5.314961 0.393701 3.937008 5.905512 0.393701 3.937008 5.905512 0.000000 3.937008 5.905512 0.393701 4.095246 5.314961 0.000000 4.095246 5.314961 3.543307 10.077983 5.314961 3.543307 9.645669 4.882647 3.543307 10.236220 5.905512 3.543307 9.055118 4.724409 3.543307 5.118110 4.724409 3.543307 4.527559 4.882647 3.543307 4.095246 5.314961 3.543307 3.937008 5.905512 1.968504 45.472439 5.905512 1.968504 45.393322 5.610236 0.000000 46.062992 5.905512 0.000000 45.904755 5.314961 1.968504 45.393322 5.610236 1.968504 45.177166 5.394080 0.000000 45.904755 5.314961 0.000000 45.472439 4.882647 1.968504 45.177166 5.394080 1.968504 44.806789 5.294838 0.000000 45.472439 4.882647 0.000000 44.881889 4.724409 1.968504 44.806789 5.294838 1.968504 39.051476 5.294838 0.000000 44.881889 4.724409 0.000000 38.976376 4.724409 1.968504 38.681103 5.394080 0.000000 38.385826 4.882647 1.968504 39.051476 5.294838 0.000000 38.976376 4.724409 1.968504 38.464943 5.610236 0.000000 37.953510 5.314961 1.968504 38.681103 5.394080 0.000000 38.385826 4.882647 1.968504 38.385826 5.905512 0.000000 37.795273 5.905511 1.968504 38.464943 5.610236 0.000000 37.953510 5.314961 1.968504 33.267715 5.905512 1.968504 33.188599 5.610236 0.000000 33.858269 5.905511 0.000000 33.700027 5.314961 1.968504 33.188599 5.610236 1.968504 32.972439 5.394080 0.000000 33.700027 5.314961 0.000000 33.267715 4.882647 1.968504 32.602066 5.294838 0.000000 32.677166 4.724409 1.968504 32.972439 5.394080 0.000000 33.267715 4.882647 1.968504 27.634151 5.294838 0.000000 27.559055 4.724409 1.968504 32.602066 5.294838 0.000000 32.677166 4.724409 1.968504 27.263779 5.394080 0.000000 26.968504 4.882647 1.968504 27.634151 5.294838 0.000000 27.559055 4.724409 1.968504 27.047623 5.610236 0.000000 26.536190 5.314961 1.968504 27.263779 5.394080 0.000000 26.968504 4.882647 1.968504 26.968504 5.905512 0.000000 26.377953 5.905512 1.968504 27.047623 5.610236 0.000000 26.536190 5.314961 0.393701 4.095246 5.314961 0.000000 4.095246 5.314961 0.393701 4.527559 4.882647 0.000000 4.527559 4.882647 0.393701 5.118110 4.724409 0.393701 4.527559 4.882647 0.000000 5.118110 4.724409 0.000000 4.527559 4.882647 0.393701 9.055118 4.724409 0.393701 5.118110 4.724409 0.000000 9.055118 4.724409 0.000000 5.118110 4.724409 0.393701 9.645669 4.882647 0.393701 9.055118 4.724409 0.000000 9.645669 4.882647 0.000000 9.055118 4.724409 0.393701 10.077983 5.314961 0.393701 9.645669 4.882647 0.000000 10.077983 5.314961 0.000000 9.645669 4.882647 0.393701 14.331465 5.314961 0.000000 14.331465 5.314961 0.393701 14.763780 4.882647 0.000000 14.763780 4.882647 0.393701 15.354331 4.724409 0.393701 14.763780 4.882647 0.000000 15.354331 4.724409 0.000000 14.763780 4.882647 0.393701 21.259842 4.724409 0.393701 15.354331 4.724409 0.000000 21.259842 4.724409 0.000000 15.354331 4.724409 0.393701 21.850393 4.882647 0.393701 21.259842 4.724409 0.000000 21.850393 4.882647 0.000000 21.259842 4.724409 0.393701 22.282707 5.314961 0.393701 21.850393 4.882647 0.000000 22.282707 5.314961 0.000000 21.850393 4.882647 "
												            />
											</IndexedFaceSet>
										</Shape>
									</Group>
								</Transform>
							</Transform>
							<Transform DEF="group_85_002_TRANSFORM"
							           translation="24.852570 64.215515 -21.249290"
							           scale="-1.000000 -1.000000 -1.000000"
							           rotation="0.707107 0.707107 -0.000000 3.141593"
							           >
								<Transform DEF="group_85_002_ifs_TRANSFORM"
								           translation="-0.000000 0.000001 0.000000"
								           scale="1.000000 1.000000 1.000000"
								           rotation="0.000000 1.000000 0.000000 0.000000"
								           >
									<Group DEF="group_ME_ID709">
										<Shape>
											<Appearance>
											</Appearance>
											<IndexedFaceSet solid="false"
											                coordIndex="0 1 2 -1 3 2 1 -1 4 5 6 -1 5 7 6 -1 7 8 6 -1 6 8 9 -1 9 8 10 -1 10 8 11 -1 11 8 12 -1 8 13 12 -1 13 14 12 -1 12 14 15 -1 15 14 16 -1 16 14 17 -1 18 17 19 -1 17 14 19 -1 19 14 20 -1 20 14 21 -1 21 14 22 -1 22 14 23 -1 23 14 24 -1 14 25 24 -1 24 25 26 -1 26 25 27 -1 27 25 28 -1 29 28 30 -1 28 25 30 -1 30 25 31 -1 31 25 32 -1 32 25 33 -1 25 34 33 -1 33 34 35 -1 35 34 36 -1 36 34 37 -1 38 37 39 -1 37 34 39 -1 39 34 40 -1 40 34 41 -1 41 34 42 -1 42 34 43 -1 43 34 44 -1 34 45 44 -1 44 45 46 -1 46 45 47 -1 47 45 48 -1 45 49 48 -1 48 49 50 -1 49 51 50 -1 51 52 50 -1 50 52 53 -1 54 53 52 -1 55 56 57 -1 58 57 56 -1 59 60 61 -1 60 62 61 -1 62 63 61 -1 63 64 61 -1 64 65 61 -1 66 61 65 -1 67 68 69 -1 70 69 68 -1 71 72 73 -1 72 74 73 -1 73 74 75 -1 76 75 74 -1 77 78 79 -1 80 79 78 -1 81 82 83 -1 84 83 82 -1 85 86 87 -1 88 87 86 -1 89 90 91 -1 92 91 90 -1 93 94 95 -1 74 95 96 -1 95 94 96 -1 96 94 97 -1 98 97 94 -1 95 74 72 -1 99 100 101 -1 102 101 100 -1 103 104 105 -1 104 106 105 -1 105 106 107 -1 108 107 106 -1 109 110 111 -1 104 111 106 -1 111 110 106 -1 106 110 112 -1 112 110 113 -1 114 113 110 -1 115 116 117 -1 118 117 116 -1 119 120 121 -1 122 121 120 -1 123 124 125 -1 126 125 124 -1 127 128 129 -1 130 129 128 -1 131 132 133 -1 134 133 132 -1 135 136 137 -1 138 137 136 -1 139 140 141 -1 142 141 140 -1 143 144 145 -1 146 145 144 -1 147 148 149 -1 150 149 148 -1 151 152 153 -1 154 153 152 -1 155 156 157 -1 158 157 156 -1 159 160 161 -1 162 161 160 -1 163 164 165 -1 166 165 164 -1 167 168 169 -1 170 169 168 -1 171 172 173 -1 174 173 172 -1 175 176 177 -1 178 177 176 -1 179 180 181 -1 182 181 180 -1 183 184 185 -1 186 185 184 -1 187 188 189 -1 190 189 188 -1 191 192 193 -1 194 193 192 -1 195 196 197 -1 198 197 196 -1 199 200 201 -1 200 202 201 -1 203 201 202 -1 204 205 206 -1 207 206 205 -1 208 209 210 -1 211 210 209 -1 212 213 214 -1 215 214 213 -1 216 217 218 -1 219 218 217 -1 220 221 222 -1 223 222 221 -1 224 225 226 -1 227 226 225 -1 228 229 230 -1 231 230 229 -1 232 233 234 -1 234 233 235 -1 236 235 233 -1 237 238 239 -1 240 239 238 -1 241 242 243 -1 242 244 243 -1 245 243 244 -1 246 247 248 -1 249 248 247 -1 250 251 252 -1 253 252 251 -1 254 255 256 -1 257 256 255 -1 258 259 260 -1 261 260 259 -1 262 263 264 -1 265 264 263 -1 266 267 268 -1 269 268 267 -1 270 271 272 -1 273 272 271 -1 274 275 276 -1 277 278 279 -1 279 278 280 -1 280 278 281 -1 278 282 281 -1 282 283 281 -1 283 284 281 -1 284 285 281 -1 281 285 286 -1 286 285 287 -1 285 288 287 -1 288 289 287 -1 289 290 287 -1 291 292 290 -1 290 292 287 -1 292 293 287 -1 293 294 287 -1 294 295 287 -1 295 296 287 -1 296 297 287 -1 287 297 298 -1 297 299 298 -1 299 300 298 -1 300 301 298 -1 302 303 301 -1 301 303 298 -1 303 304 298 -1 304 305 298 -1 305 306 298 -1 298 306 307 -1 306 308 307 -1 308 309 307 -1 309 310 307 -1 311 312 310 -1 310 312 307 -1 312 313 307 -1 313 314 307 -1 314 315 307 -1 315 316 307 -1 316 317 307 -1 307 317 318 -1 317 319 318 -1 319 320 318 -1 320 321 318 -1 318 321 322 -1 321 323 322 -1 322 323 324 -1 324 323 325 -1 325 323 326 -1 327 326 323 -1 328 329 330 -1 331 330 329 -1 332 333 334 -1 334 333 335 -1 335 333 336 -1 336 333 337 -1 337 333 338 -1 339 338 333 -1 340 341 342 -1 343 342 341 -1 344 345 346 -1 347 346 345 -1 348 349 350 -1 350 349 351 -1 351 349 352 -1 352 349 353 -1 353 349 354 -1 355 354 349 -1 356 357 358 -1 359 358 357 -1 360 361 362 -1 361 363 362 -1 363 364 362 -1 364 365 362 -1 365 366 362 -1 367 362 366 -1 368 369 370 -1 371 370 369 -1 372 373 374 -1 375 374 373 -1 376 377 378 -1 379 378 377 -1 380 381 382 -1 383 382 381 -1 384 385 386 -1 387 386 385 -1 388 389 390 -1 391 390 389 -1 392 393 394 -1 395 394 393 -1 396 397 398 -1 399 398 397 -1 400 401 402 -1 403 402 401 -1 404 405 406 -1 407 406 405 -1 408 409 410 -1 411 410 409 -1 412 413 414 -1 415 414 413 -1 416 417 418 -1 419 418 417 -1 420 421 422 -1 423 422 421 -1 424 425 426 -1 427 426 425 -1 428 429 430 -1 431 430 429 -1 432 433 434 -1 435 434 433 -1 436 437 438 -1 439 438 437 -1 440 441 442 -1 443 442 441 -1 444 445 446 -1 447 446 445 -1 448 449 450 -1 451 450 449 -1 452 453 454 -1 455 454 453 -1 456 457 458 -1 459 458 457 -1 460 461 462 -1 463 462 461 -1 "
											                >
												<Coordinate DEF="coords_ME_ID709"
												            point="3.937008 21.850393 4.882647 3.937008 21.259842 4.724409 3.543307 21.850393 4.882647 3.543307 21.259842 4.724409 3.937008 50.000000 3.543307 3.937008 49.475063 2.362205 3.937008 50.000000 5.905512 3.937008 48.425198 1.417323 3.937008 46.850395 0.708661 3.937008 46.062992 5.905512 3.937008 45.904755 5.314961 3.937008 45.472439 4.882647 3.937008 44.881889 4.724409 3.937008 44.750656 0.236220 3.937008 42.125984 0.000000 3.937008 38.976376 4.724409 3.937008 38.385826 4.882647 3.937008 37.953510 5.314961 3.937008 37.795273 5.905512 3.937008 37.401573 5.905512 3.937008 34.251968 5.905512 3.937008 33.858269 5.905512 3.937008 33.700031 5.314961 3.937008 33.267715 4.882647 3.937008 32.677166 4.724409 3.937008 29.921259 0.000000 3.937008 27.559055 4.724409 3.937008 26.968504 4.882647 3.937008 26.536190 5.314961 3.937008 26.377953 5.905512 3.937008 22.440945 5.905512 3.937008 22.282707 5.314961 3.937008 21.850393 4.882647 3.937008 21.259842 4.724409 3.937008 18.110235 0.000000 3.937008 15.354331 4.724409 3.937008 14.763780 4.882647 3.937008 14.331466 5.314961 3.937008 14.173228 5.905512 3.937008 13.779528 5.905512 3.937008 10.629921 5.905512 3.937008 10.236220 5.905512 3.937008 10.077983 5.314961 3.937008 9.645670 4.882647 3.937008 9.055119 4.724409 3.937008 6.299212 0.000000 3.937008 5.118110 4.724409 3.937008 4.527559 4.882647 3.937008 4.095245 5.314961 3.937008 3.779527 0.354331 3.937008 3.937008 5.905512 3.937008 1.889764 1.062992 3.937008 0.629921 2.125984 3.937008 -0.000000 5.905512 3.937008 -0.000000 3.543307 3.937008 22.282707 5.314961 3.937008 21.850393 4.882647 3.543307 22.282707 5.314961 3.543307 21.850393 4.882647 3.543307 22.282707 5.314961 3.543307 21.850393 4.882647 3.543307 22.440945 5.905512 3.543307 21.259842 4.724409 3.543307 15.354331 4.724409 3.543307 14.763780 4.882647 3.543307 14.331466 5.314961 3.543307 14.173228 5.905512 3.937008 21.259842 4.724409 3.937008 15.354331 4.724409 3.543307 21.259842 4.724409 3.543307 15.354331 4.724409 3.937008 22.440945 5.905512 3.543307 22.440945 5.905512 3.937008 26.377953 5.905512 0.393701 22.440945 5.905512 0.000000 26.377953 5.905512 0.000000 22.440945 5.905512 3.543307 22.440945 5.905512 3.937008 22.440945 5.905512 3.543307 22.282707 5.314961 3.937008 22.282707 5.314961 3.937008 15.354331 4.724409 3.937008 14.763780 4.882647 3.543307 15.354331 4.724409 3.543307 14.763780 4.882647 3.937008 14.331466 5.314961 3.543307 14.331466 5.314961 3.937008 14.763780 4.882647 3.543307 14.763780 4.882647 3.937008 14.173228 5.905512 3.543307 14.173228 5.905512 3.937008 14.331466 5.314961 3.543307 14.331466 5.314961 3.937008 14.173228 5.905512 3.937008 13.779528 5.905512 3.543307 14.173228 5.905512 0.393701 14.173228 5.905512 0.000000 14.173228 5.905512 0.000000 13.779528 5.905512 3.937008 13.779528 5.905512 3.937008 10.629921 5.905512 0.000000 13.779528 5.905512 0.000000 10.629921 5.905512 3.937008 10.236220 5.905512 3.543307 10.236220 5.905512 3.937008 10.629921 5.905512 0.393701 10.236220 5.905512 0.000000 10.629921 5.905512 0.000000 10.236220 5.905512 3.937008 3.937008 5.905512 3.937008 -0.000000 5.905512 3.543307 3.937008 5.905512 0.393701 3.937008 5.905512 0.000000 3.937008 5.905512 0.000000 -0.000000 5.905512 3.543307 10.236220 5.905512 3.937008 10.236220 5.905512 3.543307 10.077983 5.314961 3.937008 10.077983 5.314961 3.937008 10.077983 5.314961 3.937008 9.645670 4.882647 3.543307 10.077983 5.314961 3.543307 9.645670 4.882647 3.937008 9.645670 4.882647 3.937008 9.055119 4.724409 3.543307 9.645670 4.882647 3.543307 9.055119 4.724409 3.937008 5.118110 4.724409 3.543307 5.118110 4.724409 3.937008 9.055119 4.724409 3.543307 9.055119 4.724409 3.937008 5.118110 4.724409 3.937008 4.527559 4.882647 3.543307 5.118110 4.724409 3.543307 4.527559 4.882647 3.937008 4.095245 5.314961 3.543307 4.095245 5.314961 3.937008 4.527559 4.882647 3.543307 4.527559 4.882647 3.937008 3.937008 5.905512 3.543307 3.937008 5.905512 3.937008 4.095245 5.314961 3.543307 4.095245 5.314961 0.000000 -0.000000 5.905512 3.937008 -0.000000 5.905512 0.000000 -0.000000 3.543307 3.937008 -0.000000 3.543307 0.000000 -0.000000 3.543307 3.937008 -0.000000 3.543307 0.000000 0.629921 2.125984 3.937008 0.629921 2.125984 3.937008 1.889764 1.062992 0.000000 1.889764 1.062992 3.937008 0.629921 2.125984 0.000000 0.629921 2.125984 3.937008 1.889764 1.062992 3.937008 3.779527 0.354331 0.000000 1.889764 1.062992 0.000000 3.779527 0.354331 3.937008 6.299212 0.000000 0.000000 6.299212 0.000000 3.937008 3.779527 0.354331 0.000000 3.779527 0.354331 3.937008 6.299212 0.000000 3.937008 18.110235 0.000000 0.000000 6.299212 0.000000 0.000000 18.110235 0.000000 3.937008 29.921259 0.000000 0.000000 29.921259 0.000000 3.937008 18.110235 0.000000 0.000000 18.110235 0.000000 3.937008 29.921259 0.000000 3.937008 42.125984 0.000000 0.000000 29.921259 0.000000 0.000000 42.125984 0.000000 3.937008 44.750656 0.236220 0.000000 44.750656 0.236220 3.937008 42.125984 0.000000 0.000000 42.125984 0.000000 3.937008 46.850395 0.708661 0.000000 46.850395 0.708661 3.937008 44.750656 0.236220 0.000000 44.750656 0.236220 3.937008 48.425198 1.417323 0.000000 48.425198 1.417323 3.937008 46.850395 0.708661 0.000000 46.850395 0.708661 3.937008 48.425198 1.417323 3.937008 49.475063 2.362205 0.000000 48.425198 1.417323 0.000000 49.475063 2.362205 3.937008 50.000000 3.543307 0.000000 50.000000 3.543307 3.937008 49.475063 2.362205 0.000000 49.475063 2.362205 3.937008 50.000000 5.905512 0.000000 50.000000 5.905512 3.937008 50.000000 3.543307 0.000000 50.000000 3.543307 3.937008 46.062992 5.905512 1.968504 45.472439 5.905512 3.937008 50.000000 5.905512 0.000000 46.062992 5.905512 0.000000 50.000000 5.905512 1.968504 45.472439 5.905512 3.937008 46.062992 5.905512 1.968504 45.393322 5.610236 3.937008 45.904755 5.314961 1.968504 45.393322 5.610236 3.937008 45.904755 5.314961 1.968504 45.177166 5.394080 3.937008 45.472439 4.882647 3.937008 44.881889 4.724409 1.968504 44.806793 5.294838 3.937008 45.472439 4.882647 1.968504 45.177166 5.394080 3.937008 38.976376 4.724409 1.968504 39.051476 5.294838 3.937008 44.881889 4.724409 1.968504 44.806793 5.294838 3.937008 38.385826 4.882647 1.968504 38.681103 5.394080 3.937008 38.976376 4.724409 1.968504 39.051476 5.294838 3.937008 37.953510 5.314961 1.968504 38.464947 5.610236 3.937008 38.385826 4.882647 1.968504 38.681103 5.394080 1.968504 38.385826 5.905512 1.968504 38.464947 5.610236 3.937008 37.795273 5.905512 3.937008 37.953510 5.314961 3.937008 37.795273 5.905512 3.937008 37.401573 5.905512 1.968504 38.385826 5.905512 0.000000 37.795273 5.905511 0.000000 37.401573 5.905511 3.937008 37.401573 5.905512 3.937008 34.251968 5.905512 0.000000 37.401573 5.905511 0.000000 34.251968 5.905512 3.937008 33.858269 5.905512 1.968504 33.267715 5.905512 3.937008 34.251968 5.905512 0.000000 33.858269 5.905511 0.000000 34.251968 5.905512 1.968504 33.267715 5.905512 3.937008 33.858269 5.905512 1.968504 33.188599 5.610236 3.937008 33.700031 5.314961 3.937008 33.267715 4.882647 1.968504 32.972439 5.394080 3.937008 33.700031 5.314961 1.968504 33.188599 5.610236 3.937008 32.677166 4.724409 1.968504 32.602066 5.294838 3.937008 33.267715 4.882647 1.968504 32.972439 5.394080 3.937008 27.559055 4.724409 1.968504 27.634151 5.294838 3.937008 32.677166 4.724409 1.968504 32.602066 5.294838 3.937008 26.968504 4.882647 1.968504 27.263779 5.394080 3.937008 27.559055 4.724409 1.968504 27.634151 5.294838 1.968504 27.047623 5.610236 1.968504 27.263779 5.394080 3.937008 26.536190 5.314961 3.937008 26.968504 4.882647 1.968504 26.968504 5.905512 1.968504 27.047623 5.610236 3.937008 26.377953 5.905512 3.937008 26.536190 5.314961 0.000000 26.377953 5.905512 1.968504 26.968504 5.905512 3.937008 26.377953 5.905512 0.000000 50.000000 3.543307 0.000000 50.000000 5.905512 0.000000 49.475063 2.362205 0.000000 48.425198 1.417323 0.000000 46.850395 0.708661 0.000000 46.062992 5.905512 0.000000 45.904755 5.314961 0.000000 45.472439 4.882647 0.000000 44.881889 4.724409 0.000000 44.750656 0.236220 0.000000 42.125984 0.000000 0.000000 38.976376 4.724409 0.000000 38.385826 4.882647 0.000000 37.953510 5.314961 0.000000 37.795273 5.905511 0.000000 37.401573 5.905511 0.000000 34.251968 5.905512 0.000000 33.858269 5.905511 0.000000 33.700027 5.314961 0.000000 33.267715 4.882647 0.000000 32.677166 4.724409 0.000000 29.921259 0.000000 0.000000 27.559055 4.724409 0.000000 26.968504 4.882647 0.000000 26.536190 5.314961 0.000000 26.377953 5.905512 0.000000 22.440945 5.905512 0.000000 22.282707 5.314961 0.000000 21.850393 4.882647 0.000000 21.259842 4.724409 0.000000 18.110235 0.000000 0.000000 15.354331 4.724409 0.000000 14.763780 4.882647 0.000000 14.331466 5.314961 0.000000 14.173228 5.905512 0.000000 13.779528 5.905512 0.000000 10.629921 5.905512 0.000000 10.236220 5.905512 0.000000 10.077983 5.314961 0.000000 9.645670 4.882647 0.000000 9.055119 4.724409 0.000000 6.299212 0.000000 0.000000 5.118110 4.724409 0.000000 4.527559 4.882647 0.000000 4.095245 5.314961 0.000000 3.779527 0.354331 0.000000 3.937008 5.905512 0.000000 1.889764 1.062992 0.000000 0.629921 2.125984 0.000000 -0.000000 3.543307 0.000000 -0.000000 5.905512 0.000000 22.440945 5.905512 0.393701 22.440945 5.905512 0.000000 22.282707 5.314961 0.393701 22.282707 5.314961 0.393701 22.282707 5.314961 0.393701 22.440945 5.905512 0.393701 21.850393 4.882647 0.393701 21.259842 4.724409 0.393701 15.354331 4.724409 0.393701 14.763780 4.882647 0.393701 14.331466 5.314961 0.393701 14.173228 5.905512 0.393701 14.173228 5.905512 0.000000 14.173228 5.905512 0.393701 14.331466 5.314961 0.000000 14.331466 5.314961 0.000000 10.236220 5.905512 0.393701 10.236220 5.905512 0.000000 10.077983 5.314961 0.393701 10.077983 5.314961 0.393701 10.077983 5.314961 0.393701 10.236220 5.905512 0.393701 9.645670 4.882647 0.393701 9.055119 4.724409 0.393701 5.118110 4.724409 0.393701 4.527559 4.882647 0.393701 4.095245 5.314961 0.393701 3.937008 5.905512 0.393701 3.937008 5.905512 0.000000 3.937008 5.905512 0.393701 4.095245 5.314961 0.000000 4.095245 5.314961 3.543307 10.077983 5.314961 3.543307 9.645670 4.882647 3.543307 10.236220 5.905512 3.543307 9.055119 4.724409 3.543307 5.118110 4.724409 3.543307 4.527559 4.882647 3.543307 4.095245 5.314961 3.543307 3.937008 5.905512 1.968504 45.472439 5.905512 1.968504 45.393322 5.610236 0.000000 46.062992 5.905512 0.000000 45.904755 5.314961 1.968504 45.393322 5.610236 1.968504 45.177166 5.394080 0.000000 45.904755 5.314961 0.000000 45.472439 4.882647 1.968504 45.177166 5.394080 1.968504 44.806793 5.294838 0.000000 45.472439 4.882647 0.000000 44.881889 4.724409 1.968504 44.806793 5.294838 1.968504 39.051476 5.294838 0.000000 44.881889 4.724409 0.000000 38.976376 4.724409 1.968504 38.681103 5.394080 0.000000 38.385826 4.882647 1.968504 39.051476 5.294838 0.000000 38.976376 4.724409 1.968504 38.464947 5.610236 0.000000 37.953510 5.314961 1.968504 38.681103 5.394080 0.000000 38.385826 4.882647 1.968504 38.385826 5.905512 0.000000 37.795273 5.905511 1.968504 38.464947 5.610236 0.000000 37.953510 5.314961 1.968504 33.267715 5.905512 1.968504 33.188599 5.610236 0.000000 33.858269 5.905511 0.000000 33.700027 5.314961 1.968504 33.188599 5.610236 1.968504 32.972439 5.394080 0.000000 33.700027 5.314961 0.000000 33.267715 4.882647 1.968504 32.602066 5.294838 0.000000 32.677166 4.724409 1.968504 32.972439 5.394080 0.000000 33.267715 4.882647 1.968504 27.634151 5.294838 0.000000 27.559055 4.724409 1.968504 32.602066 5.294838 0.000000 32.677166 4.724409 1.968504 27.263779 5.394080 0.000000 26.968504 4.882647 1.968504 27.634151 5.294838 0.000000 27.559055 4.724409 1.968504 27.047623 5.610236 0.000000 26.536190 5.314961 1.968504 27.263779 5.394080 0.000000 26.968504 4.882647 1.968504 26.968504 5.905512 0.000000 26.377953 5.905512 1.968504 27.047623 5.610236 0.000000 26.536190 5.314961 0.393701 4.095245 5.314961 0.000000 4.095245 5.314961 0.393701 4.527559 4.882647 0.000000 4.527559 4.882647 0.393701 5.118110 4.724409 0.393701 4.527559 4.882647 0.000000 5.118110 4.724409 0.000000 4.527559 4.882647 0.393701 5.118110 4.724409 0.000000 5.118110 4.724409 0.393701 9.055119 4.724409 0.000000 9.055119 4.724409 0.393701 9.645670 4.882647 0.393701 9.055119 4.724409 0.000000 9.645670 4.882647 0.000000 9.055119 4.724409 0.393701 10.077983 5.314961 0.393701 9.645670 4.882647 0.000000 10.077983 5.314961 0.000000 9.645670 4.882647 0.393701 14.331466 5.314961 0.000000 14.331466 5.314961 0.393701 14.763780 4.882647 0.000000 14.763780 4.882647 0.393701 15.354331 4.724409 0.393701 14.763780 4.882647 0.000000 15.354331 4.724409 0.000000 14.763780 4.882647 0.393701 21.259842 4.724409 0.393701 15.354331 4.724409 0.000000 21.259842 4.724409 0.000000 15.354331 4.724409 0.393701 21.850393 4.882647 0.393701 21.259842 4.724409 0.000000 21.850393 4.882647 0.000000 21.259842 4.724409 0.393701 22.282707 5.314961 0.393701 21.850393 4.882647 0.000000 22.282707 5.314961 0.000000 21.850393 4.882647 "
												            />
											</IndexedFaceSet>
										</Shape>
									</Group>
								</Transform>
							</Transform>
						</Transform>
						<Transform DEF="group_86_002_TRANSFORM"
						           translation="-129.004013 98.049919 -103.923668"
						           scale="-1.000000 -1.000000 -1.000000"
						           rotation="0.707107 0.707107 -0.000000 3.141593"
						           >
						</Transform>
						<Transform DEF="group_87_002_TRANSFORM"
						           translation="-170.342590 81.908188 -112.245667"
						           scale="-1.000000 -1.000000 -1.000000"
						           rotation="-0.000000 1.000000 -0.000000 3.141593"
						           >
							<Transform DEF="group_87_002_ifs_TRANSFORM"
							           translation="-0.000001 0.000003 -0.000000"
							           scale="1.000000 1.000000 1.000000"
							           rotation="0.000000 1.000000 0.000000 0.000000"
							           >
								<Group DEF="group_ME_ID726">
									<Shape>
										<Appearance>
										</Appearance>
										<IndexedFaceSet solid="false"
										                coordIndex="0 1 2 -1 3 2 1 -1 4 5 6 -1 7 6 5 -1 8 9 10 -1 10 9 11 -1 9 12 11 -1 11 12 13 -1 12 14 13 -1 13 14 15 -1 14 16 15 -1 15 16 17 -1 16 18 17 -1 17 18 19 -1 18 20 19 -1 19 20 21 -1 20 22 21 -1 23 21 22 -1 24 25 26 -1 27 26 25 -1 28 24 29 -1 30 29 24 -1 24 28 25 -1 31 25 28 -1 32 33 34 -1 35 36 37 -1 37 36 34 -1 34 36 32 -1 32 36 38 -1 38 36 39 -1 39 36 40 -1 40 36 41 -1 41 36 42 -1 36 43 42 -1 44 42 43 -1 45 46 47 -1 46 48 47 -1 47 48 49 -1 48 50 49 -1 49 50 51 -1 50 52 51 -1 52 53 51 -1 53 54 51 -1 54 55 51 -1 55 56 51 -1 51 56 57 -1 56 58 57 -1 58 59 57 -1 57 59 35 -1 35 59 36 -1 36 59 60 -1 59 61 60 -1 61 62 60 -1 62 63 60 -1 64 60 63 -1 65 66 67 -1 67 66 68 -1 68 66 69 -1 66 58 69 -1 56 69 58 -1 70 71 72 -1 73 72 71 -1 74 75 76 -1 77 76 75 -1 78 79 80 -1 81 80 79 -1 78 80 82 -1 83 82 80 -1 82 83 84 -1 85 84 83 -1 86 87 88 -1 89 88 87 -1 90 91 92 -1 93 92 91 -1 92 93 94 -1 95 94 93 -1 96 94 97 -1 95 97 94 -1 98 99 100 -1 101 100 99 -1 102 103 104 -1 105 104 103 -1 106 107 108 -1 109 108 107 -1 110 111 112 -1 113 112 111 -1 114 115 116 -1 115 117 116 -1 117 118 116 -1 119 120 118 -1 116 118 120 -1 121 122 123 -1 123 122 124 -1 122 125 124 -1 124 125 126 -1 125 127 126 -1 126 127 128 -1 128 127 129 -1 129 127 130 -1 130 127 131 -1 131 127 119 -1 127 132 119 -1 119 132 120 -1 120 132 133 -1 132 134 133 -1 134 135 133 -1 133 135 136 -1 136 135 137 -1 137 135 138 -1 139 138 135 -1 135 134 140 -1 134 141 140 -1 141 142 140 -1 142 143 140 -1 143 144 140 -1 144 145 140 -1 145 146 140 -1 146 147 140 -1 147 148 140 -1 148 149 140 -1 150 140 149 -1 151 143 142 -1 152 153 154 -1 155 154 153 -1 156 157 158 -1 157 159 158 -1 158 159 160 -1 159 161 160 -1 160 161 162 -1 161 163 162 -1 162 163 164 -1 163 165 164 -1 164 165 166 -1 165 167 166 -1 166 167 168 -1 167 169 168 -1 168 169 170 -1 171 170 169 -1 172 173 174 -1 175 174 173 -1 176 177 178 -1 179 178 177 -1 180 181 182 -1 183 182 181 -1 184 185 186 -1 187 186 185 -1 188 189 190 -1 191 190 189 -1 189 192 191 -1 193 191 192 -1 192 194 193 -1 195 193 194 -1 194 196 195 -1 197 195 196 -1 196 198 197 -1 199 197 198 -1 200 201 202 -1 203 202 201 -1 204 205 200 -1 201 200 205 -1 204 206 205 -1 207 205 206 -1 206 208 207 -1 209 207 208 -1 208 210 209 -1 211 209 210 -1 210 212 211 -1 213 211 212 -1 214 215 216 -1 217 216 215 -1 218 219 220 -1 221 220 219 -1 222 223 224 -1 225 224 223 -1 226 227 228 -1 229 228 227 -1 230 231 232 -1 233 232 231 -1 234 235 236 -1 237 236 235 -1 238 239 240 -1 241 240 239 -1 242 243 244 -1 245 244 243 -1 246 247 248 -1 249 248 247 -1 250 251 252 -1 253 252 251 -1 254 255 256 -1 255 257 256 -1 256 257 258 -1 259 258 257 -1 260 261 262 -1 263 262 261 -1 264 265 266 -1 267 266 265 -1 268 269 270 -1 271 270 269 -1 272 273 274 -1 275 274 273 -1 272 274 276 -1 277 276 274 -1 276 277 278 -1 279 278 277 -1 280 281 282 -1 283 282 281 -1 284 285 286 -1 287 286 285 -1 286 287 288 -1 289 288 287 -1 290 288 291 -1 289 291 288 -1 "
										                >
											<Coordinate DEF="coords_ME_ID726"
											            point="14.960629 3.937008 8.267716 14.960629 3.543307 8.267716 14.960629 3.937008 7.480315 14.960629 3.543307 7.480315 15.375473 3.937008 7.041184 14.960629 3.937008 7.480315 15.375473 3.543307 7.041184 14.960629 3.543307 7.480315 4.724409 3.543307 8.267716 4.724409 3.543307 7.480315 14.960629 3.543307 8.267716 14.960629 3.543307 7.480315 4.309566 3.543307 7.041184 15.375473 3.543307 7.041184 4.039407 3.543307 6.500865 15.645633 3.543307 6.500865 3.937008 3.543307 5.905511 15.748032 3.543307 5.905512 4.095246 3.543307 5.314961 15.589794 3.543307 5.314961 4.527559 3.543307 4.882647 15.157480 3.543307 4.882647 5.118110 3.543307 4.724409 14.566929 3.543307 4.724409 14.960629 3.543307 8.267716 14.960629 0.393701 8.267716 4.724409 3.543307 8.267716 4.724409 0.393701 8.267716 16.141733 0.000000 8.267716 16.141733 3.937008 8.267716 14.960629 3.937008 8.267716 14.960629 0.000000 8.267716 34.966873 3.937008 1.291156 35.411549 3.937008 1.281020 35.837227 3.937008 1.410000 36.468056 3.937008 2.021313 20.078739 3.937008 1.968504 36.201496 3.937008 1.665242 34.798656 3.937008 0.916333 34.552551 3.937008 0.587363 34.240471 3.937008 0.320166 33.877518 3.937008 0.127673 33.481255 3.937008 0.019201 20.078739 3.937008 0.000000 33.070866 3.937008 0.000000 16.141733 3.937008 8.267716 14.960629 3.937008 8.267716 20.078739 3.937008 8.267716 14.960629 3.937008 7.480315 20.313919 3.937008 8.267716 15.375473 3.937008 7.041184 23.795485 3.937008 7.000234 15.645633 3.937008 6.500865 15.748031 3.937008 5.905512 15.589794 3.937008 5.314961 15.157479 3.937008 4.882647 14.566929 3.937008 4.724409 36.577923 3.937008 2.346721 0.000000 3.937008 3.543307 0.472441 3.937008 2.125984 16.141733 3.937008 1.968504 1.417323 3.937008 1.062992 2.834646 3.937008 0.354331 4.724409 3.937008 0.000000 16.141733 3.937008 0.000000 3.937008 3.937008 5.905511 0.000000 3.937008 5.905512 4.095246 3.937008 5.314961 4.527559 3.937008 4.882647 5.118110 3.937008 4.724409 15.645633 3.937008 6.500865 15.375473 3.937008 7.041184 15.645633 3.543307 6.500865 15.375473 3.543307 7.041184 15.645633 3.937008 6.500865 15.645633 3.543307 6.500865 15.748031 3.937008 5.905512 15.748032 3.543307 5.905512 15.589794 3.937008 5.314961 15.748031 3.937008 5.905512 15.589794 3.543307 5.314961 15.748032 3.543307 5.905512 15.157479 3.937008 4.882647 15.157480 3.543307 4.882647 14.566929 3.937008 4.724409 14.566929 3.543307 4.724409 14.566929 3.937008 4.724409 14.566929 3.543307 4.724409 5.118110 3.937008 4.724409 5.118110 3.543307 4.724409 5.118110 3.937008 4.724409 5.118110 3.543307 4.724409 4.527559 3.937008 4.882647 4.527559 3.543307 4.882647 4.095246 3.937008 5.314961 4.095246 3.543307 5.314961 3.937008 3.937008 5.905511 3.937008 3.543307 5.905511 4.039407 3.543307 6.500865 4.039407 0.393701 6.500865 3.937008 3.543307 5.905511 3.937008 0.393701 5.905511 4.039407 3.543307 6.500865 4.309566 3.543307 7.041184 4.039407 0.393701 6.500865 4.309566 0.393701 7.041184 4.309566 3.543307 7.041184 4.724409 3.543307 7.480315 4.309566 0.393701 7.041184 4.724409 0.393701 7.480315 4.724409 3.543307 8.267716 4.724409 0.393701 8.267716 4.724409 3.543307 7.480315 4.724409 0.393701 7.480315 3.937008 0.000000 5.905511 4.095246 0.000000 5.314961 0.000000 0.000000 5.905512 4.527559 0.000000 4.882647 5.118110 0.000000 4.724409 14.566929 0.000000 4.724409 0.000000 0.000000 3.543307 16.141733 0.000000 8.267716 20.078739 0.000000 8.267716 14.960629 0.000000 8.267716 14.960629 0.000000 7.480315 20.313919 0.000000 8.267716 15.375473 0.000000 7.041184 23.795485 -0.000000 7.000234 15.645633 0.000000 6.500865 15.748032 0.000000 5.905512 15.589794 0.000000 5.314961 15.157480 0.000000 4.882647 36.577923 0.000000 2.346721 0.472441 0.000000 2.125984 36.468056 0.000000 2.021313 16.141733 0.000000 1.968504 1.417323 0.000000 1.062992 2.834646 0.000000 0.354331 4.724409 0.000000 0.000000 16.141733 0.000000 0.000000 20.078739 0.000000 1.968504 36.201496 0.000000 1.665242 35.837227 0.000000 1.410000 34.966873 0.000000 1.291156 34.798656 0.000000 0.916333 34.552551 0.000000 0.587363 34.240471 0.000000 0.320166 33.877518 0.000000 0.127673 33.481255 0.000000 0.019201 33.070866 0.000000 0.000000 20.078739 0.000000 0.000000 35.411549 0.000000 1.281020 20.078739 3.937008 8.267716 20.078739 0.000000 8.267716 16.141733 3.937008 8.267716 16.141733 0.000000 8.267716 4.724409 0.393701 8.267716 14.960629 0.393701 8.267716 4.724409 0.393701 7.480315 14.960629 0.393701 7.480315 4.309566 0.393701 7.041184 15.375473 0.393701 7.041184 4.039407 0.393701 6.500865 15.645633 0.393701 6.500865 3.937008 0.393701 5.905511 15.748032 0.393701 5.905512 4.095246 0.393701 5.314961 15.589794 0.393701 5.314961 4.527559 0.393701 4.882647 15.157480 0.393701 4.882647 5.118110 0.393701 4.724409 14.566929 0.393701 4.724409 14.960629 0.393701 8.267716 14.960629 0.000000 8.267716 14.960629 0.393701 7.480315 14.960629 0.000000 7.480315 20.313919 3.937008 8.267716 20.313919 0.000000 8.267716 20.078739 3.937008 8.267716 20.078739 0.000000 8.267716 23.795485 -0.000000 7.000234 20.313919 0.000000 8.267716 23.795485 3.937008 7.000234 20.313919 3.937008 8.267716 36.577923 0.000000 2.346721 23.795485 -0.000000 7.000234 36.577923 3.937008 2.346721 23.795485 3.937008 7.000234 36.577923 3.937008 2.346721 36.468056 3.937008 2.021313 36.577923 0.000000 2.346721 36.468056 0.000000 2.021313 36.201496 3.937008 1.665242 36.201496 0.000000 1.665242 35.837227 3.937008 1.410000 35.837227 0.000000 1.410000 35.411549 3.937008 1.281020 35.411549 0.000000 1.281020 34.966873 3.937008 1.291156 34.966873 0.000000 1.291156 34.798656 3.937008 0.916333 34.798656 0.000000 0.916333 34.966873 3.937008 1.291156 34.966873 0.000000 1.291156 34.552551 3.937008 0.587363 34.552551 0.000000 0.587363 34.240471 3.937008 0.320166 34.240471 0.000000 0.320166 33.877518 3.937008 0.127673 33.877518 0.000000 0.127673 33.481255 3.937008 0.019201 33.481255 0.000000 0.019201 33.070866 3.937008 0.000000 33.070866 0.000000 0.000000 33.070866 3.937008 0.000000 20.078739 3.937008 0.000000 33.070866 0.000000 0.000000 20.078739 0.000000 0.000000 20.078739 3.937008 1.968504 20.078739 0.000000 1.968504 20.078739 3.937008 0.000000 20.078739 0.000000 0.000000 20.078739 3.937008 1.968504 16.141733 3.937008 1.968504 20.078739 0.000000 1.968504 16.141733 0.000000 1.968504 16.141733 3.937008 0.000000 16.141733 0.000000 0.000000 16.141733 3.937008 1.968504 16.141733 0.000000 1.968504 16.141733 3.937008 0.000000 4.724409 3.937008 0.000000 16.141733 0.000000 0.000000 4.724409 0.000000 0.000000 4.724409 3.937008 0.000000 2.834646 3.937008 0.354331 4.724409 0.000000 0.000000 2.834646 0.000000 0.354331 2.834646 3.937008 0.354331 1.417323 3.937008 1.062992 2.834646 0.000000 0.354331 1.417323 0.000000 1.062992 0.472441 3.937008 2.125984 0.472441 0.000000 2.125984 1.417323 3.937008 1.062992 1.417323 0.000000 1.062992 0.000000 3.937008 3.543307 0.000000 0.000000 3.543307 0.472441 3.937008 2.125984 0.472441 0.000000 2.125984 0.000000 3.937008 3.543307 0.000000 3.937008 5.905512 0.000000 0.000000 3.543307 0.000000 0.000000 5.905512 3.937008 3.543307 5.905511 3.937008 0.393701 5.905511 3.937008 3.937008 5.905511 3.937008 0.000000 5.905511 0.000000 3.937008 5.905512 0.000000 0.000000 5.905512 15.375473 0.393701 7.041184 14.960629 0.393701 7.480315 15.375473 0.000000 7.041184 14.960629 0.000000 7.480315 15.645633 0.393701 6.500865 15.375473 0.393701 7.041184 15.645633 0.000000 6.500865 15.375473 0.000000 7.041184 15.645633 0.393701 6.500865 15.645633 0.000000 6.500865 15.748032 0.393701 5.905512 15.748032 0.000000 5.905512 15.589794 0.393701 5.314961 15.748032 0.393701 5.905512 15.589794 0.000000 5.314961 15.748032 0.000000 5.905512 15.157480 0.393701 4.882647 15.157480 0.000000 4.882647 14.566929 0.393701 4.724409 14.566929 0.000000 4.724409 14.566929 0.393701 4.724409 14.566929 0.000000 4.724409 5.118110 0.393701 4.724409 5.118110 0.000000 4.724409 5.118110 0.393701 4.724409 5.118110 0.000000 4.724409 4.527559 0.393701 4.882647 4.527559 0.000000 4.882647 4.095246 0.393701 5.314961 4.095246 0.000000 5.314961 3.937008 0.393701 5.905511 3.937008 0.000000 5.905511 "
											            />
										</IndexedFaceSet>
									</Shape>
								</Group>
							</Transform>
						</Transform>
						<Transform DEF="group_88_002_TRANSFORM"
						           translation="-150.263855 98.049919 -112.245667"
						           scale="-1.000000 -1.000000 -1.000000"
						           rotation="0.707107 0.707107 -0.000000 3.141593"
						           >
							<Transform DEF="group_88_002_ifs_TRANSFORM"
							           translation="-0.000001 0.000000 0.000000"
							           scale="1.000000 1.000000 1.000000"
							           rotation="0.000000 1.000000 0.000000 0.000000"
							           >
								<Group DEF="group_ME_ID733">
									<Shape>
										<Appearance>
										</Appearance>
										<IndexedFaceSet solid="false"
										                coordIndex="0 1 2 -1 3 2 1 -1 4 5 6 -1 7 6 5 -1 8 9 10 -1 10 9 11 -1 9 12 11 -1 11 12 13 -1 12 14 13 -1 13 14 15 -1 14 16 15 -1 15 16 17 -1 16 18 17 -1 17 18 19 -1 18 20 19 -1 19 20 21 -1 20 22 21 -1 23 21 22 -1 24 25 26 -1 27 26 25 -1 24 28 25 -1 28 29 25 -1 25 29 30 -1 31 30 29 -1 32 33 34 -1 34 33 35 -1 33 36 35 -1 37 38 36 -1 35 36 38 -1 39 40 41 -1 40 42 41 -1 42 43 41 -1 43 44 41 -1 45 46 47 -1 41 44 37 -1 44 48 37 -1 48 49 37 -1 49 47 37 -1 47 46 37 -1 37 46 38 -1 38 46 50 -1 50 46 51 -1 46 52 51 -1 51 52 53 -1 53 52 54 -1 52 55 54 -1 54 55 56 -1 56 55 57 -1 57 55 58 -1 55 59 58 -1 60 58 59 -1 61 62 63 -1 63 62 64 -1 64 62 65 -1 62 45 65 -1 47 65 45 -1 51 66 50 -1 67 68 69 -1 70 69 68 -1 71 72 73 -1 74 73 72 -1 75 76 77 -1 78 77 76 -1 75 77 79 -1 80 79 77 -1 79 80 81 -1 82 81 80 -1 83 84 85 -1 86 85 84 -1 87 88 89 -1 90 89 88 -1 89 90 91 -1 92 91 90 -1 93 91 94 -1 92 94 91 -1 95 96 97 -1 98 97 96 -1 99 100 101 -1 102 101 100 -1 103 104 105 -1 106 105 104 -1 107 108 109 -1 110 109 108 -1 111 112 113 -1 112 114 113 -1 114 115 113 -1 116 117 115 -1 113 115 117 -1 118 119 120 -1 120 119 121 -1 121 119 122 -1 122 119 123 -1 117 116 124 -1 119 125 123 -1 123 125 126 -1 126 125 127 -1 127 125 116 -1 116 125 124 -1 125 128 124 -1 128 129 124 -1 129 130 124 -1 124 130 131 -1 130 132 131 -1 132 133 131 -1 131 133 134 -1 133 135 134 -1 135 136 134 -1 136 137 134 -1 137 138 134 -1 139 134 138 -1 140 141 142 -1 141 143 142 -1 142 143 144 -1 143 128 144 -1 125 144 128 -1 145 130 129 -1 146 147 148 -1 149 148 147 -1 150 151 152 -1 151 153 152 -1 152 153 154 -1 153 155 154 -1 154 155 156 -1 155 157 156 -1 156 157 158 -1 157 159 158 -1 158 159 160 -1 159 161 160 -1 160 161 162 -1 161 163 162 -1 162 163 164 -1 165 164 163 -1 166 167 168 -1 169 168 167 -1 170 171 172 -1 173 172 171 -1 174 175 176 -1 177 176 175 -1 178 179 180 -1 181 180 179 -1 178 182 179 -1 183 179 182 -1 182 184 183 -1 185 183 184 -1 184 186 185 -1 187 185 186 -1 186 188 187 -1 189 187 188 -1 190 191 192 -1 193 192 191 -1 194 195 190 -1 191 190 195 -1 194 196 195 -1 197 195 196 -1 196 198 197 -1 199 197 198 -1 198 200 199 -1 201 199 200 -1 200 202 201 -1 203 201 202 -1 204 205 206 -1 207 206 205 -1 208 209 210 -1 211 210 209 -1 212 213 214 -1 215 214 213 -1 216 217 218 -1 219 218 217 -1 220 221 222 -1 223 222 221 -1 224 225 226 -1 227 226 225 -1 228 229 230 -1 229 231 230 -1 230 231 232 -1 233 232 231 -1 234 235 236 -1 237 236 235 -1 238 239 240 -1 241 240 239 -1 242 243 244 -1 245 244 243 -1 246 247 248 -1 249 248 247 -1 250 251 252 -1 253 252 251 -1 254 255 256 -1 257 256 255 -1 254 256 258 -1 259 258 256 -1 258 259 260 -1 261 260 259 -1 262 263 264 -1 265 264 263 -1 266 267 268 -1 269 268 267 -1 268 269 270 -1 271 270 269 -1 272 270 273 -1 271 273 270 -1 "
										                >
											<Coordinate DEF="coords_ME_ID733"
											            point="14.960629 3.937008 8.267716 14.960629 3.543307 8.267716 14.960629 3.937008 7.480315 14.960629 3.543307 7.480315 15.375473 3.937008 7.041184 14.960629 3.937008 7.480315 15.375473 3.543307 7.041184 14.960629 3.543307 7.480315 4.724409 3.543307 8.267716 4.724409 3.543307 7.480315 14.960629 3.543307 8.267716 14.960629 3.543307 7.480315 4.309566 3.543307 7.041184 15.375473 3.543307 7.041184 4.039407 3.543307 6.500865 15.645633 3.543307 6.500865 3.937008 3.543307 5.905511 15.748032 3.543307 5.905512 4.095246 3.543307 5.314961 15.589793 3.543307 5.314961 4.527559 3.543307 4.882647 15.157480 3.543307 4.882647 5.118110 3.543307 4.724409 14.566928 3.543307 4.724409 16.141733 0.000000 8.267716 14.960629 3.543307 8.267716 16.141733 3.937008 8.267716 14.960629 3.937008 8.267716 14.960629 0.000000 8.267716 14.960629 0.393701 8.267716 4.724409 3.543307 8.267716 4.724409 0.393701 8.267716 20.313919 3.937008 8.267716 20.078739 3.937008 8.267716 36.577923 3.937008 2.346721 36.468056 3.937008 2.021313 20.078739 3.937008 1.968504 16.141731 3.937008 1.968504 36.201496 3.937008 1.665242 14.960629 3.937008 8.267716 14.960629 3.937008 7.480315 16.141733 3.937008 8.267716 15.375473 3.937008 7.041184 15.645633 3.937008 6.500865 15.748032 3.937008 5.905512 0.000000 3.937008 3.543307 0.472441 3.937008 2.125984 14.566929 3.937008 4.724409 15.589794 3.937008 5.314961 15.157480 3.937008 4.882647 35.837227 3.937008 1.410000 34.966873 3.937008 1.291156 1.417323 3.937008 1.062992 34.798656 3.937008 0.916333 34.552551 3.937008 0.587363 2.834646 3.937008 0.354331 34.240471 3.937008 0.320166 33.877518 3.937008 0.127673 33.481255 3.937008 0.019201 4.724409 3.937008 0.000000 33.070866 3.937008 0.000000 3.937008 3.937008 5.905511 0.000000 3.937008 5.905512 4.095246 3.937008 5.314961 4.527559 3.937008 4.882647 5.118110 3.937008 4.724409 35.411549 3.937008 1.281020 15.645633 3.937008 6.500865 15.375473 3.937008 7.041184 15.645633 3.543307 6.500865 15.375473 3.543307 7.041184 15.645633 3.937008 6.500865 15.645633 3.543307 6.500865 15.748032 3.937008 5.905512 15.748032 3.543307 5.905512 15.589794 3.937008 5.314961 15.748032 3.937008 5.905512 15.589793 3.543307 5.314961 15.748032 3.543307 5.905512 15.157480 3.937008 4.882647 15.157480 3.543307 4.882647 14.566929 3.937008 4.724409 14.566928 3.543307 4.724409 14.566929 3.937008 4.724409 14.566928 3.543307 4.724409 5.118110 3.937008 4.724409 5.118110 3.543307 4.724409 5.118110 3.937008 4.724409 5.118110 3.543307 4.724409 4.527559 3.937008 4.882647 4.527559 3.543307 4.882647 4.095246 3.937008 5.314961 4.095246 3.543307 5.314961 3.937008 3.937008 5.905511 3.937008 3.543307 5.905511 4.039407 3.543307 6.500865 4.039407 0.393701 6.500865 3.937008 3.543307 5.905511 3.937008 0.393701 5.905511 4.039407 3.543307 6.500865 4.309566 3.543307 7.041184 4.039407 0.393701 6.500865 4.309566 0.393701 7.041184 4.309566 3.543307 7.041184 4.724409 3.543307 7.480315 4.309566 0.393701 7.041184 4.724409 0.393701 7.480315 4.724409 3.543307 8.267716 4.724409 0.393701 8.267716 4.724409 3.543307 7.480315 4.724409 0.393701 7.480315 3.937008 0.000000 5.905511 4.095246 0.000000 5.314961 0.000000 0.000000 5.905512 4.527559 0.000000 4.882647 5.118110 0.000000 4.724409 14.566929 0.000000 4.724409 0.000000 0.000000 3.543307 14.960629 0.000000 8.267716 16.141733 0.000000 8.267716 14.960629 0.000000 7.480315 15.375473 0.000000 7.041184 15.645633 0.000000 6.500865 15.748032 0.000000 5.905512 0.472441 0.000000 2.125984 16.141731 0.000000 1.968504 15.589794 0.000000 5.314961 15.157480 0.000000 4.882647 36.201496 0.000000 1.665242 35.837227 0.000000 1.410000 34.966873 0.000000 1.291156 1.417323 0.000000 1.062992 34.798656 0.000000 0.916333 34.552551 0.000000 0.587363 2.834646 0.000000 0.354331 34.240471 0.000000 0.320166 33.877518 0.000000 0.127673 33.481255 0.000000 0.019201 33.070866 0.000000 0.000000 4.724409 0.000000 0.000000 20.313919 0.000000 8.267716 36.577923 0.000000 2.346721 20.078739 0.000000 8.267716 36.468056 0.000000 2.021313 20.078739 0.000000 1.968504 35.411549 0.000000 1.281020 16.141731 3.937008 1.968504 16.141731 0.000000 1.968504 16.141733 3.937008 8.267716 16.141733 0.000000 8.267716 4.724409 0.393701 8.267716 14.960629 0.393701 8.267716 4.724409 0.393701 7.480315 14.960629 0.393701 7.480315 4.309566 0.393701 7.041184 15.375473 0.393701 7.041184 4.039407 0.393701 6.500865 15.645633 0.393701 6.500865 3.937008 0.393701 5.905511 15.748032 0.393701 5.905512 4.095246 0.393701 5.314961 15.589794 0.393701 5.314961 4.527559 0.393701 4.882647 15.157480 0.393701 4.882647 5.118110 0.393701 4.724409 14.566929 0.393701 4.724409 14.960629 0.393701 8.267716 14.960629 0.000000 8.267716 14.960629 0.393701 7.480315 14.960629 0.000000 7.480315 20.313919 3.937008 8.267716 20.313919 0.000000 8.267716 20.078739 3.937008 8.267716 20.078739 0.000000 8.267716 36.577923 0.000000 2.346721 20.313919 0.000000 8.267716 36.577923 3.937008 2.346721 20.313919 3.937008 8.267716 36.468056 3.937008 2.021313 36.468056 0.000000 2.021313 36.577923 3.937008 2.346721 36.577923 0.000000 2.346721 36.201496 3.937008 1.665242 36.201496 0.000000 1.665242 35.837227 3.937008 1.410000 35.837227 0.000000 1.410000 35.411549 3.937008 1.281020 35.411549 0.000000 1.281020 34.966873 3.937008 1.291156 34.966873 0.000000 1.291156 34.798656 3.937008 0.916333 34.798656 0.000000 0.916333 34.966873 3.937008 1.291156 34.966873 0.000000 1.291156 34.552551 3.937008 0.587363 34.552551 0.000000 0.587363 34.240471 3.937008 0.320166 34.240471 0.000000 0.320166 33.877518 3.937008 0.127673 33.877518 0.000000 0.127673 33.481255 3.937008 0.019201 33.481255 0.000000 0.019201 33.070866 3.937008 0.000000 33.070866 0.000000 0.000000 33.070866 3.937008 0.000000 4.724409 3.937008 0.000000 33.070866 0.000000 0.000000 4.724409 0.000000 0.000000 4.724409 3.937008 0.000000 2.834646 3.937008 0.354331 4.724409 0.000000 0.000000 2.834646 0.000000 0.354331 2.834646 3.937008 0.354331 1.417323 3.937008 1.062992 2.834646 0.000000 0.354331 1.417323 0.000000 1.062992 0.472441 3.937008 2.125984 0.472441 0.000000 2.125984 1.417323 3.937008 1.062992 1.417323 0.000000 1.062992 0.000000 3.937008 3.543307 0.000000 0.000000 3.543307 0.472441 3.937008 2.125984 0.472441 0.000000 2.125984 0.000000 3.937008 3.543307 0.000000 3.937008 5.905512 0.000000 0.000000 3.543307 0.000000 0.000000 5.905512 3.937008 3.543307 5.905511 3.937008 0.393701 5.905511 3.937008 3.937008 5.905511 3.937008 0.000000 5.905511 0.000000 3.937008 5.905512 0.000000 0.000000 5.905512 20.078739 3.937008 1.968504 20.078739 0.000000 1.968504 16.141731 3.937008 1.968504 16.141731 0.000000 1.968504 20.078739 3.937008 1.968504 20.078739 3.937008 8.267716 20.078739 0.000000 1.968504 20.078739 0.000000 8.267716 15.375473 0.393701 7.041184 14.960629 0.393701 7.480315 15.375473 0.000000 7.041184 14.960629 0.000000 7.480315 15.645633 0.393701 6.500865 15.375473 0.393701 7.041184 15.645633 0.000000 6.500865 15.375473 0.000000 7.041184 15.645633 0.393701 6.500865 15.645633 0.000000 6.500865 15.748032 0.393701 5.905512 15.748032 0.000000 5.905512 15.589794 0.393701 5.314961 15.748032 0.393701 5.905512 15.589794 0.000000 5.314961 15.748032 0.000000 5.905512 15.157480 0.393701 4.882647 15.157480 0.000000 4.882647 14.566929 0.393701 4.724409 14.566929 0.000000 4.724409 14.566929 0.393701 4.724409 14.566929 0.000000 4.724409 5.118110 0.393701 4.724409 5.118110 0.000000 4.724409 5.118110 0.393701 4.724409 5.118110 0.000000 4.724409 4.527559 0.393701 4.882647 4.527559 0.000000 4.882647 4.095246 0.393701 5.314961 4.095246 0.000000 5.314961 3.937008 0.393701 5.905511 3.937008 0.000000 5.905511 "
											            />
										</IndexedFaceSet>
									</Shape>
								</Group>
							</Transform>
						</Transform>
						<Transform DEF="group_89_002_TRANSFORM"
						           translation="-121.543991 49.251324 -101.994827"
						           scale="1.000000 1.000000 1.000000"
						           rotation="0.000000 0.000000 -1.000000 1.570796"
						           >
							<Transform DEF="group_90_002_TRANSFORM"
							           translation="-69.221619 -59.848106 -23.242970"
							           scale="-1.000000 -1.000000 -1.000000"
							           rotation="-0.000000 1.000000 -0.000000 3.141593"
							           >
							</Transform>
							<Transform DEF="group_91_002_TRANSFORM"
							           translation="-69.221619 -59.848106 -23.242970"
							           scale="-1.000000 -1.000000 -1.000000"
							           rotation="-0.000000 1.000000 -0.000000 3.141593"
							           >
								<Transform DEF="group_92_002_TRANSFORM"
								           translation="1.976699 7.488510 2.362205"
								           scale="-1.000000 -1.000000 -1.000000"
								           rotation="-0.000000 1.000000 -0.000000 3.141593"
								           >
									<Transform DEF="group_92_002_ifs_TRANSFORM"
									           translation="-0.000000 0.000000 0.000000"
									           scale="1.000000 1.000000 1.000000"
									           rotation="0.000000 1.000000 0.000000 0.000000"
									           >
										<Group DEF="group_ME_ID751">
											<Shape>
												<Appearance>
												</Appearance>
												<IndexedFaceSet solid="false"
												                coordIndex="0 1 2 -1 3 2 1 -1 4 5 1 -1 3 1 5 -1 6 7 8 -1 9 8 7 -1 10 0 11 -1 2 11 0 -1 12 13 14 -1 15 14 13 -1 16 17 4 -1 5 4 17 -1 18 19 6 -1 7 6 19 -1 20 21 13 -1 15 13 21 -1 22 23 24 -1 25 24 23 -1 8 9 26 -1 27 26 9 -1 28 10 29 -1 11 29 10 -1 30 12 31 -1 14 31 12 -1 32 33 34 -1 35 34 33 -1 36 37 16 -1 17 16 37 -1 38 39 18 -1 19 18 39 -1 40 41 20 -1 21 20 41 -1 42 22 43 -1 24 43 22 -1 44 45 33 -1 35 33 45 -1 46 47 48 -1 49 48 47 -1 23 50 25 -1 51 25 50 -1 26 27 52 -1 53 52 27 -1 54 28 55 -1 29 55 28 -1 56 30 57 -1 31 57 30 -1 58 32 59 -1 34 59 32 -1 60 61 36 -1 37 36 61 -1 62 63 38 -1 39 38 63 -1 64 65 40 -1 41 40 65 -1 66 42 67 -1 43 67 42 -1 68 69 44 -1 45 44 69 -1 70 49 71 -1 47 71 49 -1 72 73 46 -1 47 46 73 -1 74 46 75 -1 48 75 46 -1 50 76 51 -1 77 51 76 -1 53 78 52 -1 79 52 78 -1 80 54 81 -1 55 81 54 -1 82 56 83 -1 57 83 56 -1 84 58 85 -1 59 85 58 -1 86 61 87 -1 60 87 61 -1 62 88 63 -1 89 63 88 -1 90 91 64 -1 65 64 91 -1 92 66 93 -1 67 93 66 -1 94 95 68 -1 69 68 95 -1 96 70 97 -1 71 97 70 -1 98 71 73 -1 47 73 71 -1 99 100 72 -1 73 72 100 -1 101 72 74 -1 46 74 72 -1 102 74 103 -1 75 103 74 -1 77 76 104 -1 105 104 76 -1 78 106 79 -1 107 79 106 -1 108 80 109 -1 81 109 80 -1 110 82 111 -1 83 111 82 -1 112 84 113 -1 85 113 84 -1 114 86 115 -1 87 115 86 -1 88 116 89 -1 117 89 116 -1 118 91 119 -1 90 119 91 -1 92 93 120 -1 121 120 93 -1 122 123 94 -1 95 94 123 -1 124 96 125 -1 97 125 96 -1 126 97 98 -1 71 98 97 -1 127 98 100 -1 73 100 98 -1 128 129 130 -1 131 130 129 -1 132 99 101 -1 72 101 99 -1 133 101 102 -1 74 102 101 -1 134 102 135 -1 103 135 102 -1 104 105 136 -1 137 136 105 -1 106 138 107 -1 139 107 138 -1 140 108 141 -1 109 141 108 -1 142 110 143 -1 111 143 110 -1 144 112 145 -1 113 145 112 -1 115 146 114 -1 147 114 146 -1 116 148 117 -1 149 117 148 -1 150 118 151 -1 119 151 118 -1 120 121 152 -1 153 152 121 -1 154 155 122 -1 123 122 155 -1 156 124 157 -1 125 157 124 -1 158 125 126 -1 97 126 125 -1 159 126 127 -1 98 127 126 -1 160 161 128 -1 129 128 161 -1 162 163 164 -1 165 164 163 -1 130 131 166 -1 167 166 131 -1 168 132 133 -1 101 133 132 -1 169 133 134 -1 102 134 133 -1 170 134 171 -1 135 171 134 -1 136 137 172 -1 173 172 137 -1 138 174 139 -1 175 139 174 -1 176 140 177 -1 141 177 140 -1 178 142 179 -1 143 179 142 -1 180 144 181 -1 145 181 144 -1 146 182 147 -1 183 147 182 -1 148 184 149 -1 185 149 184 -1 151 186 150 -1 187 150 186 -1 152 153 188 -1 189 188 153 -1 190 191 154 -1 155 154 191 -1 192 193 157 -1 156 157 193 -1 194 157 158 -1 125 158 157 -1 195 158 159 -1 126 159 158 -1 196 197 160 -1 161 160 197 -1 198 162 199 -1 164 199 162 -1 200 201 202 -1 203 202 201 -1 163 204 165 -1 205 165 204 -1 166 167 206 -1 207 206 167 -1 208 168 169 -1 133 169 168 -1 209 169 170 -1 134 170 169 -1 210 170 211 -1 171 211 170 -1 172 173 212 -1 213 212 173 -1 174 214 175 -1 215 175 214 -1 216 176 217 -1 177 217 176 -1 218 178 219 -1 179 219 178 -1 220 221 181 -1 180 181 221 -1 182 222 183 -1 223 183 222 -1 184 224 185 -1 225 185 224 -1 186 226 187 -1 227 187 226 -1 188 189 228 -1 229 228 189 -1 190 230 191 -1 231 191 230 -1 232 233 192 -1 193 192 233 -1 234 192 194 -1 157 194 192 -1 235 194 195 -1 158 195 194 -1 236 237 196 -1 197 196 237 -1 238 198 239 -1 199 239 198 -1 240 203 241 -1 201 241 203 -1 242 243 200 -1 201 200 243 -1 244 200 245 -1 202 245 200 -1 204 246 205 -1 247 205 246 -1 207 248 206 -1 249 206 248 -1 250 208 209 -1 169 209 208 -1 251 209 210 -1 170 210 209 -1 252 253 211 -1 210 211 253 -1 212 213 254 -1 255 254 213 -1 214 256 215 -1 257 215 256 -1 258 259 217 -1 216 217 259 -1 260 218 261 -1 219 261 218 -1 262 263 220 -1 221 220 263 -1 222 264 223 -1 265 223 264 -1 225 224 266 -1 267 266 224 -1 226 268 227 -1 269 227 268 -1 228 229 270 -1 271 270 229 -1 230 272 231 -1 273 231 272 -1 232 274 233 -1 275 233 274 -1 276 232 234 -1 192 234 232 -1 234 194 277 -1 235 277 194 -1 236 278 237 -1 279 237 278 -1 280 238 281 -1 239 281 238 -1 282 240 283 -1 241 283 240 -1 284 241 243 -1 201 243 241 -1 285 286 242 -1 243 242 286 -1 287 242 244 -1 200 244 242 -1 288 244 289 -1 245 289 244 -1 247 246 290 -1 291 290 246 -1 248 292 249 -1 293 249 292 -1 294 250 251 -1 209 251 250 -1 253 295 210 -1 251 210 295 -1 296 297 252 -1 253 252 297 -1 254 255 298 -1 299 298 255 -1 300 301 256 -1 257 256 301 -1 302 303 258 -1 259 258 303 -1 304 305 261 -1 260 261 305 -1 306 307 262 -1 263 262 307 -1 264 308 265 -1 309 265 308 -1 266 267 310 -1 311 310 267 -1 268 312 269 -1 313 269 312 -1 270 271 314 -1 315 314 271 -1 272 316 273 -1 317 273 316 -1 274 318 275 -1 319 275 318 -1 276 320 232 -1 274 232 320 -1 276 234 321 -1 277 321 234 -1 278 322 279 -1 323 279 322 -1 280 281 324 -1 325 324 281 -1 326 282 327 -1 283 327 282 -1 328 283 284 -1 241 284 283 -1 329 284 286 -1 243 286 284 -1 330 331 332 -1 332 331 333 -1 331 334 333 -1 333 334 335 -1 334 336 335 -1 336 337 335 -1 335 337 338 -1 338 337 339 -1 337 340 339 -1 339 340 341 -1 340 342 341 -1 341 342 343 -1 342 344 343 -1 344 345 343 -1 343 345 346 -1 346 345 347 -1 345 348 347 -1 347 348 349 -1 348 350 349 -1 349 350 351 -1 350 352 351 -1 353 351 352 -1 354 285 287 -1 242 287 285 -1 355 287 288 -1 244 288 287 -1 356 288 357 -1 289 357 288 -1 290 291 358 -1 359 358 291 -1 292 360 293 -1 361 293 360 -1 362 294 295 -1 251 295 294 -1 297 363 253 -1 295 253 363 -1 364 365 296 -1 297 296 365 -1 366 298 367 -1 299 367 298 -1 368 369 300 -1 301 300 369 -1 370 371 302 -1 303 302 371 -1 372 373 304 -1 305 304 373 -1 374 375 306 -1 307 306 375 -1 308 371 309 -1 370 309 371 -1 310 311 376 -1 377 376 311 -1 312 378 313 -1 379 313 378 -1 315 380 314 -1 381 314 380 -1 316 382 317 -1 383 317 382 -1 318 384 319 -1 385 319 384 -1 320 386 274 -1 318 274 386 -1 321 387 276 -1 320 276 387 -1 322 388 323 -1 389 323 388 -1 324 325 390 -1 391 390 325 -1 392 393 327 -1 326 327 393 -1 394 327 328 -1 283 328 327 -1 395 328 329 -1 284 329 328 -1 396 394 395 -1 328 395 394 -1 397 398 396 -1 394 396 398 -1 399 398 400 -1 397 400 398 -1 401 399 402 -1 400 402 399 -1 402 403 401 -1 404 401 403 -1 403 405 404 -1 406 404 405 -1 405 407 406 -1 408 406 407 -1 407 409 408 -1 410 408 409 -1 409 411 410 -1 412 410 411 -1 411 413 412 -1 414 412 413 -1 414 413 415 -1 416 415 413 -1 415 416 417 -1 418 417 416 -1 417 418 419 -1 420 419 418 -1 420 421 419 -1 422 419 421 -1 421 423 422 -1 424 422 423 -1 423 425 424 -1 426 424 425 -1 425 427 426 -1 428 426 427 -1 427 429 428 -1 430 428 429 -1 429 431 430 -1 355 430 431 -1 431 354 355 -1 287 355 354 -1 430 355 356 -1 288 356 355 -1 432 356 433 -1 357 433 356 -1 358 359 434 -1 435 434 359 -1 360 436 361 -1 437 361 436 -1 438 362 363 -1 295 363 362 -1 365 439 297 -1 363 297 439 -1 440 365 441 -1 364 441 365 -1 442 366 443 -1 367 443 366 -1 444 445 368 -1 369 368 445 -1 446 447 372 -1 373 372 447 -1 448 449 374 -1 375 374 449 -1 376 377 444 -1 445 444 377 -1 378 447 379 -1 446 379 447 -1 380 450 381 -1 451 381 450 -1 382 452 383 -1 453 383 452 -1 384 454 385 -1 455 385 454 -1 386 456 318 -1 384 318 456 -1 387 457 320 -1 386 320 457 -1 388 458 389 -1 459 389 458 -1 390 391 460 -1 461 460 391 -1 462 463 392 -1 393 392 463 -1 392 327 398 -1 394 398 327 -1 462 392 399 -1 398 399 392 -1 464 462 401 -1 399 401 462 -1 401 404 464 -1 465 464 404 -1 404 406 465 -1 466 465 406 -1 406 408 466 -1 467 466 408 -1 408 410 467 -1 468 467 410 -1 410 412 468 -1 469 468 412 -1 412 414 469 -1 470 469 414 -1 470 414 471 -1 415 471 414 -1 471 415 472 -1 417 472 415 -1 417 419 472 -1 473 472 419 -1 419 422 473 -1 474 473 422 -1 422 424 474 -1 475 474 424 -1 424 426 475 -1 476 475 426 -1 426 428 476 -1 432 476 428 -1 428 430 432 -1 356 432 430 -1 476 432 477 -1 433 477 432 -1 434 435 478 -1 479 478 435 -1 436 480 437 -1 481 437 480 -1 482 438 439 -1 363 439 438 -1 440 483 365 -1 439 365 483 -1 484 440 485 -1 441 485 440 -1 486 442 487 -1 443 487 442 -1 488 489 448 -1 449 448 489 -1 450 486 451 -1 487 451 486 -1 452 489 453 -1 488 453 489 -1 454 490 455 -1 491 455 490 -1 456 492 384 -1 454 384 492 -1 457 493 386 -1 456 386 493 -1 458 494 459 -1 495 459 494 -1 460 461 496 -1 497 496 461 -1 464 498 462 -1 463 462 498 -1 464 465 498 -1 499 498 465 -1 465 466 499 -1 500 499 466 -1 466 467 500 -1 501 500 467 -1 467 468 501 -1 502 501 468 -1 468 469 502 -1 503 502 469 -1 469 470 503 -1 504 503 470 -1 470 471 504 -1 505 504 471 -1 471 472 505 -1 506 505 472 -1 506 472 507 -1 473 507 472 -1 507 473 508 -1 474 508 473 -1 508 474 509 -1 475 509 474 -1 509 475 477 -1 476 477 475 -1 478 479 510 -1 511 510 479 -1 480 512 481 -1 513 481 512 -1 483 514 439 -1 482 439 514 -1 484 515 440 -1 483 440 515 -1 516 484 517 -1 485 517 484 -1 490 516 491 -1 517 491 516 -1 492 518 454 -1 490 454 518 -1 493 519 456 -1 492 456 519 -1 495 494 520 -1 521 520 494 -1 496 497 522 -1 523 522 497 -1 522 523 524 -1 525 524 523 -1 525 526 524 -1 527 524 526 -1 526 528 527 -1 529 527 528 -1 528 530 529 -1 531 529 530 -1 530 532 531 -1 533 531 532 -1 532 534 533 -1 535 533 534 -1 534 536 535 -1 537 535 536 -1 510 511 536 -1 537 536 511 -1 538 539 512 -1 513 512 539 -1 515 540 483 -1 514 483 540 -1 516 541 484 -1 515 484 541 -1 518 541 490 -1 516 490 541 -1 519 542 492 -1 518 492 542 -1 520 521 543 -1 544 543 521 -1 543 544 545 -1 546 545 544 -1 545 546 547 -1 548 547 546 -1 547 548 549 -1 550 549 548 -1 549 550 538 -1 539 538 550 -1 541 551 515 -1 540 515 551 -1 542 551 518 -1 541 518 551 -1 "
												                >
													<Coordinate DEF="coords_ME_ID751"
													            point="3.644360 1.217058 3.543307 4.012370 1.499442 3.543307 3.955358 0.678394 2.667747 4.452187 1.059624 2.667747 4.294753 1.867451 3.543307 4.833417 1.556454 2.667747 4.704625 0.807186 4.133858 4.012370 1.499442 3.543307 4.133858 0.369221 4.133858 3.644360 1.217058 3.543307 3.215803 1.039544 3.543307 3.376788 0.438742 2.667747 3.955358 0.678394 2.667747 4.452187 1.059624 2.667747 4.133858 0.369221 1.378533 4.704625 0.807186 1.378533 4.472267 2.296008 3.543307 5.073069 2.135024 2.667747 5.142590 1.377953 4.133858 4.294753 1.867451 3.543307 4.833417 1.556454 2.667747 5.142590 1.377953 1.378533 4.704625 0.807186 4.133858 4.133858 0.369221 4.133858 4.012370 1.499442 4.724409 3.644360 1.217058 4.724409 3.469186 0.093905 4.133858 3.215803 1.039544 3.543307 2.755905 0.978997 3.543307 2.755905 0.357002 2.667747 3.376788 0.438742 2.667747 3.469186 0.093905 1.378533 4.133858 0.369221 1.378533 4.704625 0.807186 1.378533 4.133858 0.369221 0.000000 4.704625 0.807186 0.000000 4.532814 2.755905 3.543307 5.154809 2.755905 2.667747 5.417906 2.042625 4.133858 4.472267 2.296008 3.543307 5.073069 2.135024 2.667747 5.417906 2.042625 1.378533 5.142590 1.377953 4.133858 4.294753 1.867451 4.724409 5.142590 1.377953 1.378533 5.142590 1.377953 0.000000 3.905801 0.764228 5.867542 4.382103 1.129708 5.867542 3.644360 1.217058 4.724409 4.012370 1.499442 4.724409 3.469186 0.093905 4.133858 3.215803 1.039544 4.724409 2.755905 0.000000 4.133858 2.755905 0.978997 3.543307 2.296008 1.039544 3.543307 2.135024 0.438742 2.667747 2.755905 0.357002 2.667747 2.755905 0.000000 1.378533 3.469186 0.093905 1.378533 3.469186 0.093905 0.000000 4.472267 3.215803 3.543307 5.073069 3.376788 2.667747 5.511811 2.755905 4.133858 4.532814 2.755905 3.543307 5.154809 2.755905 2.667747 5.511811 2.755905 1.378533 5.417906 2.042625 4.133858 4.472267 2.296008 4.724409 5.417906 2.042625 1.378533 5.417906 2.042625 0.000000 4.294753 1.867451 4.724409 4.747583 1.606010 5.867542 3.905801 0.764228 7.124585 4.382103 1.129708 7.124585 3.351135 0.534478 5.867542 3.215803 1.039544 4.724409 2.755905 0.000000 4.133858 2.755905 0.978997 4.724409 2.296008 1.039544 3.543307 2.042625 0.093905 4.133858 1.867451 1.217058 3.543307 1.556454 0.678394 2.667747 2.135024 0.438742 2.667747 2.042625 0.093905 1.378533 2.755905 0.000000 1.378533 2.755905 0.000000 0.000000 4.833417 3.955358 2.667747 4.294753 3.644360 3.543307 5.417906 3.469186 4.133858 4.472267 3.215803 3.543307 5.073069 3.376788 2.667747 5.417906 3.469186 1.378533 5.511811 2.755905 4.133858 4.532814 2.755905 4.724409 5.511811 2.755905 1.378533 5.511811 2.755905 0.000000 4.472267 2.296008 4.724409 4.977333 2.160676 5.867542 4.747583 1.606010 7.124585 3.644360 1.217058 8.267716 4.012370 1.499442 8.267716 3.351135 0.534478 7.124585 2.755905 0.456115 5.867542 2.755905 0.978997 4.724409 2.296008 1.039544 4.724409 2.042625 0.093905 4.133858 1.867451 1.217058 3.543307 1.377953 0.369221 4.133858 1.499442 1.499442 3.543307 1.059624 1.059624 2.667747 1.556454 0.678394 2.667747 1.377953 0.369221 1.378533 2.042625 0.093905 1.378533 2.042625 0.093905 0.000000 4.452187 4.452187 2.667747 4.012370 4.012370 3.543307 5.142590 4.133858 4.133858 4.294753 3.644360 3.543307 5.142590 4.133858 1.378533 4.833417 3.955358 2.667747 5.417906 3.469186 4.133858 4.472267 3.215803 4.724409 5.417906 3.469186 1.378533 5.417906 3.469186 0.000000 4.532814 2.755905 4.724409 5.055696 2.755905 5.867542 4.977333 2.160676 7.124585 4.294753 1.867451 8.267716 4.481914 1.029897 8.858268 4.012370 1.499442 8.267716 3.976378 0.641985 8.858268 3.644360 1.217058 8.267716 3.215803 1.039544 8.267716 2.755905 0.456115 7.124585 2.160676 0.534478 5.867542 2.296008 1.039544 4.724409 1.867451 1.217058 4.724409 1.377953 0.369221 4.133858 1.499442 1.499442 3.543307 0.807186 0.807186 4.133858 1.217058 1.867451 3.543307 0.678394 1.556454 2.667747 1.059624 1.059624 2.667747 0.807186 0.807186 1.378533 1.377953 0.369221 1.378533 1.377953 0.369221 0.000000 3.644360 4.294753 3.543307 3.955358 4.833417 2.667747 4.704625 4.704625 4.133858 4.012370 4.012370 3.543307 4.704625 4.704625 1.378533 4.452187 4.452187 2.667747 5.142590 4.133858 4.133858 4.294753 3.644360 4.724409 5.142590 4.133858 1.378533 5.142590 4.133858 0.000000 4.472267 3.215803 4.724409 4.977333 3.351135 5.867542 5.055696 2.755905 7.124585 4.472267 2.296008 8.267716 4.869825 1.535433 8.858268 4.294753 1.867451 8.267716 4.481914 1.029897 8.858268 3.976378 0.641985 8.858268 4.012370 1.499442 9.448818 3.644360 1.217058 9.448818 3.387669 0.398134 8.858268 3.215803 1.039544 8.267716 2.755905 0.978997 8.267716 2.160676 0.534478 7.124585 1.606010 0.764228 5.867542 1.867451 1.217058 4.724409 1.499442 1.499442 4.724409 0.807186 0.807186 4.133858 1.217058 1.867451 3.543307 0.369221 1.377953 4.133858 1.039544 2.296008 3.543307 0.438742 2.135024 2.667747 0.678394 1.556454 2.667747 0.369221 1.377953 1.378533 0.807186 0.807186 1.378533 0.807186 0.807186 0.000000 3.215803 4.472267 3.543307 3.376788 5.073069 2.667747 4.133858 5.142590 4.133858 3.644360 4.294753 3.543307 3.955358 4.833417 2.667747 4.133858 5.142590 1.378533 4.704625 4.704625 4.133858 4.012370 4.012370 4.724409 4.704625 4.704625 1.378533 4.704625 4.704625 0.000000 4.747583 3.905801 5.867542 4.294753 3.644360 4.724409 4.977333 3.351135 7.124585 4.532814 2.755905 8.267716 5.113677 2.124142 8.858268 4.472267 2.296008 8.267716 4.869825 1.535433 8.858268 4.294753 1.867451 9.448818 3.664816 1.181626 10.662947 4.041299 1.470511 10.662947 3.644360 1.217058 9.448818 4.012370 1.499442 9.448818 3.387669 0.398134 8.858268 3.215803 1.039544 9.448818 2.755905 0.314961 8.858268 2.755905 0.978997 8.267716 2.296008 1.039544 8.267716 1.606010 0.764228 7.124585 1.129708 1.129708 5.867542 1.499442 1.499442 4.724409 1.217058 1.867451 4.724409 0.369221 1.377953 4.133858 1.039544 2.296008 3.543307 0.093905 2.042625 4.133858 0.978997 2.755905 3.543307 0.357002 2.755905 2.667747 0.438742 2.135024 2.667747 0.093905 2.042625 1.378533 0.369221 1.377953 0.000000 0.369221 1.377953 1.378533 2.755905 4.532814 3.543307 2.755905 5.154809 2.667747 3.469186 5.417906 4.133858 3.215803 4.472267 3.543307 3.376788 5.073069 2.667747 3.469186 5.417906 1.378533 4.133858 5.142590 4.133858 3.644360 4.294753 4.724409 4.133858 5.142590 1.378533 4.133858 5.142590 0.000000 4.382103 4.382103 5.867542 4.012370 4.012370 4.724409 4.747583 3.905801 7.124585 4.472267 3.215803 8.267716 5.196850 2.755905 8.858268 4.532814 2.755905 8.267716 5.113677 2.124142 8.858268 4.472267 2.296008 9.448818 4.294753 1.867451 9.448818 4.330185 1.846995 10.662947 3.562544 1.358767 11.860420 3.896664 1.615147 11.860420 3.226392 1.000025 10.662947 3.215803 1.039544 9.448818 2.755905 0.314961 8.858268 2.755905 0.978997 9.448818 2.296008 1.039544 8.267716 2.124142 0.398134 8.858268 1.867451 1.217058 8.267716 1.129708 1.129708 7.124585 1.217058 1.867451 4.724409 0.764228 1.606010 5.867542 1.039544 2.296008 4.724409 0.093905 2.042625 4.133858 0.978997 2.755905 3.543307 -0.000000 2.755905 4.133858 0.438742 3.376788 2.667747 1.039544 3.215803 3.543307 0.357002 2.755905 2.667747 -0.000000 2.755905 1.378533 0.093905 2.042625 0.000000 0.093905 2.042625 1.378533 2.296008 4.472267 3.543307 2.135024 5.073069 2.667747 2.755905 4.532814 3.543307 2.755905 5.511811 4.133858 2.755905 5.154809 2.667747 2.755905 5.511811 1.378533 3.469186 5.417906 4.133858 3.215803 4.472267 4.724409 3.469186 5.417906 1.378533 3.469186 5.417906 0.000000 3.905801 4.747583 5.867542 3.644360 4.294753 4.724409 4.382103 4.382103 7.124585 4.294753 3.644360 8.267716 5.113677 3.387668 8.858268 4.472267 3.215803 8.267716 5.196850 2.755905 8.858268 4.532814 2.755905 9.448818 4.472267 2.296008 9.448818 4.511786 2.285419 10.662947 4.153044 1.949267 11.860420 3.341737 1.741216 12.992126 3.584396 1.927415 12.992126 3.173452 1.197600 11.860420 2.755905 0.938084 10.662947 2.755905 0.978997 9.448818 2.296008 1.039544 9.448818 2.124142 0.398134 8.858268 1.867451 1.217058 8.267716 1.535433 0.641985 8.858268 1.499442 1.499442 8.267716 0.764228 1.606010 7.124585 1.039544 2.296008 4.724409 0.534478 2.160676 5.867542 0.978997 2.755905 4.724409 -0.000000 2.755905 4.133858 1.039544 3.215803 3.543307 0.093905 3.469186 4.133858 0.678394 3.955358 2.667747 1.217058 3.644360 3.543307 0.093905 3.469186 1.378533 0.438742 3.376788 2.667747 -0.000000 2.755905 0.000000 -0.000000 2.755905 1.378533 1.867451 4.294753 3.543307 1.556454 4.833417 2.667747 2.296008 4.472267 3.543307 2.042625 5.417906 4.133858 2.135024 5.073069 2.667747 2.042625 5.417906 1.378533 2.755905 5.511811 4.133858 2.755905 4.532814 4.724409 2.755905 5.511811 1.378533 2.755905 5.511811 0.000000 3.351135 4.977333 5.867542 3.215803 4.472267 4.724409 3.905801 4.747583 7.124585 4.012370 4.012370 8.267716 4.869825 3.976378 8.858268 4.294753 3.644360 8.267716 5.113677 3.387668 8.858268 4.472267 3.215803 9.448818 4.532814 2.755905 9.448818 4.573727 2.755905 10.662947 4.314211 2.338359 11.860420 3.770595 2.170074 12.992126 3.927568 2.755905 12.992126 3.887645 2.452657 12.992126 3.887645 3.059154 12.992126 3.770595 3.341737 12.992126 3.770595 2.170074 12.992126 3.584396 3.584396 12.992126 3.584396 1.927415 12.992126 3.341737 1.741216 12.992126 3.341737 3.770595 12.992126 3.059154 3.887645 12.992126 3.059154 1.624167 12.992126 2.755905 3.927568 12.992126 2.755905 1.584243 12.992126 2.452657 3.887645 12.992126 2.452657 1.624167 12.992126 2.170074 1.741216 12.992126 2.170074 3.770595 12.992126 1.927415 3.584396 12.992126 1.927415 1.927415 12.992126 1.741216 3.341737 12.992126 1.741216 2.170074 12.992126 1.624167 3.059154 12.992126 1.624167 2.452657 12.992126 1.584243 2.755905 12.992126 3.059154 1.624167 12.992126 2.755905 1.142629 11.860420 2.285419 1.000025 10.662947 2.296008 1.039544 9.448818 1.867451 1.217058 9.448818 1.535433 0.641985 8.858268 1.499442 1.499442 8.267716 1.029897 1.029897 8.858268 1.217058 1.867451 8.267716 0.534478 2.160676 7.124585 0.978997 2.755905 4.724409 0.456115 2.755905 5.867542 1.039544 3.215803 4.724409 0.093905 3.469186 4.133858 1.217058 3.644360 3.543307 0.369221 4.133858 4.133858 1.059624 4.452187 2.667747 1.499442 4.012369 3.543307 0.369221 4.133858 1.378533 0.678394 3.955358 2.667747 0.093905 3.469186 0.000000 0.093905 3.469186 1.378533 1.867451 4.294753 3.543307 1.377953 5.142590 4.133858 1.556454 4.833417 2.667747 1.377953 5.142590 1.378533 2.296008 4.472267 4.724409 2.042625 5.417906 4.133858 2.042625 5.417906 1.378533 2.042625 5.417906 0.000000 2.755905 5.055696 5.867542 2.755905 4.532814 4.724409 3.351135 4.977333 7.124585 3.644360 4.294753 8.267716 4.481914 4.481914 8.858268 4.012370 4.012370 8.267716 4.869825 3.976378 8.858268 4.294753 3.644360 9.448818 4.511786 3.226393 10.662947 4.472267 3.215803 9.448818 4.369182 2.755905 11.860420 3.887645 2.452657 12.992126 3.927568 2.755905 12.992126 3.887645 3.059154 12.992126 4.314211 3.173452 11.860420 4.153044 3.562544 11.860420 3.770595 3.341737 12.992126 3.896664 3.896664 11.860420 3.584396 3.584396 12.992126 3.341737 3.770595 12.992126 3.562544 4.153044 11.860420 3.059154 3.887645 12.992126 3.173452 4.314211 11.860420 2.755905 3.927568 12.992126 2.755905 4.369182 11.860420 2.452657 3.887645 12.992126 2.338359 4.314211 11.860420 2.170074 3.770595 12.992126 1.949267 4.153044 11.860420 1.927415 3.584396 12.992126 1.615147 3.896664 11.860420 1.358767 3.562544 11.860420 1.741216 3.341737 12.992126 1.197600 3.173452 11.860420 1.624167 3.059154 12.992126 1.142629 2.755905 11.860420 1.584243 2.755905 12.992126 1.624167 2.452657 12.992126 1.197600 2.338359 11.860420 1.741216 2.170074 12.992126 1.358767 1.949267 11.860420 1.927415 1.927415 12.992126 1.615147 1.615147 11.860420 2.170074 1.741216 12.992126 1.949267 1.358767 11.860420 2.452657 1.624167 12.992126 2.338359 1.197600 11.860420 2.755905 1.584243 12.992126 1.846995 1.181626 10.662947 1.867451 1.217058 9.448818 1.499442 1.499442 9.448818 1.029897 1.029897 8.858268 1.217058 1.867451 8.267716 0.641985 1.535433 8.858268 1.039544 2.296008 8.267716 0.456115 2.755905 7.124585 0.534478 3.351135 5.867542 1.039544 3.215803 4.724409 1.217058 3.644360 4.724409 0.369221 4.133858 4.133858 1.499442 4.012369 3.543307 0.807186 4.704625 4.133858 0.807186 4.704625 1.378533 1.059624 4.452187 2.667747 0.369221 4.133858 0.000000 0.369221 4.133858 1.378533 1.867451 4.294753 4.724409 1.377953 5.142590 4.133858 1.377953 5.142590 1.378533 1.377953 5.142590 0.000000 2.160676 4.977333 5.867542 2.296008 4.472267 4.724409 2.755905 5.055696 7.124585 3.215803 4.472267 8.267716 3.976378 4.869825 8.858268 3.644360 4.294753 8.267716 4.481914 4.481914 8.858268 4.012370 4.012370 9.448818 4.330185 3.664816 10.662947 4.294753 3.644360 9.448818 4.041299 4.041299 10.662947 3.664816 4.330185 10.662947 3.226392 4.511786 10.662947 2.755905 4.573727 10.662947 2.285419 4.511786 10.662947 1.846995 4.330185 10.662947 1.470511 4.041299 10.662947 1.181626 3.664816 10.662947 1.000025 3.226392 10.662947 0.938084 2.755905 10.662947 1.000025 2.285419 10.662947 1.181626 1.846995 10.662947 1.470511 1.470511 10.662947 1.499442 1.499442 9.448818 1.217058 1.867451 9.448818 0.641985 1.535433 8.858268 1.039544 2.296008 8.267716 0.398134 2.124142 8.858268 0.978997 2.755905 8.267716 0.534478 3.351135 7.124585 0.764228 3.905801 5.867542 1.217058 3.644360 4.724409 1.499442 4.012369 4.724409 0.807186 4.704625 4.133858 0.807186 4.704625 0.000000 0.807186 4.704625 1.378533 1.606010 4.747583 5.867542 1.867451 4.294753 4.724409 2.160676 4.977333 7.124585 2.755905 4.532814 8.267716 3.387669 5.113677 8.858268 3.215803 4.472267 8.267716 3.976378 4.869825 8.858268 3.644360 4.294753 9.448818 4.012370 4.012370 9.448818 3.644360 4.294753 9.448818 3.215803 4.472267 9.448818 2.755905 4.532814 9.448818 2.296008 4.472267 9.448818 1.867451 4.294753 9.448818 1.499442 4.012369 9.448818 1.217058 3.644360 9.448818 1.039544 3.215803 9.448818 0.978997 2.755905 9.448818 1.039544 2.296008 9.448818 1.217058 1.867451 9.448818 1.039544 2.296008 9.448818 0.398134 2.124142 8.858268 0.978997 2.755905 8.267716 0.314961 2.755905 8.858268 1.039544 3.215803 8.267716 0.764228 3.905801 7.124585 1.129708 4.382103 5.867542 1.499442 4.012369 4.724409 1.606010 4.747583 7.124585 2.296008 4.472267 8.267716 2.755905 4.532814 8.267716 2.755905 5.196850 8.858268 3.387669 5.113677 8.858268 3.215803 4.472267 9.448818 2.755905 5.196850 8.858268 2.755905 4.532814 9.448818 2.296008 4.472267 9.448818 2.124142 5.113677 8.858268 1.867451 4.294753 9.448818 1.535433 4.869825 8.858268 1.499442 4.012369 9.448818 1.029897 4.481914 8.858268 1.217058 3.644360 9.448818 0.641985 3.976378 8.858268 1.039544 3.215803 9.448818 0.398134 3.387668 8.858268 0.978997 2.755905 9.448818 0.314961 2.755905 8.858268 1.039544 3.215803 8.267716 0.398134 3.387668 8.858268 1.217058 3.644360 8.267716 1.129708 4.382103 7.124585 1.867451 4.294753 8.267716 2.296008 4.472267 8.267716 2.124142 5.113677 8.858268 1.867451 4.294753 8.267716 1.535433 4.869825 8.858268 1.499442 4.012369 8.267716 1.029897 4.481914 8.858268 1.217058 3.644360 8.267716 0.641985 3.976378 8.858268 1.499442 4.012369 8.267716 "
													            />
												</IndexedFaceSet>
											</Shape>
										</Group>
									</Transform>
								</Transform>
							</Transform>
						</Transform>
						<Transform DEF="交互枓_9_002_TRANSFORM"
						           translation="-148.689041 64.979057 -114.607872"
						           scale="1.000000 1.000000 1.000000"
						           rotation="0.000000 0.000000 1.000000 1.570796"
						           >
							<Transform DEF="交互枓_9_002_ifs_TRANSFORM"
							           translation="0.000000 0.000001 0.000000"
							           scale="1.000000 1.000000 1.000000"
							           rotation="0.000000 1.000000 0.000000 0.000000"
							           >
								<Group DEF="group_ME_ID184">
									<Shape>
										<Appearance>
										</Appearance>
										<IndexedFaceSet solid="false"
										                coordIndex="0 1 2 -1 1 0 3 -1 4 5 6 -1 5 7 8 -1 7 5 9 -1 9 5 4 -1 10 11 12 -1 11 10 13 -1 14 15 16 -1 15 14 17 -1 17 14 18 -1 18 14 19 -1 3 20 1 -1 20 3 21 -1 22 23 24 -1 23 22 25 -1 26 27 28 -1 29 30 31 -1 30 29 32 -1 30 32 33 -1 33 32 27 -1 33 27 26 -1 34 35 36 -1 35 34 37 -1 38 39 40 -1 39 38 41 -1 41 38 42 -1 42 38 43 -1 44 45 46 -1 45 44 47 -1 48 49 50 -1 49 51 52 -1 51 49 53 -1 53 49 48 -1 54 55 56 -1 55 54 57 -1 58 25 22 -1 25 58 59 -1 60 61 62 -1 61 60 63 -1 63 60 64 -1 65 66 67 -1 66 65 68 -1 68 65 69 -1 70 71 72 -1 71 70 73 -1 74 75 76 -1 75 74 77 -1 78 79 80 -1 79 78 81 -1 79 81 82 -1 82 81 83 -1 83 81 84 -1 84 81 85 -1 86 80 79 -1 87 47 44 -1 47 87 88 -1 89 90 91 -1 90 89 92 -1 93 94 95 -1 94 93 96 -1 73 97 71 -1 97 73 98 -1 99 100 101 -1 100 99 102 -1 100 102 103 -1 100 103 104 -1 91 105 106 -1 105 91 90 -1 95 107 108 -1 107 95 94 -1 98 109 97 -1 109 98 110 -1 111 102 99 -1 102 111 112 -1 102 112 113 -1 102 113 103 -1 106 114 115 -1 114 106 105 -1 108 116 117 -1 116 108 107 -1 118 119 120 -1 119 118 121 -1 122 112 111 -1 112 122 123 -1 112 123 113 -1 "
										                >
											<Coordinate DEF="coords_ME_ID184"
											            point="0.590551 1.574803 3.149606 5.118110 5.511811 3.149606 0.590551 5.511811 3.149606 5.118110 1.574803 3.149606 5.118110 5.511811 3.937008 0.590551 5.511811 3.149606 5.118110 5.511811 3.149606 -0.000000 5.511811 2.362205 0.590551 5.511811 2.362205 -0.000000 5.511811 3.937008 0.590551 5.511811 3.149606 0.590551 1.574803 2.362205 0.590551 1.574803 3.149606 0.590551 5.511811 2.362205 0.000000 1.574803 3.937008 0.590551 1.574803 2.362205 0.000000 1.574803 2.362205 0.590551 1.574803 3.149606 5.118110 1.574803 3.149606 5.118110 1.574803 3.937008 5.708661 5.511811 3.149606 5.708661 1.574803 3.149606 5.118110 5.511811 3.937008 0.000000 7.086615 3.937008 -0.000000 5.511811 3.937008 5.118110 7.086615 3.937008 0.000000 7.086615 3.937008 -0.000000 5.511811 2.362205 -0.000000 5.511811 3.937008 0.000000 1.574803 3.937008 0.000000 0.000000 1.574803 0.000000 0.000000 3.937008 0.000000 1.574803 2.362205 0.000000 7.086615 1.574803 0.000000 1.574803 2.362205 0.590551 5.511811 2.362205 -0.000000 5.511811 2.362205 0.590551 1.574803 2.362205 6.299213 5.511811 3.937008 5.708661 5.511811 2.362205 6.299213 5.511811 2.362205 5.708661 5.511811 3.149606 5.118110 5.511811 3.149606 5.118110 5.511811 3.937008 5.118110 0.000000 3.937008 0.000000 1.574803 3.937008 0.000000 0.000000 3.937008 5.118110 1.574803 3.937008 5.118110 1.574803 3.937008 5.708661 1.574803 3.149606 5.118110 1.574803 3.149606 6.299213 1.574803 2.362205 5.708661 1.574803 2.362205 6.299213 1.574803 3.937008 5.708661 5.511811 2.362205 5.708661 1.574803 3.149606 5.708661 1.574803 2.362205 5.708661 5.511811 3.149606 6.299213 5.511811 3.937008 6.299213 7.086614 3.937008 0.000000 7.086615 3.937008 6.299213 7.086614 1.574803 0.000000 7.086615 1.574803 6.299213 7.086614 3.937008 5.118110 7.086615 3.937008 6.299213 0.000000 3.937008 0.000000 0.000000 1.574803 6.299213 0.000000 1.574803 0.000000 0.000000 3.937008 5.118110 0.000000 3.937008 0.000000 7.086615 1.574803 0.414843 0.414843 1.135672 0.000000 0.000000 1.574803 0.414843 6.671771 1.135672 6.299213 1.574803 2.362205 5.708661 5.511811 2.362205 5.708661 1.574803 2.362205 6.299213 5.511811 2.362205 6.299213 0.000000 1.574803 6.299213 1.574803 2.362205 6.299213 0.000000 3.937008 6.299213 6.299213 1.574803 6.299213 5.511811 2.362205 6.299213 5.511811 3.937008 6.299213 7.086614 3.937008 6.299213 7.086614 1.574803 6.299213 1.574803 3.937008 6.299213 0.000000 3.937008 6.299213 1.574803 3.937008 0.000000 7.086615 1.574803 5.884369 6.671771 1.135672 0.414843 6.671771 1.135672 6.299213 7.086614 1.574803 6.299213 0.000000 1.574803 0.414843 0.414843 1.135672 5.884369 0.414843 1.135672 0.000000 0.000000 1.574803 0.685003 0.685003 0.595353 0.685003 6.401612 0.595353 5.884369 0.414843 1.135672 6.299213 6.299213 1.574803 6.299213 0.000000 1.574803 5.884369 6.299213 1.135672 5.884369 6.671771 1.135672 6.299213 7.086614 1.574803 5.614210 6.401612 0.595353 0.685003 6.401612 0.595353 0.685003 0.685003 0.595353 5.614210 0.685003 0.595353 0.787402 0.787402 0.000000 0.787402 6.299213 0.000000 5.614210 0.685003 0.595353 5.614210 6.299213 0.595353 5.614210 6.401612 0.595353 5.511811 6.299213 0.000000 0.787402 6.299213 0.000000 0.787402 0.787402 0.000000 5.511811 0.787402 0.000000 5.511811 6.299213 0.000000 0.787402 0.787402 0.000000 0.787402 6.299213 0.000000 5.511811 0.787402 0.000000 5.511811 0.787402 0.000000 5.511811 6.299213 0.000000 "
											            />
										</IndexedFaceSet>
									</Shape>
								</Group>
							</Transform>
						</Transform>
						<Transform DEF="交互枓_9_003_TRANSFORM"
						           translation="-137.271729 83.482994 -114.607872"
						           scale="1.000000 1.000000 1.000000"
						           rotation="-0.000000 -0.000000 -1.000000 3.141593"
						           >
							<Transform DEF="交互枓_9_003_ifs_TRANSFORM"
							           translation="-0.000001 0.000000 0.000000"
							           scale="1.000000 1.000000 1.000000"
							           rotation="0.000000 1.000000 0.000000 0.000000"
							           >
								<Group USE="group_ME_ID184" />
							</Transform>
						</Transform>
						<Transform DEF="散枓_002_TRANSFORM"
						           translation="-160.106369 83.089287 -114.607872"
						           scale="-1.000000 -1.000000 -1.000000"
						           rotation="-0.707107 -0.707107 -0.000000 3.141593"
						           >
							<Transform DEF="散枓_002_ifs_TRANSFORM"
							           translation="-0.000001 0.000000 0.000000"
							           scale="1.000000 1.000000 1.000000"
							           rotation="0.000000 1.000000 0.000000 0.000000"
							           >
								<Group DEF="group_ME_ID175_001">
									<Shape>
										<Appearance>
										</Appearance>
										<IndexedFaceSet solid="false"
										                coordIndex="0 1 2 -1 3 2 1 -1 4 5 6 -1 5 7 6 -1 8 6 7 -1 9 10 11 -1 12 11 10 -1 13 14 15 -1 16 15 14 -1 17 18 0 -1 1 0 18 -1 19 20 21 -1 22 21 20 -1 23 4 24 -1 4 6 24 -1 6 8 24 -1 25 24 8 -1 14 26 16 -1 27 16 26 -1 28 29 17 -1 18 17 29 -1 30 31 19 -1 20 19 31 -1 32 23 33 -1 23 24 33 -1 24 25 33 -1 34 33 25 -1 26 35 27 -1 36 27 35 -1 37 38 39 -1 40 41 38 -1 39 38 41 -1 42 43 40 -1 43 44 40 -1 41 40 44 -1 45 46 30 -1 31 30 46 -1 47 48 49 -1 49 48 50 -1 51 50 48 -1 52 53 54 -1 55 54 53 -1 56 57 58 -1 59 58 57 -1 60 61 62 -1 63 62 61 -1 64 65 66 -1 67 66 65 -1 68 69 70 -1 71 70 69 -1 72 73 74 -1 75 74 73 -1 76 77 78 -1 79 80 77 -1 78 77 80 -1 81 82 79 -1 82 83 79 -1 80 79 83 -1 "
										                >
											<Coordinate DEF="coords_ME_ID175_001"
											            point="5.614210 4.826808 0.595353 0.685003 4.826808 0.595353 5.511811 4.724409 0.000000 0.787402 4.724409 0.000000 5.614210 4.826808 0.595353 5.511811 4.724409 0.000000 5.614210 4.724409 0.595353 5.511811 0.787402 0.000000 5.614210 0.685003 0.595353 5.511811 0.787402 0.000000 5.511811 4.724409 0.000000 0.787402 0.787402 0.000000 0.787402 4.724409 0.000000 0.787402 4.724409 0.000000 0.685003 4.826808 0.595353 0.787402 0.787402 0.000000 0.685003 0.685003 0.595353 5.884369 5.096968 1.135672 0.414843 5.096968 1.135672 0.685003 0.685003 0.595353 5.614210 0.685003 0.595353 0.787402 0.787402 0.000000 5.511811 0.787402 0.000000 5.884369 5.096968 1.135672 5.884369 4.724409 1.135672 5.884369 0.414843 1.135672 0.414843 5.096968 1.135672 0.414843 0.414843 1.135672 6.299213 5.511811 1.574803 0.000000 5.511811 1.574803 0.414843 0.414843 1.135672 5.884369 0.414843 1.135672 6.299213 5.511811 1.574803 6.299213 4.724409 1.574803 6.299213 0.000000 1.574803 0.000000 5.511811 1.574803 0.000000 0.000000 1.574803 5.118110 5.511811 3.937008 5.118110 5.511811 2.362205 6.299213 5.511811 3.937008 1.181102 5.511811 2.362205 6.299213 5.511811 1.574803 1.181102 5.511811 3.937008 0.000000 5.511811 3.937008 0.000000 5.511811 1.574803 0.000000 0.000000 1.574803 6.299213 0.000000 1.574803 6.299213 5.511811 1.574803 6.299213 4.724409 1.574803 6.299213 5.511811 3.937008 6.299213 0.000000 3.937008 6.299213 0.000000 1.574803 0.000000 5.511811 1.574803 0.000000 5.511811 3.937008 0.000000 0.000000 1.574803 0.000000 0.000000 3.937008 1.181102 5.511811 3.937008 1.181102 0.000000 3.937008 0.000000 5.511811 3.937008 0.000000 0.000000 3.937008 1.181102 5.511811 3.937008 1.181102 5.511811 2.362205 1.181102 0.000000 3.937008 1.181102 0.000000 2.362205 5.118110 5.511811 2.362205 5.118110 0.000000 2.362205 1.181102 5.511811 2.362205 1.181102 0.000000 2.362205 5.118110 5.511811 2.362205 5.118110 5.511811 3.937008 5.118110 0.000000 2.362205 5.118110 0.000000 3.937008 6.299213 5.511811 3.937008 6.299213 0.000000 3.937008 5.118110 5.511811 3.937008 5.118110 0.000000 3.937008 1.181102 0.000000 3.937008 1.181102 0.000000 2.362205 0.000000 0.000000 3.937008 5.118110 0.000000 2.362205 0.000000 0.000000 1.574803 5.118110 0.000000 3.937008 6.299213 0.000000 3.937008 6.299213 0.000000 1.574803 "
											            />
										</IndexedFaceSet>
									</Shape>
								</Group>
							</Transform>
						</Transform>
						<Transform DEF="散枓_003_TRANSFORM"
						           translation="-149.082748 87.813698 -114.607872"
						           scale="-1.000000 -1.000000 -1.000000"
						           rotation="-1.000000 0.000000 0.000000 3.141593"
						           >
							<Transform DEF="散枓_003_ifs_TRANSFORM"
							           translation="0.000001 0.000000 -0.000000"
							           scale="1.000000 1.000000 1.000000"
							           rotation="0.000000 1.000000 0.000000 0.000000"
							           >
								<Group USE="group_ME_ID175_001" />
							</Transform>
						</Transform>
						<Transform DEF="交互枓_9_004_TRANSFORM"
						           translation="-135.690155 68.408478 -114.607872"
						           scale="1.000000 1.000000 1.000000"
						           rotation="0.000000 0.000000 1.000000 2.356194"
						           >
							<Transform DEF="交互枓_9_004_ifs_TRANSFORM"
							           translation="-0.000004 0.000001 0.000000"
							           scale="1.000000 1.000000 1.000000"
							           rotation="0.000000 1.000000 0.000000 0.000000"
							           >
								<Group USE="group_ME_ID184" />
							</Transform>
						</Transform>
						<Transform DEF="散枓_004_TRANSFORM"
						           translation="-125.460701 89.388504 -98.082993"
						           scale="-1.000000 -1.000000 -1.000000"
						           rotation="-1.000000 0.000000 0.000000 3.141593"
						           >
							<Transform DEF="散枓_004_ifs_TRANSFORM"
							           translation="-0.000002 -0.000000 0.000001"
							           scale="1.000000 1.000000 1.000000"
							           rotation="0.000000 1.000000 0.000000 0.000000"
							           >
								<Group USE="group_ME_ID175_001" />
							</Transform>
						</Transform>
						<Transform DEF="散枓_005_TRANSFORM"
						           translation="-125.460693 43.325512 -98.082993"
						           scale="-1.000000 -1.000000 -1.000000"
						           rotation="-1.000000 0.000000 0.000000 3.141593"
						           >
							<Transform DEF="散枓_005_ifs_TRANSFORM"
							           translation="0.000002 -0.000000 0.000001"
							           scale="1.000000 1.000000 1.000000"
							           rotation="0.000000 1.000000 0.000000 0.000000"
							           >
								<Group USE="group_ME_ID175_001" />
							</Transform>
						</Transform>
						<Transform DEF="散枓_006_TRANSFORM"
						           translation="-166.011871 71.278267 -98.018158"
						           scale="-1.000000 -1.000000 -1.000000"
						           rotation="-0.707107 -0.707107 -0.000000 3.141593"
						           >
							<Transform DEF="散枓_006_ifs_TRANSFORM"
							           translation="0.000001 0.000000 0.000000"
							           scale="1.000000 1.000000 1.000000"
							           rotation="0.000000 1.000000 0.000000 0.000000"
							           >
								<Group USE="group_ME_ID175_001" />
							</Transform>
						</Transform>
						<Transform DEF="散枓_007_TRANSFORM"
						           translation="-137.271729 93.325516 -98.072441"
						           scale="-1.000000 -1.000000 -1.000000"
						           rotation="-1.000000 0.000000 0.000000 3.141593"
						           >
							<Transform DEF="散枓_007_ifs_TRANSFORM"
							           translation="-0.000002 0.000001 0.000000"
							           scale="1.000000 1.000000 1.000000"
							           rotation="0.000000 1.000000 0.000000 0.000000"
							           >
								<Group USE="group_ME_ID175_001" />
							</Transform>
						</Transform>
						<Transform DEF="散枓_008_TRANSFORM"
						           translation="-161.681168 59.467243 -98.082993"
						           scale="-1.000000 -1.000000 -1.000000"
						           rotation="-0.707107 -0.707107 -0.000000 3.141593"
						           >
							<Transform DEF="散枓_008_ifs_TRANSFORM"
							           translation="0.000001 0.000000 -0.000001"
							           scale="1.000000 1.000000 1.000000"
							           rotation="0.000000 1.000000 0.000000 0.000000"
							           >
								<Group USE="group_ME_ID175_001" />
							</Transform>
						</Transform>
						<Transform DEF="散枓_009_TRANSFORM"
						           translation="-115.618172 59.467243 -98.082993"
						           scale="-1.000000 -1.000000 -1.000000"
						           rotation="-0.707107 -0.707107 -0.000000 3.141593"
						           >
							<Transform DEF="散枓_009_ifs_TRANSFORM"
							           translation="0.000001 0.000000 -0.000001"
							           scale="1.000000 1.000000 1.000000"
							           rotation="0.000000 1.000000 0.000000 0.000000"
							           >
								<Group USE="group_ME_ID175_001" />
							</Transform>
						</Transform>
						<Transform DEF="散枓_010_TRANSFORM"
						           translation="-138.059128 59.467243 -98.068077"
						           scale="-1.000000 -1.000000 -1.000000"
						           rotation="-0.707107 -0.707107 -0.000000 3.141593"
						           >
							<Transform DEF="散枓_010_ifs_TRANSFORM"
							           translation="0.000001 0.000000 -0.000001"
							           scale="1.000000 1.000000 1.000000"
							           rotation="0.000000 1.000000 0.000000 0.000000"
							           >
								<Group USE="group_ME_ID175_001" />
							</Transform>
						</Transform>
						<Transform DEF="散枓_011_TRANSFORM"
						           translation="-125.460693 65.766457 -98.082993"
						           scale="-1.000000 -1.000000 -1.000000"
						           rotation="-1.000000 0.000000 0.000000 3.141593"
						           >
							<Transform DEF="散枓_011_ifs_TRANSFORM"
							           translation="0.000004 -0.000000 0.000001"
							           scale="1.000000 1.000000 1.000000"
							           rotation="0.000000 1.000000 0.000000 0.000000"
							           >
								<Group USE="group_ME_ID175_001" />
							</Transform>
						</Transform>
						<Transform DEF="散枓_012_TRANSFORM"
						           translation="-165.618179 83.089287 -106.340157"
						           scale="-1.000000 -1.000000 -1.000000"
						           rotation="-0.707107 -0.707107 -0.000000 3.141593"
						           >
							<Transform DEF="散枓_012_ifs_TRANSFORM"
							           translation="-0.000002 0.000000 -0.000001"
							           scale="1.000000 1.000000 1.000000"
							           rotation="0.000000 1.000000 0.000000 0.000000"
							           >
								<Group USE="group_ME_ID175_001" />
							</Transform>
						</Transform>
						<Transform DEF="散枓_013_TRANSFORM"
						           translation="-149.082748 93.325508 -106.340157"
						           scale="-1.000000 -1.000000 -1.000000"
						           rotation="-1.000000 0.000000 0.000000 3.141593"
						           >
							<Transform DEF="散枓_013_ifs_TRANSFORM"
							           translation="-0.000002 -0.000001 0.000000"
							           scale="1.000000 1.000000 1.000000"
							           rotation="0.000000 1.000000 0.000000 0.000000"
							           >
								<Group USE="group_ME_ID175_001" />
							</Transform>
						</Transform>
						<Transform DEF="散枓_014_TRANSFORM"
						           translation="-160.106369 71.278267 -106.340157"
						           scale="-1.000000 -1.000000 -1.000000"
						           rotation="-0.707107 -0.707107 -0.000000 3.141593"
						           >
							<Transform DEF="散枓_014_ifs_TRANSFORM"
							           translation="-0.000002 0.000000 0.000000"
							           scale="1.000000 1.000000 1.000000"
							           rotation="0.000000 1.000000 0.000000 0.000000"
							           >
								<Group USE="group_ME_ID175_001" />
							</Transform>
						</Transform>
						<Transform DEF="散枓_015_TRANSFORM"
						           translation="-137.271729 87.754395 -106.340157"
						           scale="-1.000000 -1.000000 -1.000000"
						           rotation="-1.000000 0.000000 0.000000 3.141593"
						           >
							<Transform DEF="散枓_015_ifs_TRANSFORM"
							           translation="0.000001 -0.000000 0.000001"
							           scale="1.000000 1.000000 1.000000"
							           rotation="0.000000 1.000000 0.000000 0.000000"
							           >
								<Group USE="group_ME_ID175_001" />
							</Transform>
						</Transform>
						<Transform DEF="散枓_016_TRANSFORM"
						           translation="-137.271713 59.801640 -106.340157"
						           scale="-1.000000 -1.000000 -1.000000"
						           rotation="-1.000000 0.000000 0.000000 3.141593"
						           >
							<Transform DEF="散枓_016_ifs_TRANSFORM"
							           translation="-0.000001 0.000002 -0.000001"
							           scale="1.000000 1.000000 1.000000"
							           rotation="0.000000 1.000000 0.000000 0.000000"
							           >
								<Group USE="group_ME_ID175_001" />
							</Transform>
						</Transform>
						<Transform DEF="散枓_017_TRANSFORM"
						           translation="-132.153610 71.278275 -106.340157"
						           scale="-1.000000 -1.000000 -1.000000"
						           rotation="-0.707107 -0.707107 -0.000000 3.141593"
						           >
							<Transform DEF="散枓_017_ifs_TRANSFORM"
							           translation="-0.000002 0.000000 0.000000"
							           scale="1.000000 1.000000 1.000000"
							           rotation="0.000000 1.000000 0.000000 0.000000"
							           >
								<Group USE="group_ME_ID175_001" />
							</Transform>
						</Transform>
						<Transform DEF="交互枓_9_005_TRANSFORM"
						           translation="-148.689041 53.168034 -106.350708"
						           scale="1.000000 1.000000 1.000000"
						           rotation="0.000000 0.000000 1.000000 1.570796"
						           >
							<Transform DEF="交互枓_9_005_ifs_TRANSFORM"
							           translation="-0.000004 0.000002 0.000000"
							           scale="1.000000 1.000000 1.000000"
							           rotation="0.000000 1.000000 0.000000 0.000000"
							           >
								<Group USE="group_ME_ID184" />
							</Transform>
						</Transform>
						<Transform DEF="交互枓_9_006_TRANSFORM"
						           translation="-125.460701 83.482994 -106.350708"
						           scale="1.000000 1.000000 1.000000"
						           rotation="-0.000000 -0.000000 -1.000000 3.141593"
						           >
							<Transform DEF="交互枓_9_006_ifs_TRANSFORM"
							           translation="0.000003 0.000001 0.000000"
							           scale="1.000000 1.000000 1.000000"
							           rotation="0.000000 1.000000 0.000000 0.000000"
							           >
								<Group USE="group_ME_ID184" />
							</Transform>
						</Transform>
					</Transform>
					<Transform DEF="instance_79_TRANSFORM"
					           translation="118.381241 118.409233 125.237793"
					           scale="1.000000 1.000000 1.000000"
					           rotation="-0.000000 -0.000000 -1.000000 3.141593"
					           >
						<Transform DEF="instance_79_ifs_TRANSFORM"
						           translation="0.000000 0.000000 0.000000"
						           scale="1.000000 1.000000 1.000000"
						           rotation="0.000000 1.000000 0.000000 0.000000"
						           >
							<Group USE="group_ME_ID842_001" />
						</Transform>
						<Transform DEF="group_71_003_TRANSFORM"
						           translation="66.068451 81.752762 -120.513382"
						           scale="-1.000000 -1.000000 -1.000000"
						           rotation="-0.000000 1.000000 -0.000000 3.141593"
						           >
							<Transform DEF="group_71_003_ifs_TRANSFORM"
							           translation="0.000000 0.000000 -0.000000"
							           scale="1.000000 1.000000 1.000000"
							           rotation="0.000000 0.000000 0.000000 0.000000"
							           >
								<Group USE="group_ME_ID591" />
							</Transform>
						</Transform>
						<Transform DEF="group_72_003_TRANSFORM"
						           translation="77.879478 66.004730 -120.513382"
						           scale="-1.000000 -1.000000 -1.000000"
						           rotation="-0.707107 0.707107 -0.000000 3.141593"
						           >
							<Transform DEF="group_72_003_ifs_TRANSFORM"
							           translation="0.000000 0.000000 0.000000"
							           scale="1.000000 1.000000 1.000000"
							           rotation="0.000000 1.000000 0.000000 0.000000"
							           >
								<Group USE="group_ME_ID598" />
							</Transform>
						</Transform>
						<Transform DEF="group_73_003_TRANSFORM"
						           translation="92.387100 60.492924 -112.206299"
						           scale="-1.000000 -1.000000 -1.000000"
						           rotation="1.000000 0.000000 -0.000000 3.141593"
						           >
						</Transform>
						<Transform DEF="group_74_013_TRANSFORM"
						           translation="93.579872 96.363770 -103.977951"
						           scale="-1.000000 -1.000000 -1.000000"
						           rotation="-0.382683 0.923880 -0.000000 3.141593"
						           >
							<Transform DEF="group_74_013_ifs_TRANSFORM"
							           translation="-0.000008 0.000004 0.000001"
							           scale="1.000000 1.000000 1.000000"
							           rotation="0.000000 -0.000000 0.000000 0.000000"
							           >
								<Group USE="group_ME_ID615" />
							</Transform>
						</Transform>
						<Transform DEF="group_75_003_TRANSFORM"
						           translation="59.916607 62.700500 -112.251015"
						           scale="-1.000000 -1.000000 -1.000000"
						           rotation="-0.382683 0.923880 -0.000000 3.141593"
						           >
							<Transform DEF="group_75_003_ifs_TRANSFORM"
							           translation="-0.000002 0.000001 0.000001"
							           scale="1.000000 1.000000 1.000000"
							           rotation="0.000000 1.000000 0.000000 0.000000"
							           >
								<Group USE="group_ME_ID644" />
							</Transform>
						</Transform>
						<Transform DEF="group_76_003_TRANSFORM"
						           translation="80.281052 77.815765 -103.988503"
						           scale="-1.000000 -1.000000 -1.000000"
						           rotation="1.000000 0.000000 -0.000000 3.141593"
						           >
							<Transform DEF="group_76_003_ifs_TRANSFORM"
							           translation="-0.000000 -0.000000 0.000001"
							           scale="1.000000 1.000000 1.000000"
							           rotation="0.000000 1.000000 0.000000 0.000000"
							           >
								<Group USE="group_ME_ID651_001" />
							</Transform>
						</Transform>
						<Transform DEF="group_77_003_TRANSFORM"
						           translation="77.879478 80.217331 -103.988503"
						           scale="1.000000 1.000000 1.000000"
						           rotation="-0.000000 -0.000000 -1.000000 1.570796"
						           >
							<Transform DEF="group_77_003_ifs_TRANSFORM"
							           translation="0.000002 0.000001 0.000000"
							           scale="1.000000 1.000000 1.000000"
							           rotation="0.000000 1.000000 0.000000 0.000000"
							           >
								<Group USE="group_ME_ID658" />
							</Transform>
						</Transform>
						<Transform DEF="group_78_003_TRANSFORM"
						           translation="94.350342 77.815765 -115.071983"
						           scale="-1.000000 -1.000000 -1.000000"
						           rotation="1.000000 0.000000 -0.000000 3.141593"
						           >
						</Transform>
						<Transform DEF="group_79_003_TRANSFORM"
						           translation="81.816490 94.286621 -115.071983"
						           scale="-1.000000 -1.000000 -1.000000"
						           rotation="-0.707107 -0.707107 0.000000 3.141593"
						           >
						</Transform>
						<Transform DEF="group_80_003_TRANSFORM"
						           translation="110.181290 107.397408 -122.385857"
						           scale="-1.000000 -1.000000 -1.000000"
						           rotation="0.922858 0.382260 -0.047021 3.102644"
						           >
						</Transform>
						<Transform DEF="group_81_003_TRANSFORM"
						           translation="108.770302 105.986420 -114.362556"
						           scale="-1.000000 -1.000000 -1.000000"
						           rotation="0.922858 0.382260 -0.047021 3.102644"
						           >
							<Transform DEF="group_82_003_TRANSFORM"
							           translation="-12.913166 2.388617 22.959274"
							           scale="-1.000000 -1.000000 -1.000000"
							           rotation="0.382611 -0.923704 -0.019495 3.047533"
							           >
								<Transform DEF="group_82_003_ifs_TRANSFORM"
								           translation="0.000002 0.000001 0.000000"
								           scale="1.000000 1.000000 1.000000"
								           rotation="-0.000000 0.000000 0.000000 0.000000"
								           >
									<Group USE="group_ME_ID686" />
								</Transform>
							</Transform>
						</Transform>
						<Transform DEF="group_83_003_TRANSFORM"
						           translation="93.627510 43.563789 -103.988503"
						           scale="-1.000000 -1.000000 -1.000000"
						           rotation="1.000000 0.000000 -0.000000 3.141593"
						           >
							<Transform DEF="group_84_003_TRANSFORM"
							           translation="10.679340 74.451736 -21.249290"
							           scale="-1.000000 -1.000000 -1.000000"
							           rotation="-0.000000 1.000000 -0.000000 3.141593"
							           >
								<Transform DEF="group_84_003_ifs_TRANSFORM"
								           translation="-0.000000 0.000000 0.000000"
								           scale="1.000000 1.000000 1.000000"
								           rotation="0.000000 1.000000 0.000000 0.000000"
								           >
									<Group USE="group_ME_ID702" />
								</Transform>
							</Transform>
							<Transform DEF="group_85_003_TRANSFORM"
							           translation="24.852566 64.215515 -21.249290"
							           scale="-1.000000 -1.000000 -1.000000"
							           rotation="-0.707107 -0.707107 0.000000 3.141593"
							           >
								<Transform DEF="group_85_003_ifs_TRANSFORM"
								           translation="-0.000001 0.000000 0.000000"
								           scale="1.000000 1.000000 1.000000"
								           rotation="0.000000 -0.000000 0.000000 0.000000"
								           >
									<Group USE="group_ME_ID709" />
								</Transform>
							</Transform>
						</Transform>
						<Transform DEF="group_86_003_TRANSFORM"
						           translation="97.958221 56.555920 -103.923668"
						           scale="-1.000000 -1.000000 -1.000000"
						           rotation="1.000000 0.000000 -0.000000 3.141593"
						           >
						</Transform>
						<Transform DEF="group_87_003_TRANSFORM"
						           translation="81.816490 97.894501 -112.245667"
						           scale="-1.000000 -1.000000 -1.000000"
						           rotation="-0.707107 -0.707107 0.000000 3.141593"
						           >
							<Transform DEF="group_87_003_ifs_TRANSFORM"
							           translation="-0.000002 -0.000001 -0.000000"
							           scale="1.000000 1.000000 1.000000"
							           rotation="0.000000 1.000000 0.000000 0.000000"
							           >
								<Group USE="group_ME_ID726" />
							</Transform>
						</Transform>
						<Transform DEF="group_88_003_TRANSFORM"
						           translation="97.958221 77.815765 -112.245667"
						           scale="-1.000000 -1.000000 -1.000000"
						           rotation="1.000000 0.000000 -0.000000 3.141593"
						           >
							<Transform DEF="group_88_003_ifs_TRANSFORM"
							           translation="0.000001 -0.000000 0.000000"
							           scale="1.000000 1.000000 1.000000"
							           rotation="0.000000 1.000000 0.000000 0.000000"
							           >
								<Group USE="group_ME_ID733" />
							</Transform>
						</Transform>
						<Transform DEF="group_89_003_TRANSFORM"
						           translation="49.159622 49.095909 -101.994827"
						           scale="1.000000 1.000000 1.000000"
						           rotation="-0.000000 -0.000000 -1.000000 3.141593"
						           >
							<Transform DEF="group_90_003_TRANSFORM"
							           translation="-69.221619 -59.848106 -23.242970"
							           scale="-1.000000 -1.000000 -1.000000"
							           rotation="-0.000000 1.000000 -0.000000 3.141593"
							           >
							</Transform>
							<Transform DEF="group_91_003_TRANSFORM"
							           translation="-69.221619 -59.848106 -23.242970"
							           scale="-1.000000 -1.000000 -1.000000"
							           rotation="-0.000000 1.000000 -0.000000 3.141593"
							           >
								<Transform DEF="group_92_003_TRANSFORM"
								           translation="1.976700 7.488510 2.362205"
								           scale="-1.000000 -1.000000 -1.000000"
								           rotation="-0.000000 1.000000 -0.000000 3.141593"
								           >
									<Transform DEF="group_92_003_ifs_TRANSFORM"
									           translation="0.000000 0.000000 0.000000"
									           scale="1.000000 1.000000 1.000000"
									           rotation="0.000000 1.000000 0.000000 0.000000"
									           >
										<Group USE="group_ME_ID751" />
									</Transform>
								</Transform>
							</Transform>
						</Transform>
						<Transform DEF="交互枓_9_007_TRANSFORM"
						           translation="64.887360 76.240959 -114.607872"
						           scale="1.000000 1.000000 1.000000"
						           rotation="0.000000 0.000000 0.000000 0.000000"
						           >
							<Transform DEF="交互枓_9_007_ifs_TRANSFORM"
							           translation="0.000000 -0.000001 0.000000"
							           scale="1.000000 1.000000 1.000000"
							           rotation="0.000000 1.000000 0.000000 0.000000"
							           >
								<Group USE="group_ME_ID184" />
							</Transform>
						</Transform>
						<Transform DEF="交互枓_9_008_TRANSFORM"
						           translation="83.391296 64.823639 -114.607872"
						           scale="1.000000 1.000000 1.000000"
						           rotation="0.000000 0.000000 1.000000 1.570796"
						           >
							<Transform DEF="交互枓_9_008_ifs_TRANSFORM"
							           translation="-0.000000 -0.000000 0.000000"
							           scale="1.000000 1.000000 1.000000"
							           rotation="0.000000 1.000000 0.000000 0.000000"
							           >
								<Group USE="group_ME_ID184" />
							</Transform>
						</Transform>
						<Transform DEF="散枓_018_TRANSFORM"
						           translation="82.997589 87.658279 -114.607872"
						           scale="-1.000000 -1.000000 -1.000000"
						           rotation="-1.000000 -0.000000 -0.000000 3.141593"
						           >
							<Transform DEF="散枓_018_ifs_TRANSFORM"
							           translation="-0.000001 -0.000000 0.000000"
							           scale="1.000000 1.000000 1.000000"
							           rotation="0.000000 1.000000 0.000000 0.000000"
							           >
								<Group USE="group_ME_ID175_001" />
							</Transform>
						</Transform>
						<Transform DEF="散枓_019_TRANSFORM"
						           translation="87.722000 76.634659 -114.607872"
						           scale="-1.000000 -1.000000 -1.000000"
						           rotation="-0.707107 0.707107 -0.000000 3.141593"
						           >
							<Transform DEF="散枓_019_ifs_TRANSFORM"
							           translation="-0.000001 0.000002 -0.000000"
							           scale="1.000000 1.000000 1.000000"
							           rotation="0.000000 1.000000 0.000000 0.000000"
							           >
								<Group USE="group_ME_ID175_001" />
							</Transform>
						</Transform>
						<Transform DEF="交互枓_9_009_TRANSFORM"
						           translation="68.316772 63.242062 -114.607872"
						           scale="1.000000 1.000000 1.000000"
						           rotation="0.000000 0.000000 1.000000 0.785398"
						           >
							<Transform DEF="交互枓_9_009_ifs_TRANSFORM"
							           translation="0.000001 0.000001 0.000000"
							           scale="1.000000 1.000000 1.000000"
							           rotation="0.000000 1.000000 0.000000 0.000000"
							           >
								<Group USE="group_ME_ID184" />
							</Transform>
						</Transform>
						<Transform DEF="散枓_020_TRANSFORM"
						           translation="89.296799 53.012611 -98.082993"
						           scale="-1.000000 -1.000000 -1.000000"
						           rotation="-0.707107 0.707107 -0.000000 3.141593"
						           >
							<Transform DEF="散枓_020_ifs_TRANSFORM"
							           translation="-0.000000 -0.000003 0.000001"
							           scale="1.000000 1.000000 1.000000"
							           rotation="0.000000 1.000000 0.000000 0.000000"
							           >
								<Group USE="group_ME_ID175_001" />
							</Transform>
						</Transform>
						<Transform DEF="散枓_021_TRANSFORM"
						           translation="43.233810 53.012611 -98.082993"
						           scale="-1.000000 -1.000000 -1.000000"
						           rotation="-0.707107 0.707107 -0.000000 3.141593"
						           >
							<Transform DEF="散枓_021_ifs_TRANSFORM"
							           translation="0.000000 0.000000 0.000001"
							           scale="1.000000 1.000000 1.000000"
							           rotation="0.000000 1.000000 0.000000 0.000000"
							           >
								<Group USE="group_ME_ID175_001" />
							</Transform>
						</Transform>
						<Transform DEF="散枓_022_TRANSFORM"
						           translation="71.186569 93.563789 -98.018158"
						           scale="-1.000000 -1.000000 -1.000000"
						           rotation="-1.000000 -0.000000 -0.000000 3.141593"
						           >
							<Transform DEF="散枓_022_ifs_TRANSFORM"
							           translation="-0.000000 -0.000000 0.000000"
							           scale="1.000000 1.000000 1.000000"
							           rotation="0.000000 1.000000 0.000000 0.000000"
							           >
								<Group USE="group_ME_ID175_001" />
							</Transform>
						</Transform>
						<Transform DEF="散枓_023_TRANSFORM"
						           translation="93.233810 64.823639 -98.072441"
						           scale="-1.000000 -1.000000 -1.000000"
						           rotation="-0.707107 0.707107 -0.000000 3.141593"
						           >
							<Transform DEF="散枓_023_ifs_TRANSFORM"
							           translation="-0.000001 0.000000 0.000000"
							           scale="1.000000 1.000000 1.000000"
							           rotation="0.000000 1.000000 0.000000 0.000000"
							           >
								<Group USE="group_ME_ID175_001" />
							</Transform>
						</Transform>
						<Transform DEF="散枓_024_TRANSFORM"
						           translation="59.375542 89.233086 -98.082993"
						           scale="-1.000000 -1.000000 -1.000000"
						           rotation="-1.000000 -0.000000 -0.000000 3.141593"
						           >
							<Transform DEF="散枓_024_ifs_TRANSFORM"
							           translation="0.000000 -0.000000 -0.000001"
							           scale="1.000000 1.000000 1.000000"
							           rotation="0.000000 1.000000 0.000000 0.000000"
							           >
								<Group USE="group_ME_ID175_001" />
							</Transform>
						</Transform>
						<Transform DEF="散枓_025_TRANSFORM"
						           translation="59.375542 43.170090 -98.082993"
						           scale="-1.000000 -1.000000 -1.000000"
						           rotation="-1.000000 -0.000000 -0.000000 3.141593"
						           >
							<Transform DEF="散枓_025_ifs_TRANSFORM"
							           translation="0.000000 -0.000000 -0.000001"
							           scale="1.000000 1.000000 1.000000"
							           rotation="0.000000 1.000000 0.000000 0.000000"
							           >
								<Group USE="group_ME_ID175_001" />
							</Transform>
						</Transform>
						<Transform DEF="散枓_026_TRANSFORM"
						           translation="59.375542 65.611038 -98.068077"
						           scale="-1.000000 -1.000000 -1.000000"
						           rotation="-1.000000 -0.000000 -0.000000 3.141593"
						           >
							<Transform DEF="散枓_026_ifs_TRANSFORM"
							           translation="0.000000 -0.000000 -0.000001"
							           scale="1.000000 1.000000 1.000000"
							           rotation="0.000000 1.000000 0.000000 0.000000"
							           >
								<Group USE="group_ME_ID175_001" />
							</Transform>
						</Transform>
						<Transform DEF="散枓_027_TRANSFORM"
						           translation="65.674759 53.012611 -98.082993"
						           scale="-1.000000 -1.000000 -1.000000"
						           rotation="-0.707107 0.707107 -0.000000 3.141593"
						           >
							<Transform DEF="散枓_027_ifs_TRANSFORM"
							           translation="0.000000 0.000000 0.000001"
							           scale="1.000000 1.000000 1.000000"
							           rotation="0.000000 1.000000 0.000000 0.000000"
							           >
								<Group USE="group_ME_ID175_001" />
							</Transform>
						</Transform>
						<Transform DEF="散枓_028_TRANSFORM"
						           translation="82.997589 93.170090 -106.340157"
						           scale="-1.000000 -1.000000 -1.000000"
						           rotation="-1.000000 -0.000000 -0.000000 3.141593"
						           >
							<Transform DEF="散枓_028_ifs_TRANSFORM"
							           translation="0.000000 -0.000000 -0.000001"
							           scale="1.000000 1.000000 1.000000"
							           rotation="0.000000 1.000000 0.000000 0.000000"
							           >
								<Group USE="group_ME_ID175_001" />
							</Transform>
						</Transform>
						<Transform DEF="散枓_029_TRANSFORM"
						           translation="93.233810 76.634659 -106.340157"
						           scale="-1.000000 -1.000000 -1.000000"
						           rotation="-0.707107 0.707107 -0.000000 3.141593"
						           >
							<Transform DEF="散枓_029_ifs_TRANSFORM"
							           translation="-0.000001 0.000003 0.000000"
							           scale="1.000000 1.000000 1.000000"
							           rotation="0.000000 1.000000 0.000000 0.000000"
							           >
								<Group USE="group_ME_ID175_001" />
							</Transform>
						</Transform>
						<Transform DEF="散枓_030_TRANSFORM"
						           translation="71.186569 87.658279 -106.340157"
						           scale="-1.000000 -1.000000 -1.000000"
						           rotation="-1.000000 -0.000000 -0.000000 3.141593"
						           >
							<Transform DEF="散枓_030_ifs_TRANSFORM"
							           translation="0.000000 -0.000000 0.000000"
							           scale="1.000000 1.000000 1.000000"
							           rotation="0.000000 1.000000 0.000000 0.000000"
							           >
								<Group USE="group_ME_ID175_001" />
							</Transform>
						</Transform>
						<Transform DEF="散枓_031_TRANSFORM"
						           translation="87.662689 64.823639 -106.340157"
						           scale="-1.000000 -1.000000 -1.000000"
						           rotation="-0.707107 0.707107 -0.000000 3.141593"
						           >
							<Transform DEF="散枓_031_ifs_TRANSFORM"
							           translation="0.000001 0.000003 0.000001"
							           scale="1.000000 1.000000 1.000000"
							           rotation="0.000000 1.000000 0.000000 0.000000"
							           >
								<Group USE="group_ME_ID175_001" />
							</Transform>
						</Transform>
						<Transform DEF="散枓_032_TRANSFORM"
						           translation="59.709938 64.823639 -106.340157"
						           scale="-1.000000 -1.000000 -1.000000"
						           rotation="-0.707107 0.707107 -0.000000 3.141593"
						           >
							<Transform DEF="散枓_032_ifs_TRANSFORM"
							           translation="0.000001 0.000000 -0.000001"
							           scale="1.000000 1.000000 1.000000"
							           rotation="0.000000 1.000000 0.000000 0.000000"
							           >
								<Group USE="group_ME_ID175_001" />
							</Transform>
						</Transform>
						<Transform DEF="散枓_033_TRANSFORM"
						           translation="71.186569 59.705521 -106.340157"
						           scale="-1.000000 -1.000000 -1.000000"
						           rotation="-1.000000 -0.000000 -0.000000 3.141593"
						           >
							<Transform DEF="散枓_033_ifs_TRANSFORM"
							           translation="0.000000 -0.000000 0.000000"
							           scale="1.000000 1.000000 1.000000"
							           rotation="0.000000 1.000000 0.000000 0.000000"
							           >
								<Group USE="group_ME_ID175_001" />
							</Transform>
						</Transform>
						<Transform DEF="交互枓_9_010_TRANSFORM"
						           translation="53.076332 76.240959 -106.350708"
						           scale="1.000000 1.000000 1.000000"
						           rotation="0.000000 0.000000 0.000000 0.000000"
						           >
							<Transform DEF="交互枓_9_010_ifs_TRANSFORM"
							           translation="0.000000 -0.000000 0.000000"
							           scale="1.000000 1.000000 1.000000"
							           rotation="0.000000 1.000000 0.000000 0.000000"
							           >
								<Group USE="group_ME_ID184" />
							</Transform>
						</Transform>
						<Transform DEF="交互枓_9_011_TRANSFORM"
						           translation="83.391296 53.012611 -106.350708"
						           scale="1.000000 1.000000 1.000000"
						           rotation="0.000000 0.000000 1.000000 1.570796"
						           >
							<Transform DEF="交互枓_9_011_ifs_TRANSFORM"
							           translation="-0.000000 0.000001 0.000000"
							           scale="1.000000 1.000000 1.000000"
							           rotation="0.000000 1.000000 0.000000 0.000000"
							           >
								<Group USE="group_ME_ID184" />
							</Transform>
						</Transform>
					</Transform>
					<Transform DEF="instance_80_TRANSFORM"
					           translation="190.829330 190.857315 125.237793"
					           scale="-1.000000 -1.000000 -1.000000"
					           rotation="0.707107 -0.707107 -0.000000 3.141593"
					           >
						<Transform DEF="instance_80_ifs_TRANSFORM"
						           translation="0.000001 -0.000005 0.000003"
						           scale="1.000000 1.000000 1.000000"
						           rotation="0.000000 1.000000 0.000000 0.000000"
						           >
							<Group DEF="group_ME_ID1108">
							</Group>
						</Transform>
						<Transform DEF="group_71_004_TRANSFORM"
						           translation="-154.200851 -138.516541 -120.513382"
						           scale="1.000000 1.000000 1.000000"
						           rotation="0.000000 -0.000000 -1.000000 1.570796"
						           >
							<Transform DEF="group_71_004_ifs_TRANSFORM"
							           translation="0.000001 0.000000 -0.000000"
							           scale="1.000000 1.000000 1.000000"
							           rotation="0.000000 1.000000 0.000000 0.000000"
							           >
								<Group DEF="group_ME_ID850_001">
									<Shape>
										<Appearance>
										</Appearance>
										<IndexedFaceSet solid="false"
										                coordIndex="0 1 2 -1 1 0 3 -1 4 5 6 -1 5 4 7 -1 5 7 8 -1 9 10 11 -1 12 13 14 -1 13 12 15 -1 15 12 16 -1 16 12 17 -1 10 18 19 -1 18 10 9 -1 18 9 20 -1 18 20 21 -1 21 20 22 -1 21 22 23 -1 21 23 24 -1 23 22 25 -1 23 25 26 -1 23 26 27 -1 23 27 28 -1 25 22 29 -1 29 22 14 -1 29 14 13 -1 28 27 30 -1 28 30 31 -1 28 31 32 -1 28 32 33 -1 24 34 21 -1 34 24 35 -1 35 24 36 -1 36 24 37 -1 37 24 38 -1 38 24 39 -1 34 35 40 -1 38 39 41 -1 41 39 42 -1 42 39 43 -1 43 39 44 -1 40 45 46 -1 45 40 35 -1 46 45 47 -1 46 47 48 -1 46 48 49 -1 50 51 52 -1 51 50 53 -1 54 55 56 -1 55 54 57 -1 57 54 58 -1 58 54 59 -1 60 61 62 -1 61 60 63 -1 61 63 64 -1 61 64 65 -1 61 65 66 -1 61 66 67 -1 63 60 56 -1 63 56 55 -1 67 66 68 -1 67 68 69 -1 67 69 70 -1 67 70 71 -1 72 73 74 -1 73 72 75 -1 75 72 62 -1 75 62 61 -1 76 77 78 -1 77 76 79 -1 77 79 80 -1 81 82 83 -1 82 81 77 -1 82 77 84 -1 84 77 80 -1 85 86 87 -1 86 85 88 -1 89 90 91 -1 90 89 92 -1 93 94 95 -1 94 93 96 -1 97 98 99 -1 98 97 100 -1 101 102 103 -1 102 101 104 -1 102 105 106 -1 105 102 104 -1 106 107 108 -1 107 106 105 -1 109 110 111 -1 110 109 112 -1 113 114 115 -1 114 113 116 -1 115 117 118 -1 117 115 114 -1 117 119 118 -1 119 117 120 -1 121 122 123 -1 122 121 124 -1 123 125 126 -1 125 123 122 -1 127 128 129 -1 128 127 130 -1 131 132 133 -1 132 131 134 -1 135 136 137 -1 136 135 138 -1 139 140 141 -1 140 139 142 -1 143 144 145 -1 144 143 146 -1 147 148 149 -1 148 147 150 -1 151 152 153 -1 152 151 154 -1 155 156 157 -1 156 155 158 -1 159 160 161 -1 160 159 162 -1 163 164 165 -1 164 163 166 -1 167 168 169 -1 168 167 170 -1 171 172 173 -1 172 171 174 -1 175 176 177 -1 176 175 178 -1 176 178 179 -1 176 179 180 -1 181 182 183 -1 182 181 184 -1 183 185 186 -1 185 183 182 -1 187 185 188 -1 185 187 186 -1 189 190 191 -1 190 189 192 -1 193 194 195 -1 194 193 196 -1 193 197 198 -1 197 193 195 -1 198 199 200 -1 199 198 197 -1 201 202 203 -1 202 201 204 -1 205 206 207 -1 206 205 208 -1 209 210 211 -1 210 209 212 -1 213 214 215 -1 214 213 216 -1 217 218 219 -1 218 217 220 -1 221 220 217 -1 220 221 222 -1 222 223 220 -1 223 222 224 -1 225 226 227 -1 226 225 228 -1 226 228 229 -1 229 228 230 -1 230 228 231 -1 231 228 232 -1 232 228 233 -1 233 228 234 -1 230 231 235 -1 230 235 236 -1 233 234 237 -1 237 234 238 -1 238 234 239 -1 239 234 240 -1 236 241 242 -1 241 236 235 -1 242 241 243 -1 242 243 244 -1 242 244 245 -1 246 247 248 -1 247 246 249 -1 250 251 252 -1 251 250 253 -1 254 255 256 -1 255 254 257 -1 258 259 260 -1 259 258 261 -1 262 263 264 -1 263 262 265 -1 266 267 268 -1 267 266 269 -1 270 268 271 -1 268 270 266 -1 272 270 271 -1 270 272 273 -1 274 275 276 -1 275 274 277 -1 278 279 280 -1 279 278 281 -1 249 278 247 -1 278 249 281 -1 282 283 284 -1 283 282 285 -1 285 282 286 -1 285 286 287 -1 287 286 288 -1 287 288 289 -1 289 288 290 -1 290 288 291 -1 290 291 292 -1 292 291 293 -1 292 293 294 -1 294 293 295 -1 294 295 296 -1 294 296 297 -1 298 299 300 -1 299 298 301 -1 302 303 304 -1 303 302 305 -1 305 302 306 -1 305 306 307 -1 307 306 308 -1 307 308 309 -1 309 308 310 -1 309 310 311 -1 311 310 312 -1 311 312 313 -1 313 312 314 -1 313 314 315 -1 315 314 316 -1 315 316 317 -1 318 319 320 -1 319 318 321 -1 322 323 324 -1 323 322 325 -1 326 327 328 -1 327 326 329 -1 330 331 332 -1 331 330 333 -1 333 330 334 -1 333 334 335 -1 335 334 336 -1 335 336 337 -1 337 336 338 -1 337 338 339 -1 339 338 340 -1 339 340 341 -1 341 340 342 -1 341 342 343 -1 343 342 344 -1 343 344 345 -1 346 347 348 -1 347 346 349 -1 350 351 352 -1 351 350 353 -1 353 350 354 -1 353 354 355 -1 355 354 356 -1 355 356 357 -1 357 356 358 -1 357 358 359 -1 359 358 360 -1 360 358 361 -1 360 361 362 -1 362 361 363 -1 362 363 364 -1 364 363 365 -1 366 367 368 -1 367 366 369 -1 370 371 372 -1 371 370 373 -1 374 375 376 -1 375 374 377 -1 378 379 380 -1 379 378 381 -1 382 383 384 -1 383 382 385 -1 386 385 382 -1 385 386 387 -1 386 388 387 -1 388 386 389 -1 390 391 392 -1 391 390 393 -1 394 395 396 -1 395 394 397 -1 324 395 397 -1 395 324 323 -1 398 399 400 -1 399 398 401 -1 402 403 404 -1 403 402 405 -1 406 407 408 -1 407 406 409 -1 410 411 412 -1 411 410 413 -1 "
										                >
											<Coordinate DEF="coords_ME_ID850_001"
											            point="11.811023 0.000000 1.968504 15.748032 3.937008 1.968504 11.811023 3.937008 1.968504 15.748031 0.000000 1.968504 11.811023 0.000000 1.968504 11.811023 3.543307 8.267716 11.811023 0.000000 8.267716 11.811023 3.937008 1.968504 11.811023 3.937008 8.267716 23.070866 0.000000 0.354331 15.748031 0.000000 0.000000 20.866140 0.000000 0.000000 26.377953 0.000000 5.905512 21.259842 0.000000 4.724409 26.377953 0.000000 3.543307 21.850393 0.000000 4.882647 22.282707 0.000000 5.314961 22.440943 0.000000 5.905512 3.385827 0.000000 0.354331 5.905512 0.000000 0.000000 24.724409 0.000000 1.062992 1.496063 0.000000 1.062992 25.826771 0.000000 2.125984 15.748031 0.000000 1.968504 11.811023 0.000000 1.968504 16.732283 0.000000 4.882647 16.299971 0.000000 5.314961 16.141733 0.000000 5.905512 15.748032 0.000000 8.267716 17.322834 0.000000 4.724409 16.244131 0.000000 6.500865 16.514290 0.000000 7.041184 16.929134 0.000000 7.480315 16.929134 0.000000 8.267716 0.236220 0.000000 2.125984 10.236220 0.000000 4.724409 10.826772 0.000000 4.882647 11.259085 0.000000 5.314961 11.417322 0.000000 5.905511 11.811023 0.000000 8.267716 -0.393701 0.000000 3.543307 11.314923 0.000000 6.500865 11.044765 0.000000 7.041184 10.629921 0.000000 7.480315 10.629921 0.000000 8.267716 5.511811 0.000000 4.724409 -0.393701 0.000000 5.905511 4.921260 0.000000 4.882647 4.488946 0.000000 5.314961 4.330709 0.000000 5.905511 15.748032 3.937008 8.267716 15.748031 0.000000 1.968504 15.748032 0.000000 8.267716 15.748032 3.937008 1.968504 -0.393701 3.937008 5.905512 5.511811 3.937008 4.724409 -0.393701 3.937008 3.543307 4.921260 3.937008 4.882647 4.488946 3.937008 5.314961 4.330709 3.937008 5.905512 0.236220 3.937008 2.125984 11.811023 3.937008 1.968504 1.496063 3.937008 1.062992 10.236220 3.937008 4.724409 10.826772 3.937008 4.882647 11.259085 3.937008 5.314961 11.417322 3.937008 5.905512 11.811023 3.937008 8.267716 11.314923 3.937008 6.500865 11.044765 3.937008 7.041184 10.629921 3.937008 7.480315 10.629921 3.937008 8.267716 3.385827 3.937008 0.354331 15.748032 3.937008 0.000000 5.905511 3.937008 0.000000 15.748032 3.937008 1.968504 11.811023 0.000000 8.267716 10.629921 0.393701 8.267716 10.629921 0.000000 8.267716 11.811023 3.543307 8.267716 11.811023 3.937008 8.267716 5.118110 0.393701 8.267716 10.629921 3.543307 8.267716 5.118110 3.543307 8.267716 10.629921 3.937008 8.267716 10.629921 0.000000 8.267716 10.629921 0.393701 7.480315 10.629921 0.000000 7.480315 10.629921 0.393701 8.267716 10.629921 0.393701 7.480315 11.044765 0.000000 7.041184 10.629921 0.000000 7.480315 11.044765 0.393701 7.041184 11.044765 0.393701 7.041184 11.314923 0.000000 6.500865 11.044765 0.000000 7.041184 11.314923 0.393701 6.500865 11.314923 0.000000 6.500865 11.417322 0.393701 5.905512 11.417322 0.000000 5.905511 11.314923 0.393701 6.500865 11.417322 0.393701 5.905512 11.259085 0.000000 5.314961 11.417322 0.000000 5.905511 11.259085 0.393701 5.314961 10.826772 0.393701 4.882647 10.826772 0.000000 4.882647 10.236220 0.393701 4.724409 10.236220 0.000000 4.724409 10.236220 0.000000 4.724409 5.511811 0.393701 4.724409 5.511811 0.000000 4.724409 10.236220 0.393701 4.724409 5.511811 0.000000 4.724409 4.921260 0.393701 4.882647 4.921260 0.000000 4.882647 5.511811 0.393701 4.724409 4.488946 0.393701 5.314961 4.488946 0.000000 5.314961 4.330709 0.000000 5.905511 4.330709 0.393701 5.905512 4.330709 0.000000 5.905511 4.330709 3.543307 5.905512 -0.393701 0.000000 5.905511 4.330709 0.393701 5.905512 4.330709 3.937008 5.905512 -0.393701 3.937008 5.905512 -0.393701 3.937008 5.905512 -0.393701 0.000000 3.543307 -0.393701 0.000000 5.905511 -0.393701 3.937008 3.543307 -0.393701 0.000000 3.543307 0.236220 3.937008 2.125984 0.236220 0.000000 2.125984 -0.393701 3.937008 3.543307 1.496063 3.937008 1.062992 0.236220 0.000000 2.125984 0.236220 3.937008 2.125984 1.496063 0.000000 1.062992 3.385827 3.937008 0.354331 1.496063 0.000000 1.062992 1.496063 3.937008 1.062992 3.385827 0.000000 0.354331 5.905511 3.937008 0.000000 3.385827 0.000000 0.354331 3.385827 3.937008 0.354331 5.905512 0.000000 0.000000 15.748032 3.937008 0.000000 5.905512 0.000000 0.000000 5.905511 3.937008 0.000000 15.748031 0.000000 0.000000 15.748032 3.937008 0.000000 20.866140 0.000000 0.000000 15.748031 0.000000 0.000000 20.866140 3.937008 0.000000 23.070866 3.937008 0.354331 20.866140 0.000000 0.000000 20.866140 3.937008 0.000000 23.070866 0.000000 0.354331 24.724409 3.937008 1.062992 23.070866 0.000000 0.354331 23.070866 3.937008 0.354331 24.724409 0.000000 1.062992 25.826771 3.937008 2.125984 24.724409 0.000000 1.062992 24.724409 3.937008 1.062992 25.826771 0.000000 2.125984 25.826771 3.937008 2.125984 26.377953 0.000000 3.543307 25.826771 0.000000 2.125984 26.377953 3.937008 3.543307 26.377953 3.937008 3.543307 26.377953 0.000000 5.905512 26.377953 0.000000 3.543307 26.377953 3.937008 5.905512 22.440945 3.543307 5.905512 26.377953 3.937008 5.905512 22.440945 3.937008 5.905512 22.440945 0.393701 5.905511 22.440943 0.000000 5.905512 26.377953 0.000000 5.905512 22.440943 0.000000 5.905512 22.282707 0.393701 5.314961 22.282707 0.000000 5.314961 22.440945 0.393701 5.905511 21.850393 0.393701 4.882647 21.850393 0.000000 4.882647 21.259842 0.000000 4.724409 21.259842 0.393701 4.724409 17.322834 0.000000 4.724409 21.259842 0.393701 4.724409 17.322834 0.393701 4.724409 21.259842 0.000000 4.724409 16.732283 0.000000 4.882647 17.322834 0.393701 4.724409 16.732285 0.393701 4.882647 17.322834 0.000000 4.724409 16.299971 0.393701 5.314961 16.299971 0.000000 5.314961 16.141731 0.393701 5.905511 16.141733 0.000000 5.905512 16.141731 0.393701 5.905511 16.244131 0.000000 6.500865 16.141733 0.000000 5.905512 16.244131 0.393701 6.500865 16.244131 0.000000 6.500865 16.514290 0.393701 7.041184 16.514290 0.000000 7.041184 16.244131 0.393701 6.500865 16.514290 0.000000 7.041184 16.929134 0.393701 7.480315 16.929134 0.000000 7.480315 16.514290 0.393701 7.041184 16.929134 0.393701 7.480315 16.929134 0.000000 8.267716 16.929134 0.000000 7.480315 16.929134 0.393701 8.267716 15.748032 0.000000 8.267716 16.929134 3.937008 8.267716 15.748032 3.937008 8.267716 16.929134 3.543307 8.267716 16.929134 0.000000 8.267716 16.929134 0.393701 8.267716 21.653543 3.543307 8.267716 21.653543 0.393701 8.267716 15.748032 3.937008 0.000000 23.070866 3.937008 0.354331 20.866140 3.937008 0.000000 15.748032 3.937008 1.968504 24.724409 3.937008 1.062992 25.826771 3.937008 2.125984 16.732285 3.937008 4.882647 16.299971 3.937008 5.314961 16.141733 3.937008 5.905512 15.748032 3.937008 8.267716 17.322834 3.937008 4.724409 26.377953 3.937008 3.543307 16.244131 3.937008 6.500865 16.514290 3.937008 7.041184 16.929134 3.937008 7.480315 16.929134 3.937008 8.267716 21.259842 3.937008 4.724409 26.377953 3.937008 5.905512 21.850393 3.937008 4.882647 22.282707 3.937008 5.314961 22.440945 3.937008 5.905512 11.417322 3.937008 5.905512 11.259085 3.543307 5.314961 11.417322 3.543307 5.905512 11.259085 3.937008 5.314961 11.314923 3.543307 6.500865 11.417322 3.937008 5.905512 11.417322 3.543307 5.905512 11.314923 3.937008 6.500865 11.044765 3.937008 7.041184 11.314923 3.543307 6.500865 11.044765 3.543307 7.041184 11.314923 3.937008 6.500865 10.629921 3.937008 7.480315 11.044765 3.543307 7.041184 10.629921 3.543307 7.480315 11.044765 3.937008 7.041184 10.629921 3.543307 8.267716 10.629921 3.937008 7.480315 10.629921 3.543307 7.480315 10.629921 3.937008 8.267716 4.488946 3.937008 5.314961 4.330709 3.543307 5.905512 4.488946 3.543307 5.314961 4.330709 3.937008 5.905512 4.921260 3.937008 4.882647 4.921260 3.543307 4.882647 5.511811 3.543307 4.724409 5.511811 3.937008 4.724409 10.236220 3.543307 4.724409 5.511811 3.937008 4.724409 5.511811 3.543307 4.724409 10.236220 3.937008 4.724409 10.826772 3.543307 4.882647 10.236220 3.937008 4.724409 10.236220 3.543307 4.724409 10.826772 3.937008 4.882647 4.921260 3.543307 4.882647 10.236220 3.543307 4.724409 5.511811 3.543307 4.724409 10.826772 3.543307 4.882647 4.488946 3.543307 5.314961 11.259085 3.543307 5.314961 4.330709 3.543307 5.905512 11.417322 3.543307 5.905512 11.314923 3.543307 6.500865 4.433108 3.543307 6.500865 11.044765 3.543307 7.041184 4.703267 3.543307 7.041184 10.629921 3.543307 7.480315 5.118110 3.543307 7.480315 5.118110 3.543307 8.267716 10.629921 3.543307 8.267716 5.118110 0.393701 8.267716 5.118110 3.543307 7.480315 5.118110 0.393701 7.480315 5.118110 3.543307 8.267716 10.826772 0.393701 4.882647 5.511811 0.393701 4.724409 10.236220 0.393701 4.724409 4.921260 0.393701 4.882647 11.259085 0.393701 5.314961 4.488946 0.393701 5.314961 11.417322 0.393701 5.905512 4.330709 0.393701 5.905512 11.314923 0.393701 6.500865 4.433108 0.393701 6.500865 11.044765 0.393701 7.041184 4.703267 0.393701 7.041184 10.629921 0.393701 7.480315 5.118110 0.393701 7.480315 10.629921 0.393701 8.267716 5.118110 0.393701 8.267716 4.433108 0.393701 6.500865 4.330709 3.543307 5.905512 4.330709 0.393701 5.905512 4.433108 3.543307 6.500865 22.440945 3.543307 5.905512 22.282707 3.937008 5.314961 22.282705 3.543307 5.314961 22.440945 3.937008 5.905512 22.440945 3.543307 5.905512 22.338547 0.393701 6.500865 22.440945 0.393701 5.905511 22.338547 3.543307 6.500865 21.850393 0.393701 4.882647 17.322834 0.393701 4.724409 21.259842 0.393701 4.724409 16.732285 0.393701 4.882647 22.282707 0.393701 5.314961 16.299971 0.393701 5.314961 22.440945 0.393701 5.905511 16.141731 0.393701 5.905511 22.338547 0.393701 6.500865 16.244131 0.393701 6.500865 22.068386 0.393701 7.041184 16.514290 0.393701 7.041184 21.653543 0.393701 7.480315 16.929134 0.393701 7.480315 21.653543 0.393701 8.267716 16.929134 0.393701 8.267716 21.653543 3.543307 7.480315 21.653543 0.393701 8.267716 21.653543 0.393701 7.480315 21.653543 3.543307 8.267716 16.732285 3.543307 4.882647 21.259842 3.543307 4.724409 17.322834 3.543307 4.724409 21.850393 3.543307 4.882647 16.299971 3.543307 5.314961 22.282705 3.543307 5.314961 16.141733 3.543307 5.905512 22.440945 3.543307 5.905512 16.244131 3.543307 6.500865 22.338547 3.543307 6.500865 22.068386 3.543307 7.041184 16.514290 3.543307 7.041184 21.653543 3.543307 7.480315 16.929134 3.543307 7.480315 21.653543 3.543307 8.267716 16.929134 3.543307 8.267716 16.929134 3.937008 7.480315 16.929134 3.543307 8.267716 16.929134 3.543307 7.480315 16.929134 3.937008 8.267716 16.514290 3.543307 7.041184 16.929134 3.937008 7.480315 16.929134 3.543307 7.480315 16.514290 3.937008 7.041184 16.244131 3.543307 6.500865 16.514290 3.937008 7.041184 16.514290 3.543307 7.041184 16.244131 3.937008 6.500865 16.141733 3.937008 5.905512 16.244131 3.543307 6.500865 16.141733 3.543307 5.905512 16.244131 3.937008 6.500865 16.299971 3.543307 5.314961 16.141733 3.937008 5.905512 16.141733 3.543307 5.905512 16.299971 3.937008 5.314961 16.732285 3.543307 4.882647 16.732285 3.937008 4.882647 17.322834 3.937008 4.724409 17.322834 3.543307 4.724409 17.322834 3.543307 4.724409 21.259842 3.937008 4.724409 17.322834 3.937008 4.724409 21.259842 3.543307 4.724409 21.259842 3.543307 4.724409 21.850393 3.937008 4.882647 21.259842 3.937008 4.724409 21.850393 3.543307 4.882647 4.703267 3.543307 7.041184 4.433108 0.393701 6.500865 4.703267 0.393701 7.041184 4.433108 3.543307 6.500865 5.118110 3.543307 7.480315 4.703267 0.393701 7.041184 5.118110 0.393701 7.480315 4.703267 3.543307 7.041184 22.338547 0.393701 6.500865 22.068386 3.543307 7.041184 22.068386 0.393701 7.041184 22.338547 3.543307 6.500865 22.068386 0.393701 7.041184 21.653543 3.543307 7.480315 21.653543 0.393701 7.480315 22.068386 3.543307 7.041184 "
											            />
										</IndexedFaceSet>
									</Shape>
								</Group>
							</Transform>
						</Transform>
						<Transform DEF="group_72_004_TRANSFORM"
						           translation="-138.452820 -150.327576 -120.513382"
						           scale="1.000000 1.000000 1.000000"
						           rotation="0.000000 -0.000000 -1.000000 3.141593"
						           >
							<Transform DEF="group_72_004_ifs_TRANSFORM"
							           translation="0.000000 0.000000 -0.000000"
							           scale="1.000000 1.000000 1.000000"
							           rotation="0.000000 -0.000000 0.000000 0.000000"
							           >
								<Group DEF="group_ME_ID857">
									<Shape>
										<Appearance>
										</Appearance>
										<IndexedFaceSet solid="false"
										                coordIndex="0 1 2 -1 1 0 3 -1 4 5 6 -1 5 4 7 -1 8 9 10 -1 9 8 11 -1 11 8 12 -1 11 12 13 -1 14 15 16 -1 15 14 17 -1 15 17 18 -1 18 17 19 -1 19 17 11 -1 19 11 13 -1 19 13 20 -1 19 20 21 -1 21 20 22 -1 22 20 23 -1 22 23 24 -1 24 23 25 -1 25 23 26 -1 27 28 29 -1 28 27 30 -1 30 27 31 -1 30 31 32 -1 32 31 33 -1 32 33 34 -1 34 33 35 -1 35 33 36 -1 35 36 37 -1 37 36 38 -1 37 38 39 -1 39 38 40 -1 39 40 41 -1 39 41 42 -1 21 43 44 -1 43 21 22 -1 43 22 29 -1 43 29 28 -1 44 43 45 -1 44 45 46 -1 44 46 47 -1 48 49 50 -1 49 48 51 -1 52 53 54 -1 53 52 55 -1 55 52 56 -1 55 56 57 -1 55 57 58 -1 59 60 61 -1 60 59 58 -1 60 58 62 -1 62 58 63 -1 63 58 57 -1 63 57 64 -1 63 64 65 -1 65 64 66 -1 66 64 67 -1 66 67 68 -1 68 67 69 -1 69 67 70 -1 71 72 73 -1 72 71 74 -1 74 71 75 -1 74 75 76 -1 76 75 77 -1 76 77 78 -1 78 77 79 -1 78 79 80 -1 80 79 81 -1 80 81 82 -1 82 81 83 -1 82 83 84 -1 84 83 85 -1 84 85 86 -1 65 87 88 -1 87 65 73 -1 73 65 66 -1 87 73 72 -1 88 87 89 -1 88 89 90 -1 88 90 91 -1 92 93 94 -1 93 92 95 -1 96 97 98 -1 97 96 99 -1 99 96 100 -1 100 101 99 -1 101 100 102 -1 103 104 105 -1 104 103 97 -1 104 97 106 -1 106 97 107 -1 107 97 99 -1 108 109 110 -1 109 108 111 -1 112 113 114 -1 113 112 115 -1 116 117 118 -1 117 116 119 -1 120 121 122 -1 121 120 123 -1 124 125 126 -1 125 124 127 -1 125 128 129 -1 128 125 127 -1 129 130 131 -1 130 129 128 -1 132 133 134 -1 133 132 135 -1 136 137 138 -1 137 136 139 -1 138 140 141 -1 140 138 137 -1 140 142 141 -1 142 140 143 -1 144 145 146 -1 145 144 147 -1 146 148 149 -1 148 146 145 -1 150 151 152 -1 151 150 153 -1 154 155 156 -1 155 154 157 -1 158 159 160 -1 159 158 161 -1 162 163 164 -1 163 162 165 -1 166 167 168 -1 167 166 169 -1 170 171 172 -1 171 170 173 -1 174 175 176 -1 175 174 177 -1 178 179 180 -1 179 178 181 -1 182 183 184 -1 183 182 185 -1 186 187 188 -1 187 186 189 -1 190 191 192 -1 191 190 193 -1 194 195 196 -1 195 194 197 -1 195 197 198 -1 195 198 199 -1 200 201 202 -1 201 200 203 -1 202 204 205 -1 204 202 201 -1 206 204 207 -1 204 206 205 -1 208 209 210 -1 209 208 211 -1 212 213 214 -1 213 212 215 -1 212 216 217 -1 216 212 214 -1 217 218 219 -1 218 217 216 -1 220 221 222 -1 221 220 223 -1 224 225 226 -1 225 224 227 -1 228 229 230 -1 229 228 231 -1 232 233 234 -1 233 232 235 -1 236 237 238 -1 237 236 239 -1 240 238 241 -1 238 240 236 -1 242 240 241 -1 240 242 243 -1 244 245 246 -1 245 244 247 -1 248 249 250 -1 249 248 251 -1 252 248 253 -1 248 252 251 -1 254 253 255 -1 253 254 252 -1 256 257 258 -1 257 256 259 -1 260 261 262 -1 261 260 263 -1 264 265 266 -1 265 264 267 -1 268 269 270 -1 269 268 271 -1 272 273 274 -1 273 272 275 -1 276 277 278 -1 277 276 279 -1 280 281 282 -1 281 280 283 -1 284 285 286 -1 285 284 287 -1 288 289 290 -1 289 288 291 -1 292 291 288 -1 291 292 293 -1 292 294 293 -1 294 292 295 -1 296 297 298 -1 297 296 299 -1 300 301 302 -1 301 300 303 -1 304 301 303 -1 301 304 305 -1 306 305 304 -1 305 306 307 -1 308 309 310 -1 309 308 311 -1 311 308 312 -1 311 312 313 -1 313 312 314 -1 313 314 315 -1 315 314 316 -1 315 316 317 -1 317 316 318 -1 317 318 319 -1 319 318 320 -1 319 320 321 -1 321 320 322 -1 321 322 323 -1 324 325 326 -1 325 324 327 -1 328 329 330 -1 329 328 331 -1 331 328 332 -1 331 332 333 -1 333 332 334 -1 333 334 335 -1 335 334 336 -1 335 336 337 -1 337 336 338 -1 338 336 339 -1 338 339 340 -1 340 339 341 -1 340 341 342 -1 342 341 343 -1 344 345 346 -1 345 344 347 -1 347 344 348 -1 347 348 349 -1 349 348 350 -1 349 350 351 -1 351 350 352 -1 352 350 353 -1 352 353 354 -1 354 353 355 -1 354 355 356 -1 356 355 357 -1 356 357 358 -1 356 358 359 -1 360 361 362 -1 361 360 363 -1 364 365 366 -1 365 364 367 -1 367 364 368 -1 367 368 369 -1 369 368 370 -1 369 370 371 -1 371 370 372 -1 371 372 373 -1 373 372 374 -1 373 374 375 -1 375 374 376 -1 375 376 377 -1 377 376 378 -1 377 378 379 -1 380 381 382 -1 381 380 383 -1 384 385 386 -1 385 384 387 -1 388 389 390 -1 389 388 391 -1 392 393 394 -1 393 392 395 -1 396 397 398 -1 397 396 399 -1 400 401 402 -1 401 400 403 -1 "
										                >
											<Coordinate DEF="coords_ME_ID857"
											            point="11.811023 0.000000 1.968504 15.748032 3.937008 1.968504 11.811023 3.937008 1.968504 15.748031 0.000000 1.968504 11.811023 0.000000 0.000000 11.811023 3.937008 1.968504 11.811023 0.000000 1.968504 11.811023 3.937008 0.000000 23.070866 0.000000 0.354331 15.748031 0.000000 0.000000 20.866140 0.000000 0.000000 15.748031 0.000000 1.968504 24.724409 0.000000 1.062992 25.826773 0.000000 2.125984 11.811023 0.000000 0.000000 3.385827 0.000000 0.354331 5.905512 0.000000 0.000000 11.811023 0.000000 1.968504 1.496063 0.000000 1.062992 0.236220 0.000000 2.125984 26.377953 0.000000 3.543307 -0.393701 0.000000 3.543307 21.259842 0.000000 4.724409 26.377953 0.000000 5.905512 21.850393 0.000000 4.882647 22.282707 0.000000 5.314961 22.440943 0.000000 5.905512 16.732285 0.000000 4.882647 10.236220 0.000000 4.724409 17.322834 0.000000 4.724409 10.826772 0.000000 4.882647 16.299971 0.000000 5.314961 11.259085 0.000000 5.314961 16.141733 0.000000 5.905512 11.417322 0.000000 5.905511 11.314923 0.000000 6.500865 16.244131 0.000000 6.500865 11.044765 0.000000 7.041184 16.514290 0.000000 7.041184 10.629921 0.000000 7.480315 16.929134 0.000000 7.480315 16.929134 0.000000 8.267716 10.629921 0.000000 8.267716 5.511811 0.000000 4.724409 -0.393701 -0.000000 5.905511 4.921260 0.000000 4.882647 4.488946 0.000000 5.314961 4.330709 0.000000 5.905511 15.748032 3.937008 1.968504 15.748031 0.000000 0.000000 15.748031 0.000000 1.968504 15.748032 3.937008 0.000000 3.385827 3.937008 0.354331 11.811023 3.937008 0.000000 5.905512 3.937008 0.000000 11.811023 3.937008 1.968504 1.496063 3.937008 1.062992 0.236220 3.937008 2.125984 15.748032 3.937008 1.968504 15.748032 3.937008 0.000000 23.070866 3.937008 0.354331 20.866140 3.937008 0.000000 24.724409 3.937008 1.062992 25.826771 3.937008 2.125984 -0.393701 3.937008 3.543307 26.377953 3.937008 3.543307 5.511811 3.937008 4.724409 -0.393701 3.937008 5.905512 4.921260 3.937008 4.882647 4.488946 3.937008 5.314961 4.330709 3.937008 5.905512 10.826772 3.937008 4.882647 17.322834 3.937008 4.724409 10.236220 3.937008 4.724409 16.732285 3.937008 4.882647 11.259085 3.937008 5.314961 16.299971 3.937008 5.314961 11.417322 3.937008 5.905512 16.141733 3.937008 5.905512 11.314923 3.937008 6.500865 16.244131 3.937008 6.500865 11.044765 3.937008 7.041184 16.514290 3.937008 7.041184 10.629921 3.937008 7.480315 16.929134 3.937008 7.480315 10.629921 3.937008 8.267716 16.929134 3.937008 8.267716 21.259842 3.937008 4.724409 26.377953 3.937008 5.905512 21.850393 3.937008 4.882647 22.282707 3.937008 5.314961 22.440945 3.937008 5.905512 11.811023 3.937008 0.000000 5.905512 0.000000 0.000000 5.905512 3.937008 0.000000 11.811023 0.000000 0.000000 16.929134 0.000000 8.267716 10.629921 0.393701 8.267716 10.629921 0.000000 8.267716 16.929134 3.543307 8.267716 16.929132 0.393701 8.267716 21.653543 3.543307 8.267716 21.653543 0.393701 8.267716 5.118110 0.393701 8.267716 10.629921 3.543307 8.267716 5.118110 3.543307 8.267716 10.629921 3.937008 8.267716 16.929134 3.937008 8.267716 10.629921 0.000000 8.267716 10.629921 0.393701 7.480315 10.629921 0.000000 7.480315 10.629921 0.393701 8.267716 10.629921 0.393701 7.480315 11.044765 0.000000 7.041184 10.629921 0.000000 7.480315 11.044765 0.393701 7.041184 11.044765 0.393701 7.041184 11.314923 0.000000 6.500865 11.044765 0.000000 7.041184 11.314923 0.393701 6.500865 11.314923 0.000000 6.500865 11.417322 0.393701 5.905512 11.417322 0.000000 5.905511 11.314923 0.393701 6.500865 11.417322 0.393701 5.905512 11.259085 0.000000 5.314961 11.417322 0.000000 5.905511 11.259085 0.393701 5.314961 10.826772 0.393701 4.882647 10.826772 0.000000 4.882647 10.236220 0.393701 4.724409 10.236220 0.000000 4.724409 10.236220 0.000000 4.724409 5.511811 0.393701 4.724409 5.511811 0.000000 4.724409 10.236220 0.393701 4.724409 5.511811 0.000000 4.724409 4.921260 0.393701 4.882647 4.921260 0.000000 4.882647 5.511811 0.393701 4.724409 4.488946 0.393701 5.314961 4.488946 0.000000 5.314961 4.330709 0.000000 5.905511 4.330709 0.393701 5.905512 4.330709 0.000000 5.905511 4.330709 3.543307 5.905512 -0.393701 -0.000000 5.905511 4.330709 0.393701 5.905512 4.330709 3.937008 5.905512 -0.393701 3.937008 5.905512 -0.393701 3.937008 5.905512 -0.393701 0.000000 3.543307 -0.393701 -0.000000 5.905511 -0.393701 3.937008 3.543307 -0.393701 0.000000 3.543307 0.236220 3.937008 2.125984 0.236220 0.000000 2.125984 -0.393701 3.937008 3.543307 1.496063 3.937008 1.062992 0.236220 0.000000 2.125984 0.236220 3.937008 2.125984 1.496063 0.000000 1.062992 3.385827 3.937008 0.354331 1.496063 0.000000 1.062992 1.496063 3.937008 1.062992 3.385827 0.000000 0.354331 5.905512 3.937008 0.000000 3.385827 0.000000 0.354331 3.385827 3.937008 0.354331 5.905512 0.000000 0.000000 15.748032 3.937008 0.000000 20.866140 0.000000 0.000000 15.748031 0.000000 0.000000 20.866140 3.937008 0.000000 23.070866 3.937008 0.354331 20.866140 0.000000 0.000000 20.866140 3.937008 0.000000 23.070866 0.000000 0.354331 24.724409 3.937008 1.062992 23.070866 0.000000 0.354331 23.070866 3.937008 0.354331 24.724409 0.000000 1.062992 25.826771 3.937008 2.125984 24.724409 0.000000 1.062992 24.724409 3.937008 1.062992 25.826773 0.000000 2.125984 25.826771 3.937008 2.125984 26.377953 0.000000 3.543307 25.826773 0.000000 2.125984 26.377953 3.937008 3.543307 26.377953 3.937008 3.543307 26.377953 0.000000 5.905512 26.377953 0.000000 3.543307 26.377953 3.937008 5.905512 22.440945 3.543307 5.905512 26.377953 3.937008 5.905512 22.440945 3.937008 5.905512 22.440945 0.393701 5.905511 22.440943 0.000000 5.905512 26.377953 0.000000 5.905512 22.440943 0.000000 5.905512 22.282707 0.393701 5.314961 22.282707 0.000000 5.314961 22.440945 0.393701 5.905511 21.850393 0.393701 4.882647 21.850393 0.000000 4.882647 21.259842 0.000000 4.724409 21.259842 0.393701 4.724409 17.322834 0.000000 4.724409 21.259842 0.393701 4.724409 17.322834 0.393701 4.724409 21.259842 0.000000 4.724409 16.732285 0.000000 4.882647 17.322834 0.393701 4.724409 16.732285 0.393701 4.882647 17.322834 0.000000 4.724409 16.299971 0.393701 5.314961 16.299971 0.000000 5.314961 16.141733 0.393701 5.905511 16.141733 0.000000 5.905512 16.141733 0.393701 5.905511 16.244131 0.000000 6.500865 16.141733 0.000000 5.905512 16.244131 0.393701 6.500865 16.244131 0.000000 6.500865 16.514290 0.393701 7.041184 16.514290 0.000000 7.041184 16.244131 0.393701 6.500865 16.514290 0.000000 7.041184 16.929132 0.393701 7.480315 16.929134 0.000000 7.480315 16.514290 0.393701 7.041184 16.929132 0.393701 7.480315 16.929134 0.000000 8.267716 16.929134 0.000000 7.480315 16.929132 0.393701 8.267716 4.488946 3.937008 5.314961 4.330709 3.543307 5.905512 4.488946 3.543307 5.314961 4.330709 3.937008 5.905512 4.921260 3.937008 4.882647 4.921260 3.543307 4.882647 5.511811 3.543307 4.724409 5.511811 3.937008 4.724409 10.236220 3.543307 4.724409 5.511811 3.937008 4.724409 5.511811 3.543307 4.724409 10.236220 3.937008 4.724409 10.826772 3.543307 4.882647 10.236220 3.937008 4.724409 10.236220 3.543307 4.724409 10.826772 3.937008 4.882647 11.259085 3.937008 5.314961 11.259085 3.543307 5.314961 11.417322 3.937008 5.905512 11.417322 3.543307 5.905512 11.314923 3.543307 6.500865 11.417322 3.937008 5.905512 11.417322 3.543307 5.905512 11.314923 3.937008 6.500865 11.044765 3.937008 7.041184 11.314923 3.543307 6.500865 11.044765 3.543307 7.041184 11.314923 3.937008 6.500865 10.629921 3.937008 7.480315 11.044765 3.543307 7.041184 10.629921 3.543307 7.480315 11.044765 3.937008 7.041184 10.629921 3.543307 8.267716 10.629921 3.937008 7.480315 10.629921 3.543307 7.480315 10.629921 3.937008 8.267716 16.929134 3.937008 7.480315 16.929134 3.543307 8.267716 16.929134 3.543307 7.480315 16.929134 3.937008 8.267716 16.514290 3.543307 7.041184 16.929134 3.937008 7.480315 16.929134 3.543307 7.480315 16.514290 3.937008 7.041184 16.244131 3.543307 6.500865 16.514290 3.937008 7.041184 16.514290 3.543307 7.041184 16.244131 3.937008 6.500865 16.141733 3.937008 5.905512 16.244131 3.543307 6.500865 16.141733 3.543307 5.905512 16.244131 3.937008 6.500865 16.299971 3.543307 5.314961 16.141733 3.937008 5.905512 16.141733 3.543307 5.905512 16.299971 3.937008 5.314961 16.732283 3.543307 4.882647 16.732285 3.937008 4.882647 17.322834 3.937008 4.724409 17.322834 3.543307 4.724409 17.322834 3.543307 4.724409 21.259842 3.937008 4.724409 17.322834 3.937008 4.724409 21.259842 3.543307 4.724409 21.259842 3.543307 4.724409 21.850393 3.937008 4.882647 21.259842 3.937008 4.724409 21.850393 3.543307 4.882647 22.282707 3.543307 5.314961 22.282707 3.937008 5.314961 22.440945 3.543307 5.905512 22.440945 3.937008 5.905512 21.850393 0.393701 4.882647 17.322834 0.393701 4.724409 21.259842 0.393701 4.724409 16.732285 0.393701 4.882647 22.282707 0.393701 5.314961 16.299971 0.393701 5.314961 22.440945 0.393701 5.905511 16.141733 0.393701 5.905511 22.338547 0.393701 6.500865 16.244131 0.393701 6.500865 22.068386 0.393701 7.041184 16.514290 0.393701 7.041184 21.653543 0.393701 7.480315 16.929132 0.393701 7.480315 21.653543 0.393701 8.267716 16.929132 0.393701 8.267716 21.653543 3.543307 7.480315 21.653543 0.393701 8.267716 21.653543 0.393701 7.480315 21.653543 3.543307 8.267716 16.732283 3.543307 4.882647 21.259842 3.543307 4.724409 17.322834 3.543307 4.724409 21.850393 3.543307 4.882647 16.299971 3.543307 5.314961 22.282707 3.543307 5.314961 16.141733 3.543307 5.905512 22.440945 3.543307 5.905512 16.244131 3.543307 6.500865 22.338547 3.543307 6.500865 22.068386 3.543307 7.041184 16.514290 3.543307 7.041184 21.653543 3.543307 7.480315 16.929134 3.543307 7.480315 21.653543 3.543307 8.267716 16.929134 3.543307 8.267716 4.921260 3.543307 4.882647 10.236220 3.543307 4.724409 5.511811 3.543307 4.724409 10.826772 3.543307 4.882647 4.488946 3.543307 5.314961 11.259085 3.543307 5.314961 4.330709 3.543307 5.905512 11.417322 3.543307 5.905512 11.314923 3.543307 6.500865 4.433108 3.543307 6.500865 11.044765 3.543307 7.041184 4.703267 3.543307 7.041184 10.629921 3.543307 7.480315 5.118110 3.543307 7.480315 5.118110 3.543307 8.267716 10.629921 3.543307 8.267716 5.118110 0.393701 8.267716 5.118110 3.543307 7.480315 5.118110 0.393701 7.480315 5.118110 3.543307 8.267716 10.826772 0.393701 4.882647 5.511811 0.393701 4.724409 10.236220 0.393701 4.724409 4.921260 0.393701 4.882647 11.259085 0.393701 5.314961 4.488946 0.393701 5.314961 11.417322 0.393701 5.905512 4.330709 0.393701 5.905512 11.314923 0.393701 6.500865 4.433108 0.393701 6.500865 11.044765 0.393701 7.041184 4.703267 0.393701 7.041184 10.629921 0.393701 7.480315 5.118110 0.393701 7.480315 10.629921 0.393701 8.267716 5.118110 0.393701 8.267716 4.433108 0.393701 6.500865 4.330709 3.543307 5.905512 4.330709 0.393701 5.905512 4.433108 3.543307 6.500865 22.440945 3.543307 5.905512 22.338547 0.393701 6.500865 22.440945 0.393701 5.905511 22.338547 3.543307 6.500865 22.338547 0.393701 6.500865 22.068386 3.543307 7.041184 22.068386 0.393701 7.041184 22.338547 3.543307 6.500865 22.068386 0.393701 7.041184 21.653543 3.543307 7.480315 21.653543 0.393701 7.480315 22.068386 3.543307 7.041184 4.703267 3.543307 7.041184 4.433108 0.393701 6.500865 4.703267 0.393701 7.041184 4.433108 3.543307 6.500865 5.118110 3.543307 7.480315 4.703267 0.393701 7.041184 5.118110 0.393701 7.480315 4.703267 3.543307 7.041184 "
											            />
										</IndexedFaceSet>
									</Shape>
								</Group>
							</Transform>
						</Transform>
						<Transform DEF="group_73_004_TRANSFORM"
						           translation="-132.941010 -164.835190 -112.206291"
						           scale="1.000000 1.000000 1.000000"
						           rotation="0.000000 -0.000000 1.000000 1.570796"
						           >
						</Transform>
						<Transform DEF="group_74_014_TRANSFORM"
						           translation="-168.811859 -166.027969 -103.977943"
						           scale="1.000000 1.000000 1.000000"
						           rotation="0.000000 -0.000000 -1.000000 2.356194"
						           >
							<Transform DEF="group_74_014_ifs_TRANSFORM"
							           translation="-0.000006 -0.000001 0.000001"
							           scale="1.000000 1.000000 1.000000"
							           rotation="-0.000000 0.000000 -0.000000 0.000000"
							           >
								<Group DEF="group_ME_ID874">
									<Shape>
										<Appearance>
										</Appearance>
										<IndexedFaceSet solid="false"
										                coordIndex="0 1 2 -1 1 0 3 -1 4 5 6 -1 5 4 7 -1 7 4 8 -1 7 8 9 -1 7 9 10 -1 8 4 11 -1 9 8 12 -1 9 12 13 -1 14 15 16 -1 15 14 17 -1 17 14 18 -1 17 18 19 -1 20 21 22 -1 21 20 23 -1 23 20 24 -1 23 24 25 -1 25 24 26 -1 26 24 27 -1 25 26 28 -1 28 26 29 -1 30 23 25 -1 31 32 33 -1 32 31 34 -1 35 36 37 -1 36 38 39 -1 38 36 35 -1 38 35 40 -1 41 42 43 -1 42 41 44 -1 45 46 47 -1 46 45 48 -1 49 50 51 -1 50 49 52 -1 50 52 53 -1 53 52 54 -1 55 56 57 -1 56 55 58 -1 59 60 61 -1 60 59 62 -1 63 64 65 -1 64 63 66 -1 66 63 67 -1 66 67 68 -1 69 70 71 -1 70 69 72 -1 73 74 75 -1 74 73 76 -1 77 78 79 -1 "
										                >
											<Coordinate DEF="coords_ME_ID874"
											            point="9.483794 0.000000 6.500865 9.213635 3.937008 7.041184 9.213635 0.000000 7.041184 9.483794 3.937008 6.500865 22.004612 0.000000 0.787402 7.196010 -0.000000 0.000000 19.721148 0.000000 0.000000 -23.084898 -0.000000 0.000001 9.586194 0.000000 5.905512 8.798793 -0.000000 7.480315 8.798793 -0.000000 7.929631 24.051853 0.000000 5.905512 9.483794 0.000000 6.500865 9.213635 0.000000 7.041184 9.586194 0.393701 5.905512 9.483794 0.000000 6.500865 9.586194 0.000000 5.905512 9.483794 3.937008 6.500865 9.586194 3.543307 5.905512 9.586194 3.937008 5.905512 5.767716 3.937008 0.000000 19.721148 3.937008 0.000000 7.196010 3.937008 0.000000 22.004610 3.937008 0.787402 -23.084898 3.937007 0.000001 9.586194 3.937008 5.905512 8.798793 3.937008 7.480315 8.798793 3.937008 7.929631 9.483794 3.937008 6.500865 9.213635 3.937008 7.041184 24.051853 3.937008 5.905512 9.213635 0.000000 7.041184 8.798793 3.937008 7.480315 8.798793 -0.000000 7.480315 9.213635 3.937008 7.041184 19.721148 3.937008 0.000000 9.164514 1.968504 0.000000 7.196010 3.937008 0.000000 19.721148 0.000000 0.000000 7.196010 -0.000000 0.000000 21.689650 1.968504 0.000000 21.689650 1.968504 0.000000 22.004612 0.000000 0.787402 19.721148 0.000000 0.000000 23.973114 1.968504 0.787402 23.973114 1.968504 0.787402 24.051853 0.000000 5.905512 22.004612 0.000000 0.787402 25.727924 1.968504 5.174428 9.586194 0.393701 5.905512 9.586194 3.937008 5.905512 9.586194 3.543307 5.905512 9.586194 0.000000 5.905512 24.051853 3.937008 5.905512 24.051853 0.000000 5.905512 8.798793 3.937008 7.480315 8.798793 -0.000000 7.929631 8.798793 -0.000000 7.480315 8.798793 3.937008 7.929631 -23.084898 -0.000000 0.000001 8.798793 3.937008 7.929631 -23.084898 3.937007 0.000001 8.798793 -0.000000 7.929631 5.767716 3.937008 0.000000 -23.084898 -0.000000 0.000001 -23.084898 3.937007 0.000001 7.196010 -0.000000 0.000000 7.196010 3.937008 0.000000 9.164514 1.968504 0.000000 22.004610 3.937008 0.787402 25.727924 1.968504 5.174428 23.973114 1.968504 0.787402 24.051853 3.937008 5.905512 22.004610 3.937008 0.787402 21.689650 1.968504 0.000000 19.721148 3.937008 0.000000 23.973114 1.968504 0.787402 25.727924 1.968504 5.174428 24.051853 3.937008 5.905512 24.051853 0.000000 5.905512 "
											            />
										</IndexedFaceSet>
									</Shape>
								</Group>
							</Transform>
						</Transform>
						<Transform DEF="group_75_004_TRANSFORM"
						           translation="-135.148590 -132.364700 -112.251007"
						           scale="1.000000 1.000000 1.000000"
						           rotation="0.000000 -0.000000 -1.000000 2.356194"
						           >
							<Transform DEF="group_75_004_ifs_TRANSFORM"
							           translation="-0.000001 0.000002 0.000000"
							           scale="1.000000 1.000000 1.000000"
							           rotation="-0.000000 0.000000 -0.000000 0.000000"
							           >
								<Group DEF="group_ME_ID903">
									<Shape>
										<Appearance>
										</Appearance>
										<IndexedFaceSet solid="false"
										                coordIndex="0 1 2 -1 1 0 3 -1 4 5 6 -1 5 4 7 -1 7 4 8 -1 7 8 9 -1 9 8 10 -1 10 8 11 -1 11 8 12 -1 13 14 15 -1 14 13 16 -1 16 13 17 -1 17 13 18 -1 11 19 20 -1 19 11 12 -1 19 12 21 -1 19 21 22 -1 22 21 15 -1 22 15 23 -1 22 23 24 -1 22 24 25 -1 23 15 14 -1 25 24 26 -1 25 26 27 -1 25 27 28 -1 25 28 29 -1 25 29 30 -1 25 30 31 -1 25 31 32 -1 33 0 2 -1 0 33 34 -1 35 36 37 -1 36 35 38 -1 38 35 39 -1 38 39 40 -1 40 39 41 -1 40 41 42 -1 42 41 43 -1 42 43 44 -1 44 43 45 -1 44 45 46 -1 46 45 47 -1 46 47 48 -1 48 47 49 -1 48 49 50 -1 51 3 52 -1 3 51 1 -1 53 54 55 -1 54 53 56 -1 57 58 59 -1 58 57 60 -1 60 57 61 -1 62 63 64 -1 63 62 65 -1 66 67 68 -1 67 66 69 -1 70 71 72 -1 71 70 73 -1 74 75 76 -1 75 74 77 -1 78 79 80 -1 79 78 81 -1 82 83 84 -1 83 82 85 -1 86 87 88 -1 87 86 89 -1 87 89 90 -1 87 90 91 -1 92 93 94 -1 93 92 95 -1 96 97 98 -1 97 96 99 -1 100 98 101 -1 98 100 96 -1 100 102 103 -1 102 100 101 -1 104 105 106 -1 105 104 107 -1 108 109 110 -1 109 108 111 -1 112 113 114 -1 113 112 115 -1 116 117 118 -1 117 116 119 -1 120 121 122 -1 121 120 123 -1 121 123 124 -1 123 120 125 -1 125 126 123 -1 126 125 127 -1 128 129 130 -1 129 128 131 -1 132 133 134 -1 133 132 135 -1 136 137 138 -1 137 136 139 -1 140 137 139 -1 137 140 141 -1 142 141 140 -1 141 142 143 -1 144 145 146 -1 145 144 147 -1 55 147 144 -1 147 55 54 -1 148 149 150 -1 149 148 151 -1 152 153 154 -1 153 152 155 -1 156 157 158 -1 157 156 159 -1 160 161 162 -1 161 160 163 -1 164 165 166 -1 165 167 168 -1 167 165 164 -1 167 164 169 -1 167 169 170 -1 167 170 171 -1 172 170 173 -1 170 172 171 -1 171 172 174 -1 174 172 175 -1 174 175 176 -1 176 175 177 -1 177 175 178 -1 178 175 179 -1 178 179 180 -1 180 179 181 -1 181 179 182 -1 182 179 183 -1 183 179 184 -1 184 179 185 -1 184 185 186 -1 176 187 188 -1 187 176 177 -1 188 187 189 -1 188 189 190 -1 188 190 191 -1 192 193 194 -1 193 192 195 -1 196 197 198 -1 197 196 199 -1 199 196 200 -1 199 200 201 -1 201 200 202 -1 201 202 203 -1 203 202 204 -1 203 204 205 -1 205 204 206 -1 205 206 207 -1 207 206 208 -1 207 208 209 -1 209 208 210 -1 209 210 211 -1 212 213 214 -1 213 212 215 -1 216 217 218 -1 217 216 219 -1 220 221 222 -1 221 220 223 -1 224 225 226 -1 225 224 227 -1 228 229 230 -1 229 228 231 -1 232 231 228 -1 231 232 233 -1 232 234 233 -1 234 232 235 -1 236 237 238 -1 237 236 239 -1 240 241 242 -1 241 240 243 -1 194 241 243 -1 241 194 193 -1 "
										                >
											<Coordinate DEF="coords_ME_ID903"
											            point="57.031754 0.393701 5.314961 56.599442 0.000000 4.882647 57.031754 0.000000 5.314960 56.599442 0.393701 4.882647 55.615189 0.000000 0.000000 12.930551 0.000000 0.000000 51.678185 0.000000 0.000000 6.299213 0.000000 0.000000 58.134872 0.000000 0.354331 5.168203 0.000000 0.031933 4.062733 0.000000 0.273050 3.021151 0.000000 0.714986 60.024635 0.000000 1.062992 61.914402 0.000000 5.905511 56.008892 0.000000 4.724409 61.914402 0.000000 3.543307 56.599442 0.000000 4.882647 57.031754 0.000000 5.314960 57.189991 0.000000 5.905511 0.642068 0.000000 1.092609 1.774738 0.000000 0.545499 61.284481 0.000000 2.125984 0.000000 0.000000 2.174283 34.745113 0.000000 4.724409 34.154560 0.000000 4.882647 24.500654 0.000000 8.267716 33.722248 0.000000 5.314960 33.564007 0.000000 5.905511 33.666405 0.000000 6.500865 33.936569 0.000000 7.041184 34.351410 0.000000 7.480315 34.351410 0.000000 8.267716 26.150623 0.000000 8.267716 57.189991 0.000000 5.905511 57.189991 0.393701 5.905512 56.599442 0.393701 4.882647 34.745113 0.393701 4.724409 56.008892 0.393701 4.724409 34.154560 0.393701 4.882647 57.031754 0.393701 5.314961 33.722248 0.393701 5.314961 57.189991 0.393701 5.905512 33.564011 0.393701 5.905512 57.087593 0.393701 6.500865 33.666405 0.393701 6.500865 56.817432 0.393701 7.041184 33.936569 0.393701 7.041184 56.402588 0.393701 7.480315 34.351410 0.393701 7.480315 56.402588 0.393701 8.267716 34.351410 0.393701 8.267716 56.008892 0.000000 4.724409 56.008892 0.393701 4.724409 6.299213 3.937008 0.000000 5.168203 0.000000 0.031933 5.168203 3.937008 0.031933 6.299213 0.000000 0.000000 51.678185 3.937008 0.000000 6.299213 0.000000 0.000000 6.299213 3.937008 0.000000 12.930551 0.000000 0.000000 51.678185 0.000000 0.000000 51.678185 3.937008 0.000000 55.615189 0.000000 0.000000 51.678185 0.000000 0.000000 55.615189 3.937008 0.000000 58.134872 3.937008 0.354331 55.615189 0.000000 0.000000 55.615189 3.937008 0.000000 58.134872 0.000000 0.354331 60.024635 3.937008 1.062992 58.134872 0.000000 0.354331 58.134872 3.937008 0.354331 60.024635 0.000000 1.062992 61.284481 3.937008 2.125984 60.024635 0.000000 1.062992 60.024635 3.937008 1.062992 61.284481 0.000000 2.125984 61.284481 3.937008 2.125984 61.914402 0.000000 3.543307 61.284481 0.000000 2.125984 61.914402 3.937008 3.543307 61.914402 3.937008 3.543307 61.914402 0.000000 5.905511 61.914402 0.000000 3.543307 61.914402 3.937008 5.905511 57.189991 3.543307 5.905512 61.914402 3.937008 5.905511 57.189991 3.937008 5.905512 57.189991 0.393701 5.905512 57.189991 0.000000 5.905511 61.914402 0.000000 5.905511 34.745113 0.000000 4.724409 56.008892 0.393701 4.724409 34.745113 0.393701 4.724409 56.008892 0.000000 4.724409 34.154560 0.000000 4.882647 34.745113 0.393701 4.724409 34.154560 0.393701 4.882647 34.745113 0.000000 4.724409 33.722248 0.000000 5.314960 33.722248 0.393701 5.314961 33.564011 0.393701 5.905512 33.564007 0.000000 5.905511 33.564011 0.393701 5.905512 33.666405 0.000000 6.500865 33.564007 0.000000 5.905511 33.666405 0.393701 6.500865 33.666405 0.000000 6.500865 33.936569 0.393701 7.041184 33.936569 0.000000 7.041184 33.666405 0.393701 6.500865 33.936569 0.000000 7.041184 34.351410 0.393701 7.480315 34.351410 0.000000 7.480315 33.936569 0.393701 7.041184 34.351410 0.393701 7.480315 34.351410 0.000000 8.267716 34.351410 0.000000 7.480315 34.351410 0.393701 8.267716 34.351410 0.000000 8.267716 26.150621 3.937008 8.267716 26.150623 0.000000 8.267716 34.351410 3.543307 8.267716 34.351410 3.937008 8.267716 34.351410 0.393701 8.267716 56.402588 3.543307 8.267716 56.402588 0.393701 8.267716 24.500654 0.000000 8.267716 26.150621 3.937008 8.267716 24.500654 3.937008 8.267716 26.150623 0.000000 8.267716 0.000000 0.000000 2.174283 24.500654 3.937008 8.267716 -0.000000 3.937008 2.174283 24.500654 0.000000 8.267716 -0.000000 3.937008 2.174283 0.642068 0.000000 1.092609 0.000000 0.000000 2.174283 0.642068 3.937008 1.092609 1.774738 3.937008 0.545499 1.774738 0.000000 0.545499 3.021151 3.937008 0.714986 3.021151 0.000000 0.714986 4.062733 3.937008 0.273050 3.021151 0.000000 0.714986 3.021151 3.937008 0.714986 4.062733 0.000000 0.273050 57.189991 3.543307 5.905512 57.087593 0.393701 6.500865 57.189991 0.393701 5.905512 57.087593 3.543307 6.500865 57.087593 0.393701 6.500865 56.817436 3.543307 7.041184 56.817432 0.393701 7.041184 57.087593 3.543307 6.500865 56.817432 0.393701 7.041184 56.402588 3.543307 7.480315 56.402588 0.393701 7.480315 56.817436 3.543307 7.041184 56.402588 3.543307 7.480315 56.402588 0.393701 8.267716 56.402588 0.393701 7.480315 56.402588 3.543307 8.267716 5.168203 3.937008 0.031933 51.678185 3.937008 0.000000 6.299213 3.937008 0.000000 58.134872 3.937008 0.354331 55.615189 3.937008 0.000000 4.062733 3.937008 0.273050 3.021151 3.937008 0.714986 60.024635 3.937008 1.062992 0.642068 3.937008 1.092609 1.774738 3.937008 0.545499 61.284481 3.937008 2.125984 -0.000000 3.937008 2.174283 61.914402 3.937008 3.543307 34.745113 3.937008 4.724409 34.154560 3.937008 4.882647 24.500654 3.937008 8.267716 33.722248 3.937008 5.314961 33.564011 3.937008 5.905512 33.666405 3.937008 6.500865 33.936569 3.937008 7.041184 34.351410 3.937008 7.480315 26.150621 3.937008 8.267716 34.351410 3.937008 8.267716 56.008892 3.937008 4.724409 61.914402 3.937008 5.905511 56.599442 3.937008 4.882647 57.031754 3.937008 5.314961 57.189991 3.937008 5.905512 57.189991 3.543307 5.905512 57.031754 3.937008 5.314961 57.031754 3.543307 5.314961 57.189991 3.937008 5.905512 34.154560 3.543307 4.882647 56.008892 3.543307 4.724409 34.745113 3.543307 4.724409 56.599442 3.543307 4.882647 33.722248 3.543307 5.314961 57.031754 3.543307 5.314961 33.564011 3.543307 5.905512 57.189991 3.543307 5.905512 33.666405 3.543307 6.500865 57.087593 3.543307 6.500865 33.936569 3.543307 7.041184 56.817436 3.543307 7.041184 34.351410 3.543307 7.480315 56.402588 3.543307 7.480315 34.351410 3.543307 8.267716 56.402588 3.543307 8.267716 34.351410 3.937008 7.480315 34.351410 3.543307 8.267716 34.351410 3.543307 7.480315 34.351410 3.937008 8.267716 33.936569 3.543307 7.041184 34.351410 3.937008 7.480315 34.351410 3.543307 7.480315 33.936569 3.937008 7.041184 33.666405 3.543307 6.500865 33.936569 3.937008 7.041184 33.936569 3.543307 7.041184 33.666405 3.937008 6.500865 33.564011 3.937008 5.905512 33.666405 3.543307 6.500865 33.564011 3.543307 5.905512 33.666405 3.937008 6.500865 33.722248 3.543307 5.314961 33.564011 3.937008 5.905512 33.564011 3.543307 5.905512 33.722248 3.937008 5.314961 34.154560 3.543307 4.882647 34.154560 3.937008 4.882647 34.745113 3.937008 4.724409 34.745113 3.543307 4.724409 34.745113 3.543307 4.724409 56.008892 3.937008 4.724409 34.745113 3.937008 4.724409 56.008892 3.543307 4.724409 56.008892 3.543307 4.724409 56.599442 3.937008 4.882647 56.008892 3.937008 4.724409 56.599442 3.543307 4.882647 "
											            />
										</IndexedFaceSet>
									</Shape>
								</Group>
							</Transform>
						</Transform>
						<Transform DEF="group_76_004_TRANSFORM"
						           translation="-150.263855 -152.729141 -103.988503"
						           scale="1.000000 1.000000 1.000000"
						           rotation="0.000000 -0.000000 1.000000 1.570796"
						           >
							<Transform DEF="group_76_004_ifs_TRANSFORM"
							           translation="0.000000 0.000000 0.000000"
							           scale="1.000000 1.000000 1.000000"
							           rotation="0.000000 0.000000 0.000000 0.000000"
							           >
								<Group DEF="group_ME_ID910">
									<Shape>
										<Appearance>
										</Appearance>
										<IndexedFaceSet solid="false"
										                coordIndex="0 1 2 -1 1 0 3 -1 4 5 6 -1 5 4 7 -1 8 9 10 -1 9 8 11 -1 11 8 12 -1 12 8 13 -1 12 13 14 -1 14 13 15 -1 10 16 17 -1 16 10 18 -1 18 10 19 -1 19 10 20 -1 20 10 9 -1 21 22 23 -1 22 21 24 -1 25 26 27 -1 26 25 28 -1 28 25 29 -1 29 25 30 -1 29 30 31 -1 31 30 32 -1 31 32 33 -1 31 33 34 -1 31 34 35 -1 36 28 37 -1 28 36 26 -1 38 39 40 -1 39 38 41 -1 42 43 44 -1 43 42 45 -1 46 47 48 -1 47 46 49 -1 50 51 52 -1 51 50 53 -1 54 55 56 -1 55 54 57 -1 58 59 60 -1 59 58 61 -1 62 63 64 -1 63 62 65 -1 66 67 68 -1 67 66 69 -1 70 71 72 -1 71 70 73 -1 71 73 74 -1 74 73 75 -1 75 76 74 -1 76 75 77 -1 76 78 79 -1 78 76 77 -1 78 77 80 -1 78 80 81 -1 82 83 84 -1 83 82 85 -1 83 85 86 -1 86 85 87 -1 87 85 88 -1 89 84 83 -1 90 91 92 -1 93 94 95 -1 94 93 96 -1 94 96 97 -1 97 96 91 -1 97 91 90 -1 98 99 100 -1 99 98 101 -1 101 98 102 -1 101 103 104 -1 103 101 102 -1 105 106 107 -1 108 109 110 -1 111 112 113 -1 112 111 109 -1 112 109 114 -1 114 109 108 -1 115 116 117 -1 116 115 118 -1 119 120 121 -1 120 119 122 -1 123 124 125 -1 124 123 126 -1 127 128 129 -1 128 127 130 -1 131 132 133 -1 132 131 134 -1 134 131 135 -1 136 137 138 -1 137 136 139 -1 140 141 142 -1 141 140 143 -1 144 145 146 -1 145 144 147 -1 148 149 150 -1 149 148 151 -1 152 153 154 -1 153 152 155 -1 "
										                >
											<Coordinate DEF="coords_ME_ID910"
											            point="21.496063 3.937008 0.000000 21.496063 0.000000 0.787402 21.496063 0.000000 0.000000 21.496063 3.937008 0.787402 19.928736 3.937008 0.000000 21.496063 0.000000 0.000000 19.928736 0.000000 -0.000000 21.496063 3.937008 0.000000 1.248452 3.937008 6.800656 21.692913 3.937008 5.905512 5.833731 3.937008 5.131361 21.590513 3.937008 6.500865 21.320354 3.937008 7.041184 1.248452 3.937008 8.267716 20.905512 3.937008 7.480315 20.905512 3.937008 8.267716 21.496063 3.937008 0.000000 19.928736 3.937008 0.000000 21.496063 3.937008 0.787402 22.086615 3.937008 0.787402 22.086615 3.937008 5.905512 22.086615 3.937008 0.787402 21.496063 0.000000 0.787402 21.496063 3.937008 0.787402 22.086615 0.000000 0.787402 22.086615 0.000000 5.905512 21.496063 0.000000 0.787402 22.086615 0.000000 0.787402 5.833731 -0.000000 5.131361 5.185460 -0.000000 5.367367 21.692913 0.000000 5.905512 5.185460 0.000000 8.267716 21.590515 0.000000 6.500865 21.320354 0.000000 7.041184 20.905512 0.000000 7.480315 20.905512 0.000000 8.267716 21.496063 0.000000 0.000000 19.928736 0.000000 -0.000000 5.833731 3.937008 5.131361 19.928736 0.000000 -0.000000 5.833731 -0.000000 5.131361 19.928736 3.937008 0.000000 5.833731 3.937008 5.131361 5.185460 -0.000000 5.367367 1.248452 3.937008 6.800656 5.833731 -0.000000 5.131361 5.185460 0.000000 8.267716 1.248452 3.937008 6.800656 5.185460 -0.000000 5.367367 1.248452 3.937008 8.267716 5.185460 0.000000 8.267716 20.905512 3.937008 8.267716 1.248452 3.937008 8.267716 20.905512 0.000000 8.267716 20.905512 3.937008 7.480315 20.905512 0.000000 8.267716 20.905512 0.000000 7.480315 20.905512 3.937008 8.267716 21.320354 0.000000 7.041184 20.905512 3.937008 7.480315 20.905512 0.000000 7.480315 21.320354 3.937008 7.041184 21.590515 0.000000 6.500865 21.320354 3.937008 7.041184 21.320354 0.000000 7.041184 21.590513 3.937008 6.500865 21.692913 0.000000 5.905512 21.590513 3.937008 6.500865 21.590515 0.000000 6.500865 21.692913 3.937008 5.905512 21.692913 0.000000 5.905512 22.086615 3.937008 5.905512 21.692913 3.937008 5.905512 22.086615 0.000000 5.905512 22.086615 3.543307 5.905512 22.086615 0.393701 5.905512 26.023623 3.543307 5.905512 26.023623 0.393701 5.905512 32.221565 3.937008 5.905512 26.023623 3.937008 5.905512 26.023623 0.000000 5.905512 32.221565 0.000000 5.905512 22.086615 0.000000 0.787402 22.086615 0.393701 1.968504 22.086615 0.000000 5.905512 22.086615 3.937008 0.787402 22.086615 3.543307 1.968504 22.086615 3.543307 5.905512 22.086615 3.937008 5.905512 22.086615 0.393701 5.905512 26.023623 3.937008 5.905512 26.023623 3.543307 1.968504 26.023623 3.543307 5.905512 26.023623 0.393701 5.905512 26.023623 0.000000 0.787402 26.023623 0.000000 5.905512 26.023623 0.393701 1.968504 26.023623 3.937008 0.787402 30.174322 0.000000 0.787402 26.614172 0.000000 0.000000 27.890860 0.000000 0.000000 26.614172 0.000000 0.787402 32.221565 0.000000 5.905512 26.023623 0.000000 5.905512 26.023623 0.000000 0.787402 33.897636 1.968504 5.174428 32.221565 3.937008 5.905512 32.221565 0.000000 5.905512 26.023623 3.937008 5.905512 26.614172 3.937008 0.787402 26.023623 3.937008 0.787402 26.614172 3.937008 0.000000 30.174322 3.937008 0.787402 27.890860 3.937008 0.000000 32.221565 3.937008 5.905512 22.086615 3.543307 5.905512 26.023623 3.543307 1.968504 22.086615 3.543307 1.968504 26.023623 3.543307 5.905512 26.023623 0.393701 5.905512 22.086615 0.393701 1.968504 26.023623 0.393701 1.968504 22.086615 0.393701 5.905512 26.023623 3.543307 1.968504 22.086615 0.393701 1.968504 22.086615 3.543307 1.968504 26.023623 0.393701 1.968504 26.614172 3.937008 0.787402 26.023623 0.000000 0.787402 26.023623 3.937008 0.787402 26.614172 0.000000 0.787402 27.890860 3.937008 0.000000 26.614172 0.000000 0.000000 26.614172 3.937008 0.000000 27.890860 0.000000 0.000000 29.859362 1.968504 0.000000 29.859362 1.968504 0.000000 30.174322 0.000000 0.787402 27.890860 0.000000 0.000000 32.142826 1.968504 0.787402 32.142826 1.968504 0.787402 32.221565 0.000000 5.905512 30.174322 0.000000 0.787402 33.897636 1.968504 5.174428 26.614172 3.937008 0.787402 26.614172 0.000000 0.000000 26.614172 0.000000 0.787402 26.614172 3.937008 0.000000 32.221565 3.937008 5.905512 32.142826 1.968504 0.787402 30.174322 3.937008 0.787402 33.897636 1.968504 5.174428 30.174322 3.937008 0.787402 29.859362 1.968504 0.000000 27.890860 3.937008 0.000000 32.142826 1.968504 0.787402 "
											            />
										</IndexedFaceSet>
									</Shape>
								</Group>
							</Transform>
						</Transform>
						<Transform DEF="group_77_004_TRANSFORM"
						           translation="-152.665421 -150.327576 -103.988503"
						           scale="-1.000000 -1.000000 -1.000000"
						           rotation="-0.000000 1.000000 0.000000 3.141593"
						           >
							<Transform DEF="group_77_004_ifs_TRANSFORM"
							           translation="0.000002 0.000000 -0.000000"
							           scale="1.000000 1.000000 1.000000"
							           rotation="0.000000 1.000000 0.000000 0.000000"
							           >
								<Group DEF="group_ME_ID917">
									<Shape>
										<Appearance>
										</Appearance>
										<IndexedFaceSet solid="false"
										                coordIndex="0 1 2 -1 3 2 1 -1 4 5 6 -1 7 6 5 -1 8 9 10 -1 10 9 11 -1 11 9 12 -1 12 9 13 -1 14 13 9 -1 15 16 17 -1 17 16 18 -1 16 19 18 -1 18 19 20 -1 20 19 8 -1 9 8 19 -1 21 22 23 -1 24 23 22 -1 25 26 27 -1 28 27 26 -1 29 30 31 -1 30 32 31 -1 32 33 31 -1 33 34 31 -1 31 34 35 -1 34 36 35 -1 35 36 27 -1 27 36 25 -1 37 25 36 -1 38 39 40 -1 41 40 39 -1 42 43 44 -1 45 44 43 -1 46 47 48 -1 49 48 47 -1 50 51 52 -1 53 52 51 -1 54 55 56 -1 57 56 55 -1 58 59 60 -1 61 60 59 -1 62 63 64 -1 65 64 63 -1 66 67 68 -1 69 68 67 -1 70 71 72 -1 71 73 72 -1 73 74 72 -1 75 72 74 -1 73 76 74 -1 77 74 76 -1 76 78 77 -1 77 78 79 -1 78 80 79 -1 81 79 80 -1 82 83 84 -1 85 86 87 -1 87 86 88 -1 88 86 82 -1 86 89 82 -1 83 82 89 -1 90 91 92 -1 91 93 92 -1 92 93 94 -1 93 95 94 -1 96 94 95 -1 97 91 90 -1 98 99 100 -1 101 100 99 -1 98 102 99 -1 99 102 103 -1 104 103 102 -1 105 106 107 -1 108 109 110 -1 110 109 111 -1 109 112 111 -1 113 111 112 -1 114 109 108 -1 115 116 117 -1 118 117 116 -1 119 120 121 -1 122 121 120 -1 123 124 125 -1 126 125 124 -1 127 128 129 -1 130 129 128 -1 131 132 133 -1 133 132 134 -1 135 134 132 -1 136 137 138 -1 139 138 137 -1 140 141 142 -1 143 142 141 -1 144 145 146 -1 147 146 145 -1 148 149 150 -1 151 150 149 -1 152 153 154 -1 155 154 153 -1 "
										                >
											<Coordinate DEF="coords_ME_ID917"
											            point="21.496063 3.937008 0.787402 21.496063 3.937008 0.000000 21.496063 0.000000 0.787402 21.496063 0.000000 0.000000 21.496063 3.937008 0.000000 19.928736 3.937008 0.000000 21.496063 0.000000 0.000000 19.928736 0.000000 -0.000000 21.692913 3.937008 5.905512 5.833731 3.937008 5.131361 22.086615 3.937008 5.905512 22.086615 3.937008 0.787402 21.496063 3.937008 0.787402 21.496063 3.937008 0.000000 19.928736 3.937008 0.000000 20.905512 3.937008 8.267716 1.248452 3.937008 8.267716 20.905512 3.937008 7.480315 21.320354 3.937008 7.041184 1.248452 3.937008 6.800656 21.590513 3.937008 6.500865 22.086615 0.000000 0.787402 22.086615 3.937008 0.787402 21.496063 0.000000 0.787402 21.496063 3.937008 0.787402 21.496063 0.000000 0.787402 21.496063 0.000000 0.000000 5.833731 -0.000000 5.131361 19.928736 0.000000 -0.000000 20.905512 0.000000 8.267716 20.905512 0.000000 7.480315 5.185460 0.000000 8.267716 21.320354 0.000000 7.041184 21.590515 0.000000 6.500865 21.692913 0.000000 5.905512 5.185460 -0.000000 5.367367 22.086615 0.000000 5.905512 22.086615 0.000000 0.787402 19.928736 3.937008 0.000000 5.833731 3.937008 5.131361 19.928736 0.000000 -0.000000 5.833731 -0.000000 5.131361 5.833731 -0.000000 5.131361 5.833731 3.937008 5.131361 5.185460 -0.000000 5.367367 1.248452 3.937008 6.800656 1.248452 3.937008 8.267716 5.185460 0.000000 8.267716 1.248452 3.937008 6.800656 5.185460 -0.000000 5.367367 20.905512 0.000000 8.267716 5.185460 0.000000 8.267716 20.905512 3.937008 8.267716 1.248452 3.937008 8.267716 20.905512 3.937008 8.267716 20.905512 3.937008 7.480315 20.905512 0.000000 8.267716 20.905512 0.000000 7.480315 21.320354 3.937008 7.041184 21.320354 0.000000 7.041184 20.905512 3.937008 7.480315 20.905512 0.000000 7.480315 21.590513 3.937008 6.500865 21.590515 0.000000 6.500865 21.320354 3.937008 7.041184 21.320354 0.000000 7.041184 21.692913 3.937008 5.905512 21.692913 0.000000 5.905512 21.590513 3.937008 6.500865 21.590515 0.000000 6.500865 32.221565 0.000000 5.905512 26.023623 0.000000 5.905512 32.221565 3.937008 5.905512 26.023623 0.393701 5.905512 26.023623 3.543307 5.905512 26.023623 3.937008 5.905512 22.086615 0.393701 5.905512 22.086615 3.543307 5.905512 22.086615 0.000000 5.905512 22.086615 3.937008 5.905512 21.692913 0.000000 5.905512 21.692913 3.937008 5.905512 22.086615 0.393701 1.968504 22.086615 0.000000 5.905512 22.086615 0.393701 5.905512 22.086615 3.937008 5.905512 22.086615 3.937008 0.787402 22.086615 3.543307 5.905512 22.086615 3.543307 1.968504 22.086615 0.000000 0.787402 26.023623 3.937008 5.905512 26.023623 3.543307 1.968504 26.023623 3.937008 0.787402 26.023623 0.393701 1.968504 26.023623 0.000000 0.787402 26.023623 0.393701 5.905512 26.023623 0.000000 5.905512 26.023623 3.543307 5.905512 32.221565 0.000000 5.905512 26.614172 0.000000 0.787402 26.023623 0.000000 5.905512 26.023623 0.000000 0.787402 30.174322 0.000000 0.787402 26.614172 0.000000 0.000000 27.890860 0.000000 0.000000 32.221565 0.000000 5.905512 32.221565 3.937008 5.905512 33.897636 1.968504 5.174428 26.023623 3.937008 5.905512 26.614172 3.937008 0.787402 32.221565 3.937008 5.905512 30.174322 3.937008 0.787402 26.614172 3.937008 0.000000 27.890860 3.937008 0.000000 26.023623 3.937008 0.787402 26.023623 3.543307 5.905512 22.086615 3.543307 5.905512 26.023623 3.543307 1.968504 22.086615 3.543307 1.968504 22.086615 0.393701 5.905512 26.023623 0.393701 5.905512 22.086615 0.393701 1.968504 26.023623 0.393701 1.968504 26.023623 0.393701 1.968504 26.023623 3.543307 1.968504 22.086615 0.393701 1.968504 22.086615 3.543307 1.968504 26.614172 0.000000 0.787402 26.614172 3.937008 0.787402 26.023623 0.000000 0.787402 26.023623 3.937008 0.787402 29.859362 1.968504 0.000000 27.890860 3.937008 0.000000 27.890860 0.000000 0.000000 26.614172 0.000000 0.000000 26.614172 3.937008 0.000000 32.142826 1.968504 0.787402 29.859362 1.968504 0.000000 30.174322 0.000000 0.787402 27.890860 0.000000 0.000000 33.897636 1.968504 5.174428 32.142826 1.968504 0.787402 32.221565 0.000000 5.905512 30.174322 0.000000 0.787402 26.614172 3.937008 0.000000 26.614172 3.937008 0.787402 26.614172 0.000000 0.000000 26.614172 0.000000 0.787402 33.897636 1.968504 5.174428 32.221565 3.937008 5.905512 32.142826 1.968504 0.787402 30.174322 3.937008 0.787402 32.142826 1.968504 0.787402 30.174322 3.937008 0.787402 29.859362 1.968504 0.000000 27.890860 3.937008 0.000000 "
											            />
										</IndexedFaceSet>
									</Shape>
								</Group>
							</Transform>
						</Transform>
						<Transform DEF="group_78_004_TRANSFORM"
						           translation="-150.263855 -166.798431 -115.071976"
						           scale="1.000000 1.000000 1.000000"
						           rotation="0.000000 -0.000000 1.000000 1.570796"
						           >
						</Transform>
						<Transform DEF="group_79_004_TRANSFORM"
						           translation="-166.734711 -154.264587 -115.071976"
						           scale="1.000000 1.000000 1.000000"
						           rotation="0.000000 -0.000000 -0.000000 0.000000"
						           >
						</Transform>
						<Transform DEF="group_80_004_TRANSFORM"
						           translation="-179.845505 -182.629379 -122.385849"
						           scale="1.000000 1.000000 1.000000"
						           rotation="0.050506 -0.121933 0.991253 0.791630"
						           >
						</Transform>
						<Transform DEF="group_81_004_TRANSFORM"
						           translation="-178.434509 -181.218399 -114.362549"
						           scale="1.000000 1.000000 1.000000"
						           rotation="0.050506 -0.121933 0.991253 0.791630"
						           >
							<Transform DEF="group_82_004_TRANSFORM"
							           translation="-12.913174 2.388612 22.959270"
							           scale="-1.000000 -1.000000 -1.000000"
							           rotation="0.382611 -0.923704 -0.019495 3.047533"
							           >
								<Transform DEF="group_82_004_ifs_TRANSFORM"
								           translation="-0.000002 0.000001 0.000002"
								           scale="1.000000 1.000000 1.000000"
								           rotation="0.000000 0.000000 0.000000 0.000000"
								           >
									<Group DEF="group_ME_ID945">
										<Shape>
											<Appearance>
											</Appearance>
											<IndexedFaceSet solid="false"
											                coordIndex="0 1 2 -1 1 0 3 -1 4 5 6 -1 5 4 7 -1 8 9 10 -1 9 8 11 -1 12 13 14 -1 13 12 15 -1 16 17 18 -1 17 16 19 -1 20 21 22 -1 21 20 23 -1 "
											                >
												<Coordinate DEF="coords_ME_ID945"
												            point="2.000421 3.937008 9.146471 0.000000 0.000000 3.590089 2.000421 0.000000 9.146471 0.000000 3.937008 3.590089 11.972275 0.000000 5.556383 0.000000 0.000000 3.590089 9.971854 0.000000 0.000000 2.000421 0.000000 9.146471 11.972275 0.000000 5.556383 2.000421 3.937008 9.146471 2.000421 0.000000 9.146471 11.972275 3.937008 5.556383 0.000000 3.937008 3.590089 11.972275 3.937008 5.556383 9.971854 3.937008 0.000000 2.000421 3.937008 9.146471 0.000000 3.937008 3.590089 9.971854 0.000000 0.000000 0.000000 0.000000 3.590089 9.971854 3.937008 0.000000 9.971854 0.000000 0.000000 11.972275 3.937008 5.556383 11.972275 0.000000 5.556383 9.971854 3.937008 0.000000 "
												            />
											</IndexedFaceSet>
										</Shape>
									</Group>
								</Transform>
							</Transform>
						</Transform>
						<Transform DEF="group_83_004_TRANSFORM"
						           translation="-116.011879 -166.075607 -103.988495"
						           scale="1.000000 1.000000 1.000000"
						           rotation="0.000000 -0.000000 1.000000 1.570796"
						           >
							<Transform DEF="group_84_004_TRANSFORM"
							           translation="10.679341 74.451736 -21.249290"
							           scale="-1.000000 -1.000000 -1.000000"
							           rotation="-0.000000 1.000000 0.000000 3.141593"
							           >
								<Transform DEF="group_84_004_ifs_TRANSFORM"
								           translation="0.000001 -0.000000 0.000000"
								           scale="1.000000 1.000000 1.000000"
								           rotation="-0.000000 0.000000 0.000000 0.000000"
								           >
									<Group DEF="group_ME_ID961">
										<Shape>
											<Appearance>
											</Appearance>
											<IndexedFaceSet solid="false"
											                coordIndex="0 1 2 -1 1 0 3 -1 4 5 6 -1 5 4 7 -1 7 4 8 -1 7 8 9 -1 7 9 10 -1 10 9 11 -1 10 11 12 -1 12 11 13 -1 13 11 14 -1 14 11 15 -1 14 15 16 -1 16 15 17 -1 17 15 18 -1 18 15 19 -1 19 15 20 -1 20 15 21 -1 20 21 22 -1 21 15 23 -1 23 15 24 -1 24 15 25 -1 25 15 26 -1 25 26 27 -1 27 26 28 -1 28 26 29 -1 29 26 30 -1 29 30 31 -1 30 26 32 -1 32 26 33 -1 33 26 34 -1 34 26 35 -1 34 35 36 -1 36 35 37 -1 37 35 38 -1 38 35 39 -1 39 35 40 -1 40 35 41 -1 40 41 42 -1 41 35 43 -1 43 35 44 -1 44 35 45 -1 45 35 46 -1 45 46 47 -1 45 47 48 -1 48 47 49 -1 49 47 50 -1 50 47 51 -1 51 47 52 -1 51 52 53 -1 51 53 54 -1 55 56 57 -1 56 55 58 -1 58 55 59 -1 58 59 60 -1 61 62 63 -1 62 61 64 -1 62 64 65 -1 62 65 66 -1 62 66 67 -1 62 67 68 -1 69 70 71 -1 70 69 72 -1 73 74 75 -1 74 73 76 -1 77 78 79 -1 78 77 80 -1 81 82 83 -1 82 81 84 -1 85 86 87 -1 86 85 88 -1 89 90 91 -1 90 89 92 -1 93 94 95 -1 96 97 98 -1 97 96 99 -1 99 96 95 -1 99 95 94 -1 95 96 100 -1 101 102 103 -1 102 101 104 -1 105 106 107 -1 106 105 108 -1 108 105 109 -1 109 105 110 -1 110 105 111 -1 109 112 113 -1 112 109 114 -1 114 109 115 -1 115 109 110 -1 114 115 116 -1 117 118 119 -1 118 117 120 -1 121 122 123 -1 122 121 124 -1 125 126 127 -1 126 125 128 -1 129 130 131 -1 130 129 132 -1 133 134 135 -1 134 133 136 -1 137 138 139 -1 138 137 140 -1 141 142 143 -1 142 141 144 -1 145 146 147 -1 146 145 148 -1 149 150 151 -1 150 149 152 -1 153 154 155 -1 154 153 156 -1 157 158 159 -1 158 157 160 -1 161 162 163 -1 162 161 164 -1 165 166 167 -1 166 165 168 -1 169 170 171 -1 170 169 172 -1 173 174 175 -1 174 173 176 -1 177 178 179 -1 178 177 180 -1 181 182 183 -1 182 181 184 -1 185 186 187 -1 186 185 188 -1 189 190 191 -1 190 189 192 -1 193 194 195 -1 194 193 196 -1 197 198 199 -1 198 197 200 -1 201 202 203 -1 202 201 204 -1 202 204 205 -1 206 207 208 -1 207 206 209 -1 210 211 212 -1 211 210 213 -1 214 215 216 -1 215 214 217 -1 218 219 220 -1 219 218 221 -1 222 223 224 -1 223 222 225 -1 226 227 228 -1 227 226 229 -1 230 231 232 -1 231 230 233 -1 234 235 236 -1 235 234 237 -1 237 234 238 -1 239 240 241 -1 240 239 242 -1 243 244 245 -1 244 243 246 -1 244 246 247 -1 248 249 250 -1 249 248 251 -1 252 253 254 -1 253 252 255 -1 256 257 258 -1 257 256 259 -1 260 261 262 -1 261 260 263 -1 264 265 266 -1 265 264 267 -1 268 269 270 -1 269 268 271 -1 272 273 274 -1 273 272 275 -1 276 277 278 -1 279 280 281 -1 280 279 282 -1 282 279 283 -1 283 279 284 -1 284 279 285 -1 284 285 286 -1 286 285 287 -1 286 287 288 -1 286 288 289 -1 286 289 290 -1 290 289 291 -1 290 291 292 -1 290 292 293 -1 290 293 294 -1 290 294 295 -1 290 295 296 -1 296 295 297 -1 290 296 298 -1 290 298 299 -1 290 299 300 -1 290 300 301 -1 301 300 302 -1 301 302 303 -1 301 303 304 -1 301 304 305 -1 305 304 306 -1 301 305 307 -1 301 307 308 -1 301 308 309 -1 301 309 310 -1 310 309 311 -1 310 311 312 -1 310 312 313 -1 310 313 314 -1 310 314 315 -1 310 315 316 -1 316 315 317 -1 310 316 318 -1 310 318 319 -1 310 319 320 -1 310 320 321 -1 321 320 322 -1 322 320 323 -1 322 323 324 -1 322 324 325 -1 322 325 326 -1 322 326 327 -1 327 326 328 -1 328 326 329 -1 330 331 332 -1 331 330 333 -1 334 335 336 -1 335 334 337 -1 337 334 338 -1 338 334 339 -1 339 334 340 -1 340 334 341 -1 342 343 344 -1 343 342 345 -1 346 347 348 -1 347 346 349 -1 350 351 352 -1 351 350 353 -1 353 350 354 -1 354 350 355 -1 355 350 356 -1 356 350 357 -1 358 359 360 -1 359 358 361 -1 362 363 364 -1 363 362 365 -1 363 365 366 -1 363 366 367 -1 363 367 368 -1 363 368 369 -1 370 371 372 -1 371 370 373 -1 374 375 376 -1 375 374 377 -1 378 379 380 -1 379 378 381 -1 382 383 384 -1 383 382 385 -1 386 387 388 -1 387 386 389 -1 390 391 392 -1 391 390 393 -1 394 395 396 -1 395 394 397 -1 398 399 400 -1 399 398 401 -1 402 403 404 -1 403 402 405 -1 406 407 408 -1 407 406 409 -1 410 411 412 -1 411 410 413 -1 414 415 416 -1 415 414 417 -1 418 419 420 -1 419 418 421 -1 422 423 424 -1 423 422 425 -1 426 427 428 -1 427 426 429 -1 430 431 432 -1 431 430 433 -1 434 435 436 -1 435 434 437 -1 438 439 440 -1 439 438 441 -1 442 443 444 -1 443 442 445 -1 446 447 448 -1 447 446 449 -1 450 451 452 -1 451 450 453 -1 454 455 456 -1 455 454 457 -1 458 459 460 -1 459 458 461 -1 462 463 464 -1 463 462 465 -1 "
											                >
												<Coordinate DEF="coords_ME_ID961"
												            point="3.937008 22.440945 5.905512 3.543307 22.282707 5.314961 3.937008 22.282707 5.314961 3.543307 22.440945 5.905512 3.937008 0.629921 2.125984 3.937008 -0.000000 5.905512 3.937008 -0.000000 3.543307 3.937008 3.937008 5.905512 3.937008 1.889764 1.062992 3.937008 3.779527 0.354331 3.937008 4.095246 5.314961 3.937008 6.299213 0.000000 3.937008 4.527559 4.882647 3.937008 5.118110 4.724409 3.937008 9.055118 4.724409 3.937008 18.110235 0.000000 3.937008 9.645669 4.882647 3.937008 10.077983 5.314961 3.937008 10.236220 5.905512 3.937008 10.629921 5.905512 3.937008 13.779528 5.905512 3.937008 14.331465 5.314961 3.937008 14.173228 5.905512 3.937008 14.763780 4.882647 3.937008 15.354331 4.724409 3.937008 21.259842 4.724409 3.937008 30.314960 0.000000 3.937008 21.850393 4.882647 3.937008 22.282707 5.314961 3.937008 22.440945 5.905512 3.937008 26.536190 5.314961 3.937008 26.377953 5.905512 3.937008 26.968504 4.882647 3.937008 27.559055 4.724409 3.937008 32.677166 4.724409 3.937008 42.125984 0.000000 3.937008 33.267715 4.882647 3.937008 33.700031 5.314961 3.937008 33.858269 5.905512 3.937008 34.251968 5.905512 3.937008 37.401573 5.905512 3.937008 37.953510 5.314961 3.937008 37.795273 5.905512 3.937008 38.385826 4.882647 3.937008 38.976376 4.724409 3.937008 44.881889 4.724409 3.937008 44.750656 0.236220 3.937008 46.850395 0.708661 3.937008 45.472439 4.882647 3.937008 45.904755 5.314961 3.937008 46.062992 5.905512 3.937008 50.000000 5.905512 3.937008 48.425198 1.417323 3.937008 49.475063 2.362205 3.937008 50.000000 3.543307 0.393701 22.440945 5.905512 0.000000 26.377953 5.905512 0.000000 22.440945 5.905512 3.937008 26.377953 5.905512 3.543307 22.440945 5.905512 3.937008 22.440945 5.905512 3.543307 14.331465 5.314961 3.543307 22.440945 5.905512 3.543307 14.173228 5.905512 3.543307 14.763780 4.882647 3.543307 15.354331 4.724409 3.543307 21.259842 4.724409 3.543307 21.850393 4.882647 3.543307 22.282707 5.314961 3.937008 21.850393 4.882647 3.543307 22.282707 5.314961 3.543307 21.850393 4.882647 3.937008 22.282707 5.314961 3.937008 21.259842 4.724409 3.543307 21.850393 4.882647 3.543307 21.259842 4.724409 3.937008 21.850393 4.882647 3.937008 15.354331 4.724409 3.543307 21.259842 4.724409 3.543307 15.354331 4.724409 3.937008 21.259842 4.724409 3.937008 14.763780 4.882647 3.543307 15.354331 4.724409 3.543307 14.763780 4.882647 3.937008 15.354331 4.724409 3.543307 14.331465 5.314961 3.937008 14.763780 4.882647 3.543307 14.763780 4.882647 3.937008 14.331465 5.314961 3.543307 14.173228 5.905512 3.937008 14.331465 5.314961 3.543307 14.331465 5.314961 3.937008 14.173228 5.905512 3.543307 22.440945 5.905512 0.393701 22.440945 5.905512 3.543307 14.173228 5.905512 3.937008 13.779528 5.905512 0.000000 14.173228 5.905512 0.000000 13.779528 5.905512 0.393701 14.173228 5.905512 3.937008 14.173228 5.905512 3.937008 10.629921 5.905512 0.000000 13.779528 5.905512 0.000000 10.629921 5.905512 3.937008 13.779528 5.905512 3.937008 -0.000000 5.905512 0.000000 3.937008 5.905512 0.000000 -0.000000 5.905512 0.393701 3.937008 5.905512 0.393701 10.236220 5.905512 3.543307 3.937008 5.905512 3.937008 3.937008 5.905512 0.000000 10.629921 5.905512 0.000000 10.236220 5.905512 3.937008 10.629921 5.905512 3.543307 10.236220 5.905512 3.937008 10.236220 5.905512 3.937008 10.236220 5.905512 3.543307 10.077983 5.314961 3.937008 10.077983 5.314961 3.543307 10.236220 5.905512 3.937008 9.645669 4.882647 3.543307 10.077983 5.314961 3.543307 9.645669 4.882647 3.937008 10.077983 5.314961 3.937008 9.055118 4.724409 3.543307 9.645669 4.882647 3.543307 9.055118 4.724409 3.937008 9.645669 4.882647 3.937008 5.118110 4.724409 3.543307 9.055118 4.724409 3.543307 5.118110 4.724409 3.937008 9.055118 4.724409 3.937008 4.527559 4.882647 3.543307 5.118110 4.724409 3.543307 4.527559 4.882647 3.937008 5.118110 4.724409 3.543307 4.095246 5.314961 3.937008 4.527559 4.882647 3.543307 4.527559 4.882647 3.937008 4.095246 5.314961 3.543307 3.937008 5.905512 3.937008 4.095246 5.314961 3.543307 4.095246 5.314961 3.937008 3.937008 5.905512 3.937008 -0.000000 5.905512 0.000000 -0.000000 3.543307 3.937008 -0.000000 3.543307 0.000000 -0.000000 5.905512 3.937008 -0.000000 3.543307 0.000000 0.629921 2.125984 3.937008 0.629921 2.125984 0.000000 -0.000000 3.543307 3.937008 1.889764 1.062992 0.000000 0.629921 2.125984 0.000000 1.889764 1.062992 3.937008 0.629921 2.125984 3.937008 3.779527 0.354331 0.000000 1.889764 1.062992 0.000000 3.779527 0.354331 3.937008 1.889764 1.062992 3.937008 6.299213 0.000000 0.000000 3.779527 0.354331 0.000000 6.299213 0.000000 3.937008 3.779527 0.354331 3.937008 18.110235 0.000000 0.000000 6.299213 0.000000 0.000000 18.110235 0.000000 3.937008 6.299213 0.000000 0.000000 30.314960 0.000000 3.937008 18.110235 0.000000 0.000000 18.110235 0.000000 3.937008 30.314960 0.000000 3.937008 42.125984 0.000000 0.000000 30.314960 0.000000 0.000000 42.125984 0.000000 3.937008 30.314960 0.000000 0.000000 44.750656 0.236220 3.937008 42.125984 0.000000 0.000000 42.125984 0.000000 3.937008 44.750656 0.236220 0.000000 46.850395 0.708661 3.937008 44.750656 0.236220 0.000000 44.750656 0.236220 3.937008 46.850395 0.708661 0.000000 48.425198 1.417323 3.937008 46.850395 0.708661 0.000000 46.850395 0.708661 3.937008 48.425198 1.417323 3.937008 49.475063 2.362205 0.000000 48.425198 1.417323 0.000000 49.475063 2.362205 3.937008 48.425198 1.417323 0.000000 50.000000 3.543307 3.937008 49.475063 2.362205 0.000000 49.475063 2.362205 3.937008 50.000000 3.543307 0.000000 50.000000 5.905512 3.937008 50.000000 3.543307 0.000000 50.000000 3.543307 3.937008 50.000000 5.905512 0.000000 46.062992 5.905512 3.937008 50.000000 5.905512 0.000000 50.000000 5.905512 1.968504 45.472439 5.905512 3.937008 46.062992 5.905512 3.937008 46.062992 5.905512 1.968504 45.393322 5.610236 3.937008 45.904755 5.314961 1.968504 45.472439 5.905512 3.937008 45.904755 5.314961 1.968504 45.177166 5.394080 3.937008 45.472439 4.882647 1.968504 45.393322 5.610236 1.968504 44.806789 5.294838 3.937008 45.472439 4.882647 1.968504 45.177166 5.394080 3.937008 44.881889 4.724409 1.968504 39.051476 5.294838 3.937008 44.881889 4.724409 1.968504 44.806789 5.294838 3.937008 38.976376 4.724409 1.968504 38.681103 5.394080 3.937008 38.976376 4.724409 1.968504 39.051476 5.294838 3.937008 38.385826 4.882647 1.968504 38.464943 5.610236 3.937008 38.385826 4.882647 1.968504 38.681103 5.394080 3.937008 37.953510 5.314961 1.968504 38.464943 5.610236 3.937008 37.795273 5.905512 3.937008 37.953510 5.314961 1.968504 38.385826 5.905512 3.937008 37.401573 5.905512 0.000000 37.795273 5.905511 0.000000 37.401573 5.905511 1.968504 38.385826 5.905512 3.937008 37.795273 5.905512 3.937008 34.251968 5.905512 0.000000 37.401573 5.905511 0.000000 34.251968 5.905512 3.937008 37.401573 5.905512 0.000000 33.858269 5.905511 3.937008 34.251968 5.905512 0.000000 34.251968 5.905512 1.968504 33.267715 5.905512 3.937008 33.858269 5.905512 3.937008 33.858269 5.905512 1.968504 33.188599 5.610236 3.937008 33.700031 5.314961 1.968504 33.267715 5.905512 1.968504 32.972439 5.394080 3.937008 33.700031 5.314961 1.968504 33.188599 5.610236 3.937008 33.267715 4.882647 1.968504 32.602066 5.294838 3.937008 33.267715 4.882647 1.968504 32.972439 5.394080 3.937008 32.677166 4.724409 1.968504 27.634151 5.294838 3.937008 32.677166 4.724409 1.968504 32.602066 5.294838 3.937008 27.559055 4.724409 1.968504 27.263779 5.394080 3.937008 27.559055 4.724409 1.968504 27.634151 5.294838 3.937008 26.968504 4.882647 1.968504 27.263779 5.394080 3.937008 26.536190 5.314961 3.937008 26.968504 4.882647 1.968504 27.047623 5.610236 1.968504 27.047623 5.610236 3.937008 26.377953 5.905512 3.937008 26.536190 5.314961 1.968504 26.968504 5.905512 3.937008 26.377953 5.905512 1.968504 26.968504 5.905512 0.000000 26.377953 5.905512 0.000000 3.937008 5.905512 0.000000 -0.000000 3.543307 0.000000 -0.000000 5.905512 0.000000 0.629921 2.125984 0.000000 1.889764 1.062992 0.000000 3.779527 0.354331 0.000000 4.095246 5.314961 0.000000 6.299213 0.000000 0.000000 4.527559 4.882647 0.000000 5.118110 4.724409 0.000000 9.055118 4.724409 0.000000 18.110235 0.000000 0.000000 9.645669 4.882647 0.000000 10.077983 5.314961 0.000000 10.236220 5.905512 0.000000 10.629921 5.905512 0.000000 13.779528 5.905512 0.000000 14.331465 5.314961 0.000000 14.173228 5.905512 0.000000 14.763780 4.882647 0.000000 15.354331 4.724409 0.000000 21.259842 4.724409 0.000000 30.314960 0.000000 0.000000 21.850393 4.882647 0.000000 22.282707 5.314961 0.000000 22.440945 5.905512 0.000000 26.536190 5.314961 0.000000 26.377953 5.905512 0.000000 26.968504 4.882647 0.000000 27.559055 4.724409 0.000000 32.677166 4.724409 0.000000 42.125984 0.000000 0.000000 33.267715 4.882647 0.000000 33.700027 5.314961 0.000000 33.858269 5.905511 0.000000 34.251968 5.905512 0.000000 37.401573 5.905511 0.000000 37.953510 5.314961 0.000000 37.795273 5.905511 0.000000 38.385826 4.882647 0.000000 38.976376 4.724409 0.000000 44.881889 4.724409 0.000000 44.750656 0.236220 0.000000 46.850395 0.708661 0.000000 45.472439 4.882647 0.000000 45.904755 5.314961 0.000000 46.062992 5.905512 0.000000 50.000000 5.905512 0.000000 48.425198 1.417323 0.000000 49.475063 2.362205 0.000000 50.000000 3.543307 0.393701 22.440945 5.905512 0.000000 22.282707 5.314961 0.393701 22.282707 5.314961 0.000000 22.440945 5.905512 0.393701 22.440945 5.905512 0.393701 14.331465 5.314961 0.393701 14.173228 5.905512 0.393701 14.763780 4.882647 0.393701 15.354331 4.724409 0.393701 21.259842 4.724409 0.393701 21.850393 4.882647 0.393701 22.282707 5.314961 0.000000 14.173228 5.905512 0.393701 14.331465 5.314961 0.000000 14.331465 5.314961 0.393701 14.173228 5.905512 0.393701 10.236220 5.905512 0.000000 10.077983 5.314961 0.393701 10.077983 5.314961 0.000000 10.236220 5.905512 0.393701 10.236220 5.905512 0.393701 4.095246 5.314961 0.393701 3.937008 5.905512 0.393701 4.527559 4.882647 0.393701 5.118110 4.724409 0.393701 9.055118 4.724409 0.393701 9.645669 4.882647 0.393701 10.077983 5.314961 0.000000 3.937008 5.905512 0.393701 4.095246 5.314961 0.000000 4.095246 5.314961 0.393701 3.937008 5.905512 3.543307 4.095246 5.314961 3.543307 10.236220 5.905512 3.543307 3.937008 5.905512 3.543307 4.527559 4.882647 3.543307 5.118110 4.724409 3.543307 9.055118 4.724409 3.543307 9.645669 4.882647 3.543307 10.077983 5.314961 1.968504 45.393322 5.610236 0.000000 46.062992 5.905512 0.000000 45.904755 5.314961 1.968504 45.472439 5.905512 1.968504 45.177166 5.394080 0.000000 45.904755 5.314961 0.000000 45.472439 4.882647 1.968504 45.393322 5.610236 1.968504 44.806789 5.294838 0.000000 45.472439 4.882647 0.000000 44.881889 4.724409 1.968504 45.177166 5.394080 1.968504 39.051476 5.294838 0.000000 44.881889 4.724409 0.000000 38.976376 4.724409 1.968504 44.806789 5.294838 0.000000 38.385826 4.882647 1.968504 39.051476 5.294838 0.000000 38.976376 4.724409 1.968504 38.681103 5.394080 0.000000 37.953510 5.314961 1.968504 38.681103 5.394080 0.000000 38.385826 4.882647 1.968504 38.464943 5.610236 0.000000 37.795273 5.905511 1.968504 38.464943 5.610236 0.000000 37.953510 5.314961 1.968504 38.385826 5.905512 1.968504 33.188599 5.610236 0.000000 33.858269 5.905511 0.000000 33.700027 5.314961 1.968504 33.267715 5.905512 1.968504 32.972439 5.394080 0.000000 33.700027 5.314961 0.000000 33.267715 4.882647 1.968504 33.188599 5.610236 0.000000 32.677166 4.724409 1.968504 32.972439 5.394080 0.000000 33.267715 4.882647 1.968504 32.602066 5.294838 0.000000 27.559055 4.724409 1.968504 32.602066 5.294838 0.000000 32.677166 4.724409 1.968504 27.634151 5.294838 0.000000 26.968504 4.882647 1.968504 27.634151 5.294838 0.000000 27.559055 4.724409 1.968504 27.263779 5.394080 0.000000 26.536190 5.314961 1.968504 27.263779 5.394080 0.000000 26.968504 4.882647 1.968504 27.047623 5.610236 0.000000 26.377953 5.905512 1.968504 27.047623 5.610236 0.000000 26.536190 5.314961 1.968504 26.968504 5.905512 0.000000 4.095246 5.314961 0.393701 4.527559 4.882647 0.000000 4.527559 4.882647 0.393701 4.095246 5.314961 0.393701 4.527559 4.882647 0.000000 5.118110 4.724409 0.000000 4.527559 4.882647 0.393701 5.118110 4.724409 0.393701 5.118110 4.724409 0.000000 9.055118 4.724409 0.000000 5.118110 4.724409 0.393701 9.055118 4.724409 0.393701 9.055118 4.724409 0.000000 9.645669 4.882647 0.000000 9.055118 4.724409 0.393701 9.645669 4.882647 0.393701 9.645669 4.882647 0.000000 10.077983 5.314961 0.000000 9.645669 4.882647 0.393701 10.077983 5.314961 0.000000 14.331465 5.314961 0.393701 14.763780 4.882647 0.000000 14.763780 4.882647 0.393701 14.331465 5.314961 0.393701 14.763780 4.882647 0.000000 15.354331 4.724409 0.000000 14.763780 4.882647 0.393701 15.354331 4.724409 0.393701 15.354331 4.724409 0.000000 21.259842 4.724409 0.000000 15.354331 4.724409 0.393701 21.259842 4.724409 0.393701 21.259842 4.724409 0.000000 21.850393 4.882647 0.000000 21.259842 4.724409 0.393701 21.850393 4.882647 0.393701 21.850393 4.882647 0.000000 22.282707 5.314961 0.000000 21.850393 4.882647 0.393701 22.282707 5.314961 "
												            />
											</IndexedFaceSet>
										</Shape>
									</Group>
								</Transform>
							</Transform>
							<Transform DEF="group_85_004_TRANSFORM"
							           translation="24.852566 64.215515 -21.249290"
							           scale="-1.000000 -1.000000 -1.000000"
							           rotation="-0.707107 -0.707107 -0.000000 3.141593"
							           >
								<Transform DEF="group_85_004_ifs_TRANSFORM"
								           translation="-0.000001 -0.000000 0.000000"
								           scale="1.000000 1.000000 1.000000"
								           rotation="0.000000 0.000000 0.000000 0.000000"
								           >
									<Group DEF="group_ME_ID968">
										<Shape>
											<Appearance>
											</Appearance>
											<IndexedFaceSet solid="false"
											                coordIndex="0 1 2 -1 1 0 3 -1 4 5 6 -1 5 4 7 -1 7 4 8 -1 7 8 9 -1 7 9 10 -1 10 9 11 -1 10 11 12 -1 12 11 13 -1 13 11 14 -1 14 11 15 -1 14 15 16 -1 16 15 17 -1 17 15 18 -1 18 15 19 -1 19 15 20 -1 20 15 21 -1 20 21 22 -1 21 15 23 -1 23 15 24 -1 24 15 25 -1 25 15 26 -1 25 26 27 -1 27 26 28 -1 28 26 29 -1 29 26 30 -1 29 30 31 -1 30 26 32 -1 32 26 33 -1 33 26 34 -1 34 26 35 -1 34 35 36 -1 36 35 37 -1 37 35 38 -1 38 35 39 -1 39 35 40 -1 40 35 41 -1 40 41 42 -1 41 35 43 -1 43 35 44 -1 44 35 45 -1 45 35 46 -1 45 46 47 -1 45 47 48 -1 48 47 49 -1 49 47 50 -1 50 47 51 -1 51 47 52 -1 51 52 53 -1 51 53 54 -1 55 56 57 -1 56 55 58 -1 59 60 61 -1 60 59 62 -1 60 62 63 -1 60 63 64 -1 60 64 65 -1 60 65 66 -1 67 68 69 -1 68 67 70 -1 71 72 73 -1 72 71 74 -1 74 71 75 -1 74 75 76 -1 77 78 79 -1 78 77 80 -1 81 82 83 -1 82 81 84 -1 85 86 87 -1 86 85 88 -1 89 90 91 -1 90 89 92 -1 75 71 93 -1 94 95 96 -1 95 94 97 -1 97 94 93 -1 97 93 71 -1 93 94 98 -1 99 100 101 -1 100 99 102 -1 103 104 105 -1 104 103 106 -1 106 103 107 -1 107 103 108 -1 107 108 109 -1 108 103 110 -1 107 111 112 -1 111 107 113 -1 113 107 109 -1 113 109 114 -1 115 116 117 -1 116 115 118 -1 119 120 121 -1 120 119 122 -1 123 124 125 -1 124 123 126 -1 127 128 129 -1 128 127 130 -1 131 132 133 -1 132 131 134 -1 135 136 137 -1 136 135 138 -1 139 140 141 -1 140 139 142 -1 143 144 145 -1 144 143 146 -1 147 148 149 -1 148 147 150 -1 151 152 153 -1 152 151 154 -1 155 156 157 -1 156 155 158 -1 159 160 161 -1 160 159 162 -1 163 164 165 -1 164 163 166 -1 167 168 169 -1 168 167 170 -1 171 172 173 -1 172 171 174 -1 175 176 177 -1 176 175 178 -1 179 180 181 -1 180 179 182 -1 183 184 185 -1 184 183 186 -1 187 188 189 -1 188 187 190 -1 191 192 193 -1 192 191 194 -1 195 196 197 -1 196 195 198 -1 199 200 201 -1 200 199 202 -1 200 202 203 -1 204 205 206 -1 205 204 207 -1 208 209 210 -1 209 208 211 -1 212 213 214 -1 213 212 215 -1 216 217 218 -1 217 216 219 -1 220 221 222 -1 221 220 223 -1 224 225 226 -1 225 224 227 -1 228 229 230 -1 229 228 231 -1 232 233 234 -1 233 232 235 -1 235 232 236 -1 237 238 239 -1 238 237 240 -1 241 242 243 -1 242 241 244 -1 242 244 245 -1 246 247 248 -1 247 246 249 -1 250 251 252 -1 251 250 253 -1 254 255 256 -1 255 254 257 -1 258 259 260 -1 259 258 261 -1 262 263 264 -1 263 262 265 -1 266 267 268 -1 267 266 269 -1 270 271 272 -1 271 270 273 -1 274 275 276 -1 277 278 279 -1 278 277 280 -1 280 277 281 -1 281 277 282 -1 282 277 283 -1 282 283 284 -1 284 283 285 -1 284 285 286 -1 284 286 287 -1 284 287 288 -1 288 287 289 -1 288 289 290 -1 288 290 291 -1 288 291 292 -1 288 292 293 -1 288 293 294 -1 294 293 295 -1 288 294 296 -1 288 296 297 -1 288 297 298 -1 288 298 299 -1 299 298 300 -1 299 300 301 -1 299 301 302 -1 299 302 303 -1 303 302 304 -1 299 303 305 -1 299 305 306 -1 299 306 307 -1 299 307 308 -1 308 307 309 -1 308 309 310 -1 308 310 311 -1 308 311 312 -1 308 312 313 -1 308 313 314 -1 314 313 315 -1 308 314 316 -1 308 316 317 -1 308 317 318 -1 308 318 319 -1 319 318 320 -1 320 318 321 -1 320 321 322 -1 320 322 323 -1 320 323 324 -1 320 324 325 -1 325 324 326 -1 326 324 327 -1 328 329 330 -1 329 328 331 -1 332 333 334 -1 333 332 335 -1 335 332 336 -1 336 332 337 -1 337 332 338 -1 338 332 339 -1 340 341 342 -1 341 340 343 -1 344 345 346 -1 345 344 347 -1 348 349 350 -1 349 348 351 -1 351 348 352 -1 352 348 353 -1 353 348 354 -1 354 348 355 -1 356 357 358 -1 357 356 359 -1 360 361 362 -1 361 360 363 -1 361 363 364 -1 361 364 365 -1 361 365 366 -1 361 366 367 -1 368 369 370 -1 369 368 371 -1 372 373 374 -1 373 372 375 -1 376 377 378 -1 377 376 379 -1 380 381 382 -1 381 380 383 -1 384 385 386 -1 385 384 387 -1 388 389 390 -1 389 388 391 -1 392 393 394 -1 393 392 395 -1 396 397 398 -1 397 396 399 -1 400 401 402 -1 401 400 403 -1 404 405 406 -1 405 404 407 -1 408 409 410 -1 409 408 411 -1 412 413 414 -1 413 412 415 -1 416 417 418 -1 417 416 419 -1 420 421 422 -1 421 420 423 -1 424 425 426 -1 425 424 427 -1 428 429 430 -1 429 428 431 -1 432 433 434 -1 433 432 435 -1 436 437 438 -1 437 436 439 -1 440 441 442 -1 441 440 443 -1 444 445 446 -1 445 444 447 -1 448 449 450 -1 449 448 451 -1 452 453 454 -1 453 452 455 -1 456 457 458 -1 457 456 459 -1 460 461 462 -1 461 460 463 -1 "
											                >
												<Coordinate DEF="coords_ME_ID968"
												            point="3.937008 21.259842 4.724409 3.543307 21.850393 4.882647 3.543307 21.259842 4.724409 3.937008 21.850393 4.882647 3.937008 0.629921 2.125984 3.937008 -0.000000 5.905512 3.937008 -0.000000 3.543307 3.937008 3.937008 5.905512 3.937008 1.889764 1.062992 3.937008 3.779527 0.354331 3.937008 4.095245 5.314961 3.937008 6.299212 0.000000 3.937008 4.527559 4.882647 3.937008 5.118110 4.724409 3.937008 9.055119 4.724409 3.937008 18.110235 0.000000 3.937008 9.645670 4.882647 3.937008 10.077983 5.314961 3.937008 10.236220 5.905512 3.937008 10.629921 5.905512 3.937008 13.779528 5.905512 3.937008 14.331466 5.314961 3.937008 14.173228 5.905512 3.937008 14.763780 4.882647 3.937008 15.354331 4.724409 3.937008 21.259842 4.724409 3.937008 29.921259 0.000000 3.937008 21.850393 4.882647 3.937008 22.282707 5.314961 3.937008 22.440945 5.905512 3.937008 26.536190 5.314961 3.937008 26.377953 5.905512 3.937008 26.968504 4.882647 3.937008 27.559055 4.724409 3.937008 32.677166 4.724409 3.937008 42.125984 0.000000 3.937008 33.267715 4.882647 3.937008 33.700031 5.314961 3.937008 33.858269 5.905512 3.937008 34.251968 5.905512 3.937008 37.401573 5.905512 3.937008 37.953510 5.314961 3.937008 37.795273 5.905512 3.937008 38.385826 4.882647 3.937008 38.976376 4.724409 3.937008 44.881889 4.724409 3.937008 44.750656 0.236220 3.937008 46.850395 0.708661 3.937008 45.472439 4.882647 3.937008 45.904755 5.314961 3.937008 46.062992 5.905512 3.937008 50.000000 5.905512 3.937008 48.425198 1.417323 3.937008 49.475063 2.362205 3.937008 50.000000 3.543307 3.937008 21.850393 4.882647 3.543307 22.282707 5.314961 3.543307 21.850393 4.882647 3.937008 22.282707 5.314961 3.543307 14.331466 5.314961 3.543307 22.440945 5.905512 3.543307 14.173228 5.905512 3.543307 14.763780 4.882647 3.543307 15.354331 4.724409 3.543307 21.259842 4.724409 3.543307 21.850393 4.882647 3.543307 22.282707 5.314961 3.937008 15.354331 4.724409 3.543307 21.259842 4.724409 3.543307 15.354331 4.724409 3.937008 21.259842 4.724409 0.393701 22.440945 5.905512 0.000000 26.377953 5.905512 0.000000 22.440945 5.905512 3.937008 26.377953 5.905512 3.543307 22.440945 5.905512 3.937008 22.440945 5.905512 3.937008 22.440945 5.905512 3.543307 22.282707 5.314961 3.937008 22.282707 5.314961 3.543307 22.440945 5.905512 3.937008 14.763780 4.882647 3.543307 15.354331 4.724409 3.543307 14.763780 4.882647 3.937008 15.354331 4.724409 3.543307 14.331466 5.314961 3.937008 14.763780 4.882647 3.543307 14.763780 4.882647 3.937008 14.331466 5.314961 3.543307 14.173228 5.905512 3.937008 14.331466 5.314961 3.543307 14.331466 5.314961 3.937008 14.173228 5.905512 3.543307 14.173228 5.905512 3.937008 13.779528 5.905512 0.000000 14.173228 5.905512 0.000000 13.779528 5.905512 0.393701 14.173228 5.905512 3.937008 14.173228 5.905512 3.937008 10.629921 5.905512 0.000000 13.779528 5.905512 0.000000 10.629921 5.905512 3.937008 13.779528 5.905512 3.937008 -0.000000 5.905512 0.000000 3.937008 5.905512 0.000000 -0.000000 5.905512 0.393701 3.937008 5.905512 0.393701 10.236220 5.905512 3.543307 3.937008 5.905512 3.543307 10.236220 5.905512 3.937008 3.937008 5.905512 0.000000 10.629921 5.905512 0.000000 10.236220 5.905512 3.937008 10.629921 5.905512 3.937008 10.236220 5.905512 3.937008 10.236220 5.905512 3.543307 10.077983 5.314961 3.937008 10.077983 5.314961 3.543307 10.236220 5.905512 3.937008 9.645670 4.882647 3.543307 10.077983 5.314961 3.543307 9.645670 4.882647 3.937008 10.077983 5.314961 3.937008 9.055119 4.724409 3.543307 9.645670 4.882647 3.543307 9.055119 4.724409 3.937008 9.645670 4.882647 3.543307 5.118110 4.724409 3.937008 9.055119 4.724409 3.543307 9.055119 4.724409 3.937008 5.118110 4.724409 3.937008 4.527559 4.882647 3.543307 5.118110 4.724409 3.543307 4.527559 4.882647 3.937008 5.118110 4.724409 3.543307 4.095245 5.314961 3.937008 4.527559 4.882647 3.543307 4.527559 4.882647 3.937008 4.095245 5.314961 3.543307 3.937008 5.905512 3.937008 4.095245 5.314961 3.543307 4.095245 5.314961 3.937008 3.937008 5.905512 3.937008 -0.000000 5.905512 0.000000 -0.000000 3.543307 3.937008 -0.000000 3.543307 0.000000 -0.000000 5.905512 3.937008 -0.000000 3.543307 0.000000 0.629921 2.125984 3.937008 0.629921 2.125984 0.000000 -0.000000 3.543307 0.000000 1.889764 1.062992 3.937008 0.629921 2.125984 0.000000 0.629921 2.125984 3.937008 1.889764 1.062992 3.937008 3.779527 0.354331 0.000000 1.889764 1.062992 0.000000 3.779527 0.354331 3.937008 1.889764 1.062992 0.000000 6.299212 0.000000 3.937008 3.779527 0.354331 0.000000 3.779527 0.354331 3.937008 6.299212 0.000000 3.937008 18.110235 0.000000 0.000000 6.299212 0.000000 0.000000 18.110235 0.000000 3.937008 6.299212 0.000000 0.000000 29.921259 0.000000 3.937008 18.110235 0.000000 0.000000 18.110235 0.000000 3.937008 29.921259 0.000000 3.937008 42.125984 0.000000 0.000000 29.921259 0.000000 0.000000 42.125984 0.000000 3.937008 29.921259 0.000000 0.000000 44.750656 0.236220 3.937008 42.125984 0.000000 0.000000 42.125984 0.000000 3.937008 44.750656 0.236220 0.000000 46.850395 0.708661 3.937008 44.750656 0.236220 0.000000 44.750656 0.236220 3.937008 46.850395 0.708661 0.000000 48.425198 1.417323 3.937008 46.850395 0.708661 0.000000 46.850395 0.708661 3.937008 48.425198 1.417323 3.937008 49.475063 2.362205 0.000000 48.425198 1.417323 0.000000 49.475063 2.362205 3.937008 48.425198 1.417323 0.000000 50.000000 3.543307 3.937008 49.475063 2.362205 0.000000 49.475063 2.362205 3.937008 50.000000 3.543307 0.000000 50.000000 5.905512 3.937008 50.000000 3.543307 0.000000 50.000000 3.543307 3.937008 50.000000 5.905512 0.000000 46.062992 5.905512 3.937008 50.000000 5.905512 0.000000 50.000000 5.905512 1.968504 45.472439 5.905512 3.937008 46.062992 5.905512 3.937008 46.062992 5.905512 1.968504 45.393322 5.610236 3.937008 45.904755 5.314961 1.968504 45.472439 5.905512 3.937008 45.904755 5.314961 1.968504 45.177166 5.394080 3.937008 45.472439 4.882647 1.968504 45.393322 5.610236 1.968504 44.806793 5.294838 3.937008 45.472439 4.882647 1.968504 45.177166 5.394080 3.937008 44.881889 4.724409 1.968504 39.051476 5.294838 3.937008 44.881889 4.724409 1.968504 44.806793 5.294838 3.937008 38.976376 4.724409 1.968504 38.681103 5.394080 3.937008 38.976376 4.724409 1.968504 39.051476 5.294838 3.937008 38.385826 4.882647 1.968504 38.464947 5.610236 3.937008 38.385826 4.882647 1.968504 38.681103 5.394080 3.937008 37.953510 5.314961 1.968504 38.464947 5.610236 3.937008 37.795273 5.905512 3.937008 37.953510 5.314961 1.968504 38.385826 5.905512 3.937008 37.401573 5.905512 0.000000 37.795273 5.905511 0.000000 37.401573 5.905511 1.968504 38.385826 5.905512 3.937008 37.795273 5.905512 3.937008 34.251968 5.905512 0.000000 37.401573 5.905511 0.000000 34.251968 5.905512 3.937008 37.401573 5.905512 0.000000 33.858269 5.905511 3.937008 34.251968 5.905512 0.000000 34.251968 5.905512 1.968504 33.267715 5.905512 3.937008 33.858269 5.905512 3.937008 33.858269 5.905512 1.968504 33.188599 5.610236 3.937008 33.700031 5.314961 1.968504 33.267715 5.905512 1.968504 32.972439 5.394080 3.937008 33.700031 5.314961 1.968504 33.188599 5.610236 3.937008 33.267715 4.882647 1.968504 32.602066 5.294838 3.937008 33.267715 4.882647 1.968504 32.972439 5.394080 3.937008 32.677166 4.724409 1.968504 27.634151 5.294838 3.937008 32.677166 4.724409 1.968504 32.602066 5.294838 3.937008 27.559055 4.724409 1.968504 27.263779 5.394080 3.937008 27.559055 4.724409 1.968504 27.634151 5.294838 3.937008 26.968504 4.882647 1.968504 27.263779 5.394080 3.937008 26.536190 5.314961 3.937008 26.968504 4.882647 1.968504 27.047623 5.610236 1.968504 27.047623 5.610236 3.937008 26.377953 5.905512 3.937008 26.536190 5.314961 1.968504 26.968504 5.905512 3.937008 26.377953 5.905512 1.968504 26.968504 5.905512 0.000000 26.377953 5.905512 0.000000 3.937008 5.905512 0.000000 -0.000000 3.543307 0.000000 -0.000000 5.905512 0.000000 0.629921 2.125984 0.000000 1.889764 1.062992 0.000000 3.779527 0.354331 0.000000 4.095245 5.314961 0.000000 6.299212 0.000000 0.000000 4.527559 4.882647 0.000000 5.118110 4.724409 0.000000 9.055119 4.724409 0.000000 18.110235 0.000000 0.000000 9.645670 4.882647 0.000000 10.077983 5.314961 0.000000 10.236220 5.905512 0.000000 10.629921 5.905512 0.000000 13.779528 5.905512 0.000000 14.331466 5.314961 0.000000 14.173228 5.905512 0.000000 14.763780 4.882647 0.000000 15.354331 4.724409 0.000000 21.259842 4.724409 0.000000 29.921259 0.000000 0.000000 21.850393 4.882647 0.000000 22.282707 5.314961 0.000000 22.440945 5.905512 0.000000 26.536190 5.314961 0.000000 26.377953 5.905512 0.000000 26.968504 4.882647 0.000000 27.559055 4.724409 0.000000 32.677166 4.724409 0.000000 42.125984 0.000000 0.000000 33.267715 4.882647 0.000000 33.700027 5.314961 0.000000 33.858269 5.905511 0.000000 34.251968 5.905512 0.000000 37.401573 5.905511 0.000000 37.953510 5.314961 0.000000 37.795273 5.905511 0.000000 38.385826 4.882647 0.000000 38.976376 4.724409 0.000000 44.881889 4.724409 0.000000 44.750656 0.236220 0.000000 46.850395 0.708661 0.000000 45.472439 4.882647 0.000000 45.904755 5.314961 0.000000 46.062992 5.905512 0.000000 50.000000 5.905512 0.000000 48.425198 1.417323 0.000000 49.475063 2.362205 0.000000 50.000000 3.543307 0.393701 22.440945 5.905512 0.000000 22.282707 5.314961 0.393701 22.282707 5.314961 0.000000 22.440945 5.905512 0.393701 22.440945 5.905512 0.393701 14.331466 5.314961 0.393701 14.173228 5.905512 0.393701 14.763780 4.882647 0.393701 15.354331 4.724409 0.393701 21.259842 4.724409 0.393701 21.850393 4.882647 0.393701 22.282707 5.314961 0.000000 14.173228 5.905512 0.393701 14.331466 5.314961 0.000000 14.331466 5.314961 0.393701 14.173228 5.905512 0.393701 10.236220 5.905512 0.000000 10.077983 5.314961 0.393701 10.077983 5.314961 0.000000 10.236220 5.905512 0.393701 10.236220 5.905512 0.393701 4.095245 5.314961 0.393701 3.937008 5.905512 0.393701 4.527559 4.882647 0.393701 5.118110 4.724409 0.393701 9.055119 4.724409 0.393701 9.645670 4.882647 0.393701 10.077983 5.314961 0.000000 3.937008 5.905512 0.393701 4.095245 5.314961 0.000000 4.095245 5.314961 0.393701 3.937008 5.905512 3.543307 4.095245 5.314961 3.543307 10.236220 5.905512 3.543307 3.937008 5.905512 3.543307 4.527559 4.882647 3.543307 5.118110 4.724409 3.543307 9.055119 4.724409 3.543307 9.645670 4.882647 3.543307 10.077983 5.314961 1.968504 45.393322 5.610236 0.000000 46.062992 5.905512 0.000000 45.904755 5.314961 1.968504 45.472439 5.905512 1.968504 45.177166 5.394080 0.000000 45.904755 5.314961 0.000000 45.472439 4.882647 1.968504 45.393322 5.610236 1.968504 44.806793 5.294838 0.000000 45.472439 4.882647 0.000000 44.881889 4.724409 1.968504 45.177166 5.394080 1.968504 39.051476 5.294838 0.000000 44.881889 4.724409 0.000000 38.976376 4.724409 1.968504 44.806793 5.294838 0.000000 38.385826 4.882647 1.968504 39.051476 5.294838 0.000000 38.976376 4.724409 1.968504 38.681103 5.394080 0.000000 37.953510 5.314961 1.968504 38.681103 5.394080 0.000000 38.385826 4.882647 1.968504 38.464947 5.610236 0.000000 37.795273 5.905511 1.968504 38.464947 5.610236 0.000000 37.953510 5.314961 1.968504 38.385826 5.905512 1.968504 33.188599 5.610236 0.000000 33.858269 5.905511 0.000000 33.700027 5.314961 1.968504 33.267715 5.905512 1.968504 32.972439 5.394080 0.000000 33.700027 5.314961 0.000000 33.267715 4.882647 1.968504 33.188599 5.610236 0.000000 32.677166 4.724409 1.968504 32.972439 5.394080 0.000000 33.267715 4.882647 1.968504 32.602066 5.294838 0.000000 27.559055 4.724409 1.968504 32.602066 5.294838 0.000000 32.677166 4.724409 1.968504 27.634151 5.294838 0.000000 26.968504 4.882647 1.968504 27.634151 5.294838 0.000000 27.559055 4.724409 1.968504 27.263779 5.394080 0.000000 26.536190 5.314961 1.968504 27.263779 5.394080 0.000000 26.968504 4.882647 1.968504 27.047623 5.610236 0.000000 26.377953 5.905512 1.968504 27.047623 5.610236 0.000000 26.536190 5.314961 1.968504 26.968504 5.905512 0.000000 4.095245 5.314961 0.393701 4.527559 4.882647 0.000000 4.527559 4.882647 0.393701 4.095245 5.314961 0.393701 4.527559 4.882647 0.000000 5.118110 4.724409 0.000000 4.527559 4.882647 0.393701 5.118110 4.724409 0.000000 5.118110 4.724409 0.393701 9.055119 4.724409 0.000000 9.055119 4.724409 0.393701 5.118110 4.724409 0.393701 9.055119 4.724409 0.000000 9.645670 4.882647 0.000000 9.055119 4.724409 0.393701 9.645670 4.882647 0.393701 9.645670 4.882647 0.000000 10.077983 5.314961 0.000000 9.645670 4.882647 0.393701 10.077983 5.314961 0.000000 14.331466 5.314961 0.393701 14.763780 4.882647 0.000000 14.763780 4.882647 0.393701 14.331466 5.314961 0.393701 14.763780 4.882647 0.000000 15.354331 4.724409 0.000000 14.763780 4.882647 0.393701 15.354331 4.724409 0.393701 15.354331 4.724409 0.000000 21.259842 4.724409 0.000000 15.354331 4.724409 0.393701 21.259842 4.724409 0.393701 21.259842 4.724409 0.000000 21.850393 4.882647 0.000000 21.259842 4.724409 0.393701 21.850393 4.882647 0.393701 21.850393 4.882647 0.000000 22.282707 5.314961 0.000000 21.850393 4.882647 0.393701 22.282707 5.314961 "
												            />
											</IndexedFaceSet>
										</Shape>
									</Group>
								</Transform>
							</Transform>
						</Transform>
						<Transform DEF="group_86_004_TRANSFORM"
						           translation="-129.004013 -170.406311 -103.923660"
						           scale="1.000000 1.000000 1.000000"
						           rotation="0.000000 -0.000000 1.000000 1.570796"
						           >
						</Transform>
						<Transform DEF="group_87_004_TRANSFORM"
						           translation="-170.342590 -154.264587 -112.245667"
						           scale="1.000000 1.000000 1.000000"
						           rotation="0.000000 -0.000000 -0.000000 0.000000"
						           >
							<Transform DEF="group_87_004_ifs_TRANSFORM"
							           translation="0.000002 0.000000 0.000000"
							           scale="1.000000 1.000000 1.000000"
							           rotation="0.000000 0.000000 0.000000 0.000000"
							           >
								<Group DEF="group_ME_ID985">
									<Shape>
										<Appearance>
										</Appearance>
										<IndexedFaceSet solid="false"
										                coordIndex="0 1 2 -1 1 0 3 -1 4 5 6 -1 5 4 7 -1 8 9 10 -1 9 8 11 -1 9 11 12 -1 12 11 13 -1 12 13 14 -1 14 13 15 -1 14 15 16 -1 16 15 17 -1 16 17 18 -1 18 17 19 -1 18 19 20 -1 20 19 21 -1 20 21 22 -1 22 21 23 -1 24 25 26 -1 25 24 27 -1 27 28 29 -1 28 27 24 -1 25 30 31 -1 30 25 27 -1 32 33 34 -1 33 32 35 -1 33 35 36 -1 36 35 37 -1 37 35 38 -1 39 40 41 -1 40 39 42 -1 40 42 43 -1 40 43 44 -1 40 44 45 -1 45 44 46 -1 46 44 47 -1 47 44 32 -1 47 32 34 -1 47 34 48 -1 48 34 49 -1 48 49 50 -1 48 50 51 -1 48 51 52 -1 48 52 53 -1 48 53 54 -1 54 53 55 -1 54 55 56 -1 56 55 57 -1 56 57 58 -1 59 60 61 -1 60 59 45 -1 60 45 62 -1 62 45 63 -1 63 45 64 -1 64 45 65 -1 65 45 66 -1 66 45 67 -1 67 45 68 -1 68 45 46 -1 67 69 66 -1 70 71 72 -1 71 70 73 -1 74 75 76 -1 75 74 77 -1 78 79 80 -1 79 78 81 -1 79 82 83 -1 82 79 81 -1 83 84 85 -1 84 83 82 -1 86 87 88 -1 87 86 89 -1 90 91 92 -1 91 90 93 -1 92 94 95 -1 94 92 91 -1 94 96 95 -1 96 94 97 -1 98 99 100 -1 99 98 101 -1 102 103 104 -1 103 102 105 -1 106 107 108 -1 107 106 109 -1 110 111 112 -1 111 110 113 -1 114 115 116 -1 117 118 119 -1 118 117 120 -1 118 120 121 -1 118 121 122 -1 118 122 123 -1 118 123 124 -1 118 124 115 -1 118 115 114 -1 118 114 125 -1 118 125 126 -1 118 126 127 -1 127 128 129 -1 128 127 130 -1 130 127 131 -1 131 127 132 -1 132 127 126 -1 132 126 133 -1 132 133 134 -1 134 133 135 -1 135 133 136 -1 135 136 137 -1 137 136 138 -1 138 136 139 -1 139 136 140 -1 140 136 141 -1 141 136 142 -1 141 142 143 -1 143 142 144 -1 143 144 145 -1 145 144 146 -1 134 147 148 -1 147 134 135 -1 148 147 149 -1 148 149 150 -1 148 150 151 -1 152 153 154 -1 153 152 155 -1 156 157 158 -1 157 156 159 -1 159 156 160 -1 159 160 161 -1 161 160 162 -1 161 162 163 -1 163 162 164 -1 163 164 165 -1 165 164 166 -1 165 166 167 -1 167 166 168 -1 167 168 169 -1 169 168 170 -1 169 170 171 -1 172 173 174 -1 173 172 175 -1 176 177 178 -1 177 176 179 -1 180 181 182 -1 181 180 183 -1 184 185 186 -1 185 184 187 -1 188 189 190 -1 189 188 191 -1 192 190 193 -1 190 192 188 -1 194 193 195 -1 193 194 192 -1 196 195 197 -1 195 196 194 -1 198 197 199 -1 197 198 196 -1 200 201 202 -1 201 200 203 -1 204 203 200 -1 203 204 205 -1 206 204 207 -1 204 206 205 -1 208 207 209 -1 207 208 206 -1 210 209 211 -1 209 210 208 -1 212 211 213 -1 211 212 210 -1 214 215 216 -1 215 214 217 -1 218 219 220 -1 219 218 221 -1 222 223 224 -1 223 222 225 -1 226 227 228 -1 227 226 229 -1 230 231 232 -1 231 230 233 -1 234 235 236 -1 235 234 237 -1 238 239 240 -1 239 238 241 -1 242 243 244 -1 243 242 245 -1 246 247 248 -1 247 246 249 -1 250 251 252 -1 251 250 253 -1 254 255 256 -1 255 254 257 -1 257 254 258 -1 257 258 259 -1 260 261 262 -1 261 260 263 -1 264 265 266 -1 265 264 267 -1 268 269 270 -1 269 268 271 -1 272 273 274 -1 273 272 275 -1 273 276 277 -1 276 273 275 -1 277 278 279 -1 278 277 276 -1 280 281 282 -1 281 280 283 -1 284 285 286 -1 285 284 287 -1 286 288 289 -1 288 286 285 -1 288 290 289 -1 290 288 291 -1 "
										                >
											<Coordinate DEF="coords_ME_ID985"
											            point="14.960629 3.543307 8.267716 14.960629 3.937008 7.480315 14.960629 3.543307 7.480315 14.960629 3.937008 8.267716 14.960629 3.937008 7.480315 15.375473 3.543307 7.041184 14.960629 3.543307 7.480315 15.375473 3.937008 7.041184 5.118110 3.543307 4.724409 15.157480 3.543307 4.882647 14.566929 3.543307 4.724409 4.527559 3.543307 4.882647 15.589794 3.543307 5.314961 4.095246 3.543307 5.314961 15.748032 3.543307 5.905512 3.937008 3.543307 5.905511 15.645633 3.543307 6.500865 4.039407 3.543307 6.500865 15.375473 3.543307 7.041184 4.309566 3.543307 7.041184 14.960629 3.543307 7.480315 4.724409 3.543307 7.480315 14.960629 3.543307 8.267716 4.724409 3.543307 8.267716 16.141733 0.000000 8.267716 14.960629 0.393701 8.267716 14.960629 0.000000 8.267716 14.960629 3.543307 8.267716 16.141733 3.937008 8.267716 14.960629 3.937008 8.267716 4.724409 3.543307 8.267716 4.724409 0.393701 8.267716 0.000000 3.937008 3.543307 5.118110 3.937008 4.724409 14.566929 3.937008 4.724409 0.000000 3.937008 5.905512 4.527559 3.937008 4.882647 4.095246 3.937008 5.314961 3.937008 3.937008 5.905511 4.724409 3.937008 0.000000 16.141733 3.937008 1.968504 16.141733 3.937008 0.000000 2.834646 3.937008 0.354331 1.417323 3.937008 1.062992 0.472441 3.937008 2.125984 20.078739 3.937008 1.968504 36.468056 3.937008 2.021313 36.577923 3.937008 2.346721 23.795485 3.937008 7.000234 15.157479 3.937008 4.882647 15.589794 3.937008 5.314961 15.748031 3.937008 5.905512 15.645633 3.937008 6.500865 15.375473 3.937008 7.041184 20.313919 3.937008 8.267716 14.960629 3.937008 7.480315 20.078739 3.937008 8.267716 14.960629 3.937008 8.267716 16.141733 3.937008 8.267716 20.078739 3.937008 0.000000 33.481255 3.937008 0.019201 33.070866 3.937008 0.000000 33.877518 3.937008 0.127673 34.240471 3.937008 0.320166 34.552551 3.937008 0.587363 34.798656 3.937008 0.916333 34.966873 3.937008 1.291156 35.837227 3.937008 1.410000 36.201496 3.937008 1.665242 35.411549 3.937008 1.281020 15.375473 3.937008 7.041184 15.645633 3.543307 6.500865 15.375473 3.543307 7.041184 15.645633 3.937008 6.500865 15.645633 3.543307 6.500865 15.748031 3.937008 5.905512 15.748032 3.543307 5.905512 15.645633 3.937008 6.500865 15.748031 3.937008 5.905512 15.589794 3.543307 5.314961 15.748032 3.543307 5.905512 15.589794 3.937008 5.314961 15.157479 3.937008 4.882647 15.157480 3.543307 4.882647 14.566929 3.937008 4.724409 14.566929 3.543307 4.724409 14.566929 3.543307 4.724409 5.118110 3.937008 4.724409 5.118110 3.543307 4.724409 14.566929 3.937008 4.724409 5.118110 3.543307 4.724409 4.527559 3.937008 4.882647 4.527559 3.543307 4.882647 5.118110 3.937008 4.724409 4.095246 3.937008 5.314961 4.095246 3.543307 5.314961 3.937008 3.543307 5.905511 3.937008 3.937008 5.905511 4.039407 0.393701 6.500865 3.937008 3.543307 5.905511 3.937008 0.393701 5.905511 4.039407 3.543307 6.500865 4.309566 3.543307 7.041184 4.039407 0.393701 6.500865 4.309566 0.393701 7.041184 4.039407 3.543307 6.500865 4.724409 3.543307 7.480315 4.309566 0.393701 7.041184 4.724409 0.393701 7.480315 4.309566 3.543307 7.041184 4.724409 0.393701 8.267716 4.724409 3.543307 7.480315 4.724409 0.393701 7.480315 4.724409 3.543307 8.267716 35.837227 0.000000 1.410000 34.966873 0.000000 1.291156 35.411549 0.000000 1.281020 33.070866 0.000000 0.000000 20.078739 0.000000 1.968504 20.078739 0.000000 0.000000 33.481255 0.000000 0.019201 33.877518 0.000000 0.127673 34.240471 0.000000 0.320166 34.552551 0.000000 0.587363 34.798656 0.000000 0.916333 36.201496 0.000000 1.665242 36.468056 0.000000 2.021313 16.141733 0.000000 1.968504 4.724409 0.000000 0.000000 16.141733 0.000000 0.000000 2.834646 0.000000 0.354331 1.417323 0.000000 1.062992 0.472441 0.000000 2.125984 36.577923 0.000000 2.346721 0.000000 0.000000 3.543307 14.566929 0.000000 4.724409 23.795485 -0.000000 7.000234 15.157480 0.000000 4.882647 15.589794 0.000000 5.314961 15.748032 0.000000 5.905512 15.645633 0.000000 6.500865 15.375473 0.000000 7.041184 20.313919 0.000000 8.267716 14.960629 0.000000 7.480315 20.078739 0.000000 8.267716 14.960629 0.000000 8.267716 16.141733 0.000000 8.267716 5.118110 0.000000 4.724409 0.000000 0.000000 5.905512 4.527559 0.000000 4.882647 4.095246 0.000000 5.314961 3.937008 0.000000 5.905511 20.078739 0.000000 8.267716 16.141733 3.937008 8.267716 16.141733 0.000000 8.267716 20.078739 3.937008 8.267716 15.157480 0.393701 4.882647 5.118110 0.393701 4.724409 14.566929 0.393701 4.724409 4.527559 0.393701 4.882647 15.589794 0.393701 5.314961 4.095246 0.393701 5.314961 15.748032 0.393701 5.905512 3.937008 0.393701 5.905511 15.645633 0.393701 6.500865 4.039407 0.393701 6.500865 15.375473 0.393701 7.041184 4.309566 0.393701 7.041184 14.960629 0.393701 7.480315 4.724409 0.393701 7.480315 14.960629 0.393701 8.267716 4.724409 0.393701 8.267716 14.960629 0.000000 8.267716 14.960629 0.393701 7.480315 14.960629 0.000000 7.480315 14.960629 0.393701 8.267716 20.313919 0.000000 8.267716 20.078739 3.937008 8.267716 20.078739 0.000000 8.267716 20.313919 3.937008 8.267716 20.313919 0.000000 8.267716 23.795485 3.937008 7.000234 20.313919 3.937008 8.267716 23.795485 -0.000000 7.000234 23.795485 -0.000000 7.000234 36.577923 3.937008 2.346721 23.795485 3.937008 7.000234 36.577923 0.000000 2.346721 36.468056 3.937008 2.021313 36.577923 0.000000 2.346721 36.468056 0.000000 2.021313 36.577923 3.937008 2.346721 36.201496 3.937008 1.665242 36.201496 0.000000 1.665242 35.837227 3.937008 1.410000 35.837227 0.000000 1.410000 35.411549 3.937008 1.281020 35.411549 0.000000 1.281020 34.966873 3.937008 1.291156 34.966873 0.000000 1.291156 34.798656 0.000000 0.916333 34.966873 3.937008 1.291156 34.966873 0.000000 1.291156 34.798656 3.937008 0.916333 34.552551 0.000000 0.587363 34.552551 3.937008 0.587363 34.240471 3.937008 0.320166 34.240471 0.000000 0.320166 33.877518 3.937008 0.127673 33.877518 0.000000 0.127673 33.481255 3.937008 0.019201 33.481255 0.000000 0.019201 33.070866 3.937008 0.000000 33.070866 0.000000 0.000000 20.078739 3.937008 0.000000 33.070866 0.000000 0.000000 20.078739 0.000000 0.000000 33.070866 3.937008 0.000000 20.078739 0.000000 1.968504 20.078739 3.937008 0.000000 20.078739 0.000000 0.000000 20.078739 3.937008 1.968504 16.141733 3.937008 1.968504 20.078739 0.000000 1.968504 16.141733 0.000000 1.968504 20.078739 3.937008 1.968504 16.141733 0.000000 0.000000 16.141733 3.937008 1.968504 16.141733 0.000000 1.968504 16.141733 3.937008 0.000000 4.724409 3.937008 0.000000 16.141733 0.000000 0.000000 4.724409 0.000000 0.000000 16.141733 3.937008 0.000000 2.834646 3.937008 0.354331 4.724409 0.000000 0.000000 2.834646 0.000000 0.354331 4.724409 3.937008 0.000000 1.417323 3.937008 1.062992 2.834646 0.000000 0.354331 1.417323 0.000000 1.062992 2.834646 3.937008 0.354331 0.472441 0.000000 2.125984 1.417323 3.937008 1.062992 1.417323 0.000000 1.062992 0.472441 3.937008 2.125984 0.000000 0.000000 3.543307 0.472441 3.937008 2.125984 0.472441 0.000000 2.125984 0.000000 3.937008 3.543307 0.000000 3.937008 5.905512 0.000000 0.000000 3.543307 0.000000 0.000000 5.905512 0.000000 3.937008 3.543307 3.937008 0.000000 5.905511 0.000000 3.937008 5.905512 0.000000 0.000000 5.905512 3.937008 3.937008 5.905511 3.937008 0.393701 5.905511 3.937008 3.543307 5.905511 14.960629 0.393701 7.480315 15.375473 0.000000 7.041184 14.960629 0.000000 7.480315 15.375473 0.393701 7.041184 15.375473 0.393701 7.041184 15.645633 0.000000 6.500865 15.375473 0.000000 7.041184 15.645633 0.393701 6.500865 15.645633 0.000000 6.500865 15.748032 0.393701 5.905512 15.748032 0.000000 5.905512 15.645633 0.393701 6.500865 15.748032 0.393701 5.905512 15.589794 0.000000 5.314961 15.748032 0.000000 5.905512 15.589794 0.393701 5.314961 15.157480 0.393701 4.882647 15.157480 0.000000 4.882647 14.566929 0.393701 4.724409 14.566929 0.000000 4.724409 14.566929 0.000000 4.724409 5.118110 0.393701 4.724409 5.118110 0.000000 4.724409 14.566929 0.393701 4.724409 5.118110 0.000000 4.724409 4.527559 0.393701 4.882647 4.527559 0.000000 4.882647 5.118110 0.393701 4.724409 4.095246 0.393701 5.314961 4.095246 0.000000 5.314961 3.937008 0.000000 5.905511 3.937008 0.393701 5.905511 "
											            />
										</IndexedFaceSet>
									</Shape>
								</Group>
							</Transform>
						</Transform>
						<Transform DEF="group_88_004_TRANSFORM"
						           translation="-150.263855 -170.406311 -112.245667"
						           scale="1.000000 1.000000 1.000000"
						           rotation="0.000000 -0.000000 1.000000 1.570796"
						           >
							<Transform DEF="group_88_004_ifs_TRANSFORM"
							           translation="0.000000 0.000001 0.000000"
							           scale="1.000000 1.000000 1.000000"
							           rotation="0.000000 0.000000 0.000000 0.000000"
							           >
								<Group DEF="group_ME_ID992">
									<Shape>
										<Appearance>
										</Appearance>
										<IndexedFaceSet solid="false"
										                coordIndex="0 1 2 -1 1 0 3 -1 4 5 6 -1 5 4 7 -1 8 9 10 -1 9 8 11 -1 9 11 12 -1 12 11 13 -1 12 13 14 -1 14 13 15 -1 14 15 16 -1 16 15 17 -1 16 17 18 -1 18 17 19 -1 18 19 20 -1 20 19 21 -1 20 21 22 -1 22 21 23 -1 24 25 26 -1 25 24 27 -1 27 24 28 -1 27 28 29 -1 27 30 31 -1 30 27 29 -1 32 33 34 -1 35 36 37 -1 36 35 38 -1 36 38 39 -1 39 38 40 -1 40 38 41 -1 42 43 44 -1 43 42 45 -1 43 45 46 -1 46 45 47 -1 47 45 48 -1 48 45 49 -1 48 49 50 -1 50 49 34 -1 34 49 51 -1 34 51 32 -1 32 51 52 -1 52 51 53 -1 53 51 37 -1 53 37 54 -1 53 54 55 -1 53 55 56 -1 53 56 57 -1 37 51 35 -1 57 56 58 -1 57 58 59 -1 57 59 60 -1 57 60 61 -1 52 62 63 -1 62 52 53 -1 63 62 64 -1 63 64 65 -1 65 64 66 -1 67 68 69 -1 68 67 70 -1 71 72 73 -1 72 71 74 -1 75 76 77 -1 76 75 78 -1 76 79 80 -1 79 76 78 -1 80 81 82 -1 81 80 79 -1 83 84 85 -1 84 83 86 -1 87 88 89 -1 88 87 90 -1 89 91 92 -1 91 89 88 -1 91 93 92 -1 93 91 94 -1 95 96 97 -1 96 95 98 -1 99 100 101 -1 100 99 102 -1 103 104 105 -1 104 103 106 -1 107 108 109 -1 108 107 110 -1 111 112 113 -1 114 115 116 -1 115 114 117 -1 115 117 118 -1 118 117 119 -1 118 119 120 -1 121 122 123 -1 122 121 124 -1 122 124 125 -1 122 125 126 -1 122 126 127 -1 122 127 128 -1 128 127 129 -1 128 129 112 -1 128 112 130 -1 130 112 111 -1 130 111 114 -1 130 114 116 -1 130 116 131 -1 131 116 132 -1 132 116 133 -1 133 116 134 -1 134 116 135 -1 130 131 136 -1 134 135 137 -1 137 135 138 -1 138 135 139 -1 139 135 140 -1 136 141 142 -1 141 136 131 -1 142 141 143 -1 142 143 144 -1 142 144 145 -1 146 147 148 -1 147 146 149 -1 150 151 152 -1 151 150 153 -1 153 150 154 -1 153 154 155 -1 155 154 156 -1 155 156 157 -1 157 156 158 -1 157 158 159 -1 159 158 160 -1 159 160 161 -1 161 160 162 -1 161 162 163 -1 163 162 164 -1 163 164 165 -1 166 167 168 -1 167 166 169 -1 170 171 172 -1 171 170 173 -1 174 175 176 -1 175 174 177 -1 178 179 180 -1 179 178 181 -1 182 178 183 -1 178 182 181 -1 184 183 185 -1 183 184 182 -1 186 185 187 -1 185 186 184 -1 188 187 189 -1 187 188 186 -1 190 191 192 -1 191 190 193 -1 194 193 190 -1 193 194 195 -1 196 194 197 -1 194 196 195 -1 198 197 199 -1 197 198 196 -1 200 199 201 -1 199 200 198 -1 202 201 203 -1 201 202 200 -1 204 205 206 -1 205 204 207 -1 208 209 210 -1 209 208 211 -1 212 213 214 -1 213 212 215 -1 216 217 218 -1 217 216 219 -1 220 221 222 -1 221 220 223 -1 224 225 226 -1 225 224 227 -1 228 229 230 -1 229 228 231 -1 231 228 232 -1 231 232 233 -1 234 235 236 -1 235 234 237 -1 238 239 240 -1 239 238 241 -1 242 243 244 -1 243 242 245 -1 246 247 248 -1 247 246 249 -1 250 251 252 -1 251 250 253 -1 254 255 256 -1 255 254 257 -1 255 258 259 -1 258 255 257 -1 259 260 261 -1 260 259 258 -1 262 263 264 -1 263 262 265 -1 266 267 268 -1 267 266 269 -1 268 270 271 -1 270 268 267 -1 270 272 271 -1 272 270 273 -1 "
										                >
											<Coordinate DEF="coords_ME_ID992"
											            point="14.960629 3.543307 8.267716 14.960629 3.937008 7.480315 14.960629 3.543307 7.480315 14.960629 3.937008 8.267716 14.960629 3.937008 7.480315 15.375473 3.543307 7.041184 14.960629 3.543307 7.480315 15.375473 3.937008 7.041184 5.118110 3.543307 4.724409 15.157480 3.543307 4.882647 14.566928 3.543307 4.724409 4.527559 3.543307 4.882647 15.589793 3.543307 5.314961 4.095246 3.543307 5.314961 15.748032 3.543307 5.905512 3.937008 3.543307 5.905511 15.645633 3.543307 6.500865 4.039407 3.543307 6.500865 15.375473 3.543307 7.041184 4.309566 3.543307 7.041184 14.960629 3.543307 7.480315 4.724409 3.543307 7.480315 14.960629 3.543307 8.267716 4.724409 3.543307 8.267716 14.960629 0.393701 8.267716 4.724409 3.543307 8.267716 4.724409 0.393701 8.267716 14.960629 3.543307 8.267716 14.960629 0.000000 8.267716 16.141733 0.000000 8.267716 16.141733 3.937008 8.267716 14.960629 3.937008 8.267716 35.837227 3.937008 1.410000 35.411549 3.937008 1.281020 34.966873 3.937008 1.291156 0.000000 3.937008 3.543307 5.118110 3.937008 4.724409 14.566929 3.937008 4.724409 0.000000 3.937008 5.905512 4.527559 3.937008 4.882647 4.095246 3.937008 5.314961 3.937008 3.937008 5.905511 4.724409 3.937008 0.000000 33.481255 3.937008 0.019201 33.070866 3.937008 0.000000 2.834646 3.937008 0.354331 33.877518 3.937008 0.127673 34.240471 3.937008 0.320166 34.552551 3.937008 0.587363 1.417323 3.937008 1.062992 34.798656 3.937008 0.916333 0.472441 3.937008 2.125984 36.201496 3.937008 1.665242 16.141731 3.937008 1.968504 15.157480 3.937008 4.882647 15.589794 3.937008 5.314961 15.748032 3.937008 5.905512 16.141733 3.937008 8.267716 15.645633 3.937008 6.500865 15.375473 3.937008 7.041184 14.960629 3.937008 7.480315 14.960629 3.937008 8.267716 20.078739 3.937008 1.968504 36.468056 3.937008 2.021313 20.078739 3.937008 8.267716 36.577923 3.937008 2.346721 20.313919 3.937008 8.267716 15.375473 3.937008 7.041184 15.645633 3.543307 6.500865 15.375473 3.543307 7.041184 15.645633 3.937008 6.500865 15.645633 3.543307 6.500865 15.748032 3.937008 5.905512 15.748032 3.543307 5.905512 15.645633 3.937008 6.500865 15.748032 3.937008 5.905512 15.589793 3.543307 5.314961 15.748032 3.543307 5.905512 15.589794 3.937008 5.314961 15.157480 3.937008 4.882647 15.157480 3.543307 4.882647 14.566929 3.937008 4.724409 14.566928 3.543307 4.724409 14.566928 3.543307 4.724409 5.118110 3.937008 4.724409 5.118110 3.543307 4.724409 14.566929 3.937008 4.724409 5.118110 3.543307 4.724409 4.527559 3.937008 4.882647 4.527559 3.543307 4.882647 5.118110 3.937008 4.724409 4.095246 3.937008 5.314961 4.095246 3.543307 5.314961 3.937008 3.543307 5.905511 3.937008 3.937008 5.905511 4.039407 0.393701 6.500865 3.937008 3.543307 5.905511 3.937008 0.393701 5.905511 4.039407 3.543307 6.500865 4.309566 3.543307 7.041184 4.039407 0.393701 6.500865 4.309566 0.393701 7.041184 4.039407 3.543307 6.500865 4.724409 3.543307 7.480315 4.309566 0.393701 7.041184 4.724409 0.393701 7.480315 4.309566 3.543307 7.041184 4.724409 0.393701 8.267716 4.724409 3.543307 7.480315 4.724409 0.393701 7.480315 4.724409 3.543307 8.267716 35.837227 0.000000 1.410000 34.966873 0.000000 1.291156 35.411549 0.000000 1.281020 36.201496 0.000000 1.665242 20.078739 0.000000 1.968504 16.141731 0.000000 1.968504 36.468056 0.000000 2.021313 20.078739 0.000000 8.267716 36.577923 0.000000 2.346721 20.313919 0.000000 8.267716 33.070866 0.000000 0.000000 2.834646 0.000000 0.354331 4.724409 0.000000 0.000000 33.481255 0.000000 0.019201 33.877518 0.000000 0.127673 34.240471 0.000000 0.320166 34.552551 0.000000 0.587363 1.417323 0.000000 1.062992 34.798656 0.000000 0.916333 0.472441 0.000000 2.125984 14.566929 0.000000 4.724409 15.157480 0.000000 4.882647 15.589794 0.000000 5.314961 15.748032 0.000000 5.905512 16.141733 0.000000 8.267716 0.000000 0.000000 3.543307 15.645633 0.000000 6.500865 15.375473 0.000000 7.041184 14.960629 0.000000 7.480315 14.960629 0.000000 8.267716 5.118110 0.000000 4.724409 0.000000 0.000000 5.905512 4.527559 0.000000 4.882647 4.095246 0.000000 5.314961 3.937008 0.000000 5.905511 16.141731 0.000000 1.968504 16.141733 3.937008 8.267716 16.141733 0.000000 8.267716 16.141731 3.937008 1.968504 15.157480 0.393701 4.882647 5.118110 0.393701 4.724409 14.566929 0.393701 4.724409 4.527559 0.393701 4.882647 15.589794 0.393701 5.314961 4.095246 0.393701 5.314961 15.748032 0.393701 5.905512 3.937008 0.393701 5.905511 15.645633 0.393701 6.500865 4.039407 0.393701 6.500865 15.375473 0.393701 7.041184 4.309566 0.393701 7.041184 14.960629 0.393701 7.480315 4.724409 0.393701 7.480315 14.960629 0.393701 8.267716 4.724409 0.393701 8.267716 14.960629 0.000000 8.267716 14.960629 0.393701 7.480315 14.960629 0.000000 7.480315 14.960629 0.393701 8.267716 20.313919 0.000000 8.267716 20.078739 3.937008 8.267716 20.078739 0.000000 8.267716 20.313919 3.937008 8.267716 20.313919 0.000000 8.267716 36.577923 3.937008 2.346721 20.313919 3.937008 8.267716 36.577923 0.000000 2.346721 36.468056 0.000000 2.021313 36.577923 3.937008 2.346721 36.577923 0.000000 2.346721 36.468056 3.937008 2.021313 36.201496 3.937008 1.665242 36.201496 0.000000 1.665242 35.837227 3.937008 1.410000 35.837227 0.000000 1.410000 35.411549 3.937008 1.281020 35.411549 0.000000 1.281020 34.966873 3.937008 1.291156 34.966873 0.000000 1.291156 34.798656 0.000000 0.916333 34.966873 3.937008 1.291156 34.966873 0.000000 1.291156 34.798656 3.937008 0.916333 34.552551 0.000000 0.587363 34.552551 3.937008 0.587363 34.240471 3.937008 0.320166 34.240471 0.000000 0.320166 33.877518 3.937008 0.127673 33.877518 0.000000 0.127673 33.481255 3.937008 0.019201 33.481255 0.000000 0.019201 33.070866 3.937008 0.000000 33.070866 0.000000 0.000000 4.724409 3.937008 0.000000 33.070866 0.000000 0.000000 4.724409 0.000000 0.000000 33.070866 3.937008 0.000000 2.834646 3.937008 0.354331 4.724409 0.000000 0.000000 2.834646 0.000000 0.354331 4.724409 3.937008 0.000000 1.417323 3.937008 1.062992 2.834646 0.000000 0.354331 1.417323 0.000000 1.062992 2.834646 3.937008 0.354331 0.472441 0.000000 2.125984 1.417323 3.937008 1.062992 1.417323 0.000000 1.062992 0.472441 3.937008 2.125984 0.000000 0.000000 3.543307 0.472441 3.937008 2.125984 0.472441 0.000000 2.125984 0.000000 3.937008 3.543307 0.000000 3.937008 5.905512 0.000000 0.000000 3.543307 0.000000 0.000000 5.905512 0.000000 3.937008 3.543307 3.937008 0.000000 5.905511 0.000000 3.937008 5.905512 0.000000 0.000000 5.905512 3.937008 3.937008 5.905511 3.937008 0.393701 5.905511 3.937008 3.543307 5.905511 20.078739 0.000000 1.968504 16.141731 3.937008 1.968504 16.141731 0.000000 1.968504 20.078739 3.937008 1.968504 20.078739 3.937008 8.267716 20.078739 0.000000 1.968504 20.078739 0.000000 8.267716 20.078739 3.937008 1.968504 14.960629 0.393701 7.480315 15.375473 0.000000 7.041184 14.960629 0.000000 7.480315 15.375473 0.393701 7.041184 15.375473 0.393701 7.041184 15.645633 0.000000 6.500865 15.375473 0.000000 7.041184 15.645633 0.393701 6.500865 15.645633 0.000000 6.500865 15.748032 0.393701 5.905512 15.748032 0.000000 5.905512 15.645633 0.393701 6.500865 15.748032 0.393701 5.905512 15.589794 0.000000 5.314961 15.748032 0.000000 5.905512 15.589794 0.393701 5.314961 15.157480 0.393701 4.882647 15.157480 0.000000 4.882647 14.566929 0.393701 4.724409 14.566929 0.000000 4.724409 14.566929 0.000000 4.724409 5.118110 0.393701 4.724409 5.118110 0.000000 4.724409 14.566929 0.393701 4.724409 5.118110 0.000000 4.724409 4.527559 0.393701 4.882647 4.527559 0.000000 4.882647 5.118110 0.393701 4.724409 4.095246 0.393701 5.314961 4.095246 0.000000 5.314961 3.937008 0.000000 5.905511 3.937008 0.393701 5.905511 "
											            />
										</IndexedFaceSet>
									</Shape>
								</Group>
							</Transform>
						</Transform>
						<Transform DEF="group_89_004_TRANSFORM"
						           translation="-121.543999 -121.607712 -101.994820"
						           scale="-1.000000 -1.000000 -1.000000"
						           rotation="-0.707107 0.707107 -0.000000 3.141593"
						           >
							<Transform DEF="group_90_004_TRANSFORM"
							           translation="-69.221619 -59.848106 -23.242970"
							           scale="-1.000000 -1.000000 -1.000000"
							           rotation="-0.000000 1.000000 0.000000 3.141593"
							           >
							</Transform>
							<Transform DEF="group_91_004_TRANSFORM"
							           translation="-69.221619 -59.848106 -23.242970"
							           scale="-1.000000 -1.000000 -1.000000"
							           rotation="-0.000000 1.000000 0.000000 3.141593"
							           >
								<Transform DEF="group_92_004_TRANSFORM"
								           translation="1.976701 7.488511 2.362205"
								           scale="-1.000000 -1.000000 -1.000000"
								           rotation="-0.000000 1.000000 0.000000 3.141593"
								           >
									<Transform DEF="group_92_004_ifs_TRANSFORM"
									           translation="0.000001 -0.000001 0.000000"
									           scale="1.000000 1.000000 1.000000"
									           rotation="-0.000000 0.000000 0.000000 0.000000"
									           >
										<Group DEF="group_ME_ID1010">
											<Shape>
												<Appearance>
												</Appearance>
												<IndexedFaceSet solid="false"
												                coordIndex="0 1 2 -1 1 0 3 -1 4 0 2 -1 0 4 5 -1 6 7 8 -1 7 6 9 -1 3 10 1 -1 10 3 11 -1 12 13 14 -1 13 12 15 -1 16 5 4 -1 5 16 17 -1 18 9 6 -1 9 18 19 -1 20 12 14 -1 12 20 21 -1 22 23 24 -1 23 22 25 -1 8 26 27 -1 26 8 7 -1 11 28 10 -1 28 11 29 -1 15 30 13 -1 30 15 31 -1 32 33 34 -1 33 32 35 -1 36 17 16 -1 17 36 37 -1 38 19 18 -1 19 38 39 -1 40 21 20 -1 21 40 41 -1 25 42 23 -1 42 25 43 -1 44 32 34 -1 32 44 45 -1 46 47 48 -1 47 46 49 -1 50 24 51 -1 24 50 22 -1 27 52 53 -1 52 27 26 -1 29 54 28 -1 54 29 55 -1 31 56 30 -1 56 31 57 -1 35 58 33 -1 58 35 59 -1 60 37 36 -1 37 60 61 -1 62 39 38 -1 39 62 63 -1 64 41 40 -1 41 64 65 -1 43 66 42 -1 66 43 67 -1 68 45 44 -1 45 68 69 -1 48 70 46 -1 70 48 71 -1 72 49 46 -1 49 72 73 -1 49 74 47 -1 74 49 75 -1 76 51 77 -1 51 76 50 -1 78 52 79 -1 52 78 53 -1 55 80 54 -1 80 55 81 -1 57 82 56 -1 82 57 83 -1 59 84 58 -1 84 59 85 -1 60 86 61 -1 86 60 87 -1 88 62 89 -1 62 88 63 -1 90 65 64 -1 65 90 91 -1 67 92 66 -1 92 67 93 -1 94 69 68 -1 69 94 95 -1 71 96 70 -1 96 71 97 -1 70 72 46 -1 72 70 98 -1 99 73 72 -1 73 99 100 -1 73 75 49 -1 75 73 101 -1 75 102 74 -1 102 75 103 -1 76 104 105 -1 104 76 77 -1 106 79 107 -1 79 106 78 -1 81 108 80 -1 108 81 109 -1 83 110 82 -1 110 83 111 -1 85 112 84 -1 112 85 113 -1 87 114 86 -1 114 87 115 -1 116 89 117 -1 89 116 88 -1 90 118 91 -1 118 90 119 -1 92 120 121 -1 120 92 93 -1 122 95 94 -1 95 122 123 -1 97 124 96 -1 124 97 125 -1 96 98 70 -1 98 96 126 -1 98 99 72 -1 99 98 127 -1 128 129 130 -1 129 128 131 -1 100 101 73 -1 101 100 132 -1 101 103 75 -1 103 101 133 -1 103 134 102 -1 134 103 135 -1 105 136 137 -1 136 105 104 -1 138 107 139 -1 107 138 106 -1 109 140 108 -1 140 109 141 -1 111 142 110 -1 142 111 143 -1 113 144 112 -1 144 113 145 -1 146 115 147 -1 115 146 114 -1 148 117 149 -1 117 148 116 -1 119 150 118 -1 150 119 151 -1 121 152 153 -1 152 121 120 -1 154 123 122 -1 123 154 155 -1 125 156 124 -1 156 125 157 -1 124 126 96 -1 126 124 158 -1 126 127 98 -1 127 126 159 -1 160 131 128 -1 131 160 161 -1 162 163 164 -1 163 162 165 -1 130 166 167 -1 166 130 129 -1 132 133 101 -1 133 132 168 -1 133 135 103 -1 135 133 169 -1 135 170 134 -1 170 135 171 -1 137 172 173 -1 172 137 136 -1 174 139 175 -1 139 174 138 -1 141 176 140 -1 176 141 177 -1 143 178 142 -1 178 143 179 -1 145 180 144 -1 180 145 181 -1 182 147 183 -1 147 182 146 -1 184 149 185 -1 149 184 148 -1 186 151 187 -1 151 186 150 -1 153 188 189 -1 188 153 152 -1 190 155 154 -1 155 190 191 -1 192 156 157 -1 156 192 193 -1 156 158 124 -1 158 156 194 -1 158 159 126 -1 159 158 195 -1 196 161 160 -1 161 196 197 -1 165 198 163 -1 198 165 199 -1 200 201 202 -1 201 200 203 -1 204 164 205 -1 164 204 162 -1 167 206 207 -1 206 167 166 -1 168 169 133 -1 169 168 208 -1 169 171 135 -1 171 169 209 -1 171 210 170 -1 210 171 211 -1 173 212 213 -1 212 173 172 -1 214 175 215 -1 175 214 174 -1 177 216 176 -1 216 177 217 -1 179 218 178 -1 218 179 219 -1 220 180 181 -1 180 220 221 -1 222 183 223 -1 183 222 182 -1 224 185 225 -1 185 224 184 -1 226 187 227 -1 187 226 186 -1 189 228 229 -1 228 189 188 -1 230 190 231 -1 190 230 191 -1 232 193 192 -1 193 232 233 -1 193 194 156 -1 194 193 234 -1 194 195 158 -1 195 194 235 -1 236 197 196 -1 197 236 237 -1 199 238 198 -1 238 199 239 -1 202 240 200 -1 240 202 241 -1 242 203 200 -1 203 242 243 -1 203 244 201 -1 244 203 245 -1 246 205 247 -1 205 246 204 -1 248 206 249 -1 206 248 207 -1 208 209 169 -1 209 208 250 -1 209 211 171 -1 211 209 251 -1 252 210 211 -1 210 252 253 -1 213 254 255 -1 254 213 212 -1 256 215 257 -1 215 256 214 -1 258 216 217 -1 216 258 259 -1 219 260 218 -1 260 219 261 -1 262 221 220 -1 221 262 263 -1 264 223 265 -1 223 264 222 -1 224 266 267 -1 266 224 225 -1 268 227 269 -1 227 268 226 -1 229 270 271 -1 270 229 228 -1 272 231 273 -1 231 272 230 -1 274 232 275 -1 232 274 233 -1 233 234 193 -1 234 233 276 -1 194 277 235 -1 277 194 234 -1 278 236 279 -1 236 278 237 -1 239 280 238 -1 280 239 281 -1 241 282 240 -1 282 241 283 -1 240 242 200 -1 242 240 284 -1 285 243 242 -1 243 285 286 -1 243 245 203 -1 245 243 287 -1 245 288 244 -1 288 245 289 -1 246 290 291 -1 290 246 247 -1 292 249 293 -1 249 292 248 -1 250 251 209 -1 251 250 294 -1 295 211 251 -1 211 295 252 -1 296 253 252 -1 253 296 297 -1 255 298 299 -1 298 255 254 -1 300 256 257 -1 256 300 301 -1 302 259 258 -1 259 302 303 -1 304 260 261 -1 260 304 305 -1 306 263 262 -1 263 306 307 -1 308 265 309 -1 265 308 264 -1 267 310 311 -1 310 267 266 -1 312 269 313 -1 269 312 268 -1 271 314 315 -1 314 271 270 -1 316 273 317 -1 273 316 272 -1 318 275 319 -1 275 318 274 -1 320 233 274 -1 233 320 276 -1 234 321 277 -1 321 234 276 -1 322 279 323 -1 279 322 278 -1 280 324 325 -1 324 280 281 -1 283 326 282 -1 326 283 327 -1 282 284 240 -1 284 282 328 -1 284 285 242 -1 285 284 329 -1 330 331 332 -1 331 330 333 -1 331 333 334 -1 334 333 335 -1 334 335 336 -1 336 335 337 -1 336 337 338 -1 338 337 339 -1 339 337 340 -1 339 340 341 -1 339 341 342 -1 342 341 343 -1 342 343 344 -1 344 343 345 -1 344 345 346 -1 346 345 347 -1 347 345 348 -1 347 348 349 -1 347 349 350 -1 350 349 351 -1 350 351 352 -1 352 351 353 -1 286 287 243 -1 287 286 354 -1 287 289 245 -1 289 287 355 -1 289 356 288 -1 356 289 357 -1 291 358 359 -1 358 291 290 -1 360 293 361 -1 293 360 292 -1 294 295 251 -1 295 294 362 -1 363 252 295 -1 252 363 296 -1 364 297 296 -1 297 364 365 -1 298 366 299 -1 366 298 367 -1 368 301 300 -1 301 368 369 -1 370 303 302 -1 303 370 371 -1 372 305 304 -1 305 372 373 -1 374 307 306 -1 307 374 375 -1 370 309 371 -1 309 370 308 -1 311 376 377 -1 376 311 310 -1 378 313 379 -1 313 378 312 -1 380 314 381 -1 314 380 315 -1 382 317 383 -1 317 382 316 -1 384 319 385 -1 319 384 318 -1 386 274 318 -1 274 386 320 -1 387 276 320 -1 276 387 321 -1 388 323 389 -1 323 388 322 -1 325 390 391 -1 390 325 324 -1 392 326 327 -1 326 392 393 -1 326 328 282 -1 328 326 394 -1 328 329 284 -1 329 328 395 -1 394 395 328 -1 395 394 396 -1 397 396 394 -1 396 397 398 -1 397 399 398 -1 399 397 400 -1 400 401 399 -1 401 400 402 -1 403 402 404 -1 402 403 401 -1 405 404 406 -1 404 405 403 -1 407 406 408 -1 406 407 405 -1 409 408 410 -1 408 409 407 -1 411 410 412 -1 410 411 409 -1 413 412 414 -1 412 413 411 -1 413 415 416 -1 415 413 414 -1 416 417 418 -1 417 416 415 -1 418 419 420 -1 419 418 417 -1 421 419 422 -1 419 421 420 -1 423 422 424 -1 422 423 421 -1 425 424 426 -1 424 425 423 -1 427 426 428 -1 426 427 425 -1 429 428 430 -1 428 429 427 -1 431 430 355 -1 430 431 429 -1 354 355 287 -1 355 354 431 -1 355 357 289 -1 357 355 430 -1 357 432 356 -1 432 357 433 -1 359 434 435 -1 434 359 358 -1 436 361 437 -1 361 436 360 -1 362 363 295 -1 363 362 438 -1 439 296 363 -1 296 439 364 -1 364 440 365 -1 440 364 441 -1 367 442 366 -1 442 367 443 -1 444 369 368 -1 369 444 445 -1 446 373 372 -1 373 446 447 -1 448 375 374 -1 375 448 449 -1 377 445 444 -1 445 377 376 -1 446 379 447 -1 379 446 378 -1 450 381 451 -1 381 450 380 -1 452 383 453 -1 383 452 382 -1 454 385 455 -1 385 454 384 -1 456 318 384 -1 318 456 386 -1 457 320 386 -1 320 457 387 -1 458 389 459 -1 389 458 388 -1 391 460 461 -1 460 391 390 -1 462 393 392 -1 393 462 463 -1 326 397 394 -1 397 326 393 -1 393 400 397 -1 400 393 463 -1 463 402 400 -1 402 463 464 -1 404 464 465 -1 464 404 402 -1 406 465 466 -1 465 406 404 -1 408 466 467 -1 466 408 406 -1 410 467 468 -1 467 410 408 -1 412 468 469 -1 468 412 410 -1 414 469 470 -1 469 414 412 -1 414 471 415 -1 471 414 470 -1 415 472 417 -1 472 415 471 -1 419 472 473 -1 472 419 417 -1 422 473 474 -1 473 422 419 -1 424 474 475 -1 474 424 422 -1 426 475 476 -1 475 426 424 -1 428 476 433 -1 476 428 426 -1 430 433 357 -1 433 430 428 -1 433 477 432 -1 477 433 476 -1 435 478 479 -1 478 435 434 -1 480 437 481 -1 437 480 436 -1 438 439 363 -1 439 438 482 -1 483 364 439 -1 364 483 441 -1 441 484 440 -1 484 441 485 -1 443 486 442 -1 486 443 487 -1 488 449 448 -1 449 488 489 -1 487 451 486 -1 451 487 450 -1 488 453 489 -1 453 488 452 -1 490 455 491 -1 455 490 454 -1 492 384 454 -1 384 492 456 -1 493 386 456 -1 386 493 457 -1 494 459 495 -1 459 494 458 -1 461 496 497 -1 496 461 460 -1 498 463 462 -1 463 498 464 -1 465 498 499 -1 498 465 464 -1 466 499 500 -1 499 466 465 -1 467 500 501 -1 500 467 466 -1 468 501 502 -1 501 468 467 -1 469 502 503 -1 502 469 468 -1 470 503 504 -1 503 470 469 -1 471 504 505 -1 504 471 470 -1 472 505 506 -1 505 472 471 -1 472 507 473 -1 507 472 506 -1 473 508 474 -1 508 473 507 -1 474 509 475 -1 509 474 508 -1 475 477 476 -1 477 475 509 -1 479 510 511 -1 510 479 478 -1 512 481 513 -1 481 512 480 -1 514 439 482 -1 439 514 483 -1 515 441 483 -1 441 515 485 -1 485 516 484 -1 516 485 517 -1 517 491 516 -1 491 517 490 -1 518 454 490 -1 454 518 492 -1 519 456 492 -1 456 519 493 -1 494 520 521 -1 520 494 495 -1 497 522 523 -1 522 497 496 -1 523 524 525 -1 524 523 522 -1 526 524 527 -1 524 526 525 -1 528 527 529 -1 527 528 526 -1 530 529 531 -1 529 530 528 -1 532 531 533 -1 531 532 530 -1 534 533 535 -1 533 534 532 -1 536 535 537 -1 535 536 534 -1 511 536 537 -1 536 511 510 -1 538 512 513 -1 512 538 539 -1 540 483 514 -1 483 540 515 -1 541 485 515 -1 485 541 517 -1 541 490 517 -1 490 541 518 -1 542 492 518 -1 492 542 519 -1 521 543 544 -1 543 521 520 -1 544 545 546 -1 545 544 543 -1 546 547 548 -1 547 546 545 -1 548 549 550 -1 549 548 547 -1 550 539 538 -1 539 550 549 -1 551 515 540 -1 515 551 541 -1 551 518 541 -1 518 551 542 -1 "
												                >
													<Coordinate DEF="coords_ME_ID1010"
													            point="4.012370 1.499442 3.543307 3.955358 0.678394 2.667747 4.452187 1.059624 2.667747 3.644360 1.217058 3.543307 4.833417 1.556454 2.667747 4.294753 1.867451 3.543307 4.012370 1.499442 3.543307 4.133858 0.369221 4.133858 3.644360 1.217058 3.543307 4.704625 0.807186 4.133858 3.376788 0.438742 2.667747 3.215803 1.039544 3.543307 4.452187 1.059624 2.667747 4.133858 0.369221 1.378533 4.704625 0.807186 1.378533 3.955358 0.678394 2.667747 5.073069 2.135024 2.667747 4.472267 2.296008 3.543307 4.294753 1.867451 3.543307 5.142590 1.377953 4.133858 5.142590 1.377953 1.378533 4.833417 1.556454 2.667747 4.133858 0.369221 4.133858 4.012370 1.499442 4.724409 3.644360 1.217058 4.724409 4.704625 0.807186 4.133858 3.469186 0.093905 4.133858 3.215803 1.039544 3.543307 2.755905 0.357002 2.667747 2.755905 0.978997 3.543307 3.469186 0.093905 1.378533 3.376788 0.438742 2.667747 4.704625 0.807186 1.378533 4.133858 0.369221 0.000000 4.704625 0.807186 0.000000 4.133858 0.369221 1.378533 5.154809 2.755905 2.667747 4.532814 2.755905 3.543307 4.472267 2.296008 3.543307 5.417906 2.042625 4.133858 5.417906 2.042625 1.378533 5.073069 2.135024 2.667747 4.294753 1.867451 4.724409 5.142590 1.377953 4.133858 5.142590 1.377953 0.000000 5.142590 1.377953 1.378533 4.382103 1.129708 5.867542 3.644360 1.217058 4.724409 4.012370 1.499442 4.724409 3.905801 0.764228 5.867542 3.469186 0.093905 4.133858 3.215803 1.039544 4.724409 2.755905 0.000000 4.133858 2.755905 0.978997 3.543307 2.135024 0.438742 2.667747 2.296008 1.039544 3.543307 2.755905 0.000000 1.378533 2.755905 0.357002 2.667747 3.469186 0.093905 0.000000 3.469186 0.093905 1.378533 5.073069 3.376788 2.667747 4.472267 3.215803 3.543307 4.532814 2.755905 3.543307 5.511811 2.755905 4.133858 5.511811 2.755905 1.378533 5.154809 2.755905 2.667747 4.472267 2.296008 4.724409 5.417906 2.042625 4.133858 5.417906 2.042625 0.000000 5.417906 2.042625 1.378533 4.747583 1.606010 5.867542 4.294753 1.867451 4.724409 4.382103 1.129708 7.124585 3.905801 0.764228 7.124585 3.215803 1.039544 4.724409 3.351135 0.534478 5.867542 2.755905 0.000000 4.133858 2.755905 0.978997 4.724409 2.296008 1.039544 3.543307 2.042625 0.093905 4.133858 1.556454 0.678394 2.667747 1.867451 1.217058 3.543307 2.042625 0.093905 1.378533 2.135024 0.438742 2.667747 2.755905 0.000000 0.000000 2.755905 0.000000 1.378533 4.294753 3.644360 3.543307 4.833417 3.955358 2.667747 5.417906 3.469186 4.133858 4.472267 3.215803 3.543307 5.417906 3.469186 1.378533 5.073069 3.376788 2.667747 4.532814 2.755905 4.724409 5.511811 2.755905 4.133858 5.511811 2.755905 0.000000 5.511811 2.755905 1.378533 4.977333 2.160676 5.867542 4.472267 2.296008 4.724409 4.747583 1.606010 7.124585 4.012370 1.499442 8.267716 3.644360 1.217058 8.267716 3.351135 0.534478 7.124585 2.755905 0.978997 4.724409 2.755905 0.456115 5.867542 2.296008 1.039544 4.724409 2.042625 0.093905 4.133858 1.867451 1.217058 3.543307 1.377953 0.369221 4.133858 1.059624 1.059624 2.667747 1.499442 1.499442 3.543307 1.377953 0.369221 1.378533 1.556454 0.678394 2.667747 2.042625 0.093905 0.000000 2.042625 0.093905 1.378533 4.012370 4.012370 3.543307 4.452187 4.452187 2.667747 5.142590 4.133858 4.133858 4.294753 3.644360 3.543307 4.833417 3.955358 2.667747 5.142590 4.133858 1.378533 5.417906 3.469186 4.133858 4.472267 3.215803 4.724409 5.417906 3.469186 0.000000 5.417906 3.469186 1.378533 5.055696 2.755905 5.867542 4.532814 2.755905 4.724409 4.977333 2.160676 7.124585 4.294753 1.867451 8.267716 4.012370 1.499442 8.267716 3.976378 0.641985 8.858268 3.644360 1.217058 8.267716 4.481914 1.029897 8.858268 3.215803 1.039544 8.267716 2.755905 0.456115 7.124585 2.296008 1.039544 4.724409 2.160676 0.534478 5.867542 1.867451 1.217058 4.724409 1.377953 0.369221 4.133858 1.499442 1.499442 3.543307 0.807186 0.807186 4.133858 0.678394 1.556454 2.667747 1.217058 1.867451 3.543307 0.807186 0.807186 1.378533 1.059624 1.059624 2.667747 1.377953 0.369221 0.000000 1.377953 0.369221 1.378533 3.644360 4.294753 3.543307 3.955358 4.833417 2.667747 4.704625 4.704625 4.133858 4.012370 4.012370 3.543307 4.452187 4.452187 2.667747 4.704625 4.704625 1.378533 5.142590 4.133858 4.133858 4.294753 3.644360 4.724409 5.142590 4.133858 0.000000 5.142590 4.133858 1.378533 4.977333 3.351135 5.867542 4.472267 3.215803 4.724409 5.055696 2.755905 7.124585 4.472267 2.296008 8.267716 4.294753 1.867451 8.267716 4.869825 1.535433 8.858268 3.976378 0.641985 8.858268 4.012370 1.499442 9.448818 3.644360 1.217058 9.448818 4.481914 1.029897 8.858268 3.387669 0.398134 8.858268 3.215803 1.039544 8.267716 2.755905 0.978997 8.267716 2.160676 0.534478 7.124585 1.867451 1.217058 4.724409 1.606010 0.764228 5.867542 1.499442 1.499442 4.724409 0.807186 0.807186 4.133858 1.217058 1.867451 3.543307 0.369221 1.377953 4.133858 0.438742 2.135024 2.667747 1.039544 2.296008 3.543307 0.369221 1.377953 1.378533 0.678394 1.556454 2.667747 0.807186 0.807186 0.000000 0.807186 0.807186 1.378533 3.215803 4.472267 3.543307 3.376788 5.073069 2.667747 4.133858 5.142590 4.133858 3.644360 4.294753 3.543307 3.955358 4.833417 2.667747 4.133858 5.142590 1.378533 4.704625 4.704625 4.133858 4.012370 4.012370 4.724409 4.704625 4.704625 0.000000 4.704625 4.704625 1.378533 4.294753 3.644360 4.724409 4.747583 3.905801 5.867542 4.977333 3.351135 7.124585 4.532814 2.755905 8.267716 4.472267 2.296008 8.267716 5.113677 2.124142 8.858268 4.294753 1.867451 9.448818 4.869825 1.535433 8.858268 4.041299 1.470511 10.662947 3.644360 1.217058 9.448818 4.012370 1.499442 9.448818 3.664816 1.181626 10.662947 3.387669 0.398134 8.858268 3.215803 1.039544 9.448818 2.755905 0.314961 8.858268 2.755905 0.978997 8.267716 2.296008 1.039544 8.267716 1.606010 0.764228 7.124585 1.499442 1.499442 4.724409 1.129708 1.129708 5.867542 1.217058 1.867451 4.724409 0.369221 1.377953 4.133858 1.039544 2.296008 3.543307 0.093905 2.042625 4.133858 0.357002 2.755905 2.667747 0.978997 2.755905 3.543307 0.093905 2.042625 1.378533 0.438742 2.135024 2.667747 0.369221 1.377953 1.378533 0.369221 1.377953 0.000000 2.755905 4.532814 3.543307 2.755905 5.154809 2.667747 3.469186 5.417906 4.133858 3.215803 4.472267 3.543307 3.376788 5.073069 2.667747 3.469186 5.417906 1.378533 4.133858 5.142590 4.133858 3.644360 4.294753 4.724409 4.133858 5.142590 1.378533 4.133858 5.142590 0.000000 4.012370 4.012370 4.724409 4.382103 4.382103 5.867542 4.747583 3.905801 7.124585 4.472267 3.215803 8.267716 4.532814 2.755905 8.267716 5.196850 2.755905 8.858268 4.472267 2.296008 9.448818 5.113677 2.124142 8.858268 4.330185 1.846995 10.662947 4.294753 1.867451 9.448818 3.896664 1.615147 11.860420 3.562544 1.358767 11.860420 3.215803 1.039544 9.448818 3.226392 1.000025 10.662947 2.755905 0.314961 8.858268 2.755905 0.978997 9.448818 2.296008 1.039544 8.267716 2.124142 0.398134 8.858268 1.867451 1.217058 8.267716 1.129708 1.129708 7.124585 0.764228 1.606010 5.867542 1.217058 1.867451 4.724409 1.039544 2.296008 4.724409 0.093905 2.042625 4.133858 0.978997 2.755905 3.543307 -0.000000 2.755905 4.133858 1.039544 3.215803 3.543307 0.438742 3.376788 2.667747 -0.000000 2.755905 1.378533 0.357002 2.755905 2.667747 0.093905 2.042625 1.378533 0.093905 2.042625 0.000000 2.296008 4.472267 3.543307 2.135024 5.073069 2.667747 2.755905 4.532814 3.543307 2.755905 5.511811 4.133858 2.755905 5.154809 2.667747 2.755905 5.511811 1.378533 3.469186 5.417906 4.133858 3.215803 4.472267 4.724409 3.469186 5.417906 1.378533 3.469186 5.417906 0.000000 3.905801 4.747583 5.867542 3.644360 4.294753 4.724409 4.382103 4.382103 7.124585 4.294753 3.644360 8.267716 5.113677 3.387668 8.858268 4.472267 3.215803 8.267716 4.532814 2.755905 9.448818 5.196850 2.755905 8.858268 4.511786 2.285419 10.662947 4.472267 2.296008 9.448818 4.153044 1.949267 11.860420 3.584396 1.927415 12.992126 3.341737 1.741216 12.992126 3.173452 1.197600 11.860420 2.755905 0.978997 9.448818 2.755905 0.938084 10.662947 2.296008 1.039544 9.448818 2.124142 0.398134 8.858268 1.867451 1.217058 8.267716 1.535433 0.641985 8.858268 1.499442 1.499442 8.267716 0.764228 1.606010 7.124585 0.534478 2.160676 5.867542 1.039544 2.296008 4.724409 0.978997 2.755905 4.724409 -0.000000 2.755905 4.133858 0.093905 3.469186 4.133858 1.039544 3.215803 3.543307 1.217058 3.644360 3.543307 0.678394 3.955358 2.667747 0.438742 3.376788 2.667747 0.093905 3.469186 1.378533 -0.000000 2.755905 1.378533 -0.000000 2.755905 0.000000 1.867451 4.294753 3.543307 1.556454 4.833417 2.667747 2.296008 4.472267 3.543307 2.042625 5.417906 4.133858 2.135024 5.073069 2.667747 2.042625 5.417906 1.378533 2.755905 5.511811 4.133858 2.755905 4.532814 4.724409 2.755905 5.511811 1.378533 2.755905 5.511811 0.000000 3.351135 4.977333 5.867542 3.215803 4.472267 4.724409 3.905801 4.747583 7.124585 4.012370 4.012370 8.267716 4.869825 3.976378 8.858268 4.294753 3.644360 8.267716 5.113677 3.387668 8.858268 4.472267 3.215803 9.448818 4.573727 2.755905 10.662947 4.532814 2.755905 9.448818 4.314211 2.338359 11.860420 3.770595 2.170074 12.992126 1.624167 2.452657 12.992126 1.624167 3.059154 12.992126 1.584243 2.755905 12.992126 1.741216 2.170074 12.992126 1.741216 3.341737 12.992126 1.927415 1.927415 12.992126 1.927415 3.584396 12.992126 2.170074 1.741216 12.992126 2.170074 3.770595 12.992126 2.452657 3.887645 12.992126 2.452657 1.624167 12.992126 2.755905 1.584243 12.992126 2.755905 3.927568 12.992126 3.059154 1.624167 12.992126 3.059154 3.887645 12.992126 3.341737 1.741216 12.992126 3.341737 3.770595 12.992126 3.584396 3.584396 12.992126 3.584396 1.927415 12.992126 3.770595 2.170074 12.992126 3.770595 3.341737 12.992126 3.887645 2.452657 12.992126 3.887645 3.059154 12.992126 3.927568 2.755905 12.992126 3.059154 1.624167 12.992126 2.755905 1.142629 11.860420 2.296008 1.039544 9.448818 2.285419 1.000025 10.662947 1.867451 1.217058 9.448818 1.535433 0.641985 8.858268 1.499442 1.499442 8.267716 1.029897 1.029897 8.858268 1.217058 1.867451 8.267716 0.534478 2.160676 7.124585 0.456115 2.755905 5.867542 0.978997 2.755905 4.724409 0.093905 3.469186 4.133858 1.039544 3.215803 4.724409 0.369221 4.133858 4.133858 1.217058 3.644360 3.543307 1.499442 4.012369 3.543307 1.059624 4.452187 2.667747 0.678394 3.955358 2.667747 0.369221 4.133858 1.378533 0.093905 3.469186 1.378533 0.093905 3.469186 0.000000 1.867451 4.294753 3.543307 1.377953 5.142590 4.133858 1.556454 4.833417 2.667747 1.377953 5.142590 1.378533 2.296008 4.472267 4.724409 2.042625 5.417906 4.133858 2.042625 5.417906 1.378533 2.042625 5.417906 0.000000 2.755905 5.055696 5.867542 2.755905 4.532814 4.724409 3.351135 4.977333 7.124585 3.644360 4.294753 8.267716 4.481914 4.481914 8.858268 4.012370 4.012370 8.267716 4.869825 3.976378 8.858268 4.294753 3.644360 9.448818 4.472267 3.215803 9.448818 4.511786 3.226393 10.662947 4.369182 2.755905 11.860420 3.887645 2.452657 12.992126 3.927568 2.755905 12.992126 4.314211 3.173452 11.860420 3.887645 3.059154 12.992126 3.770595 3.341737 12.992126 4.153044 3.562544 11.860420 3.584396 3.584396 12.992126 3.896664 3.896664 11.860420 3.341737 3.770595 12.992126 3.562544 4.153044 11.860420 3.059154 3.887645 12.992126 3.173452 4.314211 11.860420 2.755905 3.927568 12.992126 2.755905 4.369182 11.860420 2.452657 3.887645 12.992126 2.338359 4.314211 11.860420 2.170074 3.770595 12.992126 1.949267 4.153044 11.860420 1.927415 3.584396 12.992126 1.615147 3.896664 11.860420 1.358767 3.562544 11.860420 1.741216 3.341737 12.992126 1.197600 3.173452 11.860420 1.624167 3.059154 12.992126 1.142629 2.755905 11.860420 1.584243 2.755905 12.992126 1.624167 2.452657 12.992126 1.197600 2.338359 11.860420 1.741216 2.170074 12.992126 1.358767 1.949267 11.860420 1.927415 1.927415 12.992126 1.615147 1.615147 11.860420 2.170074 1.741216 12.992126 1.949267 1.358767 11.860420 2.452657 1.624167 12.992126 2.338359 1.197600 11.860420 2.755905 1.584243 12.992126 1.867451 1.217058 9.448818 1.846995 1.181626 10.662947 1.499442 1.499442 9.448818 1.029897 1.029897 8.858268 1.217058 1.867451 8.267716 0.641985 1.535433 8.858268 1.039544 2.296008 8.267716 0.456115 2.755905 7.124585 1.039544 3.215803 4.724409 0.534478 3.351135 5.867542 0.369221 4.133858 4.133858 1.217058 3.644360 4.724409 0.807186 4.704625 4.133858 1.499442 4.012369 3.543307 1.059624 4.452187 2.667747 0.807186 4.704625 1.378533 0.369221 4.133858 1.378533 0.369221 4.133858 0.000000 1.867451 4.294753 4.724409 1.377953 5.142590 4.133858 1.377953 5.142590 1.378533 1.377953 5.142590 0.000000 2.160676 4.977333 5.867542 2.296008 4.472267 4.724409 2.755905 5.055696 7.124585 3.215803 4.472267 8.267716 3.976378 4.869825 8.858268 3.644360 4.294753 8.267716 4.481914 4.481914 8.858268 4.012370 4.012370 9.448818 4.294753 3.644360 9.448818 4.330185 3.664816 10.662947 4.041299 4.041299 10.662947 3.664816 4.330185 10.662947 3.226392 4.511786 10.662947 2.755905 4.573727 10.662947 2.285419 4.511786 10.662947 1.846995 4.330185 10.662947 1.470511 4.041299 10.662947 1.181626 3.664816 10.662947 1.000025 3.226392 10.662947 0.938084 2.755905 10.662947 1.000025 2.285419 10.662947 1.181626 1.846995 10.662947 1.470511 1.470511 10.662947 1.499442 1.499442 9.448818 1.217058 1.867451 9.448818 0.641985 1.535433 8.858268 1.039544 2.296008 8.267716 0.398134 2.124142 8.858268 0.978997 2.755905 8.267716 0.534478 3.351135 7.124585 1.217058 3.644360 4.724409 0.764228 3.905801 5.867542 0.807186 4.704625 4.133858 1.499442 4.012369 4.724409 0.807186 4.704625 1.378533 0.807186 4.704625 0.000000 1.606010 4.747583 5.867542 1.867451 4.294753 4.724409 2.160676 4.977333 7.124585 2.755905 4.532814 8.267716 3.387669 5.113677 8.858268 3.215803 4.472267 8.267716 3.976378 4.869825 8.858268 3.644360 4.294753 9.448818 4.012370 4.012370 9.448818 3.644360 4.294753 9.448818 3.215803 4.472267 9.448818 2.755905 4.532814 9.448818 2.296008 4.472267 9.448818 1.867451 4.294753 9.448818 1.499442 4.012369 9.448818 1.217058 3.644360 9.448818 1.039544 3.215803 9.448818 0.978997 2.755905 9.448818 1.039544 2.296008 9.448818 1.217058 1.867451 9.448818 1.039544 2.296008 9.448818 0.398134 2.124142 8.858268 0.978997 2.755905 8.267716 0.314961 2.755905 8.858268 1.039544 3.215803 8.267716 0.764228 3.905801 7.124585 1.499442 4.012369 4.724409 1.129708 4.382103 5.867542 1.606010 4.747583 7.124585 2.296008 4.472267 8.267716 2.755905 4.532814 8.267716 2.755905 5.196850 8.858268 3.387669 5.113677 8.858268 3.215803 4.472267 9.448818 2.755905 5.196850 8.858268 2.755905 4.532814 9.448818 2.296008 4.472267 9.448818 2.124142 5.113677 8.858268 1.867451 4.294753 9.448818 1.535433 4.869825 8.858268 1.499442 4.012369 9.448818 1.029897 4.481914 8.858268 1.217058 3.644360 9.448818 0.641985 3.976378 8.858268 1.039544 3.215803 9.448818 0.398134 3.387668 8.858268 0.978997 2.755905 9.448818 0.314961 2.755905 8.858268 0.398134 3.387668 8.858268 1.039544 3.215803 8.267716 1.217058 3.644360 8.267716 1.129708 4.382103 7.124585 1.867451 4.294753 8.267716 2.296008 4.472267 8.267716 2.124142 5.113677 8.858268 1.867451 4.294753 8.267716 1.535433 4.869825 8.858268 1.499442 4.012369 8.267716 1.029897 4.481914 8.858268 1.217058 3.644360 8.267716 0.641985 3.976378 8.858268 1.499442 4.012369 8.267716 "
													            />
												</IndexedFaceSet>
											</Shape>
										</Group>
									</Transform>
								</Transform>
							</Transform>
						</Transform>
						<Transform DEF="交互枓_9_012_TRANSFORM"
						           translation="-148.689056 -137.335449 -114.607872"
						           scale="-1.000000 -1.000000 -1.000000"
						           rotation="0.707107 0.707107 -0.000000 3.141593"
						           >
							<Transform DEF="交互枓_9_012_ifs_TRANSFORM"
							           translation="-0.000000 -0.000001 -0.000000"
							           scale="1.000000 1.000000 1.000000"
							           rotation="0.000000 0.000000 0.000000 0.000000"
							           >
								<Group DEF="group_ME_ID192">
									<Shape>
										<Appearance>
										</Appearance>
										<IndexedFaceSet solid="false"
										                coordIndex="0 1 2 -1 3 2 1 -1 4 5 6 -1 6 5 7 -1 8 7 5 -1 9 5 4 -1 10 11 12 -1 13 12 11 -1 14 15 16 -1 16 15 17 -1 17 15 18 -1 19 18 15 -1 20 0 21 -1 2 21 0 -1 22 23 24 -1 25 24 23 -1 26 27 28 -1 27 29 28 -1 28 29 30 -1 29 31 30 -1 32 30 31 -1 33 27 26 -1 34 35 36 -1 37 36 35 -1 38 39 40 -1 40 39 41 -1 41 39 42 -1 43 42 39 -1 44 45 46 -1 47 46 45 -1 48 49 50 -1 50 49 51 -1 52 51 49 -1 53 49 48 -1 54 55 56 -1 57 56 55 -1 58 59 22 -1 23 22 59 -1 60 61 62 -1 62 61 63 -1 64 63 61 -1 65 66 67 -1 67 66 68 -1 69 68 66 -1 70 71 72 -1 73 72 71 -1 74 75 76 -1 77 76 75 -1 78 79 80 -1 81 82 83 -1 83 82 84 -1 84 82 85 -1 85 82 78 -1 82 86 78 -1 79 78 86 -1 87 88 44 -1 45 44 88 -1 89 90 91 -1 92 91 90 -1 93 94 95 -1 96 95 94 -1 97 70 98 -1 72 98 70 -1 99 100 101 -1 100 102 101 -1 102 103 101 -1 104 101 103 -1 91 92 105 -1 106 105 92 -1 95 96 107 -1 108 107 96 -1 109 97 110 -1 98 110 97 -1 100 111 102 -1 111 112 102 -1 112 113 102 -1 103 102 113 -1 105 106 114 -1 115 114 106 -1 107 108 116 -1 117 116 108 -1 118 119 120 -1 121 120 119 -1 111 122 112 -1 122 123 112 -1 113 112 123 -1 "
										                >
											<Coordinate DEF="coords_ME_ID192"
											            point="5.118110 1.574803 3.149606 0.590551 1.574803 3.149606 5.118110 5.511811 3.149606 0.590551 5.511811 3.149606 5.118110 5.511811 3.937008 0.590551 5.511811 3.149606 -0.000000 5.511811 3.937008 -0.000000 5.511811 2.362205 0.590551 5.511811 2.362205 5.118110 5.511811 3.149606 0.590551 5.511811 2.362205 0.590551 5.511811 3.149606 0.590551 1.574803 2.362205 0.590551 1.574803 3.149606 5.118110 1.574803 3.937008 0.000000 1.574803 3.937008 5.118110 1.574803 3.149606 0.590551 1.574803 3.149606 0.590551 1.574803 2.362205 0.000000 1.574803 2.362205 5.708661 1.574803 3.149606 5.708661 5.511811 3.149606 5.118110 7.086615 3.937008 5.118110 5.511811 3.937008 0.000000 7.086615 3.937008 -0.000000 5.511811 3.937008 0.000000 7.086615 3.937008 -0.000000 5.511811 2.362205 0.000000 7.086615 1.574803 0.000000 1.574803 2.362205 0.000000 0.000000 1.574803 0.000000 1.574803 3.937008 0.000000 0.000000 3.937008 -0.000000 5.511811 3.937008 0.590551 1.574803 2.362205 0.000000 1.574803 2.362205 0.590551 5.511811 2.362205 -0.000000 5.511811 2.362205 5.118110 5.511811 3.937008 6.299213 5.511811 3.937008 5.118110 5.511811 3.149606 5.708661 5.511811 3.149606 5.708661 5.511811 2.362205 6.299213 5.511811 2.362205 5.118110 1.574803 3.937008 5.118110 0.000000 3.937008 0.000000 1.574803 3.937008 0.000000 0.000000 3.937008 5.118110 1.574803 3.937008 5.708661 1.574803 3.149606 6.299213 1.574803 3.937008 6.299213 1.574803 2.362205 5.708661 1.574803 2.362205 5.118110 1.574803 3.149606 5.708661 5.511811 3.149606 5.708661 5.511811 2.362205 5.708661 1.574803 3.149606 5.708661 1.574803 2.362205 6.299213 7.086614 3.937008 6.299213 5.511811 3.937008 5.118110 7.086615 3.937008 0.000000 7.086615 3.937008 6.299213 7.086614 3.937008 6.299213 7.086614 1.574803 0.000000 7.086615 1.574803 5.118110 0.000000 3.937008 6.299213 0.000000 3.937008 0.000000 0.000000 3.937008 0.000000 0.000000 1.574803 6.299213 0.000000 1.574803 0.414843 6.671771 1.135672 0.000000 7.086615 1.574803 0.414843 0.414843 1.135672 0.000000 0.000000 1.574803 6.299213 5.511811 2.362205 6.299213 1.574803 2.362205 5.708661 5.511811 2.362205 5.708661 1.574803 2.362205 6.299213 1.574803 2.362205 6.299213 0.000000 3.937008 6.299213 1.574803 3.937008 6.299213 7.086614 1.574803 6.299213 6.299213 1.574803 6.299213 7.086614 3.937008 6.299213 5.511811 3.937008 6.299213 5.511811 2.362205 6.299213 0.000000 1.574803 6.299213 1.574803 3.937008 6.299213 0.000000 3.937008 6.299213 7.086614 1.574803 0.000000 7.086615 1.574803 5.884369 6.671771 1.135672 0.414843 6.671771 1.135672 0.000000 0.000000 1.574803 6.299213 0.000000 1.574803 0.414843 0.414843 1.135672 5.884369 0.414843 1.135672 0.685003 6.401612 0.595353 0.685003 0.685003 0.595353 6.299213 7.086614 1.574803 5.884369 6.671771 1.135672 6.299213 6.299213 1.574803 5.884369 6.299213 1.135672 5.884369 0.414843 1.135672 6.299213 0.000000 1.574803 5.614210 6.401612 0.595353 0.685003 6.401612 0.595353 0.685003 0.685003 0.595353 5.614210 0.685003 0.595353 0.787402 6.299213 0.000000 0.787402 0.787402 0.000000 5.614210 6.401612 0.595353 5.614210 6.299213 0.595353 5.614210 0.685003 0.595353 5.511811 6.299213 0.000000 0.787402 6.299213 0.000000 0.787402 0.787402 0.000000 5.511811 0.787402 0.000000 5.511811 0.787402 0.000000 5.511811 6.299213 0.000000 0.787402 0.787402 0.000000 0.787402 6.299213 0.000000 5.511811 6.299213 0.000000 5.511811 0.787402 0.000000 "
											            />
										</IndexedFaceSet>
									</Shape>
								</Group>
							</Transform>
						</Transform>
						<Transform DEF="交互枓_9_013_TRANSFORM"
						           translation="-137.271729 -155.839386 -114.607872"
						           scale="-1.000000 -1.000000 -1.000000"
						           rotation="1.000000 -0.000000 0.000000 3.141593"
						           >
							<Transform DEF="交互枓_9_013_ifs_TRANSFORM"
							           translation="-0.000000 -0.000001 0.000000"
							           scale="1.000000 1.000000 1.000000"
							           rotation="0.000000 0.000000 0.000000 0.000000"
							           >
								<Group USE="group_ME_ID192" />
							</Transform>
						</Transform>
						<Transform DEF="交互枓_9_014_TRANSFORM"
						           translation="-135.690155 -140.764862 -114.607872"
						           scale="-1.000000 -1.000000 -1.000000"
						           rotation="-0.923880 -0.382683 0.000000 3.141593"
						           >
							<Transform DEF="交互枓_9_014_ifs_TRANSFORM"
							           translation="-0.000000 0.000000 0.000001"
							           scale="1.000000 1.000000 1.000000"
							           rotation="0.000000 0.000000 0.000000 0.000000"
							           >
								<Group USE="group_ME_ID192" />
							</Transform>
						</Transform>
						<Transform DEF="交互枓_9_015_TRANSFORM"
						           translation="-148.689056 -125.524422 -106.350700"
						           scale="-1.000000 -1.000000 -1.000000"
						           rotation="0.707107 0.707107 -0.000000 3.141593"
						           >
							<Transform DEF="交互枓_9_015_ifs_TRANSFORM"
							           translation="-0.000000 -0.000000 -0.000000"
							           scale="1.000000 1.000000 1.000000"
							           rotation="0.000000 0.000000 0.000000 0.000000"
							           >
								<Group USE="group_ME_ID192" />
							</Transform>
						</Transform>
						<Transform DEF="交互枓_9_016_TRANSFORM"
						           translation="-125.460701 -155.839386 -106.350700"
						           scale="-1.000000 -1.000000 -1.000000"
						           rotation="1.000000 -0.000000 0.000000 3.141593"
						           >
							<Transform DEF="交互枓_9_016_ifs_TRANSFORM"
							           translation="-0.000000 -0.000001 -0.000001"
							           scale="1.000000 1.000000 1.000000"
							           rotation="0.000000 0.000000 0.000000 0.000000"
							           >
								<Group USE="group_ME_ID192" />
							</Transform>
						</Transform>
					</Transform>
					<Transform DEF="instance_81_TRANSFORM"
					           translation="221.197693 237.647171 7.127565"
					           scale="1.000000 1.000000 1.000000"
					           rotation="0.000000 0.000000 -1.000000 1.570796"
					           >
						<Transform DEF="instance_81_ifs_TRANSFORM"
						           translation="-0.000002 -0.000002 0.000000"
						           scale="1.000000 1.000000 1.000000"
						           rotation="0.000000 1.000000 0.000000 0.000000"
						           >
							<Group USE="group_ME_ID581" />
						</Transform>
					</Transform>
					<Transform DEF="instance_82_TRANSFORM"
					           translation="221.197693 88.040855 7.127565"
					           scale="1.000000 1.000000 1.000000"
					           rotation="0.000000 0.000000 -1.000000 1.570796"
					           >
						<Transform DEF="instance_82_ifs_TRANSFORM"
						           translation="0.000000 -0.000000 0.000000"
						           scale="1.000000 1.000000 1.000000"
						           rotation="0.000000 1.000000 0.000000 0.000000"
						           >
							<Group USE="group_ME_ID581" />
						</Transform>
					</Transform>
					<Transform DEF="instance_83_TRANSFORM"
					           translation="190.921021 118.409225 125.237793"
					           scale="-1.000000 -1.000000 -1.000000"
					           rotation="-0.000000 1.000000 0.000000 3.141593"
					           >
						<Transform DEF="instance_83_ifs_TRANSFORM"
						           translation="-0.000000 0.000001 -0.000003"
						           scale="1.000000 1.000000 1.000000"
						           rotation="0.000000 1.000000 0.000000 0.000000"
						           >
							<Group USE="group_ME_ID1108" />
						</Transform>
						<Transform DEF="group_71_005_TRANSFORM"
						           translation="-138.608246 81.752769 -120.513390"
						           scale="1.000000 1.000000 1.000000"
						           rotation="-0.000000 -0.000000 -1.000000 3.141593"
						           >
							<Transform DEF="group_71_005_ifs_TRANSFORM"
							           translation="-0.000000 -0.000001 0.000000"
							           scale="1.000000 1.000000 1.000000"
							           rotation="0.000000 1.000000 0.000000 0.000000"
							           >
								<Group USE="group_ME_ID850_001" />
							</Transform>
						</Transform>
						<Transform DEF="group_72_005_TRANSFORM"
						           translation="-150.419266 66.004738 -120.513390"
						           scale="1.000000 1.000000 1.000000"
						           rotation="0.000000 0.000000 1.000000 1.570796"
						           >
							<Transform DEF="group_72_005_ifs_TRANSFORM"
							           translation="0.000000 -0.000001 0.000000"
							           scale="1.000000 1.000000 1.000000"
							           rotation="0.000000 -0.000000 -0.000000 0.000000"
							           >
								<Group USE="group_ME_ID857" />
							</Transform>
						</Transform>
						<Transform DEF="group_73_005_TRANSFORM"
						           translation="-164.926880 60.492928 -112.206299"
						           scale="1.000000 1.000000 1.000000"
						           rotation="0.000000 -0.000000 0.000000 0.000000"
						           >
						</Transform>
						<Transform DEF="group_74_015_TRANSFORM"
						           translation="-166.119659 96.363770 -103.977959"
						           scale="1.000000 1.000000 1.000000"
						           rotation="0.000000 0.000000 1.000000 2.356194"
						           >
							<Transform DEF="group_74_015_ifs_TRANSFORM"
							           translation="0.000004 0.000003 -0.000001"
							           scale="1.000000 1.000000 1.000000"
							           rotation="0.000000 0.000000 0.000000 0.000000"
							           >
								<Group USE="group_ME_ID874" />
							</Transform>
						</Transform>
						<Transform DEF="group_75_005_TRANSFORM"
						           translation="-132.456390 62.700500 -112.251015"
						           scale="1.000000 1.000000 1.000000"
						           rotation="0.000000 0.000000 1.000000 2.356194"
						           >
							<Transform DEF="group_75_005_ifs_TRANSFORM"
							           translation="-0.000001 0.000001 -0.000000"
							           scale="1.000000 1.000000 1.000000"
							           rotation="0.000000 0.000000 0.000000 0.000000"
							           >
								<Group USE="group_ME_ID903" />
							</Transform>
						</Transform>
						<Transform DEF="group_76_005_TRANSFORM"
						           translation="-152.820847 77.815765 -103.988503"
						           scale="1.000000 1.000000 1.000000"
						           rotation="0.000000 -0.000000 0.000000 0.000000"
						           >
							<Transform DEF="group_76_005_ifs_TRANSFORM"
							           translation="-0.000000 -0.000001 -0.000001"
							           scale="1.000000 1.000000 1.000000"
							           rotation="0.000000 0.000000 -0.000000 0.000000"
							           >
								<Group USE="group_ME_ID910" />
							</Transform>
						</Transform>
						<Transform DEF="group_77_005_TRANSFORM"
						           translation="-150.419266 80.217339 -103.988503"
						           scale="-1.000000 -1.000000 -1.000000"
						           rotation="-0.707107 -0.707107 0.000000 3.141593"
						           >
							<Transform DEF="group_77_005_ifs_TRANSFORM"
							           translation="-0.000000 0.000001 0.000000"
							           scale="1.000000 1.000000 1.000000"
							           rotation="0.000000 0.000000 0.000000 0.000000"
							           >
								<Group USE="group_ME_ID917" />
							</Transform>
						</Transform>
						<Transform DEF="group_78_005_TRANSFORM"
						           translation="-166.890121 77.815765 -115.071983"
						           scale="1.000000 1.000000 1.000000"
						           rotation="0.000000 -0.000000 0.000000 0.000000"
						           >
						</Transform>
						<Transform DEF="group_79_005_TRANSFORM"
						           translation="-154.356277 94.286621 -115.071983"
						           scale="1.000000 1.000000 1.000000"
						           rotation="0.000000 -0.000000 -1.000000 1.570796"
						           >
						</Transform>
						<Transform DEF="group_80_005_TRANSFORM"
						           translation="-182.721069 107.397408 -122.385857"
						           scale="1.000000 1.000000 1.000000"
						           rotation="-0.050506 -0.121933 -0.991253 0.791630"
						           >
						</Transform>
						<Transform DEF="group_81_005_TRANSFORM"
						           translation="-181.310089 105.986420 -114.362556"
						           scale="1.000000 1.000000 1.000000"
						           rotation="-0.050506 -0.121933 -0.991253 0.791630"
						           >
							<Transform DEF="group_82_005_TRANSFORM"
							           translation="-12.913174 2.388611 22.959270"
							           scale="-1.000000 -1.000000 -1.000000"
							           rotation="0.382611 -0.923704 -0.019495 3.047533"
							           >
								<Transform DEF="group_82_005_ifs_TRANSFORM"
								           translation="-0.000003 -0.000003 -0.000001"
								           scale="1.000000 1.000000 1.000000"
								           rotation="0.000000 0.000000 0.000000 0.000000"
								           >
									<Group USE="group_ME_ID945" />
								</Transform>
							</Transform>
						</Transform>
						<Transform DEF="group_83_005_TRANSFORM"
						           translation="-166.167297 43.563789 -103.988510"
						           scale="1.000000 1.000000 1.000000"
						           rotation="0.000000 -0.000000 0.000000 0.000000"
						           >
							<Transform DEF="group_84_005_TRANSFORM"
							           translation="10.679347 74.451736 -21.249290"
							           scale="-1.000000 -1.000000 -1.000000"
							           rotation="0.000000 1.000000 0.000000 3.141593"
							           >
								<Transform DEF="group_84_005_ifs_TRANSFORM"
								           translation="-0.000001 -0.000003 0.000000"
								           scale="1.000000 1.000000 1.000000"
								           rotation="-0.000000 0.000000 0.000000 0.000000"
								           >
									<Group USE="group_ME_ID961" />
								</Transform>
							</Transform>
							<Transform DEF="group_85_005_TRANSFORM"
							           translation="24.852571 64.215523 -21.249290"
							           scale="-1.000000 -1.000000 -1.000000"
							           rotation="-0.707107 -0.707107 0.000000 3.141593"
							           >
								<Transform DEF="group_85_005_ifs_TRANSFORM"
								           translation="-0.000003 0.000000 -0.000000"
								           scale="1.000000 1.000000 1.000000"
								           rotation="0.000000 -0.000000 0.000000 0.000000"
								           >
									<Group USE="group_ME_ID968" />
								</Transform>
							</Transform>
						</Transform>
						<Transform DEF="group_86_005_TRANSFORM"
						           translation="-170.498001 56.555920 -103.923668"
						           scale="1.000000 1.000000 1.000000"
						           rotation="0.000000 -0.000000 0.000000 0.000000"
						           >
						</Transform>
						<Transform DEF="group_87_005_TRANSFORM"
						           translation="-154.356277 97.894501 -112.245674"
						           scale="1.000000 1.000000 1.000000"
						           rotation="0.000000 -0.000000 -1.000000 1.570796"
						           >
							<Transform DEF="group_87_005_ifs_TRANSFORM"
							           translation="-0.000000 0.000001 0.000000"
							           scale="1.000000 1.000000 1.000000"
							           rotation="0.000000 0.000000 -0.000000 0.000000"
							           >
								<Group USE="group_ME_ID985" />
							</Transform>
						</Transform>
						<Transform DEF="group_88_005_TRANSFORM"
						           translation="-170.498001 77.815765 -112.245674"
						           scale="1.000000 1.000000 1.000000"
						           rotation="0.000000 -0.000000 0.000000 0.000000"
						           >
							<Transform DEF="group_88_005_ifs_TRANSFORM"
							           translation="-0.000002 0.000000 0.000000"
							           scale="1.000000 1.000000 1.000000"
							           rotation="0.000000 0.000000 -0.000000 0.000000"
							           >
								<Group USE="group_ME_ID992" />
							</Transform>
						</Transform>
						<Transform DEF="group_89_005_TRANSFORM"
						           translation="-121.699409 49.095913 -101.994827"
						           scale="-1.000000 -1.000000 -1.000000"
						           rotation="-0.000000 1.000000 0.000000 3.141593"
						           >
							<Transform DEF="group_90_005_TRANSFORM"
							           translation="-69.221626 -59.848106 -23.242970"
							           scale="-1.000000 -1.000000 -1.000000"
							           rotation="-0.000000 1.000000 -0.000000 3.141593"
							           >
							</Transform>
							<Transform DEF="group_91_005_TRANSFORM"
							           translation="-69.221626 -59.848106 -23.242970"
							           scale="-1.000000 -1.000000 -1.000000"
							           rotation="-0.000000 1.000000 -0.000000 3.141593"
							           >
								<Transform DEF="group_92_005_TRANSFORM"
								           translation="1.976699 7.488508 2.362205"
								           scale="-1.000000 -1.000000 -1.000000"
								           rotation="0.000000 1.000000 0.000000 3.141593"
								           >
									<Transform DEF="group_92_005_ifs_TRANSFORM"
									           translation="-0.000000 0.000002 -0.000000"
									           scale="1.000000 1.000000 1.000000"
									           rotation="-0.000000 0.000000 0.000000 0.000000"
									           >
										<Group USE="group_ME_ID1010" />
									</Transform>
								</Transform>
							</Transform>
						</Transform>
						<Transform DEF="交互枓_9_017_TRANSFORM"
						           translation="-137.427139 76.240959 -114.607872"
						           scale="-1.000000 -1.000000 -1.000000"
						           rotation="1.000000 -0.000000 0.000000 3.141593"
						           >
							<Transform DEF="交互枓_9_017_ifs_TRANSFORM"
							           translation="0.000000 0.000000 0.000000"
							           scale="1.000000 1.000000 1.000000"
							           rotation="-0.000000 0.000000 0.000000 0.000000"
							           >
								<Group USE="group_ME_ID192" />
							</Transform>
						</Transform>
						<Transform DEF="交互枓_9_018_TRANSFORM"
						           translation="-155.931076 64.823639 -114.607880"
						           scale="-1.000000 -1.000000 -1.000000"
						           rotation="-0.707107 0.707107 0.000000 3.141593"
						           >
							<Transform DEF="交互枓_9_018_ifs_TRANSFORM"
							           translation="0.000000 0.000001 -0.000000"
							           scale="1.000000 1.000000 1.000000"
							           rotation="0.000000 0.000000 0.000000 0.000000"
							           >
								<Group USE="group_ME_ID192" />
							</Transform>
						</Transform>
						<Transform DEF="交互枓_9_019_TRANSFORM"
						           translation="-140.856567 63.242062 -114.607872"
						           scale="-1.000000 -1.000000 -1.000000"
						           rotation="-0.923880 0.382683 0.000000 3.141593"
						           >
							<Transform DEF="交互枓_9_019_ifs_TRANSFORM"
							           translation="0.000001 -0.000001 -0.000001"
							           scale="1.000000 1.000000 1.000000"
							           rotation="-0.000000 -0.000000 0.000000 0.000000"
							           >
								<Group USE="group_ME_ID192" />
							</Transform>
						</Transform>
						<Transform DEF="交互枓_9_020_TRANSFORM"
						           translation="-125.616119 76.240959 -106.350708"
						           scale="-1.000000 -1.000000 -1.000000"
						           rotation="1.000000 -0.000000 0.000000 3.141593"
						           >
							<Transform DEF="交互枓_9_020_ifs_TRANSFORM"
							           translation="0.000000 0.000000 0.000000"
							           scale="1.000000 1.000000 1.000000"
							           rotation="-0.000000 0.000000 0.000000 0.000000"
							           >
								<Group USE="group_ME_ID192" />
							</Transform>
						</Transform>
						<Transform DEF="交互枓_9_021_TRANSFORM"
						           translation="-155.931076 53.012611 -106.350708"
						           scale="-1.000000 -1.000000 -1.000000"
						           rotation="-0.707107 0.707107 0.000000 3.141593"
						           >
							<Transform DEF="交互枓_9_021_ifs_TRANSFORM"
							           translation="0.000000 -0.000000 0.000001"
							           scale="1.000000 1.000000 1.000000"
							           rotation="0.000000 0.000000 0.000000 0.000000"
							           >
								<Group USE="group_ME_ID192" />
							</Transform>
						</Transform>
					</Transform>
				</Transform>
				<Transform DEF="group_15_001_TRANSFORM"
				           translation="309.238556 309.238556 0.000000"
				           scale="1.000000 1.000000 1.000000"
				           rotation="0.000000 0.000000 1.000000 3.141593"
				           >
					<Transform DEF="group_15_001_ifs_TRANSFORM"
					           translation="-0.000001 0.000002 0.000000"
					           scale="1.000000 1.000000 1.000000"
					           rotation="0.000000 1.000000 0.000000 0.000000"
					           >
						<Group DEF="group_ME_ID1119">
						</Group>
					</Transform>
				</Transform>
				<Transform DEF="group_93_TRANSFORM"
				           translation="128.673141 198.509415 125.237793"
				           scale="1.000000 1.000000 1.000000"
				           rotation="-0.000000 -0.000000 -1.000000 3.141593"
				           >
					<Transform DEF="instance_0_001_TRANSFORM"
					           translation="15.424304 0.000000 0.000000"
					           scale="1.000000 1.000000 1.000000"
					           rotation="0.000000 1.000000 0.000000 0.000000"
					           >
						<Transform DEF="group_8_003_TRANSFORM"
						           translation="16.071753 31.102360 4.724411"
						           scale="-1.000000 -1.000000 -1.000000"
						           rotation="-0.000000 1.000000 -0.000000 3.141593"
						           >
							<Transform DEF="group_9_003_TRANSFORM"
							           translation="-30.314964 23.228346 1.181112"
							           scale="-1.000000 -1.000000 -1.000000"
							           rotation="-0.000000 1.000000 -0.000000 3.141593"
							           >
								<Transform DEF="group_9_003_ifs_TRANSFORM"
								           translation="-0.000000 0.000001 0.000005"
								           scale="1.000000 1.000000 1.000000"
								           rotation="0.000000 1.000000 0.000000 0.000000"
								           >
									<Group USE="group_ME_ID90_001" />
								</Transform>
							</Transform>
							<Transform DEF="group_10_003_TRANSFORM"
							           translation="-30.314964 14.566932 1.181112"
							           scale="1.000000 1.000000 1.000000"
							           rotation="0.000000 -0.000000 0.000000 0.000000"
							           >
								<Transform DEF="group_10_003_ifs_TRANSFORM"
								           translation="-0.000003 -0.000001 -0.000005"
								           scale="1.000000 1.000000 1.000000"
								           rotation="0.000000 1.000000 0.000000 0.000000"
								           >
									<Group USE="group_ME_ID97_001" />
								</Transform>
							</Transform>
						</Transform>
						<Transform DEF="group_11_003_TRANSFORM"
						           translation="16.071753 37.007870 12.992126"
						           scale="-1.000000 -1.000000 -1.000000"
						           rotation="-0.000000 1.000000 -0.000000 3.141593"
						           >
							<Transform DEF="group_12_003_TRANSFORM"
							           translation="-31.496061 0.787402 -12.992122"
							           scale="-1.000000 -1.000000 -1.000000"
							           rotation="0.707107 -0.707107 -0.000000 3.141593"
							           >
								<Transform DEF="group_12_003_ifs_TRANSFORM"
								           translation="0.000003 0.000007 -0.000002"
								           scale="1.000000 1.000000 1.000000"
								           rotation="0.000000 0.000000 -0.000000 0.000000"
								           >
									<Group USE="group_ME_ID113" />
								</Transform>
							</Transform>
							<Transform DEF="group_13_003_TRANSFORM"
							           translation="-30.314964 17.322832 -7.086604"
							           scale="-1.000000 -1.000000 -1.000000"
							           rotation="-0.000000 1.000000 -0.000000 3.141593"
							           >
								<Transform DEF="group_13_003_ifs_TRANSFORM"
								           translation="-0.000007 0.000001 0.000005"
								           scale="1.000000 1.000000 1.000000"
								           rotation="0.000000 1.000000 0.000000 0.000000"
								           >
									<Group USE="group_ME_ID120" />
								</Transform>
							</Transform>
							<Transform DEF="group_14_003_TRANSFORM"
							           translation="-30.314964 20.472437 -7.086604"
							           scale="1.000000 1.000000 1.000000"
							           rotation="0.000000 -0.000000 0.000000 0.000000"
							           >
								<Transform DEF="group_14_003_ifs_TRANSFORM"
								           translation="-0.000003 -0.000001 -0.000005"
								           scale="1.000000 1.000000 1.000000"
								           rotation="0.000000 1.000000 0.000000 0.000000"
								           >
									<Group USE="group_ME_ID127" />
								</Transform>
							</Transform>
						</Transform>
					</Transform>
					<Transform DEF="instance_31_001_TRANSFORM"
					           translation="15.424308 49.881889 0.000000"
					           scale="1.000000 1.000000 1.000000"
					           rotation="0.000000 1.000000 0.000000 0.000000"
					           >
						<Transform DEF="group_8_004_TRANSFORM"
						           translation="16.071768 -18.779531 4.724411"
						           scale="-1.000000 -1.000000 -1.000000"
						           rotation="-0.000000 1.000000 -0.000000 3.141593"
						           >
							<Transform DEF="group_9_004_TRANSFORM"
							           translation="-30.314964 23.228346 1.181112"
							           scale="-1.000000 -1.000000 -1.000000"
							           rotation="-0.000000 1.000000 -0.000000 3.141593"
							           >
								<Transform DEF="group_9_004_ifs_TRANSFORM"
								           translation="-0.000000 0.000001 0.000005"
								           scale="1.000000 1.000000 1.000000"
								           rotation="0.000000 1.000000 0.000000 0.000000"
								           >
									<Group USE="group_ME_ID90_001" />
								</Transform>
							</Transform>
							<Transform DEF="group_10_004_TRANSFORM"
							           translation="-30.314964 14.566932 1.181112"
							           scale="1.000000 1.000000 1.000000"
							           rotation="0.000000 -0.000000 0.000000 0.000000"
							           >
								<Transform DEF="group_10_004_ifs_TRANSFORM"
								           translation="-0.000003 -0.000001 -0.000005"
								           scale="1.000000 1.000000 1.000000"
								           rotation="0.000000 1.000000 0.000000 0.000000"
								           >
									<Group USE="group_ME_ID97_001" />
								</Transform>
							</Transform>
						</Transform>
						<Transform DEF="group_11_004_TRANSFORM"
						           translation="16.071768 -12.874021 12.992126"
						           scale="-1.000000 -1.000000 -1.000000"
						           rotation="-0.000000 1.000000 -0.000000 3.141593"
						           >
							<Transform DEF="group_12_004_TRANSFORM"
							           translation="-31.496061 0.787402 -12.992122"
							           scale="-1.000000 -1.000000 -1.000000"
							           rotation="0.707107 -0.707107 -0.000000 3.141593"
							           >
								<Transform DEF="group_12_004_ifs_TRANSFORM"
								           translation="0.000003 0.000007 -0.000002"
								           scale="1.000000 1.000000 1.000000"
								           rotation="0.000000 0.000000 -0.000000 0.000000"
								           >
									<Group USE="group_ME_ID113" />
								</Transform>
							</Transform>
							<Transform DEF="group_13_004_TRANSFORM"
							           translation="-30.314964 17.322832 -7.086604"
							           scale="-1.000000 -1.000000 -1.000000"
							           rotation="-0.000000 1.000000 -0.000000 3.141593"
							           >
								<Transform DEF="group_13_004_ifs_TRANSFORM"
								           translation="-0.000007 0.000001 0.000005"
								           scale="1.000000 1.000000 1.000000"
								           rotation="0.000000 1.000000 0.000000 0.000000"
								           >
									<Group USE="group_ME_ID120" />
								</Transform>
							</Transform>
							<Transform DEF="group_14_004_TRANSFORM"
							           translation="-30.314964 20.472437 -7.086604"
							           scale="1.000000 1.000000 1.000000"
							           rotation="0.000000 -0.000000 0.000000 0.000000"
							           >
								<Transform DEF="group_14_004_ifs_TRANSFORM"
								           translation="-0.000003 -0.000001 -0.000005"
								           scale="1.000000 1.000000 1.000000"
								           rotation="0.000000 1.000000 0.000000 0.000000"
								           >
									<Group USE="group_ME_ID127" />
								</Transform>
							</Transform>
						</Transform>
					</Transform>
				</Transform>
				<Transform DEF="group_94_TRANSFORM"
				           translation="149.051514 154.619278 171.682678"
				           scale="1.000000 1.000000 1.000000"
				           rotation="0.000000 0.000000 -1.000000 0.785398"
				           >
					<Transform DEF="group_94_ifs_TRANSFORM"
					           translation="-0.000005 -0.000004 0.000000"
					           scale="1.000000 1.000000 1.000000"
					           rotation="0.000000 1.000000 0.000000 0.000000"
					           >
						<Group DEF="group_ME_ID1127">
							<Shape>
								<Appearance>
									<Material USE="MA_material_001" />
								</Appearance>
								<IndexedFaceSet solid="false"
								                coordIndex="0 1 2 -1 1 0 3 -1 1 3 4 -1 4 3 5 -1 5 3 6 -1 5 6 7 -1 5 7 8 -1 8 7 9 -1 9 7 10 -1 9 10 11 -1 11 10 12 -1 12 10 13 -1 12 13 14 -1 14 13 15 -1 15 13 16 -1 16 13 17 -1 16 17 18 -1 18 17 19 -1 18 19 20 -1 20 19 21 -1 21 19 22 -1 21 22 23 -1 23 22 24 -1 24 22 25 -1 24 25 26 -1 26 25 27 -1 5 28 29 -1 28 5 8 -1 29 28 30 -1 29 30 31 -1 29 31 32 -1 32 31 33 -1 32 33 34 -1 32 34 35 -1 35 34 36 -1 35 36 37 -1 35 37 38 -1 38 37 39 -1 38 39 40 -1 40 39 41 -1 40 41 42 -1 40 42 43 -1 43 42 44 -1 43 44 27 -1 43 27 25 -1 43 25 45 -1 43 45 46 -1 46 45 47 -1 47 45 48 -1 47 48 49 -1 50 51 52 -1 51 50 53 -1 54 51 55 -1 51 54 52 -1 56 55 57 -1 55 56 54 -1 58 57 59 -1 57 58 56 -1 60 59 61 -1 59 60 58 -1 62 61 63 -1 61 62 60 -1 64 63 65 -1 63 64 62 -1 66 64 65 -1 64 66 67 -1 68 67 66 -1 67 68 69 -1 70 69 68 -1 69 70 71 -1 72 71 70 -1 71 72 73 -1 74 73 72 -1 73 74 75 -1 76 75 74 -1 75 76 77 -1 78 76 79 -1 76 78 77 -1 80 79 81 -1 79 80 78 -1 82 81 83 -1 81 82 80 -1 84 83 85 -1 83 84 82 -1 86 85 87 -1 85 86 84 -1 88 87 89 -1 87 88 86 -1 88 90 91 -1 90 88 89 -1 91 92 93 -1 92 91 90 -1 93 94 95 -1 94 93 92 -1 95 96 97 -1 96 95 94 -1 97 98 99 -1 98 97 96 -1 99 100 101 -1 100 99 98 -1 102 103 104 -1 103 102 105 -1 105 102 106 -1 105 106 107 -1 105 107 108 -1 108 107 109 -1 109 107 110 -1 110 107 111 -1 110 111 112 -1 112 111 113 -1 112 113 114 -1 114 113 115 -1 114 115 116 -1 114 116 117 -1 117 116 118 -1 117 118 119 -1 119 118 120 -1 119 120 121 -1 121 120 122 -1 122 120 123 -1 122 123 124 -1 122 124 125 -1 125 124 126 -1 "
								                >
									<Coordinate DEF="coords_ME_ID1127"
									            point="0.134150 2.918035 98.244331 0.134150 4.955980 98.244331 -0.000000 3.937008 98.244331 0.527459 1.968504 98.244331 0.527459 5.905512 98.244331 1.153123 6.720892 98.244331 0.807588 1.603432 98.244331 1.153123 1.153123 98.244331 1.512208 3.937008 98.244331 1.594831 3.309423 98.244331 1.968504 0.527459 98.244331 1.837070 2.724608 98.244331 1.997040 2.516130 98.244331 2.918035 0.134150 98.244331 2.222415 2.222415 98.244331 2.724608 1.837070 98.244331 3.309423 1.594831 98.244331 3.937008 0.000000 98.244331 3.937008 1.512208 98.244331 4.955980 0.134150 98.244331 4.564592 1.594831 98.244331 5.149408 1.837070 98.244331 5.905512 0.527459 98.244331 5.651600 2.222415 98.244331 6.036946 2.724608 98.244331 6.720892 1.153123 98.244331 6.279185 3.309423 98.244331 6.361808 3.937008 98.244331 1.594831 4.564592 98.244331 1.968504 7.346557 98.244331 1.837070 5.149408 98.244331 2.222415 5.651600 98.244331 2.918035 7.739866 98.244331 2.724608 6.036946 98.244331 3.309423 6.279185 98.244331 3.937008 7.874016 98.244331 3.937008 6.361807 98.244331 4.564592 6.279185 98.244331 4.955980 7.739866 98.244331 5.149408 6.036946 98.244331 5.905512 7.346557 98.244331 5.651600 5.651600 98.244331 6.036946 5.149408 98.244331 6.720892 6.720892 98.244331 6.279185 4.564592 98.244331 7.346557 1.968504 98.244331 7.346557 5.905512 98.244331 7.739866 4.955980 98.244331 7.739866 2.918035 98.244331 7.874016 3.937008 98.244331 0.807588 1.603432 98.244331 1.153123 1.153123 20.629921 1.153123 1.153123 98.244331 0.807588 1.603432 20.629921 1.968504 0.527459 98.244331 1.968504 0.527459 20.629921 2.918035 0.134150 98.244331 2.918035 0.134150 20.629921 3.937008 0.000000 98.244331 3.937008 0.000000 20.629921 4.955980 0.134150 98.244331 4.955980 0.134150 20.629921 5.905512 0.527459 98.244331 5.905512 0.527459 20.629921 6.720892 1.153123 98.244331 6.720892 1.153123 20.629921 7.346557 1.968504 20.629921 7.346557 1.968504 98.244331 7.739866 2.918035 20.629921 7.739866 2.918035 98.244331 7.874016 3.937008 20.629921 7.874016 3.937008 98.244331 7.739866 4.955980 20.629921 7.739866 4.955980 98.244331 7.346557 5.905512 20.629921 7.346557 5.905512 98.244331 6.720892 6.720892 20.629921 6.720892 6.720892 98.244331 5.905512 7.346557 98.244331 5.905512 7.346557 20.629921 4.955980 7.739866 98.244331 4.955980 7.739866 20.629921 3.937008 7.874016 98.244331 3.937008 7.874016 20.629921 2.918035 7.739866 98.244331 2.918035 7.739866 20.629921 1.968504 7.346557 98.244331 1.968504 7.346557 20.629921 1.153123 6.720892 98.244331 1.153123 6.720892 20.629921 0.527459 5.905512 20.629921 0.527459 5.905512 98.244331 0.134150 4.955980 20.629921 0.134150 4.955980 98.244331 -0.000000 3.937008 20.629921 -0.000000 3.937008 98.244331 0.134150 2.918035 20.629921 0.134150 2.918035 98.244331 0.527459 1.968504 20.629921 0.527459 1.968504 98.244331 0.807588 1.603432 20.629921 0.807588 1.603432 98.244331 0.134150 4.955980 20.629921 0.134150 2.918035 20.629921 -0.000000 3.937008 20.629921 0.527459 1.968504 20.629921 0.527459 5.905512 20.629921 1.153123 6.720892 20.629921 0.807588 1.603432 20.629921 1.153123 1.153123 20.629921 1.968504 0.527459 20.629921 1.968504 7.346557 20.629921 2.918035 0.134150 20.629921 2.918035 7.739866 20.629921 3.937008 0.000000 20.629921 3.937008 7.874016 20.629921 4.955980 7.739866 20.629921 4.955980 0.134150 20.629921 5.905512 7.346557 20.629921 5.905512 0.527459 20.629921 6.720892 6.720892 20.629921 6.720892 1.153123 20.629921 7.346557 1.968504 20.629921 7.346557 5.905512 20.629921 7.739866 4.955980 20.629921 7.739866 2.918035 20.629921 7.874016 3.937008 20.629921 "
									            />
								</IndexedFaceSet>
							</Shape>
						</Group>
					</Transform>
				</Transform>
				<Transform DEF="group_94_001_TRANSFORM"
				           translation="149.051514 154.619278 171.682678"
				           scale="1.000000 1.000000 1.000000"
				           rotation="0.000000 0.000000 -1.000000 0.785398"
				           >
					<Transform DEF="group_94_001_ifs_TRANSFORM"
					           translation="-0.000005 -0.000004 0.000000"
					           scale="1.000000 1.000000 1.000000"
					           rotation="0.000000 1.000000 0.000000 0.000000"
					           >
						<Group DEF="group_ME_ID1133">
							<Shape>
								<Appearance>
									<Material USE="MA_material_001" />
								</Appearance>
								<IndexedFaceSet solid="false"
								                coordIndex="0 1 2 -1 1 0 3 -1 1 3 4 -1 4 3 5 -1 5 3 6 -1 5 6 7 -1 5 7 8 -1 8 7 9 -1 8 9 10 -1 10 9 11 -1 10 11 12 -1 10 12 13 -1 13 12 14 -1 14 12 15 -1 14 15 16 -1 14 16 17 -1 17 16 18 -1 17 18 19 -1 19 18 20 -1 20 18 21 -1 20 21 22 -1 22 21 23 -1 22 23 24 -1 25 26 27 -1 26 25 28 -1 29 27 30 -1 27 29 25 -1 31 30 32 -1 30 31 29 -1 33 32 34 -1 32 33 31 -1 35 34 36 -1 34 35 33 -1 37 36 38 -1 36 37 35 -1 37 39 40 -1 39 37 38 -1 40 41 42 -1 41 40 39 -1 42 43 44 -1 43 42 41 -1 44 45 46 -1 45 44 43 -1 46 47 48 -1 47 46 45 -1 48 49 50 -1 49 48 47 -1 51 52 53 -1 52 51 54 -1 55 52 56 -1 52 55 53 -1 57 56 58 -1 56 57 55 -1 59 58 60 -1 58 59 57 -1 61 60 62 -1 60 61 59 -1 63 62 64 -1 62 63 61 -1 65 64 66 -1 64 65 63 -1 67 65 66 -1 65 67 68 -1 69 68 67 -1 68 69 70 -1 71 70 69 -1 70 71 72 -1 73 72 71 -1 72 73 74 -1 75 74 73 -1 74 75 76 -1 26 76 75 -1 76 26 28 -1 "
								                >
									<Coordinate DEF="coords_ME_ID1133"
									            point="1.594831 3.309423 117.890007 1.594831 4.564592 117.890007 1.512208 3.937008 117.890007 1.837070 2.724608 117.890007 1.837070 5.149408 117.890007 2.222415 5.651600 117.890007 1.997040 2.516130 117.890007 2.222415 2.222415 117.890007 2.724608 6.036946 117.890007 2.724608 1.837070 117.890007 3.309423 6.279185 117.890007 3.309423 1.594831 117.890007 3.937008 1.512208 117.890007 3.937008 6.361807 117.890007 4.564592 6.279185 117.890007 4.564592 1.594831 117.890007 5.149408 1.837070 117.890007 5.149408 6.036946 117.890007 5.651600 2.222415 117.890007 5.651600 5.651600 117.890007 6.036946 5.149408 117.890007 6.036946 2.724608 117.890007 6.279185 4.564592 117.890007 6.279185 3.309423 117.890007 6.361808 3.937008 117.890007 5.149408 6.036946 117.890007 5.651600 5.651600 98.244331 5.149408 6.036946 98.244331 5.651600 5.651600 117.890007 4.564592 6.279185 117.890007 4.564592 6.279185 98.244331 3.937008 6.361807 117.890007 3.937008 6.361807 98.244331 3.309423 6.279185 117.890007 3.309423 6.279185 98.244331 2.724608 6.036946 117.890007 2.724608 6.036946 98.244331 2.222415 5.651600 117.890007 2.222415 5.651600 98.244331 1.837070 5.149408 98.244331 1.837070 5.149408 117.890007 1.594831 4.564592 98.244331 1.594831 4.564592 117.890007 1.512208 3.937008 98.244331 1.512208 3.937008 117.890007 1.594831 3.309423 98.244331 1.594831 3.309423 117.890007 1.837070 2.724608 98.244331 1.837070 2.724608 117.890007 1.997040 2.516130 98.244331 1.997040 2.516130 117.890007 1.997040 2.516130 117.890007 2.222415 2.222415 98.244331 2.222415 2.222415 117.890007 1.997040 2.516130 98.244331 2.724608 1.837070 117.890007 2.724608 1.837070 98.244331 3.309423 1.594831 117.890007 3.309423 1.594831 98.244331 3.937008 1.512208 117.890007 3.937008 1.512208 98.244331 4.564592 1.594831 117.890007 4.564592 1.594831 98.244331 5.149408 1.837070 117.890007 5.149408 1.837070 98.244331 5.651600 2.222415 117.890007 5.651600 2.222415 98.244331 6.036946 2.724608 98.244331 6.036946 2.724608 117.890007 6.279185 3.309423 98.244331 6.279185 3.309423 117.890007 6.361808 3.937008 98.244331 6.361808 3.937008 117.890007 6.279185 4.564592 98.244331 6.279185 4.564592 117.890007 6.036946 5.149408 98.244331 6.036946 5.149408 117.890007 "
									            />
								</IndexedFaceSet>
							</Shape>
						</Group>
					</Transform>
				</Transform>
				<Transform DEF="group_95_TRANSFORM"
				           translation="102.622787 108.190567 191.281494"
				           scale="1.000000 1.000000 1.000000"
				           rotation="0.000000 0.000000 -1.000000 0.785398"
				           >
					<Transform DEF="group_95_ifs_TRANSFORM"
					           translation="0.000003 -0.000008 0.000015"
					           scale="1.000000 1.000000 1.000000"
					           rotation="0.000000 1.000000 0.000000 0.000000"
					           >
						<Group DEF="group_ME_ID1161">
						</Group>
					</Transform>
					<Transform DEF="group_2_003_TRANSFORM"
					           translation="0.590549 -0.000786 -4.171371"
					           scale="1.000000 1.000000 1.000000"
					           rotation="0.000000 1.000000 0.000000 0.000000"
					           >
						<Transform DEF="group_2_003_ifs_TRANSFORM"
						           translation="-0.000006 -0.000008 0.000015"
						           scale="1.000000 1.000000 1.000000"
						           rotation="0.000000 1.000000 0.000000 0.000000"
						           >
							<Group DEF="group_ME_ID1141">
								<Shape>
									<Appearance>
										<Material USE="MA_material_001" />
									</Appearance>
									<IndexedFaceSet solid="false"
									                coordIndex="0 1 2 -1 1 0 3 -1 4 5 6 -1 5 4 7 -1 8 9 10 -1 9 8 11 -1 12 13 14 -1 13 12 15 -1 16 17 18 -1 17 16 19 -1 20 21 22 -1 21 20 23 -1 "
									                >
										<Coordinate DEF="coords_ME_ID1141"
										            point="0.000000 69.597900 73.942406 6.737959 73.778160 69.771011 0.000000 73.778931 69.771790 6.737959 69.597122 73.941628 6.737959 69.597122 73.941628 0.000000 0.000776 4.171392 6.706017 0.000000 4.170614 0.000000 69.597900 73.942406 6.706017 4.181035 0.000000 6.737959 69.597122 73.941628 6.706017 0.000000 4.170614 6.737959 73.778160 69.771011 0.000000 4.181811 0.000778 6.737959 73.778160 69.771011 6.706017 4.181035 0.000000 0.000000 73.778931 69.771790 0.000000 69.597900 73.942406 0.000000 4.181811 0.000778 0.000000 0.000776 4.171392 0.000000 73.778931 69.771790 6.706017 4.181035 0.000000 0.000000 0.000776 4.171392 0.000000 4.181811 0.000778 6.706017 0.000000 4.170614 "
										            />
									</IndexedFaceSet>
								</Shape>
							</Group>
						</Transform>
					</Transform>
					<Transform DEF="group_3_003_TRANSFORM"
					           translation="0.592212 -34.799263 -13.661499"
					           scale="1.000000 1.000000 1.000000"
					           rotation="0.000000 1.000000 0.000000 0.000000"
					           >
						<Transform DEF="group_3_003_ifs_TRANSFORM"
						           translation="0.000002 0.000008 0.000000"
						           scale="1.000000 1.000000 1.000000"
						           rotation="0.000000 1.000000 0.000000 0.000000"
						           >
							<Group DEF="group_ME_ID1148">
								<Shape>
									<Appearance>
										<Material USE="MA_material_001" />
									</Appearance>
									<IndexedFaceSet solid="false"
									                coordIndex="0 1 2 -1 3 4 5 -1 4 3 6 -1 7 8 9 -1 10 11 12 -1 13 14 15 -1 14 13 16 -1 16 13 17 -1 17 13 18 -1 19 20 21 -1 22 23 24 -1 23 22 25 -1 26 27 28 -1 27 26 29 -1 30 31 32 -1 31 30 33 -1 34 35 36 -1 35 34 37 -1 38 39 40 -1 39 38 41 -1 42 43 44 -1 43 42 45 -1 43 45 46 -1 "
									                >
										<Coordinate DEF="coords_ME_ID1148"
										            point="3.328825 72.729904 43.540516 3.322635 51.115170 30.018301 3.325192 72.729759 43.540424 3.325192 69.597679 48.546936 3.328825 72.729904 43.540516 3.325192 72.729759 43.540424 3.328825 69.597816 48.547024 3.328825 72.729904 43.540516 3.328825 69.597816 48.547024 3.322635 51.115170 30.018301 3.325192 72.729759 43.540424 3.322635 51.115170 30.018301 3.325192 69.597679 48.546936 6.692923 0.000000 5.006510 0.008233 69.597961 48.547112 0.000000 0.000837 5.007033 3.325192 69.597679 48.546936 3.328825 69.597816 48.547024 6.712856 69.597122 48.546589 3.328825 69.597816 48.547024 3.322635 51.115170 30.018301 3.325192 69.597679 48.546936 3.322635 51.115170 30.018301 6.712856 69.597122 48.546589 6.706665 51.114475 30.017866 3.328825 69.597816 48.547024 0.005676 51.115452 30.018478 3.325192 69.597679 48.546936 3.322635 51.115170 30.018301 0.008233 69.597961 48.547112 0.008233 69.597961 48.547112 0.000000 3.132918 0.000524 0.000000 0.000837 5.007033 0.005676 51.115452 30.018478 6.692923 0.000000 5.006510 0.000000 3.132918 0.000524 6.692923 3.132081 0.000000 0.000000 0.000837 5.007033 6.692923 3.132081 0.000000 6.712856 69.597122 48.546589 6.692923 0.000000 5.006510 6.706665 51.114475 30.017866 0.005676 51.115452 30.018478 6.692923 3.132081 0.000000 0.000000 3.132918 0.000524 3.322635 51.115170 30.018301 6.706665 51.114475 30.017866 "
										            />
									</IndexedFaceSet>
								</Shape>
							</Group>
						</Transform>
					</Transform>
					<Transform DEF="group_4_003_TRANSFORM"
					           translation="0.590487 -69.597130 -15.272415"
					           scale="1.000000 1.000000 1.000000"
					           rotation="0.000000 1.000000 0.000000 0.000000"
					           >
						<Transform DEF="group_4_003_ifs_TRANSFORM"
						           translation="-0.000006 -0.000008 0.000000"
						           scale="1.000000 1.000000 1.000000"
						           rotation="0.000000 1.000000 0.000000 0.000000"
						           >
							<Group DEF="group_ME_ID1155">
								<Shape>
									<Appearance>
										<Material USE="MA_material_001" />
									</Appearance>
									<IndexedFaceSet solid="false"
									                coordIndex="0 1 2 -1 1 0 3 -1 4 5 6 -1 5 4 7 -1 8 9 10 -1 9 8 11 -1 12 13 14 -1 13 12 15 -1 16 17 18 -1 17 16 19 -1 20 21 22 -1 21 20 23 -1 "
									                >
										<Coordinate DEF="coords_ME_ID1155"
										            point="6.694044 28.160484 5.107891 6.704701 69.597122 28.386341 6.691706 0.000000 0.000000 6.696313 40.312386 10.064246 6.691706 0.000000 0.000000 0.012996 69.597122 28.389406 0.000000 0.000000 0.003064 6.704701 69.597122 28.386341 0.002338 28.160484 5.110955 6.691706 0.000000 0.000000 0.000000 0.000000 0.003064 6.694044 28.160484 5.107891 0.004608 40.312386 10.067310 6.694044 28.160484 5.107891 0.002338 28.160484 5.110955 6.696313 40.312386 10.064246 0.012996 69.597122 28.389406 6.696313 40.312386 10.064246 0.004608 40.312386 10.067310 6.704701 69.597122 28.386341 0.012996 69.597122 28.389406 0.002338 28.160484 5.110955 0.000000 0.000000 0.003064 0.004608 40.312386 10.067310 "
										            />
									</IndexedFaceSet>
								</Shape>
							</Group>
						</Transform>
					</Transform>
				</Transform>
				<Transform DEF="group_96_TRANSFORM"
				           translation="180.501694 110.792877 125.237793"
				           scale="1.000000 1.000000 1.000000"
				           rotation="0.000000 1.000000 0.000000 0.000000"
				           >
					<Transform DEF="instance_0_002_TRANSFORM"
					           translation="78.286674 118.597702 -125.237793"
					           scale="1.000000 1.000000 1.000000"
					           rotation="0.000000 1.000000 0.000000 0.000000"
					           >
						<Transform DEF="group_8_005_TRANSFORM"
						           translation="16.071754 31.102362 4.724409"
						           scale="-1.000000 -1.000000 -1.000000"
						           rotation="-0.000000 1.000000 -0.000000 3.141593"
						           >
							<Transform DEF="group_9_005_TRANSFORM"
							           translation="-30.314960 23.228346 1.181105"
							           scale="-1.000000 -1.000000 -1.000000"
							           rotation="0.000000 -1.000000 0.000000 3.141593"
							           >
								<Transform DEF="group_9_005_ifs_TRANSFORM"
								           translation="0.000000 0.000000 0.000000"
								           scale="1.000000 1.000000 1.000000"
								           rotation="0.000000 1.000000 0.000000 0.000000"
								           >
									<Group USE="group_ME_ID90_001" />
								</Transform>
							</Transform>
							<Transform DEF="group_10_005_TRANSFORM"
							           translation="-30.314960 14.566929 1.181105"
							           scale="1.000000 1.000000 1.000000"
							           rotation="0.000000 1.000000 0.000000 0.000000"
							           >
								<Transform DEF="group_10_005_ifs_TRANSFORM"
								           translation="0.000000 0.000000 -0.000000"
								           scale="1.000000 1.000000 1.000000"
								           rotation="0.000000 1.000000 0.000000 0.000000"
								           >
									<Group USE="group_ME_ID97_001" />
								</Transform>
							</Transform>
						</Transform>
						<Transform DEF="group_11_005_TRANSFORM"
						           translation="16.071754 37.007874 12.992126"
						           scale="-1.000000 -1.000000 -1.000000"
						           rotation="-0.000000 1.000000 -0.000000 3.141593"
						           >
							<Transform DEF="group_12_005_TRANSFORM"
							           translation="-31.496063 0.787403 -12.992126"
							           scale="-1.000000 -1.000000 -1.000000"
							           rotation="-0.707107 0.707107 -0.000000 3.141593"
							           >
								<Transform DEF="group_12_005_ifs_TRANSFORM"
								           translation="0.000000 -0.000000 0.000000"
								           scale="1.000000 1.000000 1.000000"
								           rotation="0.000000 1.000000 0.000000 0.000000"
								           >
									<Group USE="group_ME_ID113" />
								</Transform>
							</Transform>
							<Transform DEF="group_13_005_TRANSFORM"
							           translation="-30.314960 17.322834 -7.086614"
							           scale="-1.000000 -1.000000 -1.000000"
							           rotation="-0.000000 1.000000 -0.000000 3.141593"
							           >
								<Transform DEF="group_13_005_ifs_TRANSFORM"
								           translation="0.000000 0.000000 -0.000000"
								           scale="1.000000 1.000000 1.000000"
								           rotation="0.000000 1.000000 0.000000 0.000000"
								           >
									<Group USE="group_ME_ID120" />
								</Transform>
							</Transform>
							<Transform DEF="group_14_005_TRANSFORM"
							           translation="-30.314960 20.472441 -7.086614"
							           scale="1.000000 1.000000 1.000000"
							           rotation="0.000000 -0.000000 0.000000 0.000000"
							           >
								<Transform DEF="group_14_005_ifs_TRANSFORM"
								           translation="-0.000000 0.000000 -0.000000"
								           scale="1.000000 1.000000 1.000000"
								           rotation="0.000000 1.000000 0.000000 0.000000"
								           >
									<Group USE="group_ME_ID127" />
								</Transform>
							</Transform>
						</Transform>
					</Transform>
					<Transform DEF="instance_31_002_TRANSFORM"
					           translation="15.424309 49.881889 0.000000"
					           scale="1.000000 1.000000 1.000000"
					           rotation="0.000000 1.000000 0.000000 0.000000"
					           >
						<Transform DEF="group_8_006_TRANSFORM"
						           translation="16.071754 -18.779526 4.724411"
						           scale="-1.000000 -1.000000 -1.000000"
						           rotation="-0.000000 1.000000 -0.000000 3.141593"
						           >
							<Transform DEF="group_9_006_TRANSFORM"
							           translation="-30.314960 23.228348 1.181112"
							           scale="-1.000000 -1.000000 -1.000000"
							           rotation="-0.000000 1.000000 -0.000000 3.141593"
							           >
								<Transform DEF="group_9_006_ifs_TRANSFORM"
								           translation="0.000000 0.000000 0.000005"
								           scale="1.000000 1.000000 1.000000"
								           rotation="0.000000 1.000000 0.000000 0.000000"
								           >
									<Group USE="group_ME_ID90_001" />
								</Transform>
							</Transform>
							<Transform DEF="group_10_006_TRANSFORM"
							           translation="-30.314960 14.566933 1.181112"
							           scale="1.000000 1.000000 1.000000"
							           rotation="0.000000 -0.000000 0.000000 0.000000"
							           >
								<Transform DEF="group_10_006_ifs_TRANSFORM"
								           translation="0.000000 0.000000 -0.000004"
								           scale="1.000000 1.000000 1.000000"
								           rotation="0.000000 1.000000 0.000000 0.000000"
								           >
									<Group USE="group_ME_ID97_001" />
								</Transform>
							</Transform>
						</Transform>
						<Transform DEF="group_11_006_TRANSFORM"
						           translation="16.071754 -12.874016 12.992126"
						           scale="-1.000000 -1.000000 -1.000000"
						           rotation="-0.000000 1.000000 -0.000000 3.141593"
						           >
							<Transform DEF="group_12_006_TRANSFORM"
							           translation="-31.496063 0.787399 -12.992121"
							           scale="-1.000000 -1.000000 -1.000000"
							           rotation="-0.707107 0.707107 -0.000000 3.141593"
							           >
								<Transform DEF="group_12_006_ifs_TRANSFORM"
								           translation="0.000003 0.000001 -0.000002"
								           scale="1.000000 1.000000 1.000000"
								           rotation="0.000000 1.000000 0.000000 0.000000"
								           >
									<Group USE="group_ME_ID113" />
								</Transform>
							</Transform>
							<Transform DEF="group_13_006_TRANSFORM"
							           translation="-30.314960 17.322830 -7.086604"
							           scale="-1.000000 -1.000000 -1.000000"
							           rotation="-0.000000 1.000000 -0.000000 3.141593"
							           >
								<Transform DEF="group_13_006_ifs_TRANSFORM"
								           translation="0.000000 0.000000 0.000005"
								           scale="1.000000 1.000000 1.000000"
								           rotation="0.000000 1.000000 0.000000 0.000000"
								           >
									<Group USE="group_ME_ID120" />
								</Transform>
							</Transform>
							<Transform DEF="group_14_006_TRANSFORM"
							           translation="-30.314960 20.472443 -7.086604"
							           scale="1.000000 1.000000 1.000000"
							           rotation="0.000000 -0.000000 0.000000 0.000000"
							           >
								<Transform DEF="group_14_006_ifs_TRANSFORM"
								           translation="0.000000 0.000000 -0.000004"
								           scale="1.000000 1.000000 1.000000"
								           rotation="0.000000 1.000000 0.000000 0.000000"
								           >
									<Group USE="group_ME_ID127" />
								</Transform>
							</Transform>
						</Transform>
					</Transform>
				</Transform>
				<Transform DEF="group_97_TRANSFORM"
				           translation="110.729141 128.736862 125.237793"
				           scale="1.000000 1.000000 1.000000"
				           rotation="0.000000 0.000000 -1.000000 1.570796"
				           >
					<Transform DEF="instance_0_003_TRANSFORM"
					           translation="15.424306 -0.000009 0.000000"
					           scale="1.000000 1.000000 1.000000"
					           rotation="0.000000 1.000000 0.000000 0.000000"
					           >
						<Transform DEF="group_8_007_TRANSFORM"
						           translation="16.071754 31.102369 4.724411"
						           scale="-1.000000 -1.000000 -1.000000"
						           rotation="-0.000000 1.000000 -0.000000 3.141593"
						           >
							<Transform DEF="group_9_007_TRANSFORM"
							           translation="-30.314962 23.228348 1.181113"
							           scale="-1.000000 -1.000000 -1.000000"
							           rotation="-0.000000 1.000000 -0.000000 3.141593"
							           >
								<Transform DEF="group_9_007_ifs_TRANSFORM"
								           translation="-0.000006 -0.000000 0.000006"
								           scale="1.000000 1.000000 1.000000"
								           rotation="0.000000 1.000000 0.000000 0.000000"
								           >
									<Group USE="group_ME_ID90_001" />
								</Transform>
							</Transform>
							<Transform DEF="group_10_007_TRANSFORM"
							           translation="-30.314962 14.566933 1.181113"
							           scale="1.000000 1.000000 1.000000"
							           rotation="0.000000 -0.000000 0.000000 0.000000"
							           >
								<Transform DEF="group_10_007_ifs_TRANSFORM"
								           translation="-0.000001 0.000000 -0.000003"
								           scale="1.000000 1.000000 1.000000"
								           rotation="0.000000 1.000000 0.000000 0.000000"
								           >
									<Group USE="group_ME_ID97_001" />
								</Transform>
							</Transform>
						</Transform>
						<Transform DEF="group_11_007_TRANSFORM"
						           translation="16.071754 37.007877 12.992126"
						           scale="-1.000000 -1.000000 -1.000000"
						           rotation="-0.000000 1.000000 -0.000000 3.141593"
						           >
							<Transform DEF="group_12_007_TRANSFORM"
							           translation="-31.496075 0.787399 -12.992120"
							           scale="-1.000000 -1.000000 -1.000000"
							           rotation="-0.707107 0.707107 0.000000 3.141593"
							           >
								<Transform DEF="group_12_007_ifs_TRANSFORM"
								           translation="-0.000000 0.000004 -0.000001"
								           scale="1.000000 1.000000 1.000000"
								           rotation="0.000000 1.000000 0.000000 0.000000"
								           >
									<Group USE="group_ME_ID113" />
								</Transform>
							</Transform>
							<Transform DEF="group_13_007_TRANSFORM"
							           translation="-30.314976 17.322830 -7.086603"
							           scale="-1.000000 -1.000000 -1.000000"
							           rotation="-0.000000 1.000000 -0.000000 3.141593"
							           >
								<Transform DEF="group_13_007_ifs_TRANSFORM"
								           translation="-0.000005 -0.000000 0.000006"
								           scale="1.000000 1.000000 1.000000"
								           rotation="0.000000 1.000000 0.000000 0.000000"
								           >
									<Group USE="group_ME_ID120" />
								</Transform>
							</Transform>
							<Transform DEF="group_14_007_TRANSFORM"
							           translation="-30.314978 20.472443 -7.086603"
							           scale="1.000000 1.000000 1.000000"
							           rotation="0.000000 -0.000000 0.000000 0.000000"
							           >
								<Transform DEF="group_14_007_ifs_TRANSFORM"
								           translation="-0.000001 0.000000 -0.000003"
								           scale="1.000000 1.000000 1.000000"
								           rotation="0.000000 1.000000 0.000000 0.000000"
								           >
									<Group USE="group_ME_ID127" />
								</Transform>
							</Transform>
						</Transform>
					</Transform>
					<Transform DEF="instance_31_003_TRANSFORM"
					           translation="15.424302 49.881882 0.000000"
					           scale="1.000000 1.000000 1.000000"
					           rotation="0.000000 1.000000 0.000000 0.000000"
					           >
						<Transform DEF="group_8_008_TRANSFORM"
						           translation="16.071762 -18.779528 4.724411"
						           scale="-1.000000 -1.000000 -1.000000"
						           rotation="-0.000000 1.000000 -0.000000 3.141593"
						           >
							<Transform DEF="group_9_008_TRANSFORM"
							           translation="-30.314962 23.228348 1.181113"
							           scale="-1.000000 -1.000000 -1.000000"
							           rotation="-0.000000 1.000000 -0.000000 3.141593"
							           >
								<Transform DEF="group_9_008_ifs_TRANSFORM"
								           translation="-0.000006 -0.000000 0.000006"
								           scale="1.000000 1.000000 1.000000"
								           rotation="0.000000 1.000000 0.000000 0.000000"
								           >
									<Group USE="group_ME_ID90_001" />
								</Transform>
							</Transform>
							<Transform DEF="group_10_008_TRANSFORM"
							           translation="-30.314962 14.566933 1.181113"
							           scale="1.000000 1.000000 1.000000"
							           rotation="0.000000 -0.000000 0.000000 0.000000"
							           >
								<Transform DEF="group_10_008_ifs_TRANSFORM"
								           translation="-0.000001 0.000000 -0.000003"
								           scale="1.000000 1.000000 1.000000"
								           rotation="0.000000 1.000000 0.000000 0.000000"
								           >
									<Group USE="group_ME_ID97_001" />
								</Transform>
							</Transform>
						</Transform>
						<Transform DEF="group_11_008_TRANSFORM"
						           translation="16.071762 -12.874018 12.992126"
						           scale="-1.000000 -1.000000 -1.000000"
						           rotation="-0.000000 1.000000 -0.000000 3.141593"
						           >
							<Transform DEF="group_12_008_TRANSFORM"
							           translation="-31.496075 0.787399 -12.992120"
							           scale="-1.000000 -1.000000 -1.000000"
							           rotation="-0.707107 0.707107 0.000000 3.141593"
							           >
								<Transform DEF="group_12_008_ifs_TRANSFORM"
								           translation="-0.000000 0.000004 -0.000001"
								           scale="1.000000 1.000000 1.000000"
								           rotation="0.000000 1.000000 0.000000 0.000000"
								           >
									<Group USE="group_ME_ID113" />
								</Transform>
							</Transform>
							<Transform DEF="group_13_008_TRANSFORM"
							           translation="-30.314976 17.322830 -7.086603"
							           scale="-1.000000 -1.000000 -1.000000"
							           rotation="-0.000000 1.000000 -0.000000 3.141593"
							           >
								<Transform DEF="group_13_008_ifs_TRANSFORM"
								           translation="-0.000005 -0.000000 0.000006"
								           scale="1.000000 1.000000 1.000000"
								           rotation="0.000000 1.000000 0.000000 0.000000"
								           >
									<Group USE="group_ME_ID120" />
								</Transform>
							</Transform>
							<Transform DEF="group_14_008_TRANSFORM"
							           translation="-30.314978 20.472443 -7.086603"
							           scale="1.000000 1.000000 1.000000"
							           rotation="0.000000 -0.000000 0.000000 0.000000"
							           >
								<Transform DEF="group_14_008_ifs_TRANSFORM"
								           translation="-0.000001 0.000000 -0.000003"
								           scale="1.000000 1.000000 1.000000"
								           rotation="0.000000 1.000000 0.000000 0.000000"
								           >
									<Group USE="group_ME_ID127" />
								</Transform>
							</Transform>
						</Transform>
					</Transform>
				</Transform>
			</Transform>
			<Transform DEF="group_98_TRANSFORM"
			           translation="-282.247009 103.523537 -0.000000"
			           scale="1.443736 1.000000 1.000000"
			           rotation="0.000000 0.000000 -1.000000 0.785398"
			           >
				<Transform DEF="group_98_ifs_TRANSFORM"
				           translation="0.000000 0.000008 0.000000"
				           scale="1.000000 1.000000 1.000000"
				           rotation="0.000000 1.000000 0.000000 0.000000"
				           >
					<Group DEF="group_ME_ID1172">
						<Shape>
							<Appearance>
								<Material USE="MA_material_001" />
							</Appearance>
							<IndexedFaceSet solid="false"
							                coordIndex="0 1 2 -1 1 0 3 -1 "
							                >
								<Coordinate DEF="coords_ME_ID1172"
								            point="0.000000 0.000000 44.606297 354.251953 0.000000 0.000000 0.000000 0.000000 0.000000 354.251953 0.000000 44.606297 "
								            />
							</IndexedFaceSet>
						</Shape>
					</Group>
				</Transform>
			</Transform>
		</Transform>
		<Transform DEF="SketchUp_001_TRANSFORM"
		           translation="0.000000 0.000000 0.000000"
		           scale="1.000000 1.000000 1.000000"
		           rotation="-1.000000 0.000000 0.000000 1.570796"
		           >
			<Transform DEF="SketchUp_001_ifs_TRANSFORM"
			           translation="0.000000 0.000000 0.000000"
			           scale="1.000000 1.000000 1.000000"
			           rotation="0.000000 1.000000 0.000000 0.000000"
			           >
				<Group DEF="group_ME_ID1182">
				</Group>
			</Transform>
		</Transform>
	</Scene>
</X3D>