<?xml version="1.0" encoding="UTF-8"?>
<!DOCTYPE X3D PUBLIC "ISO//Web3D//DTD X3D 3.0//EN" "http://www.web3d.org/specifications/x3d-3.0.dtd">
<X3D version="3.0" profile="Immersive" xmlns:xsd="http://www.w3.org/2001/XMLSchema-instance" xsd:noNamespaceSchemaLocation="http://www.web3d.org/specifications/x3d-3.0.xsd">
	<head>
		<meta name="filename" content="29-1 殿閣身地盤九間身內分心枓底槽.x3d" />
		<meta name="created" content="2025-12-29 14:04:00" />
		<meta name="generator" content="Blender 4.2.2 LTS" />
		<meta name="translator" content="Web3D X3D/VRML2 format v2.5.1" />
	</head>
	<Scene>
		<NavigationInfo headlight="true"
		                visibilityLimit="0.0"
		                type='"EXAMINE", "ANY"'
		                avatarSize="0.25, 1.75, 0.75"
		                />
		<Background DEF="WO_World"
		            groundColor="0.051 0.051 0.051"
		            skyColor="0.051 0.051 0.051"
		            />
		<Transform DEF="SketchUp_TRANSFORM"
		           translation="0.000000 0.000000 0.000000"
		           scale="0.025400 0.025400 0.025400"
		           rotation="-1.000000 0.000000 0.000000 1.570796"
		           >
			<Transform DEF="group_0_TRANSFORM"
			           translation="-256.692902 -231.227753 0.000000"
			           scale="1.000000 1.000000 1.000000"
			           rotation="0.000000 1.000000 0.000000 0.000000"
			           >
				<Transform DEF="group_0_ifs_TRANSFORM"
				           translation="-0.000031 -0.000031 0.000000"
				           scale="1.000000 1.000000 1.000000"
				           rotation="0.000000 1.000000 0.000000 0.000000"
				           >
					<Group DEF="group_ME_ID973_002">
					</Group>
				</Transform>
				<Transform DEF="group_1_TRANSFORM"
				           translation="190.761383 31.496048 0.000000"
				           scale="1.000000 1.000000 1.000000"
				           rotation="0.000000 0.000000 -1.000000 1.570796"
				           >
					<Transform DEF="group_1_ifs_TRANSFORM"
					           translation="0.000010 -0.000015 0.000000"
					           scale="1.000000 1.000000 1.000000"
					           rotation="0.000000 0.000000 0.000000 0.000000"
					           >
						<Group DEF="group_ME_ID4_002">
						</Group>
					</Transform>
				</Transform>
				<Transform DEF="group_2_TRANSFORM"
				           translation="7.873978 7.873978 0.000000"
				           scale="1.000000 1.000000 1.000000"
				           rotation="0.000000 1.000000 0.000000 0.000000"
				           >
					<Transform DEF="group_2_ifs_TRANSFORM"
					           translation="-0.000031 -0.000015 0.000000"
					           scale="1.000000 1.000000 1.000000"
					           rotation="0.000000 1.000000 0.000000 0.000000"
					           >
						<Group DEF="group_ME_ID293_003">
						</Group>
					</Transform>
					<Transform DEF="group_3_TRANSFORM"
					           translation="351.181122 11.811020 0.000000"
					           scale="1.000000 1.000000 1.000000"
					           rotation="-0.000000 -0.000000 -1.000000 3.141593"
					           >
						<Transform DEF="group_3_ifs_TRANSFORM"
						           translation="-0.000012 0.000009 0.000000"
						           scale="1.000000 1.000000 1.000000"
						           rotation="0.000000 0.000000 0.000000 0.000000"
						           >
							<Group DEF="group_ME_ID12_001">
								<Shape>
									<Appearance>
										<Material DEF="MA_material_007"
										          diffuseColor="1.000 1.000 1.000"
										          specularColor="0.401 0.401 0.401"
										          emissiveColor="0.000 0.000 0.000"
										          ambientIntensity="0.000"
										          shininess="0.500"
										          transparency="0.000"
										          />
									</Appearance>
									<IndexedFaceSet solid="false"
									                coordIndex="0 1 2 -1 1 0 3 -1 1 3 4 -1 4 3 5 -1 4 5 6 -1 6 5 7 -1 6 7 8 -1 8 7 9 -1 8 9 10 -1 10 9 11 -1 10 11 12 -1 12 11 13 -1 12 13 14 -1 14 13 15 -1 14 15 16 -1 16 15 17 -1 16 17 18 -1 18 17 19 -1 18 19 20 -1 20 19 21 -1 20 21 22 -1 22 21 23 -1 "
									                >
										<Coordinate DEF="coords_ME_ID12_001"
										            point="0.134150 2.918035 0.000000 0.134150 4.955980 0.000000 0.000000 3.937008 0.000000 0.527459 1.968504 0.000000 0.527459 5.905512 0.000000 1.153123 1.153123 0.000000 1.153123 6.720892 0.000000 1.968504 0.527459 0.000000 1.968504 7.346557 0.000000 2.918035 0.134150 0.000000 2.918035 7.739866 0.000000 3.937008 0.000000 0.000000 3.937008 7.874016 0.000000 4.955980 0.134150 0.000000 4.955980 7.739866 0.000000 5.905511 0.527459 0.000000 5.905512 7.346557 0.000000 6.720892 1.153123 0.000000 6.720892 6.720892 0.000000 7.346557 1.968504 0.000000 7.346557 5.905512 0.000000 7.739866 2.918035 0.000000 7.739866 4.955980 0.000000 7.874016 3.937008 0.000000 "
										            />
									</IndexedFaceSet>
								</Shape>
							</Group>
						</Transform>
					</Transform>
					<Transform DEF="group_4_TRANSFORM"
					           translation="592.260132 11.811020 0.000000"
					           scale="1.000000 1.000000 1.000000"
					           rotation="-0.000000 -0.000000 -1.000000 3.141593"
					           >
						<Transform DEF="group_4_ifs_TRANSFORM"
						           translation="-0.000012 0.000015 0.000000"
						           scale="1.000000 1.000000 1.000000"
						           rotation="0.000000 0.000000 0.000000 0.000000"
						           >
							<Group DEF="group_ME_ID21_004">
								<Shape>
									<Appearance>
										<Material USE="MA_material_007" />
									</Appearance>
									<IndexedFaceSet solid="false"
									                coordIndex="0 1 2 -1 1 0 3 -1 1 3 4 -1 4 3 5 -1 4 5 6 -1 6 5 7 -1 6 7 8 -1 8 7 9 -1 8 9 10 -1 10 9 11 -1 10 11 12 -1 12 11 13 -1 12 13 14 -1 14 13 15 -1 14 15 16 -1 16 15 17 -1 16 17 18 -1 18 17 19 -1 18 19 20 -1 20 19 21 -1 20 21 22 -1 22 21 23 -1 "
									                >
										<Coordinate DEF="coords_ME_ID21_004"
										            point="0.134150 2.918035 0.000000 0.134150 4.955980 0.000000 0.000000 3.937008 0.000000 0.527459 1.968504 0.000000 0.527459 5.905512 0.000000 1.153123 1.153123 0.000000 1.153123 6.720892 0.000000 1.968504 0.527459 0.000000 1.968504 7.346557 0.000000 2.918035 0.134150 0.000000 2.918035 7.739866 0.000000 3.937008 0.000000 0.000000 3.937008 7.874016 0.000000 4.955980 0.134150 0.000000 4.955980 7.739866 0.000000 5.905511 0.527459 0.000000 5.905512 7.346557 0.000000 6.720892 1.153123 0.000000 6.720892 6.720892 0.000000 7.346557 1.968504 0.000000 7.346557 5.905512 0.000000 7.739866 2.918035 0.000000 7.739866 4.955980 0.000000 7.874016 3.937008 0.000000 "
										            />
									</IndexedFaceSet>
								</Shape>
							</Group>
						</Transform>
					</Transform>
					<Transform DEF="group_5_TRANSFORM"
					           translation="548.031494 11.811020 0.000000"
					           scale="1.000000 1.000000 1.000000"
					           rotation="-0.000000 -0.000000 -1.000000 3.141593"
					           >
						<Transform DEF="group_5_ifs_TRANSFORM"
						           translation="-0.000043 0.000011 0.000000"
						           scale="1.000000 1.000000 1.000000"
						           rotation="0.000000 0.000000 0.000000 0.000000"
						           >
							<Group DEF="group_ME_ID28">
								<Shape>
									<Appearance>
										<Material USE="MA_material_007" />
									</Appearance>
									<IndexedFaceSet solid="false"
									                coordIndex="0 1 2 -1 1 0 3 -1 1 3 4 -1 4 3 5 -1 4 5 6 -1 6 5 7 -1 6 7 8 -1 8 7 9 -1 8 9 10 -1 10 9 11 -1 10 11 12 -1 12 11 13 -1 12 13 14 -1 14 13 15 -1 14 15 16 -1 16 15 17 -1 16 17 18 -1 18 17 19 -1 18 19 20 -1 20 19 21 -1 20 21 22 -1 22 21 23 -1 "
									                >
										<Coordinate DEF="coords_ME_ID28"
										            point="0.134150 2.918035 0.000000 0.134150 4.955980 0.000000 0.000000 3.937008 0.000000 0.527459 1.968504 0.000000 0.527459 5.905512 0.000000 1.153123 1.153123 0.000000 1.153123 6.720892 0.000000 1.968504 0.527459 0.000000 1.968504 7.346557 0.000000 2.918035 0.134150 0.000000 2.918035 7.739866 0.000000 3.937008 0.000000 0.000000 3.937008 7.874016 0.000000 4.955980 0.134150 0.000000 4.955980 7.739866 0.000000 5.905511 0.527459 0.000000 5.905512 7.346557 0.000000 6.720892 1.153123 0.000000 6.720892 6.720892 0.000000 7.346557 1.968504 0.000000 7.346557 5.905512 0.000000 7.739866 2.918035 0.000000 7.739866 4.955980 0.000000 7.874016 3.937008 0.000000 "
										            />
									</IndexedFaceSet>
								</Shape>
							</Group>
						</Transform>
					</Transform>
					<Transform DEF="group_6_TRANSFORM"
					           translation="252.755875 11.811020 0.000000"
					           scale="1.000000 1.000000 1.000000"
					           rotation="-0.000000 -0.000000 -1.000000 3.141593"
					           >
						<Transform DEF="group_6_ifs_TRANSFORM"
						           translation="-0.000000 0.000016 0.000000"
						           scale="1.000000 1.000000 1.000000"
						           rotation="0.000000 0.000000 0.000000 0.000000"
						           >
							<Group DEF="group_ME_ID35_004">
								<Shape>
									<Appearance>
										<Material USE="MA_material_007" />
									</Appearance>
									<IndexedFaceSet solid="false"
									                coordIndex="0 1 2 -1 1 0 3 -1 1 3 4 -1 4 3 5 -1 4 5 6 -1 6 5 7 -1 6 7 8 -1 8 7 9 -1 8 9 10 -1 10 9 11 -1 10 11 12 -1 12 11 13 -1 12 13 14 -1 14 13 15 -1 14 15 16 -1 16 15 17 -1 16 17 18 -1 18 17 19 -1 18 19 20 -1 20 19 21 -1 20 21 22 -1 22 21 23 -1 "
									                >
										<Coordinate DEF="coords_ME_ID35_004"
										            point="0.134150 2.918035 0.000000 0.134150 4.955980 0.000000 0.000000 3.937008 0.000000 0.527459 1.968504 0.000000 0.527459 5.905512 0.000000 1.153123 1.153123 0.000000 1.153123 6.720892 0.000000 1.968504 0.527459 0.000000 1.968504 7.346557 0.000000 2.918035 0.134150 0.000000 2.918035 7.739866 0.000000 3.937008 0.000000 0.000000 3.937008 7.874016 0.000000 4.955980 0.134150 0.000000 4.955980 7.739866 0.000000 5.905511 0.527459 0.000000 5.905512 7.346557 0.000000 6.720892 1.153123 0.000000 6.720892 6.720892 0.000000 7.346557 1.968504 0.000000 7.346557 5.905512 0.000000 7.739866 2.918035 0.000000 7.739866 4.955980 0.000000 7.874016 3.937008 0.000000 "
										            />
									</IndexedFaceSet>
								</Shape>
							</Group>
						</Transform>
					</Transform>
					<Transform DEF="group_7_TRANSFORM"
					           translation="416.797913 11.811020 0.000000"
					           scale="1.000000 1.000000 1.000000"
					           rotation="-0.000000 -0.000000 -1.000000 3.141593"
					           >
						<Transform DEF="group_7_ifs_TRANSFORM"
						           translation="-0.000012 0.000015 0.000000"
						           scale="1.000000 1.000000 1.000000"
						           rotation="0.000000 0.000000 0.000000 0.000000"
						           >
							<Group DEF="group_ME_ID42_004">
								<Shape>
									<Appearance>
										<Material USE="MA_material_007" />
									</Appearance>
									<IndexedFaceSet solid="false"
									                coordIndex="0 1 2 -1 1 0 3 -1 1 3 4 -1 4 3 5 -1 4 5 6 -1 6 5 7 -1 6 7 8 -1 8 7 9 -1 8 9 10 -1 10 9 11 -1 10 11 12 -1 12 11 13 -1 12 13 14 -1 14 13 15 -1 14 15 16 -1 16 15 17 -1 16 17 18 -1 18 17 19 -1 18 19 20 -1 20 19 21 -1 20 21 22 -1 22 21 23 -1 "
									                >
										<Coordinate DEF="coords_ME_ID42_004"
										            point="0.134150 2.918035 0.000000 0.134150 4.955980 0.000000 0.000000 3.937008 0.000000 0.527459 1.968504 0.000000 0.527459 5.905512 0.000000 1.153123 1.153123 0.000000 1.153123 6.720892 0.000000 1.968504 0.527459 0.000000 1.968504 7.346557 0.000000 2.918035 0.134150 0.000000 2.918035 7.739866 0.000000 3.937008 0.000000 0.000000 3.937008 7.874016 0.000000 4.955980 0.134150 0.000000 4.955980 7.739866 0.000000 5.905511 0.527459 0.000000 5.905512 7.346557 0.000000 6.720892 1.153123 0.000000 6.720892 6.720892 0.000000 7.346557 1.968504 0.000000 7.346557 5.905512 0.000000 7.739866 2.918035 0.000000 7.739866 4.955980 0.000000 7.874016 3.937008 0.000000 "
										            />
									</IndexedFaceSet>
								</Shape>
							</Group>
						</Transform>
					</Transform>
					<Transform DEF="group_8_TRANSFORM"
					           translation="482.414673 11.811020 0.000000"
					           scale="1.000000 1.000000 1.000000"
					           rotation="-0.000000 -0.000000 -1.000000 3.141593"
					           >
						<Transform DEF="group_8_ifs_TRANSFORM"
						           translation="-0.000012 0.000020 0.000000"
						           scale="1.000000 1.000000 1.000000"
						           rotation="0.000000 0.000000 0.000000 0.000000"
						           >
							<Group DEF="group_ME_ID49_004">
								<Shape>
									<Appearance>
										<Material USE="MA_material_007" />
									</Appearance>
									<IndexedFaceSet solid="false"
									                coordIndex="0 1 2 -1 1 0 3 -1 1 3 4 -1 4 3 5 -1 4 5 6 -1 6 5 7 -1 6 7 8 -1 8 7 9 -1 8 9 10 -1 10 9 11 -1 10 11 12 -1 12 11 13 -1 12 13 14 -1 14 13 15 -1 14 15 16 -1 16 15 17 -1 16 17 18 -1 18 17 19 -1 18 19 20 -1 20 19 21 -1 20 21 22 -1 22 21 23 -1 "
									                >
										<Coordinate DEF="coords_ME_ID49_004"
										            point="0.134150 2.918035 0.000000 0.134150 4.955980 0.000000 0.000000 3.937008 0.000000 0.527459 1.968504 0.000000 0.527459 5.905512 0.000000 1.153123 1.153123 0.000000 1.153123 6.720892 0.000000 1.968504 0.527459 0.000000 1.968504 7.346557 0.000000 2.918035 0.134150 0.000000 2.918035 7.739866 0.000000 3.937008 0.000000 0.000000 3.937008 7.874016 0.000000 4.955980 0.134150 0.000000 4.955980 7.739866 0.000000 5.905511 0.527459 0.000000 5.905512 7.346557 0.000000 6.720892 1.153123 0.000000 6.720892 6.720892 0.000000 7.346557 1.968504 0.000000 7.346557 5.905512 0.000000 7.739866 2.918035 0.000000 7.739866 4.955980 0.000000 7.874016 3.937008 0.000000 "
										            />
									</IndexedFaceSet>
								</Shape>
							</Group>
						</Transform>
					</Transform>
					<Transform DEF="group_9_TRANSFORM"
					           translation="11.810989 11.811020 0.000000"
					           scale="1.000000 1.000000 1.000000"
					           rotation="-0.000000 -0.000000 -1.000000 3.141593"
					           >
						<Transform DEF="group_9_ifs_TRANSFORM"
						           translation="0.000034 0.000010 0.000000"
						           scale="1.000000 1.000000 1.000000"
						           rotation="0.000000 0.000000 0.000000 0.000000"
						           >
							<Group DEF="group_ME_ID56">
								<Shape>
									<Appearance>
										<Material USE="MA_material_007" />
									</Appearance>
									<IndexedFaceSet solid="false"
									                coordIndex="0 1 2 -1 1 0 3 -1 1 3 4 -1 4 3 5 -1 4 5 6 -1 6 5 7 -1 6 7 8 -1 8 7 9 -1 8 9 10 -1 10 9 11 -1 10 11 12 -1 12 11 13 -1 12 13 14 -1 14 13 15 -1 14 15 16 -1 16 15 17 -1 16 17 18 -1 18 17 19 -1 18 19 20 -1 20 19 21 -1 20 21 22 -1 22 21 23 -1 "
									                >
										<Coordinate DEF="coords_ME_ID56"
										            point="0.134150 2.918035 0.000000 0.134150 4.955980 0.000000 0.000000 3.937008 0.000000 0.527459 1.968504 0.000000 0.527459 5.905512 0.000000 1.153123 1.153123 0.000000 1.153123 6.720892 0.000000 1.968504 0.527459 0.000000 1.968504 7.346557 0.000000 2.918035 0.134150 0.000000 2.918035 7.739866 0.000000 3.937008 0.000000 0.000000 3.937008 7.874016 0.000000 4.955980 0.134150 0.000000 4.955980 7.739866 0.000000 5.905511 0.527459 0.000000 5.905512 7.346557 0.000000 6.720892 1.153123 0.000000 6.720892 6.720892 0.000000 7.346557 1.968504 0.000000 7.346557 5.905512 0.000000 7.739866 2.918035 0.000000 7.739866 4.955980 0.000000 7.874016 3.937008 0.000000 "
										            />
									</IndexedFaceSet>
								</Shape>
							</Group>
						</Transform>
					</Transform>
					<Transform DEF="group_10_TRANSFORM"
					           translation="55.905472 11.811020 0.000000"
					           scale="1.000000 1.000000 1.000000"
					           rotation="-0.000000 -0.000000 -1.000000 3.141593"
					           >
						<Transform DEF="group_10_ifs_TRANSFORM"
						           translation="0.000018 0.000014 0.000000"
						           scale="1.000000 1.000000 1.000000"
						           rotation="0.000000 0.000000 0.000000 0.000000"
						           >
							<Group DEF="group_ME_ID63">
								<Shape>
									<Appearance>
										<Material USE="MA_material_007" />
									</Appearance>
									<IndexedFaceSet solid="false"
									                coordIndex="0 1 2 -1 1 0 3 -1 1 3 4 -1 4 3 5 -1 4 5 6 -1 6 5 7 -1 6 7 8 -1 8 7 9 -1 8 9 10 -1 10 9 11 -1 10 11 12 -1 12 11 13 -1 12 13 14 -1 14 13 15 -1 14 15 16 -1 16 15 17 -1 16 17 18 -1 18 17 19 -1 18 19 20 -1 20 19 21 -1 20 21 22 -1 22 21 23 -1 "
									                >
										<Coordinate DEF="coords_ME_ID63"
										            point="0.134150 2.918035 0.000000 0.134150 4.955980 0.000000 0.000000 3.937008 0.000000 0.527459 1.968504 0.000000 0.527459 5.905512 0.000000 1.153123 1.153123 0.000000 1.153123 6.720892 0.000000 1.968504 0.527459 0.000000 1.968504 7.346557 0.000000 2.918035 0.134150 0.000000 2.918035 7.739866 0.000000 3.937008 0.000000 0.000000 3.937008 7.874016 0.000000 4.955980 0.134150 0.000000 4.955980 7.739866 0.000000 5.905511 0.527459 0.000000 5.905512 7.346557 0.000000 6.720892 1.153123 0.000000 6.720892 6.720892 0.000000 7.346557 1.968504 0.000000 7.346557 5.905512 0.000000 7.739866 2.918035 0.000000 7.739866 4.955980 0.000000 7.874016 3.937008 0.000000 "
										            />
									</IndexedFaceSet>
								</Shape>
							</Group>
						</Transform>
					</Transform>
					<Transform DEF="group_11_TRANSFORM"
					           translation="121.522285 11.811020 0.000000"
					           scale="1.000000 1.000000 1.000000"
					           rotation="-0.000000 -0.000000 -1.000000 3.141593"
					           >
						<Transform DEF="group_11_ifs_TRANSFORM"
						           translation="0.000018 0.000019 0.000000"
						           scale="1.000000 1.000000 1.000000"
						           rotation="0.000000 0.000000 0.000000 0.000000"
						           >
							<Group DEF="group_ME_ID70">
								<Shape>
									<Appearance>
										<Material USE="MA_material_007" />
									</Appearance>
									<IndexedFaceSet solid="false"
									                coordIndex="0 1 2 -1 1 0 3 -1 1 3 4 -1 4 3 5 -1 4 5 6 -1 6 5 7 -1 6 7 8 -1 8 7 9 -1 8 9 10 -1 10 9 11 -1 10 11 12 -1 12 11 13 -1 12 13 14 -1 14 13 15 -1 14 15 16 -1 16 15 17 -1 16 17 18 -1 18 17 19 -1 18 19 20 -1 20 19 21 -1 20 21 22 -1 22 21 23 -1 "
									                >
										<Coordinate DEF="coords_ME_ID70"
										            point="0.134150 2.918035 0.000000 0.134150 4.955980 0.000000 0.000000 3.937008 0.000000 0.527459 1.968504 0.000000 0.527459 5.905512 0.000000 1.153123 1.153123 0.000000 1.153123 6.720892 0.000000 1.968504 0.527459 0.000000 1.968504 7.346557 0.000000 2.918035 0.134150 0.000000 2.918035 7.739866 0.000000 3.937008 0.000000 0.000000 3.937008 7.874016 0.000000 4.955980 0.134150 0.000000 4.955980 7.739866 0.000000 5.905511 0.527459 0.000000 5.905512 7.346557 0.000000 6.720892 1.153123 0.000000 6.720892 6.720892 0.000000 7.346557 1.968504 0.000000 7.346557 5.905512 0.000000 7.739866 2.918035 0.000000 7.739866 4.955980 0.000000 7.874016 3.937008 0.000000 "
										            />
									</IndexedFaceSet>
								</Shape>
							</Group>
						</Transform>
					</Transform>
					<Transform DEF="group_12_TRANSFORM"
					           translation="187.139069 11.811020 0.000000"
					           scale="1.000000 1.000000 1.000000"
					           rotation="-0.000000 -0.000000 -1.000000 3.141593"
					           >
						<Transform DEF="group_12_ifs_TRANSFORM"
						           translation="0.000003 0.000010 0.000000"
						           scale="1.000000 1.000000 1.000000"
						           rotation="0.000000 0.000000 0.000000 0.000000"
						           >
							<Group DEF="group_ME_ID77">
								<Shape>
									<Appearance>
										<Material USE="MA_material_007" />
									</Appearance>
									<IndexedFaceSet solid="false"
									                coordIndex="0 1 2 -1 1 0 3 -1 1 3 4 -1 4 3 5 -1 4 5 6 -1 6 5 7 -1 6 7 8 -1 8 7 9 -1 8 9 10 -1 10 9 11 -1 10 11 12 -1 12 11 13 -1 12 13 14 -1 14 13 15 -1 14 15 16 -1 16 15 17 -1 16 17 18 -1 18 17 19 -1 18 19 20 -1 20 19 21 -1 20 21 22 -1 22 21 23 -1 "
									                >
										<Coordinate DEF="coords_ME_ID77"
										            point="0.134150 2.918035 0.000000 0.134150 4.955980 0.000000 0.000000 3.937008 0.000000 0.527459 1.968504 0.000000 0.527459 5.905512 0.000000 1.153123 1.153123 0.000000 1.153123 6.720892 0.000000 1.968504 0.527459 0.000000 1.968504 7.346557 0.000000 2.918035 0.134150 0.000000 2.918035 7.739866 0.000000 3.937008 0.000000 0.000000 3.937008 7.874016 0.000000 4.955980 0.134150 0.000000 4.955980 7.739866 0.000000 5.905511 0.527459 0.000000 5.905512 7.346557 0.000000 6.720892 1.153123 0.000000 6.720892 6.720892 0.000000 7.346557 1.968504 0.000000 7.346557 5.905512 0.000000 7.739866 2.918035 0.000000 7.739866 4.955980 0.000000 7.874016 3.937008 0.000000 "
										            />
									</IndexedFaceSet>
								</Shape>
							</Group>
						</Transform>
					</Transform>
					<Transform DEF="group_13_TRANSFORM"
					           translation="351.181122 223.353729 0.000000"
					           scale="-1.000000 -1.000000 -1.000000"
					           rotation="-1.000000 0.000000 0.000000 3.141593"
					           >
						<Transform DEF="group_13_ifs_TRANSFORM"
						           translation="-0.000008 0.000000 0.000000"
						           scale="1.000000 1.000000 1.000000"
						           rotation="0.000000 0.000000 0.000000 0.000000"
						           >
							<Group DEF="group_ME_ID84">
								<Shape>
									<Appearance>
										<Material USE="MA_material_007" />
									</Appearance>
									<IndexedFaceSet solid="false"
									                coordIndex="0 1 2 -1 2 1 3 -1 1 4 3 -1 3 4 5 -1 4 6 5 -1 5 6 7 -1 6 8 7 -1 7 8 9 -1 8 10 9 -1 9 10 11 -1 10 12 11 -1 11 12 13 -1 12 14 13 -1 13 14 15 -1 14 16 15 -1 15 16 17 -1 16 18 17 -1 17 18 19 -1 18 20 19 -1 19 20 21 -1 20 22 21 -1 23 21 22 -1 "
									                >
										<Coordinate DEF="coords_ME_ID84"
										            point="7.874016 3.937008 0.000000 7.739866 2.918035 0.000000 7.739866 4.955980 0.000000 7.346557 5.905512 0.000000 7.346557 1.968504 0.000000 6.720892 6.720892 0.000000 6.720892 1.153123 0.000000 5.905512 7.346557 0.000000 5.905511 0.527459 0.000000 4.955980 7.739866 0.000000 4.955980 0.134150 0.000000 3.937008 7.874016 0.000000 3.937008 0.000000 0.000000 2.918035 7.739866 0.000000 2.918035 0.134150 0.000000 1.968504 7.346557 0.000000 1.968504 0.527459 0.000000 1.153123 6.720892 0.000000 1.153123 1.153123 0.000000 0.527459 5.905512 0.000000 0.527459 1.968504 0.000000 0.134150 4.955980 0.000000 0.134150 2.918035 0.000000 0.000000 3.937008 0.000000 "
										            />
									</IndexedFaceSet>
								</Shape>
							</Group>
						</Transform>
					</Transform>
					<Transform DEF="group_14_TRANSFORM"
					           translation="11.810989 113.511208 0.000000"
					           scale="-1.000000 -1.000000 -1.000000"
					           rotation="-1.000000 0.000000 0.000000 3.141593"
					           >
						<Transform DEF="group_14_ifs_TRANSFORM"
						           translation="0.000031 -0.000008 0.000000"
						           scale="1.000000 1.000000 1.000000"
						           rotation="0.000000 0.000000 0.000000 0.000000"
						           >
							<Group DEF="group_ME_ID91_001">
								<Shape>
									<Appearance>
										<Material USE="MA_material_007" />
									</Appearance>
									<IndexedFaceSet solid="false"
									                coordIndex="0 1 2 -1 2 1 3 -1 1 4 3 -1 3 4 5 -1 4 6 5 -1 5 6 7 -1 6 8 7 -1 7 8 9 -1 8 10 9 -1 9 10 11 -1 10 12 11 -1 11 12 13 -1 12 14 13 -1 13 14 15 -1 14 16 15 -1 15 16 17 -1 16 18 17 -1 17 18 19 -1 18 20 19 -1 19 20 21 -1 20 22 21 -1 23 21 22 -1 "
									                >
										<Coordinate DEF="coords_ME_ID91_001"
										            point="7.874016 3.937008 0.000000 7.739866 2.918035 0.000000 7.739866 4.955980 0.000000 7.346557 5.905512 0.000000 7.346557 1.968504 0.000000 6.720892 6.720892 0.000000 6.720892 1.153123 0.000000 5.905512 7.346557 0.000000 5.905511 0.527459 0.000000 4.955980 7.739866 0.000000 4.955980 0.134150 0.000000 3.937008 7.874016 0.000000 3.937008 0.000000 0.000000 2.918035 7.739866 0.000000 2.918035 0.134150 0.000000 1.968504 7.346557 0.000000 1.968504 0.527459 0.000000 1.153123 6.720892 0.000000 1.153123 1.153123 0.000000 0.527459 5.905512 0.000000 0.527459 1.968504 0.000000 0.134150 4.955980 0.000000 0.134150 2.918035 0.000000 0.000000 3.937008 0.000000 "
										            />
									</IndexedFaceSet>
								</Shape>
							</Group>
						</Transform>
					</Transform>
					<Transform DEF="group_15_TRANSFORM"
					           translation="351.181122 113.511208 0.000000"
					           scale="-1.000000 -1.000000 -1.000000"
					           rotation="-1.000000 0.000000 0.000000 3.141593"
					           >
						<Transform DEF="group_15_ifs_TRANSFORM"
						           translation="-0.000008 -0.000008 0.000000"
						           scale="1.000000 1.000000 1.000000"
						           rotation="0.000000 0.000000 0.000000 0.000000"
						           >
							<Group DEF="group_ME_ID98_001">
								<Shape>
									<Appearance>
										<Material USE="MA_material_007" />
									</Appearance>
									<IndexedFaceSet solid="false"
									                coordIndex="0 1 2 -1 2 1 3 -1 1 4 3 -1 3 4 5 -1 4 6 5 -1 5 6 7 -1 6 8 7 -1 7 8 9 -1 8 10 9 -1 9 10 11 -1 10 12 11 -1 11 12 13 -1 12 14 13 -1 13 14 15 -1 14 16 15 -1 15 16 17 -1 16 18 17 -1 17 18 19 -1 18 20 19 -1 19 20 21 -1 20 22 21 -1 23 21 22 -1 "
									                >
										<Coordinate DEF="coords_ME_ID98_001"
										            point="7.874016 3.937008 0.000000 7.739866 2.918035 0.000000 7.739866 4.955980 0.000000 7.346557 5.905512 0.000000 7.346557 1.968504 0.000000 6.720892 6.720892 0.000000 6.720892 1.153123 0.000000 5.905512 7.346557 0.000000 5.905511 0.527459 0.000000 4.955980 7.739866 0.000000 4.955980 0.134150 0.000000 3.937008 7.874016 0.000000 3.937008 0.000000 0.000000 2.918035 7.739866 0.000000 2.918035 0.134150 0.000000 1.968504 7.346557 0.000000 1.968504 0.527459 0.000000 1.153123 6.720892 0.000000 1.153123 1.153123 0.000000 0.527459 5.905512 0.000000 0.527459 1.968504 0.000000 0.134150 4.955980 0.000000 0.134150 2.918035 0.000000 0.000000 3.937008 0.000000 "
										            />
									</IndexedFaceSet>
								</Shape>
							</Group>
						</Transform>
					</Transform>
					<Transform DEF="group_16_TRANSFORM"
					           translation="187.139069 113.511208 0.000000"
					           scale="-1.000000 -1.000000 -1.000000"
					           rotation="-1.000000 0.000000 0.000000 3.141593"
					           >
						<Transform DEF="group_16_ifs_TRANSFORM"
						           translation="0.000008 -0.000008 0.000000"
						           scale="1.000000 1.000000 1.000000"
						           rotation="0.000000 0.000000 0.000000 0.000000"
						           >
							<Group DEF="group_ME_ID105_002">
								<Shape>
									<Appearance>
										<Material USE="MA_material_007" />
									</Appearance>
									<IndexedFaceSet solid="false"
									                coordIndex="0 1 2 -1 2 1 3 -1 1 4 3 -1 3 4 5 -1 4 6 5 -1 5 6 7 -1 6 8 7 -1 7 8 9 -1 8 10 9 -1 9 10 11 -1 10 12 11 -1 11 12 13 -1 12 14 13 -1 13 14 15 -1 14 16 15 -1 15 16 17 -1 16 18 17 -1 17 18 19 -1 18 20 19 -1 19 20 21 -1 20 22 21 -1 23 21 22 -1 "
									                >
										<Coordinate DEF="coords_ME_ID105_002"
										            point="7.874016 3.937008 0.000000 7.739866 2.918035 0.000000 7.739866 4.955980 0.000000 7.346557 5.905512 0.000000 7.346557 1.968504 0.000000 6.720892 6.720892 0.000000 6.720892 1.153123 0.000000 5.905512 7.346557 0.000000 5.905511 0.527459 0.000000 4.955980 7.739866 0.000000 4.955980 0.134150 0.000000 3.937008 7.874016 0.000000 3.937008 0.000000 0.000000 2.918035 7.739866 0.000000 2.918035 0.134150 0.000000 1.968504 7.346557 0.000000 1.968504 0.527459 0.000000 1.153123 6.720892 0.000000 1.153123 1.153123 0.000000 0.527459 5.905512 0.000000 0.527459 1.968504 0.000000 0.134150 4.955980 0.000000 0.134150 2.918035 0.000000 0.000000 3.937008 0.000000 "
										            />
									</IndexedFaceSet>
								</Shape>
							</Group>
						</Transform>
					</Transform>
					<Transform DEF="group_17_TRANSFORM"
					           translation="121.522285 113.511208 0.000000"
					           scale="-1.000000 -1.000000 -1.000000"
					           rotation="-1.000000 0.000000 0.000000 3.141593"
					           >
						<Transform DEF="group_17_ifs_TRANSFORM"
						           translation="0.000008 -0.000008 0.000000"
						           scale="1.000000 1.000000 1.000000"
						           rotation="0.000000 0.000000 0.000000 0.000000"
						           >
							<Group DEF="group_ME_ID112">
								<Shape>
									<Appearance>
										<Material USE="MA_material_007" />
									</Appearance>
									<IndexedFaceSet solid="false"
									                coordIndex="0 1 2 -1 2 1 3 -1 1 4 3 -1 3 4 5 -1 4 6 5 -1 5 6 7 -1 6 8 7 -1 7 8 9 -1 8 10 9 -1 9 10 11 -1 10 12 11 -1 11 12 13 -1 12 14 13 -1 13 14 15 -1 14 16 15 -1 15 16 17 -1 16 18 17 -1 17 18 19 -1 18 20 19 -1 19 20 21 -1 20 22 21 -1 23 21 22 -1 "
									                >
										<Coordinate DEF="coords_ME_ID112"
										            point="7.874016 3.937008 0.000000 7.739866 2.918035 0.000000 7.739866 4.955980 0.000000 7.346557 5.905512 0.000000 7.346557 1.968504 0.000000 6.720892 6.720892 0.000000 6.720892 1.153123 0.000000 5.905512 7.346557 0.000000 5.905511 0.527459 0.000000 4.955980 7.739866 0.000000 4.955980 0.134150 0.000000 3.937008 7.874016 0.000000 3.937008 0.000000 0.000000 2.918035 7.739866 0.000000 2.918035 0.134150 0.000000 1.968504 7.346557 0.000000 1.968504 0.527459 0.000000 1.153123 6.720892 0.000000 1.153123 1.153123 0.000000 0.527459 5.905512 0.000000 0.527459 1.968504 0.000000 0.134150 4.955980 0.000000 0.134150 2.918035 0.000000 0.000000 3.937008 0.000000 "
										            />
									</IndexedFaceSet>
								</Shape>
							</Group>
						</Transform>
					</Transform>
					<Transform DEF="group_18_TRANSFORM"
					           translation="55.905472 113.511208 0.000000"
					           scale="-1.000000 -1.000000 -1.000000"
					           rotation="-1.000000 0.000000 0.000000 3.141593"
					           >
						<Transform DEF="group_18_ifs_TRANSFORM"
						           translation="0.000015 -0.000008 0.000000"
						           scale="1.000000 1.000000 1.000000"
						           rotation="0.000000 0.000000 0.000000 0.000000"
						           >
							<Group DEF="group_ME_ID119_001">
								<Shape>
									<Appearance>
										<Material USE="MA_material_007" />
									</Appearance>
									<IndexedFaceSet solid="false"
									                coordIndex="0 1 2 -1 2 1 3 -1 1 4 3 -1 3 4 5 -1 4 6 5 -1 5 6 7 -1 6 8 7 -1 7 8 9 -1 8 10 9 -1 9 10 11 -1 10 12 11 -1 11 12 13 -1 12 14 13 -1 13 14 15 -1 14 16 15 -1 15 16 17 -1 16 18 17 -1 17 18 19 -1 18 20 19 -1 19 20 21 -1 20 22 21 -1 23 21 22 -1 "
									                >
										<Coordinate DEF="coords_ME_ID119_001"
										            point="7.874016 3.937008 0.000000 7.739866 2.918035 0.000000 7.739866 4.955980 0.000000 7.346557 5.905512 0.000000 7.346557 1.968504 0.000000 6.720892 6.720892 0.000000 6.720892 1.153123 0.000000 5.905512 7.346557 0.000000 5.905511 0.527459 0.000000 4.955980 7.739866 0.000000 4.955980 0.134150 0.000000 3.937008 7.874016 0.000000 3.937008 0.000000 0.000000 2.918035 7.739866 0.000000 2.918035 0.134150 0.000000 1.968504 7.346557 0.000000 1.968504 0.527459 0.000000 1.153123 6.720892 0.000000 1.153123 1.153123 0.000000 0.527459 5.905512 0.000000 0.527459 1.968504 0.000000 0.134150 4.955980 0.000000 0.134150 2.918035 0.000000 0.000000 3.937008 0.000000 "
										            />
									</IndexedFaceSet>
								</Shape>
							</Group>
						</Transform>
					</Transform>
					<Transform DEF="group_19_TRANSFORM"
					           translation="482.414673 113.511208 0.000000"
					           scale="-1.000000 -1.000000 -1.000000"
					           rotation="-1.000000 0.000000 0.000000 3.141593"
					           >
						<Transform DEF="group_19_ifs_TRANSFORM"
						           translation="-0.000015 -0.000008 0.000000"
						           scale="1.000000 1.000000 1.000000"
						           rotation="0.000000 0.000000 0.000000 0.000000"
						           >
							<Group DEF="group_ME_ID126">
								<Shape>
									<Appearance>
										<Material USE="MA_material_007" />
									</Appearance>
									<IndexedFaceSet solid="false"
									                coordIndex="0 1 2 -1 2 1 3 -1 1 4 3 -1 3 4 5 -1 4 6 5 -1 5 6 7 -1 6 8 7 -1 7 8 9 -1 8 10 9 -1 9 10 11 -1 10 12 11 -1 11 12 13 -1 12 14 13 -1 13 14 15 -1 14 16 15 -1 15 16 17 -1 16 18 17 -1 17 18 19 -1 18 20 19 -1 19 20 21 -1 20 22 21 -1 23 21 22 -1 "
									                >
										<Coordinate DEF="coords_ME_ID126"
										            point="7.874016 3.937008 0.000000 7.739866 2.918035 0.000000 7.739866 4.955980 0.000000 7.346557 5.905512 0.000000 7.346557 1.968504 0.000000 6.720892 6.720892 0.000000 6.720892 1.153123 0.000000 5.905512 7.346557 0.000000 5.905511 0.527459 0.000000 4.955980 7.739866 0.000000 4.955980 0.134150 0.000000 3.937008 7.874016 0.000000 3.937008 0.000000 0.000000 2.918035 7.739866 0.000000 2.918035 0.134150 0.000000 1.968504 7.346557 0.000000 1.968504 0.527459 0.000000 1.153123 6.720892 0.000000 1.153123 1.153123 0.000000 0.527459 5.905512 0.000000 0.527459 1.968504 0.000000 0.134150 4.955980 0.000000 0.134150 2.918035 0.000000 0.000000 3.937008 0.000000 "
										            />
									</IndexedFaceSet>
								</Shape>
							</Group>
						</Transform>
					</Transform>
					<Transform DEF="group_20_TRANSFORM"
					           translation="416.797913 113.511208 0.000000"
					           scale="-1.000000 -1.000000 -1.000000"
					           rotation="-1.000000 0.000000 0.000000 3.141593"
					           >
						<Transform DEF="group_20_ifs_TRANSFORM"
						           translation="-0.000015 -0.000008 0.000000"
						           scale="1.000000 1.000000 1.000000"
						           rotation="0.000000 0.000000 0.000000 0.000000"
						           >
							<Group DEF="group_ME_ID133">
								<Shape>
									<Appearance>
										<Material USE="MA_material_007" />
									</Appearance>
									<IndexedFaceSet solid="false"
									                coordIndex="0 1 2 -1 2 1 3 -1 1 4 3 -1 3 4 5 -1 4 6 5 -1 5 6 7 -1 6 8 7 -1 7 8 9 -1 8 10 9 -1 9 10 11 -1 10 12 11 -1 11 12 13 -1 12 14 13 -1 13 14 15 -1 14 16 15 -1 15 16 17 -1 16 18 17 -1 17 18 19 -1 18 20 19 -1 19 20 21 -1 20 22 21 -1 23 21 22 -1 "
									                >
										<Coordinate DEF="coords_ME_ID133"
										            point="7.874016 3.937008 0.000000 7.739866 2.918035 0.000000 7.739866 4.955980 0.000000 7.346557 5.905512 0.000000 7.346557 1.968504 0.000000 6.720892 6.720892 0.000000 6.720892 1.153123 0.000000 5.905512 7.346557 0.000000 5.905511 0.527459 0.000000 4.955980 7.739866 0.000000 4.955980 0.134150 0.000000 3.937008 7.874016 0.000000 3.937008 0.000000 0.000000 2.918035 7.739866 0.000000 2.918035 0.134150 0.000000 1.968504 7.346557 0.000000 1.968504 0.527459 0.000000 1.153123 6.720892 0.000000 1.153123 1.153123 0.000000 0.527459 5.905512 0.000000 0.527459 1.968504 0.000000 0.134150 4.955980 0.000000 0.134150 2.918035 0.000000 0.000000 3.937008 0.000000 "
										            />
									</IndexedFaceSet>
								</Shape>
							</Group>
						</Transform>
					</Transform>
					<Transform DEF="group_21_TRANSFORM"
					           translation="252.755875 113.511208 0.000000"
					           scale="-1.000000 -1.000000 -1.000000"
					           rotation="-1.000000 0.000000 0.000000 3.141593"
					           >
						<Transform DEF="group_21_ifs_TRANSFORM"
						           translation="-0.000000 -0.000008 0.000000"
						           scale="1.000000 1.000000 1.000000"
						           rotation="0.000000 0.000000 0.000000 0.000000"
						           >
							<Group DEF="group_ME_ID140">
								<Shape>
									<Appearance>
										<Material USE="MA_material_007" />
									</Appearance>
									<IndexedFaceSet solid="false"
									                coordIndex="0 1 2 -1 2 1 3 -1 1 4 3 -1 3 4 5 -1 4 6 5 -1 5 6 7 -1 6 8 7 -1 7 8 9 -1 8 10 9 -1 9 10 11 -1 10 12 11 -1 11 12 13 -1 12 14 13 -1 13 14 15 -1 14 16 15 -1 15 16 17 -1 16 18 17 -1 17 18 19 -1 18 20 19 -1 19 20 21 -1 20 22 21 -1 23 21 22 -1 "
									                >
										<Coordinate DEF="coords_ME_ID140"
										            point="7.874016 3.937008 0.000000 7.739866 2.918035 0.000000 7.739866 4.955980 0.000000 7.346557 5.905512 0.000000 7.346557 1.968504 0.000000 6.720892 6.720892 0.000000 6.720892 1.153123 0.000000 5.905512 7.346557 0.000000 5.905511 0.527459 0.000000 4.955980 7.739866 0.000000 4.955980 0.134150 0.000000 3.937008 7.874016 0.000000 3.937008 0.000000 0.000000 2.918035 7.739866 0.000000 2.918035 0.134150 0.000000 1.968504 7.346557 0.000000 1.968504 0.527459 0.000000 1.153123 6.720892 0.000000 1.153123 1.153123 0.000000 0.527459 5.905512 0.000000 0.527459 1.968504 0.000000 0.134150 4.955980 0.000000 0.134150 2.918035 0.000000 0.000000 3.937008 0.000000 "
										            />
									</IndexedFaceSet>
								</Shape>
							</Group>
						</Transform>
					</Transform>
					<Transform DEF="group_22_TRANSFORM"
					           translation="548.031494 113.511208 0.000000"
					           scale="-1.000000 -1.000000 -1.000000"
					           rotation="-1.000000 0.000000 0.000000 3.141593"
					           >
						<Transform DEF="group_22_ifs_TRANSFORM"
						           translation="-0.000031 -0.000008 0.000000"
						           scale="1.000000 1.000000 1.000000"
						           rotation="0.000000 0.000000 0.000000 0.000000"
						           >
							<Group DEF="group_ME_ID147_001">
								<Shape>
									<Appearance>
										<Material USE="MA_material_007" />
									</Appearance>
									<IndexedFaceSet solid="false"
									                coordIndex="0 1 2 -1 2 1 3 -1 1 4 3 -1 3 4 5 -1 4 6 5 -1 5 6 7 -1 6 8 7 -1 7 8 9 -1 8 10 9 -1 9 10 11 -1 10 12 11 -1 11 12 13 -1 12 14 13 -1 13 14 15 -1 14 16 15 -1 15 16 17 -1 16 18 17 -1 17 18 19 -1 18 20 19 -1 19 20 21 -1 20 22 21 -1 23 21 22 -1 "
									                >
										<Coordinate DEF="coords_ME_ID147_001"
										            point="7.874016 3.937008 0.000000 7.739866 2.918035 0.000000 7.739866 4.955980 0.000000 7.346557 5.905512 0.000000 7.346557 1.968504 0.000000 6.720892 6.720892 0.000000 6.720892 1.153123 0.000000 5.905512 7.346557 0.000000 5.905511 0.527459 0.000000 4.955980 7.739866 0.000000 4.955980 0.134150 0.000000 3.937008 7.874016 0.000000 3.937008 0.000000 0.000000 2.918035 7.739866 0.000000 2.918035 0.134150 0.000000 1.968504 7.346557 0.000000 1.968504 0.527459 0.000000 1.153123 6.720892 0.000000 1.153123 1.153123 0.000000 0.527459 5.905512 0.000000 0.527459 1.968504 0.000000 0.134150 4.955980 0.000000 0.134150 2.918035 0.000000 0.000000 3.937008 0.000000 "
										            />
									</IndexedFaceSet>
								</Shape>
							</Group>
						</Transform>
					</Transform>
					<Transform DEF="group_23_TRANSFORM"
					           translation="592.260132 113.511208 0.000000"
					           scale="-1.000000 -1.000000 -1.000000"
					           rotation="-1.000000 0.000000 0.000000 3.141593"
					           >
						<Transform DEF="group_23_ifs_TRANSFORM"
						           translation="0.000000 -0.000008 0.000000"
						           scale="1.000000 1.000000 1.000000"
						           rotation="0.000000 0.000000 0.000000 0.000000"
						           >
							<Group DEF="group_ME_ID154">
								<Shape>
									<Appearance>
										<Material USE="MA_material_007" />
									</Appearance>
									<IndexedFaceSet solid="false"
									                coordIndex="0 1 2 -1 2 1 3 -1 1 4 3 -1 3 4 5 -1 4 6 5 -1 5 6 7 -1 6 8 7 -1 7 8 9 -1 8 10 9 -1 9 10 11 -1 10 12 11 -1 11 12 13 -1 12 14 13 -1 13 14 15 -1 14 16 15 -1 15 16 17 -1 16 18 17 -1 17 18 19 -1 18 20 19 -1 19 20 21 -1 20 22 21 -1 23 21 22 -1 "
									                >
										<Coordinate DEF="coords_ME_ID154"
										            point="7.874016 3.937008 0.000000 7.739866 2.918035 0.000000 7.739866 4.955980 0.000000 7.346557 5.905512 0.000000 7.346557 1.968504 0.000000 6.720892 6.720892 0.000000 6.720892 1.153123 0.000000 5.905512 7.346557 0.000000 5.905511 0.527459 0.000000 4.955980 7.739866 0.000000 4.955980 0.134150 0.000000 3.937008 7.874016 0.000000 3.937008 0.000000 0.000000 2.918035 7.739866 0.000000 2.918035 0.134150 0.000000 1.968504 7.346557 0.000000 1.968504 0.527459 0.000000 1.153123 6.720892 0.000000 1.153123 1.153123 0.000000 0.527459 5.905512 0.000000 0.527459 1.968504 0.000000 0.134150 4.955980 0.000000 0.134150 2.918035 0.000000 0.000000 3.937008 0.000000 "
										            />
									</IndexedFaceSet>
								</Shape>
							</Group>
						</Transform>
					</Transform>
					<Transform DEF="group_24_TRANSFORM"
					           translation="592.260132 113.511208 0.000000"
					           scale="-1.000000 -1.000000 -1.000000"
					           rotation="-1.000000 0.000000 0.000000 3.141593"
					           >
						<Transform DEF="group_24_ifs_TRANSFORM"
						           translation="0.000000 -0.000008 0.000000"
						           scale="1.000000 1.000000 1.000000"
						           rotation="0.000000 0.000000 0.000000 0.000000"
						           >
							<Group DEF="group_ME_ID161">
								<Shape>
									<Appearance>
										<Material USE="MA_material_007" />
									</Appearance>
									<IndexedFaceSet solid="false"
									                coordIndex="0 1 2 -1 2 1 3 -1 1 4 3 -1 3 4 5 -1 4 6 5 -1 5 6 7 -1 6 8 7 -1 7 8 9 -1 8 10 9 -1 9 10 11 -1 10 12 11 -1 11 12 13 -1 12 14 13 -1 13 14 15 -1 14 16 15 -1 15 16 17 -1 16 18 17 -1 17 18 19 -1 18 20 19 -1 19 20 21 -1 20 22 21 -1 23 21 22 -1 "
									                >
										<Coordinate DEF="coords_ME_ID161"
										            point="7.874016 3.937008 0.000000 7.739866 2.918035 0.000000 7.739866 4.955980 0.000000 7.346557 5.905512 0.000000 7.346557 1.968504 0.000000 6.720892 6.720892 0.000000 6.720892 1.153123 0.000000 5.905512 7.346557 0.000000 5.905511 0.527459 0.000000 4.955980 7.739866 0.000000 4.955980 0.134150 0.000000 3.937008 7.874016 0.000000 3.937008 0.000000 0.000000 2.918035 7.739866 0.000000 2.918035 0.134150 0.000000 1.968504 7.346557 0.000000 1.968504 0.527459 0.000000 1.153123 6.720892 0.000000 1.153123 1.153123 0.000000 0.527459 5.905512 0.000000 0.527459 1.968504 0.000000 0.134150 4.955980 0.000000 0.134150 2.918035 0.000000 0.000000 3.937008 0.000000 "
										            />
									</IndexedFaceSet>
								</Shape>
							</Group>
						</Transform>
					</Transform>
					<Transform DEF="group_25_TRANSFORM"
					           translation="187.139069 223.353729 0.000000"
					           scale="-1.000000 -1.000000 -1.000000"
					           rotation="-1.000000 0.000000 0.000000 3.141593"
					           >
						<Transform DEF="group_25_ifs_TRANSFORM"
						           translation="0.000008 0.000000 0.000000"
						           scale="1.000000 1.000000 1.000000"
						           rotation="0.000000 0.000000 0.000000 0.000000"
						           >
							<Group DEF="group_ME_ID168">
								<Shape>
									<Appearance>
										<Material USE="MA_material_007" />
									</Appearance>
									<IndexedFaceSet solid="false"
									                coordIndex="0 1 2 -1 2 1 3 -1 1 4 3 -1 3 4 5 -1 4 6 5 -1 5 6 7 -1 6 8 7 -1 7 8 9 -1 8 10 9 -1 9 10 11 -1 10 12 11 -1 11 12 13 -1 12 14 13 -1 13 14 15 -1 14 16 15 -1 15 16 17 -1 16 18 17 -1 17 18 19 -1 18 20 19 -1 19 20 21 -1 20 22 21 -1 23 21 22 -1 "
									                >
										<Coordinate DEF="coords_ME_ID168"
										            point="7.874016 3.937008 0.000000 7.739866 2.918035 0.000000 7.739866 4.955980 0.000000 7.346557 5.905512 0.000000 7.346557 1.968504 0.000000 6.720892 6.720892 0.000000 6.720892 1.153123 0.000000 5.905512 7.346557 0.000000 5.905511 0.527459 0.000000 4.955980 7.739866 0.000000 4.955980 0.134150 0.000000 3.937008 7.874016 0.000000 3.937008 0.000000 0.000000 2.918035 7.739866 0.000000 2.918035 0.134150 0.000000 1.968504 7.346557 0.000000 1.968504 0.527459 0.000000 1.153123 6.720892 0.000000 1.153123 1.153123 0.000000 0.527459 5.905512 0.000000 0.527459 1.968504 0.000000 0.134150 4.955980 0.000000 0.134150 2.918035 0.000000 0.000000 3.937008 0.000000 "
										            />
									</IndexedFaceSet>
								</Shape>
							</Group>
						</Transform>
					</Transform>
					<Transform DEF="group_26_TRANSFORM"
					           translation="121.522285 223.353729 0.000000"
					           scale="-1.000000 -1.000000 -1.000000"
					           rotation="-1.000000 0.000000 0.000000 3.141593"
					           >
						<Transform DEF="group_26_ifs_TRANSFORM"
						           translation="0.000008 0.000000 0.000000"
						           scale="1.000000 1.000000 1.000000"
						           rotation="0.000000 0.000000 0.000000 0.000000"
						           >
							<Group DEF="group_ME_ID175_002">
								<Shape>
									<Appearance>
										<Material USE="MA_material_007" />
									</Appearance>
									<IndexedFaceSet solid="false"
									                coordIndex="0 1 2 -1 2 1 3 -1 1 4 3 -1 3 4 5 -1 4 6 5 -1 5 6 7 -1 6 8 7 -1 7 8 9 -1 8 10 9 -1 9 10 11 -1 10 12 11 -1 11 12 13 -1 12 14 13 -1 13 14 15 -1 14 16 15 -1 15 16 17 -1 16 18 17 -1 17 18 19 -1 18 20 19 -1 19 20 21 -1 20 22 21 -1 23 21 22 -1 "
									                >
										<Coordinate DEF="coords_ME_ID175_002"
										            point="7.874016 3.937008 0.000000 7.739866 2.918035 0.000000 7.739866 4.955980 0.000000 7.346557 5.905512 0.000000 7.346557 1.968504 0.000000 6.720892 6.720892 0.000000 6.720892 1.153123 0.000000 5.905512 7.346557 0.000000 5.905511 0.527459 0.000000 4.955980 7.739866 0.000000 4.955980 0.134150 0.000000 3.937008 7.874016 0.000000 3.937008 0.000000 0.000000 2.918035 7.739866 0.000000 2.918035 0.134150 0.000000 1.968504 7.346557 0.000000 1.968504 0.527459 0.000000 1.153123 6.720892 0.000000 1.153123 1.153123 0.000000 0.527459 5.905512 0.000000 0.527459 1.968504 0.000000 0.134150 4.955980 0.000000 0.134150 2.918035 0.000000 0.000000 3.937008 0.000000 "
										            />
									</IndexedFaceSet>
								</Shape>
							</Group>
						</Transform>
					</Transform>
					<Transform DEF="group_27_TRANSFORM"
					           translation="55.905472 223.353729 0.000000"
					           scale="-1.000000 -1.000000 -1.000000"
					           rotation="-1.000000 0.000000 0.000000 3.141593"
					           >
						<Transform DEF="group_27_ifs_TRANSFORM"
						           translation="0.000015 0.000000 0.000000"
						           scale="1.000000 1.000000 1.000000"
						           rotation="0.000000 0.000000 0.000000 0.000000"
						           >
							<Group DEF="group_ME_ID182_001">
								<Shape>
									<Appearance>
										<Material USE="MA_material_007" />
									</Appearance>
									<IndexedFaceSet solid="false"
									                coordIndex="0 1 2 -1 2 1 3 -1 1 4 3 -1 3 4 5 -1 4 6 5 -1 5 6 7 -1 6 8 7 -1 7 8 9 -1 8 10 9 -1 9 10 11 -1 10 12 11 -1 11 12 13 -1 12 14 13 -1 13 14 15 -1 14 16 15 -1 15 16 17 -1 16 18 17 -1 17 18 19 -1 18 20 19 -1 19 20 21 -1 20 22 21 -1 23 21 22 -1 "
									                >
										<Coordinate DEF="coords_ME_ID182_001"
										            point="7.874016 3.937008 0.000000 7.739866 2.918035 0.000000 7.739866 4.955980 0.000000 7.346557 5.905512 0.000000 7.346557 1.968504 0.000000 6.720892 6.720892 0.000000 6.720892 1.153123 0.000000 5.905512 7.346557 0.000000 5.905511 0.527459 0.000000 4.955980 7.739866 0.000000 4.955980 0.134150 0.000000 3.937008 7.874016 0.000000 3.937008 0.000000 0.000000 2.918035 7.739866 0.000000 2.918035 0.134150 0.000000 1.968504 7.346557 0.000000 1.968504 0.527459 0.000000 1.153123 6.720892 0.000000 1.153123 1.153123 0.000000 0.527459 5.905512 0.000000 0.527459 1.968504 0.000000 0.134150 4.955980 0.000000 0.134150 2.918035 0.000000 0.000000 3.937008 0.000000 "
										            />
									</IndexedFaceSet>
								</Shape>
							</Group>
						</Transform>
					</Transform>
					<Transform DEF="group_28_TRANSFORM"
					           translation="11.810989 223.353729 0.000000"
					           scale="-1.000000 -1.000000 -1.000000"
					           rotation="-1.000000 0.000000 0.000000 3.141593"
					           >
						<Transform DEF="group_28_ifs_TRANSFORM"
						           translation="0.000031 0.000000 0.000000"
						           scale="1.000000 1.000000 1.000000"
						           rotation="0.000000 0.000000 0.000000 0.000000"
						           >
							<Group DEF="group_ME_ID189_002">
								<Shape>
									<Appearance>
										<Material USE="MA_material_007" />
									</Appearance>
									<IndexedFaceSet solid="false"
									                coordIndex="0 1 2 -1 2 1 3 -1 1 4 3 -1 3 4 5 -1 4 6 5 -1 5 6 7 -1 6 8 7 -1 7 8 9 -1 8 10 9 -1 9 10 11 -1 10 12 11 -1 11 12 13 -1 12 14 13 -1 13 14 15 -1 14 16 15 -1 15 16 17 -1 16 18 17 -1 17 18 19 -1 18 20 19 -1 19 20 21 -1 20 22 21 -1 23 21 22 -1 "
									                >
										<Coordinate DEF="coords_ME_ID189_002"
										            point="7.874016 3.937008 0.000000 7.739866 2.918035 0.000000 7.739866 4.955980 0.000000 7.346557 5.905512 0.000000 7.346557 1.968504 0.000000 6.720892 6.720892 0.000000 6.720892 1.153123 0.000000 5.905512 7.346557 0.000000 5.905511 0.527459 0.000000 4.955980 7.739866 0.000000 4.955980 0.134150 0.000000 3.937008 7.874016 0.000000 3.937008 0.000000 0.000000 2.918035 7.739866 0.000000 2.918035 0.134150 0.000000 1.968504 7.346557 0.000000 1.968504 0.527459 0.000000 1.153123 6.720892 0.000000 1.153123 1.153123 0.000000 0.527459 5.905512 0.000000 0.527459 1.968504 0.000000 0.134150 4.955980 0.000000 0.134150 2.918035 0.000000 0.000000 3.937008 0.000000 "
										            />
									</IndexedFaceSet>
								</Shape>
							</Group>
						</Transform>
					</Transform>
					<Transform DEF="group_29_TRANSFORM"
					           translation="482.414673 223.353729 0.000000"
					           scale="-1.000000 -1.000000 -1.000000"
					           rotation="-1.000000 0.000000 0.000000 3.141593"
					           >
						<Transform DEF="group_29_ifs_TRANSFORM"
						           translation="-0.000015 0.000000 0.000000"
						           scale="1.000000 1.000000 1.000000"
						           rotation="0.000000 0.000000 0.000000 0.000000"
						           >
							<Group DEF="group_ME_ID196_002">
								<Shape>
									<Appearance>
										<Material USE="MA_material_007" />
									</Appearance>
									<IndexedFaceSet solid="false"
									                coordIndex="0 1 2 -1 2 1 3 -1 1 4 3 -1 3 4 5 -1 4 6 5 -1 5 6 7 -1 6 8 7 -1 7 8 9 -1 8 10 9 -1 9 10 11 -1 10 12 11 -1 11 12 13 -1 12 14 13 -1 13 14 15 -1 14 16 15 -1 15 16 17 -1 16 18 17 -1 17 18 19 -1 18 20 19 -1 19 20 21 -1 20 22 21 -1 23 21 22 -1 "
									                >
										<Coordinate DEF="coords_ME_ID196_002"
										            point="7.874016 3.937008 0.000000 7.739866 2.918035 0.000000 7.739866 4.955980 0.000000 7.346557 5.905512 0.000000 7.346557 1.968504 0.000000 6.720892 6.720892 0.000000 6.720892 1.153123 0.000000 5.905512 7.346557 0.000000 5.905511 0.527459 0.000000 4.955980 7.739866 0.000000 4.955980 0.134150 0.000000 3.937008 7.874016 0.000000 3.937008 0.000000 0.000000 2.918035 7.739866 0.000000 2.918035 0.134150 0.000000 1.968504 7.346557 0.000000 1.968504 0.527459 0.000000 1.153123 6.720892 0.000000 1.153123 1.153123 0.000000 0.527459 5.905512 0.000000 0.527459 1.968504 0.000000 0.134150 4.955980 0.000000 0.134150 2.918035 0.000000 0.000000 3.937008 0.000000 "
										            />
									</IndexedFaceSet>
								</Shape>
							</Group>
						</Transform>
					</Transform>
					<Transform DEF="group_30_TRANSFORM"
					           translation="416.797913 223.353729 0.000000"
					           scale="-1.000000 -1.000000 -1.000000"
					           rotation="-1.000000 0.000000 0.000000 3.141593"
					           >
						<Transform DEF="group_30_ifs_TRANSFORM"
						           translation="-0.000015 0.000000 0.000000"
						           scale="1.000000 1.000000 1.000000"
						           rotation="0.000000 0.000000 0.000000 0.000000"
						           >
							<Group DEF="group_ME_ID203">
								<Shape>
									<Appearance>
										<Material USE="MA_material_007" />
									</Appearance>
									<IndexedFaceSet solid="false"
									                coordIndex="0 1 2 -1 2 1 3 -1 1 4 3 -1 3 4 5 -1 4 6 5 -1 5 6 7 -1 6 8 7 -1 7 8 9 -1 8 10 9 -1 9 10 11 -1 10 12 11 -1 11 12 13 -1 12 14 13 -1 13 14 15 -1 14 16 15 -1 15 16 17 -1 16 18 17 -1 17 18 19 -1 18 20 19 -1 19 20 21 -1 20 22 21 -1 23 21 22 -1 "
									                >
										<Coordinate DEF="coords_ME_ID203"
										            point="7.874016 3.937008 0.000000 7.739866 2.918035 0.000000 7.739866 4.955980 0.000000 7.346557 5.905512 0.000000 7.346557 1.968504 0.000000 6.720892 6.720892 0.000000 6.720892 1.153123 0.000000 5.905512 7.346557 0.000000 5.905511 0.527459 0.000000 4.955980 7.739866 0.000000 4.955980 0.134150 0.000000 3.937008 7.874016 0.000000 3.937008 0.000000 0.000000 2.918035 7.739866 0.000000 2.918035 0.134150 0.000000 1.968504 7.346557 0.000000 1.968504 0.527459 0.000000 1.153123 6.720892 0.000000 1.153123 1.153123 0.000000 0.527459 5.905512 0.000000 0.527459 1.968504 0.000000 0.134150 4.955980 0.000000 0.134150 2.918035 0.000000 0.000000 3.937008 0.000000 "
										            />
									</IndexedFaceSet>
								</Shape>
							</Group>
						</Transform>
					</Transform>
					<Transform DEF="group_31_TRANSFORM"
					           translation="252.755875 223.353729 0.000000"
					           scale="-1.000000 -1.000000 -1.000000"
					           rotation="-1.000000 0.000000 0.000000 3.141593"
					           >
						<Transform DEF="group_31_ifs_TRANSFORM"
						           translation="-0.000000 0.000000 0.000000"
						           scale="1.000000 1.000000 1.000000"
						           rotation="0.000000 0.000000 0.000000 0.000000"
						           >
							<Group DEF="group_ME_ID210">
								<Shape>
									<Appearance>
										<Material USE="MA_material_007" />
									</Appearance>
									<IndexedFaceSet solid="false"
									                coordIndex="0 1 2 -1 2 1 3 -1 1 4 3 -1 3 4 5 -1 4 6 5 -1 5 6 7 -1 6 8 7 -1 7 8 9 -1 8 10 9 -1 9 10 11 -1 10 12 11 -1 11 12 13 -1 12 14 13 -1 13 14 15 -1 14 16 15 -1 15 16 17 -1 16 18 17 -1 17 18 19 -1 18 20 19 -1 19 20 21 -1 20 22 21 -1 23 21 22 -1 "
									                >
										<Coordinate DEF="coords_ME_ID210"
										            point="7.874016 3.937008 0.000000 7.739866 2.918035 0.000000 7.739866 4.955980 0.000000 7.346557 5.905512 0.000000 7.346557 1.968504 0.000000 6.720892 6.720892 0.000000 6.720892 1.153123 0.000000 5.905512 7.346557 0.000000 5.905511 0.527459 0.000000 4.955980 7.739866 0.000000 4.955980 0.134150 0.000000 3.937008 7.874016 0.000000 3.937008 0.000000 0.000000 2.918035 7.739866 0.000000 2.918035 0.134150 0.000000 1.968504 7.346557 0.000000 1.968504 0.527459 0.000000 1.153123 6.720892 0.000000 1.153123 1.153123 0.000000 0.527459 5.905512 0.000000 0.527459 1.968504 0.000000 0.134150 4.955980 0.000000 0.134150 2.918035 0.000000 0.000000 3.937008 0.000000 "
										            />
									</IndexedFaceSet>
								</Shape>
							</Group>
						</Transform>
					</Transform>
					<Transform DEF="group_32_TRANSFORM"
					           translation="592.260132 47.897324 0.000000"
					           scale="-1.000000 -1.000000 -1.000000"
					           rotation="-1.000000 0.000000 0.000000 3.141593"
					           >
						<Transform DEF="group_32_ifs_TRANSFORM"
						           translation="0.000000 -0.000015 0.000000"
						           scale="1.000000 1.000000 1.000000"
						           rotation="0.000000 0.000000 0.000000 0.000000"
						           >
							<Group DEF="group_ME_ID217">
								<Shape>
									<Appearance>
										<Material USE="MA_material_007" />
									</Appearance>
									<IndexedFaceSet solid="false"
									                coordIndex="0 1 2 -1 2 1 3 -1 1 4 3 -1 3 4 5 -1 4 6 5 -1 5 6 7 -1 6 8 7 -1 7 8 9 -1 8 10 9 -1 9 10 11 -1 10 12 11 -1 11 12 13 -1 12 14 13 -1 13 14 15 -1 14 16 15 -1 15 16 17 -1 16 18 17 -1 17 18 19 -1 18 20 19 -1 19 20 21 -1 20 22 21 -1 23 21 22 -1 "
									                >
										<Coordinate DEF="coords_ME_ID217"
										            point="7.874016 3.937008 0.000000 7.739866 2.918035 0.000000 7.739866 4.955980 0.000000 7.346557 5.905512 0.000000 7.346557 1.968504 0.000000 6.720892 6.720892 0.000000 6.720892 1.153123 0.000000 5.905512 7.346557 0.000000 5.905511 0.527459 0.000000 4.955980 7.739866 0.000000 4.955980 0.134150 0.000000 3.937008 7.874016 0.000000 3.937008 0.000000 0.000000 2.918035 7.739866 0.000000 2.918035 0.134150 0.000000 1.968504 7.346557 0.000000 1.968504 0.527459 0.000000 1.153123 6.720892 0.000000 1.153123 1.153123 0.000000 0.527459 5.905512 0.000000 0.527459 1.968504 0.000000 0.134150 4.955980 0.000000 0.134150 2.918035 0.000000 0.000000 3.937008 0.000000 "
										            />
									</IndexedFaceSet>
								</Shape>
							</Group>
						</Transform>
					</Transform>
					<Transform DEF="group_33_TRANSFORM"
					           translation="416.797913 47.897324 0.000000"
					           scale="-1.000000 -1.000000 -1.000000"
					           rotation="-1.000000 0.000000 0.000000 3.141593"
					           >
						<Transform DEF="group_33_ifs_TRANSFORM"
						           translation="-0.000015 -0.000015 0.000000"
						           scale="1.000000 1.000000 1.000000"
						           rotation="0.000000 0.000000 0.000000 0.000000"
						           >
							<Group DEF="group_ME_ID224">
								<Shape>
									<Appearance>
										<Material USE="MA_material_007" />
									</Appearance>
									<IndexedFaceSet solid="false"
									                coordIndex="0 1 2 -1 2 1 3 -1 1 4 3 -1 3 4 5 -1 4 6 5 -1 5 6 7 -1 6 8 7 -1 7 8 9 -1 8 10 9 -1 9 10 11 -1 10 12 11 -1 11 12 13 -1 12 14 13 -1 13 14 15 -1 14 16 15 -1 15 16 17 -1 16 18 17 -1 17 18 19 -1 18 20 19 -1 19 20 21 -1 20 22 21 -1 23 21 22 -1 "
									                >
										<Coordinate DEF="coords_ME_ID224"
										            point="7.874016 3.937008 0.000000 7.739866 2.918035 0.000000 7.739866 4.955980 0.000000 7.346557 5.905512 0.000000 7.346557 1.968504 0.000000 6.720892 6.720892 0.000000 6.720892 1.153123 0.000000 5.905512 7.346557 0.000000 5.905511 0.527459 0.000000 4.955980 7.739866 0.000000 4.955980 0.134150 0.000000 3.937008 7.874016 0.000000 3.937008 0.000000 0.000000 2.918035 7.739866 0.000000 2.918035 0.134150 0.000000 1.968504 7.346557 0.000000 1.968504 0.527459 0.000000 1.153123 6.720892 0.000000 1.153123 1.153123 0.000000 0.527459 5.905512 0.000000 0.527459 1.968504 0.000000 0.134150 4.955980 0.000000 0.134150 2.918035 0.000000 0.000000 3.937008 0.000000 "
										            />
									</IndexedFaceSet>
								</Shape>
							</Group>
						</Transform>
					</Transform>
					<Transform DEF="group_34_TRANSFORM"
					           translation="187.139069 47.897324 0.000000"
					           scale="-1.000000 -1.000000 -1.000000"
					           rotation="-1.000000 0.000000 0.000000 3.141593"
					           >
						<Transform DEF="group_34_ifs_TRANSFORM"
						           translation="0.000008 -0.000015 0.000000"
						           scale="1.000000 1.000000 1.000000"
						           rotation="0.000000 0.000000 0.000000 0.000000"
						           >
							<Group DEF="group_ME_ID231">
								<Shape>
									<Appearance>
										<Material USE="MA_material_007" />
									</Appearance>
									<IndexedFaceSet solid="false"
									                coordIndex="0 1 2 -1 2 1 3 -1 1 4 3 -1 3 4 5 -1 4 6 5 -1 5 6 7 -1 6 8 7 -1 7 8 9 -1 8 10 9 -1 9 10 11 -1 10 12 11 -1 11 12 13 -1 12 14 13 -1 13 14 15 -1 14 16 15 -1 15 16 17 -1 16 18 17 -1 17 18 19 -1 18 20 19 -1 19 20 21 -1 20 22 21 -1 23 21 22 -1 "
									                >
										<Coordinate DEF="coords_ME_ID231"
										            point="7.874016 3.937008 0.000000 7.739866 2.918035 0.000000 7.739866 4.955980 0.000000 7.346557 5.905512 0.000000 7.346557 1.968504 0.000000 6.720892 6.720892 0.000000 6.720892 1.153123 0.000000 5.905512 7.346557 0.000000 5.905511 0.527459 0.000000 4.955980 7.739866 0.000000 4.955980 0.134150 0.000000 3.937008 7.874016 0.000000 3.937008 0.000000 0.000000 2.918035 7.739866 0.000000 2.918035 0.134150 0.000000 1.968504 7.346557 0.000000 1.968504 0.527459 0.000000 1.153123 6.720892 0.000000 1.153123 1.153123 0.000000 0.527459 5.905512 0.000000 0.527459 1.968504 0.000000 0.134150 4.955980 0.000000 0.134150 2.918035 0.000000 0.000000 3.937008 0.000000 "
										            />
									</IndexedFaceSet>
								</Shape>
							</Group>
						</Transform>
					</Transform>
					<Transform DEF="group_35_TRANSFORM"
					           translation="592.260132 47.897324 0.000000"
					           scale="-1.000000 -1.000000 -1.000000"
					           rotation="-1.000000 0.000000 0.000000 3.141593"
					           >
						<Transform DEF="group_35_ifs_TRANSFORM"
						           translation="0.000000 -0.000015 0.000000"
						           scale="1.000000 1.000000 1.000000"
						           rotation="0.000000 0.000000 0.000000 0.000000"
						           >
							<Group DEF="group_ME_ID238">
								<Shape>
									<Appearance>
										<Material USE="MA_material_007" />
									</Appearance>
									<IndexedFaceSet solid="false"
									                coordIndex="0 1 2 -1 2 1 3 -1 1 4 3 -1 3 4 5 -1 4 6 5 -1 5 6 7 -1 6 8 7 -1 7 8 9 -1 8 10 9 -1 9 10 11 -1 10 12 11 -1 11 12 13 -1 12 14 13 -1 13 14 15 -1 14 16 15 -1 15 16 17 -1 16 18 17 -1 17 18 19 -1 18 20 19 -1 19 20 21 -1 20 22 21 -1 23 21 22 -1 "
									                >
										<Coordinate DEF="coords_ME_ID238"
										            point="7.874016 3.937008 0.000000 7.739866 2.918035 0.000000 7.739866 4.955980 0.000000 7.346557 5.905512 0.000000 7.346557 1.968504 0.000000 6.720892 6.720892 0.000000 6.720892 1.153123 0.000000 5.905512 7.346557 0.000000 5.905511 0.527459 0.000000 4.955980 7.739866 0.000000 4.955980 0.134150 0.000000 3.937008 7.874016 0.000000 3.937008 0.000000 0.000000 2.918035 7.739866 0.000000 2.918035 0.134150 0.000000 1.968504 7.346557 0.000000 1.968504 0.527459 0.000000 1.153123 6.720892 0.000000 1.153123 1.153123 0.000000 0.527459 5.905512 0.000000 0.527459 1.968504 0.000000 0.134150 4.955980 0.000000 0.134150 2.918035 0.000000 0.000000 3.937008 0.000000 "
										            />
									</IndexedFaceSet>
								</Shape>
							</Group>
						</Transform>
					</Transform>
					<Transform DEF="group_36_TRANSFORM"
					           translation="11.810989 47.897324 0.000000"
					           scale="-1.000000 -1.000000 -1.000000"
					           rotation="-1.000000 0.000000 0.000000 3.141593"
					           >
						<Transform DEF="group_36_ifs_TRANSFORM"
						           translation="0.000031 -0.000015 0.000000"
						           scale="1.000000 1.000000 1.000000"
						           rotation="0.000000 0.000000 0.000000 0.000000"
						           >
							<Group DEF="group_ME_ID245">
								<Shape>
									<Appearance>
										<Material USE="MA_material_007" />
									</Appearance>
									<IndexedFaceSet solid="false"
									                coordIndex="0 1 2 -1 2 1 3 -1 1 4 3 -1 3 4 5 -1 4 6 5 -1 5 6 7 -1 6 8 7 -1 7 8 9 -1 8 10 9 -1 9 10 11 -1 10 12 11 -1 11 12 13 -1 12 14 13 -1 13 14 15 -1 14 16 15 -1 15 16 17 -1 16 18 17 -1 17 18 19 -1 18 20 19 -1 19 20 21 -1 20 22 21 -1 23 21 22 -1 "
									                >
										<Coordinate DEF="coords_ME_ID245"
										            point="7.874016 3.937008 0.000000 7.739866 2.918035 0.000000 7.739866 4.955980 0.000000 7.346557 5.905512 0.000000 7.346557 1.968504 0.000000 6.720892 6.720892 0.000000 6.720892 1.153123 0.000000 5.905512 7.346557 0.000000 5.905511 0.527459 0.000000 4.955980 7.739866 0.000000 4.955980 0.134150 0.000000 3.937008 7.874016 0.000000 3.937008 0.000000 0.000000 2.918035 7.739866 0.000000 2.918035 0.134150 0.000000 1.968504 7.346557 0.000000 1.968504 0.527459 0.000000 1.153123 6.720892 0.000000 1.153123 1.153123 0.000000 0.527459 5.905512 0.000000 0.527459 1.968504 0.000000 0.134150 4.955980 0.000000 0.134150 2.918035 0.000000 0.000000 3.937008 0.000000 "
										            />
									</IndexedFaceSet>
								</Shape>
							</Group>
						</Transform>
					</Transform>
					<Transform DEF="group_37_TRANSFORM"
					           translation="548.031494 223.353729 0.000000"
					           scale="-1.000000 -1.000000 -1.000000"
					           rotation="-1.000000 0.000000 0.000000 3.141593"
					           >
						<Transform DEF="group_37_ifs_TRANSFORM"
						           translation="-0.000031 0.000000 0.000000"
						           scale="1.000000 1.000000 1.000000"
						           rotation="0.000000 0.000000 0.000000 0.000000"
						           >
							<Group DEF="group_ME_ID252">
								<Shape>
									<Appearance>
										<Material USE="MA_material_007" />
									</Appearance>
									<IndexedFaceSet solid="false"
									                coordIndex="0 1 2 -1 2 1 3 -1 1 4 3 -1 3 4 5 -1 4 6 5 -1 5 6 7 -1 6 8 7 -1 7 8 9 -1 8 10 9 -1 9 10 11 -1 10 12 11 -1 11 12 13 -1 12 14 13 -1 13 14 15 -1 14 16 15 -1 15 16 17 -1 16 18 17 -1 17 18 19 -1 18 20 19 -1 19 20 21 -1 20 22 21 -1 23 21 22 -1 "
									                >
										<Coordinate DEF="coords_ME_ID252"
										            point="7.874016 3.937008 0.000000 7.739866 2.918035 0.000000 7.739866 4.955980 0.000000 7.346557 5.905512 0.000000 7.346557 1.968504 0.000000 6.720892 6.720892 0.000000 6.720892 1.153123 0.000000 5.905512 7.346557 0.000000 5.905511 0.527459 0.000000 4.955980 7.739866 0.000000 4.955980 0.134150 0.000000 3.937008 7.874016 0.000000 3.937008 0.000000 0.000000 2.918035 7.739866 0.000000 2.918035 0.134150 0.000000 1.968504 7.346557 0.000000 1.968504 0.527459 0.000000 1.153123 6.720892 0.000000 1.153123 1.153123 0.000000 0.527459 5.905512 0.000000 0.527459 1.968504 0.000000 0.134150 4.955980 0.000000 0.134150 2.918035 0.000000 0.000000 3.937008 0.000000 "
										            />
									</IndexedFaceSet>
								</Shape>
							</Group>
						</Transform>
					</Transform>
					<Transform DEF="group_38_TRANSFORM"
					           translation="592.260132 223.353729 0.000000"
					           scale="-1.000000 -1.000000 -1.000000"
					           rotation="-1.000000 0.000000 0.000000 3.141593"
					           >
						<Transform DEF="group_38_ifs_TRANSFORM"
						           translation="0.000000 0.000000 0.000000"
						           scale="1.000000 1.000000 1.000000"
						           rotation="0.000000 0.000000 0.000000 0.000000"
						           >
							<Group DEF="group_ME_ID259_001">
								<Shape>
									<Appearance>
										<Material USE="MA_material_007" />
									</Appearance>
									<IndexedFaceSet solid="false"
									                coordIndex="0 1 2 -1 2 1 3 -1 1 4 3 -1 3 4 5 -1 4 6 5 -1 5 6 7 -1 6 8 7 -1 7 8 9 -1 8 10 9 -1 9 10 11 -1 10 12 11 -1 11 12 13 -1 12 14 13 -1 13 14 15 -1 14 16 15 -1 15 16 17 -1 16 18 17 -1 17 18 19 -1 18 20 19 -1 19 20 21 -1 20 22 21 -1 23 21 22 -1 "
									                >
										<Coordinate DEF="coords_ME_ID259_001"
										            point="7.874016 3.937008 0.000000 7.739866 2.918035 0.000000 7.739866 4.955980 0.000000 7.346557 5.905512 0.000000 7.346557 1.968504 0.000000 6.720892 6.720892 0.000000 6.720892 1.153123 0.000000 5.905512 7.346557 0.000000 5.905511 0.527459 0.000000 4.955980 7.739866 0.000000 4.955980 0.134150 0.000000 3.937008 7.874016 0.000000 3.937008 0.000000 0.000000 2.918035 7.739866 0.000000 2.918035 0.134150 0.000000 1.968504 7.346557 0.000000 1.968504 0.527459 0.000000 1.153123 6.720892 0.000000 1.153123 1.153123 0.000000 0.527459 5.905512 0.000000 0.527459 1.968504 0.000000 0.134150 4.955980 0.000000 0.134150 2.918035 0.000000 0.000000 3.937008 0.000000 "
										            />
									</IndexedFaceSet>
								</Shape>
							</Group>
						</Transform>
					</Transform>
					<Transform DEF="group_39_TRANSFORM"
					           translation="11.810989 179.259262 0.000000"
					           scale="-1.000000 -1.000000 -1.000000"
					           rotation="-1.000000 0.000000 0.000000 3.141593"
					           >
						<Transform DEF="group_39_ifs_TRANSFORM"
						           translation="0.000031 -0.000008 0.000000"
						           scale="1.000000 1.000000 1.000000"
						           rotation="0.000000 0.000000 0.000000 0.000000"
						           >
							<Group DEF="group_ME_ID266_002">
								<Shape>
									<Appearance>
										<Material USE="MA_material_007" />
									</Appearance>
									<IndexedFaceSet solid="false"
									                coordIndex="0 1 2 -1 2 1 3 -1 1 4 3 -1 3 4 5 -1 4 6 5 -1 5 6 7 -1 6 8 7 -1 7 8 9 -1 8 10 9 -1 9 10 11 -1 10 12 11 -1 11 12 13 -1 12 14 13 -1 13 14 15 -1 14 16 15 -1 15 16 17 -1 16 18 17 -1 17 18 19 -1 18 20 19 -1 19 20 21 -1 20 22 21 -1 23 21 22 -1 "
									                >
										<Coordinate DEF="coords_ME_ID266_002"
										            point="7.874016 3.937008 0.000000 7.739866 2.918035 0.000000 7.739866 4.955980 0.000000 7.346557 5.905512 0.000000 7.346557 1.968504 0.000000 6.720892 6.720892 0.000000 6.720892 1.153123 0.000000 5.905512 7.346557 0.000000 5.905511 0.527459 0.000000 4.955980 7.739866 0.000000 4.955980 0.134150 0.000000 3.937008 7.874016 0.000000 3.937008 0.000000 0.000000 2.918035 7.739866 0.000000 2.918035 0.134150 0.000000 1.968504 7.346557 0.000000 1.968504 0.527459 0.000000 1.153123 6.720892 0.000000 1.153123 1.153123 0.000000 0.527459 5.905512 0.000000 0.527459 1.968504 0.000000 0.134150 4.955980 0.000000 0.134150 2.918035 0.000000 0.000000 3.937008 0.000000 "
										            />
									</IndexedFaceSet>
								</Shape>
							</Group>
						</Transform>
					</Transform>
					<Transform DEF="group_40_TRANSFORM"
					           translation="187.139069 179.259262 0.000000"
					           scale="-1.000000 -1.000000 -1.000000"
					           rotation="-1.000000 0.000000 0.000000 3.141593"
					           >
						<Transform DEF="group_40_ifs_TRANSFORM"
						           translation="0.000008 -0.000008 0.000000"
						           scale="1.000000 1.000000 1.000000"
						           rotation="0.000000 0.000000 0.000000 0.000000"
						           >
							<Group DEF="group_ME_ID273_002">
								<Shape>
									<Appearance>
										<Material USE="MA_material_007" />
									</Appearance>
									<IndexedFaceSet solid="false"
									                coordIndex="0 1 2 -1 2 1 3 -1 1 4 3 -1 3 4 5 -1 4 6 5 -1 5 6 7 -1 6 8 7 -1 7 8 9 -1 8 10 9 -1 9 10 11 -1 10 12 11 -1 11 12 13 -1 12 14 13 -1 13 14 15 -1 14 16 15 -1 15 16 17 -1 16 18 17 -1 17 18 19 -1 18 20 19 -1 19 20 21 -1 20 22 21 -1 23 21 22 -1 "
									                >
										<Coordinate DEF="coords_ME_ID273_002"
										            point="7.874016 3.937008 0.000000 7.739866 2.918035 0.000000 7.739866 4.955980 0.000000 7.346557 5.905512 0.000000 7.346557 1.968504 0.000000 6.720892 6.720892 0.000000 6.720892 1.153123 0.000000 5.905512 7.346557 0.000000 5.905511 0.527459 0.000000 4.955980 7.739866 0.000000 4.955980 0.134150 0.000000 3.937008 7.874016 0.000000 3.937008 0.000000 0.000000 2.918035 7.739866 0.000000 2.918035 0.134150 0.000000 1.968504 7.346557 0.000000 1.968504 0.527459 0.000000 1.153123 6.720892 0.000000 1.153123 1.153123 0.000000 0.527459 5.905512 0.000000 0.527459 1.968504 0.000000 0.134150 4.955980 0.000000 0.134150 2.918035 0.000000 0.000000 3.937008 0.000000 "
										            />
									</IndexedFaceSet>
								</Shape>
							</Group>
						</Transform>
					</Transform>
					<Transform DEF="group_41_TRANSFORM"
					           translation="416.797913 179.259262 0.000000"
					           scale="-1.000000 -1.000000 -1.000000"
					           rotation="-1.000000 0.000000 0.000000 3.141593"
					           >
						<Transform DEF="group_41_ifs_TRANSFORM"
						           translation="-0.000015 -0.000008 0.000000"
						           scale="1.000000 1.000000 1.000000"
						           rotation="0.000000 0.000000 0.000000 0.000000"
						           >
							<Group DEF="group_ME_ID280">
								<Shape>
									<Appearance>
										<Material USE="MA_material_007" />
									</Appearance>
									<IndexedFaceSet solid="false"
									                coordIndex="0 1 2 -1 2 1 3 -1 1 4 3 -1 3 4 5 -1 4 6 5 -1 5 6 7 -1 6 8 7 -1 7 8 9 -1 8 10 9 -1 9 10 11 -1 10 12 11 -1 11 12 13 -1 12 14 13 -1 13 14 15 -1 14 16 15 -1 15 16 17 -1 16 18 17 -1 17 18 19 -1 18 20 19 -1 19 20 21 -1 20 22 21 -1 23 21 22 -1 "
									                >
										<Coordinate DEF="coords_ME_ID280"
										            point="7.874016 3.937008 0.000000 7.739866 2.918035 0.000000 7.739866 4.955980 0.000000 7.346557 5.905512 0.000000 7.346557 1.968504 0.000000 6.720892 6.720892 0.000000 6.720892 1.153123 0.000000 5.905512 7.346557 0.000000 5.905511 0.527459 0.000000 4.955980 7.739866 0.000000 4.955980 0.134150 0.000000 3.937008 7.874016 0.000000 3.937008 0.000000 0.000000 2.918035 7.739866 0.000000 2.918035 0.134150 0.000000 1.968504 7.346557 0.000000 1.968504 0.527459 0.000000 1.153123 6.720892 0.000000 1.153123 1.153123 0.000000 0.527459 5.905512 0.000000 0.527459 1.968504 0.000000 0.134150 4.955980 0.000000 0.134150 2.918035 0.000000 0.000000 3.937008 0.000000 "
										            />
									</IndexedFaceSet>
								</Shape>
							</Group>
						</Transform>
					</Transform>
					<Transform DEF="group_42_TRANSFORM"
					           translation="592.260132 179.259262 0.000000"
					           scale="-1.000000 -1.000000 -1.000000"
					           rotation="-1.000000 0.000000 0.000000 3.141593"
					           >
						<Transform DEF="group_42_ifs_TRANSFORM"
						           translation="0.000000 -0.000008 0.000000"
						           scale="1.000000 1.000000 1.000000"
						           rotation="0.000000 0.000000 0.000000 0.000000"
						           >
							<Group DEF="group_ME_ID287">
								<Shape>
									<Appearance>
										<Material USE="MA_material_007" />
									</Appearance>
									<IndexedFaceSet solid="false"
									                coordIndex="0 1 2 -1 2 1 3 -1 1 4 3 -1 3 4 5 -1 4 6 5 -1 5 6 7 -1 6 8 7 -1 7 8 9 -1 8 10 9 -1 9 10 11 -1 10 12 11 -1 11 12 13 -1 12 14 13 -1 13 14 15 -1 14 16 15 -1 15 16 17 -1 16 18 17 -1 17 18 19 -1 18 20 19 -1 19 20 21 -1 20 22 21 -1 23 21 22 -1 "
									                >
										<Coordinate DEF="coords_ME_ID287"
										            point="7.874016 3.937008 0.000000 7.739866 2.918035 0.000000 7.739866 4.955980 0.000000 7.346557 5.905512 0.000000 7.346557 1.968504 0.000000 6.720892 6.720892 0.000000 6.720892 1.153123 0.000000 5.905512 7.346557 0.000000 5.905511 0.527459 0.000000 4.955980 7.739866 0.000000 4.955980 0.134150 0.000000 3.937008 7.874016 0.000000 3.937008 0.000000 0.000000 2.918035 7.739866 0.000000 2.918035 0.134150 0.000000 1.968504 7.346557 0.000000 1.968504 0.527459 0.000000 1.153123 6.720892 0.000000 1.153123 1.153123 0.000000 0.527459 5.905512 0.000000 0.527459 1.968504 0.000000 0.134150 4.955980 0.000000 0.134150 2.918035 0.000000 0.000000 3.937008 0.000000 "
										            />
									</IndexedFaceSet>
								</Shape>
							</Group>
						</Transform>
					</Transform>
				</Transform>
				<Transform DEF="group_2_001_TRANSFORM"
				           translation="7.873978 7.873978 0.000000"
				           scale="1.000000 1.000000 1.000000"
				           rotation="0.000000 1.000000 0.000000 0.000000"
				           >
					<Transform DEF="group_2_001_ifs_TRANSFORM"
					           translation="-0.000031 -0.000015 0.000000"
					           scale="1.000000 1.000000 1.000000"
					           rotation="0.000000 1.000000 0.000000 0.000000"
					           >
						<Group DEF="group_ME_ID297">
						</Group>
					</Transform>
				</Transform>
				<Transform DEF="group_2_002_TRANSFORM"
				           translation="7.873978 7.873978 0.000000"
				           scale="1.000000 1.000000 1.000000"
				           rotation="0.000000 1.000000 0.000000 0.000000"
				           >
					<Transform DEF="group_2_002_ifs_TRANSFORM"
					           translation="-0.000031 -0.000015 0.000000"
					           scale="1.000000 1.000000 1.000000"
					           rotation="0.000000 1.000000 0.000000 0.000000"
					           >
						<Group DEF="group_ME_ID301_001">
						</Group>
					</Transform>
				</Transform>
				<Transform DEF="group_2_003_TRANSFORM"
				           translation="7.873978 7.873978 0.000000"
				           scale="1.000000 1.000000 1.000000"
				           rotation="0.000000 1.000000 0.000000 0.000000"
				           >
					<Transform DEF="group_2_003_ifs_TRANSFORM"
					           translation="-0.000031 -0.000015 0.000000"
					           scale="1.000000 1.000000 1.000000"
					           rotation="0.000000 1.000000 0.000000 0.000000"
					           >
						<Group DEF="group_ME_ID305">
						</Group>
					</Transform>
				</Transform>
				<Transform DEF="group_2_004_TRANSFORM"
				           translation="7.873978 7.873978 0.000000"
				           scale="1.000000 1.000000 1.000000"
				           rotation="0.000000 1.000000 0.000000 0.000000"
				           >
					<Transform DEF="group_2_004_ifs_TRANSFORM"
					           translation="-0.000031 -0.000015 0.000000"
					           scale="1.000000 1.000000 1.000000"
					           rotation="0.000000 1.000000 0.000000 0.000000"
					           >
						<Group DEF="group_ME_ID309">
						</Group>
					</Transform>
				</Transform>
				<Transform DEF="group_2_005_TRANSFORM"
				           translation="7.873978 7.873978 0.000000"
				           scale="1.000000 1.000000 1.000000"
				           rotation="0.000000 1.000000 0.000000 0.000000"
				           >
					<Transform DEF="group_2_005_ifs_TRANSFORM"
					           translation="-0.000031 -0.000015 0.000000"
					           scale="1.000000 1.000000 1.000000"
					           rotation="0.000000 1.000000 0.000000 0.000000"
					           >
						<Group DEF="group_ME_ID313">
						</Group>
					</Transform>
				</Transform>
				<Transform DEF="group_2_006_TRANSFORM"
				           translation="7.873978 7.873978 0.000000"
				           scale="1.000000 1.000000 1.000000"
				           rotation="0.000000 1.000000 0.000000 0.000000"
				           >
					<Transform DEF="group_2_006_ifs_TRANSFORM"
					           translation="-0.000031 -0.000015 0.000000"
					           scale="1.000000 1.000000 1.000000"
					           rotation="0.000000 1.000000 0.000000 0.000000"
					           >
						<Group DEF="group_ME_ID317">
						</Group>
					</Transform>
				</Transform>
				<Transform DEF="group_2_007_TRANSFORM"
				           translation="7.873978 7.873978 0.000000"
				           scale="1.000000 1.000000 1.000000"
				           rotation="0.000000 1.000000 0.000000 0.000000"
				           >
					<Transform DEF="group_2_007_ifs_TRANSFORM"
					           translation="-0.000031 -0.000015 0.000000"
					           scale="1.000000 1.000000 1.000000"
					           rotation="0.000000 1.000000 0.000000 0.000000"
					           >
						<Group DEF="group_ME_ID321_002">
						</Group>
					</Transform>
				</Transform>
				<Transform DEF="group_2_008_TRANSFORM"
				           translation="7.873978 7.873978 0.000000"
				           scale="1.000000 1.000000 1.000000"
				           rotation="0.000000 1.000000 0.000000 0.000000"
				           >
					<Transform DEF="group_2_008_ifs_TRANSFORM"
					           translation="-0.000031 -0.000015 0.000000"
					           scale="1.000000 1.000000 1.000000"
					           rotation="0.000000 1.000000 0.000000 0.000000"
					           >
						<Group DEF="group_ME_ID325">
						</Group>
					</Transform>
				</Transform>
				<Transform DEF="group_2_009_TRANSFORM"
				           translation="7.873978 7.873978 0.000000"
				           scale="1.000000 1.000000 1.000000"
				           rotation="0.000000 1.000000 0.000000 0.000000"
				           >
					<Transform DEF="group_2_009_ifs_TRANSFORM"
					           translation="-0.000031 -0.000015 0.000000"
					           scale="1.000000 1.000000 1.000000"
					           rotation="0.000000 1.000000 0.000000 0.000000"
					           >
						<Group DEF="group_ME_ID329">
						</Group>
					</Transform>
				</Transform>
				<Transform DEF="group_2_010_TRANSFORM"
				           translation="7.873978 7.873978 0.000000"
				           scale="1.000000 1.000000 1.000000"
				           rotation="0.000000 1.000000 0.000000 0.000000"
				           >
					<Transform DEF="group_2_010_ifs_TRANSFORM"
					           translation="-0.000031 -0.000015 0.000000"
					           scale="1.000000 1.000000 1.000000"
					           rotation="0.000000 1.000000 0.000000 0.000000"
					           >
						<Group DEF="group_ME_ID333">
						</Group>
					</Transform>
				</Transform>
				<Transform DEF="group_2_011_TRANSFORM"
				           translation="7.873978 7.873978 0.000000"
				           scale="1.000000 1.000000 1.000000"
				           rotation="0.000000 1.000000 0.000000 0.000000"
				           >
					<Transform DEF="group_2_011_ifs_TRANSFORM"
					           translation="-0.000031 -0.000015 0.000000"
					           scale="1.000000 1.000000 1.000000"
					           rotation="0.000000 1.000000 0.000000 0.000000"
					           >
						<Group DEF="group_ME_ID337">
						</Group>
					</Transform>
				</Transform>
				<Transform DEF="group_2_012_TRANSFORM"
				           translation="7.873978 7.873978 0.000000"
				           scale="1.000000 1.000000 1.000000"
				           rotation="0.000000 1.000000 0.000000 0.000000"
				           >
					<Transform DEF="group_2_012_ifs_TRANSFORM"
					           translation="-0.000031 -0.000015 0.000000"
					           scale="1.000000 1.000000 1.000000"
					           rotation="0.000000 1.000000 0.000000 0.000000"
					           >
						<Group DEF="group_ME_ID341_001">
						</Group>
					</Transform>
				</Transform>
				<Transform DEF="group_2_013_TRANSFORM"
				           translation="7.873978 7.873978 0.000000"
				           scale="1.000000 1.000000 1.000000"
				           rotation="0.000000 1.000000 0.000000 0.000000"
				           >
					<Transform DEF="group_2_013_ifs_TRANSFORM"
					           translation="-0.000031 -0.000015 0.000000"
					           scale="1.000000 1.000000 1.000000"
					           rotation="0.000000 1.000000 0.000000 0.000000"
					           >
						<Group DEF="group_ME_ID345">
						</Group>
					</Transform>
				</Transform>
				<Transform DEF="group_2_014_TRANSFORM"
				           translation="7.873978 7.873978 0.000000"
				           scale="1.000000 1.000000 1.000000"
				           rotation="0.000000 1.000000 0.000000 0.000000"
				           >
					<Transform DEF="group_2_014_ifs_TRANSFORM"
					           translation="-0.000031 -0.000015 0.000000"
					           scale="1.000000 1.000000 1.000000"
					           rotation="0.000000 1.000000 0.000000 0.000000"
					           >
						<Group DEF="group_ME_ID349_002">
						</Group>
					</Transform>
				</Transform>
				<Transform DEF="group_2_015_TRANSFORM"
				           translation="7.873978 7.873978 0.000000"
				           scale="1.000000 1.000000 1.000000"
				           rotation="0.000000 1.000000 0.000000 0.000000"
				           >
					<Transform DEF="group_2_015_ifs_TRANSFORM"
					           translation="-0.000031 -0.000015 0.000000"
					           scale="1.000000 1.000000 1.000000"
					           rotation="0.000000 1.000000 0.000000 0.000000"
					           >
						<Group DEF="group_ME_ID353">
						</Group>
					</Transform>
				</Transform>
				<Transform DEF="group_2_016_TRANSFORM"
				           translation="7.873978 7.873978 0.000000"
				           scale="1.000000 1.000000 1.000000"
				           rotation="0.000000 1.000000 0.000000 0.000000"
				           >
					<Transform DEF="group_2_016_ifs_TRANSFORM"
					           translation="-0.000031 -0.000015 0.000000"
					           scale="1.000000 1.000000 1.000000"
					           rotation="0.000000 1.000000 0.000000 0.000000"
					           >
						<Group DEF="group_ME_ID357">
						</Group>
					</Transform>
				</Transform>
				<Transform DEF="group_2_017_TRANSFORM"
				           translation="7.873978 7.873978 0.000000"
				           scale="1.000000 1.000000 1.000000"
				           rotation="0.000000 1.000000 0.000000 0.000000"
				           >
					<Transform DEF="group_2_017_ifs_TRANSFORM"
					           translation="-0.000031 -0.000015 0.000000"
					           scale="1.000000 1.000000 1.000000"
					           rotation="0.000000 1.000000 0.000000 0.000000"
					           >
						<Group DEF="group_ME_ID361">
						</Group>
					</Transform>
				</Transform>
				<Transform DEF="group_2_018_TRANSFORM"
				           translation="7.873978 7.873978 0.000000"
				           scale="1.000000 1.000000 1.000000"
				           rotation="0.000000 1.000000 0.000000 0.000000"
				           >
					<Transform DEF="group_2_018_ifs_TRANSFORM"
					           translation="-0.000031 -0.000015 0.000000"
					           scale="1.000000 1.000000 1.000000"
					           rotation="0.000000 1.000000 0.000000 0.000000"
					           >
						<Group DEF="group_ME_ID365">
						</Group>
					</Transform>
				</Transform>
				<Transform DEF="group_2_019_TRANSFORM"
				           translation="7.873978 7.873978 0.000000"
				           scale="1.000000 1.000000 1.000000"
				           rotation="0.000000 1.000000 0.000000 0.000000"
				           >
					<Transform DEF="group_2_019_ifs_TRANSFORM"
					           translation="-0.000031 -0.000015 0.000000"
					           scale="1.000000 1.000000 1.000000"
					           rotation="0.000000 1.000000 0.000000 0.000000"
					           >
						<Group DEF="group_ME_ID369">
						</Group>
					</Transform>
				</Transform>
				<Transform DEF="group_2_020_TRANSFORM"
				           translation="7.873978 7.873978 0.000000"
				           scale="1.000000 1.000000 1.000000"
				           rotation="0.000000 1.000000 0.000000 0.000000"
				           >
					<Transform DEF="group_2_020_ifs_TRANSFORM"
					           translation="-0.000031 -0.000015 0.000000"
					           scale="1.000000 1.000000 1.000000"
					           rotation="0.000000 1.000000 0.000000 0.000000"
					           >
						<Group DEF="group_ME_ID373">
						</Group>
					</Transform>
				</Transform>
				<Transform DEF="group_2_021_TRANSFORM"
				           translation="7.873978 7.873978 0.000000"
				           scale="1.000000 1.000000 1.000000"
				           rotation="0.000000 1.000000 0.000000 0.000000"
				           >
					<Transform DEF="group_2_021_ifs_TRANSFORM"
					           translation="-0.000031 -0.000015 0.000000"
					           scale="1.000000 1.000000 1.000000"
					           rotation="0.000000 1.000000 0.000000 0.000000"
					           >
						<Group DEF="group_ME_ID377_003">
						</Group>
					</Transform>
				</Transform>
				<Transform DEF="group_2_022_TRANSFORM"
				           translation="7.873978 7.873978 0.000000"
				           scale="1.000000 1.000000 1.000000"
				           rotation="0.000000 1.000000 0.000000 0.000000"
				           >
					<Transform DEF="group_2_022_ifs_TRANSFORM"
					           translation="-0.000031 -0.000015 0.000000"
					           scale="1.000000 1.000000 1.000000"
					           rotation="0.000000 1.000000 0.000000 0.000000"
					           >
						<Group DEF="group_ME_ID381_001">
						</Group>
					</Transform>
				</Transform>
				<Transform DEF="group_2_023_TRANSFORM"
				           translation="7.873978 7.873978 0.000000"
				           scale="1.000000 1.000000 1.000000"
				           rotation="0.000000 1.000000 0.000000 0.000000"
				           >
					<Transform DEF="group_2_023_ifs_TRANSFORM"
					           translation="-0.000031 -0.000015 0.000000"
					           scale="1.000000 1.000000 1.000000"
					           rotation="0.000000 1.000000 0.000000 0.000000"
					           >
						<Group DEF="group_ME_ID385">
						</Group>
					</Transform>
				</Transform>
				<Transform DEF="group_2_024_TRANSFORM"
				           translation="7.873978 7.873978 0.000000"
				           scale="1.000000 1.000000 1.000000"
				           rotation="0.000000 1.000000 0.000000 0.000000"
				           >
					<Transform DEF="group_2_024_ifs_TRANSFORM"
					           translation="-0.000031 -0.000015 0.000000"
					           scale="1.000000 1.000000 1.000000"
					           rotation="0.000000 1.000000 0.000000 0.000000"
					           >
						<Group DEF="group_ME_ID389_001">
						</Group>
					</Transform>
				</Transform>
				<Transform DEF="group_2_025_TRANSFORM"
				           translation="7.873978 7.873978 0.000000"
				           scale="1.000000 1.000000 1.000000"
				           rotation="0.000000 1.000000 0.000000 0.000000"
				           >
					<Transform DEF="group_2_025_ifs_TRANSFORM"
					           translation="-0.000031 -0.000015 0.000000"
					           scale="1.000000 1.000000 1.000000"
					           rotation="0.000000 1.000000 0.000000 0.000000"
					           >
						<Group DEF="group_ME_ID393_001">
						</Group>
					</Transform>
				</Transform>
				<Transform DEF="group_2_026_TRANSFORM"
				           translation="7.873978 7.873978 0.000000"
				           scale="1.000000 1.000000 1.000000"
				           rotation="0.000000 1.000000 0.000000 0.000000"
				           >
					<Transform DEF="group_2_026_ifs_TRANSFORM"
					           translation="-0.000031 -0.000015 0.000000"
					           scale="1.000000 1.000000 1.000000"
					           rotation="0.000000 1.000000 0.000000 0.000000"
					           >
						<Group DEF="group_ME_ID397_003">
						</Group>
					</Transform>
				</Transform>
				<Transform DEF="group_2_027_TRANSFORM"
				           translation="7.873978 7.873978 0.000000"
				           scale="1.000000 1.000000 1.000000"
				           rotation="0.000000 1.000000 0.000000 0.000000"
				           >
					<Transform DEF="group_2_027_ifs_TRANSFORM"
					           translation="-0.000031 -0.000015 0.000000"
					           scale="1.000000 1.000000 1.000000"
					           rotation="0.000000 1.000000 0.000000 0.000000"
					           >
						<Group DEF="group_ME_ID401_001">
						</Group>
					</Transform>
				</Transform>
				<Transform DEF="group_2_028_TRANSFORM"
				           translation="7.873978 7.873978 0.000000"
				           scale="1.000000 1.000000 1.000000"
				           rotation="0.000000 1.000000 0.000000 0.000000"
				           >
					<Transform DEF="group_2_028_ifs_TRANSFORM"
					           translation="-0.000031 -0.000015 0.000000"
					           scale="1.000000 1.000000 1.000000"
					           rotation="0.000000 1.000000 0.000000 0.000000"
					           >
						<Group DEF="group_ME_ID405_004">
						</Group>
					</Transform>
				</Transform>
				<Transform DEF="group_2_029_TRANSFORM"
				           translation="7.873978 7.873978 0.000000"
				           scale="1.000000 1.000000 1.000000"
				           rotation="0.000000 1.000000 0.000000 0.000000"
				           >
					<Transform DEF="group_2_029_ifs_TRANSFORM"
					           translation="-0.000031 -0.000015 0.000000"
					           scale="1.000000 1.000000 1.000000"
					           rotation="0.000000 1.000000 0.000000 0.000000"
					           >
						<Group DEF="group_ME_ID409_001">
						</Group>
					</Transform>
				</Transform>
				<Transform DEF="group_2_030_TRANSFORM"
				           translation="7.873978 7.873978 0.000000"
				           scale="1.000000 1.000000 1.000000"
				           rotation="0.000000 1.000000 0.000000 0.000000"
				           >
					<Transform DEF="group_2_030_ifs_TRANSFORM"
					           translation="-0.000031 -0.000015 0.000000"
					           scale="1.000000 1.000000 1.000000"
					           rotation="0.000000 1.000000 0.000000 0.000000"
					           >
						<Group DEF="group_ME_ID413_001">
						</Group>
					</Transform>
				</Transform>
				<Transform DEF="group_2_031_TRANSFORM"
				           translation="7.873978 7.873978 0.000000"
				           scale="1.000000 1.000000 1.000000"
				           rotation="0.000000 1.000000 0.000000 0.000000"
				           >
					<Transform DEF="group_2_031_ifs_TRANSFORM"
					           translation="-0.000031 -0.000015 0.000000"
					           scale="1.000000 1.000000 1.000000"
					           rotation="0.000000 1.000000 0.000000 0.000000"
					           >
						<Group DEF="group_ME_ID417_001">
						</Group>
					</Transform>
				</Transform>
				<Transform DEF="group_2_032_TRANSFORM"
				           translation="7.873978 7.873978 0.000000"
				           scale="1.000000 1.000000 1.000000"
				           rotation="0.000000 1.000000 0.000000 0.000000"
				           >
					<Transform DEF="group_2_032_ifs_TRANSFORM"
					           translation="-0.000031 -0.000015 0.000000"
					           scale="1.000000 1.000000 1.000000"
					           rotation="0.000000 1.000000 0.000000 0.000000"
					           >
						<Group DEF="group_ME_ID421_001">
						</Group>
					</Transform>
				</Transform>
				<Transform DEF="group_2_033_TRANSFORM"
				           translation="7.873978 7.873978 0.000000"
				           scale="1.000000 1.000000 1.000000"
				           rotation="0.000000 1.000000 0.000000 0.000000"
				           >
					<Transform DEF="group_2_033_ifs_TRANSFORM"
					           translation="-0.000031 -0.000015 0.000000"
					           scale="1.000000 1.000000 1.000000"
					           rotation="0.000000 1.000000 0.000000 0.000000"
					           >
						<Group DEF="group_ME_ID425_001">
						</Group>
					</Transform>
				</Transform>
				<Transform DEF="group_2_034_TRANSFORM"
				           translation="7.873978 7.873978 0.000000"
				           scale="1.000000 1.000000 1.000000"
				           rotation="0.000000 1.000000 0.000000 0.000000"
				           >
					<Transform DEF="group_2_034_ifs_TRANSFORM"
					           translation="-0.000031 -0.000015 0.000000"
					           scale="1.000000 1.000000 1.000000"
					           rotation="0.000000 1.000000 0.000000 0.000000"
					           >
						<Group DEF="group_ME_ID429_002">
						</Group>
					</Transform>
				</Transform>
				<Transform DEF="group_2_035_TRANSFORM"
				           translation="7.873978 7.873978 0.000000"
				           scale="1.000000 1.000000 1.000000"
				           rotation="0.000000 1.000000 0.000000 0.000000"
				           >
					<Transform DEF="group_2_035_ifs_TRANSFORM"
					           translation="-0.000031 -0.000015 0.000000"
					           scale="1.000000 1.000000 1.000000"
					           rotation="0.000000 1.000000 0.000000 0.000000"
					           >
						<Group DEF="group_ME_ID433_002">
						</Group>
					</Transform>
				</Transform>
				<Transform DEF="group_2_036_TRANSFORM"
				           translation="7.873978 7.873978 0.000000"
				           scale="1.000000 1.000000 1.000000"
				           rotation="0.000000 1.000000 0.000000 0.000000"
				           >
					<Transform DEF="group_2_036_ifs_TRANSFORM"
					           translation="-0.000031 -0.000015 0.000000"
					           scale="1.000000 1.000000 1.000000"
					           rotation="0.000000 1.000000 0.000000 0.000000"
					           >
						<Group DEF="group_ME_ID437_002">
						</Group>
					</Transform>
				</Transform>
				<Transform DEF="group_2_037_TRANSFORM"
				           translation="7.873978 7.873978 0.000000"
				           scale="1.000000 1.000000 1.000000"
				           rotation="0.000000 1.000000 0.000000 0.000000"
				           >
					<Transform DEF="group_2_037_ifs_TRANSFORM"
					           translation="-0.000031 -0.000015 0.000000"
					           scale="1.000000 1.000000 1.000000"
					           rotation="0.000000 1.000000 0.000000 0.000000"
					           >
						<Group DEF="group_ME_ID441_001">
						</Group>
					</Transform>
				</Transform>
				<Transform DEF="group_2_038_TRANSFORM"
				           translation="7.873978 7.873978 0.000000"
				           scale="1.000000 1.000000 1.000000"
				           rotation="0.000000 1.000000 0.000000 0.000000"
				           >
					<Transform DEF="group_2_038_ifs_TRANSFORM"
					           translation="-0.000031 -0.000015 0.000000"
					           scale="1.000000 1.000000 1.000000"
					           rotation="0.000000 1.000000 0.000000 0.000000"
					           >
						<Group DEF="group_ME_ID445_002">
						</Group>
					</Transform>
				</Transform>
				<Transform DEF="group_2_039_TRANSFORM"
				           translation="7.873978 7.873978 0.000000"
				           scale="1.000000 1.000000 1.000000"
				           rotation="0.000000 1.000000 0.000000 0.000000"
				           >
					<Transform DEF="group_2_039_ifs_TRANSFORM"
					           translation="-0.000031 -0.000015 0.000000"
					           scale="1.000000 1.000000 1.000000"
					           rotation="0.000000 1.000000 0.000000 0.000000"
					           >
						<Group DEF="group_ME_ID449_001">
						</Group>
					</Transform>
				</Transform>
				<Transform DEF="group_2_040_TRANSFORM"
				           translation="7.873978 7.873978 0.000000"
				           scale="1.000000 1.000000 1.000000"
				           rotation="0.000000 1.000000 0.000000 0.000000"
				           >
					<Transform DEF="group_2_040_ifs_TRANSFORM"
					           translation="-0.000031 -0.000015 0.000000"
					           scale="1.000000 1.000000 1.000000"
					           rotation="0.000000 1.000000 0.000000 0.000000"
					           >
						<Group DEF="group_ME_ID453_003">
						</Group>
					</Transform>
				</Transform>
				<Transform DEF="group_2_041_TRANSFORM"
				           translation="7.873978 7.873978 0.000000"
				           scale="1.000000 1.000000 1.000000"
				           rotation="0.000000 1.000000 0.000000 0.000000"
				           >
					<Transform DEF="group_2_041_ifs_TRANSFORM"
					           translation="-0.000031 -0.000015 0.000000"
					           scale="1.000000 1.000000 1.000000"
					           rotation="0.000000 1.000000 0.000000 0.000000"
					           >
						<Group DEF="group_ME_ID457_001">
						</Group>
					</Transform>
				</Transform>
				<Transform DEF="group_2_042_TRANSFORM"
				           translation="7.873978 7.873978 0.000000"
				           scale="1.000000 1.000000 1.000000"
				           rotation="0.000000 1.000000 0.000000 0.000000"
				           >
					<Transform DEF="group_2_042_ifs_TRANSFORM"
					           translation="-0.000031 -0.000015 0.000000"
					           scale="1.000000 1.000000 1.000000"
					           rotation="0.000000 1.000000 0.000000 0.000000"
					           >
						<Group DEF="group_ME_ID461_002">
						</Group>
					</Transform>
				</Transform>
				<Transform DEF="group_43_TRANSFORM"
				           translation="44.094452 15.354294 0.000000"
				           scale="1.000000 1.000000 1.000000"
				           rotation="0.000000 1.000000 0.000000 0.000000"
				           >
					<Transform DEF="group_43_ifs_TRANSFORM"
					           translation="-0.000015 -0.000031 0.000000"
					           scale="1.000000 1.000000 1.000000"
					           rotation="0.000000 1.000000 0.000000 0.000000"
					           >
						<Group DEF="group_ME_ID466">
						</Group>
					</Transform>
				</Transform>
				<Transform DEF="group_44_TRANSFORM"
				           translation="44.094452 124.928513 0.000000"
				           scale="1.000000 1.000000 1.000000"
				           rotation="0.000000 1.000000 0.000000 0.000000"
				           >
					<Transform DEF="group_44_ifs_TRANSFORM"
					           translation="-0.000015 -0.000008 0.000000"
					           scale="1.000000 1.000000 1.000000"
					           rotation="0.000000 1.000000 0.000000 0.000000"
					           >
						<Group DEF="group_ME_ID471_001">
						</Group>
					</Transform>
				</Transform>
				<Transform DEF="group_45_TRANSFORM"
				           translation="109.842484 124.928513 0.000000"
				           scale="1.000000 1.000000 1.000000"
				           rotation="0.000000 1.000000 0.000000 0.000000"
				           >
					<Transform DEF="group_45_ifs_TRANSFORM"
					           translation="-0.000015 -0.000008 0.000000"
					           scale="1.000000 1.000000 1.000000"
					           rotation="0.000000 1.000000 0.000000 0.000000"
					           >
						<Group DEF="group_ME_ID476_003">
						</Group>
					</Transform>
				</Transform>
				<Transform DEF="group_46_TRANSFORM"
				           translation="109.842484 15.354294 0.000000"
				           scale="1.000000 1.000000 1.000000"
				           rotation="0.000000 1.000000 0.000000 0.000000"
				           >
					<Transform DEF="group_46_ifs_TRANSFORM"
					           translation="-0.000015 -0.000031 0.000000"
					           scale="1.000000 1.000000 1.000000"
					           rotation="0.000000 1.000000 0.000000 0.000000"
					           >
						<Group DEF="group_ME_ID481_001">
						</Group>
					</Transform>
				</Transform>
				<Transform DEF="group_47_TRANSFORM"
				           translation="125.196823 31.496048 0.000000"
				           scale="1.000000 1.000000 1.000000"
				           rotation="0.000000 0.000000 -1.000000 1.570796"
				           >
					<Transform DEF="group_47_ifs_TRANSFORM"
					           translation="0.000021 -0.000015 0.000000"
					           scale="1.000000 1.000000 1.000000"
					           rotation="0.000000 0.000000 0.000000 0.000000"
					           >
						<Group DEF="group_ME_ID486_001">
						</Group>
					</Transform>
				</Transform>
				<Transform DEF="group_48_TRANSFORM"
				           translation="-0.000031 234.771057 0.000000"
				           scale="1.000000 1.000000 1.000000"
				           rotation="0.000000 1.000000 0.000000 0.000000"
				           >
					<Transform DEF="group_48_ifs_TRANSFORM"
					           translation="-0.000031 0.000000 0.000000"
					           scale="1.000000 1.000000 1.000000"
					           rotation="0.000000 1.000000 0.000000 0.000000"
					           >
						<Group DEF="group_ME_ID491_001">
						</Group>
					</Transform>
				</Transform>
				<Transform DEF="group_49_TRANSFORM"
				           translation="-0.000031 59.180496 0.000000"
				           scale="1.000000 1.000000 1.000000"
				           rotation="0.000000 1.000000 0.000000 0.000000"
				           >
					<Transform DEF="group_49_ifs_TRANSFORM"
					           translation="-0.000031 -0.000031 0.000000"
					           scale="1.000000 1.000000 1.000000"
					           rotation="0.000000 1.000000 0.000000 0.000000"
					           >
						<Group DEF="group_ME_ID496">
						</Group>
					</Transform>
				</Transform>
				<Transform DEF="group_50_TRANSFORM"
				           translation="59.448792 31.496048 0.000000"
				           scale="1.000000 1.000000 1.000000"
				           rotation="0.000000 0.000000 -1.000000 1.570796"
				           >
					<Transform DEF="group_50_ifs_TRANSFORM"
					           translation="0.000016 -0.000015 0.000000"
					           scale="1.000000 1.000000 1.000000"
					           rotation="0.000000 0.000000 0.000000 0.000000"
					           >
						<Group DEF="group_ME_ID501_002">
						</Group>
					</Transform>
				</Transform>
				<Transform DEF="group_51_TRANSFORM"
				           translation="-0.000031 15.354294 0.000000"
				           scale="1.000000 1.000000 1.000000"
				           rotation="0.000000 1.000000 0.000000 0.000000"
				           >
					<Transform DEF="group_51_ifs_TRANSFORM"
					           translation="-0.000031 -0.000031 0.000000"
					           scale="1.000000 1.000000 1.000000"
					           rotation="0.000000 1.000000 0.000000 0.000000"
					           >
						<Group DEF="group_ME_ID506">
						</Group>
					</Transform>
				</Transform>
				<Transform DEF="group_52_TRANSFORM"
				           translation="595.879517 250.912781 0.000000"
				           scale="1.000000 1.000000 1.000000"
				           rotation="0.000000 0.000000 -1.000000 1.570796"
				           >
					<Transform DEF="group_52_ifs_TRANSFORM"
					           translation="-0.000001 0.000032 0.000000"
					           scale="1.000000 1.000000 1.000000"
					           rotation="0.000000 0.000000 0.000000 0.000000"
					           >
						<Group DEF="group_ME_ID511_001">
						</Group>
					</Transform>
				</Transform>
				<Transform DEF="group_53_TRANSFORM"
				           translation="15.354294 31.496048 0.000000"
				           scale="1.000000 1.000000 1.000000"
				           rotation="0.000000 0.000000 -1.000000 1.570796"
				           >
					<Transform DEF="group_53_ifs_TRANSFORM"
					           translation="0.000012 0.000000 0.000000"
					           scale="1.000000 1.000000 1.000000"
					           rotation="0.000000 0.000000 0.000000 0.000000"
					           >
						<Group DEF="group_ME_ID516_001">
						</Group>
					</Transform>
				</Transform>
				<Transform DEF="group_54_TRANSFORM"
				           translation="536.430725 15.354294 0.000000"
				           scale="1.000000 1.000000 1.000000"
				           rotation="0.000000 1.000000 0.000000 0.000000"
				           >
					<Transform DEF="group_54_ifs_TRANSFORM"
					           translation="0.000000 -0.000031 0.000000"
					           scale="1.000000 1.000000 1.000000"
					           rotation="0.000000 1.000000 0.000000 0.000000"
					           >
						<Group DEF="group_ME_ID521_002">
						</Group>
					</Transform>
				</Transform>
				<Transform DEF="group_55_TRANSFORM"
				           translation="15.354294 250.912781 0.000000"
				           scale="1.000000 1.000000 1.000000"
				           rotation="0.000000 0.000000 -1.000000 1.570796"
				           >
					<Transform DEF="group_55_ifs_TRANSFORM"
					           translation="-0.000003 -0.000014 0.000000"
					           scale="1.000000 1.000000 1.000000"
					           rotation="0.000000 0.000000 0.000000 0.000000"
					           >
						<Group DEF="group_ME_ID526">
						</Group>
					</Transform>
				</Transform>
				<Transform DEF="group_56_TRANSFORM"
				           translation="470.682678 124.928513 0.000000"
				           scale="1.000000 1.000000 1.000000"
				           rotation="0.000000 1.000000 0.000000 0.000000"
				           >
					<Transform DEF="group_56_ifs_TRANSFORM"
					           translation="0.000015 -0.000008 0.000000"
					           scale="1.000000 1.000000 1.000000"
					           rotation="0.000000 1.000000 0.000000 0.000000"
					           >
						<Group DEF="group_ME_ID531_002">
						</Group>
					</Transform>
				</Transform>
				<Transform DEF="group_57_TRANSFORM"
				           translation="551.785034 250.912781 0.000000"
				           scale="1.000000 1.000000 1.000000"
				           rotation="0.000000 0.000000 -1.000000 1.570796"
				           >
					<Transform DEF="group_57_ifs_TRANSFORM"
					           translation="-0.000003 0.000032 0.000000"
					           scale="1.000000 1.000000 1.000000"
					           rotation="0.000000 0.000000 0.000000 0.000000"
					           >
						<Group DEF="group_ME_ID536">
						</Group>
					</Transform>
				</Transform>
				<Transform DEF="group_58_TRANSFORM"
				           translation="536.430725 124.928513 0.000000"
				           scale="1.000000 1.000000 1.000000"
				           rotation="0.000000 1.000000 0.000000 0.000000"
				           >
					<Transform DEF="group_58_ifs_TRANSFORM"
					           translation="0.000000 -0.000008 0.000000"
					           scale="1.000000 1.000000 1.000000"
					           rotation="0.000000 1.000000 0.000000 0.000000"
					           >
						<Group DEF="group_ME_ID541_003">
						</Group>
					</Transform>
				</Transform>
				<Transform DEF="group_59_TRANSFORM"
				           translation="470.682678 15.354294 0.000000"
				           scale="1.000000 1.000000 1.000000"
				           rotation="0.000000 1.000000 0.000000 0.000000"
				           >
					<Transform DEF="group_59_ifs_TRANSFORM"
					           translation="0.000015 -0.000031 0.000000"
					           scale="1.000000 1.000000 1.000000"
					           rotation="0.000000 1.000000 0.000000 0.000000"
					           >
						<Group DEF="group_ME_ID546">
						</Group>
					</Transform>
				</Transform>
				<Transform DEF="group_60_TRANSFORM"
				           translation="470.682678 234.771057 0.000000"
				           scale="1.000000 1.000000 1.000000"
				           rotation="0.000000 1.000000 0.000000 0.000000"
				           >
					<Transform DEF="group_60_ifs_TRANSFORM"
					           translation="0.000015 0.000000 0.000000"
					           scale="1.000000 1.000000 1.000000"
					           rotation="0.000000 1.000000 0.000000 0.000000"
					           >
						<Group DEF="group_ME_ID551_001">
						</Group>
					</Transform>
				</Transform>
				<Transform DEF="group_61_TRANSFORM"
				           translation="580.525146 15.354294 0.000000"
				           scale="1.000000 1.000000 1.000000"
				           rotation="0.000000 1.000000 0.000000 0.000000"
				           >
					<Transform DEF="group_61_ifs_TRANSFORM"
					           translation="0.000061 -0.000031 0.000000"
					           scale="1.000000 1.000000 1.000000"
					           rotation="0.000000 1.000000 0.000000 0.000000"
					           >
						<Group DEF="group_ME_ID556">
						</Group>
					</Transform>
				</Transform>
				<Transform DEF="group_62_TRANSFORM"
				           translation="580.525146 124.928513 0.000000"
				           scale="1.000000 1.000000 1.000000"
				           rotation="0.000000 1.000000 0.000000 0.000000"
				           >
					<Transform DEF="group_62_ifs_TRANSFORM"
					           translation="0.000061 -0.000008 0.000000"
					           scale="1.000000 1.000000 1.000000"
					           rotation="0.000000 1.000000 0.000000 0.000000"
					           >
						<Group DEF="group_ME_ID561_004">
						</Group>
					</Transform>
				</Transform>
				<Transform DEF="group_63_TRANSFORM"
				           translation="580.525146 234.771057 0.000000"
				           scale="1.000000 1.000000 1.000000"
				           rotation="0.000000 1.000000 0.000000 0.000000"
				           >
					<Transform DEF="group_63_ifs_TRANSFORM"
					           translation="0.000061 0.000000 0.000000"
					           scale="1.000000 1.000000 1.000000"
					           rotation="0.000000 1.000000 0.000000 0.000000"
					           >
						<Group DEF="group_ME_ID566_003">
						</Group>
					</Transform>
				</Transform>
				<Transform DEF="group_64_TRANSFORM"
				           translation="595.879517 206.818298 0.000000"
				           scale="1.000000 1.000000 1.000000"
				           rotation="0.000000 0.000000 -1.000000 1.570796"
				           >
					<Transform DEF="group_64_ifs_TRANSFORM"
					           translation="0.000003 0.000029 0.000000"
					           scale="1.000000 1.000000 1.000000"
					           rotation="0.000000 0.000000 0.000000 0.000000"
					           >
						<Group DEF="group_ME_ID571_002">
						</Group>
					</Transform>
				</Transform>
				<Transform DEF="group_65_TRANSFORM"
				           translation="595.879517 141.070251 0.000000"
				           scale="1.000000 1.000000 1.000000"
				           rotation="0.000000 0.000000 -1.000000 1.570796"
				           >
					<Transform DEF="group_65_ifs_TRANSFORM"
					           translation="0.000010 0.000024 0.000000"
					           scale="1.000000 1.000000 1.000000"
					           rotation="0.000000 0.000000 0.000000 0.000000"
					           >
						<Group DEF="group_ME_ID576">
						</Group>
					</Transform>
				</Transform>
				<Transform DEF="group_66_TRANSFORM"
				           translation="595.879517 75.322235 0.000000"
				           scale="1.000000 1.000000 1.000000"
				           rotation="0.000000 0.000000 -1.000000 1.570796"
				           >
					<Transform DEF="group_66_ifs_TRANSFORM"
					           translation="-0.000005 0.000019 0.000000"
					           scale="1.000000 1.000000 1.000000"
					           rotation="0.000000 0.000000 0.000000 0.000000"
					           >
						<Group DEF="group_ME_ID581_002">
						</Group>
					</Transform>
				</Transform>
				<Transform DEF="group_67_TRANSFORM"
				           translation="595.879517 31.496048 0.000000"
				           scale="1.000000 1.000000 1.000000"
				           rotation="0.000000 0.000000 -1.000000 1.570796"
				           >
					<Transform DEF="group_67_ifs_TRANSFORM"
					           translation="0.000010 0.000046 0.000000"
					           scale="1.000000 1.000000 1.000000"
					           rotation="0.000000 0.000000 0.000000 0.000000"
					           >
						<Group DEF="group_ME_ID586">
						</Group>
					</Transform>
				</Transform>
				<Transform DEF="group_68_TRANSFORM"
				           translation="551.785034 141.070251 0.000000"
				           scale="1.000000 1.000000 1.000000"
				           rotation="0.000000 0.000000 -1.000000 1.570796"
				           >
					<Transform DEF="group_68_ifs_TRANSFORM"
					           translation="0.000015 0.000024 0.000000"
					           scale="1.000000 1.000000 1.000000"
					           rotation="0.000000 0.000000 0.000000 0.000000"
					           >
						<Group DEF="group_ME_ID591_002">
						</Group>
					</Transform>
				</Transform>
				<Transform DEF="group_69_TRANSFORM"
				           translation="585.416016 223.750824 0.000000"
				           scale="1.000000 1.000000 1.000000"
				           rotation="0.000000 0.000000 1.000000 0.785398"
				           >
					<Transform DEF="group_69_ifs_TRANSFORM"
					           translation="0.000004 0.000004 0.000000"
					           scale="1.000000 1.000000 1.000000"
					           rotation="0.000000 1.000000 0.000000 0.000000"
					           >
						<Group DEF="group_ME_ID596">
						</Group>
					</Transform>
				</Transform>
				<Transform DEF="group_70_TRANSFORM"
				           translation="551.785034 31.496048 0.000000"
				           scale="1.000000 1.000000 1.000000"
				           rotation="0.000000 0.000000 -1.000000 1.570796"
				           >
					<Transform DEF="group_70_ifs_TRANSFORM"
					           translation="0.000007 0.000046 0.000000"
					           scale="1.000000 1.000000 1.000000"
					           rotation="0.000000 0.000000 0.000000 0.000000"
					           >
						<Group DEF="group_ME_ID601_003">
						</Group>
					</Transform>
				</Transform>
				<Transform DEF="group_71_TRANSFORM"
				           translation="44.094452 234.771057 0.000000"
				           scale="1.000000 1.000000 1.000000"
				           rotation="0.000000 1.000000 0.000000 0.000000"
				           >
					<Transform DEF="group_71_ifs_TRANSFORM"
					           translation="-0.000015 0.000000 0.000000"
					           scale="1.000000 1.000000 1.000000"
					           rotation="0.000000 1.000000 0.000000 0.000000"
					           >
						<Group DEF="group_ME_ID606_001">
						</Group>
					</Transform>
				</Transform>
				<Transform DEF="group_72_TRANSFORM"
				           translation="9.842484 9.842499 0.000000"
				           scale="1.000000 1.000000 1.000000"
				           rotation="0.000000 1.000000 0.000000 0.000000"
				           >
					<Transform DEF="group_72_ifs_TRANSFORM"
					           translation="-0.000015 -0.000015 0.000000"
					           scale="1.000000 1.000000 1.000000"
					           rotation="0.000000 1.000000 0.000000 0.000000"
					           >
						<Group DEF="group_ME_ID611_002">
						</Group>
					</Transform>
				</Transform>
				<Transform DEF="group_72_001_TRANSFORM"
				           translation="9.842484 9.842499 0.000000"
				           scale="1.000000 1.000000 1.000000"
				           rotation="0.000000 1.000000 0.000000 0.000000"
				           >
					<Transform DEF="group_72_001_ifs_TRANSFORM"
					           translation="-0.000015 -0.000015 0.000000"
					           scale="1.000000 1.000000 1.000000"
					           rotation="0.000000 1.000000 0.000000 0.000000"
					           >
						<Group DEF="group_ME_ID615_002">
						</Group>
					</Transform>
				</Transform>
				<Transform DEF="group_72_002_TRANSFORM"
				           translation="9.842484 9.842499 0.000000"
				           scale="1.000000 1.000000 1.000000"
				           rotation="0.000000 1.000000 0.000000 0.000000"
				           >
					<Transform DEF="group_72_002_ifs_TRANSFORM"
					           translation="-0.000015 -0.000015 0.000000"
					           scale="1.000000 1.000000 1.000000"
					           rotation="0.000000 1.000000 0.000000 0.000000"
					           >
						<Group DEF="group_ME_ID619_001">
						</Group>
					</Transform>
				</Transform>
				<Transform DEF="group_72_003_TRANSFORM"
				           translation="9.842484 9.842499 0.000000"
				           scale="1.000000 1.000000 1.000000"
				           rotation="0.000000 1.000000 0.000000 0.000000"
				           >
					<Transform DEF="group_72_003_ifs_TRANSFORM"
					           translation="-0.000015 -0.000015 0.000000"
					           scale="1.000000 1.000000 1.000000"
					           rotation="0.000000 1.000000 0.000000 0.000000"
					           >
						<Group DEF="group_ME_ID623_001">
						</Group>
					</Transform>
				</Transform>
				<Transform DEF="group_72_004_TRANSFORM"
				           translation="9.842484 9.842499 0.000000"
				           scale="1.000000 1.000000 1.000000"
				           rotation="0.000000 1.000000 0.000000 0.000000"
				           >
					<Transform DEF="group_72_004_ifs_TRANSFORM"
					           translation="-0.000015 -0.000015 0.000000"
					           scale="1.000000 1.000000 1.000000"
					           rotation="0.000000 1.000000 0.000000 0.000000"
					           >
						<Group DEF="group_ME_ID627_003">
						</Group>
					</Transform>
				</Transform>
				<Transform DEF="group_72_005_TRANSFORM"
				           translation="9.842484 9.842499 0.000000"
				           scale="1.000000 1.000000 1.000000"
				           rotation="0.000000 1.000000 0.000000 0.000000"
				           >
					<Transform DEF="group_72_005_ifs_TRANSFORM"
					           translation="-0.000015 -0.000015 0.000000"
					           scale="1.000000 1.000000 1.000000"
					           rotation="0.000000 1.000000 0.000000 0.000000"
					           >
						<Group DEF="group_ME_ID631_003">
						</Group>
					</Transform>
				</Transform>
				<Transform DEF="group_72_006_TRANSFORM"
				           translation="9.842484 9.842499 0.000000"
				           scale="1.000000 1.000000 1.000000"
				           rotation="0.000000 1.000000 0.000000 0.000000"
				           >
					<Transform DEF="group_72_006_ifs_TRANSFORM"
					           translation="-0.000015 -0.000015 0.000000"
					           scale="1.000000 1.000000 1.000000"
					           rotation="0.000000 1.000000 0.000000 0.000000"
					           >
						<Group DEF="group_ME_ID635_002">
						</Group>
					</Transform>
				</Transform>
				<Transform DEF="group_73_TRANSFORM"
				           translation="15.354294 141.070251 0.000000"
				           scale="1.000000 1.000000 1.000000"
				           rotation="0.000000 0.000000 -1.000000 1.570796"
				           >
					<Transform DEF="group_73_ifs_TRANSFORM"
					           translation="0.000012 -0.000022 0.000000"
					           scale="1.000000 1.000000 1.000000"
					           rotation="0.000000 0.000000 0.000000 0.000000"
					           >
						<Group DEF="group_ME_ID640">
						</Group>
					</Transform>
				</Transform>
				<Transform DEF="group_74_TRANSFORM"
				           translation="15.354294 206.818298 0.000000"
				           scale="1.000000 1.000000 1.000000"
				           rotation="0.000000 0.000000 -1.000000 1.570796"
				           >
					<Transform DEF="group_74_ifs_TRANSFORM"
					           translation="0.000003 -0.000017 0.000000"
					           scale="1.000000 1.000000 1.000000"
					           rotation="0.000000 0.000000 0.000000 0.000000"
					           >
						<Group DEF="group_ME_ID645_002">
						</Group>
					</Transform>
				</Transform>
				<Transform DEF="group_75_TRANSFORM"
				           translation="409.825500 113.908295 0.000000"
				           scale="1.000000 1.000000 1.000000"
				           rotation="0.000000 0.000000 1.000000 0.785398"
				           >
					<Transform DEF="group_75_ifs_TRANSFORM"
					           translation="0.000004 0.000008 0.000000"
					           scale="1.000000 1.000000 1.000000"
					           rotation="0.000000 1.000000 0.000000 0.000000"
					           >
						<Group DEF="group_ME_ID650">
						</Group>
					</Transform>
				</Transform>
				<Transform DEF="group_76_TRANSFORM"
				           translation="180.297943 113.908295 0.000000"
				           scale="1.000000 1.000000 1.000000"
				           rotation="0.000000 0.000000 1.000000 0.785398"
				           >
					<Transform DEF="group_76_ifs_TRANSFORM"
					           translation="0.000015 0.000006 0.000000"
					           scale="1.000000 1.000000 1.000000"
					           rotation="0.000000 1.000000 0.000000 0.000000"
					           >
						<Group DEF="group_ME_ID655_002">
						</Group>
					</Transform>
				</Transform>
				<Transform DEF="group_77_TRANSFORM"
				           translation="4.890854 4.334091 0.000000"
				           scale="1.000000 1.000000 1.000000"
				           rotation="0.000000 0.000000 1.000000 0.785398"
				           >
					<Transform DEF="group_77_ifs_TRANSFORM"
					           translation="0.000000 -0.000002 0.000000"
					           scale="1.000000 1.000000 1.000000"
					           rotation="0.000000 1.000000 0.000000 0.000000"
					           >
						<Group DEF="group_ME_ID660">
						</Group>
					</Transform>
				</Transform>
				<Transform DEF="group_78_TRANSFORM"
				           translation="4.334076 246.021896 0.000000"
				           scale="1.000000 1.000000 1.000000"
				           rotation="0.000000 0.000000 -1.000000 0.785398"
				           >
					<Transform DEF="group_78_ifs_TRANSFORM"
					           translation="-0.000002 0.000002 0.000000"
					           scale="1.000000 1.000000 1.000000"
					           rotation="0.000000 1.000000 0.000000 0.000000"
					           >
						<Group DEF="group_ME_ID665">
						</Group>
					</Transform>
				</Transform>
				<Transform DEF="group_79_TRANSFORM"
				           translation="179.741150 136.179382 0.000000"
				           scale="1.000000 1.000000 1.000000"
				           rotation="0.000000 0.000000 -1.000000 0.785398"
				           >
					<Transform DEF="group_79_ifs_TRANSFORM"
					           translation="0.000000 -0.000004 0.000000"
					           scale="1.000000 1.000000 1.000000"
					           rotation="0.000000 1.000000 0.000000 0.000000"
					           >
						<Group DEF="group_ME_ID670">
						</Group>
					</Transform>
				</Transform>
				<Transform DEF="group_80_TRANSFORM"
				           translation="109.842484 234.771057 0.000000"
				           scale="1.000000 1.000000 1.000000"
				           rotation="0.000000 1.000000 0.000000 0.000000"
				           >
					<Transform DEF="group_80_ifs_TRANSFORM"
					           translation="-0.000015 0.000000 0.000000"
					           scale="1.000000 1.000000 1.000000"
					           rotation="0.000000 1.000000 0.000000 0.000000"
					           >
						<Group DEF="group_ME_ID675_001">
						</Group>
					</Transform>
				</Transform>
				<Transform DEF="group_81_TRANSFORM"
				           translation="175.407074 124.928513 0.000000"
				           scale="1.000000 1.000000 1.000000"
				           rotation="0.000000 1.000000 0.000000 0.000000"
				           >
					<Transform DEF="group_81_ifs_TRANSFORM"
					           translation="0.000000 -0.000008 0.000000"
					           scale="1.000000 1.000000 1.000000"
					           rotation="0.000000 1.000000 0.000000 0.000000"
					           >
						<Group DEF="group_ME_ID680">
						</Group>
					</Transform>
				</Transform>
				<Transform DEF="group_82_TRANSFORM"
				           translation="175.407074 15.354294 0.000000"
				           scale="1.000000 1.000000 1.000000"
				           rotation="0.000000 1.000000 0.000000 0.000000"
				           >
					<Transform DEF="group_82_ifs_TRANSFORM"
					           translation="0.000000 -0.000031 0.000000"
					           scale="1.000000 1.000000 1.000000"
					           rotation="0.000000 1.000000 0.000000 0.000000"
					           >
						<Group DEF="group_ME_ID685">
						</Group>
					</Transform>
				</Transform>
				<Transform DEF="group_83_TRANSFORM"
				           translation="175.407074 190.676544 0.000000"
				           scale="1.000000 1.000000 1.000000"
				           rotation="0.000000 1.000000 0.000000 0.000000"
				           >
					<Transform DEF="group_83_ifs_TRANSFORM"
					           translation="0.000000 -0.000004 0.000000"
					           scale="1.000000 1.000000 1.000000"
					           rotation="0.000000 1.000000 0.000000 0.000000"
					           >
						<Group DEF="group_ME_ID690_001">
						</Group>
					</Transform>
				</Transform>
				<Transform DEF="group_84_TRANSFORM"
				           translation="175.407074 59.180496 0.000000"
				           scale="1.000000 1.000000 1.000000"
				           rotation="0.000000 1.000000 0.000000 0.000000"
				           >
					<Transform DEF="group_84_ifs_TRANSFORM"
					           translation="0.000000 -0.000031 0.000000"
					           scale="1.000000 1.000000 1.000000"
					           rotation="0.000000 1.000000 0.000000 0.000000"
					           >
						<Group DEF="group_ME_ID695_001">
						</Group>
					</Transform>
				</Transform>
				<Transform DEF="group_85_TRANSFORM"
				           translation="241.155075 15.354294 0.000000"
				           scale="1.000000 1.000000 1.000000"
				           rotation="0.000000 1.000000 0.000000 0.000000"
				           >
					<Transform DEF="group_85_ifs_TRANSFORM"
					           translation="-0.000002 -0.000031 0.000000"
					           scale="1.000000 1.000000 1.000000"
					           rotation="0.000000 1.000000 0.000000 0.000000"
					           >
						<Group DEF="group_ME_ID700">
						</Group>
					</Transform>
				</Transform>
				<Transform DEF="group_86_TRANSFORM"
				           translation="241.155075 234.771057 0.000000"
				           scale="1.000000 1.000000 1.000000"
				           rotation="0.000000 1.000000 0.000000 0.000000"
				           >
					<Transform DEF="group_86_ifs_TRANSFORM"
					           translation="-0.000002 0.000000 0.000000"
					           scale="1.000000 1.000000 1.000000"
					           rotation="0.000000 1.000000 0.000000 0.000000"
					           >
						<Group DEF="group_ME_ID705_002">
						</Group>
					</Transform>
				</Transform>
				<Transform DEF="group_87_TRANSFORM"
				           translation="339.580292 15.354294 0.000000"
				           scale="1.000000 1.000000 1.000000"
				           rotation="0.000000 1.000000 0.000000 0.000000"
				           >
					<Transform DEF="group_87_ifs_TRANSFORM"
					           translation="0.000008 -0.000031 0.000000"
					           scale="1.000000 1.000000 1.000000"
					           rotation="0.000000 1.000000 0.000000 0.000000"
					           >
						<Group DEF="group_ME_ID710">
						</Group>
					</Transform>
				</Transform>
				<Transform DEF="group_88_TRANSFORM"
				           translation="-0.000031 124.928513 0.000000"
				           scale="1.000000 1.000000 1.000000"
				           rotation="0.000000 1.000000 0.000000 0.000000"
				           >
					<Transform DEF="group_88_ifs_TRANSFORM"
					           translation="-0.000031 -0.000008 0.000000"
					           scale="1.000000 1.000000 1.000000"
					           rotation="0.000000 1.000000 0.000000 0.000000"
					           >
						<Group DEF="group_ME_ID715_002">
						</Group>
					</Transform>
				</Transform>
				<Transform DEF="group_89_TRANSFORM"
				           translation="175.407074 234.771057 0.000000"
				           scale="1.000000 1.000000 1.000000"
				           rotation="0.000000 1.000000 0.000000 0.000000"
				           >
					<Transform DEF="group_89_ifs_TRANSFORM"
					           translation="0.000000 0.000000 0.000000"
					           scale="1.000000 1.000000 1.000000"
					           rotation="0.000000 1.000000 0.000000 0.000000"
					           >
						<Group DEF="group_ME_ID720">
						</Group>
					</Transform>
				</Transform>
				<Transform DEF="group_90_TRANSFORM"
				           translation="15.354294 75.322235 0.000000"
				           scale="1.000000 1.000000 1.000000"
				           rotation="0.000000 0.000000 -1.000000 1.570796"
				           >
					<Transform DEF="group_90_ifs_TRANSFORM"
					           translation="-0.000003 -0.000027 0.000000"
					           scale="1.000000 1.000000 1.000000"
					           rotation="0.000000 0.000000 0.000000 0.000000"
					           >
						<Group DEF="group_ME_ID725_003">
						</Group>
					</Transform>
				</Transform>
				<Transform DEF="group_91_TRANSFORM"
				           translation="241.155075 124.928513 0.000000"
				           scale="1.000000 1.000000 1.000000"
				           rotation="0.000000 1.000000 0.000000 0.000000"
				           >
					<Transform DEF="group_91_ifs_TRANSFORM"
					           translation="-0.000002 -0.000008 0.000000"
					           scale="1.000000 1.000000 1.000000"
					           rotation="0.000000 1.000000 0.000000 0.000000"
					           >
						<Group DEF="group_ME_ID730">
						</Group>
					</Transform>
				</Transform>
				<Transform DEF="group_92_TRANSFORM"
				           translation="354.934601 250.912781 0.000000"
				           scale="1.000000 1.000000 1.000000"
				           rotation="0.000000 0.000000 -1.000000 1.570796"
				           >
					<Transform DEF="group_92_ifs_TRANSFORM"
					           translation="-0.000002 0.000009 0.000000"
					           scale="1.000000 1.000000 1.000000"
					           rotation="0.000000 0.000000 0.000000 0.000000"
					           >
						<Group DEF="group_ME_ID735">
						</Group>
					</Transform>
				</Transform>
				<Transform DEF="group_93_TRANSFORM"
				           translation="-0.000031 190.676544 0.000000"
				           scale="1.000000 1.000000 1.000000"
				           rotation="0.000000 1.000000 0.000000 0.000000"
				           >
					<Transform DEF="group_93_ifs_TRANSFORM"
					           translation="-0.000031 -0.000004 0.000000"
					           scale="1.000000 1.000000 1.000000"
					           rotation="0.000000 1.000000 0.000000 0.000000"
					           >
						<Group DEF="group_ME_ID740">
						</Group>
					</Transform>
				</Transform>
				<Transform DEF="group_94_TRANSFORM"
				           translation="596.551636 113.908295 0.000000"
				           scale="1.000000 1.000000 1.000000"
				           rotation="0.000000 0.000000 1.000000 1.570796"
				           >
					<Transform DEF="group_95_TRANSFORM"
					           translation="-0.000006 11.135489 0.000000"
					           scale="1.000000 1.000000 1.000000"
					           rotation="0.000000 0.000000 -1.000000 0.785398"
					           >
						<Transform DEF="group_95_ifs_TRANSFORM"
						           translation="0.000008 0.000015 0.000000"
						           scale="1.000000 1.000000 1.000000"
						           rotation="0.000000 0.000000 0.000000 0.000000"
						           >
							<Group DEF="group_ME_ID746_002">
							</Group>
						</Transform>
					</Transform>
					<Transform DEF="group_96_TRANSFORM"
					           translation="22.271067 11.692253 0.000000"
					           scale="1.000000 1.000000 1.000000"
					           rotation="-0.000000 -0.000000 -1.000000 2.356194"
					           >
						<Transform DEF="group_96_ifs_TRANSFORM"
						           translation="0.000000 -0.000008 0.000000"
						           scale="1.000000 1.000000 1.000000"
						           rotation="0.000000 0.000000 0.000000 0.000000"
						           >
							<Group DEF="group_ME_ID751_001">
							</Group>
						</Transform>
					</Transform>
				</Transform>
				<Transform DEF="group_97_TRANSFORM"
				           translation="580.525146 59.180496 0.000000"
				           scale="1.000000 1.000000 1.000000"
				           rotation="0.000000 1.000000 0.000000 0.000000"
				           >
					<Transform DEF="group_97_ifs_TRANSFORM"
					           translation="0.000061 -0.000031 0.000000"
					           scale="1.000000 1.000000 1.000000"
					           rotation="0.000000 1.000000 0.000000 0.000000"
					           >
						<Group DEF="group_ME_ID756_003">
						</Group>
					</Transform>
				</Transform>
				<Transform DEF="group_98_TRANSFORM"
				           translation="536.430725 234.771057 0.000000"
				           scale="1.000000 1.000000 1.000000"
				           rotation="0.000000 1.000000 0.000000 0.000000"
				           >
					<Transform DEF="group_98_ifs_TRANSFORM"
					           translation="0.000000 0.000000 0.000000"
					           scale="1.000000 1.000000 1.000000"
					           rotation="0.000000 1.000000 0.000000 0.000000"
					           >
						<Group DEF="group_ME_ID761">
						</Group>
					</Transform>
				</Transform>
				<Transform DEF="group_99_TRANSFORM"
				           translation="580.525146 190.676544 0.000000"
				           scale="1.000000 1.000000 1.000000"
				           rotation="0.000000 1.000000 0.000000 0.000000"
				           >
					<Transform DEF="group_99_ifs_TRANSFORM"
					           translation="0.000061 -0.000004 0.000000"
					           scale="1.000000 1.000000 1.000000"
					           rotation="0.000000 1.000000 0.000000 0.000000"
					           >
						<Group DEF="group_ME_ID766_001">
						</Group>
					</Transform>
				</Transform>
				<Transform DEF="group_100_TRANSFORM"
				           translation="404.934601 59.180496 0.000000"
				           scale="1.000000 1.000000 1.000000"
				           rotation="0.000000 1.000000 0.000000 0.000000"
				           >
					<Transform DEF="group_100_ifs_TRANSFORM"
					           translation="0.000015 -0.000031 0.000000"
					           scale="1.000000 1.000000 1.000000"
					           rotation="0.000000 1.000000 0.000000 0.000000"
					           >
						<Group DEF="group_ME_ID771">
						</Group>
					</Transform>
				</Transform>
				<Transform DEF="group_101_TRANSFORM"
				           translation="404.934601 124.928513 0.000000"
				           scale="1.000000 1.000000 1.000000"
				           rotation="0.000000 1.000000 0.000000 0.000000"
				           >
					<Transform DEF="group_101_ifs_TRANSFORM"
					           translation="0.000015 -0.000008 0.000000"
					           scale="1.000000 1.000000 1.000000"
					           rotation="0.000000 1.000000 0.000000 0.000000"
					           >
						<Group DEF="group_ME_ID776">
						</Group>
					</Transform>
				</Transform>
				<Transform DEF="group_102_TRANSFORM"
				           translation="404.934601 234.771057 0.000000"
				           scale="1.000000 1.000000 1.000000"
				           rotation="0.000000 1.000000 0.000000 0.000000"
				           >
					<Transform DEF="group_102_ifs_TRANSFORM"
					           translation="0.000015 0.000000 0.000000"
					           scale="1.000000 1.000000 1.000000"
					           rotation="0.000000 1.000000 0.000000 0.000000"
					           >
						<Group DEF="group_ME_ID781_001">
						</Group>
					</Transform>
				</Transform>
				<Transform DEF="group_103_TRANSFORM"
				           translation="404.934601 15.354294 0.000000"
				           scale="1.000000 1.000000 1.000000"
				           rotation="0.000000 1.000000 0.000000 0.000000"
				           >
					<Transform DEF="group_103_ifs_TRANSFORM"
					           translation="0.000015 -0.000031 0.000000"
					           scale="1.000000 1.000000 1.000000"
					           rotation="0.000000 1.000000 0.000000 0.000000"
					           >
						<Group DEF="group_ME_ID786_001">
						</Group>
					</Transform>
				</Transform>
				<Transform DEF="group_104_TRANSFORM"
				           translation="584.859253 26.605164 0.000000"
				           scale="1.000000 1.000000 1.000000"
				           rotation="0.000000 0.000000 -1.000000 0.785398"
				           >
					<Transform DEF="group_104_ifs_TRANSFORM"
					           translation="-0.000015 0.000000 0.000000"
					           scale="1.000000 1.000000 1.000000"
					           rotation="0.000000 1.000000 0.000000 0.000000"
					           >
						<Group DEF="group_ME_ID791">
						</Group>
					</Transform>
				</Transform>
				<Transform DEF="group_105_TRANSFORM"
				           translation="404.934601 190.676544 0.000000"
				           scale="1.000000 1.000000 1.000000"
				           rotation="0.000000 1.000000 0.000000 0.000000"
				           >
					<Transform DEF="group_105_ifs_TRANSFORM"
					           translation="0.000015 -0.000004 0.000000"
					           scale="1.000000 1.000000 1.000000"
					           rotation="0.000000 1.000000 0.000000 0.000000"
					           >
						<Group DEF="group_ME_ID796_001">
						</Group>
					</Transform>
				</Transform>
				<Transform DEF="group_106_TRANSFORM"
				           translation="339.580292 124.928513 0.000000"
				           scale="1.000000 1.000000 1.000000"
				           rotation="0.000000 1.000000 0.000000 0.000000"
				           >
					<Transform DEF="group_106_ifs_TRANSFORM"
					           translation="0.000008 -0.000008 0.000000"
					           scale="1.000000 1.000000 1.000000"
					           rotation="0.000000 1.000000 0.000000 0.000000"
					           >
						<Group DEF="group_ME_ID801_001">
						</Group>
					</Transform>
				</Transform>
				<Transform DEF="group_107_TRANSFORM"
				           translation="179.741165 26.605164 0.000000"
				           scale="1.000000 1.000000 1.000000"
				           rotation="0.000000 0.000000 -1.000000 0.785398"
				           >
					<Transform DEF="group_107_ifs_TRANSFORM"
					           translation="-0.000004 -0.000004 0.000000"
					           scale="1.000000 1.000000 1.000000"
					           rotation="0.000000 1.000000 0.000000 0.000000"
					           >
						<Group DEF="group_ME_ID806_002">
						</Group>
					</Transform>
				</Transform>
				<Transform DEF="group_108_TRANSFORM"
				           translation="339.580292 234.771057 0.000000"
				           scale="1.000000 1.000000 1.000000"
				           rotation="0.000000 1.000000 0.000000 0.000000"
				           >
					<Transform DEF="group_108_ifs_TRANSFORM"
					           translation="0.000008 0.000000 0.000000"
					           scale="1.000000 1.000000 1.000000"
					           rotation="0.000000 1.000000 0.000000 0.000000"
					           >
						<Group DEF="group_ME_ID811">
						</Group>
					</Transform>
				</Transform>
				<Transform DEF="group_109_TRANSFORM"
				           translation="256.509430 31.496048 0.000000"
				           scale="1.000000 1.000000 1.000000"
				           rotation="0.000000 0.000000 -1.000000 1.570796"
				           >
					<Transform DEF="group_109_ifs_TRANSFORM"
					           translation="0.000015 -0.000000 0.000000"
					           scale="1.000000 1.000000 1.000000"
					           rotation="0.000000 0.000000 0.000000 0.000000"
					           >
						<Group DEF="group_ME_ID816_001">
						</Group>
					</Transform>
				</Transform>
				<Transform DEF="group_110_TRANSFORM"
				           translation="190.761383 250.912781 0.000000"
				           scale="1.000000 1.000000 1.000000"
				           rotation="0.000000 0.000000 -1.000000 1.570796"
				           >
					<Transform DEF="group_110_ifs_TRANSFORM"
					           translation="-0.000001 -0.000014 0.000000"
					           scale="1.000000 1.000000 1.000000"
					           rotation="0.000000 0.000000 0.000000 0.000000"
					           >
						<Group DEF="group_ME_ID821">
						</Group>
					</Transform>
				</Transform>
				<Transform DEF="group_111_TRANSFORM"
				           translation="190.761383 75.322235 0.000000"
				           scale="1.000000 1.000000 1.000000"
				           rotation="0.000000 0.000000 -1.000000 1.570796"
				           >
					<Transform DEF="group_111_ifs_TRANSFORM"
					           translation="-0.000005 -0.000012 0.000000"
					           scale="1.000000 1.000000 1.000000"
					           rotation="0.000000 0.000000 0.000000 0.000000"
					           >
						<Group DEF="group_ME_ID826_002">
						</Group>
					</Transform>
				</Transform>
				<Transform DEF="group_112_TRANSFORM"
				           translation="190.761383 141.070251 0.000000"
				           scale="1.000000 1.000000 1.000000"
				           rotation="0.000000 0.000000 -1.000000 1.570796"
				           >
					<Transform DEF="group_112_ifs_TRANSFORM"
					           translation="0.000010 -0.000014 0.000000"
					           scale="1.000000 1.000000 1.000000"
					           rotation="0.000000 0.000000 0.000000 0.000000"
					           >
						<Group DEF="group_ME_ID831">
						</Group>
					</Transform>
				</Transform>
				<Transform DEF="group_113_TRANSFORM"
				           translation="190.761383 206.818298 0.000000"
				           scale="1.000000 1.000000 1.000000"
				           rotation="0.000000 0.000000 -1.000000 1.570796"
				           >
					<Transform DEF="group_113_ifs_TRANSFORM"
					           translation="0.000003 -0.000017 0.000000"
					           scale="1.000000 1.000000 1.000000"
					           rotation="0.000000 0.000000 0.000000 0.000000"
					           >
						<Group DEF="group_ME_ID836_003">
						</Group>
					</Transform>
				</Transform>
				<Transform DEF="group_114_TRANSFORM"
				           translation="125.196823 250.912781 0.000000"
				           scale="1.000000 1.000000 1.000000"
				           rotation="0.000000 0.000000 -1.000000 1.570796"
				           >
					<Transform DEF="group_114_ifs_TRANSFORM"
					           translation="-0.000002 0.000001 0.000000"
					           scale="1.000000 1.000000 1.000000"
					           rotation="0.000000 0.000000 0.000000 0.000000"
					           >
						<Group DEF="group_ME_ID841_002">
						</Group>
					</Transform>
				</Transform>
				<Transform DEF="group_115_TRANSFORM"
				           translation="125.196823 141.070251 0.000000"
				           scale="1.000000 1.000000 1.000000"
				           rotation="0.000000 0.000000 -1.000000 1.570796"
				           >
					<Transform DEF="group_115_ifs_TRANSFORM"
					           translation="0.000005 -0.000007 0.000000"
					           scale="1.000000 1.000000 1.000000"
					           rotation="0.000000 0.000000 0.000000 0.000000"
					           >
						<Group DEF="group_ME_ID846">
						</Group>
					</Transform>
				</Transform>
				<Transform DEF="group_116_TRANSFORM"
				           translation="59.448792 250.912781 0.000000"
				           scale="1.000000 1.000000 1.000000"
				           rotation="0.000000 0.000000 -1.000000 1.570796"
				           >
					<Transform DEF="group_116_ifs_TRANSFORM"
					           translation="-0.000003 -0.000014 0.000000"
					           scale="1.000000 1.000000 1.000000"
					           rotation="0.000000 0.000000 0.000000 0.000000"
					           >
						<Group DEF="group_ME_ID851_001">
						</Group>
					</Transform>
				</Transform>
				<Transform DEF="group_117_TRANSFORM"
				           translation="59.448792 141.070251 0.000000"
				           scale="1.000000 1.000000 1.000000"
				           rotation="0.000000 0.000000 -1.000000 1.570796"
				           >
					<Transform DEF="group_117_ifs_TRANSFORM"
					           translation="0.000008 -0.000022 0.000000"
					           scale="1.000000 1.000000 1.000000"
					           rotation="0.000000 0.000000 0.000000 0.000000"
					           >
						<Group DEF="group_ME_ID856_003">
						</Group>
					</Transform>
				</Transform>
				<Transform DEF="group_118_TRANSFORM"
				           translation="486.036987 250.912781 0.000000"
				           scale="1.000000 1.000000 1.000000"
				           rotation="0.000000 0.000000 -1.000000 1.570796"
				           >
					<Transform DEF="group_118_ifs_TRANSFORM"
					           translation="-0.000002 0.000032 0.000000"
					           scale="1.000000 1.000000 1.000000"
					           rotation="0.000000 0.000000 0.000000 0.000000"
					           >
						<Group DEF="group_ME_ID861">
						</Group>
					</Transform>
				</Transform>
				<Transform DEF="group_119_TRANSFORM"
				           translation="486.036987 141.070251 0.000000"
				           scale="1.000000 1.000000 1.000000"
				           rotation="0.000000 0.000000 -1.000000 1.570796"
				           >
					<Transform DEF="group_119_ifs_TRANSFORM"
					           translation="0.000010 0.000024 0.000000"
					           scale="1.000000 1.000000 1.000000"
					           rotation="0.000000 0.000000 0.000000 0.000000"
					           >
						<Group DEF="group_ME_ID866_001">
						</Group>
					</Transform>
				</Transform>
				<Transform DEF="group_120_TRANSFORM"
				           translation="486.036987 31.496048 0.000000"
				           scale="1.000000 1.000000 1.000000"
				           rotation="0.000000 0.000000 -1.000000 1.570796"
				           >
					<Transform DEF="group_120_ifs_TRANSFORM"
					           translation="0.000017 0.000031 0.000000"
					           scale="1.000000 1.000000 1.000000"
					           rotation="0.000000 0.000000 0.000000 0.000000"
					           >
						<Group DEF="group_ME_ID871_001">
						</Group>
					</Transform>
				</Transform>
				<Transform DEF="group_121_TRANSFORM"
				           translation="420.288940 250.912781 0.000000"
				           scale="1.000000 1.000000 1.000000"
				           rotation="0.000000 0.000000 -1.000000 1.570796"
				           >
					<Transform DEF="group_121_ifs_TRANSFORM"
					           translation="-0.000003 0.000032 0.000000"
					           scale="1.000000 1.000000 1.000000"
					           rotation="0.000000 0.000000 0.000000 0.000000"
					           >
						<Group DEF="group_ME_ID876">
						</Group>
					</Transform>
				</Transform>
				<Transform DEF="group_122_TRANSFORM"
				           translation="420.288940 75.322235 0.000000"
				           scale="1.000000 1.000000 1.000000"
				           rotation="0.000000 0.000000 -1.000000 1.570796"
				           >
					<Transform DEF="group_122_ifs_TRANSFORM"
					           translation="-0.000003 0.000019 0.000000"
					           scale="1.000000 1.000000 1.000000"
					           rotation="0.000000 0.000000 0.000000 0.000000"
					           >
						<Group DEF="group_ME_ID881">
						</Group>
					</Transform>
				</Transform>
				<Transform DEF="group_123_TRANSFORM"
				           translation="420.288940 141.070251 0.000000"
				           scale="1.000000 1.000000 1.000000"
				           rotation="0.000000 0.000000 -1.000000 1.570796"
				           >
					<Transform DEF="group_123_ifs_TRANSFORM"
					           translation="0.000005 0.000024 0.000000"
					           scale="1.000000 1.000000 1.000000"
					           rotation="0.000000 0.000000 0.000000 0.000000"
					           >
						<Group DEF="group_ME_ID886_002">
						</Group>
					</Transform>
				</Transform>
				<Transform DEF="group_124_TRANSFORM"
				           translation="420.288940 206.818298 0.000000"
				           scale="1.000000 1.000000 1.000000"
				           rotation="0.000000 0.000000 -1.000000 1.570796"
				           >
					<Transform DEF="group_124_ifs_TRANSFORM"
					           translation="0.000003 0.000029 0.000000"
					           scale="1.000000 1.000000 1.000000"
					           rotation="0.000000 0.000000 0.000000 0.000000"
					           >
						<Group DEF="group_ME_ID891">
						</Group>
					</Transform>
				</Transform>
				<Transform DEF="group_125_TRANSFORM"
				           translation="420.288940 31.496048 0.000000"
				           scale="1.000000 1.000000 1.000000"
				           rotation="0.000000 0.000000 -1.000000 1.570796"
				           >
					<Transform DEF="group_125_ifs_TRANSFORM"
					           translation="0.000012 0.000015 0.000000"
					           scale="1.000000 1.000000 1.000000"
					           rotation="0.000000 0.000000 0.000000 0.000000"
					           >
						<Group DEF="group_ME_ID896">
						</Group>
					</Transform>
				</Transform>
				<Transform DEF="group_126_TRANSFORM"
				           translation="354.934601 141.070251 0.000000"
				           scale="1.000000 1.000000 1.000000"
				           rotation="0.000000 0.000000 -1.000000 1.570796"
				           >
					<Transform DEF="group_126_ifs_TRANSFORM"
					           translation="0.000007 0.000008 0.000000"
					           scale="1.000000 1.000000 1.000000"
					           rotation="0.000000 0.000000 0.000000 0.000000"
					           >
						<Group DEF="group_ME_ID901">
						</Group>
					</Transform>
				</Transform>
				<Transform DEF="group_127_TRANSFORM"
				           translation="354.934601 31.496048 0.000000"
				           scale="1.000000 1.000000 1.000000"
				           rotation="0.000000 0.000000 -1.000000 1.570796"
				           >
					<Transform DEF="group_127_ifs_TRANSFORM"
					           translation="0.000007 0.000008 0.000000"
					           scale="1.000000 1.000000 1.000000"
					           rotation="0.000000 0.000000 0.000000 0.000000"
					           >
						<Group DEF="group_ME_ID906_001">
						</Group>
					</Transform>
				</Transform>
				<Transform DEF="group_128_TRANSFORM"
				           translation="256.509430 250.912781 0.000000"
				           scale="1.000000 1.000000 1.000000"
				           rotation="0.000000 0.000000 -1.000000 1.570796"
				           >
					<Transform DEF="group_128_ifs_TRANSFORM"
					           translation="-0.000002 -0.000000 0.000000"
					           scale="1.000000 1.000000 1.000000"
					           rotation="0.000000 0.000000 0.000000 0.000000"
					           >
						<Group DEF="group_ME_ID911">
						</Group>
					</Transform>
				</Transform>
				<Transform DEF="group_129_TRANSFORM"
				           translation="256.509430 141.070251 0.000000"
				           scale="1.000000 1.000000 1.000000"
				           rotation="0.000000 0.000000 -1.000000 1.570796"
				           >
					<Transform DEF="group_129_ifs_TRANSFORM"
					           translation="0.000008 -0.000000 0.000000"
					           scale="1.000000 1.000000 1.000000"
					           rotation="0.000000 0.000000 0.000000 0.000000"
					           >
						<Group DEF="group_ME_ID916">
						</Group>
					</Transform>
				</Transform>
				<Transform DEF="group_130_TRANSFORM"
				           translation="409.268707 26.605164 0.000000"
				           scale="1.000000 1.000000 1.000000"
				           rotation="0.000000 0.000000 -1.000000 0.785398"
				           >
					<Transform DEF="group_130_ifs_TRANSFORM"
					           translation="0.000008 0.000004 0.000000"
					           scale="1.000000 1.000000 1.000000"
					           rotation="0.000000 1.000000 0.000000 0.000000"
					           >
						<Group DEF="group_ME_ID921_003">
						</Group>
					</Transform>
				</Transform>
				<Transform DEF="group_131_TRANSFORM"
				           translation="431.539825 27.161942 0.000000"
				           scale="1.000000 1.000000 1.000000"
				           rotation="-0.000000 -0.000000 -1.000000 2.356194"
				           >
					<Transform DEF="group_131_ifs_TRANSFORM"
					           translation="0.000011 0.000015 0.000000"
					           scale="1.000000 1.000000 1.000000"
					           rotation="0.000000 1.000000 0.000000 0.000000"
					           >
						<Group DEF="group_ME_ID926_001">
						</Group>
					</Transform>
				</Transform>
				<Transform DEF="group_132_TRANSFORM"
				           translation="202.012238 27.161942 0.000000"
				           scale="1.000000 1.000000 1.000000"
				           rotation="-0.000000 -0.000000 -1.000000 2.356194"
				           >
					<Transform DEF="group_132_ifs_TRANSFORM"
					           translation="0.000023 0.000015 0.000000"
					           scale="1.000000 1.000000 1.000000"
					           rotation="0.000000 1.000000 0.000000 0.000000"
					           >
						<Group DEF="group_ME_ID931">
						</Group>
					</Transform>
				</Transform>
				<Transform DEF="group_133_TRANSFORM"
				           translation="15.469620 136.736145 0.000000"
				           scale="1.000000 1.000000 1.000000"
				           rotation="0.000000 0.000000 -1.000000 1.570796"
				           >
					<Transform DEF="group_95_001_TRANSFORM"
					           translation="0.000006 11.135537 0.000000"
					           scale="1.000000 1.000000 1.000000"
					           rotation="0.000000 0.000000 -1.000000 0.785398"
					           >
						<Transform DEF="group_95_001_ifs_TRANSFORM"
						           translation="0.000000 0.000000 0.000000"
						           scale="1.000000 1.000000 1.000000"
						           rotation="0.000000 0.000000 -0.000000 0.000000"
						           >
							<Group DEF="group_ME_ID937_003">
							</Group>
						</Transform>
					</Transform>
					<Transform DEF="group_96_001_TRANSFORM"
					           translation="22.271086 11.692298 0.000000"
					           scale="1.000000 1.000000 1.000000"
					           rotation="-0.000000 -0.000000 -1.000000 2.356194"
					           >
						<Transform DEF="group_96_001_ifs_TRANSFORM"
						           translation="0.000015 0.000015 0.000000"
						           scale="1.000000 1.000000 1.000000"
						           rotation="0.000000 0.000000 -0.000000 0.000000"
						           >
							<Group DEF="group_ME_ID942_001">
							</Group>
						</Transform>
					</Transform>
				</Transform>
				<Transform DEF="group_134_TRANSFORM"
				           translation="202.569016 235.443130 0.000000"
				           scale="1.000000 1.000000 1.000000"
				           rotation="0.000000 0.000000 1.000000 3.141593"
				           >
					<Transform DEF="group_95_002_TRANSFORM"
					           translation="0.000003 11.135540 0.000000"
					           scale="1.000000 1.000000 1.000000"
					           rotation="0.000000 0.000000 -1.000000 0.785398"
					           >
						<Transform DEF="group_95_002_ifs_TRANSFORM"
						           translation="-0.000003 0.000002 0.000000"
						           scale="1.000000 1.000000 1.000000"
						           rotation="0.000000 0.000000 0.000000 0.000000"
						           >
							<Group DEF="group_ME_ID948_001">
							</Group>
						</Transform>
					</Transform>
					<Transform DEF="group_96_002_TRANSFORM"
					           translation="22.271080 11.692317 0.000000"
					           scale="1.000000 1.000000 1.000000"
					           rotation="-0.000000 -0.000000 -1.000000 2.356194"
					           >
						<Transform DEF="group_96_002_ifs_TRANSFORM"
						           translation="-0.000005 -0.000003 0.000000"
						           scale="1.000000 1.000000 1.000000"
						           rotation="0.000000 0.000000 0.000000 0.000000"
						           >
							<Group DEF="group_ME_ID953_001">
							</Group>
						</Transform>
					</Transform>
				</Transform>
				<Transform DEF="group_135_TRANSFORM"
				           translation="432.096558 235.443130 0.000000"
				           scale="1.000000 1.000000 1.000000"
				           rotation="0.000000 0.000000 1.000000 3.141593"
				           >
					<Transform DEF="group_95_003_TRANSFORM"
					           translation="-0.000016 11.135540 0.000000"
					           scale="1.000000 1.000000 1.000000"
					           rotation="0.000000 0.000000 -1.000000 0.785398"
					           >
						<Transform DEF="group_95_003_ifs_TRANSFORM"
						           translation="0.000016 -0.000009 0.000000"
						           scale="1.000000 1.000000 1.000000"
						           rotation="0.000000 0.000000 0.000000 0.000000"
						           >
							<Group DEF="group_ME_ID959">
							</Group>
						</Transform>
					</Transform>
					<Transform DEF="group_96_003_TRANSFORM"
					           translation="22.271057 11.692316 0.000000"
					           scale="1.000000 1.000000 1.000000"
					           rotation="-0.000000 -0.000000 -1.000000 2.356194"
					           >
						<Transform DEF="group_96_003_ifs_TRANSFORM"
						           translation="0.000010 0.000001 0.000000"
						           scale="1.000000 1.000000 1.000000"
						           rotation="0.000000 0.000000 0.000000 0.000000"
						           >
							<Group DEF="group_ME_ID964_002">
							</Group>
						</Transform>
					</Transform>
				</Transform>
				<Transform DEF="group_136_TRANSFORM"
				           translation="409.268707 136.179382 0.000000"
				           scale="1.000000 1.000000 1.000000"
				           rotation="0.000000 0.000000 -1.000000 0.785398"
				           >
					<Transform DEF="group_136_ifs_TRANSFORM"
					           translation="-0.000008 0.000000 0.000000"
					           scale="1.000000 1.000000 1.000000"
					           rotation="0.000000 1.000000 0.000000 0.000000"
					           >
						<Group DEF="group_ME_ID969_001">
						</Group>
					</Transform>
				</Transform>
			</Transform>
		</Transform>
	</Scene>
</X3D>