<?xml version="1.0" encoding="UTF-8"?>
<!DOCTYPE X3D PUBLIC "ISO//Web3D//DTD X3D 3.0//EN" "http://www.web3d.org/specifications/x3d-3.0.dtd">
<X3D version="3.0" profile="Immersive" xmlns:xsd="http://www.w3.org/2001/XMLSchema-instance" xsd:noNamespaceSchemaLocation="http://www.web3d.org/specifications/x3d-3.0.xsd">
	<head>
		<meta name="filename" content="29-2 殿閣地盤殿身七間副階周帀各兩架椽身內金箱枓底槽.x3d" />
		<meta name="created" content="2025-12-29 14:04:26" />
		<meta name="generator" content="Blender 4.2.2 LTS" />
		<meta name="translator" content="Web3D X3D/VRML2 format v2.5.1" />
	</head>
	<Scene>
		<NavigationInfo headlight="true"
		                visibilityLimit="0.0"
		                type='"EXAMINE", "ANY"'
		                avatarSize="0.25, 1.75, 0.75"
		                />
		<Background DEF="WO_World"
		            groundColor="0.051 0.051 0.051"
		            skyColor="0.051 0.051 0.051"
		            />
		<Transform DEF="SketchUp_TRANSFORM"
		           translation="0.000000 0.000000 0.000000"
		           scale="0.025400 0.025400 0.025400"
		           rotation="-1.000000 0.000000 0.000000 1.570796"
		           >
			<Transform DEF="group_0_TRANSFORM"
			           translation="-87.007874 -536.239685 0.000000"
			           scale="1.000000 1.000000 1.000000"
			           rotation="0.000000 1.000000 0.000000 0.000000"
			           >
				<Transform DEF="group_1_TRANSFORM"
				           translation="377.952728 35.432983 0.000000"
				           scale="1.500000 1.000000 1.000000"
				           rotation="0.000000 0.000000 -1.000000 1.570796"
				           >
					<Transform DEF="group_1_ifs_TRANSFORM"
					           translation="0.000045 -0.000007 0.000000"
					           scale="1.000000 1.000000 1.000000"
					           rotation="0.000000 0.000000 -0.000000 0.000000"
					           >
						<Group DEF="group_ME_ID4_003">
						</Group>
					</Transform>
				</Transform>
				<Transform DEF="group_2_TRANSFORM"
				           translation="377.952728 553.822021 0.000000"
				           scale="1.500000 1.000000 1.000000"
				           rotation="0.000000 0.000000 -1.000000 1.570796"
				           >
					<Transform DEF="group_2_ifs_TRANSFORM"
					           translation="0.000000 -0.000029 0.000000"
					           scale="1.000000 1.000000 1.000000"
					           rotation="0.000000 0.000000 -0.000000 0.000000"
					           >
						<Group DEF="group_ME_ID11">
						</Group>
					</Transform>
				</Transform>
				<Transform DEF="group_3_TRANSFORM"
				           translation="377.952728 195.625732 0.000000"
				           scale="1.500000 1.000000 1.000000"
				           rotation="0.000000 0.000000 -1.000000 1.570796"
				           >
					<Transform DEF="group_3_ifs_TRANSFORM"
					           translation="0.000015 -0.000026 0.000000"
					           scale="1.000000 1.000000 1.000000"
					           rotation="0.000000 0.000000 -0.000000 0.000000"
					           >
						<Group DEF="group_ME_ID16">
						</Group>
					</Transform>
				</Transform>
				<Transform DEF="group_4_TRANSFORM"
				           translation="181.102356 490.767181 0.000000"
				           scale="1.500000 1.000000 1.000000"
				           rotation="0.000000 0.000000 -1.000000 1.570796"
				           >
					<Transform DEF="group_4_ifs_TRANSFORM"
					           translation="0.000001 -0.000011 0.000000"
					           scale="1.000000 1.000000 1.000000"
					           rotation="0.000000 0.000000 -0.000000 0.000000"
					           >
						<Group DEF="group_ME_ID21_005">
						</Group>
					</Transform>
				</Transform>
				<Transform DEF="group_5_TRANSFORM"
				           translation="377.952728 97.334717 0.000000"
				           scale="1.500000 1.000000 1.000000"
				           rotation="0.000000 0.000000 -1.000000 1.570796"
				           >
					<Transform DEF="group_5_ifs_TRANSFORM"
					           translation="0.000015 -0.000003 0.000000"
					           scale="1.000000 1.000000 1.000000"
					           rotation="0.000000 0.000000 -0.000000 0.000000"
					           >
						<Group DEF="group_ME_ID26_001">
						</Group>
					</Transform>
				</Transform>
				<Transform DEF="group_6_TRANSFORM"
				           translation="377.952728 392.207794 0.000000"
				           scale="1.500000 1.000000 1.000000"
				           rotation="0.000000 0.000000 -1.000000 1.570796"
				           >
					<Transform DEF="group_6_ifs_TRANSFORM"
					           translation="-0.000001 -0.000011 0.000000"
					           scale="1.000000 1.000000 1.000000"
					           rotation="0.000000 0.000000 -0.000000 0.000000"
					           >
						<Group DEF="group_ME_ID31">
						</Group>
					</Transform>
				</Transform>
				<Transform DEF="group_7_TRANSFORM"
				           translation="181.102356 195.625732 0.000000"
				           scale="1.500000 1.000000 1.000000"
				           rotation="0.000000 0.000000 -1.000000 1.570796"
				           >
					<Transform DEF="group_7_ifs_TRANSFORM"
					           translation="0.000020 -0.000003 0.000000"
					           scale="1.000000 1.000000 1.000000"
					           rotation="0.000000 0.000000 -0.000000 0.000000"
					           >
						<Group DEF="group_ME_ID36">
						</Group>
					</Transform>
				</Transform>
				<Transform DEF="group_8_TRANSFORM"
				           translation="279.527557 553.822021 0.000000"
				           scale="1.500000 1.000000 1.000000"
				           rotation="0.000000 0.000000 -1.000000 1.570796"
				           >
					<Transform DEF="group_8_ifs_TRANSFORM"
					           translation="0.000000 0.000001 0.000000"
					           scale="1.000000 1.000000 1.000000"
					           rotation="0.000000 0.000000 -0.000000 0.000000"
					           >
						<Group DEF="group_ME_ID41_002">
						</Group>
					</Transform>
				</Transform>
				<Transform DEF="group_9_TRANSFORM"
				           translation="279.527557 35.432983 0.000000"
				           scale="1.500000 1.000000 1.000000"
				           rotation="0.000000 0.000000 -1.000000 1.570796"
				           >
					<Transform DEF="group_9_ifs_TRANSFORM"
					           translation="0.000040 -0.000007 0.000000"
					           scale="1.000000 1.000000 1.000000"
					           rotation="0.000000 0.000000 -0.000000 0.000000"
					           >
						<Group DEF="group_ME_ID46">
						</Group>
					</Transform>
				</Transform>
				<Transform DEF="group_10_TRANSFORM"
				           translation="279.527557 97.334717 0.000000"
				           scale="1.500000 1.000000 1.000000"
				           rotation="0.000000 0.000000 -1.000000 1.570796"
				           >
					<Transform DEF="group_10_ifs_TRANSFORM"
					           translation="0.000010 -0.000003 0.000000"
					           scale="1.000000 1.000000 1.000000"
					           rotation="0.000000 0.000000 -0.000000 0.000000"
					           >
						<Group DEF="group_ME_ID51">
						</Group>
					</Transform>
				</Transform>
				<Transform DEF="group_11_TRANSFORM"
				           translation="279.527557 392.207794 0.000000"
				           scale="1.500000 1.000000 1.000000"
				           rotation="0.000000 0.000000 -1.000000 1.570796"
				           >
					<Transform DEF="group_11_ifs_TRANSFORM"
					           translation="0.000002 0.000004 0.000000"
					           scale="1.000000 1.000000 1.000000"
					           rotation="0.000000 0.000000 -0.000000 0.000000"
					           >
						<Group DEF="group_ME_ID56_001">
						</Group>
					</Transform>
				</Transform>
				<Transform DEF="group_12_TRANSFORM"
				           translation="279.527557 195.625732 0.000000"
				           scale="1.500000 1.000000 1.000000"
				           rotation="0.000000 0.000000 -1.000000 1.570796"
				           >
					<Transform DEF="group_12_ifs_TRANSFORM"
					           translation="0.000010 -0.000010 0.000000"
					           scale="1.000000 1.000000 1.000000"
					           rotation="0.000000 0.000000 -0.000000 0.000000"
					           >
						<Group DEF="group_ME_ID61_001">
						</Group>
					</Transform>
				</Transform>
				<Transform DEF="group_13_TRANSFORM"
				           translation="4.910652 548.354553 0.000000"
				           scale="1.500000 1.000000 1.000000"
				           rotation="0.000000 0.000000 -1.000000 0.785398"
				           >
					<Transform DEF="group_13_ifs_TRANSFORM"
					           translation="-0.000005 -0.000004 0.000000"
					           scale="1.000000 1.000000 1.000000"
					           rotation="0.000000 1.000000 0.000000 0.000000"
					           >
						<Group DEF="group_ME_ID66_001">
						</Group>
					</Transform>
				</Transform>
				<Transform DEF="group_14_TRANSFORM"
				           translation="279.527557 490.767181 0.000000"
				           scale="1.500000 1.000000 1.000000"
				           rotation="0.000000 0.000000 -1.000000 1.570796"
				           >
					<Transform DEF="group_14_ifs_TRANSFORM"
					           translation="0.000002 -0.000003 0.000000"
					           scale="1.000000 1.000000 1.000000"
					           rotation="0.000000 0.000000 -0.000000 0.000000"
					           >
						<Group DEF="group_ME_ID71">
						</Group>
					</Transform>
				</Transform>
				<Transform DEF="group_15_TRANSFORM"
				           translation="181.102356 392.207794 0.000000"
				           scale="1.500000 1.000000 1.000000"
				           rotation="0.000000 0.000000 -1.000000 1.570796"
				           >
					<Transform DEF="group_15_ifs_TRANSFORM"
					           translation="0.000005 -0.000003 0.000000"
					           scale="1.000000 1.000000 1.000000"
					           rotation="0.000000 0.000000 -0.000000 0.000000"
					           >
						<Group DEF="group_ME_ID76_003">
						</Group>
					</Transform>
				</Transform>
				<Transform DEF="group_16_TRANSFORM"
				           translation="836.739624 97.334717 0.000000"
				           scale="1.500000 1.000000 1.000000"
				           rotation="0.000000 0.000000 -1.000000 1.570796"
				           >
					<Transform DEF="group_16_ifs_TRANSFORM"
					           translation="0.000007 -0.000094 0.000000"
					           scale="1.000000 1.000000 1.000000"
					           rotation="0.000000 0.000000 -0.000000 0.000000"
					           >
						<Group DEF="group_ME_ID81_001">
						</Group>
					</Transform>
				</Transform>
				<Transform DEF="group_17_TRANSFORM"
				           translation="836.739624 35.432983 0.000000"
				           scale="1.500000 1.000000 1.000000"
				           rotation="0.000000 0.000000 -1.000000 1.570796"
				           >
					<Transform DEF="group_17_ifs_TRANSFORM"
					           translation="0.000007 -0.000099 0.000000"
					           scale="1.000000 1.000000 1.000000"
					           rotation="0.000000 0.000000 -0.000000 0.000000"
					           >
						<Group DEF="group_ME_ID86">
						</Group>
					</Transform>
				</Transform>
				<Transform DEF="group_18_TRANSFORM"
				           translation="836.739624 553.822021 0.000000"
				           scale="1.500000 1.000000 1.000000"
				           rotation="0.000000 0.000000 -1.000000 1.570796"
				           >
					<Transform DEF="group_18_ifs_TRANSFORM"
					           translation="-0.000000 -0.000060 0.000000"
					           scale="1.000000 1.000000 1.000000"
					           rotation="0.000000 0.000000 -0.000000 0.000000"
					           >
						<Group DEF="group_ME_ID91_002">
						</Group>
					</Transform>
				</Transform>
				<Transform DEF="group_19_TRANSFORM"
				           translation="836.739624 294.050964 0.000000"
				           scale="1.500000 1.000000 1.000000"
				           rotation="0.000000 0.000000 -1.000000 1.570796"
				           >
					<Transform DEF="group_19_ifs_TRANSFORM"
					           translation="0.000007 -0.000079 0.000000"
					           scale="1.000000 1.000000 1.000000"
					           rotation="0.000000 0.000000 -0.000000 0.000000"
					           >
						<Group DEF="group_ME_ID96">
						</Group>
					</Transform>
				</Transform>
				<Transform DEF="group_20_TRANSFORM"
				           translation="836.739624 392.207794 0.000000"
				           scale="1.500000 1.000000 1.000000"
				           rotation="0.000000 0.000000 -1.000000 1.570796"
				           >
					<Transform DEF="group_20_ifs_TRANSFORM"
					           translation="-0.000000 -0.000072 0.000000"
					           scale="1.000000 1.000000 1.000000"
					           rotation="0.000000 0.000000 -0.000000 0.000000"
					           >
						<Group DEF="group_ME_ID101">
						</Group>
					</Transform>
				</Transform>
				<Transform DEF="group_21_TRANSFORM"
				           translation="836.739624 195.625732 0.000000"
				           scale="1.500000 1.000000 1.000000"
				           rotation="0.000000 0.000000 -1.000000 1.570796"
				           >
					<Transform DEF="group_21_ifs_TRANSFORM"
					           translation="0.000022 -0.000087 0.000000"
					           scale="1.000000 1.000000 1.000000"
					           rotation="0.000000 0.000000 -0.000000 0.000000"
					           >
						<Group DEF="group_ME_ID106">
						</Group>
					</Transform>
				</Transform>
				<Transform DEF="group_22_TRANSFORM"
				           translation="17.322823 294.050964 0.000000"
				           scale="1.500000 1.000000 1.000000"
				           rotation="0.000000 0.000000 -1.000000 1.570796"
				           >
					<Transform DEF="group_22_ifs_TRANSFORM"
					           translation="0.000012 -0.000003 0.000000"
					           scale="1.000000 1.000000 1.000000"
					           rotation="0.000000 0.000000 -0.000000 0.000000"
					           >
						<Group DEF="group_ME_ID111_006">
						</Group>
					</Transform>
				</Transform>
				<Transform DEF="group_23_TRANSFORM"
				           translation="17.322823 195.625732 0.000000"
				           scale="1.500000 1.000000 1.000000"
				           rotation="0.000000 0.000000 -1.000000 1.570796"
				           >
					<Transform DEF="group_23_ifs_TRANSFORM"
					           translation="0.000012 -0.000003 0.000000"
					           scale="1.000000 1.000000 1.000000"
					           rotation="0.000000 0.000000 -0.000000 0.000000"
					           >
						<Group DEF="group_ME_ID116">
						</Group>
					</Transform>
				</Transform>
				<Transform DEF="group_24_TRANSFORM"
				           translation="17.322823 490.767181 0.000000"
				           scale="1.500000 1.000000 1.000000"
				           rotation="0.000000 0.000000 -1.000000 1.570796"
				           >
					<Transform DEF="group_24_ifs_TRANSFORM"
					           translation="0.000000 -0.000003 0.000000"
					           scale="1.000000 1.000000 1.000000"
					           rotation="0.000000 0.000000 -0.000000 0.000000"
					           >
						<Group DEF="group_ME_ID121">
						</Group>
					</Transform>
				</Transform>
				<Transform DEF="group_25_TRANSFORM"
				           translation="836.739624 490.767181 0.000000"
				           scale="1.500000 1.000000 1.000000"
				           rotation="0.000000 0.000000 -1.000000 1.570796"
				           >
					<Transform DEF="group_25_ifs_TRANSFORM"
					           translation="0.000001 -0.000064 0.000000"
					           scale="1.000000 1.000000 1.000000"
					           rotation="0.000000 0.000000 -0.000000 0.000000"
					           >
						<Group DEF="group_ME_ID126_001">
						</Group>
					</Transform>
				</Transform>
				<Transform DEF="group_26_TRANSFORM"
				           translation="771.519470 392.207794 0.000000"
				           scale="1.500000 1.000000 1.000000"
				           rotation="0.000000 0.000000 -1.000000 1.570796"
				           >
					<Transform DEF="group_26_ifs_TRANSFORM"
					           translation="-0.000004 -0.000011 0.000000"
					           scale="1.000000 1.000000 1.000000"
					           rotation="0.000000 0.000000 -0.000000 0.000000"
					           >
						<Group DEF="group_ME_ID131_003">
						</Group>
					</Transform>
				</Transform>
				<Transform DEF="group_27_TRANSFORM"
				           translation="673.094177 490.767181 0.000000"
				           scale="1.500000 1.000000 1.000000"
				           rotation="0.000000 0.000000 -1.000000 1.570796"
				           >
					<Transform DEF="group_27_ifs_TRANSFORM"
					           translation="0.000003 -0.000003 0.000000"
					           scale="1.000000 1.000000 1.000000"
					           rotation="0.000000 0.000000 -0.000000 0.000000"
					           >
						<Group DEF="group_ME_ID136">
						</Group>
					</Transform>
				</Transform>
				<Transform DEF="group_28_TRANSFORM"
				           translation="673.094177 35.432983 0.000000"
				           scale="1.500000 1.000000 1.000000"
				           rotation="0.000000 0.000000 -1.000000 1.570796"
				           >
					<Transform DEF="group_28_ifs_TRANSFORM"
					           translation="-0.000001 0.000023 0.000000"
					           scale="1.000000 1.000000 1.000000"
					           rotation="0.000000 0.000000 -0.000000 0.000000"
					           >
						<Group DEF="group_ME_ID141">
						</Group>
					</Transform>
				</Transform>
				<Transform DEF="group_29_TRANSFORM"
				           translation="95.319946 92.424042 0.000000"
				           scale="1.500000 1.000000 1.000000"
				           rotation="-0.000000 -0.000000 -1.000000 2.356194"
				           >
					<Transform DEF="group_29_ifs_TRANSFORM"
					           translation="0.000013 -0.000004 0.000000"
					           scale="1.000000 1.000000 1.000000"
					           rotation="0.000000 1.000000 0.000000 0.000000"
					           >
						<Group DEF="group_ME_ID146_002">
						</Group>
					</Transform>
				</Transform>
				<Transform DEF="group_30_TRANSFORM"
				           translation="759.107300 91.867249 0.000000"
				           scale="1.500000 1.000000 1.000000"
				           rotation="0.000000 0.000000 -1.000000 0.785398"
				           >
					<Transform DEF="group_30_ifs_TRANSFORM"
					           translation="0.000000 0.000000 0.000000"
					           scale="1.000000 1.000000 1.000000"
					           rotation="0.000000 1.000000 0.000000 0.000000"
					           >
						<Group DEF="group_ME_ID151_001">
						</Group>
					</Transform>
				</Transform>
				<Transform DEF="group_31_TRANSFORM"
				           translation="17.322823 392.207794 0.000000"
				           scale="1.500000 1.000000 1.000000"
				           rotation="0.000000 0.000000 -1.000000 1.570796"
				           >
					<Transform DEF="group_31_ifs_TRANSFORM"
					           translation="-0.000004 -0.000003 0.000000"
					           scale="1.000000 1.000000 1.000000"
					           rotation="0.000000 0.000000 -0.000000 0.000000"
					           >
						<Group DEF="group_ME_ID156">
						</Group>
					</Transform>
				</Transform>
				<Transform DEF="group_32_TRANSFORM"
				           translation="660.682068 190.158325 0.000000"
				           scale="1.500000 1.000000 1.000000"
				           rotation="0.000000 0.000000 -1.000000 0.785398"
				           >
					<Transform DEF="group_32_ifs_TRANSFORM"
					           translation="-0.000015 0.000000 0.000000"
					           scale="1.000000 1.000000 1.000000"
					           rotation="0.000000 1.000000 0.000000 0.000000"
					           >
						<Group DEF="group_ME_ID161_001">
						</Group>
					</Transform>
				</Transform>
				<Transform DEF="group_33_TRANSFORM"
				           translation="784.162170 485.856476 0.000000"
				           scale="1.500000 1.000000 1.000000"
				           rotation="-0.000000 -0.000000 -1.000000 2.356194"
				           >
					<Transform DEF="group_33_ifs_TRANSFORM"
					           translation="-0.000010 0.000015 0.000000"
					           scale="1.000000 1.000000 1.000000"
					           rotation="0.000000 1.000000 0.000000 0.000000"
					           >
						<Group DEF="group_ME_ID166">
						</Group>
					</Transform>
				</Transform>
				<Transform DEF="group_34_TRANSFORM"
				           translation="70.264984 485.299744 0.000000"
				           scale="1.500000 1.000000 1.000000"
				           rotation="0.000000 0.000000 -1.000000 0.785398"
				           >
					<Transform DEF="group_34_ifs_TRANSFORM"
					           translation="0.000003 -0.000005 0.000000"
					           scale="1.000000 1.000000 1.000000"
					           rotation="0.000000 1.000000 0.000000 0.000000"
					           >
						<Group DEF="group_ME_ID171">
						</Group>
					</Transform>
				</Transform>
				<Transform DEF="group_35_TRANSFORM"
				           translation="824.327454 29.965515 0.000000"
				           scale="1.500000 1.000000 1.000000"
				           rotation="0.000000 0.000000 -1.000000 0.785398"
				           >
					<Transform DEF="group_35_ifs_TRANSFORM"
					           translation="0.000000 0.000000 0.000000"
					           scale="1.000000 1.000000 1.000000"
					           rotation="0.000000 1.000000 0.000000 0.000000"
					           >
						<Group DEF="group_ME_ID176">
						</Group>
					</Transform>
				</Transform>
				<Transform DEF="group_36_TRANSFORM"
				           translation="-0.000008 177.515503 0.000000"
				           scale="1.500000 1.000000 1.000000"
				           rotation="0.000000 1.000000 0.000000 0.000000"
				           >
					<Transform DEF="group_36_ifs_TRANSFORM"
					           translation="-0.000008 0.000031 0.000000"
					           scale="1.000000 1.000000 1.000000"
					           rotation="0.000000 1.000000 0.000000 0.000000"
					           >
						<Group DEF="group_ME_ID181_004">
						</Group>
					</Transform>
				</Transform>
				<Transform DEF="group_37_TRANSFORM"
				           translation="29.965622 30.522308 0.000000"
				           scale="1.500000 1.000000 1.000000"
				           rotation="-0.000000 -0.000000 -1.000000 2.356194"
				           >
					<Transform DEF="group_37_ifs_TRANSFORM"
					           translation="0.000004 0.000000 0.000000"
					           scale="1.000000 1.000000 1.000000"
					           rotation="0.000000 1.000000 0.000000 0.000000"
					           >
						<Group DEF="group_ME_ID186">
						</Group>
					</Transform>
				</Transform>
				<Transform DEF="group_38_TRANSFORM"
				           translation="-0.000008 79.224426 0.000000"
				           scale="1.500000 1.000000 1.000000"
				           rotation="0.000000 1.000000 0.000000 0.000000"
				           >
					<Transform DEF="group_38_ifs_TRANSFORM"
					           translation="-0.000008 0.000000 0.000000"
					           scale="1.000000 1.000000 1.000000"
					           rotation="0.000000 1.000000 0.000000 0.000000"
					           >
						<Group DEF="group_ME_ID191">
						</Group>
					</Transform>
				</Transform>
				<Transform DEF="group_39_TRANSFORM"
				           translation="-0.000008 374.097595 0.000000"
				           scale="1.500000 1.000000 1.000000"
				           rotation="0.000000 1.000000 0.000000 0.000000"
				           >
					<Transform DEF="group_39_ifs_TRANSFORM"
					           translation="-0.000008 0.000015 0.000000"
					           scale="1.000000 1.000000 1.000000"
					           rotation="0.000000 1.000000 0.000000 0.000000"
					           >
						<Group DEF="group_ME_ID196_003">
						</Group>
					</Transform>
				</Transform>
				<Transform DEF="group_40_TRANSFORM"
				           translation="17.322823 97.334717 0.000000"
				           scale="1.500000 1.000000 1.000000"
				           rotation="0.000000 0.000000 -1.000000 1.570796"
				           >
					<Transform DEF="group_40_ifs_TRANSFORM"
					           translation="-0.000004 -0.000003 0.000000"
					           scale="1.000000 1.000000 1.000000"
					           rotation="0.000000 0.000000 -0.000000 0.000000"
					           >
						<Group DEF="group_ME_ID201">
						</Group>
					</Transform>
				</Transform>
				<Transform DEF="group_41_TRANSFORM"
				           translation="-0.000008 275.940674 0.000000"
				           scale="1.500000 1.000000 1.000000"
				           rotation="0.000000 1.000000 0.000000 0.000000"
				           >
					<Transform DEF="group_41_ifs_TRANSFORM"
					           translation="-0.000008 0.000000 0.000000"
					           scale="1.000000 1.000000 1.000000"
					           rotation="0.000000 1.000000 0.000000 0.000000"
					           >
						<Group DEF="group_ME_ID206_001">
						</Group>
					</Transform>
				</Transform>
				<Transform DEF="group_42_TRANSFORM"
				           translation="95.876724 361.685425 0.000000"
				           scale="-1.000000 -1.000000 -1.000000"
				           rotation="-1.000000 0.000000 0.000000 3.141593"
				           >
					<Transform DEF="group_43_TRANSFORM"
					           translation="25.054966 25.611725 0.000000"
					           scale="1.500000 1.000000 1.000000"
					           rotation="0.000000 0.000000 -1.000000 2.356194"
					           >
						<Transform DEF="group_43_ifs_TRANSFORM"
						           translation="0.000004 -0.000000 -0.000000"
						           scale="1.000000 1.000000 1.000000"
						           rotation="-0.000000 0.000000 0.000000 0.000000"
						           >
							<Group DEF="group_ME_ID212_003">
							</Group>
						</Transform>
					</Transform>
					<Transform DEF="group_44_TRANSFORM"
					           translation="25.611740 0.556747 0.000000"
					           scale="1.500000 1.000000 1.000000"
					           rotation="0.000000 -0.000000 1.000000 2.356194"
					           >
						<Transform DEF="group_44_ifs_TRANSFORM"
						           translation="-0.000008 0.000007 -0.000000"
						           scale="1.000000 1.000000 1.000000"
						           rotation="-0.000000 -0.000000 -0.000000 0.000000"
						           >
							<Group DEF="group_ME_ID217_001">
							</Group>
						</Transform>
					</Transform>
				</Transform>
				<Transform DEF="group_45_TRANSFORM"
				           translation="819.416748 79.224426 0.000000"
				           scale="1.500000 1.000000 1.000000"
				           rotation="0.000000 1.000000 0.000000 0.000000"
				           >
					<Transform DEF="group_45_ifs_TRANSFORM"
					           translation="0.000061 0.000000 0.000000"
					           scale="1.000000 1.000000 1.000000"
					           rotation="0.000000 1.000000 0.000000 0.000000"
					           >
						<Group DEF="group_ME_ID222">
						</Group>
					</Transform>
				</Transform>
				<Transform DEF="group_46_TRANSFORM"
				           translation="754.196594 374.097595 0.000000"
				           scale="1.500000 1.000000 1.000000"
				           rotation="0.000000 1.000000 0.000000 0.000000"
				           >
					<Transform DEF="group_46_ifs_TRANSFORM"
					           translation="0.000031 0.000015 0.000000"
					           scale="1.000000 1.000000 1.000000"
					           rotation="0.000000 1.000000 0.000000 0.000000"
					           >
						<Group DEF="group_ME_ID227_001">
						</Group>
					</Transform>
				</Transform>
				<Transform DEF="group_47_TRANSFORM"
				           translation="819.416748 177.515503 0.000000"
				           scale="1.500000 1.000000 1.000000"
				           rotation="0.000000 1.000000 0.000000 0.000000"
				           >
					<Transform DEF="group_47_ifs_TRANSFORM"
					           translation="0.000061 0.000031 0.000000"
					           scale="1.000000 1.000000 1.000000"
					           rotation="0.000000 1.000000 0.000000 0.000000"
					           >
						<Group DEF="group_ME_ID232">
						</Group>
					</Transform>
				</Transform>
				<Transform DEF="group_48_TRANSFORM"
				           translation="181.102356 35.432983 0.000000"
				           scale="1.500000 1.000000 1.000000"
				           rotation="0.000000 0.000000 -1.000000 1.570796"
				           >
					<Transform DEF="group_48_ifs_TRANSFORM"
					           translation="0.000035 -0.000007 0.000000"
					           scale="1.000000 1.000000 1.000000"
					           rotation="0.000000 0.000000 -0.000000 0.000000"
					           >
						<Group DEF="group_ME_ID237_002">
						</Group>
					</Transform>
				</Transform>
				<Transform DEF="group_49_TRANSFORM"
				           translation="82.677155 35.432983 0.000000"
				           scale="1.500000 1.000000 1.000000"
				           rotation="0.000000 0.000000 -1.000000 1.570796"
				           >
					<Transform DEF="group_49_ifs_TRANSFORM"
					           translation="0.000030 0.000000 0.000000"
					           scale="1.000000 1.000000 1.000000"
					           rotation="0.000000 0.000000 -0.000000 0.000000"
					           >
						<Group DEF="group_ME_ID242_001">
						</Group>
					</Transform>
				</Transform>
				<Transform DEF="group_50_TRANSFORM"
				           translation="181.102356 553.822021 0.000000"
				           scale="1.500000 1.000000 1.000000"
				           rotation="0.000000 0.000000 -1.000000 1.570796"
				           >
					<Transform DEF="group_50_ifs_TRANSFORM"
					           translation="-0.000000 -0.000006 0.000000"
					           scale="1.000000 1.000000 1.000000"
					           rotation="0.000000 0.000000 -0.000000 0.000000"
					           >
						<Group DEF="group_ME_ID247_001">
						</Group>
					</Transform>
				</Transform>
				<Transform DEF="group_51_TRANSFORM"
				           translation="181.102356 294.050964 0.000000"
				           scale="1.500000 1.000000 1.000000"
				           rotation="0.000000 0.000000 -1.000000 1.570796"
				           >
					<Transform DEF="group_51_ifs_TRANSFORM"
					           translation="0.000020 -0.000003 0.000000"
					           scale="1.000000 1.000000 1.000000"
					           rotation="0.000000 0.000000 -0.000000 0.000000"
					           >
						<Group DEF="group_ME_ID252_001">
						</Group>
					</Transform>
				</Transform>
				<Transform DEF="group_52_TRANSFORM"
				           translation="181.102356 97.334717 0.000000"
				           scale="1.500000 1.000000 1.000000"
				           rotation="0.000000 0.000000 -1.000000 1.570796"
				           >
					<Transform DEF="group_52_ifs_TRANSFORM"
					           translation="0.000005 -0.000010 0.000000"
					           scale="1.000000 1.000000 1.000000"
					           rotation="0.000000 0.000000 -0.000000 0.000000"
					           >
						<Group DEF="group_ME_ID257">
						</Group>
					</Transform>
				</Transform>
				<Transform DEF="group_53_TRANSFORM"
				           translation="754.196594 17.322754 0.000000"
				           scale="1.500000 1.000000 1.000000"
				           rotation="0.000000 1.000000 0.000000 0.000000"
				           >
					<Transform DEF="group_53_ifs_TRANSFORM"
					           translation="0.000031 0.000000 0.000000"
					           scale="1.000000 1.000000 1.000000"
					           rotation="0.000000 1.000000 0.000000 0.000000"
					           >
						<Group DEF="group_ME_ID262">
						</Group>
					</Transform>
				</Transform>
				<Transform DEF="group_54_TRANSFORM"
				           translation="754.196594 535.711792 0.000000"
				           scale="1.500000 1.000000 1.000000"
				           rotation="0.000000 1.000000 0.000000 0.000000"
				           >
					<Transform DEF="group_54_ifs_TRANSFORM"
					           translation="0.000031 0.000000 0.000000"
					           scale="1.000000 1.000000 1.000000"
					           rotation="0.000000 1.000000 0.000000 0.000000"
					           >
						<Group DEF="group_ME_ID267_001">
						</Group>
					</Transform>
				</Transform>
				<Transform DEF="group_55_TRANSFORM"
				           translation="754.196594 472.656952 0.000000"
				           scale="1.500000 1.000000 1.000000"
				           rotation="0.000000 1.000000 0.000000 0.000000"
				           >
					<Transform DEF="group_55_ifs_TRANSFORM"
					           translation="0.000031 0.000000 0.000000"
					           scale="1.000000 1.000000 1.000000"
					           rotation="0.000000 1.000000 0.000000 0.000000"
					           >
						<Group DEF="group_ME_ID272_002">
						</Group>
					</Transform>
				</Transform>
				<Transform DEF="group_56_TRANSFORM"
				           translation="754.196594 275.940674 0.000000"
				           scale="1.500000 1.000000 1.000000"
				           rotation="0.000000 1.000000 0.000000 0.000000"
				           >
					<Transform DEF="group_56_ifs_TRANSFORM"
					           translation="0.000031 0.000000 0.000000"
					           scale="1.000000 1.000000 1.000000"
					           rotation="0.000000 1.000000 0.000000 0.000000"
					           >
						<Group DEF="group_ME_ID277">
						</Group>
					</Transform>
				</Transform>
				<Transform DEF="group_57_TRANSFORM"
				           translation="819.416748 275.940674 0.000000"
				           scale="1.500000 1.000000 1.000000"
				           rotation="0.000000 1.000000 0.000000 0.000000"
				           >
					<Transform DEF="group_57_ifs_TRANSFORM"
					           translation="0.000061 0.000000 0.000000"
					           scale="1.000000 1.000000 1.000000"
					           rotation="0.000000 1.000000 0.000000 0.000000"
					           >
						<Group DEF="group_ME_ID282">
						</Group>
					</Transform>
				</Transform>
				<Transform DEF="group_58_TRANSFORM"
				           translation="819.416748 374.097595 0.000000"
				           scale="1.500000 1.000000 1.000000"
				           rotation="0.000000 1.000000 0.000000 0.000000"
				           >
					<Transform DEF="group_58_ifs_TRANSFORM"
					           translation="0.000061 0.000015 0.000000"
					           scale="1.000000 1.000000 1.000000"
					           rotation="0.000000 1.000000 0.000000 0.000000"
					           >
						<Group DEF="group_ME_ID287_001">
						</Group>
					</Transform>
				</Transform>
				<Transform DEF="group_59_TRANSFORM"
				           translation="819.416748 472.656952 0.000000"
				           scale="1.500000 1.000000 1.000000"
				           rotation="0.000000 1.000000 0.000000 0.000000"
				           >
					<Transform DEF="group_59_ifs_TRANSFORM"
					           translation="0.000061 0.000000 0.000000"
					           scale="1.000000 1.000000 1.000000"
					           rotation="0.000000 1.000000 0.000000 0.000000"
					           >
						<Group DEF="group_ME_ID292">
						</Group>
					</Transform>
				</Transform>
				<Transform DEF="group_60_TRANSFORM"
				           translation="819.416748 17.322754 0.000000"
				           scale="1.500000 1.000000 1.000000"
				           rotation="0.000000 1.000000 0.000000 0.000000"
				           >
					<Transform DEF="group_60_ifs_TRANSFORM"
					           translation="0.000061 0.000000 0.000000"
					           scale="1.000000 1.000000 1.000000"
					           rotation="0.000000 1.000000 0.000000 0.000000"
					           >
						<Group DEF="group_ME_ID297_001">
						</Group>
					</Transform>
				</Transform>
				<Transform DEF="group_61_TRANSFORM"
				           translation="819.416748 535.711792 0.000000"
				           scale="1.500000 1.000000 1.000000"
				           rotation="0.000000 1.000000 0.000000 0.000000"
				           >
					<Transform DEF="group_61_ifs_TRANSFORM"
					           translation="0.000061 0.000000 0.000000"
					           scale="1.000000 1.000000 1.000000"
					           rotation="0.000000 1.000000 0.000000 0.000000"
					           >
						<Group DEF="group_ME_ID302">
						</Group>
					</Transform>
				</Transform>
				<Transform DEF="group_62_TRANSFORM"
				           translation="476.377960 195.625732 0.000000"
				           scale="1.500000 1.000000 1.000000"
				           rotation="0.000000 0.000000 -1.000000 1.570796"
				           >
					<Transform DEF="group_62_ifs_TRANSFORM"
					           translation="0.000020 0.000035 0.000000"
					           scale="1.000000 1.000000 1.000000"
					           rotation="0.000000 0.000000 -0.000000 0.000000"
					           >
						<Group DEF="group_ME_ID307_002">
						</Group>
					</Transform>
				</Transform>
				<Transform DEF="group_63_TRANSFORM"
				           translation="771.519470 35.432983 0.000000"
				           scale="1.500000 1.000000 1.000000"
				           rotation="0.000000 0.000000 -1.000000 1.570796"
				           >
					<Transform DEF="group_63_ifs_TRANSFORM"
					           translation="0.000004 -0.000038 0.000000"
					           scale="1.000000 1.000000 1.000000"
					           rotation="0.000000 0.000000 -0.000000 0.000000"
					           >
						<Group DEF="group_ME_ID312_001">
						</Group>
					</Transform>
				</Transform>
				<Transform DEF="group_64_TRANSFORM"
				           translation="771.519470 294.050964 0.000000"
				           scale="1.500000 1.000000 1.000000"
				           rotation="0.000000 0.000000 -1.000000 1.570796"
				           >
					<Transform DEF="group_64_ifs_TRANSFORM"
					           translation="0.000004 -0.000018 0.000000"
					           scale="1.000000 1.000000 1.000000"
					           rotation="0.000000 0.000000 -0.000000 0.000000"
					           >
						<Group DEF="group_ME_ID317_001">
						</Group>
					</Transform>
				</Transform>
				<Transform DEF="group_65_TRANSFORM"
				           translation="476.377960 553.822021 0.000000"
				           scale="1.500000 1.000000 1.000000"
				           rotation="0.000000 0.000000 -1.000000 1.570796"
				           >
					<Transform DEF="group_65_ifs_TRANSFORM"
					           translation="-0.000000 0.000001 0.000000"
					           scale="1.000000 1.000000 1.000000"
					           rotation="0.000000 0.000000 -0.000000 0.000000"
					           >
						<Group DEF="group_ME_ID322">
						</Group>
					</Transform>
				</Transform>
				<Transform DEF="group_66_TRANSFORM"
				           translation="771.519470 195.625732 0.000000"
				           scale="1.500000 1.000000 1.000000"
				           rotation="0.000000 0.000000 -1.000000 1.570796"
				           >
					<Transform DEF="group_66_ifs_TRANSFORM"
					           translation="0.000019 -0.000026 0.000000"
					           scale="1.000000 1.000000 1.000000"
					           rotation="0.000000 0.000000 -0.000000 0.000000"
					           >
						<Group DEF="group_ME_ID327_002">
						</Group>
					</Transform>
				</Transform>
				<Transform DEF="group_67_TRANSFORM"
				           translation="476.377960 97.334717 0.000000"
				           scale="1.500000 1.000000 1.000000"
				           rotation="0.000000 0.000000 -1.000000 1.570796"
				           >
					<Transform DEF="group_67_ifs_TRANSFORM"
					           translation="0.000020 0.000028 0.000000"
					           scale="1.000000 1.000000 1.000000"
					           rotation="0.000000 0.000000 -0.000000 0.000000"
					           >
						<Group DEF="group_ME_ID332">
						</Group>
					</Transform>
				</Transform>
				<Transform DEF="group_68_TRANSFORM"
				           translation="-0.000008 535.711792 0.000000"
				           scale="1.500000 1.000000 1.000000"
				           rotation="0.000000 1.000000 0.000000 0.000000"
				           >
					<Transform DEF="group_68_ifs_TRANSFORM"
					           translation="-0.000008 0.000000 0.000000"
					           scale="1.000000 1.000000 1.000000"
					           rotation="0.000000 1.000000 0.000000 0.000000"
					           >
						<Group DEF="group_ME_ID337_001">
						</Group>
					</Transform>
				</Transform>
				<Transform DEF="group_69_TRANSFORM"
				           translation="476.377960 392.207794 0.000000"
				           scale="1.500000 1.000000 1.000000"
				           rotation="0.000000 0.000000 -1.000000 1.570796"
				           >
					<Transform DEF="group_69_ifs_TRANSFORM"
					           translation="0.000004 -0.000011 0.000000"
					           scale="1.000000 1.000000 1.000000"
					           rotation="0.000000 0.000000 -0.000000 0.000000"
					           >
						<Group DEF="group_ME_ID342_002">
						</Group>
					</Transform>
				</Transform>
				<Transform DEF="group_70_TRANSFORM"
				           translation="771.519470 553.822021 0.000000"
				           scale="1.500000 1.000000 1.000000"
				           rotation="0.000000 0.000000 -1.000000 1.570796"
				           >
					<Transform DEF="group_70_ifs_TRANSFORM"
					           translation="0.000000 0.000001 0.000000"
					           scale="1.000000 1.000000 1.000000"
					           rotation="0.000000 0.000000 -0.000000 0.000000"
					           >
						<Group DEF="group_ME_ID347">
						</Group>
					</Transform>
				</Transform>
				<Transform DEF="group_71_TRANSFORM"
				           translation="-0.000008 472.656952 0.000000"
				           scale="1.500000 1.000000 1.000000"
				           rotation="0.000000 1.000000 0.000000 0.000000"
				           >
					<Transform DEF="group_71_ifs_TRANSFORM"
					           translation="-0.000008 0.000000 0.000000"
					           scale="1.000000 1.000000 1.000000"
					           rotation="0.000000 1.000000 0.000000 0.000000"
					           >
						<Group DEF="group_ME_ID352">
						</Group>
					</Transform>
				</Transform>
				<Transform DEF="group_72_TRANSFORM"
				           translation="771.519470 97.334717 0.000000"
				           scale="1.500000 1.000000 1.000000"
				           rotation="0.000000 0.000000 -1.000000 1.570796"
				           >
					<Transform DEF="group_72_ifs_TRANSFORM"
					           translation="0.000004 -0.000033 0.000000"
					           scale="1.000000 1.000000 1.000000"
					           rotation="0.000000 0.000000 -0.000000 0.000000"
					           >
						<Group DEF="group_ME_ID357_001">
						</Group>
					</Transform>
				</Transform>
				<Transform DEF="group_73_TRANSFORM"
				           translation="476.377960 35.432983 0.000000"
				           scale="1.500000 1.000000 1.000000"
				           rotation="0.000000 0.000000 -1.000000 1.570796"
				           >
					<Transform DEF="group_73_ifs_TRANSFORM"
					           translation="-0.000011 0.000023 0.000000"
					           scale="1.000000 1.000000 1.000000"
					           rotation="0.000000 0.000000 -0.000000 0.000000"
					           >
						<Group DEF="group_ME_ID362_001">
						</Group>
					</Transform>
				</Transform>
				<Transform DEF="group_74_TRANSFORM"
				           translation="476.377960 490.767181 0.000000"
				           scale="1.500000 1.000000 1.000000"
				           rotation="0.000000 0.000000 -1.000000 1.570796"
				           >
					<Transform DEF="group_74_ifs_TRANSFORM"
					           translation="0.000002 -0.000003 0.000000"
					           scale="1.000000 1.000000 1.000000"
					           rotation="0.000000 0.000000 -0.000000 0.000000"
					           >
						<Group DEF="group_ME_ID367">
						</Group>
					</Transform>
				</Transform>
				<Transform DEF="group_75_TRANSFORM"
				           translation="771.519470 490.767181 0.000000"
				           scale="1.500000 1.000000 1.000000"
				           rotation="0.000000 0.000000 -1.000000 1.570796"
				           >
					<Transform DEF="group_75_ifs_TRANSFORM"
					           translation="0.000000 -0.000003 0.000000"
					           scale="1.000000 1.000000 1.000000"
					           rotation="0.000000 0.000000 -0.000000 0.000000"
					           >
						<Group DEF="group_ME_ID372_001">
						</Group>
					</Transform>
				</Transform>
				<Transform DEF="group_76_TRANSFORM"
				           translation="82.677155 97.334717 0.000000"
				           scale="1.500000 1.000000 1.000000"
				           rotation="0.000000 0.000000 -1.000000 1.570796"
				           >
					<Transform DEF="group_76_ifs_TRANSFORM"
					           translation="-0.000000 0.000000 0.000000"
					           scale="1.000000 1.000000 1.000000"
					           rotation="0.000000 0.000000 -0.000000 0.000000"
					           >
						<Group DEF="group_ME_ID377_004">
						</Group>
					</Transform>
				</Transform>
				<Transform DEF="group_77_TRANSFORM"
				           translation="82.677155 294.050964 0.000000"
				           scale="1.500000 1.000000 1.000000"
				           rotation="0.000000 0.000000 -1.000000 1.570796"
				           >
					<Transform DEF="group_77_ifs_TRANSFORM"
					           translation="0.000015 0.000000 0.000000"
					           scale="1.000000 1.000000 1.000000"
					           rotation="0.000000 0.000000 -0.000000 0.000000"
					           >
						<Group DEF="group_ME_ID382_002">
						</Group>
					</Transform>
				</Transform>
				<Transform DEF="group_78_TRANSFORM"
				           translation="17.322823 553.822021 0.000000"
				           scale="1.500000 1.000000 1.000000"
				           rotation="0.000000 0.000000 -1.000000 1.570796"
				           >
					<Transform DEF="group_78_ifs_TRANSFORM"
					           translation="-0.000001 0.000001 0.000000"
					           scale="1.000000 1.000000 1.000000"
					           rotation="0.000000 0.000000 -0.000000 0.000000"
					           >
						<Group DEF="group_ME_ID387">
						</Group>
					</Transform>
				</Transform>
				<Transform DEF="group_79_TRANSFORM"
				           translation="82.677155 553.822021 0.000000"
				           scale="1.500000 1.000000 1.000000"
				           rotation="0.000000 0.000000 -1.000000 1.570796"
				           >
					<Transform DEF="group_79_ifs_TRANSFORM"
					           translation="-0.000000 0.000000 0.000000"
					           scale="1.000000 1.000000 1.000000"
					           rotation="0.000000 0.000000 -0.000000 0.000000"
					           >
						<Group DEF="group_ME_ID392_001">
						</Group>
					</Transform>
				</Transform>
				<Transform DEF="group_80_TRANSFORM"
				           translation="82.677155 195.625732 0.000000"
				           scale="1.500000 1.000000 1.000000"
				           rotation="0.000000 0.000000 -1.000000 1.570796"
				           >
					<Transform DEF="group_80_ifs_TRANSFORM"
					           translation="0.000015 0.000000 0.000000"
					           scale="1.000000 1.000000 1.000000"
					           rotation="0.000000 0.000000 -0.000000 0.000000"
					           >
						<Group DEF="group_ME_ID397_004">
						</Group>
					</Transform>
				</Transform>
				<Transform DEF="group_81_TRANSFORM"
				           translation="82.677155 392.207794 0.000000"
				           scale="1.500000 1.000000 1.000000"
				           rotation="0.000000 0.000000 -1.000000 1.570796"
				           >
					<Transform DEF="group_81_ifs_TRANSFORM"
					           translation="-0.000000 0.000000 0.000000"
					           scale="1.000000 1.000000 1.000000"
					           rotation="0.000000 0.000000 -0.000000 0.000000"
					           >
						<Group DEF="group_ME_ID402_001">
						</Group>
					</Transform>
				</Transform>
				<Transform DEF="group_82_TRANSFORM"
				           translation="82.677155 490.767181 0.000000"
				           scale="1.500000 1.000000 1.000000"
				           rotation="0.000000 0.000000 -1.000000 1.570796"
				           >
					<Transform DEF="group_82_ifs_TRANSFORM"
					           translation="0.000002 0.000000 0.000000"
					           scale="1.000000 1.000000 1.000000"
					           rotation="0.000000 0.000000 -0.000000 0.000000"
					           >
						<Group DEF="group_ME_ID407">
						</Group>
					</Transform>
				</Transform>
				<Transform DEF="group_83_TRANSFORM"
				           translation="65.354324 17.322754 0.000000"
				           scale="1.500000 1.000000 1.000000"
				           rotation="0.000000 1.000000 0.000000 0.000000"
				           >
					<Transform DEF="group_83_ifs_TRANSFORM"
					           translation="-0.000001 0.000000 0.000000"
					           scale="1.000000 1.000000 1.000000"
					           rotation="0.000000 1.000000 0.000000 0.000000"
					           >
						<Group DEF="group_ME_ID412_002">
						</Group>
					</Transform>
				</Transform>
				<Transform DEF="group_84_TRANSFORM"
				           translation="163.779510 17.322754 0.000000"
				           scale="1.500000 1.000000 1.000000"
				           rotation="0.000000 1.000000 0.000000 0.000000"
				           >
					<Transform DEF="group_84_ifs_TRANSFORM"
					           translation="0.000004 0.000000 0.000000"
					           scale="1.000000 1.000000 1.000000"
					           rotation="0.000000 1.000000 0.000000 0.000000"
					           >
						<Group DEF="group_ME_ID417_002">
						</Group>
					</Transform>
				</Transform>
				<Transform DEF="group_85_TRANSFORM"
				           translation="65.354324 472.656952 0.000000"
				           scale="1.500000 1.000000 1.000000"
				           rotation="0.000000 1.000000 0.000000 0.000000"
				           >
					<Transform DEF="group_85_ifs_TRANSFORM"
					           translation="-0.000001 0.000000 0.000000"
					           scale="1.000000 1.000000 1.000000"
					           rotation="0.000000 1.000000 0.000000 0.000000"
					           >
						<Group DEF="group_ME_ID422_001">
						</Group>
					</Transform>
				</Transform>
				<Transform DEF="group_86_TRANSFORM"
				           translation="163.779510 535.711792 0.000000"
				           scale="1.500000 1.000000 1.000000"
				           rotation="0.000000 1.000000 0.000000 0.000000"
				           >
					<Transform DEF="group_86_ifs_TRANSFORM"
					           translation="0.000004 0.000000 0.000000"
					           scale="1.000000 1.000000 1.000000"
					           rotation="0.000000 1.000000 0.000000 0.000000"
					           >
						<Group DEF="group_ME_ID427">
						</Group>
					</Transform>
				</Transform>
				<Transform DEF="group_87_TRANSFORM"
				           translation="65.354324 79.224426 0.000000"
				           scale="1.500000 1.000000 1.000000"
				           rotation="0.000000 1.000000 0.000000 0.000000"
				           >
					<Transform DEF="group_87_ifs_TRANSFORM"
					           translation="-0.000001 0.000000 0.000000"
					           scale="1.000000 1.000000 1.000000"
					           rotation="0.000000 1.000000 0.000000 0.000000"
					           >
						<Group DEF="group_ME_ID432_002">
						</Group>
					</Transform>
				</Transform>
				<Transform DEF="group_88_TRANSFORM"
				           translation="65.354324 535.711792 0.000000"
				           scale="1.500000 1.000000 1.000000"
				           rotation="0.000000 1.000000 0.000000 0.000000"
				           >
					<Transform DEF="group_88_ifs_TRANSFORM"
					           translation="-0.000001 0.000000 0.000000"
					           scale="1.000000 1.000000 1.000000"
					           rotation="0.000000 1.000000 0.000000 0.000000"
					           >
						<Group DEF="group_ME_ID437_003">
						</Group>
					</Transform>
				</Transform>
				<Transform DEF="group_89_TRANSFORM"
				           translation="65.354324 177.515503 0.000000"
				           scale="1.500000 1.000000 1.000000"
				           rotation="0.000000 1.000000 0.000000 0.000000"
				           >
					<Transform DEF="group_89_ifs_TRANSFORM"
					           translation="-0.000001 0.000031 0.000000"
					           scale="1.000000 1.000000 1.000000"
					           rotation="0.000000 1.000000 0.000000 0.000000"
					           >
						<Group DEF="group_ME_ID442">
						</Group>
					</Transform>
				</Transform>
				<Transform DEF="group_90_TRANSFORM"
				           translation="163.779510 472.656952 0.000000"
				           scale="1.500000 1.000000 1.000000"
				           rotation="0.000000 1.000000 0.000000 0.000000"
				           >
					<Transform DEF="group_90_ifs_TRANSFORM"
					           translation="0.000004 0.000000 0.000000"
					           scale="1.000000 1.000000 1.000000"
					           rotation="0.000000 1.000000 0.000000 0.000000"
					           >
						<Group DEF="group_ME_ID447_003">
						</Group>
					</Transform>
				</Transform>
				<Transform DEF="group_91_TRANSFORM"
				           translation="65.354324 275.940674 0.000000"
				           scale="1.500000 1.000000 1.000000"
				           rotation="0.000000 1.000000 0.000000 0.000000"
				           >
					<Transform DEF="group_91_ifs_TRANSFORM"
					           translation="-0.000001 0.000000 0.000000"
					           scale="1.000000 1.000000 1.000000"
					           rotation="0.000000 1.000000 0.000000 0.000000"
					           >
						<Group DEF="group_ME_ID452">
						</Group>
					</Transform>
				</Transform>
				<Transform DEF="group_92_TRANSFORM"
				           translation="163.779510 79.224426 0.000000"
				           scale="1.500000 1.000000 1.000000"
				           rotation="0.000000 1.000000 0.000000 0.000000"
				           >
					<Transform DEF="group_92_ifs_TRANSFORM"
					           translation="0.000004 0.000000 0.000000"
					           scale="1.000000 1.000000 1.000000"
					           rotation="0.000000 1.000000 0.000000 0.000000"
					           >
						<Group DEF="group_ME_ID457_002">
						</Group>
					</Transform>
				</Transform>
				<Transform DEF="group_93_TRANSFORM"
				           translation="65.354324 374.097595 0.000000"
				           scale="1.500000 1.000000 1.000000"
				           rotation="0.000000 1.000000 0.000000 0.000000"
				           >
					<Transform DEF="group_93_ifs_TRANSFORM"
					           translation="-0.000001 0.000015 0.000000"
					           scale="1.000000 1.000000 1.000000"
					           rotation="0.000000 1.000000 0.000000 0.000000"
					           >
						<Group DEF="group_ME_ID462">
						</Group>
					</Transform>
				</Transform>
				<Transform DEF="group_94_TRANSFORM"
				           translation="-0.000008 17.322754 0.000000"
				           scale="1.500000 1.000000 1.000000"
				           rotation="0.000000 1.000000 0.000000 0.000000"
				           >
					<Transform DEF="group_94_ifs_TRANSFORM"
					           translation="-0.000008 0.000000 0.000000"
					           scale="1.000000 1.000000 1.000000"
					           rotation="0.000000 1.000000 0.000000 0.000000"
					           >
						<Group DEF="group_ME_ID467_001">
						</Group>
					</Transform>
				</Transform>
				<Transform DEF="group_95_TRANSFORM"
				           translation="377.952728 490.767181 0.000000"
				           scale="1.500000 1.000000 1.000000"
				           rotation="0.000000 0.000000 -1.000000 1.570796"
				           >
					<Transform DEF="group_95_ifs_TRANSFORM"
					           translation="0.000003 -0.000034 0.000000"
					           scale="1.000000 1.000000 1.000000"
					           rotation="0.000000 0.000000 -0.000000 0.000000"
					           >
						<Group DEF="group_ME_ID472_001">
						</Group>
					</Transform>
				</Transform>
				<Transform DEF="group_96_TRANSFORM"
				           translation="1.968491 1.968445 0.000000"
				           scale="1.000000 1.000000 1.000000"
				           rotation="0.000000 1.000000 0.000000 0.000000"
				           >
					<Transform DEF="group_96_ifs_TRANSFORM"
					           translation="-0.000008 0.000000 0.000000"
					           scale="1.000000 1.000000 1.000000"
					           rotation="0.000000 1.000000 0.000000 0.000000"
					           >
						<Group DEF="group_ME_ID1228_001">
						</Group>
					</Transform>
					<Transform DEF="group_97_TRANSFORM"
					           translation="-0.000008 0.000000 0.000000"
					           scale="1.000000 1.000000 1.000000"
					           rotation="0.000000 1.000000 0.000000 0.000000"
					           >
						<Transform DEF="group_97_ifs_TRANSFORM"
						           translation="-0.000008 0.000000 0.000000"
						           scale="1.000000 1.000000 1.000000"
						           rotation="0.000000 1.000000 0.000000 0.000000"
						           >
							<Group DEF="group_ME_ID956_001">
							</Group>
						</Transform>
						<Transform DEF="group_98_TRANSFORM"
						           translation="838.967651 11.811035 0.000000"
						           scale="-1.000000 -1.000000 -1.000000"
						           rotation="-1.000000 0.000000 0.000000 3.141593"
						           >
							<Transform DEF="group_98_ifs_TRANSFORM"
							           translation="-0.000061 0.000000 -0.000000"
							           scale="1.000000 1.000000 1.000000"
							           rotation="0.000000 0.000000 0.000000 0.000000"
							           >
								<Group DEF="group_ME_ID479_002">
									<Shape>
										<Appearance>
											<Material DEF="MA_material_008"
											          diffuseColor="1.000 1.000 1.000"
											          specularColor="0.401 0.401 0.401"
											          emissiveColor="0.000 0.000 0.000"
											          ambientIntensity="0.000"
											          shininess="0.500"
											          transparency="0.000"
											          />
										</Appearance>
										<IndexedFaceSet solid="false"
										                coordIndex="0 1 2 -1 2 1 3 -1 1 4 3 -1 3 4 5 -1 4 6 5 -1 5 6 7 -1 6 8 7 -1 7 8 9 -1 8 10 9 -1 9 10 11 -1 10 12 11 -1 11 12 13 -1 12 14 13 -1 13 14 15 -1 14 16 15 -1 15 16 17 -1 16 18 17 -1 17 18 19 -1 18 20 19 -1 19 20 21 -1 20 22 21 -1 23 21 22 -1 "
										                >
											<Coordinate DEF="coords_ME_ID479_002"
											            point="7.874016 3.937008 0.000000 7.739866 2.918035 0.000000 7.739866 4.955980 0.000000 7.346557 5.905512 0.000000 7.346557 1.968504 0.000000 6.720892 6.720892 0.000000 6.720892 1.153123 0.000000 5.905512 7.346557 0.000000 5.905511 0.527459 0.000000 4.955980 7.739866 0.000000 4.955980 0.134150 0.000000 3.937008 7.874016 0.000000 3.937008 0.000000 0.000000 2.918035 7.739866 0.000000 2.918035 0.134150 0.000000 1.968504 7.346557 0.000000 1.968504 0.527459 0.000000 1.153123 6.720892 0.000000 1.153123 1.153123 0.000000 0.527459 5.905512 0.000000 0.527459 1.968504 0.000000 0.134150 4.955980 0.000000 0.134150 2.918035 0.000000 0.000000 3.937008 0.000000 "
											            />
										</IndexedFaceSet>
									</Shape>
								</Group>
							</Transform>
						</Transform>
						<Transform DEF="group_99_TRANSFORM"
						           translation="838.967651 270.428955 0.000000"
						           scale="-1.000000 -1.000000 -1.000000"
						           rotation="-1.000000 0.000000 0.000000 3.141593"
						           >
							<Transform DEF="group_99_ifs_TRANSFORM"
							           translation="-0.000061 -0.000031 0.000000"
							           scale="1.000000 1.000000 1.000000"
							           rotation="0.000000 0.000000 0.000000 0.000000"
							           >
								<Group DEF="group_ME_ID488">
									<Shape>
										<Appearance>
											<Material USE="MA_material_008" />
										</Appearance>
										<IndexedFaceSet solid="false"
										                coordIndex="0 1 2 -1 2 1 3 -1 1 4 3 -1 3 4 5 -1 4 6 5 -1 5 6 7 -1 6 8 7 -1 7 8 9 -1 8 10 9 -1 9 10 11 -1 10 12 11 -1 11 12 13 -1 12 14 13 -1 13 14 15 -1 14 16 15 -1 15 16 17 -1 16 18 17 -1 17 18 19 -1 18 20 19 -1 19 20 21 -1 20 22 21 -1 23 21 22 -1 "
										                >
											<Coordinate DEF="coords_ME_ID488"
											            point="7.874016 3.937008 0.000000 7.739866 2.918035 0.000000 7.739866 4.955980 0.000000 7.346557 5.905512 0.000000 7.346557 1.968504 0.000000 6.720892 6.720892 0.000000 6.720892 1.153123 0.000000 5.905512 7.346557 0.000000 5.905511 0.527459 0.000000 4.955980 7.739866 0.000000 4.955980 0.134150 0.000000 3.937008 7.874016 0.000000 3.937008 0.000000 0.000000 2.918035 7.739866 0.000000 2.918035 0.134150 0.000000 1.968504 7.346557 0.000000 1.968504 0.527459 0.000000 1.153123 6.720892 0.000000 1.153123 1.153123 0.000000 0.527459 5.905512 0.000000 0.527459 1.968504 0.000000 0.134150 4.955980 0.000000 0.134150 2.918035 0.000000 0.000000 3.937008 0.000000 "
											            />
										</IndexedFaceSet>
									</Shape>
								</Group>
							</Transform>
						</Transform>
						<Transform DEF="group_100_TRANSFORM"
						           translation="838.967651 172.137909 0.000000"
						           scale="-1.000000 -1.000000 -1.000000"
						           rotation="-1.000000 0.000000 0.000000 3.141593"
						           >
							<Transform DEF="group_100_ifs_TRANSFORM"
							           translation="-0.000061 -0.000031 -0.000000"
							           scale="1.000000 1.000000 1.000000"
							           rotation="0.000000 0.000000 0.000000 0.000000"
							           >
								<Group DEF="group_ME_ID495_001">
									<Shape>
										<Appearance>
											<Material USE="MA_material_008" />
										</Appearance>
										<IndexedFaceSet solid="false"
										                coordIndex="0 1 2 -1 2 1 3 -1 1 4 3 -1 3 4 5 -1 4 6 5 -1 5 6 7 -1 6 8 7 -1 7 8 9 -1 8 10 9 -1 9 10 11 -1 10 12 11 -1 11 12 13 -1 12 14 13 -1 13 14 15 -1 14 16 15 -1 15 16 17 -1 16 18 17 -1 17 18 19 -1 18 20 19 -1 19 20 21 -1 20 22 21 -1 23 21 22 -1 "
										                >
											<Coordinate DEF="coords_ME_ID495_001"
											            point="7.874016 3.937008 0.000000 7.739866 2.918035 0.000000 7.739866 4.955980 0.000000 7.346557 5.905512 0.000000 7.346557 1.968504 0.000000 6.720892 6.720892 0.000000 6.720892 1.153123 0.000000 5.905512 7.346557 0.000000 5.905511 0.527459 0.000000 4.955980 7.739866 0.000000 4.955980 0.134150 0.000000 3.937008 7.874016 0.000000 3.937008 0.000000 0.000000 2.918035 7.739866 0.000000 2.918035 0.134150 0.000000 1.968504 7.346557 0.000000 1.968504 0.527459 0.000000 1.153123 6.720892 0.000000 1.153123 1.153123 0.000000 0.527459 5.905512 0.000000 0.527459 1.968504 0.000000 0.134150 4.955980 0.000000 0.134150 2.918035 0.000000 0.000000 3.937008 0.000000 "
											            />
										</IndexedFaceSet>
									</Shape>
								</Group>
							</Transform>
						</Transform>
						<Transform DEF="group_101_TRANSFORM"
						           translation="838.967651 467.145233 0.000000"
						           scale="-1.000000 -1.000000 -1.000000"
						           rotation="-1.000000 0.000000 0.000000 3.141593"
						           >
							<Transform DEF="group_101_ifs_TRANSFORM"
							           translation="-0.000061 -0.000008 0.000000"
							           scale="1.000000 1.000000 1.000000"
							           rotation="0.000000 0.000000 0.000000 0.000000"
							           >
								<Group DEF="group_ME_ID502">
									<Shape>
										<Appearance>
											<Material USE="MA_material_008" />
										</Appearance>
										<IndexedFaceSet solid="false"
										                coordIndex="0 1 2 -1 2 1 3 -1 1 4 3 -1 3 4 5 -1 4 6 5 -1 5 6 7 -1 6 8 7 -1 7 8 9 -1 8 10 9 -1 9 10 11 -1 10 12 11 -1 11 12 13 -1 12 14 13 -1 13 14 15 -1 14 16 15 -1 15 16 17 -1 16 18 17 -1 17 18 19 -1 18 20 19 -1 19 20 21 -1 20 22 21 -1 23 21 22 -1 "
										                >
											<Coordinate DEF="coords_ME_ID502"
											            point="7.874016 3.937008 0.000000 7.739866 2.918035 0.000000 7.739866 4.955980 0.000000 7.346557 5.905512 0.000000 7.346557 1.968504 0.000000 6.720892 6.720892 0.000000 6.720892 1.153123 0.000000 5.905512 7.346557 0.000000 5.905511 0.527459 0.000000 4.955980 7.739866 0.000000 4.955980 0.134150 0.000000 3.937008 7.874016 0.000000 3.937008 0.000000 0.000000 2.918035 7.739866 0.000000 2.918035 0.134150 0.000000 1.968504 7.346557 0.000000 1.968504 0.527459 0.000000 1.153123 6.720892 0.000000 1.153123 1.153123 0.000000 0.527459 5.905512 0.000000 0.527459 1.968504 0.000000 0.134150 4.955980 0.000000 0.134150 2.918035 0.000000 0.000000 3.937008 0.000000 "
											            />
										</IndexedFaceSet>
									</Shape>
								</Group>
							</Transform>
						</Transform>
						<Transform DEF="group_102_TRANSFORM"
						           translation="838.967651 73.846863 0.000000"
						           scale="-1.000000 -1.000000 -1.000000"
						           rotation="-1.000000 0.000000 0.000000 3.141593"
						           >
							<Transform DEF="group_102_ifs_TRANSFORM"
							           translation="-0.000061 -0.000061 0.000000"
							           scale="1.000000 1.000000 1.000000"
							           rotation="0.000000 0.000000 0.000000 0.000000"
							           >
								<Group DEF="group_ME_ID509_002">
									<Shape>
										<Appearance>
											<Material USE="MA_material_008" />
										</Appearance>
										<IndexedFaceSet solid="false"
										                coordIndex="0 1 2 -1 2 1 3 -1 1 4 3 -1 3 4 5 -1 4 6 5 -1 5 6 7 -1 6 8 7 -1 7 8 9 -1 8 10 9 -1 9 10 11 -1 10 12 11 -1 11 12 13 -1 12 14 13 -1 13 14 15 -1 14 16 15 -1 15 16 17 -1 16 18 17 -1 17 18 19 -1 18 20 19 -1 19 20 21 -1 20 22 21 -1 23 21 22 -1 "
										                >
											<Coordinate DEF="coords_ME_ID509_002"
											            point="7.874016 3.937008 0.000000 7.739866 2.918035 0.000000 7.739866 4.955980 0.000000 7.346557 5.905512 0.000000 7.346557 1.968504 0.000000 6.720892 6.720892 0.000000 6.720892 1.153123 0.000000 5.905512 7.346557 0.000000 5.905511 0.527459 0.000000 4.955980 7.739866 0.000000 4.955980 0.134150 0.000000 3.937008 7.874016 0.000000 3.937008 0.000000 0.000000 2.918035 7.739866 0.000000 2.918035 0.134150 0.000000 1.968504 7.346557 0.000000 1.968504 0.527459 0.000000 1.153123 6.720892 0.000000 1.153123 1.153123 0.000000 0.527459 5.905512 0.000000 0.527459 1.968504 0.000000 0.134150 4.955980 0.000000 0.134150 2.918035 0.000000 0.000000 3.937008 0.000000 "
											            />
										</IndexedFaceSet>
									</Shape>
								</Group>
							</Transform>
						</Transform>
						<Transform DEF="group_103_TRANSFORM"
						           translation="838.967651 368.719971 0.000000"
						           scale="-1.000000 -1.000000 -1.000000"
						           rotation="-1.000000 0.000000 0.000000 3.141593"
						           >
							<Transform DEF="group_103_ifs_TRANSFORM"
							           translation="-0.000061 -0.000015 0.000000"
							           scale="1.000000 1.000000 1.000000"
							           rotation="0.000000 0.000000 0.000000 0.000000"
							           >
								<Group DEF="group_ME_ID516_002">
									<Shape>
										<Appearance>
											<Material USE="MA_material_008" />
										</Appearance>
										<IndexedFaceSet solid="false"
										                coordIndex="0 1 2 -1 2 1 3 -1 1 4 3 -1 3 4 5 -1 4 6 5 -1 5 6 7 -1 6 8 7 -1 7 8 9 -1 8 10 9 -1 9 10 11 -1 10 12 11 -1 11 12 13 -1 12 14 13 -1 13 14 15 -1 14 16 15 -1 15 16 17 -1 16 18 17 -1 17 18 19 -1 18 20 19 -1 19 20 21 -1 20 22 21 -1 23 21 22 -1 "
										                >
											<Coordinate DEF="coords_ME_ID516_002"
											            point="7.874016 3.937008 0.000000 7.739866 2.918035 0.000000 7.739866 4.955980 0.000000 7.346557 5.905512 0.000000 7.346557 1.968504 0.000000 6.720892 6.720892 0.000000 6.720892 1.153123 0.000000 5.905512 7.346557 0.000000 5.905511 0.527459 0.000000 4.955980 7.739866 0.000000 4.955980 0.134150 0.000000 3.937008 7.874016 0.000000 3.937008 0.000000 0.000000 2.918035 7.739866 0.000000 2.918035 0.134150 0.000000 1.968504 7.346557 0.000000 1.968504 0.527459 0.000000 1.153123 6.720892 0.000000 1.153123 1.153123 0.000000 0.527459 5.905512 0.000000 0.527459 1.968504 0.000000 0.134150 4.955980 0.000000 0.134150 2.918035 0.000000 0.000000 3.937008 0.000000 "
											            />
										</IndexedFaceSet>
									</Shape>
								</Group>
							</Transform>
						</Transform>
						<Transform DEF="group_104_TRANSFORM"
						           translation="85.039368 530.334167 0.000000"
						           scale="-1.000000 -1.000000 -1.000000"
						           rotation="-1.000000 0.000000 0.000000 3.141593"
						           >
							<Transform DEF="group_104_ifs_TRANSFORM"
							           translation="0.000000 -0.000000 -0.000000"
							           scale="1.000000 1.000000 1.000000"
							           rotation="0.000000 0.000000 0.000000 0.000000"
							           >
								<Group DEF="group_ME_ID523_001">
									<Shape>
										<Appearance>
											<Material USE="MA_material_008" />
										</Appearance>
										<IndexedFaceSet solid="false"
										                coordIndex="0 1 2 -1 2 1 3 -1 1 4 3 -1 3 4 5 -1 4 6 5 -1 5 6 7 -1 6 8 7 -1 7 8 9 -1 8 10 9 -1 9 10 11 -1 10 12 11 -1 11 12 13 -1 12 14 13 -1 13 14 15 -1 14 16 15 -1 15 16 17 -1 16 18 17 -1 17 18 19 -1 18 20 19 -1 19 20 21 -1 20 22 21 -1 23 21 22 -1 "
										                >
											<Coordinate DEF="coords_ME_ID523_001"
											            point="7.874016 3.937008 0.000000 7.739866 2.918035 0.000000 7.739866 4.955980 0.000000 7.346557 5.905512 0.000000 7.346557 1.968504 0.000000 6.720892 6.720892 0.000000 6.720892 1.153123 0.000000 5.905512 7.346557 0.000000 5.905511 0.527459 0.000000 4.955980 7.739866 0.000000 4.955980 0.134150 0.000000 3.937008 7.874016 0.000000 3.937008 0.000000 0.000000 2.918035 7.739866 0.000000 2.918035 0.134150 0.000000 1.968504 7.346557 0.000000 1.968504 0.527459 0.000000 1.153123 6.720892 0.000000 1.153123 1.153123 0.000000 0.527459 5.905512 0.000000 0.527459 1.968504 0.000000 0.134150 4.955980 0.000000 0.134150 2.918035 0.000000 0.000000 3.937008 0.000000 "
											            />
										</IndexedFaceSet>
									</Shape>
								</Group>
							</Transform>
						</Transform>
						<Transform DEF="group_105_TRANSFORM"
						           translation="183.464554 11.811035 0.000000"
						           scale="-1.000000 -1.000000 -1.000000"
						           rotation="-1.000000 0.000000 0.000000 3.141593"
						           >
							<Transform DEF="group_105_ifs_TRANSFORM"
							           translation="-0.000008 0.000000 -0.000000"
							           scale="1.000000 1.000000 1.000000"
							           rotation="0.000000 0.000000 0.000000 0.000000"
							           >
								<Group DEF="group_ME_ID530">
									<Shape>
										<Appearance>
											<Material USE="MA_material_008" />
										</Appearance>
										<IndexedFaceSet solid="false"
										                coordIndex="0 1 2 -1 2 1 3 -1 1 4 3 -1 3 4 5 -1 4 6 5 -1 5 6 7 -1 6 8 7 -1 7 8 9 -1 8 10 9 -1 9 10 11 -1 10 12 11 -1 11 12 13 -1 12 14 13 -1 13 14 15 -1 14 16 15 -1 15 16 17 -1 16 18 17 -1 17 18 19 -1 18 20 19 -1 19 20 21 -1 20 22 21 -1 23 21 22 -1 "
										                >
											<Coordinate DEF="coords_ME_ID530"
											            point="7.874016 3.937008 0.000000 7.739866 2.918035 0.000000 7.739866 4.955980 0.000000 7.346557 5.905512 0.000000 7.346557 1.968504 0.000000 6.720892 6.720892 0.000000 6.720892 1.153123 0.000000 5.905512 7.346557 0.000000 5.905511 0.527459 0.000000 4.955980 7.739866 0.000000 4.955980 0.134150 0.000000 3.937008 7.874016 0.000000 3.937008 0.000000 0.000000 2.918035 7.739866 0.000000 2.918035 0.134150 0.000000 1.968504 7.346557 0.000000 1.968504 0.527459 0.000000 1.153123 6.720892 0.000000 1.153123 1.153123 0.000000 0.527459 5.905512 0.000000 0.527459 1.968504 0.000000 0.134150 4.955980 0.000000 0.134150 2.918035 0.000000 0.000000 3.937008 0.000000 "
											            />
										</IndexedFaceSet>
									</Shape>
								</Group>
							</Transform>
						</Transform>
						<Transform DEF="group_106_TRANSFORM"
						           translation="380.314941 11.811035 0.000000"
						           scale="-1.000000 -1.000000 -1.000000"
						           rotation="-1.000000 0.000000 0.000000 3.141593"
						           >
							<Transform DEF="group_106_ifs_TRANSFORM"
							           translation="-0.000031 0.000000 -0.000000"
							           scale="1.000000 1.000000 1.000000"
							           rotation="0.000000 0.000000 0.000000 0.000000"
							           >
								<Group DEF="group_ME_ID537_001">
									<Shape>
										<Appearance>
											<Material USE="MA_material_008" />
										</Appearance>
										<IndexedFaceSet solid="false"
										                coordIndex="0 1 2 -1 2 1 3 -1 1 4 3 -1 3 4 5 -1 4 6 5 -1 5 6 7 -1 6 8 7 -1 7 8 9 -1 8 10 9 -1 9 10 11 -1 10 12 11 -1 11 12 13 -1 12 14 13 -1 13 14 15 -1 14 16 15 -1 15 16 17 -1 16 18 17 -1 17 18 19 -1 18 20 19 -1 19 20 21 -1 20 22 21 -1 23 21 22 -1 "
										                >
											<Coordinate DEF="coords_ME_ID537_001"
											            point="7.874016 3.937008 0.000000 7.739866 2.918035 0.000000 7.739866 4.955980 0.000000 7.346557 5.905512 0.000000 7.346557 1.968504 0.000000 6.720892 6.720892 0.000000 6.720892 1.153123 0.000000 5.905512 7.346557 0.000000 5.905511 0.527459 0.000000 4.955980 7.739866 0.000000 4.955980 0.134150 0.000000 3.937008 7.874016 0.000000 3.937008 0.000000 0.000000 2.918035 7.739866 0.000000 2.918035 0.134150 0.000000 1.968504 7.346557 0.000000 1.968504 0.527459 0.000000 1.153123 6.720892 0.000000 1.153123 1.153123 0.000000 0.527459 5.905512 0.000000 0.527459 1.968504 0.000000 0.134150 4.955980 0.000000 0.134150 2.918035 0.000000 0.000000 3.937008 0.000000 "
											            />
										</IndexedFaceSet>
									</Shape>
								</Group>
							</Transform>
						</Transform>
						<Transform DEF="group_107_TRANSFORM"
						           translation="281.889771 11.811035 0.000000"
						           scale="-1.000000 -1.000000 -1.000000"
						           rotation="-1.000000 0.000000 0.000000 3.141593"
						           >
							<Transform DEF="group_107_ifs_TRANSFORM"
							           translation="-0.000015 0.000000 -0.000000"
							           scale="1.000000 1.000000 1.000000"
							           rotation="0.000000 0.000000 0.000000 0.000000"
							           >
								<Group DEF="group_ME_ID544">
									<Shape>
										<Appearance>
											<Material USE="MA_material_008" />
										</Appearance>
										<IndexedFaceSet solid="false"
										                coordIndex="0 1 2 -1 2 1 3 -1 1 4 3 -1 3 4 5 -1 4 6 5 -1 5 6 7 -1 6 8 7 -1 7 8 9 -1 8 10 9 -1 9 10 11 -1 10 12 11 -1 11 12 13 -1 12 14 13 -1 13 14 15 -1 14 16 15 -1 15 16 17 -1 16 18 17 -1 17 18 19 -1 18 20 19 -1 19 20 21 -1 20 22 21 -1 23 21 22 -1 "
										                >
											<Coordinate DEF="coords_ME_ID544"
											            point="7.874016 3.937008 0.000000 7.739866 2.918035 0.000000 7.739866 4.955980 0.000000 7.346557 5.905512 0.000000 7.346557 1.968504 0.000000 6.720892 6.720892 0.000000 6.720892 1.153123 0.000000 5.905512 7.346557 0.000000 5.905511 0.527459 0.000000 4.955980 7.739866 0.000000 4.955980 0.134150 0.000000 3.937008 7.874016 0.000000 3.937008 0.000000 0.000000 2.918035 7.739866 0.000000 2.918035 0.134150 0.000000 1.968504 7.346557 0.000000 1.968504 0.527459 0.000000 1.153123 6.720892 0.000000 1.153123 1.153123 0.000000 0.527459 5.905512 0.000000 0.527459 1.968504 0.000000 0.134150 4.955980 0.000000 0.134150 2.918035 0.000000 0.000000 3.937008 0.000000 "
											            />
										</IndexedFaceSet>
									</Shape>
								</Group>
							</Transform>
						</Transform>
						<Transform DEF="group_108_TRANSFORM"
						           translation="85.039368 11.811035 0.000000"
						           scale="-1.000000 -1.000000 -1.000000"
						           rotation="-1.000000 0.000000 0.000000 3.141593"
						           >
							<Transform DEF="group_108_ifs_TRANSFORM"
							           translation="0.000000 0.000000 -0.000000"
							           scale="1.000000 1.000000 1.000000"
							           rotation="0.000000 0.000000 0.000000 0.000000"
							           >
								<Group DEF="group_ME_ID551_002">
									<Shape>
										<Appearance>
											<Material USE="MA_material_008" />
										</Appearance>
										<IndexedFaceSet solid="false"
										                coordIndex="0 1 2 -1 2 1 3 -1 1 4 3 -1 3 4 5 -1 4 6 5 -1 5 6 7 -1 6 8 7 -1 7 8 9 -1 8 10 9 -1 9 10 11 -1 10 12 11 -1 11 12 13 -1 12 14 13 -1 13 14 15 -1 14 16 15 -1 15 16 17 -1 16 18 17 -1 17 18 19 -1 18 20 19 -1 19 20 21 -1 20 22 21 -1 23 21 22 -1 "
										                >
											<Coordinate DEF="coords_ME_ID551_002"
											            point="7.874016 3.937008 0.000000 7.739866 2.918035 0.000000 7.739866 4.955980 0.000000 7.346557 5.905512 0.000000 7.346557 1.968504 0.000000 6.720892 6.720892 0.000000 6.720892 1.153123 0.000000 5.905512 7.346557 0.000000 5.905511 0.527459 0.000000 4.955980 7.739866 0.000000 4.955980 0.134150 0.000000 3.937008 7.874016 0.000000 3.937008 0.000000 0.000000 2.918035 7.739866 0.000000 2.918035 0.134150 0.000000 1.968504 7.346557 0.000000 1.968504 0.527459 0.000000 1.153123 6.720892 0.000000 1.153123 1.153123 0.000000 0.527459 5.905512 0.000000 0.527459 1.968504 0.000000 0.134150 4.955980 0.000000 0.134150 2.918035 0.000000 0.000000 3.937008 0.000000 "
											            />
										</IndexedFaceSet>
									</Shape>
								</Group>
							</Transform>
						</Transform>
						<Transform DEF="group_109_TRANSFORM"
						           translation="19.685036 467.145233 0.000000"
						           scale="-1.000000 -1.000000 -1.000000"
						           rotation="-1.000000 0.000000 0.000000 3.141593"
						           >
							<Transform DEF="group_109_ifs_TRANSFORM"
							           translation="0.000008 -0.000008 0.000000"
							           scale="1.000000 1.000000 1.000000"
							           rotation="0.000000 0.000000 0.000000 0.000000"
							           >
								<Group DEF="group_ME_ID558">
									<Shape>
										<Appearance>
											<Material USE="MA_material_008" />
										</Appearance>
										<IndexedFaceSet solid="false"
										                coordIndex="0 1 2 -1 2 1 3 -1 1 4 3 -1 3 4 5 -1 4 6 5 -1 5 6 7 -1 6 8 7 -1 7 8 9 -1 8 10 9 -1 9 10 11 -1 10 12 11 -1 11 12 13 -1 12 14 13 -1 13 14 15 -1 14 16 15 -1 15 16 17 -1 16 18 17 -1 17 18 19 -1 18 20 19 -1 19 20 21 -1 20 22 21 -1 23 21 22 -1 "
										                >
											<Coordinate DEF="coords_ME_ID558"
											            point="7.874016 3.937008 0.000000 7.739866 2.918035 0.000000 7.739866 4.955980 0.000000 7.346557 5.905512 0.000000 7.346557 1.968504 0.000000 6.720892 6.720892 0.000000 6.720892 1.153123 0.000000 5.905512 7.346557 0.000000 5.905511 0.527459 0.000000 4.955980 7.739866 0.000000 4.955980 0.134150 0.000000 3.937008 7.874016 0.000000 3.937008 0.000000 0.000000 2.918035 7.739866 0.000000 2.918035 0.134150 0.000000 1.968504 7.346557 0.000000 1.968504 0.527459 0.000000 1.153123 6.720892 0.000000 1.153123 1.153123 0.000000 0.527459 5.905512 0.000000 0.527459 1.968504 0.000000 0.134150 4.955980 0.000000 0.134150 2.918035 0.000000 0.000000 3.937008 0.000000 "
											            />
										</IndexedFaceSet>
									</Shape>
								</Group>
							</Transform>
						</Transform>
						<Transform DEF="group_110_TRANSFORM"
						           translation="19.685036 270.428955 0.000000"
						           scale="-1.000000 -1.000000 -1.000000"
						           rotation="-1.000000 0.000000 0.000000 3.141593"
						           >
							<Transform DEF="group_110_ifs_TRANSFORM"
							           translation="0.000008 -0.000031 0.000000"
							           scale="1.000000 1.000000 1.000000"
							           rotation="0.000000 0.000000 0.000000 0.000000"
							           >
								<Group DEF="group_ME_ID565_001">
									<Shape>
										<Appearance>
											<Material USE="MA_material_008" />
										</Appearance>
										<IndexedFaceSet solid="false"
										                coordIndex="0 1 2 -1 2 1 3 -1 1 4 3 -1 3 4 5 -1 4 6 5 -1 5 6 7 -1 6 8 7 -1 7 8 9 -1 8 10 9 -1 9 10 11 -1 10 12 11 -1 11 12 13 -1 12 14 13 -1 13 14 15 -1 14 16 15 -1 15 16 17 -1 16 18 17 -1 17 18 19 -1 18 20 19 -1 19 20 21 -1 20 22 21 -1 23 21 22 -1 "
										                >
											<Coordinate DEF="coords_ME_ID565_001"
											            point="7.874016 3.937008 0.000000 7.739866 2.918035 0.000000 7.739866 4.955980 0.000000 7.346557 5.905512 0.000000 7.346557 1.968504 0.000000 6.720892 6.720892 0.000000 6.720892 1.153123 0.000000 5.905512 7.346557 0.000000 5.905511 0.527459 0.000000 4.955980 7.739866 0.000000 4.955980 0.134150 0.000000 3.937008 7.874016 0.000000 3.937008 0.000000 0.000000 2.918035 7.739866 0.000000 2.918035 0.134150 0.000000 1.968504 7.346557 0.000000 1.968504 0.527459 0.000000 1.153123 6.720892 0.000000 1.153123 1.153123 0.000000 0.527459 5.905512 0.000000 0.527459 1.968504 0.000000 0.134150 4.955980 0.000000 0.134150 2.918035 0.000000 0.000000 3.937008 0.000000 "
											            />
										</IndexedFaceSet>
									</Shape>
								</Group>
							</Transform>
						</Transform>
						<Transform DEF="group_111_TRANSFORM"
						           translation="183.464554 530.334167 0.000000"
						           scale="-1.000000 -1.000000 -1.000000"
						           rotation="-1.000000 0.000000 0.000000 3.141593"
						           >
							<Transform DEF="group_111_ifs_TRANSFORM"
							           translation="-0.000008 -0.000000 -0.000000"
							           scale="1.000000 1.000000 1.000000"
							           rotation="0.000000 0.000000 0.000000 0.000000"
							           >
								<Group DEF="group_ME_ID572_001">
									<Shape>
										<Appearance>
											<Material USE="MA_material_008" />
										</Appearance>
										<IndexedFaceSet solid="false"
										                coordIndex="0 1 2 -1 2 1 3 -1 1 4 3 -1 3 4 5 -1 4 6 5 -1 5 6 7 -1 6 8 7 -1 7 8 9 -1 8 10 9 -1 9 10 11 -1 10 12 11 -1 11 12 13 -1 12 14 13 -1 13 14 15 -1 14 16 15 -1 15 16 17 -1 16 18 17 -1 17 18 19 -1 18 20 19 -1 19 20 21 -1 20 22 21 -1 23 21 22 -1 "
										                >
											<Coordinate DEF="coords_ME_ID572_001"
											            point="7.874016 3.937008 0.000000 7.739866 2.918035 0.000000 7.739866 4.955980 0.000000 7.346557 5.905512 0.000000 7.346557 1.968504 0.000000 6.720892 6.720892 0.000000 6.720892 1.153123 0.000000 5.905512 7.346557 0.000000 5.905511 0.527459 0.000000 4.955980 7.739866 0.000000 4.955980 0.134150 0.000000 3.937008 7.874016 0.000000 3.937008 0.000000 0.000000 2.918035 7.739866 0.000000 2.918035 0.134150 0.000000 1.968504 7.346557 0.000000 1.968504 0.527459 0.000000 1.153123 6.720892 0.000000 1.153123 1.153123 0.000000 0.527459 5.905512 0.000000 0.527459 1.968504 0.000000 0.134150 4.955980 0.000000 0.134150 2.918035 0.000000 0.000000 3.937008 0.000000 "
											            />
										</IndexedFaceSet>
									</Shape>
								</Group>
							</Transform>
						</Transform>
						<Transform DEF="group_112_TRANSFORM"
						           translation="281.889771 530.334167 0.000000"
						           scale="-1.000000 -1.000000 -1.000000"
						           rotation="-1.000000 0.000000 0.000000 3.141593"
						           >
							<Transform DEF="group_112_ifs_TRANSFORM"
							           translation="-0.000015 -0.000000 -0.000000"
							           scale="1.000000 1.000000 1.000000"
							           rotation="0.000000 0.000000 0.000000 0.000000"
							           >
								<Group DEF="group_ME_ID579_001">
									<Shape>
										<Appearance>
											<Material USE="MA_material_008" />
										</Appearance>
										<IndexedFaceSet solid="false"
										                coordIndex="0 1 2 -1 2 1 3 -1 1 4 3 -1 3 4 5 -1 4 6 5 -1 5 6 7 -1 6 8 7 -1 7 8 9 -1 8 10 9 -1 9 10 11 -1 10 12 11 -1 11 12 13 -1 12 14 13 -1 13 14 15 -1 14 16 15 -1 15 16 17 -1 16 18 17 -1 17 18 19 -1 18 20 19 -1 19 20 21 -1 20 22 21 -1 23 21 22 -1 "
										                >
											<Coordinate DEF="coords_ME_ID579_001"
											            point="7.874016 3.937008 0.000000 7.739866 2.918035 0.000000 7.739866 4.955980 0.000000 7.346557 5.905512 0.000000 7.346557 1.968504 0.000000 6.720892 6.720892 0.000000 6.720892 1.153123 0.000000 5.905512 7.346557 0.000000 5.905511 0.527459 0.000000 4.955980 7.739866 0.000000 4.955980 0.134150 0.000000 3.937008 7.874016 0.000000 3.937008 0.000000 0.000000 2.918035 7.739866 0.000000 2.918035 0.134150 0.000000 1.968504 7.346557 0.000000 1.968504 0.527459 0.000000 1.153123 6.720892 0.000000 1.153123 1.153123 0.000000 0.527459 5.905512 0.000000 0.527459 1.968504 0.000000 0.134150 4.955980 0.000000 0.134150 2.918035 0.000000 0.000000 3.937008 0.000000 "
											            />
										</IndexedFaceSet>
									</Shape>
								</Group>
							</Transform>
						</Transform>
						<Transform DEF="group_113_TRANSFORM"
						           translation="773.747437 11.811035 0.000000"
						           scale="-1.000000 -1.000000 -1.000000"
						           rotation="-1.000000 0.000000 0.000000 3.141593"
						           >
							<Transform DEF="group_113_ifs_TRANSFORM"
							           translation="-0.000061 0.000000 -0.000000"
							           scale="1.000000 1.000000 1.000000"
							           rotation="0.000000 0.000000 0.000000 0.000000"
							           >
								<Group DEF="group_ME_ID586_001">
									<Shape>
										<Appearance>
											<Material USE="MA_material_008" />
										</Appearance>
										<IndexedFaceSet solid="false"
										                coordIndex="0 1 2 -1 2 1 3 -1 1 4 3 -1 3 4 5 -1 4 6 5 -1 5 6 7 -1 6 8 7 -1 7 8 9 -1 8 10 9 -1 9 10 11 -1 10 12 11 -1 11 12 13 -1 12 14 13 -1 13 14 15 -1 14 16 15 -1 15 16 17 -1 16 18 17 -1 17 18 19 -1 18 20 19 -1 19 20 21 -1 20 22 21 -1 23 21 22 -1 "
										                >
											<Coordinate DEF="coords_ME_ID586_001"
											            point="7.874016 3.937008 0.000000 7.739866 2.918035 0.000000 7.739866 4.955980 0.000000 7.346557 5.905512 0.000000 7.346557 1.968504 0.000000 6.720892 6.720892 0.000000 6.720892 1.153123 0.000000 5.905512 7.346557 0.000000 5.905511 0.527459 0.000000 4.955980 7.739866 0.000000 4.955980 0.134150 0.000000 3.937008 7.874016 0.000000 3.937008 0.000000 0.000000 2.918035 7.739866 0.000000 2.918035 0.134150 0.000000 1.968504 7.346557 0.000000 1.968504 0.527459 0.000000 1.153123 6.720892 0.000000 1.153123 1.153123 0.000000 0.527459 5.905512 0.000000 0.527459 1.968504 0.000000 0.134150 4.955980 0.000000 0.134150 2.918035 0.000000 0.000000 3.937008 0.000000 "
											            />
										</IndexedFaceSet>
									</Shape>
								</Group>
							</Transform>
						</Transform>
						<Transform DEF="group_114_TRANSFORM"
						           translation="675.456421 11.811035 0.000000"
						           scale="-1.000000 -1.000000 -1.000000"
						           rotation="-1.000000 0.000000 0.000000 3.141593"
						           >
							<Transform DEF="group_114_ifs_TRANSFORM"
							           translation="0.000000 0.000000 -0.000000"
							           scale="1.000000 1.000000 1.000000"
							           rotation="0.000000 0.000000 0.000000 0.000000"
							           >
								<Group DEF="group_ME_ID593_001">
									<Shape>
										<Appearance>
											<Material USE="MA_material_008" />
										</Appearance>
										<IndexedFaceSet solid="false"
										                coordIndex="0 1 2 -1 2 1 3 -1 1 4 3 -1 3 4 5 -1 4 6 5 -1 5 6 7 -1 6 8 7 -1 7 8 9 -1 8 10 9 -1 9 10 11 -1 10 12 11 -1 11 12 13 -1 12 14 13 -1 13 14 15 -1 14 16 15 -1 15 16 17 -1 16 18 17 -1 17 18 19 -1 18 20 19 -1 19 20 21 -1 20 22 21 -1 23 21 22 -1 "
										                >
											<Coordinate DEF="coords_ME_ID593_001"
											            point="7.874016 3.937008 0.000000 7.739866 2.918035 0.000000 7.739866 4.955980 0.000000 7.346557 5.905512 0.000000 7.346557 1.968504 0.000000 6.720892 6.720892 0.000000 6.720892 1.153123 0.000000 5.905512 7.346557 0.000000 5.905511 0.527459 0.000000 4.955980 7.739866 0.000000 4.955980 0.134150 0.000000 3.937008 7.874016 0.000000 3.937008 0.000000 0.000000 2.918035 7.739866 0.000000 2.918035 0.134150 0.000000 1.968504 7.346557 0.000000 1.968504 0.527459 0.000000 1.153123 6.720892 0.000000 1.153123 1.153123 0.000000 0.527459 5.905512 0.000000 0.527459 1.968504 0.000000 0.134150 4.955980 0.000000 0.134150 2.918035 0.000000 0.000000 3.937008 0.000000 "
											            />
										</IndexedFaceSet>
									</Shape>
								</Group>
							</Transform>
						</Transform>
						<Transform DEF="group_115_TRANSFORM"
						           translation="577.031250 11.811035 0.000000"
						           scale="-1.000000 -1.000000 -1.000000"
						           rotation="-1.000000 0.000000 0.000000 3.141593"
						           >
							<Transform DEF="group_115_ifs_TRANSFORM"
							           translation="-0.000061 0.000000 -0.000000"
							           scale="1.000000 1.000000 1.000000"
							           rotation="0.000000 0.000000 0.000000 0.000000"
							           >
								<Group DEF="group_ME_ID600">
									<Shape>
										<Appearance>
											<Material USE="MA_material_008" />
										</Appearance>
										<IndexedFaceSet solid="false"
										                coordIndex="0 1 2 -1 2 1 3 -1 1 4 3 -1 3 4 5 -1 4 6 5 -1 5 6 7 -1 6 8 7 -1 7 8 9 -1 8 10 9 -1 9 10 11 -1 10 12 11 -1 11 12 13 -1 12 14 13 -1 13 14 15 -1 14 16 15 -1 15 16 17 -1 16 18 17 -1 17 18 19 -1 18 20 19 -1 19 20 21 -1 20 22 21 -1 23 21 22 -1 "
										                >
											<Coordinate DEF="coords_ME_ID600"
											            point="7.874016 3.937008 0.000000 7.739866 2.918035 0.000000 7.739866 4.955980 0.000000 7.346557 5.905512 0.000000 7.346557 1.968504 0.000000 6.720892 6.720892 0.000000 6.720892 1.153123 0.000000 5.905512 7.346557 0.000000 5.905511 0.527459 0.000000 4.955980 7.739866 0.000000 4.955980 0.134150 0.000000 3.937008 7.874016 0.000000 3.937008 0.000000 0.000000 2.918035 7.739866 0.000000 2.918035 0.134150 0.000000 1.968504 7.346557 0.000000 1.968504 0.527459 0.000000 1.153123 6.720892 0.000000 1.153123 1.153123 0.000000 0.527459 5.905512 0.000000 0.527459 1.968504 0.000000 0.134150 4.955980 0.000000 0.134150 2.918035 0.000000 0.000000 3.937008 0.000000 "
											            />
										</IndexedFaceSet>
									</Shape>
								</Group>
							</Transform>
						</Transform>
						<Transform DEF="group_116_TRANSFORM"
						           translation="478.740173 11.811035 0.000000"
						           scale="-1.000000 -1.000000 -1.000000"
						           rotation="-1.000000 0.000000 0.000000 3.141593"
						           >
							<Transform DEF="group_116_ifs_TRANSFORM"
							           translation="-0.000031 0.000000 -0.000000"
							           scale="1.000000 1.000000 1.000000"
							           rotation="0.000000 0.000000 0.000000 0.000000"
							           >
								<Group DEF="group_ME_ID607_002">
									<Shape>
										<Appearance>
											<Material USE="MA_material_008" />
										</Appearance>
										<IndexedFaceSet solid="false"
										                coordIndex="0 1 2 -1 2 1 3 -1 1 4 3 -1 3 4 5 -1 4 6 5 -1 5 6 7 -1 6 8 7 -1 7 8 9 -1 8 10 9 -1 9 10 11 -1 10 12 11 -1 11 12 13 -1 12 14 13 -1 13 14 15 -1 14 16 15 -1 15 16 17 -1 16 18 17 -1 17 18 19 -1 18 20 19 -1 19 20 21 -1 20 22 21 -1 23 21 22 -1 "
										                >
											<Coordinate DEF="coords_ME_ID607_002"
											            point="7.874016 3.937008 0.000000 7.739866 2.918035 0.000000 7.739866 4.955980 0.000000 7.346557 5.905512 0.000000 7.346557 1.968504 0.000000 6.720892 6.720892 0.000000 6.720892 1.153123 0.000000 5.905512 7.346557 0.000000 5.905511 0.527459 0.000000 4.955980 7.739866 0.000000 4.955980 0.134150 0.000000 3.937008 7.874016 0.000000 3.937008 0.000000 0.000000 2.918035 7.739866 0.000000 2.918035 0.134150 0.000000 1.968504 7.346557 0.000000 1.968504 0.527459 0.000000 1.153123 6.720892 0.000000 1.153123 1.153123 0.000000 0.527459 5.905512 0.000000 0.527459 1.968504 0.000000 0.134150 4.955980 0.000000 0.134150 2.918035 0.000000 0.000000 3.937008 0.000000 "
											            />
										</IndexedFaceSet>
									</Shape>
								</Group>
							</Transform>
						</Transform>
						<Transform DEF="group_117_TRANSFORM"
						           translation="19.685036 11.811035 0.000000"
						           scale="-1.000000 -1.000000 -1.000000"
						           rotation="-1.000000 0.000000 0.000000 3.141593"
						           >
							<Transform DEF="group_117_ifs_TRANSFORM"
							           translation="0.000008 0.000000 -0.000000"
							           scale="1.000000 1.000000 1.000000"
							           rotation="0.000000 0.000000 0.000000 0.000000"
							           >
								<Group DEF="group_ME_ID614">
									<Shape>
										<Appearance>
											<Material USE="MA_material_008" />
										</Appearance>
										<IndexedFaceSet solid="false"
										                coordIndex="0 1 2 -1 2 1 3 -1 1 4 3 -1 3 4 5 -1 4 6 5 -1 5 6 7 -1 6 8 7 -1 7 8 9 -1 8 10 9 -1 9 10 11 -1 10 12 11 -1 11 12 13 -1 12 14 13 -1 13 14 15 -1 14 16 15 -1 15 16 17 -1 16 18 17 -1 17 18 19 -1 18 20 19 -1 19 20 21 -1 20 22 21 -1 23 21 22 -1 "
										                >
											<Coordinate DEF="coords_ME_ID614"
											            point="7.874016 3.937008 0.000000 7.739866 2.918035 0.000000 7.739866 4.955980 0.000000 7.346557 5.905512 0.000000 7.346557 1.968504 0.000000 6.720892 6.720892 0.000000 6.720892 1.153123 0.000000 5.905512 7.346557 0.000000 5.905511 0.527459 0.000000 4.955980 7.739866 0.000000 4.955980 0.134150 0.000000 3.937008 7.874016 0.000000 3.937008 0.000000 0.000000 2.918035 7.739866 0.000000 2.918035 0.134150 0.000000 1.968504 7.346557 0.000000 1.968504 0.527459 0.000000 1.153123 6.720892 0.000000 1.153123 1.153123 0.000000 0.527459 5.905512 0.000000 0.527459 1.968504 0.000000 0.134150 4.955980 0.000000 0.134150 2.918035 0.000000 0.000000 3.937008 0.000000 "
											            />
										</IndexedFaceSet>
									</Shape>
								</Group>
							</Transform>
						</Transform>
						<Transform DEF="group_118_TRANSFORM"
						           translation="19.685036 172.137909 0.000000"
						           scale="-1.000000 -1.000000 -1.000000"
						           rotation="-1.000000 0.000000 0.000000 3.141593"
						           >
							<Transform DEF="group_118_ifs_TRANSFORM"
							           translation="0.000008 -0.000031 -0.000000"
							           scale="1.000000 1.000000 1.000000"
							           rotation="0.000000 0.000000 0.000000 0.000000"
							           >
								<Group DEF="group_ME_ID621_001">
									<Shape>
										<Appearance>
											<Material USE="MA_material_008" />
										</Appearance>
										<IndexedFaceSet solid="false"
										                coordIndex="0 1 2 -1 2 1 3 -1 1 4 3 -1 3 4 5 -1 4 6 5 -1 5 6 7 -1 6 8 7 -1 7 8 9 -1 8 10 9 -1 9 10 11 -1 10 12 11 -1 11 12 13 -1 12 14 13 -1 13 14 15 -1 14 16 15 -1 15 16 17 -1 16 18 17 -1 17 18 19 -1 18 20 19 -1 19 20 21 -1 20 22 21 -1 23 21 22 -1 "
										                >
											<Coordinate DEF="coords_ME_ID621_001"
											            point="7.874016 3.937008 0.000000 7.739866 2.918035 0.000000 7.739866 4.955980 0.000000 7.346557 5.905512 0.000000 7.346557 1.968504 0.000000 6.720892 6.720892 0.000000 6.720892 1.153123 0.000000 5.905512 7.346557 0.000000 5.905511 0.527459 0.000000 4.955980 7.739866 0.000000 4.955980 0.134150 0.000000 3.937008 7.874016 0.000000 3.937008 0.000000 0.000000 2.918035 7.739866 0.000000 2.918035 0.134150 0.000000 1.968504 7.346557 0.000000 1.968504 0.527459 0.000000 1.153123 6.720892 0.000000 1.153123 1.153123 0.000000 0.527459 5.905512 0.000000 0.527459 1.968504 0.000000 0.134150 4.955980 0.000000 0.134150 2.918035 0.000000 0.000000 3.937008 0.000000 "
											            />
										</IndexedFaceSet>
									</Shape>
								</Group>
							</Transform>
						</Transform>
						<Transform DEF="group_119_TRANSFORM"
						           translation="19.685036 530.334167 0.000000"
						           scale="-1.000000 -1.000000 -1.000000"
						           rotation="-1.000000 0.000000 0.000000 3.141593"
						           >
							<Transform DEF="group_119_ifs_TRANSFORM"
							           translation="0.000008 -0.000000 -0.000000"
							           scale="1.000000 1.000000 1.000000"
							           rotation="0.000000 0.000000 0.000000 0.000000"
							           >
								<Group DEF="group_ME_ID628_002">
									<Shape>
										<Appearance>
											<Material USE="MA_material_008" />
										</Appearance>
										<IndexedFaceSet solid="false"
										                coordIndex="0 1 2 -1 2 1 3 -1 1 4 3 -1 3 4 5 -1 4 6 5 -1 5 6 7 -1 6 8 7 -1 7 8 9 -1 8 10 9 -1 9 10 11 -1 10 12 11 -1 11 12 13 -1 12 14 13 -1 13 14 15 -1 14 16 15 -1 15 16 17 -1 16 18 17 -1 17 18 19 -1 18 20 19 -1 19 20 21 -1 20 22 21 -1 23 21 22 -1 "
										                >
											<Coordinate DEF="coords_ME_ID628_002"
											            point="7.874016 3.937008 0.000000 7.739866 2.918035 0.000000 7.739866 4.955980 0.000000 7.346557 5.905512 0.000000 7.346557 1.968504 0.000000 6.720892 6.720892 0.000000 6.720892 1.153123 0.000000 5.905512 7.346557 0.000000 5.905511 0.527459 0.000000 4.955980 7.739866 0.000000 4.955980 0.134150 0.000000 3.937008 7.874016 0.000000 3.937008 0.000000 0.000000 2.918035 7.739866 0.000000 2.918035 0.134150 0.000000 1.968504 7.346557 0.000000 1.968504 0.527459 0.000000 1.153123 6.720892 0.000000 1.153123 1.153123 0.000000 0.527459 5.905512 0.000000 0.527459 1.968504 0.000000 0.134150 4.955980 0.000000 0.134150 2.918035 0.000000 0.000000 3.937008 0.000000 "
											            />
										</IndexedFaceSet>
									</Shape>
								</Group>
							</Transform>
						</Transform>
						<Transform DEF="group_120_TRANSFORM"
						           translation="838.967651 530.334167 0.000000"
						           scale="-1.000000 -1.000000 -1.000000"
						           rotation="-1.000000 0.000000 0.000000 3.141593"
						           >
							<Transform DEF="group_120_ifs_TRANSFORM"
							           translation="-0.000061 -0.000000 -0.000000"
							           scale="1.000000 1.000000 1.000000"
							           rotation="0.000000 0.000000 0.000000 0.000000"
							           >
								<Group DEF="group_ME_ID635_003">
									<Shape>
										<Appearance>
											<Material USE="MA_material_008" />
										</Appearance>
										<IndexedFaceSet solid="false"
										                coordIndex="0 1 2 -1 2 1 3 -1 1 4 3 -1 3 4 5 -1 4 6 5 -1 5 6 7 -1 6 8 7 -1 7 8 9 -1 8 10 9 -1 9 10 11 -1 10 12 11 -1 11 12 13 -1 12 14 13 -1 13 14 15 -1 14 16 15 -1 15 16 17 -1 16 18 17 -1 17 18 19 -1 18 20 19 -1 19 20 21 -1 20 22 21 -1 23 21 22 -1 "
										                >
											<Coordinate DEF="coords_ME_ID635_003"
											            point="7.874016 3.937008 0.000000 7.739866 2.918035 0.000000 7.739866 4.955980 0.000000 7.346557 5.905512 0.000000 7.346557 1.968504 0.000000 6.720892 6.720892 0.000000 6.720892 1.153123 0.000000 5.905512 7.346557 0.000000 5.905511 0.527459 0.000000 4.955980 7.739866 0.000000 4.955980 0.134150 0.000000 3.937008 7.874016 0.000000 3.937008 0.000000 0.000000 2.918035 7.739866 0.000000 2.918035 0.134150 0.000000 1.968504 7.346557 0.000000 1.968504 0.527459 0.000000 1.153123 6.720892 0.000000 1.153123 1.153123 0.000000 0.527459 5.905512 0.000000 0.527459 1.968504 0.000000 0.134150 4.955980 0.000000 0.134150 2.918035 0.000000 0.000000 3.937008 0.000000 "
											            />
										</IndexedFaceSet>
									</Shape>
								</Group>
							</Transform>
						</Transform>
						<Transform DEF="group_121_TRANSFORM"
						           translation="19.685036 368.719971 0.000000"
						           scale="-1.000000 -1.000000 -1.000000"
						           rotation="-1.000000 0.000000 0.000000 3.141593"
						           >
							<Transform DEF="group_121_ifs_TRANSFORM"
							           translation="0.000008 -0.000015 0.000000"
							           scale="1.000000 1.000000 1.000000"
							           rotation="0.000000 0.000000 0.000000 0.000000"
							           >
								<Group DEF="group_ME_ID642">
									<Shape>
										<Appearance>
											<Material USE="MA_material_008" />
										</Appearance>
										<IndexedFaceSet solid="false"
										                coordIndex="0 1 2 -1 2 1 3 -1 1 4 3 -1 3 4 5 -1 4 6 5 -1 5 6 7 -1 6 8 7 -1 7 8 9 -1 8 10 9 -1 9 10 11 -1 10 12 11 -1 11 12 13 -1 12 14 13 -1 13 14 15 -1 14 16 15 -1 15 16 17 -1 16 18 17 -1 17 18 19 -1 18 20 19 -1 19 20 21 -1 20 22 21 -1 23 21 22 -1 "
										                >
											<Coordinate DEF="coords_ME_ID642"
											            point="7.874016 3.937008 0.000000 7.739866 2.918035 0.000000 7.739866 4.955980 0.000000 7.346557 5.905512 0.000000 7.346557 1.968504 0.000000 6.720892 6.720892 0.000000 6.720892 1.153123 0.000000 5.905512 7.346557 0.000000 5.905511 0.527459 0.000000 4.955980 7.739866 0.000000 4.955980 0.134150 0.000000 3.937008 7.874016 0.000000 3.937008 0.000000 0.000000 2.918035 7.739866 0.000000 2.918035 0.134150 0.000000 1.968504 7.346557 0.000000 1.968504 0.527459 0.000000 1.153123 6.720892 0.000000 1.153123 1.153123 0.000000 0.527459 5.905512 0.000000 0.527459 1.968504 0.000000 0.134150 4.955980 0.000000 0.134150 2.918035 0.000000 0.000000 3.937008 0.000000 "
											            />
										</IndexedFaceSet>
									</Shape>
								</Group>
							</Transform>
						</Transform>
						<Transform DEF="group_122_TRANSFORM"
						           translation="380.314941 530.334167 0.000000"
						           scale="-1.000000 -1.000000 -1.000000"
						           rotation="-1.000000 0.000000 0.000000 3.141593"
						           >
							<Transform DEF="group_122_ifs_TRANSFORM"
							           translation="-0.000031 -0.000000 -0.000000"
							           scale="1.000000 1.000000 1.000000"
							           rotation="0.000000 0.000000 0.000000 0.000000"
							           >
								<Group DEF="group_ME_ID649">
									<Shape>
										<Appearance>
											<Material USE="MA_material_008" />
										</Appearance>
										<IndexedFaceSet solid="false"
										                coordIndex="0 1 2 -1 2 1 3 -1 1 4 3 -1 3 4 5 -1 4 6 5 -1 5 6 7 -1 6 8 7 -1 7 8 9 -1 8 10 9 -1 9 10 11 -1 10 12 11 -1 11 12 13 -1 12 14 13 -1 13 14 15 -1 14 16 15 -1 15 16 17 -1 16 18 17 -1 17 18 19 -1 18 20 19 -1 19 20 21 -1 20 22 21 -1 23 21 22 -1 "
										                >
											<Coordinate DEF="coords_ME_ID649"
											            point="7.874016 3.937008 0.000000 7.739866 2.918035 0.000000 7.739866 4.955980 0.000000 7.346557 5.905512 0.000000 7.346557 1.968504 0.000000 6.720892 6.720892 0.000000 6.720892 1.153123 0.000000 5.905512 7.346557 0.000000 5.905511 0.527459 0.000000 4.955980 7.739866 0.000000 4.955980 0.134150 0.000000 3.937008 7.874016 0.000000 3.937008 0.000000 0.000000 2.918035 7.739866 0.000000 2.918035 0.134150 0.000000 1.968504 7.346557 0.000000 1.968504 0.527459 0.000000 1.153123 6.720892 0.000000 1.153123 1.153123 0.000000 0.527459 5.905512 0.000000 0.527459 1.968504 0.000000 0.134150 4.955980 0.000000 0.134150 2.918035 0.000000 0.000000 3.937008 0.000000 "
											            />
										</IndexedFaceSet>
									</Shape>
								</Group>
							</Transform>
						</Transform>
						<Transform DEF="group_123_TRANSFORM"
						           translation="478.740173 530.334167 0.000000"
						           scale="-1.000000 -1.000000 -1.000000"
						           rotation="-1.000000 0.000000 0.000000 3.141593"
						           >
							<Transform DEF="group_123_ifs_TRANSFORM"
							           translation="-0.000031 -0.000000 -0.000000"
							           scale="1.000000 1.000000 1.000000"
							           rotation="0.000000 0.000000 0.000000 0.000000"
							           >
								<Group DEF="group_ME_ID656">
									<Shape>
										<Appearance>
											<Material USE="MA_material_008" />
										</Appearance>
										<IndexedFaceSet solid="false"
										                coordIndex="0 1 2 -1 2 1 3 -1 1 4 3 -1 3 4 5 -1 4 6 5 -1 5 6 7 -1 6 8 7 -1 7 8 9 -1 8 10 9 -1 9 10 11 -1 10 12 11 -1 11 12 13 -1 12 14 13 -1 13 14 15 -1 14 16 15 -1 15 16 17 -1 16 18 17 -1 17 18 19 -1 18 20 19 -1 19 20 21 -1 20 22 21 -1 23 21 22 -1 "
										                >
											<Coordinate DEF="coords_ME_ID656"
											            point="7.874016 3.937008 0.000000 7.739866 2.918035 0.000000 7.739866 4.955980 0.000000 7.346557 5.905512 0.000000 7.346557 1.968504 0.000000 6.720892 6.720892 0.000000 6.720892 1.153123 0.000000 5.905512 7.346557 0.000000 5.905511 0.527459 0.000000 4.955980 7.739866 0.000000 4.955980 0.134150 0.000000 3.937008 7.874016 0.000000 3.937008 0.000000 0.000000 2.918035 7.739866 0.000000 2.918035 0.134150 0.000000 1.968504 7.346557 0.000000 1.968504 0.527459 0.000000 1.153123 6.720892 0.000000 1.153123 1.153123 0.000000 0.527459 5.905512 0.000000 0.527459 1.968504 0.000000 0.134150 4.955980 0.000000 0.134150 2.918035 0.000000 0.000000 3.937008 0.000000 "
											            />
										</IndexedFaceSet>
									</Shape>
								</Group>
							</Transform>
						</Transform>
						<Transform DEF="group_124_TRANSFORM"
						           translation="577.031250 530.334167 0.000000"
						           scale="-1.000000 -1.000000 -1.000000"
						           rotation="-1.000000 0.000000 0.000000 3.141593"
						           >
							<Transform DEF="group_124_ifs_TRANSFORM"
							           translation="-0.000061 -0.000000 -0.000000"
							           scale="1.000000 1.000000 1.000000"
							           rotation="0.000000 0.000000 0.000000 0.000000"
							           >
								<Group DEF="group_ME_ID663_001">
									<Shape>
										<Appearance>
											<Material USE="MA_material_008" />
										</Appearance>
										<IndexedFaceSet solid="false"
										                coordIndex="0 1 2 -1 2 1 3 -1 1 4 3 -1 3 4 5 -1 4 6 5 -1 5 6 7 -1 6 8 7 -1 7 8 9 -1 8 10 9 -1 9 10 11 -1 10 12 11 -1 11 12 13 -1 12 14 13 -1 13 14 15 -1 14 16 15 -1 15 16 17 -1 16 18 17 -1 17 18 19 -1 18 20 19 -1 19 20 21 -1 20 22 21 -1 23 21 22 -1 "
										                >
											<Coordinate DEF="coords_ME_ID663_001"
											            point="7.874016 3.937008 0.000000 7.739866 2.918035 0.000000 7.739866 4.955980 0.000000 7.346557 5.905512 0.000000 7.346557 1.968504 0.000000 6.720892 6.720892 0.000000 6.720892 1.153123 0.000000 5.905512 7.346557 0.000000 5.905511 0.527459 0.000000 4.955980 7.739866 0.000000 4.955980 0.134150 0.000000 3.937008 7.874016 0.000000 3.937008 0.000000 0.000000 2.918035 7.739866 0.000000 2.918035 0.134150 0.000000 1.968504 7.346557 0.000000 1.968504 0.527459 0.000000 1.153123 6.720892 0.000000 1.153123 1.153123 0.000000 0.527459 5.905512 0.000000 0.527459 1.968504 0.000000 0.134150 4.955980 0.000000 0.134150 2.918035 0.000000 0.000000 3.937008 0.000000 "
											            />
										</IndexedFaceSet>
									</Shape>
								</Group>
							</Transform>
						</Transform>
						<Transform DEF="group_125_TRANSFORM"
						           translation="675.456421 530.334167 0.000000"
						           scale="-1.000000 -1.000000 -1.000000"
						           rotation="-1.000000 0.000000 0.000000 3.141593"
						           >
							<Transform DEF="group_125_ifs_TRANSFORM"
							           translation="0.000000 -0.000000 -0.000000"
							           scale="1.000000 1.000000 1.000000"
							           rotation="0.000000 0.000000 0.000000 0.000000"
							           >
								<Group DEF="group_ME_ID670_001">
									<Shape>
										<Appearance>
											<Material USE="MA_material_008" />
										</Appearance>
										<IndexedFaceSet solid="false"
										                coordIndex="0 1 2 -1 2 1 3 -1 1 4 3 -1 3 4 5 -1 4 6 5 -1 5 6 7 -1 6 8 7 -1 7 8 9 -1 8 10 9 -1 9 10 11 -1 10 12 11 -1 11 12 13 -1 12 14 13 -1 13 14 15 -1 14 16 15 -1 15 16 17 -1 16 18 17 -1 17 18 19 -1 18 20 19 -1 19 20 21 -1 20 22 21 -1 23 21 22 -1 "
										                >
											<Coordinate DEF="coords_ME_ID670_001"
											            point="7.874016 3.937008 0.000000 7.739866 2.918035 0.000000 7.739866 4.955980 0.000000 7.346557 5.905512 0.000000 7.346557 1.968504 0.000000 6.720892 6.720892 0.000000 6.720892 1.153123 0.000000 5.905512 7.346557 0.000000 5.905511 0.527459 0.000000 4.955980 7.739866 0.000000 4.955980 0.134150 0.000000 3.937008 7.874016 0.000000 3.937008 0.000000 0.000000 2.918035 7.739866 0.000000 2.918035 0.134150 0.000000 1.968504 7.346557 0.000000 1.968504 0.527459 0.000000 1.153123 6.720892 0.000000 1.153123 1.153123 0.000000 0.527459 5.905512 0.000000 0.527459 1.968504 0.000000 0.134150 4.955980 0.000000 0.134150 2.918035 0.000000 0.000000 3.937008 0.000000 "
											            />
										</IndexedFaceSet>
									</Shape>
								</Group>
							</Transform>
						</Transform>
						<Transform DEF="group_126_TRANSFORM"
						           translation="773.747437 530.334167 0.000000"
						           scale="-1.000000 -1.000000 -1.000000"
						           rotation="-1.000000 0.000000 0.000000 3.141593"
						           >
							<Transform DEF="group_126_ifs_TRANSFORM"
							           translation="-0.000061 -0.000000 -0.000000"
							           scale="1.000000 1.000000 1.000000"
							           rotation="0.000000 0.000000 0.000000 0.000000"
							           >
								<Group DEF="group_ME_ID677_001">
									<Shape>
										<Appearance>
											<Material USE="MA_material_008" />
										</Appearance>
										<IndexedFaceSet solid="false"
										                coordIndex="0 1 2 -1 2 1 3 -1 1 4 3 -1 3 4 5 -1 4 6 5 -1 5 6 7 -1 6 8 7 -1 7 8 9 -1 8 10 9 -1 9 10 11 -1 10 12 11 -1 11 12 13 -1 12 14 13 -1 13 14 15 -1 14 16 15 -1 15 16 17 -1 16 18 17 -1 17 18 19 -1 18 20 19 -1 19 20 21 -1 20 22 21 -1 23 21 22 -1 "
										                >
											<Coordinate DEF="coords_ME_ID677_001"
											            point="7.874016 3.937008 0.000000 7.739866 2.918035 0.000000 7.739866 4.955980 0.000000 7.346557 5.905512 0.000000 7.346557 1.968504 0.000000 6.720892 6.720892 0.000000 6.720892 1.153123 0.000000 5.905512 7.346557 0.000000 5.905511 0.527459 0.000000 4.955980 7.739866 0.000000 4.955980 0.134150 0.000000 3.937008 7.874016 0.000000 3.937008 0.000000 0.000000 2.918035 7.739866 0.000000 2.918035 0.134150 0.000000 1.968504 7.346557 0.000000 1.968504 0.527459 0.000000 1.153123 6.720892 0.000000 1.153123 1.153123 0.000000 0.527459 5.905512 0.000000 0.527459 1.968504 0.000000 0.134150 4.955980 0.000000 0.134150 2.918035 0.000000 0.000000 3.937008 0.000000 "
											            />
										</IndexedFaceSet>
									</Shape>
								</Group>
							</Transform>
						</Transform>
						<Transform DEF="group_127_TRANSFORM"
						           translation="19.685036 73.846863 0.000000"
						           scale="-1.000000 -1.000000 -1.000000"
						           rotation="-1.000000 0.000000 0.000000 3.141593"
						           >
							<Transform DEF="group_127_ifs_TRANSFORM"
							           translation="0.000008 -0.000061 0.000000"
							           scale="1.000000 1.000000 1.000000"
							           rotation="0.000000 0.000000 0.000000 0.000000"
							           >
								<Group DEF="group_ME_ID684">
									<Shape>
										<Appearance>
											<Material USE="MA_material_008" />
										</Appearance>
										<IndexedFaceSet solid="false"
										                coordIndex="0 1 2 -1 2 1 3 -1 1 4 3 -1 3 4 5 -1 4 6 5 -1 5 6 7 -1 6 8 7 -1 7 8 9 -1 8 10 9 -1 9 10 11 -1 10 12 11 -1 11 12 13 -1 12 14 13 -1 13 14 15 -1 14 16 15 -1 15 16 17 -1 16 18 17 -1 17 18 19 -1 18 20 19 -1 19 20 21 -1 20 22 21 -1 23 21 22 -1 "
										                >
											<Coordinate DEF="coords_ME_ID684"
											            point="7.874016 3.937008 0.000000 7.739866 2.918035 0.000000 7.739866 4.955980 0.000000 7.346557 5.905512 0.000000 7.346557 1.968504 0.000000 6.720892 6.720892 0.000000 6.720892 1.153123 0.000000 5.905512 7.346557 0.000000 5.905511 0.527459 0.000000 4.955980 7.739866 0.000000 4.955980 0.134150 0.000000 3.937008 7.874016 0.000000 3.937008 0.000000 0.000000 2.918035 7.739866 0.000000 2.918035 0.134150 0.000000 1.968504 7.346557 0.000000 1.968504 0.527459 0.000000 1.153123 6.720892 0.000000 1.153123 1.153123 0.000000 0.527459 5.905512 0.000000 0.527459 1.968504 0.000000 0.134150 4.955980 0.000000 0.134150 2.918035 0.000000 0.000000 3.937008 0.000000 "
											            />
										</IndexedFaceSet>
									</Shape>
								</Group>
							</Transform>
						</Transform>
						<Transform DEF="group_128_TRANSFORM"
						           translation="85.039368 73.846863 0.000000"
						           scale="-1.000000 -1.000000 -1.000000"
						           rotation="-1.000000 0.000000 0.000000 3.141593"
						           >
							<Transform DEF="group_128_ifs_TRANSFORM"
							           translation="0.000000 -0.000061 0.000000"
							           scale="1.000000 1.000000 1.000000"
							           rotation="0.000000 0.000000 0.000000 0.000000"
							           >
								<Group DEF="group_ME_ID691_003">
									<Shape>
										<Appearance>
											<Material USE="MA_material_008" />
										</Appearance>
										<IndexedFaceSet solid="false"
										                coordIndex="0 1 2 -1 2 1 3 -1 1 4 3 -1 3 4 5 -1 4 6 5 -1 5 6 7 -1 6 8 7 -1 7 8 9 -1 8 10 9 -1 9 10 11 -1 10 12 11 -1 11 12 13 -1 12 14 13 -1 13 14 15 -1 14 16 15 -1 15 16 17 -1 16 18 17 -1 17 18 19 -1 18 20 19 -1 19 20 21 -1 20 22 21 -1 23 21 22 -1 "
										                >
											<Coordinate DEF="coords_ME_ID691_003"
											            point="7.874016 3.937008 0.000000 7.739866 2.918035 0.000000 7.739866 4.955980 0.000000 7.346557 5.905512 0.000000 7.346557 1.968504 0.000000 6.720892 6.720892 0.000000 6.720892 1.153123 0.000000 5.905512 7.346557 0.000000 5.905511 0.527459 0.000000 4.955980 7.739866 0.000000 4.955980 0.134150 0.000000 3.937008 7.874016 0.000000 3.937008 0.000000 0.000000 2.918035 7.739866 0.000000 2.918035 0.134150 0.000000 1.968504 7.346557 0.000000 1.968504 0.527459 0.000000 1.153123 6.720892 0.000000 1.153123 1.153123 0.000000 0.527459 5.905512 0.000000 0.527459 1.968504 0.000000 0.134150 4.955980 0.000000 0.134150 2.918035 0.000000 0.000000 3.937008 0.000000 "
											            />
										</IndexedFaceSet>
									</Shape>
								</Group>
							</Transform>
						</Transform>
						<Transform DEF="group_129_TRANSFORM"
						           translation="85.039368 368.719971 0.000000"
						           scale="-1.000000 -1.000000 -1.000000"
						           rotation="-1.000000 0.000000 0.000000 3.141593"
						           >
							<Transform DEF="group_129_ifs_TRANSFORM"
							           translation="0.000000 -0.000015 0.000000"
							           scale="1.000000 1.000000 1.000000"
							           rotation="0.000000 0.000000 0.000000 0.000000"
							           >
								<Group DEF="group_ME_ID698_002">
									<Shape>
										<Appearance>
											<Material USE="MA_material_008" />
										</Appearance>
										<IndexedFaceSet solid="false"
										                coordIndex="0 1 2 -1 2 1 3 -1 1 4 3 -1 3 4 5 -1 4 6 5 -1 5 6 7 -1 6 8 7 -1 7 8 9 -1 8 10 9 -1 9 10 11 -1 10 12 11 -1 11 12 13 -1 12 14 13 -1 13 14 15 -1 14 16 15 -1 15 16 17 -1 16 18 17 -1 17 18 19 -1 18 20 19 -1 19 20 21 -1 20 22 21 -1 23 21 22 -1 "
										                >
											<Coordinate DEF="coords_ME_ID698_002"
											            point="7.874016 3.937008 0.000000 7.739866 2.918035 0.000000 7.739866 4.955980 0.000000 7.346557 5.905512 0.000000 7.346557 1.968504 0.000000 6.720892 6.720892 0.000000 6.720892 1.153123 0.000000 5.905512 7.346557 0.000000 5.905511 0.527459 0.000000 4.955980 7.739866 0.000000 4.955980 0.134150 0.000000 3.937008 7.874016 0.000000 3.937008 0.000000 0.000000 2.918035 7.739866 0.000000 2.918035 0.134150 0.000000 1.968504 7.346557 0.000000 1.968504 0.527459 0.000000 1.153123 6.720892 0.000000 1.153123 1.153123 0.000000 0.527459 5.905512 0.000000 0.527459 1.968504 0.000000 0.134150 4.955980 0.000000 0.134150 2.918035 0.000000 0.000000 3.937008 0.000000 "
											            />
										</IndexedFaceSet>
									</Shape>
								</Group>
							</Transform>
						</Transform>
						<Transform DEF="group_130_TRANSFORM"
						           translation="85.039368 172.137909 0.000000"
						           scale="-1.000000 -1.000000 -1.000000"
						           rotation="-1.000000 0.000000 0.000000 3.141593"
						           >
							<Transform DEF="group_130_ifs_TRANSFORM"
							           translation="0.000000 -0.000031 -0.000000"
							           scale="1.000000 1.000000 1.000000"
							           rotation="0.000000 0.000000 0.000000 0.000000"
							           >
								<Group DEF="group_ME_ID705_003">
									<Shape>
										<Appearance>
											<Material USE="MA_material_008" />
										</Appearance>
										<IndexedFaceSet solid="false"
										                coordIndex="0 1 2 -1 2 1 3 -1 1 4 3 -1 3 4 5 -1 4 6 5 -1 5 6 7 -1 6 8 7 -1 7 8 9 -1 8 10 9 -1 9 10 11 -1 10 12 11 -1 11 12 13 -1 12 14 13 -1 13 14 15 -1 14 16 15 -1 15 16 17 -1 16 18 17 -1 17 18 19 -1 18 20 19 -1 19 20 21 -1 20 22 21 -1 23 21 22 -1 "
										                >
											<Coordinate DEF="coords_ME_ID705_003"
											            point="7.874016 3.937008 0.000000 7.739866 2.918035 0.000000 7.739866 4.955980 0.000000 7.346557 5.905512 0.000000 7.346557 1.968504 0.000000 6.720892 6.720892 0.000000 6.720892 1.153123 0.000000 5.905512 7.346557 0.000000 5.905511 0.527459 0.000000 4.955980 7.739866 0.000000 4.955980 0.134150 0.000000 3.937008 7.874016 0.000000 3.937008 0.000000 0.000000 2.918035 7.739866 0.000000 2.918035 0.134150 0.000000 1.968504 7.346557 0.000000 1.968504 0.527459 0.000000 1.153123 6.720892 0.000000 1.153123 1.153123 0.000000 0.527459 5.905512 0.000000 0.527459 1.968504 0.000000 0.134150 4.955980 0.000000 0.134150 2.918035 0.000000 0.000000 3.937008 0.000000 "
											            />
										</IndexedFaceSet>
									</Shape>
								</Group>
							</Transform>
						</Transform>
						<Transform DEF="group_131_TRANSFORM"
						           translation="85.039368 270.428955 0.000000"
						           scale="-1.000000 -1.000000 -1.000000"
						           rotation="-1.000000 0.000000 0.000000 3.141593"
						           >
							<Transform DEF="group_131_ifs_TRANSFORM"
							           translation="0.000000 -0.000031 0.000000"
							           scale="1.000000 1.000000 1.000000"
							           rotation="0.000000 0.000000 0.000000 0.000000"
							           >
								<Group DEF="group_ME_ID712">
									<Shape>
										<Appearance>
											<Material USE="MA_material_008" />
										</Appearance>
										<IndexedFaceSet solid="false"
										                coordIndex="0 1 2 -1 2 1 3 -1 1 4 3 -1 3 4 5 -1 4 6 5 -1 5 6 7 -1 6 8 7 -1 7 8 9 -1 8 10 9 -1 9 10 11 -1 10 12 11 -1 11 12 13 -1 12 14 13 -1 13 14 15 -1 14 16 15 -1 15 16 17 -1 16 18 17 -1 17 18 19 -1 18 20 19 -1 19 20 21 -1 20 22 21 -1 23 21 22 -1 "
										                >
											<Coordinate DEF="coords_ME_ID712"
											            point="7.874016 3.937008 0.000000 7.739866 2.918035 0.000000 7.739866 4.955980 0.000000 7.346557 5.905512 0.000000 7.346557 1.968504 0.000000 6.720892 6.720892 0.000000 6.720892 1.153123 0.000000 5.905512 7.346557 0.000000 5.905511 0.527459 0.000000 4.955980 7.739866 0.000000 4.955980 0.134150 0.000000 3.937008 7.874016 0.000000 3.937008 0.000000 0.000000 2.918035 7.739866 0.000000 2.918035 0.134150 0.000000 1.968504 7.346557 0.000000 1.968504 0.527459 0.000000 1.153123 6.720892 0.000000 1.153123 1.153123 0.000000 0.527459 5.905512 0.000000 0.527459 1.968504 0.000000 0.134150 4.955980 0.000000 0.134150 2.918035 0.000000 0.000000 3.937008 0.000000 "
											            />
										</IndexedFaceSet>
									</Shape>
								</Group>
							</Transform>
						</Transform>
						<Transform DEF="group_132_TRANSFORM"
						           translation="85.039368 467.145233 0.000000"
						           scale="-1.000000 -1.000000 -1.000000"
						           rotation="-1.000000 0.000000 0.000000 3.141593"
						           >
							<Transform DEF="group_132_ifs_TRANSFORM"
							           translation="0.000000 -0.000008 0.000000"
							           scale="1.000000 1.000000 1.000000"
							           rotation="0.000000 0.000000 0.000000 0.000000"
							           >
								<Group DEF="group_ME_ID719_001">
									<Shape>
										<Appearance>
											<Material USE="MA_material_008" />
										</Appearance>
										<IndexedFaceSet solid="false"
										                coordIndex="0 1 2 -1 2 1 3 -1 1 4 3 -1 3 4 5 -1 4 6 5 -1 5 6 7 -1 6 8 7 -1 7 8 9 -1 8 10 9 -1 9 10 11 -1 10 12 11 -1 11 12 13 -1 12 14 13 -1 13 14 15 -1 14 16 15 -1 15 16 17 -1 16 18 17 -1 17 18 19 -1 18 20 19 -1 19 20 21 -1 20 22 21 -1 23 21 22 -1 "
										                >
											<Coordinate DEF="coords_ME_ID719_001"
											            point="7.874016 3.937008 0.000000 7.739866 2.918035 0.000000 7.739866 4.955980 0.000000 7.346557 5.905512 0.000000 7.346557 1.968504 0.000000 6.720892 6.720892 0.000000 6.720892 1.153123 0.000000 5.905512 7.346557 0.000000 5.905511 0.527459 0.000000 4.955980 7.739866 0.000000 4.955980 0.134150 0.000000 3.937008 7.874016 0.000000 3.937008 0.000000 0.000000 2.918035 7.739866 0.000000 2.918035 0.134150 0.000000 1.968504 7.346557 0.000000 1.968504 0.527459 0.000000 1.153123 6.720892 0.000000 1.153123 1.153123 0.000000 0.527459 5.905512 0.000000 0.527459 1.968504 0.000000 0.134150 4.955980 0.000000 0.134150 2.918035 0.000000 0.000000 3.937008 0.000000 "
											            />
										</IndexedFaceSet>
									</Shape>
								</Group>
							</Transform>
						</Transform>
						<Transform DEF="group_133_TRANSFORM"
						           translation="773.747437 368.719971 0.000000"
						           scale="-1.000000 -1.000000 -1.000000"
						           rotation="-1.000000 0.000000 0.000000 3.141593"
						           >
							<Transform DEF="group_133_ifs_TRANSFORM"
							           translation="-0.000061 -0.000015 0.000000"
							           scale="1.000000 1.000000 1.000000"
							           rotation="0.000000 0.000000 0.000000 0.000000"
							           >
								<Group DEF="group_ME_ID726_001">
									<Shape>
										<Appearance>
											<Material USE="MA_material_008" />
										</Appearance>
										<IndexedFaceSet solid="false"
										                coordIndex="0 1 2 -1 2 1 3 -1 1 4 3 -1 3 4 5 -1 4 6 5 -1 5 6 7 -1 6 8 7 -1 7 8 9 -1 8 10 9 -1 9 10 11 -1 10 12 11 -1 11 12 13 -1 12 14 13 -1 13 14 15 -1 14 16 15 -1 15 16 17 -1 16 18 17 -1 17 18 19 -1 18 20 19 -1 19 20 21 -1 20 22 21 -1 23 21 22 -1 "
										                >
											<Coordinate DEF="coords_ME_ID726_001"
											            point="7.874016 3.937008 0.000000 7.739866 2.918035 0.000000 7.739866 4.955980 0.000000 7.346557 5.905512 0.000000 7.346557 1.968504 0.000000 6.720892 6.720892 0.000000 6.720892 1.153123 0.000000 5.905512 7.346557 0.000000 5.905511 0.527459 0.000000 4.955980 7.739866 0.000000 4.955980 0.134150 0.000000 3.937008 7.874016 0.000000 3.937008 0.000000 0.000000 2.918035 7.739866 0.000000 2.918035 0.134150 0.000000 1.968504 7.346557 0.000000 1.968504 0.527459 0.000000 1.153123 6.720892 0.000000 1.153123 1.153123 0.000000 0.527459 5.905512 0.000000 0.527459 1.968504 0.000000 0.134150 4.955980 0.000000 0.134150 2.918035 0.000000 0.000000 3.937008 0.000000 "
											            />
										</IndexedFaceSet>
									</Shape>
								</Group>
							</Transform>
						</Transform>
						<Transform DEF="group_134_TRANSFORM"
						           translation="773.747437 73.846863 0.000000"
						           scale="-1.000000 -1.000000 -1.000000"
						           rotation="-1.000000 0.000000 0.000000 3.141593"
						           >
							<Transform DEF="group_134_ifs_TRANSFORM"
							           translation="-0.000061 -0.000061 0.000000"
							           scale="1.000000 1.000000 1.000000"
							           rotation="0.000000 0.000000 0.000000 0.000000"
							           >
								<Group DEF="group_ME_ID733_003">
									<Shape>
										<Appearance>
											<Material USE="MA_material_008" />
										</Appearance>
										<IndexedFaceSet solid="false"
										                coordIndex="0 1 2 -1 2 1 3 -1 1 4 3 -1 3 4 5 -1 4 6 5 -1 5 6 7 -1 6 8 7 -1 7 8 9 -1 8 10 9 -1 9 10 11 -1 10 12 11 -1 11 12 13 -1 12 14 13 -1 13 14 15 -1 14 16 15 -1 15 16 17 -1 16 18 17 -1 17 18 19 -1 18 20 19 -1 19 20 21 -1 20 22 21 -1 23 21 22 -1 "
										                >
											<Coordinate DEF="coords_ME_ID733_003"
											            point="7.874016 3.937008 0.000000 7.739866 2.918035 0.000000 7.739866 4.955980 0.000000 7.346557 5.905512 0.000000 7.346557 1.968504 0.000000 6.720892 6.720892 0.000000 6.720892 1.153123 0.000000 5.905512 7.346557 0.000000 5.905511 0.527459 0.000000 4.955980 7.739866 0.000000 4.955980 0.134150 0.000000 3.937008 7.874016 0.000000 3.937008 0.000000 0.000000 2.918035 7.739866 0.000000 2.918035 0.134150 0.000000 1.968504 7.346557 0.000000 1.968504 0.527459 0.000000 1.153123 6.720892 0.000000 1.153123 1.153123 0.000000 0.527459 5.905512 0.000000 0.527459 1.968504 0.000000 0.134150 4.955980 0.000000 0.134150 2.918035 0.000000 0.000000 3.937008 0.000000 "
											            />
										</IndexedFaceSet>
									</Shape>
								</Group>
							</Transform>
						</Transform>
						<Transform DEF="group_135_TRANSFORM"
						           translation="773.747437 467.145233 0.000000"
						           scale="-1.000000 -1.000000 -1.000000"
						           rotation="-1.000000 0.000000 0.000000 3.141593"
						           >
							<Transform DEF="group_135_ifs_TRANSFORM"
							           translation="-0.000061 -0.000008 0.000000"
							           scale="1.000000 1.000000 1.000000"
							           rotation="0.000000 0.000000 0.000000 0.000000"
							           >
								<Group DEF="group_ME_ID740_001">
									<Shape>
										<Appearance>
											<Material USE="MA_material_008" />
										</Appearance>
										<IndexedFaceSet solid="false"
										                coordIndex="0 1 2 -1 2 1 3 -1 1 4 3 -1 3 4 5 -1 4 6 5 -1 5 6 7 -1 6 8 7 -1 7 8 9 -1 8 10 9 -1 9 10 11 -1 10 12 11 -1 11 12 13 -1 12 14 13 -1 13 14 15 -1 14 16 15 -1 15 16 17 -1 16 18 17 -1 17 18 19 -1 18 20 19 -1 19 20 21 -1 20 22 21 -1 23 21 22 -1 "
										                >
											<Coordinate DEF="coords_ME_ID740_001"
											            point="7.874016 3.937008 0.000000 7.739866 2.918035 0.000000 7.739866 4.955980 0.000000 7.346557 5.905512 0.000000 7.346557 1.968504 0.000000 6.720892 6.720892 0.000000 6.720892 1.153123 0.000000 5.905512 7.346557 0.000000 5.905511 0.527459 0.000000 4.955980 7.739866 0.000000 4.955980 0.134150 0.000000 3.937008 7.874016 0.000000 3.937008 0.000000 0.000000 2.918035 7.739866 0.000000 2.918035 0.134150 0.000000 1.968504 7.346557 0.000000 1.968504 0.527459 0.000000 1.153123 6.720892 0.000000 1.153123 1.153123 0.000000 0.527459 5.905512 0.000000 0.527459 1.968504 0.000000 0.134150 4.955980 0.000000 0.134150 2.918035 0.000000 0.000000 3.937008 0.000000 "
											            />
										</IndexedFaceSet>
									</Shape>
								</Group>
							</Transform>
						</Transform>
						<Transform DEF="group_136_TRANSFORM"
						           translation="773.747437 270.428955 0.000000"
						           scale="-1.000000 -1.000000 -1.000000"
						           rotation="-1.000000 0.000000 0.000000 3.141593"
						           >
							<Transform DEF="group_136_ifs_TRANSFORM"
							           translation="-0.000061 -0.000031 0.000000"
							           scale="1.000000 1.000000 1.000000"
							           rotation="0.000000 0.000000 0.000000 0.000000"
							           >
								<Group DEF="group_ME_ID747">
									<Shape>
										<Appearance>
											<Material USE="MA_material_008" />
										</Appearance>
										<IndexedFaceSet solid="false"
										                coordIndex="0 1 2 -1 2 1 3 -1 1 4 3 -1 3 4 5 -1 4 6 5 -1 5 6 7 -1 6 8 7 -1 7 8 9 -1 8 10 9 -1 9 10 11 -1 10 12 11 -1 11 12 13 -1 12 14 13 -1 13 14 15 -1 14 16 15 -1 15 16 17 -1 16 18 17 -1 17 18 19 -1 18 20 19 -1 19 20 21 -1 20 22 21 -1 23 21 22 -1 "
										                >
											<Coordinate DEF="coords_ME_ID747"
											            point="7.874016 3.937008 0.000000 7.739866 2.918035 0.000000 7.739866 4.955980 0.000000 7.346557 5.905512 0.000000 7.346557 1.968504 0.000000 6.720892 6.720892 0.000000 6.720892 1.153123 0.000000 5.905512 7.346557 0.000000 5.905511 0.527459 0.000000 4.955980 7.739866 0.000000 4.955980 0.134150 0.000000 3.937008 7.874016 0.000000 3.937008 0.000000 0.000000 2.918035 7.739866 0.000000 2.918035 0.134150 0.000000 1.968504 7.346557 0.000000 1.968504 0.527459 0.000000 1.153123 6.720892 0.000000 1.153123 1.153123 0.000000 0.527459 5.905512 0.000000 0.527459 1.968504 0.000000 0.134150 4.955980 0.000000 0.134150 2.918035 0.000000 0.000000 3.937008 0.000000 "
											            />
										</IndexedFaceSet>
									</Shape>
								</Group>
							</Transform>
						</Transform>
						<Transform DEF="group_137_TRANSFORM"
						           translation="773.747437 172.137909 0.000000"
						           scale="-1.000000 -1.000000 -1.000000"
						           rotation="-1.000000 0.000000 0.000000 3.141593"
						           >
							<Transform DEF="group_137_ifs_TRANSFORM"
							           translation="-0.000061 -0.000031 -0.000000"
							           scale="1.000000 1.000000 1.000000"
							           rotation="0.000000 0.000000 0.000000 0.000000"
							           >
								<Group DEF="group_ME_ID754">
									<Shape>
										<Appearance>
											<Material USE="MA_material_008" />
										</Appearance>
										<IndexedFaceSet solid="false"
										                coordIndex="0 1 2 -1 2 1 3 -1 1 4 3 -1 3 4 5 -1 4 6 5 -1 5 6 7 -1 6 8 7 -1 7 8 9 -1 8 10 9 -1 9 10 11 -1 10 12 11 -1 11 12 13 -1 12 14 13 -1 13 14 15 -1 14 16 15 -1 15 16 17 -1 16 18 17 -1 17 18 19 -1 18 20 19 -1 19 20 21 -1 20 22 21 -1 23 21 22 -1 "
										                >
											<Coordinate DEF="coords_ME_ID754"
											            point="7.874016 3.937008 0.000000 7.739866 2.918035 0.000000 7.739866 4.955980 0.000000 7.346557 5.905512 0.000000 7.346557 1.968504 0.000000 6.720892 6.720892 0.000000 6.720892 1.153123 0.000000 5.905512 7.346557 0.000000 5.905511 0.527459 0.000000 4.955980 7.739866 0.000000 4.955980 0.134150 0.000000 3.937008 7.874016 0.000000 3.937008 0.000000 0.000000 2.918035 7.739866 0.000000 2.918035 0.134150 0.000000 1.968504 7.346557 0.000000 1.968504 0.527459 0.000000 1.153123 6.720892 0.000000 1.153123 1.153123 0.000000 0.527459 5.905512 0.000000 0.527459 1.968504 0.000000 0.134150 4.955980 0.000000 0.134150 2.918035 0.000000 0.000000 3.937008 0.000000 "
											            />
										</IndexedFaceSet>
									</Shape>
								</Group>
							</Transform>
						</Transform>
						<Transform DEF="group_138_TRANSFORM"
						           translation="675.456421 73.846863 0.000000"
						           scale="-1.000000 -1.000000 -1.000000"
						           rotation="-1.000000 0.000000 0.000000 3.141593"
						           >
							<Transform DEF="group_138_ifs_TRANSFORM"
							           translation="0.000000 -0.000061 0.000000"
							           scale="1.000000 1.000000 1.000000"
							           rotation="0.000000 0.000000 0.000000 0.000000"
							           >
								<Group DEF="group_ME_ID761_001">
									<Shape>
										<Appearance>
											<Material USE="MA_material_008" />
										</Appearance>
										<IndexedFaceSet solid="false"
										                coordIndex="0 1 2 -1 2 1 3 -1 1 4 3 -1 3 4 5 -1 4 6 5 -1 5 6 7 -1 6 8 7 -1 7 8 9 -1 8 10 9 -1 9 10 11 -1 10 12 11 -1 11 12 13 -1 12 14 13 -1 13 14 15 -1 14 16 15 -1 15 16 17 -1 16 18 17 -1 17 18 19 -1 18 20 19 -1 19 20 21 -1 20 22 21 -1 23 21 22 -1 "
										                >
											<Coordinate DEF="coords_ME_ID761_001"
											            point="7.874016 3.937008 0.000000 7.739866 2.918035 0.000000 7.739866 4.955980 0.000000 7.346557 5.905512 0.000000 7.346557 1.968504 0.000000 6.720892 6.720892 0.000000 6.720892 1.153123 0.000000 5.905512 7.346557 0.000000 5.905511 0.527459 0.000000 4.955980 7.739866 0.000000 4.955980 0.134150 0.000000 3.937008 7.874016 0.000000 3.937008 0.000000 0.000000 2.918035 7.739866 0.000000 2.918035 0.134150 0.000000 1.968504 7.346557 0.000000 1.968504 0.527459 0.000000 1.153123 6.720892 0.000000 1.153123 1.153123 0.000000 0.527459 5.905512 0.000000 0.527459 1.968504 0.000000 0.134150 4.955980 0.000000 0.134150 2.918035 0.000000 0.000000 3.937008 0.000000 "
											            />
										</IndexedFaceSet>
									</Shape>
								</Group>
							</Transform>
						</Transform>
						<Transform DEF="group_139_TRANSFORM"
						           translation="577.031250 73.846863 0.000000"
						           scale="-1.000000 -1.000000 -1.000000"
						           rotation="-1.000000 0.000000 0.000000 3.141593"
						           >
							<Transform DEF="group_139_ifs_TRANSFORM"
							           translation="-0.000061 -0.000061 0.000000"
							           scale="1.000000 1.000000 1.000000"
							           rotation="0.000000 0.000000 0.000000 0.000000"
							           >
								<Group DEF="group_ME_ID768">
									<Shape>
										<Appearance>
											<Material USE="MA_material_008" />
										</Appearance>
										<IndexedFaceSet solid="false"
										                coordIndex="0 1 2 -1 2 1 3 -1 1 4 3 -1 3 4 5 -1 4 6 5 -1 5 6 7 -1 6 8 7 -1 7 8 9 -1 8 10 9 -1 9 10 11 -1 10 12 11 -1 11 12 13 -1 12 14 13 -1 13 14 15 -1 14 16 15 -1 15 16 17 -1 16 18 17 -1 17 18 19 -1 18 20 19 -1 19 20 21 -1 20 22 21 -1 23 21 22 -1 "
										                >
											<Coordinate DEF="coords_ME_ID768"
											            point="7.874016 3.937008 0.000000 7.739866 2.918035 0.000000 7.739866 4.955980 0.000000 7.346557 5.905512 0.000000 7.346557 1.968504 0.000000 6.720892 6.720892 0.000000 6.720892 1.153123 0.000000 5.905512 7.346557 0.000000 5.905511 0.527459 0.000000 4.955980 7.739866 0.000000 4.955980 0.134150 0.000000 3.937008 7.874016 0.000000 3.937008 0.000000 0.000000 2.918035 7.739866 0.000000 2.918035 0.134150 0.000000 1.968504 7.346557 0.000000 1.968504 0.527459 0.000000 1.153123 6.720892 0.000000 1.153123 1.153123 0.000000 0.527459 5.905512 0.000000 0.527459 1.968504 0.000000 0.134150 4.955980 0.000000 0.134150 2.918035 0.000000 0.000000 3.937008 0.000000 "
											            />
										</IndexedFaceSet>
									</Shape>
								</Group>
							</Transform>
						</Transform>
						<Transform DEF="group_140_TRANSFORM"
						           translation="478.740173 73.846863 0.000000"
						           scale="-1.000000 -1.000000 -1.000000"
						           rotation="-1.000000 0.000000 0.000000 3.141593"
						           >
							<Transform DEF="group_140_ifs_TRANSFORM"
							           translation="-0.000031 -0.000061 0.000000"
							           scale="1.000000 1.000000 1.000000"
							           rotation="0.000000 0.000000 0.000000 0.000000"
							           >
								<Group DEF="group_ME_ID775">
									<Shape>
										<Appearance>
											<Material USE="MA_material_008" />
										</Appearance>
										<IndexedFaceSet solid="false"
										                coordIndex="0 1 2 -1 2 1 3 -1 1 4 3 -1 3 4 5 -1 4 6 5 -1 5 6 7 -1 6 8 7 -1 7 8 9 -1 8 10 9 -1 9 10 11 -1 10 12 11 -1 11 12 13 -1 12 14 13 -1 13 14 15 -1 14 16 15 -1 15 16 17 -1 16 18 17 -1 17 18 19 -1 18 20 19 -1 19 20 21 -1 20 22 21 -1 23 21 22 -1 "
										                >
											<Coordinate DEF="coords_ME_ID775"
											            point="7.874016 3.937008 0.000000 7.739866 2.918035 0.000000 7.739866 4.955980 0.000000 7.346557 5.905512 0.000000 7.346557 1.968504 0.000000 6.720892 6.720892 0.000000 6.720892 1.153123 0.000000 5.905512 7.346557 0.000000 5.905511 0.527459 0.000000 4.955980 7.739866 0.000000 4.955980 0.134150 0.000000 3.937008 7.874016 0.000000 3.937008 0.000000 0.000000 2.918035 7.739866 0.000000 2.918035 0.134150 0.000000 1.968504 7.346557 0.000000 1.968504 0.527459 0.000000 1.153123 6.720892 0.000000 1.153123 1.153123 0.000000 0.527459 5.905512 0.000000 0.527459 1.968504 0.000000 0.134150 4.955980 0.000000 0.134150 2.918035 0.000000 0.000000 3.937008 0.000000 "
											            />
										</IndexedFaceSet>
									</Shape>
								</Group>
							</Transform>
						</Transform>
						<Transform DEF="group_141_TRANSFORM"
						           translation="773.747437 73.846863 0.000000"
						           scale="-1.000000 -1.000000 -1.000000"
						           rotation="-1.000000 0.000000 0.000000 3.141593"
						           >
							<Transform DEF="group_141_ifs_TRANSFORM"
							           translation="-0.000061 -0.000061 0.000000"
							           scale="1.000000 1.000000 1.000000"
							           rotation="0.000000 0.000000 0.000000 0.000000"
							           >
								<Group DEF="group_ME_ID782">
									<Shape>
										<Appearance>
											<Material USE="MA_material_008" />
										</Appearance>
										<IndexedFaceSet solid="false"
										                coordIndex="0 1 2 -1 2 1 3 -1 1 4 3 -1 3 4 5 -1 4 6 5 -1 5 6 7 -1 6 8 7 -1 7 8 9 -1 8 10 9 -1 9 10 11 -1 10 12 11 -1 11 12 13 -1 12 14 13 -1 13 14 15 -1 14 16 15 -1 15 16 17 -1 16 18 17 -1 17 18 19 -1 18 20 19 -1 19 20 21 -1 20 22 21 -1 23 21 22 -1 "
										                >
											<Coordinate DEF="coords_ME_ID782"
											            point="7.874016 3.937008 0.000000 7.739866 2.918035 0.000000 7.739866 4.955980 0.000000 7.346557 5.905512 0.000000 7.346557 1.968504 0.000000 6.720892 6.720892 0.000000 6.720892 1.153123 0.000000 5.905512 7.346557 0.000000 5.905511 0.527459 0.000000 4.955980 7.739866 0.000000 4.955980 0.134150 0.000000 3.937008 7.874016 0.000000 3.937008 0.000000 0.000000 2.918035 7.739866 0.000000 2.918035 0.134150 0.000000 1.968504 7.346557 0.000000 1.968504 0.527459 0.000000 1.153123 6.720892 0.000000 1.153123 1.153123 0.000000 0.527459 5.905512 0.000000 0.527459 1.968504 0.000000 0.134150 4.955980 0.000000 0.134150 2.918035 0.000000 0.000000 3.937008 0.000000 "
											            />
										</IndexedFaceSet>
									</Shape>
								</Group>
							</Transform>
						</Transform>
						<Transform DEF="group_142_TRANSFORM"
						           translation="380.314941 73.846863 0.000000"
						           scale="-1.000000 -1.000000 -1.000000"
						           rotation="-1.000000 0.000000 0.000000 3.141593"
						           >
							<Transform DEF="group_142_ifs_TRANSFORM"
							           translation="-0.000031 -0.000061 0.000000"
							           scale="1.000000 1.000000 1.000000"
							           rotation="0.000000 0.000000 0.000000 0.000000"
							           >
								<Group DEF="group_ME_ID789">
									<Shape>
										<Appearance>
											<Material USE="MA_material_008" />
										</Appearance>
										<IndexedFaceSet solid="false"
										                coordIndex="0 1 2 -1 2 1 3 -1 1 4 3 -1 3 4 5 -1 4 6 5 -1 5 6 7 -1 6 8 7 -1 7 8 9 -1 8 10 9 -1 9 10 11 -1 10 12 11 -1 11 12 13 -1 12 14 13 -1 13 14 15 -1 14 16 15 -1 15 16 17 -1 16 18 17 -1 17 18 19 -1 18 20 19 -1 19 20 21 -1 20 22 21 -1 23 21 22 -1 "
										                >
											<Coordinate DEF="coords_ME_ID789"
											            point="7.874016 3.937008 0.000000 7.739866 2.918035 0.000000 7.739866 4.955980 0.000000 7.346557 5.905512 0.000000 7.346557 1.968504 0.000000 6.720892 6.720892 0.000000 6.720892 1.153123 0.000000 5.905512 7.346557 0.000000 5.905511 0.527459 0.000000 4.955980 7.739866 0.000000 4.955980 0.134150 0.000000 3.937008 7.874016 0.000000 3.937008 0.000000 0.000000 2.918035 7.739866 0.000000 2.918035 0.134150 0.000000 1.968504 7.346557 0.000000 1.968504 0.527459 0.000000 1.153123 6.720892 0.000000 1.153123 1.153123 0.000000 0.527459 5.905512 0.000000 0.527459 1.968504 0.000000 0.134150 4.955980 0.000000 0.134150 2.918035 0.000000 0.000000 3.937008 0.000000 "
											            />
										</IndexedFaceSet>
									</Shape>
								</Group>
							</Transform>
						</Transform>
						<Transform DEF="group_143_TRANSFORM"
						           translation="281.889771 73.846863 0.000000"
						           scale="-1.000000 -1.000000 -1.000000"
						           rotation="-1.000000 0.000000 0.000000 3.141593"
						           >
							<Transform DEF="group_143_ifs_TRANSFORM"
							           translation="-0.000015 -0.000061 0.000000"
							           scale="1.000000 1.000000 1.000000"
							           rotation="0.000000 0.000000 0.000000 0.000000"
							           >
								<Group DEF="group_ME_ID796_002">
									<Shape>
										<Appearance>
											<Material USE="MA_material_008" />
										</Appearance>
										<IndexedFaceSet solid="false"
										                coordIndex="0 1 2 -1 2 1 3 -1 1 4 3 -1 3 4 5 -1 4 6 5 -1 5 6 7 -1 6 8 7 -1 7 8 9 -1 8 10 9 -1 9 10 11 -1 10 12 11 -1 11 12 13 -1 12 14 13 -1 13 14 15 -1 14 16 15 -1 15 16 17 -1 16 18 17 -1 17 18 19 -1 18 20 19 -1 19 20 21 -1 20 22 21 -1 23 21 22 -1 "
										                >
											<Coordinate DEF="coords_ME_ID796_002"
											            point="7.874016 3.937008 0.000000 7.739866 2.918035 0.000000 7.739866 4.955980 0.000000 7.346557 5.905512 0.000000 7.346557 1.968504 0.000000 6.720892 6.720892 0.000000 6.720892 1.153123 0.000000 5.905512 7.346557 0.000000 5.905511 0.527459 0.000000 4.955980 7.739866 0.000000 4.955980 0.134150 0.000000 3.937008 7.874016 0.000000 3.937008 0.000000 0.000000 2.918035 7.739866 0.000000 2.918035 0.134150 0.000000 1.968504 7.346557 0.000000 1.968504 0.527459 0.000000 1.153123 6.720892 0.000000 1.153123 1.153123 0.000000 0.527459 5.905512 0.000000 0.527459 1.968504 0.000000 0.134150 4.955980 0.000000 0.134150 2.918035 0.000000 0.000000 3.937008 0.000000 "
											            />
										</IndexedFaceSet>
									</Shape>
								</Group>
							</Transform>
						</Transform>
						<Transform DEF="group_144_TRANSFORM"
						           translation="85.039368 73.846863 0.000000"
						           scale="-1.000000 -1.000000 -1.000000"
						           rotation="-1.000000 0.000000 0.000000 3.141593"
						           >
							<Transform DEF="group_144_ifs_TRANSFORM"
							           translation="0.000000 -0.000061 0.000000"
							           scale="1.000000 1.000000 1.000000"
							           rotation="0.000000 0.000000 0.000000 0.000000"
							           >
								<Group DEF="group_ME_ID803">
									<Shape>
										<Appearance>
											<Material USE="MA_material_008" />
										</Appearance>
										<IndexedFaceSet solid="false"
										                coordIndex="0 1 2 -1 2 1 3 -1 1 4 3 -1 3 4 5 -1 4 6 5 -1 5 6 7 -1 6 8 7 -1 7 8 9 -1 8 10 9 -1 9 10 11 -1 10 12 11 -1 11 12 13 -1 12 14 13 -1 13 14 15 -1 14 16 15 -1 15 16 17 -1 16 18 17 -1 17 18 19 -1 18 20 19 -1 19 20 21 -1 20 22 21 -1 23 21 22 -1 "
										                >
											<Coordinate DEF="coords_ME_ID803"
											            point="7.874016 3.937008 0.000000 7.739866 2.918035 0.000000 7.739866 4.955980 0.000000 7.346557 5.905512 0.000000 7.346557 1.968504 0.000000 6.720892 6.720892 0.000000 6.720892 1.153123 0.000000 5.905512 7.346557 0.000000 5.905511 0.527459 0.000000 4.955980 7.739866 0.000000 4.955980 0.134150 0.000000 3.937008 7.874016 0.000000 3.937008 0.000000 0.000000 2.918035 7.739866 0.000000 2.918035 0.134150 0.000000 1.968504 7.346557 0.000000 1.968504 0.527459 0.000000 1.153123 6.720892 0.000000 1.153123 1.153123 0.000000 0.527459 5.905512 0.000000 0.527459 1.968504 0.000000 0.134150 4.955980 0.000000 0.134150 2.918035 0.000000 0.000000 3.937008 0.000000 "
											            />
										</IndexedFaceSet>
									</Shape>
								</Group>
							</Transform>
						</Transform>
						<Transform DEF="group_145_TRANSFORM"
						           translation="183.464554 73.846863 0.000000"
						           scale="-1.000000 -1.000000 -1.000000"
						           rotation="-1.000000 0.000000 0.000000 3.141593"
						           >
							<Transform DEF="group_145_ifs_TRANSFORM"
							           translation="-0.000008 -0.000061 0.000000"
							           scale="1.000000 1.000000 1.000000"
							           rotation="0.000000 0.000000 0.000000 0.000000"
							           >
								<Group DEF="group_ME_ID810_001">
									<Shape>
										<Appearance>
											<Material USE="MA_material_008" />
										</Appearance>
										<IndexedFaceSet solid="false"
										                coordIndex="0 1 2 -1 2 1 3 -1 1 4 3 -1 3 4 5 -1 4 6 5 -1 5 6 7 -1 6 8 7 -1 7 8 9 -1 8 10 9 -1 9 10 11 -1 10 12 11 -1 11 12 13 -1 12 14 13 -1 13 14 15 -1 14 16 15 -1 15 16 17 -1 16 18 17 -1 17 18 19 -1 18 20 19 -1 19 20 21 -1 20 22 21 -1 23 21 22 -1 "
										                >
											<Coordinate DEF="coords_ME_ID810_001"
											            point="7.874016 3.937008 0.000000 7.739866 2.918035 0.000000 7.739866 4.955980 0.000000 7.346557 5.905512 0.000000 7.346557 1.968504 0.000000 6.720892 6.720892 0.000000 6.720892 1.153123 0.000000 5.905512 7.346557 0.000000 5.905511 0.527459 0.000000 4.955980 7.739866 0.000000 4.955980 0.134150 0.000000 3.937008 7.874016 0.000000 3.937008 0.000000 0.000000 2.918035 7.739866 0.000000 2.918035 0.134150 0.000000 1.968504 7.346557 0.000000 1.968504 0.527459 0.000000 1.153123 6.720892 0.000000 1.153123 1.153123 0.000000 0.527459 5.905512 0.000000 0.527459 1.968504 0.000000 0.134150 4.955980 0.000000 0.134150 2.918035 0.000000 0.000000 3.937008 0.000000 "
											            />
										</IndexedFaceSet>
									</Shape>
								</Group>
							</Transform>
						</Transform>
						<Transform DEF="group_146_TRANSFORM"
						           translation="577.031250 467.145233 0.000000"
						           scale="-1.000000 -1.000000 -1.000000"
						           rotation="-1.000000 0.000000 0.000000 3.141593"
						           >
							<Transform DEF="group_146_ifs_TRANSFORM"
							           translation="-0.000061 -0.000008 0.000000"
							           scale="1.000000 1.000000 1.000000"
							           rotation="0.000000 0.000000 0.000000 0.000000"
							           >
								<Group DEF="group_ME_ID817_001">
									<Shape>
										<Appearance>
											<Material USE="MA_material_008" />
										</Appearance>
										<IndexedFaceSet solid="false"
										                coordIndex="0 1 2 -1 2 1 3 -1 1 4 3 -1 3 4 5 -1 4 6 5 -1 5 6 7 -1 6 8 7 -1 7 8 9 -1 8 10 9 -1 9 10 11 -1 10 12 11 -1 11 12 13 -1 12 14 13 -1 13 14 15 -1 14 16 15 -1 15 16 17 -1 16 18 17 -1 17 18 19 -1 18 20 19 -1 19 20 21 -1 20 22 21 -1 23 21 22 -1 "
										                >
											<Coordinate DEF="coords_ME_ID817_001"
											            point="7.874016 3.937008 0.000000 7.739866 2.918035 0.000000 7.739866 4.955980 0.000000 7.346557 5.905512 0.000000 7.346557 1.968504 0.000000 6.720892 6.720892 0.000000 6.720892 1.153123 0.000000 5.905512 7.346557 0.000000 5.905511 0.527459 0.000000 4.955980 7.739866 0.000000 4.955980 0.134150 0.000000 3.937008 7.874016 0.000000 3.937008 0.000000 0.000000 2.918035 7.739866 0.000000 2.918035 0.134150 0.000000 1.968504 7.346557 0.000000 1.968504 0.527459 0.000000 1.153123 6.720892 0.000000 1.153123 1.153123 0.000000 0.527459 5.905512 0.000000 0.527459 1.968504 0.000000 0.134150 4.955980 0.000000 0.134150 2.918035 0.000000 0.000000 3.937008 0.000000 "
											            />
										</IndexedFaceSet>
									</Shape>
								</Group>
							</Transform>
						</Transform>
						<Transform DEF="group_147_TRANSFORM"
						           translation="478.740173 467.145233 0.000000"
						           scale="-1.000000 -1.000000 -1.000000"
						           rotation="-1.000000 0.000000 0.000000 3.141593"
						           >
							<Transform DEF="group_147_ifs_TRANSFORM"
							           translation="-0.000031 -0.000008 0.000000"
							           scale="1.000000 1.000000 1.000000"
							           rotation="0.000000 0.000000 0.000000 0.000000"
							           >
								<Group DEF="group_ME_ID824_001">
									<Shape>
										<Appearance>
											<Material USE="MA_material_008" />
										</Appearance>
										<IndexedFaceSet solid="false"
										                coordIndex="0 1 2 -1 2 1 3 -1 1 4 3 -1 3 4 5 -1 4 6 5 -1 5 6 7 -1 6 8 7 -1 7 8 9 -1 8 10 9 -1 9 10 11 -1 10 12 11 -1 11 12 13 -1 12 14 13 -1 13 14 15 -1 14 16 15 -1 15 16 17 -1 16 18 17 -1 17 18 19 -1 18 20 19 -1 19 20 21 -1 20 22 21 -1 23 21 22 -1 "
										                >
											<Coordinate DEF="coords_ME_ID824_001"
											            point="7.874016 3.937008 0.000000 7.739866 2.918035 0.000000 7.739866 4.955980 0.000000 7.346557 5.905512 0.000000 7.346557 1.968504 0.000000 6.720892 6.720892 0.000000 6.720892 1.153123 0.000000 5.905512 7.346557 0.000000 5.905511 0.527459 0.000000 4.955980 7.739866 0.000000 4.955980 0.134150 0.000000 3.937008 7.874016 0.000000 3.937008 0.000000 0.000000 2.918035 7.739866 0.000000 2.918035 0.134150 0.000000 1.968504 7.346557 0.000000 1.968504 0.527459 0.000000 1.153123 6.720892 0.000000 1.153123 1.153123 0.000000 0.527459 5.905512 0.000000 0.527459 1.968504 0.000000 0.134150 4.955980 0.000000 0.134150 2.918035 0.000000 0.000000 3.937008 0.000000 "
											            />
										</IndexedFaceSet>
									</Shape>
								</Group>
							</Transform>
						</Transform>
						<Transform DEF="group_148_TRANSFORM"
						           translation="380.314941 467.145233 0.000000"
						           scale="-1.000000 -1.000000 -1.000000"
						           rotation="-1.000000 0.000000 0.000000 3.141593"
						           >
							<Transform DEF="group_148_ifs_TRANSFORM"
							           translation="-0.000031 -0.000008 0.000000"
							           scale="1.000000 1.000000 1.000000"
							           rotation="0.000000 0.000000 0.000000 0.000000"
							           >
								<Group DEF="group_ME_ID831_001">
									<Shape>
										<Appearance>
											<Material USE="MA_material_008" />
										</Appearance>
										<IndexedFaceSet solid="false"
										                coordIndex="0 1 2 -1 2 1 3 -1 1 4 3 -1 3 4 5 -1 4 6 5 -1 5 6 7 -1 6 8 7 -1 7 8 9 -1 8 10 9 -1 9 10 11 -1 10 12 11 -1 11 12 13 -1 12 14 13 -1 13 14 15 -1 14 16 15 -1 15 16 17 -1 16 18 17 -1 17 18 19 -1 18 20 19 -1 19 20 21 -1 20 22 21 -1 23 21 22 -1 "
										                >
											<Coordinate DEF="coords_ME_ID831_001"
											            point="7.874016 3.937008 0.000000 7.739866 2.918035 0.000000 7.739866 4.955980 0.000000 7.346557 5.905512 0.000000 7.346557 1.968504 0.000000 6.720892 6.720892 0.000000 6.720892 1.153123 0.000000 5.905512 7.346557 0.000000 5.905511 0.527459 0.000000 4.955980 7.739866 0.000000 4.955980 0.134150 0.000000 3.937008 7.874016 0.000000 3.937008 0.000000 0.000000 2.918035 7.739866 0.000000 2.918035 0.134150 0.000000 1.968504 7.346557 0.000000 1.968504 0.527459 0.000000 1.153123 6.720892 0.000000 1.153123 1.153123 0.000000 0.527459 5.905512 0.000000 0.527459 1.968504 0.000000 0.134150 4.955980 0.000000 0.134150 2.918035 0.000000 0.000000 3.937008 0.000000 "
											            />
										</IndexedFaceSet>
									</Shape>
								</Group>
							</Transform>
						</Transform>
						<Transform DEF="group_149_TRANSFORM"
						           translation="281.889771 467.145233 0.000000"
						           scale="-1.000000 -1.000000 -1.000000"
						           rotation="-1.000000 0.000000 0.000000 3.141593"
						           >
							<Transform DEF="group_149_ifs_TRANSFORM"
							           translation="-0.000015 -0.000008 0.000000"
							           scale="1.000000 1.000000 1.000000"
							           rotation="0.000000 0.000000 0.000000 0.000000"
							           >
								<Group DEF="group_ME_ID838">
									<Shape>
										<Appearance>
											<Material USE="MA_material_008" />
										</Appearance>
										<IndexedFaceSet solid="false"
										                coordIndex="0 1 2 -1 2 1 3 -1 1 4 3 -1 3 4 5 -1 4 6 5 -1 5 6 7 -1 6 8 7 -1 7 8 9 -1 8 10 9 -1 9 10 11 -1 10 12 11 -1 11 12 13 -1 12 14 13 -1 13 14 15 -1 14 16 15 -1 15 16 17 -1 16 18 17 -1 17 18 19 -1 18 20 19 -1 19 20 21 -1 20 22 21 -1 23 21 22 -1 "
										                >
											<Coordinate DEF="coords_ME_ID838"
											            point="7.874016 3.937008 0.000000 7.739866 2.918035 0.000000 7.739866 4.955980 0.000000 7.346557 5.905512 0.000000 7.346557 1.968504 0.000000 6.720892 6.720892 0.000000 6.720892 1.153123 0.000000 5.905512 7.346557 0.000000 5.905511 0.527459 0.000000 4.955980 7.739866 0.000000 4.955980 0.134150 0.000000 3.937008 7.874016 0.000000 3.937008 0.000000 0.000000 2.918035 7.739866 0.000000 2.918035 0.134150 0.000000 1.968504 7.346557 0.000000 1.968504 0.527459 0.000000 1.153123 6.720892 0.000000 1.153123 1.153123 0.000000 0.527459 5.905512 0.000000 0.527459 1.968504 0.000000 0.134150 4.955980 0.000000 0.134150 2.918035 0.000000 0.000000 3.937008 0.000000 "
											            />
										</IndexedFaceSet>
									</Shape>
								</Group>
							</Transform>
						</Transform>
						<Transform DEF="group_150_TRANSFORM"
						           translation="183.464554 467.145233 0.000000"
						           scale="-1.000000 -1.000000 -1.000000"
						           rotation="-1.000000 0.000000 0.000000 3.141593"
						           >
							<Transform DEF="group_150_ifs_TRANSFORM"
							           translation="-0.000008 -0.000008 0.000000"
							           scale="1.000000 1.000000 1.000000"
							           rotation="0.000000 0.000000 0.000000 0.000000"
							           >
								<Group DEF="group_ME_ID845">
									<Shape>
										<Appearance>
											<Material USE="MA_material_008" />
										</Appearance>
										<IndexedFaceSet solid="false"
										                coordIndex="0 1 2 -1 2 1 3 -1 1 4 3 -1 3 4 5 -1 4 6 5 -1 5 6 7 -1 6 8 7 -1 7 8 9 -1 8 10 9 -1 9 10 11 -1 10 12 11 -1 11 12 13 -1 12 14 13 -1 13 14 15 -1 14 16 15 -1 15 16 17 -1 16 18 17 -1 17 18 19 -1 18 20 19 -1 19 20 21 -1 20 22 21 -1 23 21 22 -1 "
										                >
											<Coordinate DEF="coords_ME_ID845"
											            point="7.874016 3.937008 0.000000 7.739866 2.918035 0.000000 7.739866 4.955980 0.000000 7.346557 5.905512 0.000000 7.346557 1.968504 0.000000 6.720892 6.720892 0.000000 6.720892 1.153123 0.000000 5.905512 7.346557 0.000000 5.905511 0.527459 0.000000 4.955980 7.739866 0.000000 4.955980 0.134150 0.000000 3.937008 7.874016 0.000000 3.937008 0.000000 0.000000 2.918035 7.739866 0.000000 2.918035 0.134150 0.000000 1.968504 7.346557 0.000000 1.968504 0.527459 0.000000 1.153123 6.720892 0.000000 1.153123 1.153123 0.000000 0.527459 5.905512 0.000000 0.527459 1.968504 0.000000 0.134150 4.955980 0.000000 0.134150 2.918035 0.000000 0.000000 3.937008 0.000000 "
											            />
										</IndexedFaceSet>
									</Shape>
								</Group>
							</Transform>
						</Transform>
						<Transform DEF="group_151_TRANSFORM"
						           translation="675.456421 467.145233 0.000000"
						           scale="-1.000000 -1.000000 -1.000000"
						           rotation="-1.000000 0.000000 0.000000 3.141593"
						           >
							<Transform DEF="group_151_ifs_TRANSFORM"
							           translation="0.000000 -0.000008 0.000000"
							           scale="1.000000 1.000000 1.000000"
							           rotation="0.000000 0.000000 0.000000 0.000000"
							           >
								<Group DEF="group_ME_ID852">
									<Shape>
										<Appearance>
											<Material USE="MA_material_008" />
										</Appearance>
										<IndexedFaceSet solid="false"
										                coordIndex="0 1 2 -1 2 1 3 -1 1 4 3 -1 3 4 5 -1 4 6 5 -1 5 6 7 -1 6 8 7 -1 7 8 9 -1 8 10 9 -1 9 10 11 -1 10 12 11 -1 11 12 13 -1 12 14 13 -1 13 14 15 -1 14 16 15 -1 15 16 17 -1 16 18 17 -1 17 18 19 -1 18 20 19 -1 19 20 21 -1 20 22 21 -1 23 21 22 -1 "
										                >
											<Coordinate DEF="coords_ME_ID852"
											            point="7.874016 3.937008 0.000000 7.739866 2.918035 0.000000 7.739866 4.955980 0.000000 7.346557 5.905512 0.000000 7.346557 1.968504 0.000000 6.720892 6.720892 0.000000 6.720892 1.153123 0.000000 5.905512 7.346557 0.000000 5.905511 0.527459 0.000000 4.955980 7.739866 0.000000 4.955980 0.134150 0.000000 3.937008 7.874016 0.000000 3.937008 0.000000 0.000000 2.918035 7.739866 0.000000 2.918035 0.134150 0.000000 1.968504 7.346557 0.000000 1.968504 0.527459 0.000000 1.153123 6.720892 0.000000 1.153123 1.153123 0.000000 0.527459 5.905512 0.000000 0.527459 1.968504 0.000000 0.134150 4.955980 0.000000 0.134150 2.918035 0.000000 0.000000 3.937008 0.000000 "
											            />
										</IndexedFaceSet>
									</Shape>
								</Group>
							</Transform>
						</Transform>
						<Transform DEF="group_152_TRANSFORM"
						           translation="478.740173 368.719971 0.000000"
						           scale="-1.000000 -1.000000 -1.000000"
						           rotation="-1.000000 0.000000 0.000000 3.141593"
						           >
							<Transform DEF="group_152_ifs_TRANSFORM"
							           translation="-0.000031 -0.000015 0.000000"
							           scale="1.000000 1.000000 1.000000"
							           rotation="0.000000 0.000000 0.000000 0.000000"
							           >
								<Group DEF="group_ME_ID859">
									<Shape>
										<Appearance>
											<Material USE="MA_material_008" />
										</Appearance>
										<IndexedFaceSet solid="false"
										                coordIndex="0 1 2 -1 2 1 3 -1 1 4 3 -1 3 4 5 -1 4 6 5 -1 5 6 7 -1 6 8 7 -1 7 8 9 -1 8 10 9 -1 9 10 11 -1 10 12 11 -1 11 12 13 -1 12 14 13 -1 13 14 15 -1 14 16 15 -1 15 16 17 -1 16 18 17 -1 17 18 19 -1 18 20 19 -1 19 20 21 -1 20 22 21 -1 23 21 22 -1 "
										                >
											<Coordinate DEF="coords_ME_ID859"
											            point="7.874016 3.937008 0.000000 7.739866 2.918035 0.000000 7.739866 4.955980 0.000000 7.346557 5.905512 0.000000 7.346557 1.968504 0.000000 6.720892 6.720892 0.000000 6.720892 1.153123 0.000000 5.905512 7.346557 0.000000 5.905511 0.527459 0.000000 4.955980 7.739866 0.000000 4.955980 0.134150 0.000000 3.937008 7.874016 0.000000 3.937008 0.000000 0.000000 2.918035 7.739866 0.000000 2.918035 0.134150 0.000000 1.968504 7.346557 0.000000 1.968504 0.527459 0.000000 1.153123 6.720892 0.000000 1.153123 1.153123 0.000000 0.527459 5.905512 0.000000 0.527459 1.968504 0.000000 0.134150 4.955980 0.000000 0.134150 2.918035 0.000000 0.000000 3.937008 0.000000 "
											            />
										</IndexedFaceSet>
									</Shape>
								</Group>
							</Transform>
						</Transform>
						<Transform DEF="group_153_TRANSFORM"
						           translation="380.314941 368.719971 0.000000"
						           scale="-1.000000 -1.000000 -1.000000"
						           rotation="-1.000000 0.000000 0.000000 3.141593"
						           >
							<Transform DEF="group_153_ifs_TRANSFORM"
							           translation="-0.000031 -0.000015 0.000000"
							           scale="1.000000 1.000000 1.000000"
							           rotation="0.000000 0.000000 0.000000 0.000000"
							           >
								<Group DEF="group_ME_ID866_002">
									<Shape>
										<Appearance>
											<Material USE="MA_material_008" />
										</Appearance>
										<IndexedFaceSet solid="false"
										                coordIndex="0 1 2 -1 2 1 3 -1 1 4 3 -1 3 4 5 -1 4 6 5 -1 5 6 7 -1 6 8 7 -1 7 8 9 -1 8 10 9 -1 9 10 11 -1 10 12 11 -1 11 12 13 -1 12 14 13 -1 13 14 15 -1 14 16 15 -1 15 16 17 -1 16 18 17 -1 17 18 19 -1 18 20 19 -1 19 20 21 -1 20 22 21 -1 23 21 22 -1 "
										                >
											<Coordinate DEF="coords_ME_ID866_002"
											            point="7.874016 3.937008 0.000000 7.739866 2.918035 0.000000 7.739866 4.955980 0.000000 7.346557 5.905512 0.000000 7.346557 1.968504 0.000000 6.720892 6.720892 0.000000 6.720892 1.153123 0.000000 5.905512 7.346557 0.000000 5.905511 0.527459 0.000000 4.955980 7.739866 0.000000 4.955980 0.134150 0.000000 3.937008 7.874016 0.000000 3.937008 0.000000 0.000000 2.918035 7.739866 0.000000 2.918035 0.134150 0.000000 1.968504 7.346557 0.000000 1.968504 0.527459 0.000000 1.153123 6.720892 0.000000 1.153123 1.153123 0.000000 0.527459 5.905512 0.000000 0.527459 1.968504 0.000000 0.134150 4.955980 0.000000 0.134150 2.918035 0.000000 0.000000 3.937008 0.000000 "
											            />
										</IndexedFaceSet>
									</Shape>
								</Group>
							</Transform>
						</Transform>
						<Transform DEF="group_154_TRANSFORM"
						           translation="577.031250 368.719971 0.000000"
						           scale="-1.000000 -1.000000 -1.000000"
						           rotation="-1.000000 0.000000 0.000000 3.141593"
						           >
							<Transform DEF="group_154_ifs_TRANSFORM"
							           translation="-0.000061 -0.000015 0.000000"
							           scale="1.000000 1.000000 1.000000"
							           rotation="0.000000 0.000000 0.000000 0.000000"
							           >
								<Group DEF="group_ME_ID873">
									<Shape>
										<Appearance>
											<Material USE="MA_material_008" />
										</Appearance>
										<IndexedFaceSet solid="false"
										                coordIndex="0 1 2 -1 2 1 3 -1 1 4 3 -1 3 4 5 -1 4 6 5 -1 5 6 7 -1 6 8 7 -1 7 8 9 -1 8 10 9 -1 9 10 11 -1 10 12 11 -1 11 12 13 -1 12 14 13 -1 13 14 15 -1 14 16 15 -1 15 16 17 -1 16 18 17 -1 17 18 19 -1 18 20 19 -1 19 20 21 -1 20 22 21 -1 23 21 22 -1 "
										                >
											<Coordinate DEF="coords_ME_ID873"
											            point="7.874016 3.937008 0.000000 7.739866 2.918035 0.000000 7.739866 4.955980 0.000000 7.346557 5.905512 0.000000 7.346557 1.968504 0.000000 6.720892 6.720892 0.000000 6.720892 1.153123 0.000000 5.905512 7.346557 0.000000 5.905511 0.527459 0.000000 4.955980 7.739866 0.000000 4.955980 0.134150 0.000000 3.937008 7.874016 0.000000 3.937008 0.000000 0.000000 2.918035 7.739866 0.000000 2.918035 0.134150 0.000000 1.968504 7.346557 0.000000 1.968504 0.527459 0.000000 1.153123 6.720892 0.000000 1.153123 1.153123 0.000000 0.527459 5.905512 0.000000 0.527459 1.968504 0.000000 0.134150 4.955980 0.000000 0.134150 2.918035 0.000000 0.000000 3.937008 0.000000 "
											            />
										</IndexedFaceSet>
									</Shape>
								</Group>
							</Transform>
						</Transform>
						<Transform DEF="group_155_TRANSFORM"
						           translation="183.464554 368.719971 0.000000"
						           scale="-1.000000 -1.000000 -1.000000"
						           rotation="-1.000000 0.000000 0.000000 3.141593"
						           >
							<Transform DEF="group_155_ifs_TRANSFORM"
							           translation="-0.000008 -0.000015 0.000000"
							           scale="1.000000 1.000000 1.000000"
							           rotation="0.000000 0.000000 0.000000 0.000000"
							           >
								<Group DEF="group_ME_ID880_001">
									<Shape>
										<Appearance>
											<Material USE="MA_material_008" />
										</Appearance>
										<IndexedFaceSet solid="false"
										                coordIndex="0 1 2 -1 2 1 3 -1 1 4 3 -1 3 4 5 -1 4 6 5 -1 5 6 7 -1 6 8 7 -1 7 8 9 -1 8 10 9 -1 9 10 11 -1 10 12 11 -1 11 12 13 -1 12 14 13 -1 13 14 15 -1 14 16 15 -1 15 16 17 -1 16 18 17 -1 17 18 19 -1 18 20 19 -1 19 20 21 -1 20 22 21 -1 23 21 22 -1 "
										                >
											<Coordinate DEF="coords_ME_ID880_001"
											            point="7.874016 3.937008 0.000000 7.739866 2.918035 0.000000 7.739866 4.955980 0.000000 7.346557 5.905512 0.000000 7.346557 1.968504 0.000000 6.720892 6.720892 0.000000 6.720892 1.153123 0.000000 5.905512 7.346557 0.000000 5.905511 0.527459 0.000000 4.955980 7.739866 0.000000 4.955980 0.134150 0.000000 3.937008 7.874016 0.000000 3.937008 0.000000 0.000000 2.918035 7.739866 0.000000 2.918035 0.134150 0.000000 1.968504 7.346557 0.000000 1.968504 0.527459 0.000000 1.153123 6.720892 0.000000 1.153123 1.153123 0.000000 0.527459 5.905512 0.000000 0.527459 1.968504 0.000000 0.134150 4.955980 0.000000 0.134150 2.918035 0.000000 0.000000 3.937008 0.000000 "
											            />
										</IndexedFaceSet>
									</Shape>
								</Group>
							</Transform>
						</Transform>
						<Transform DEF="group_156_TRANSFORM"
						           translation="281.889771 368.719971 0.000000"
						           scale="-1.000000 -1.000000 -1.000000"
						           rotation="-1.000000 0.000000 0.000000 3.141593"
						           >
							<Transform DEF="group_156_ifs_TRANSFORM"
							           translation="-0.000015 -0.000015 0.000000"
							           scale="1.000000 1.000000 1.000000"
							           rotation="0.000000 0.000000 0.000000 0.000000"
							           >
								<Group DEF="group_ME_ID887">
									<Shape>
										<Appearance>
											<Material USE="MA_material_008" />
										</Appearance>
										<IndexedFaceSet solid="false"
										                coordIndex="0 1 2 -1 2 1 3 -1 1 4 3 -1 3 4 5 -1 4 6 5 -1 5 6 7 -1 6 8 7 -1 7 8 9 -1 8 10 9 -1 9 10 11 -1 10 12 11 -1 11 12 13 -1 12 14 13 -1 13 14 15 -1 14 16 15 -1 15 16 17 -1 16 18 17 -1 17 18 19 -1 18 20 19 -1 19 20 21 -1 20 22 21 -1 23 21 22 -1 "
										                >
											<Coordinate DEF="coords_ME_ID887"
											            point="7.874016 3.937008 0.000000 7.739866 2.918035 0.000000 7.739866 4.955980 0.000000 7.346557 5.905512 0.000000 7.346557 1.968504 0.000000 6.720892 6.720892 0.000000 6.720892 1.153123 0.000000 5.905512 7.346557 0.000000 5.905511 0.527459 0.000000 4.955980 7.739866 0.000000 4.955980 0.134150 0.000000 3.937008 7.874016 0.000000 3.937008 0.000000 0.000000 2.918035 7.739866 0.000000 2.918035 0.134150 0.000000 1.968504 7.346557 0.000000 1.968504 0.527459 0.000000 1.153123 6.720892 0.000000 1.153123 1.153123 0.000000 0.527459 5.905512 0.000000 0.527459 1.968504 0.000000 0.134150 4.955980 0.000000 0.134150 2.918035 0.000000 0.000000 3.937008 0.000000 "
											            />
										</IndexedFaceSet>
									</Shape>
								</Group>
							</Transform>
						</Transform>
						<Transform DEF="group_157_TRANSFORM"
						           translation="675.456421 368.719971 0.000000"
						           scale="-1.000000 -1.000000 -1.000000"
						           rotation="-1.000000 0.000000 0.000000 3.141593"
						           >
							<Transform DEF="group_157_ifs_TRANSFORM"
							           translation="0.000000 -0.000015 0.000000"
							           scale="1.000000 1.000000 1.000000"
							           rotation="0.000000 0.000000 0.000000 0.000000"
							           >
								<Group DEF="group_ME_ID894_001">
									<Shape>
										<Appearance>
											<Material USE="MA_material_008" />
										</Appearance>
										<IndexedFaceSet solid="false"
										                coordIndex="0 1 2 -1 2 1 3 -1 1 4 3 -1 3 4 5 -1 4 6 5 -1 5 6 7 -1 6 8 7 -1 7 8 9 -1 8 10 9 -1 9 10 11 -1 10 12 11 -1 11 12 13 -1 12 14 13 -1 13 14 15 -1 14 16 15 -1 15 16 17 -1 16 18 17 -1 17 18 19 -1 18 20 19 -1 19 20 21 -1 20 22 21 -1 23 21 22 -1 "
										                >
											<Coordinate DEF="coords_ME_ID894_001"
											            point="7.874016 3.937008 0.000000 7.739866 2.918035 0.000000 7.739866 4.955980 0.000000 7.346557 5.905512 0.000000 7.346557 1.968504 0.000000 6.720892 6.720892 0.000000 6.720892 1.153123 0.000000 5.905512 7.346557 0.000000 5.905511 0.527459 0.000000 4.955980 7.739866 0.000000 4.955980 0.134150 0.000000 3.937008 7.874016 0.000000 3.937008 0.000000 0.000000 2.918035 7.739866 0.000000 2.918035 0.134150 0.000000 1.968504 7.346557 0.000000 1.968504 0.527459 0.000000 1.153123 6.720892 0.000000 1.153123 1.153123 0.000000 0.527459 5.905512 0.000000 0.527459 1.968504 0.000000 0.134150 4.955980 0.000000 0.134150 2.918035 0.000000 0.000000 3.937008 0.000000 "
											            />
										</IndexedFaceSet>
									</Shape>
								</Group>
							</Transform>
						</Transform>
						<Transform DEF="group_158_TRANSFORM"
						           translation="183.464554 172.137909 0.000000"
						           scale="-1.000000 -1.000000 -1.000000"
						           rotation="-1.000000 0.000000 0.000000 3.141593"
						           >
							<Transform DEF="group_158_ifs_TRANSFORM"
							           translation="-0.000008 -0.000031 -0.000000"
							           scale="1.000000 1.000000 1.000000"
							           rotation="0.000000 0.000000 0.000000 0.000000"
							           >
								<Group DEF="group_ME_ID901_001">
									<Shape>
										<Appearance>
											<Material USE="MA_material_008" />
										</Appearance>
										<IndexedFaceSet solid="false"
										                coordIndex="0 1 2 -1 2 1 3 -1 1 4 3 -1 3 4 5 -1 4 6 5 -1 5 6 7 -1 6 8 7 -1 7 8 9 -1 8 10 9 -1 9 10 11 -1 10 12 11 -1 11 12 13 -1 12 14 13 -1 13 14 15 -1 14 16 15 -1 15 16 17 -1 16 18 17 -1 17 18 19 -1 18 20 19 -1 19 20 21 -1 20 22 21 -1 23 21 22 -1 "
										                >
											<Coordinate DEF="coords_ME_ID901_001"
											            point="7.874016 3.937008 0.000000 7.739866 2.918035 0.000000 7.739866 4.955980 0.000000 7.346557 5.905512 0.000000 7.346557 1.968504 0.000000 6.720892 6.720892 0.000000 6.720892 1.153123 0.000000 5.905512 7.346557 0.000000 5.905511 0.527459 0.000000 4.955980 7.739866 0.000000 4.955980 0.134150 0.000000 3.937008 7.874016 0.000000 3.937008 0.000000 0.000000 2.918035 7.739866 0.000000 2.918035 0.134150 0.000000 1.968504 7.346557 0.000000 1.968504 0.527459 0.000000 1.153123 6.720892 0.000000 1.153123 1.153123 0.000000 0.527459 5.905512 0.000000 0.527459 1.968504 0.000000 0.134150 4.955980 0.000000 0.134150 2.918035 0.000000 0.000000 3.937008 0.000000 "
											            />
										</IndexedFaceSet>
									</Shape>
								</Group>
							</Transform>
						</Transform>
						<Transform DEF="group_159_TRANSFORM"
						           translation="183.464554 270.428955 0.000000"
						           scale="-1.000000 -1.000000 -1.000000"
						           rotation="-1.000000 0.000000 0.000000 3.141593"
						           >
							<Transform DEF="group_159_ifs_TRANSFORM"
							           translation="-0.000008 -0.000031 0.000000"
							           scale="1.000000 1.000000 1.000000"
							           rotation="0.000000 0.000000 0.000000 0.000000"
							           >
								<Group DEF="group_ME_ID908">
									<Shape>
										<Appearance>
											<Material USE="MA_material_008" />
										</Appearance>
										<IndexedFaceSet solid="false"
										                coordIndex="0 1 2 -1 2 1 3 -1 1 4 3 -1 3 4 5 -1 4 6 5 -1 5 6 7 -1 6 8 7 -1 7 8 9 -1 8 10 9 -1 9 10 11 -1 10 12 11 -1 11 12 13 -1 12 14 13 -1 13 14 15 -1 14 16 15 -1 15 16 17 -1 16 18 17 -1 17 18 19 -1 18 20 19 -1 19 20 21 -1 20 22 21 -1 23 21 22 -1 "
										                >
											<Coordinate DEF="coords_ME_ID908"
											            point="7.874016 3.937008 0.000000 7.739866 2.918035 0.000000 7.739866 4.955980 0.000000 7.346557 5.905512 0.000000 7.346557 1.968504 0.000000 6.720892 6.720892 0.000000 6.720892 1.153123 0.000000 5.905512 7.346557 0.000000 5.905511 0.527459 0.000000 4.955980 7.739866 0.000000 4.955980 0.134150 0.000000 3.937008 7.874016 0.000000 3.937008 0.000000 0.000000 2.918035 7.739866 0.000000 2.918035 0.134150 0.000000 1.968504 7.346557 0.000000 1.968504 0.527459 0.000000 1.153123 6.720892 0.000000 1.153123 1.153123 0.000000 0.527459 5.905512 0.000000 0.527459 1.968504 0.000000 0.134150 4.955980 0.000000 0.134150 2.918035 0.000000 0.000000 3.937008 0.000000 "
											            />
										</IndexedFaceSet>
									</Shape>
								</Group>
							</Transform>
						</Transform>
						<Transform DEF="group_160_TRANSFORM"
						           translation="675.456421 270.428955 0.000000"
						           scale="-1.000000 -1.000000 -1.000000"
						           rotation="-1.000000 0.000000 0.000000 3.141593"
						           >
							<Transform DEF="group_160_ifs_TRANSFORM"
							           translation="0.000000 -0.000031 0.000000"
							           scale="1.000000 1.000000 1.000000"
							           rotation="0.000000 0.000000 0.000000 0.000000"
							           >
								<Group DEF="group_ME_ID915">
									<Shape>
										<Appearance>
											<Material USE="MA_material_008" />
										</Appearance>
										<IndexedFaceSet solid="false"
										                coordIndex="0 1 2 -1 2 1 3 -1 1 4 3 -1 3 4 5 -1 4 6 5 -1 5 6 7 -1 6 8 7 -1 7 8 9 -1 8 10 9 -1 9 10 11 -1 10 12 11 -1 11 12 13 -1 12 14 13 -1 13 14 15 -1 14 16 15 -1 15 16 17 -1 16 18 17 -1 17 18 19 -1 18 20 19 -1 19 20 21 -1 20 22 21 -1 23 21 22 -1 "
										                >
											<Coordinate DEF="coords_ME_ID915"
											            point="7.874016 3.937008 0.000000 7.739866 2.918035 0.000000 7.739866 4.955980 0.000000 7.346557 5.905512 0.000000 7.346557 1.968504 0.000000 6.720892 6.720892 0.000000 6.720892 1.153123 0.000000 5.905512 7.346557 0.000000 5.905511 0.527459 0.000000 4.955980 7.739866 0.000000 4.955980 0.134150 0.000000 3.937008 7.874016 0.000000 3.937008 0.000000 0.000000 2.918035 7.739866 0.000000 2.918035 0.134150 0.000000 1.968504 7.346557 0.000000 1.968504 0.527459 0.000000 1.153123 6.720892 0.000000 1.153123 1.153123 0.000000 0.527459 5.905512 0.000000 0.527459 1.968504 0.000000 0.134150 4.955980 0.000000 0.134150 2.918035 0.000000 0.000000 3.937008 0.000000 "
											            />
										</IndexedFaceSet>
									</Shape>
								</Group>
							</Transform>
						</Transform>
						<Transform DEF="group_161_TRANSFORM"
						           translation="675.456421 172.137909 0.000000"
						           scale="-1.000000 -1.000000 -1.000000"
						           rotation="-1.000000 0.000000 0.000000 3.141593"
						           >
							<Transform DEF="group_161_ifs_TRANSFORM"
							           translation="0.000000 -0.000031 -0.000000"
							           scale="1.000000 1.000000 1.000000"
							           rotation="0.000000 0.000000 0.000000 0.000000"
							           >
								<Group DEF="group_ME_ID922">
									<Shape>
										<Appearance>
											<Material USE="MA_material_008" />
										</Appearance>
										<IndexedFaceSet solid="false"
										                coordIndex="0 1 2 -1 2 1 3 -1 1 4 3 -1 3 4 5 -1 4 6 5 -1 5 6 7 -1 6 8 7 -1 7 8 9 -1 8 10 9 -1 9 10 11 -1 10 12 11 -1 11 12 13 -1 12 14 13 -1 13 14 15 -1 14 16 15 -1 15 16 17 -1 16 18 17 -1 17 18 19 -1 18 20 19 -1 19 20 21 -1 20 22 21 -1 23 21 22 -1 "
										                >
											<Coordinate DEF="coords_ME_ID922"
											            point="7.874016 3.937008 0.000000 7.739866 2.918035 0.000000 7.739866 4.955980 0.000000 7.346557 5.905512 0.000000 7.346557 1.968504 0.000000 6.720892 6.720892 0.000000 6.720892 1.153123 0.000000 5.905512 7.346557 0.000000 5.905511 0.527459 0.000000 4.955980 7.739866 0.000000 4.955980 0.134150 0.000000 3.937008 7.874016 0.000000 3.937008 0.000000 0.000000 2.918035 7.739866 0.000000 2.918035 0.134150 0.000000 1.968504 7.346557 0.000000 1.968504 0.527459 0.000000 1.153123 6.720892 0.000000 1.153123 1.153123 0.000000 0.527459 5.905512 0.000000 0.527459 1.968504 0.000000 0.134150 4.955980 0.000000 0.134150 2.918035 0.000000 0.000000 3.937008 0.000000 "
											            />
										</IndexedFaceSet>
									</Shape>
								</Group>
							</Transform>
						</Transform>
						<Transform DEF="group_162_TRANSFORM"
						           translation="380.314941 172.137909 0.000000"
						           scale="-1.000000 -1.000000 -1.000000"
						           rotation="-1.000000 0.000000 0.000000 3.141593"
						           >
							<Transform DEF="group_162_ifs_TRANSFORM"
							           translation="-0.000031 -0.000031 -0.000000"
							           scale="1.000000 1.000000 1.000000"
							           rotation="0.000000 0.000000 0.000000 0.000000"
							           >
								<Group DEF="group_ME_ID929">
									<Shape>
										<Appearance>
											<Material USE="MA_material_008" />
										</Appearance>
										<IndexedFaceSet solid="false"
										                coordIndex="0 1 2 -1 2 1 3 -1 1 4 3 -1 3 4 5 -1 4 6 5 -1 5 6 7 -1 6 8 7 -1 7 8 9 -1 8 10 9 -1 9 10 11 -1 10 12 11 -1 11 12 13 -1 12 14 13 -1 13 14 15 -1 14 16 15 -1 15 16 17 -1 16 18 17 -1 17 18 19 -1 18 20 19 -1 19 20 21 -1 20 22 21 -1 23 21 22 -1 "
										                >
											<Coordinate DEF="coords_ME_ID929"
											            point="7.874016 3.937008 0.000000 7.739866 2.918035 0.000000 7.739866 4.955980 0.000000 7.346557 5.905512 0.000000 7.346557 1.968504 0.000000 6.720892 6.720892 0.000000 6.720892 1.153123 0.000000 5.905512 7.346557 0.000000 5.905511 0.527459 0.000000 4.955980 7.739866 0.000000 4.955980 0.134150 0.000000 3.937008 7.874016 0.000000 3.937008 0.000000 0.000000 2.918035 7.739866 0.000000 2.918035 0.134150 0.000000 1.968504 7.346557 0.000000 1.968504 0.527459 0.000000 1.153123 6.720892 0.000000 1.153123 1.153123 0.000000 0.527459 5.905512 0.000000 0.527459 1.968504 0.000000 0.134150 4.955980 0.000000 0.134150 2.918035 0.000000 0.000000 3.937008 0.000000 "
											            />
										</IndexedFaceSet>
									</Shape>
								</Group>
							</Transform>
						</Transform>
						<Transform DEF="group_163_TRANSFORM"
						           translation="478.740173 172.137909 0.000000"
						           scale="-1.000000 -1.000000 -1.000000"
						           rotation="-1.000000 0.000000 0.000000 3.141593"
						           >
							<Transform DEF="group_163_ifs_TRANSFORM"
							           translation="-0.000031 -0.000031 -0.000000"
							           scale="1.000000 1.000000 1.000000"
							           rotation="0.000000 0.000000 0.000000 0.000000"
							           >
								<Group DEF="group_ME_ID936">
									<Shape>
										<Appearance>
											<Material USE="MA_material_008" />
										</Appearance>
										<IndexedFaceSet solid="false"
										                coordIndex="0 1 2 -1 2 1 3 -1 1 4 3 -1 3 4 5 -1 4 6 5 -1 5 6 7 -1 6 8 7 -1 7 8 9 -1 8 10 9 -1 9 10 11 -1 10 12 11 -1 11 12 13 -1 12 14 13 -1 13 14 15 -1 14 16 15 -1 15 16 17 -1 16 18 17 -1 17 18 19 -1 18 20 19 -1 19 20 21 -1 20 22 21 -1 23 21 22 -1 "
										                >
											<Coordinate DEF="coords_ME_ID936"
											            point="7.874016 3.937008 0.000000 7.739866 2.918035 0.000000 7.739866 4.955980 0.000000 7.346557 5.905512 0.000000 7.346557 1.968504 0.000000 6.720892 6.720892 0.000000 6.720892 1.153123 0.000000 5.905512 7.346557 0.000000 5.905511 0.527459 0.000000 4.955980 7.739866 0.000000 4.955980 0.134150 0.000000 3.937008 7.874016 0.000000 3.937008 0.000000 0.000000 2.918035 7.739866 0.000000 2.918035 0.134150 0.000000 1.968504 7.346557 0.000000 1.968504 0.527459 0.000000 1.153123 6.720892 0.000000 1.153123 1.153123 0.000000 0.527459 5.905512 0.000000 0.527459 1.968504 0.000000 0.134150 4.955980 0.000000 0.134150 2.918035 0.000000 0.000000 3.937008 0.000000 "
											            />
										</IndexedFaceSet>
									</Shape>
								</Group>
							</Transform>
						</Transform>
						<Transform DEF="group_164_TRANSFORM"
						           translation="577.031250 172.137909 0.000000"
						           scale="-1.000000 -1.000000 -1.000000"
						           rotation="-1.000000 0.000000 0.000000 3.141593"
						           >
							<Transform DEF="group_164_ifs_TRANSFORM"
							           translation="-0.000061 -0.000031 -0.000000"
							           scale="1.000000 1.000000 1.000000"
							           rotation="0.000000 0.000000 0.000000 0.000000"
							           >
								<Group DEF="group_ME_ID943">
									<Shape>
										<Appearance>
											<Material USE="MA_material_008" />
										</Appearance>
										<IndexedFaceSet solid="false"
										                coordIndex="0 1 2 -1 2 1 3 -1 1 4 3 -1 3 4 5 -1 4 6 5 -1 5 6 7 -1 6 8 7 -1 7 8 9 -1 8 10 9 -1 9 10 11 -1 10 12 11 -1 11 12 13 -1 12 14 13 -1 13 14 15 -1 14 16 15 -1 15 16 17 -1 16 18 17 -1 17 18 19 -1 18 20 19 -1 19 20 21 -1 20 22 21 -1 23 21 22 -1 "
										                >
											<Coordinate DEF="coords_ME_ID943"
											            point="7.874016 3.937008 0.000000 7.739866 2.918035 0.000000 7.739866 4.955980 0.000000 7.346557 5.905512 0.000000 7.346557 1.968504 0.000000 6.720892 6.720892 0.000000 6.720892 1.153123 0.000000 5.905512 7.346557 0.000000 5.905511 0.527459 0.000000 4.955980 7.739866 0.000000 4.955980 0.134150 0.000000 3.937008 7.874016 0.000000 3.937008 0.000000 0.000000 2.918035 7.739866 0.000000 2.918035 0.134150 0.000000 1.968504 7.346557 0.000000 1.968504 0.527459 0.000000 1.153123 6.720892 0.000000 1.153123 1.153123 0.000000 0.527459 5.905512 0.000000 0.527459 1.968504 0.000000 0.134150 4.955980 0.000000 0.134150 2.918035 0.000000 0.000000 3.937008 0.000000 "
											            />
										</IndexedFaceSet>
									</Shape>
								</Group>
							</Transform>
						</Transform>
						<Transform DEF="group_165_TRANSFORM"
						           translation="281.889771 172.137909 0.000000"
						           scale="-1.000000 -1.000000 -1.000000"
						           rotation="-1.000000 0.000000 0.000000 3.141593"
						           >
							<Transform DEF="group_165_ifs_TRANSFORM"
							           translation="-0.000015 -0.000031 -0.000000"
							           scale="1.000000 1.000000 1.000000"
							           rotation="0.000000 0.000000 0.000000 0.000000"
							           >
								<Group DEF="group_ME_ID950_002">
									<Shape>
										<Appearance>
											<Material USE="MA_material_008" />
										</Appearance>
										<IndexedFaceSet solid="false"
										                coordIndex="0 1 2 -1 2 1 3 -1 1 4 3 -1 3 4 5 -1 4 6 5 -1 5 6 7 -1 6 8 7 -1 7 8 9 -1 8 10 9 -1 9 10 11 -1 10 12 11 -1 11 12 13 -1 12 14 13 -1 13 14 15 -1 14 16 15 -1 15 16 17 -1 16 18 17 -1 17 18 19 -1 18 20 19 -1 19 20 21 -1 20 22 21 -1 23 21 22 -1 "
										                >
											<Coordinate DEF="coords_ME_ID950_002"
											            point="7.874016 3.937008 0.000000 7.739866 2.918035 0.000000 7.739866 4.955980 0.000000 7.346557 5.905512 0.000000 7.346557 1.968504 0.000000 6.720892 6.720892 0.000000 6.720892 1.153123 0.000000 5.905512 7.346557 0.000000 5.905511 0.527459 0.000000 4.955980 7.739866 0.000000 4.955980 0.134150 0.000000 3.937008 7.874016 0.000000 3.937008 0.000000 0.000000 2.918035 7.739866 0.000000 2.918035 0.134150 0.000000 1.968504 7.346557 0.000000 1.968504 0.527459 0.000000 1.153123 6.720892 0.000000 1.153123 1.153123 0.000000 0.527459 5.905512 0.000000 0.527459 1.968504 0.000000 0.134150 4.955980 0.000000 0.134150 2.918035 0.000000 0.000000 3.937008 0.000000 "
											            />
										</IndexedFaceSet>
									</Shape>
								</Group>
							</Transform>
						</Transform>
					</Transform>
					<Transform DEF="group_97_001_TRANSFORM"
					           translation="-0.000008 0.000000 0.000000"
					           scale="1.000000 1.000000 1.000000"
					           rotation="0.000000 1.000000 0.000000 0.000000"
					           >
						<Transform DEF="group_97_001_ifs_TRANSFORM"
						           translation="-0.000008 0.000000 0.000000"
						           scale="1.000000 1.000000 1.000000"
						           rotation="0.000000 1.000000 0.000000 0.000000"
						           >
							<Group DEF="group_ME_ID960">
							</Group>
						</Transform>
					</Transform>
					<Transform DEF="group_97_002_TRANSFORM"
					           translation="-0.000008 0.000000 0.000000"
					           scale="1.000000 1.000000 1.000000"
					           rotation="0.000000 1.000000 0.000000 0.000000"
					           >
						<Transform DEF="group_97_002_ifs_TRANSFORM"
						           translation="-0.000008 0.000000 0.000000"
						           scale="1.000000 1.000000 1.000000"
						           rotation="0.000000 1.000000 0.000000 0.000000"
						           >
							<Group DEF="group_ME_ID964_003">
							</Group>
						</Transform>
					</Transform>
					<Transform DEF="group_97_003_TRANSFORM"
					           translation="-0.000008 0.000000 0.000000"
					           scale="1.000000 1.000000 1.000000"
					           rotation="0.000000 1.000000 0.000000 0.000000"
					           >
						<Transform DEF="group_97_003_ifs_TRANSFORM"
						           translation="-0.000008 0.000000 0.000000"
						           scale="1.000000 1.000000 1.000000"
						           rotation="0.000000 1.000000 0.000000 0.000000"
						           >
							<Group DEF="group_ME_ID968_001">
							</Group>
						</Transform>
					</Transform>
					<Transform DEF="group_97_004_TRANSFORM"
					           translation="-0.000008 0.000000 0.000000"
					           scale="1.000000 1.000000 1.000000"
					           rotation="0.000000 1.000000 0.000000 0.000000"
					           >
						<Transform DEF="group_97_004_ifs_TRANSFORM"
						           translation="-0.000008 0.000000 0.000000"
						           scale="1.000000 1.000000 1.000000"
						           rotation="0.000000 1.000000 0.000000 0.000000"
						           >
							<Group DEF="group_ME_ID972">
							</Group>
						</Transform>
					</Transform>
					<Transform DEF="group_97_005_TRANSFORM"
					           translation="-0.000008 0.000000 0.000000"
					           scale="1.000000 1.000000 1.000000"
					           rotation="0.000000 1.000000 0.000000 0.000000"
					           >
						<Transform DEF="group_97_005_ifs_TRANSFORM"
						           translation="-0.000008 0.000000 0.000000"
						           scale="1.000000 1.000000 1.000000"
						           rotation="0.000000 1.000000 0.000000 0.000000"
						           >
							<Group DEF="group_ME_ID976_001">
							</Group>
						</Transform>
					</Transform>
					<Transform DEF="group_97_006_TRANSFORM"
					           translation="-0.000008 0.000000 0.000000"
					           scale="1.000000 1.000000 1.000000"
					           rotation="0.000000 1.000000 0.000000 0.000000"
					           >
						<Transform DEF="group_97_006_ifs_TRANSFORM"
						           translation="-0.000008 0.000000 0.000000"
						           scale="1.000000 1.000000 1.000000"
						           rotation="0.000000 1.000000 0.000000 0.000000"
						           >
							<Group DEF="group_ME_ID980">
							</Group>
						</Transform>
					</Transform>
					<Transform DEF="group_97_007_TRANSFORM"
					           translation="-0.000008 0.000000 0.000000"
					           scale="1.000000 1.000000 1.000000"
					           rotation="0.000000 1.000000 0.000000 0.000000"
					           >
						<Transform DEF="group_97_007_ifs_TRANSFORM"
						           translation="-0.000008 0.000000 0.000000"
						           scale="1.000000 1.000000 1.000000"
						           rotation="0.000000 1.000000 0.000000 0.000000"
						           >
							<Group DEF="group_ME_ID984_003">
							</Group>
						</Transform>
					</Transform>
					<Transform DEF="group_97_008_TRANSFORM"
					           translation="-0.000008 0.000000 0.000000"
					           scale="1.000000 1.000000 1.000000"
					           rotation="0.000000 1.000000 0.000000 0.000000"
					           >
						<Transform DEF="group_97_008_ifs_TRANSFORM"
						           translation="-0.000008 0.000000 0.000000"
						           scale="1.000000 1.000000 1.000000"
						           rotation="0.000000 1.000000 0.000000 0.000000"
						           >
							<Group DEF="group_ME_ID988">
							</Group>
						</Transform>
					</Transform>
					<Transform DEF="group_97_009_TRANSFORM"
					           translation="-0.000008 0.000000 0.000000"
					           scale="1.000000 1.000000 1.000000"
					           rotation="0.000000 1.000000 0.000000 0.000000"
					           >
						<Transform DEF="group_97_009_ifs_TRANSFORM"
						           translation="-0.000008 0.000000 0.000000"
						           scale="1.000000 1.000000 1.000000"
						           rotation="0.000000 1.000000 0.000000 0.000000"
						           >
							<Group DEF="group_ME_ID992_003">
							</Group>
						</Transform>
					</Transform>
					<Transform DEF="group_97_010_TRANSFORM"
					           translation="-0.000008 0.000000 0.000000"
					           scale="1.000000 1.000000 1.000000"
					           rotation="0.000000 1.000000 0.000000 0.000000"
					           >
						<Transform DEF="group_97_010_ifs_TRANSFORM"
						           translation="-0.000008 0.000000 0.000000"
						           scale="1.000000 1.000000 1.000000"
						           rotation="0.000000 1.000000 0.000000 0.000000"
						           >
							<Group DEF="group_ME_ID996">
							</Group>
						</Transform>
					</Transform>
					<Transform DEF="group_97_011_TRANSFORM"
					           translation="-0.000008 0.000000 0.000000"
					           scale="1.000000 1.000000 1.000000"
					           rotation="0.000000 1.000000 0.000000 0.000000"
					           >
						<Transform DEF="group_97_011_ifs_TRANSFORM"
						           translation="-0.000008 0.000000 0.000000"
						           scale="1.000000 1.000000 1.000000"
						           rotation="0.000000 1.000000 0.000000 0.000000"
						           >
							<Group DEF="group_ME_ID1000_002">
							</Group>
						</Transform>
					</Transform>
					<Transform DEF="group_97_012_TRANSFORM"
					           translation="-0.000008 0.000000 0.000000"
					           scale="1.000000 1.000000 1.000000"
					           rotation="0.000000 1.000000 0.000000 0.000000"
					           >
						<Transform DEF="group_97_012_ifs_TRANSFORM"
						           translation="-0.000008 0.000000 0.000000"
						           scale="1.000000 1.000000 1.000000"
						           rotation="0.000000 1.000000 0.000000 0.000000"
						           >
							<Group DEF="group_ME_ID1004_001">
							</Group>
						</Transform>
					</Transform>
					<Transform DEF="group_97_013_TRANSFORM"
					           translation="-0.000008 0.000000 0.000000"
					           scale="1.000000 1.000000 1.000000"
					           rotation="0.000000 1.000000 0.000000 0.000000"
					           >
						<Transform DEF="group_97_013_ifs_TRANSFORM"
						           translation="-0.000008 0.000000 0.000000"
						           scale="1.000000 1.000000 1.000000"
						           rotation="0.000000 1.000000 0.000000 0.000000"
						           >
							<Group DEF="group_ME_ID1008_002">
							</Group>
						</Transform>
					</Transform>
					<Transform DEF="group_97_014_TRANSFORM"
					           translation="-0.000008 0.000000 0.000000"
					           scale="1.000000 1.000000 1.000000"
					           rotation="0.000000 1.000000 0.000000 0.000000"
					           >
						<Transform DEF="group_97_014_ifs_TRANSFORM"
						           translation="-0.000008 0.000000 0.000000"
						           scale="1.000000 1.000000 1.000000"
						           rotation="0.000000 1.000000 0.000000 0.000000"
						           >
							<Group DEF="group_ME_ID1012_001">
							</Group>
						</Transform>
					</Transform>
					<Transform DEF="group_97_015_TRANSFORM"
					           translation="-0.000008 0.000000 0.000000"
					           scale="1.000000 1.000000 1.000000"
					           rotation="0.000000 1.000000 0.000000 0.000000"
					           >
						<Transform DEF="group_97_015_ifs_TRANSFORM"
						           translation="-0.000008 0.000000 0.000000"
						           scale="1.000000 1.000000 1.000000"
						           rotation="0.000000 1.000000 0.000000 0.000000"
						           >
							<Group DEF="group_ME_ID1016">
							</Group>
						</Transform>
					</Transform>
					<Transform DEF="group_97_016_TRANSFORM"
					           translation="-0.000008 0.000000 0.000000"
					           scale="1.000000 1.000000 1.000000"
					           rotation="0.000000 1.000000 0.000000 0.000000"
					           >
						<Transform DEF="group_97_016_ifs_TRANSFORM"
						           translation="-0.000008 0.000000 0.000000"
						           scale="1.000000 1.000000 1.000000"
						           rotation="0.000000 1.000000 0.000000 0.000000"
						           >
							<Group DEF="group_ME_ID1020">
							</Group>
						</Transform>
					</Transform>
					<Transform DEF="group_97_017_TRANSFORM"
					           translation="-0.000008 0.000000 0.000000"
					           scale="1.000000 1.000000 1.000000"
					           rotation="0.000000 1.000000 0.000000 0.000000"
					           >
						<Transform DEF="group_97_017_ifs_TRANSFORM"
						           translation="-0.000008 0.000000 0.000000"
						           scale="1.000000 1.000000 1.000000"
						           rotation="0.000000 1.000000 0.000000 0.000000"
						           >
							<Group DEF="group_ME_ID1024_003">
							</Group>
						</Transform>
					</Transform>
					<Transform DEF="group_97_018_TRANSFORM"
					           translation="-0.000008 0.000000 0.000000"
					           scale="1.000000 1.000000 1.000000"
					           rotation="0.000000 1.000000 0.000000 0.000000"
					           >
						<Transform DEF="group_97_018_ifs_TRANSFORM"
						           translation="-0.000008 0.000000 0.000000"
						           scale="1.000000 1.000000 1.000000"
						           rotation="0.000000 1.000000 0.000000 0.000000"
						           >
							<Group DEF="group_ME_ID1028">
							</Group>
						</Transform>
					</Transform>
					<Transform DEF="group_97_019_TRANSFORM"
					           translation="-0.000008 0.000000 0.000000"
					           scale="1.000000 1.000000 1.000000"
					           rotation="0.000000 1.000000 0.000000 0.000000"
					           >
						<Transform DEF="group_97_019_ifs_TRANSFORM"
						           translation="-0.000008 0.000000 0.000000"
						           scale="1.000000 1.000000 1.000000"
						           rotation="0.000000 1.000000 0.000000 0.000000"
						           >
							<Group DEF="group_ME_ID1032_004">
							</Group>
						</Transform>
					</Transform>
					<Transform DEF="group_97_020_TRANSFORM"
					           translation="-0.000008 0.000000 0.000000"
					           scale="1.000000 1.000000 1.000000"
					           rotation="0.000000 1.000000 0.000000 0.000000"
					           >
						<Transform DEF="group_97_020_ifs_TRANSFORM"
						           translation="-0.000008 0.000000 0.000000"
						           scale="1.000000 1.000000 1.000000"
						           rotation="0.000000 1.000000 0.000000 0.000000"
						           >
							<Group DEF="group_ME_ID1036">
							</Group>
						</Transform>
					</Transform>
					<Transform DEF="group_97_021_TRANSFORM"
					           translation="-0.000008 0.000000 0.000000"
					           scale="1.000000 1.000000 1.000000"
					           rotation="0.000000 1.000000 0.000000 0.000000"
					           >
						<Transform DEF="group_97_021_ifs_TRANSFORM"
						           translation="-0.000008 0.000000 0.000000"
						           scale="1.000000 1.000000 1.000000"
						           rotation="0.000000 1.000000 0.000000 0.000000"
						           >
							<Group DEF="group_ME_ID1040_001">
							</Group>
						</Transform>
					</Transform>
					<Transform DEF="group_97_022_TRANSFORM"
					           translation="-0.000008 0.000000 0.000000"
					           scale="1.000000 1.000000 1.000000"
					           rotation="0.000000 1.000000 0.000000 0.000000"
					           >
						<Transform DEF="group_97_022_ifs_TRANSFORM"
						           translation="-0.000008 0.000000 0.000000"
						           scale="1.000000 1.000000 1.000000"
						           rotation="0.000000 1.000000 0.000000 0.000000"
						           >
							<Group DEF="group_ME_ID1044">
							</Group>
						</Transform>
					</Transform>
					<Transform DEF="group_97_023_TRANSFORM"
					           translation="-0.000008 0.000000 0.000000"
					           scale="1.000000 1.000000 1.000000"
					           rotation="0.000000 1.000000 0.000000 0.000000"
					           >
						<Transform DEF="group_97_023_ifs_TRANSFORM"
						           translation="-0.000008 0.000000 0.000000"
						           scale="1.000000 1.000000 1.000000"
						           rotation="0.000000 1.000000 0.000000 0.000000"
						           >
							<Group DEF="group_ME_ID1048">
							</Group>
						</Transform>
					</Transform>
					<Transform DEF="group_97_024_TRANSFORM"
					           translation="-0.000008 0.000000 0.000000"
					           scale="1.000000 1.000000 1.000000"
					           rotation="0.000000 1.000000 0.000000 0.000000"
					           >
						<Transform DEF="group_97_024_ifs_TRANSFORM"
						           translation="-0.000008 0.000000 0.000000"
						           scale="1.000000 1.000000 1.000000"
						           rotation="0.000000 1.000000 0.000000 0.000000"
						           >
							<Group DEF="group_ME_ID1052">
							</Group>
						</Transform>
					</Transform>
					<Transform DEF="group_97_025_TRANSFORM"
					           translation="-0.000008 0.000000 0.000000"
					           scale="1.000000 1.000000 1.000000"
					           rotation="0.000000 1.000000 0.000000 0.000000"
					           >
						<Transform DEF="group_97_025_ifs_TRANSFORM"
						           translation="-0.000008 0.000000 0.000000"
						           scale="1.000000 1.000000 1.000000"
						           rotation="0.000000 1.000000 0.000000 0.000000"
						           >
							<Group DEF="group_ME_ID1056">
							</Group>
						</Transform>
					</Transform>
					<Transform DEF="group_97_026_TRANSFORM"
					           translation="-0.000008 0.000000 0.000000"
					           scale="1.000000 1.000000 1.000000"
					           rotation="0.000000 1.000000 0.000000 0.000000"
					           >
						<Transform DEF="group_97_026_ifs_TRANSFORM"
						           translation="-0.000008 0.000000 0.000000"
						           scale="1.000000 1.000000 1.000000"
						           rotation="0.000000 1.000000 0.000000 0.000000"
						           >
							<Group DEF="group_ME_ID1060_002">
							</Group>
						</Transform>
					</Transform>
					<Transform DEF="group_97_027_TRANSFORM"
					           translation="-0.000008 0.000000 0.000000"
					           scale="1.000000 1.000000 1.000000"
					           rotation="0.000000 1.000000 0.000000 0.000000"
					           >
						<Transform DEF="group_97_027_ifs_TRANSFORM"
						           translation="-0.000008 0.000000 0.000000"
						           scale="1.000000 1.000000 1.000000"
						           rotation="0.000000 1.000000 0.000000 0.000000"
						           >
							<Group DEF="group_ME_ID1064">
							</Group>
						</Transform>
					</Transform>
					<Transform DEF="group_97_028_TRANSFORM"
					           translation="-0.000008 0.000000 0.000000"
					           scale="1.000000 1.000000 1.000000"
					           rotation="0.000000 1.000000 0.000000 0.000000"
					           >
						<Transform DEF="group_97_028_ifs_TRANSFORM"
						           translation="-0.000008 0.000000 0.000000"
						           scale="1.000000 1.000000 1.000000"
						           rotation="0.000000 1.000000 0.000000 0.000000"
						           >
							<Group DEF="group_ME_ID1068_001">
							</Group>
						</Transform>
					</Transform>
					<Transform DEF="group_97_029_TRANSFORM"
					           translation="-0.000008 0.000000 0.000000"
					           scale="1.000000 1.000000 1.000000"
					           rotation="0.000000 1.000000 0.000000 0.000000"
					           >
						<Transform DEF="group_97_029_ifs_TRANSFORM"
						           translation="-0.000008 0.000000 0.000000"
						           scale="1.000000 1.000000 1.000000"
						           rotation="0.000000 1.000000 0.000000 0.000000"
						           >
							<Group DEF="group_ME_ID1072">
							</Group>
						</Transform>
					</Transform>
					<Transform DEF="group_97_030_TRANSFORM"
					           translation="-0.000008 0.000000 0.000000"
					           scale="1.000000 1.000000 1.000000"
					           rotation="0.000000 1.000000 0.000000 0.000000"
					           >
						<Transform DEF="group_97_030_ifs_TRANSFORM"
						           translation="-0.000008 0.000000 0.000000"
						           scale="1.000000 1.000000 1.000000"
						           rotation="0.000000 1.000000 0.000000 0.000000"
						           >
							<Group DEF="group_ME_ID1076">
							</Group>
						</Transform>
					</Transform>
					<Transform DEF="group_97_031_TRANSFORM"
					           translation="-0.000008 0.000000 0.000000"
					           scale="1.000000 1.000000 1.000000"
					           rotation="0.000000 1.000000 0.000000 0.000000"
					           >
						<Transform DEF="group_97_031_ifs_TRANSFORM"
						           translation="-0.000008 0.000000 0.000000"
						           scale="1.000000 1.000000 1.000000"
						           rotation="0.000000 1.000000 0.000000 0.000000"
						           >
							<Group DEF="group_ME_ID1080">
							</Group>
						</Transform>
					</Transform>
					<Transform DEF="group_97_032_TRANSFORM"
					           translation="-0.000008 0.000000 0.000000"
					           scale="1.000000 1.000000 1.000000"
					           rotation="0.000000 1.000000 0.000000 0.000000"
					           >
						<Transform DEF="group_97_032_ifs_TRANSFORM"
						           translation="-0.000008 0.000000 0.000000"
						           scale="1.000000 1.000000 1.000000"
						           rotation="0.000000 1.000000 0.000000 0.000000"
						           >
							<Group DEF="group_ME_ID1084">
							</Group>
						</Transform>
					</Transform>
					<Transform DEF="group_97_033_TRANSFORM"
					           translation="-0.000008 0.000000 0.000000"
					           scale="1.000000 1.000000 1.000000"
					           rotation="0.000000 1.000000 0.000000 0.000000"
					           >
						<Transform DEF="group_97_033_ifs_TRANSFORM"
						           translation="-0.000008 0.000000 0.000000"
						           scale="1.000000 1.000000 1.000000"
						           rotation="0.000000 1.000000 0.000000 0.000000"
						           >
							<Group DEF="group_ME_ID1088_001">
							</Group>
						</Transform>
					</Transform>
					<Transform DEF="group_97_034_TRANSFORM"
					           translation="-0.000008 0.000000 0.000000"
					           scale="1.000000 1.000000 1.000000"
					           rotation="0.000000 1.000000 0.000000 0.000000"
					           >
						<Transform DEF="group_97_034_ifs_TRANSFORM"
						           translation="-0.000008 0.000000 0.000000"
						           scale="1.000000 1.000000 1.000000"
						           rotation="0.000000 1.000000 0.000000 0.000000"
						           >
							<Group DEF="group_ME_ID1092">
							</Group>
						</Transform>
					</Transform>
					<Transform DEF="group_97_035_TRANSFORM"
					           translation="-0.000008 0.000000 0.000000"
					           scale="1.000000 1.000000 1.000000"
					           rotation="0.000000 1.000000 0.000000 0.000000"
					           >
						<Transform DEF="group_97_035_ifs_TRANSFORM"
						           translation="-0.000008 0.000000 0.000000"
						           scale="1.000000 1.000000 1.000000"
						           rotation="0.000000 1.000000 0.000000 0.000000"
						           >
							<Group DEF="group_ME_ID1096_001">
							</Group>
						</Transform>
					</Transform>
					<Transform DEF="group_97_036_TRANSFORM"
					           translation="-0.000008 0.000000 0.000000"
					           scale="1.000000 1.000000 1.000000"
					           rotation="0.000000 1.000000 0.000000 0.000000"
					           >
						<Transform DEF="group_97_036_ifs_TRANSFORM"
						           translation="-0.000008 0.000000 0.000000"
						           scale="1.000000 1.000000 1.000000"
						           rotation="0.000000 1.000000 0.000000 0.000000"
						           >
							<Group DEF="group_ME_ID1100">
							</Group>
						</Transform>
					</Transform>
					<Transform DEF="group_97_037_TRANSFORM"
					           translation="-0.000008 0.000000 0.000000"
					           scale="1.000000 1.000000 1.000000"
					           rotation="0.000000 1.000000 0.000000 0.000000"
					           >
						<Transform DEF="group_97_037_ifs_TRANSFORM"
						           translation="-0.000008 0.000000 0.000000"
						           scale="1.000000 1.000000 1.000000"
						           rotation="0.000000 1.000000 0.000000 0.000000"
						           >
							<Group DEF="group_ME_ID1104">
							</Group>
						</Transform>
					</Transform>
					<Transform DEF="group_97_038_TRANSFORM"
					           translation="-0.000008 0.000000 0.000000"
					           scale="1.000000 1.000000 1.000000"
					           rotation="0.000000 1.000000 0.000000 0.000000"
					           >
						<Transform DEF="group_97_038_ifs_TRANSFORM"
						           translation="-0.000008 0.000000 0.000000"
						           scale="1.000000 1.000000 1.000000"
						           rotation="0.000000 1.000000 0.000000 0.000000"
						           >
							<Group DEF="group_ME_ID1108_001">
							</Group>
						</Transform>
					</Transform>
					<Transform DEF="group_97_039_TRANSFORM"
					           translation="-0.000008 0.000000 0.000000"
					           scale="1.000000 1.000000 1.000000"
					           rotation="0.000000 1.000000 0.000000 0.000000"
					           >
						<Transform DEF="group_97_039_ifs_TRANSFORM"
						           translation="-0.000008 0.000000 0.000000"
						           scale="1.000000 1.000000 1.000000"
						           rotation="0.000000 1.000000 0.000000 0.000000"
						           >
							<Group DEF="group_ME_ID1112">
							</Group>
						</Transform>
					</Transform>
					<Transform DEF="group_97_040_TRANSFORM"
					           translation="-0.000008 0.000000 0.000000"
					           scale="1.000000 1.000000 1.000000"
					           rotation="0.000000 1.000000 0.000000 0.000000"
					           >
						<Transform DEF="group_97_040_ifs_TRANSFORM"
						           translation="-0.000008 0.000000 0.000000"
						           scale="1.000000 1.000000 1.000000"
						           rotation="0.000000 1.000000 0.000000 0.000000"
						           >
							<Group DEF="group_ME_ID1116_001">
							</Group>
						</Transform>
					</Transform>
					<Transform DEF="group_97_041_TRANSFORM"
					           translation="-0.000008 0.000000 0.000000"
					           scale="1.000000 1.000000 1.000000"
					           rotation="0.000000 1.000000 0.000000 0.000000"
					           >
						<Transform DEF="group_97_041_ifs_TRANSFORM"
						           translation="-0.000008 0.000000 0.000000"
						           scale="1.000000 1.000000 1.000000"
						           rotation="0.000000 1.000000 0.000000 0.000000"
						           >
							<Group DEF="group_ME_ID1120">
							</Group>
						</Transform>
					</Transform>
					<Transform DEF="group_97_042_TRANSFORM"
					           translation="-0.000008 0.000000 0.000000"
					           scale="1.000000 1.000000 1.000000"
					           rotation="0.000000 1.000000 0.000000 0.000000"
					           >
						<Transform DEF="group_97_042_ifs_TRANSFORM"
						           translation="-0.000008 0.000000 0.000000"
						           scale="1.000000 1.000000 1.000000"
						           rotation="0.000000 1.000000 0.000000 0.000000"
						           >
							<Group DEF="group_ME_ID1124_001">
							</Group>
						</Transform>
					</Transform>
					<Transform DEF="group_97_043_TRANSFORM"
					           translation="-0.000008 0.000000 0.000000"
					           scale="1.000000 1.000000 1.000000"
					           rotation="0.000000 1.000000 0.000000 0.000000"
					           >
						<Transform DEF="group_97_043_ifs_TRANSFORM"
						           translation="-0.000008 0.000000 0.000000"
						           scale="1.000000 1.000000 1.000000"
						           rotation="0.000000 1.000000 0.000000 0.000000"
						           >
							<Group DEF="group_ME_ID1128">
							</Group>
						</Transform>
					</Transform>
					<Transform DEF="group_97_044_TRANSFORM"
					           translation="-0.000008 0.000000 0.000000"
					           scale="1.000000 1.000000 1.000000"
					           rotation="0.000000 1.000000 0.000000 0.000000"
					           >
						<Transform DEF="group_97_044_ifs_TRANSFORM"
						           translation="-0.000008 0.000000 0.000000"
						           scale="1.000000 1.000000 1.000000"
						           rotation="0.000000 1.000000 0.000000 0.000000"
						           >
							<Group DEF="group_ME_ID1132">
							</Group>
						</Transform>
					</Transform>
					<Transform DEF="group_97_045_TRANSFORM"
					           translation="-0.000008 0.000000 0.000000"
					           scale="1.000000 1.000000 1.000000"
					           rotation="0.000000 1.000000 0.000000 0.000000"
					           >
						<Transform DEF="group_97_045_ifs_TRANSFORM"
						           translation="-0.000008 0.000000 0.000000"
						           scale="1.000000 1.000000 1.000000"
						           rotation="0.000000 1.000000 0.000000 0.000000"
						           >
							<Group DEF="group_ME_ID1136">
							</Group>
						</Transform>
					</Transform>
					<Transform DEF="group_97_046_TRANSFORM"
					           translation="-0.000008 0.000000 0.000000"
					           scale="1.000000 1.000000 1.000000"
					           rotation="0.000000 1.000000 0.000000 0.000000"
					           >
						<Transform DEF="group_97_046_ifs_TRANSFORM"
						           translation="-0.000008 0.000000 0.000000"
						           scale="1.000000 1.000000 1.000000"
						           rotation="0.000000 1.000000 0.000000 0.000000"
						           >
							<Group DEF="group_ME_ID1140_002">
							</Group>
						</Transform>
					</Transform>
					<Transform DEF="group_97_047_TRANSFORM"
					           translation="-0.000008 0.000000 0.000000"
					           scale="1.000000 1.000000 1.000000"
					           rotation="0.000000 1.000000 0.000000 0.000000"
					           >
						<Transform DEF="group_97_047_ifs_TRANSFORM"
						           translation="-0.000008 0.000000 0.000000"
						           scale="1.000000 1.000000 1.000000"
						           rotation="0.000000 1.000000 0.000000 0.000000"
						           >
							<Group DEF="group_ME_ID1144_001">
							</Group>
						</Transform>
					</Transform>
					<Transform DEF="group_97_048_TRANSFORM"
					           translation="-0.000008 0.000000 0.000000"
					           scale="1.000000 1.000000 1.000000"
					           rotation="0.000000 1.000000 0.000000 0.000000"
					           >
						<Transform DEF="group_97_048_ifs_TRANSFORM"
						           translation="-0.000008 0.000000 0.000000"
						           scale="1.000000 1.000000 1.000000"
						           rotation="0.000000 1.000000 0.000000 0.000000"
						           >
							<Group DEF="group_ME_ID1148_001">
							</Group>
						</Transform>
					</Transform>
					<Transform DEF="group_97_049_TRANSFORM"
					           translation="-0.000008 0.000000 0.000000"
					           scale="1.000000 1.000000 1.000000"
					           rotation="0.000000 1.000000 0.000000 0.000000"
					           >
						<Transform DEF="group_97_049_ifs_TRANSFORM"
						           translation="-0.000008 0.000000 0.000000"
						           scale="1.000000 1.000000 1.000000"
						           rotation="0.000000 1.000000 0.000000 0.000000"
						           >
							<Group DEF="group_ME_ID1152_001">
							</Group>
						</Transform>
					</Transform>
					<Transform DEF="group_97_050_TRANSFORM"
					           translation="-0.000008 0.000000 0.000000"
					           scale="1.000000 1.000000 1.000000"
					           rotation="0.000000 1.000000 0.000000 0.000000"
					           >
						<Transform DEF="group_97_050_ifs_TRANSFORM"
						           translation="-0.000008 0.000000 0.000000"
						           scale="1.000000 1.000000 1.000000"
						           rotation="0.000000 1.000000 0.000000 0.000000"
						           >
							<Group DEF="group_ME_ID1156">
							</Group>
						</Transform>
					</Transform>
					<Transform DEF="group_97_051_TRANSFORM"
					           translation="-0.000008 0.000000 0.000000"
					           scale="1.000000 1.000000 1.000000"
					           rotation="0.000000 1.000000 0.000000 0.000000"
					           >
						<Transform DEF="group_97_051_ifs_TRANSFORM"
						           translation="-0.000008 0.000000 0.000000"
						           scale="1.000000 1.000000 1.000000"
						           rotation="0.000000 1.000000 0.000000 0.000000"
						           >
							<Group DEF="group_ME_ID1160">
							</Group>
						</Transform>
					</Transform>
					<Transform DEF="group_97_052_TRANSFORM"
					           translation="-0.000008 0.000000 0.000000"
					           scale="1.000000 1.000000 1.000000"
					           rotation="0.000000 1.000000 0.000000 0.000000"
					           >
						<Transform DEF="group_97_052_ifs_TRANSFORM"
						           translation="-0.000008 0.000000 0.000000"
						           scale="1.000000 1.000000 1.000000"
						           rotation="0.000000 1.000000 0.000000 0.000000"
						           >
							<Group DEF="group_ME_ID1164">
							</Group>
						</Transform>
					</Transform>
					<Transform DEF="group_97_053_TRANSFORM"
					           translation="-0.000008 0.000000 0.000000"
					           scale="1.000000 1.000000 1.000000"
					           rotation="0.000000 1.000000 0.000000 0.000000"
					           >
						<Transform DEF="group_97_053_ifs_TRANSFORM"
						           translation="-0.000008 0.000000 0.000000"
						           scale="1.000000 1.000000 1.000000"
						           rotation="0.000000 1.000000 0.000000 0.000000"
						           >
							<Group DEF="group_ME_ID1168">
							</Group>
						</Transform>
					</Transform>
					<Transform DEF="group_97_054_TRANSFORM"
					           translation="-0.000008 0.000000 0.000000"
					           scale="1.000000 1.000000 1.000000"
					           rotation="0.000000 1.000000 0.000000 0.000000"
					           >
						<Transform DEF="group_97_054_ifs_TRANSFORM"
						           translation="-0.000008 0.000000 0.000000"
						           scale="1.000000 1.000000 1.000000"
						           rotation="0.000000 1.000000 0.000000 0.000000"
						           >
							<Group DEF="group_ME_ID1172_002">
							</Group>
						</Transform>
					</Transform>
					<Transform DEF="group_97_055_TRANSFORM"
					           translation="-0.000008 0.000000 0.000000"
					           scale="1.000000 1.000000 1.000000"
					           rotation="0.000000 1.000000 0.000000 0.000000"
					           >
						<Transform DEF="group_97_055_ifs_TRANSFORM"
						           translation="-0.000008 0.000000 0.000000"
						           scale="1.000000 1.000000 1.000000"
						           rotation="0.000000 1.000000 0.000000 0.000000"
						           >
							<Group DEF="group_ME_ID1176">
							</Group>
						</Transform>
					</Transform>
					<Transform DEF="group_97_056_TRANSFORM"
					           translation="-0.000008 0.000000 0.000000"
					           scale="1.000000 1.000000 1.000000"
					           rotation="0.000000 1.000000 0.000000 0.000000"
					           >
						<Transform DEF="group_97_056_ifs_TRANSFORM"
						           translation="-0.000008 0.000000 0.000000"
						           scale="1.000000 1.000000 1.000000"
						           rotation="0.000000 1.000000 0.000000 0.000000"
						           >
							<Group DEF="group_ME_ID1180">
							</Group>
						</Transform>
					</Transform>
					<Transform DEF="group_97_057_TRANSFORM"
					           translation="-0.000008 0.000000 0.000000"
					           scale="1.000000 1.000000 1.000000"
					           rotation="0.000000 1.000000 0.000000 0.000000"
					           >
						<Transform DEF="group_97_057_ifs_TRANSFORM"
						           translation="-0.000008 0.000000 0.000000"
						           scale="1.000000 1.000000 1.000000"
						           rotation="0.000000 1.000000 0.000000 0.000000"
						           >
							<Group DEF="group_ME_ID1184">
							</Group>
						</Transform>
					</Transform>
					<Transform DEF="group_97_058_TRANSFORM"
					           translation="-0.000008 0.000000 0.000000"
					           scale="1.000000 1.000000 1.000000"
					           rotation="0.000000 1.000000 0.000000 0.000000"
					           >
						<Transform DEF="group_97_058_ifs_TRANSFORM"
						           translation="-0.000008 0.000000 0.000000"
						           scale="1.000000 1.000000 1.000000"
						           rotation="0.000000 1.000000 0.000000 0.000000"
						           >
							<Group DEF="group_ME_ID1188">
							</Group>
						</Transform>
					</Transform>
					<Transform DEF="group_97_059_TRANSFORM"
					           translation="-0.000008 0.000000 0.000000"
					           scale="1.000000 1.000000 1.000000"
					           rotation="0.000000 1.000000 0.000000 0.000000"
					           >
						<Transform DEF="group_97_059_ifs_TRANSFORM"
						           translation="-0.000008 0.000000 0.000000"
						           scale="1.000000 1.000000 1.000000"
						           rotation="0.000000 1.000000 0.000000 0.000000"
						           >
							<Group DEF="group_ME_ID1192">
							</Group>
						</Transform>
					</Transform>
					<Transform DEF="group_97_060_TRANSFORM"
					           translation="-0.000008 0.000000 0.000000"
					           scale="1.000000 1.000000 1.000000"
					           rotation="0.000000 1.000000 0.000000 0.000000"
					           >
						<Transform DEF="group_97_060_ifs_TRANSFORM"
						           translation="-0.000008 0.000000 0.000000"
						           scale="1.000000 1.000000 1.000000"
						           rotation="0.000000 1.000000 0.000000 0.000000"
						           >
							<Group DEF="group_ME_ID1196">
							</Group>
						</Transform>
					</Transform>
					<Transform DEF="group_97_061_TRANSFORM"
					           translation="-0.000008 0.000000 0.000000"
					           scale="1.000000 1.000000 1.000000"
					           rotation="0.000000 1.000000 0.000000 0.000000"
					           >
						<Transform DEF="group_97_061_ifs_TRANSFORM"
						           translation="-0.000008 0.000000 0.000000"
						           scale="1.000000 1.000000 1.000000"
						           rotation="0.000000 1.000000 0.000000 0.000000"
						           >
							<Group DEF="group_ME_ID1200_001">
							</Group>
						</Transform>
					</Transform>
					<Transform DEF="group_97_062_TRANSFORM"
					           translation="-0.000008 0.000000 0.000000"
					           scale="1.000000 1.000000 1.000000"
					           rotation="0.000000 1.000000 0.000000 0.000000"
					           >
						<Transform DEF="group_97_062_ifs_TRANSFORM"
						           translation="-0.000008 0.000000 0.000000"
						           scale="1.000000 1.000000 1.000000"
						           rotation="0.000000 1.000000 0.000000 0.000000"
						           >
							<Group DEF="group_ME_ID1204">
							</Group>
						</Transform>
					</Transform>
					<Transform DEF="group_97_063_TRANSFORM"
					           translation="-0.000008 0.000000 0.000000"
					           scale="1.000000 1.000000 1.000000"
					           rotation="0.000000 1.000000 0.000000 0.000000"
					           >
						<Transform DEF="group_97_063_ifs_TRANSFORM"
						           translation="-0.000008 0.000000 0.000000"
						           scale="1.000000 1.000000 1.000000"
						           rotation="0.000000 1.000000 0.000000 0.000000"
						           >
							<Group DEF="group_ME_ID1208">
							</Group>
						</Transform>
					</Transform>
					<Transform DEF="group_97_064_TRANSFORM"
					           translation="-0.000008 0.000000 0.000000"
					           scale="1.000000 1.000000 1.000000"
					           rotation="0.000000 1.000000 0.000000 0.000000"
					           >
						<Transform DEF="group_97_064_ifs_TRANSFORM"
						           translation="-0.000008 0.000000 0.000000"
						           scale="1.000000 1.000000 1.000000"
						           rotation="0.000000 1.000000 0.000000 0.000000"
						           >
							<Group DEF="group_ME_ID1212">
							</Group>
						</Transform>
					</Transform>
					<Transform DEF="group_97_065_TRANSFORM"
					           translation="-0.000008 0.000000 0.000000"
					           scale="1.000000 1.000000 1.000000"
					           rotation="0.000000 1.000000 0.000000 0.000000"
					           >
						<Transform DEF="group_97_065_ifs_TRANSFORM"
						           translation="-0.000008 0.000000 0.000000"
						           scale="1.000000 1.000000 1.000000"
						           rotation="0.000000 1.000000 0.000000 0.000000"
						           >
							<Group DEF="group_ME_ID1216">
							</Group>
						</Transform>
					</Transform>
					<Transform DEF="group_97_066_TRANSFORM"
					           translation="-0.000008 0.000000 0.000000"
					           scale="1.000000 1.000000 1.000000"
					           rotation="0.000000 1.000000 0.000000 0.000000"
					           >
						<Transform DEF="group_97_066_ifs_TRANSFORM"
						           translation="-0.000008 0.000000 0.000000"
						           scale="1.000000 1.000000 1.000000"
						           rotation="0.000000 1.000000 0.000000 0.000000"
						           >
							<Group DEF="group_ME_ID1220">
							</Group>
						</Transform>
					</Transform>
					<Transform DEF="group_97_067_TRANSFORM"
					           translation="-0.000008 0.000000 0.000000"
					           scale="1.000000 1.000000 1.000000"
					           rotation="0.000000 1.000000 0.000000 0.000000"
					           >
						<Transform DEF="group_97_067_ifs_TRANSFORM"
						           translation="-0.000008 0.000000 0.000000"
						           scale="1.000000 1.000000 1.000000"
						           rotation="0.000000 1.000000 0.000000 0.000000"
						           >
							<Group DEF="group_ME_ID1224">
							</Group>
						</Transform>
					</Transform>
				</Transform>
				<Transform DEF="group_96_001_TRANSFORM"
				           translation="1.968491 1.968445 0.000000"
				           scale="1.000000 1.000000 1.000000"
				           rotation="0.000000 1.000000 0.000000 0.000000"
				           >
					<Transform DEF="group_96_001_ifs_TRANSFORM"
					           translation="-0.000008 0.000000 0.000000"
					           scale="1.000000 1.000000 1.000000"
					           rotation="0.000000 1.000000 0.000000 0.000000"
					           >
						<Group DEF="group_ME_ID1232">
						</Group>
					</Transform>
				</Transform>
				<Transform DEF="group_96_002_TRANSFORM"
				           translation="1.968491 1.968445 0.000000"
				           scale="1.000000 1.000000 1.000000"
				           rotation="0.000000 1.000000 0.000000 0.000000"
				           >
					<Transform DEF="group_96_002_ifs_TRANSFORM"
					           translation="-0.000008 0.000000 0.000000"
					           scale="1.000000 1.000000 1.000000"
					           rotation="0.000000 1.000000 0.000000 0.000000"
					           >
						<Group DEF="group_ME_ID1236">
						</Group>
					</Transform>
				</Transform>
				<Transform DEF="group_96_003_TRANSFORM"
				           translation="1.968491 1.968445 0.000000"
				           scale="1.000000 1.000000 1.000000"
				           rotation="0.000000 1.000000 0.000000 0.000000"
				           >
					<Transform DEF="group_96_003_ifs_TRANSFORM"
					           translation="-0.000008 0.000000 0.000000"
					           scale="1.000000 1.000000 1.000000"
					           rotation="0.000000 1.000000 0.000000 0.000000"
					           >
						<Group DEF="group_ME_ID1240">
						</Group>
					</Transform>
				</Transform>
				<Transform DEF="group_96_004_TRANSFORM"
				           translation="1.968491 1.968445 0.000000"
				           scale="1.000000 1.000000 1.000000"
				           rotation="0.000000 1.000000 0.000000 0.000000"
				           >
					<Transform DEF="group_96_004_ifs_TRANSFORM"
					           translation="-0.000008 0.000000 0.000000"
					           scale="1.000000 1.000000 1.000000"
					           rotation="0.000000 1.000000 0.000000 0.000000"
					           >
						<Group DEF="group_ME_ID1244">
						</Group>
					</Transform>
				</Transform>
				<Transform DEF="group_96_005_TRANSFORM"
				           translation="1.968491 1.968445 0.000000"
				           scale="1.000000 1.000000 1.000000"
				           rotation="0.000000 1.000000 0.000000 0.000000"
				           >
					<Transform DEF="group_96_005_ifs_TRANSFORM"
					           translation="-0.000008 0.000000 0.000000"
					           scale="1.000000 1.000000 1.000000"
					           rotation="0.000000 1.000000 0.000000 0.000000"
					           >
						<Group DEF="group_ME_ID1248">
						</Group>
					</Transform>
				</Transform>
				<Transform DEF="group_166_TRANSFORM"
				           translation="574.669006 195.625732 0.000000"
				           scale="1.500000 1.000000 1.000000"
				           rotation="0.000000 0.000000 -1.000000 1.570796"
				           >
					<Transform DEF="group_166_ifs_TRANSFORM"
					           translation="0.000025 -0.000026 0.000000"
					           scale="1.000000 1.000000 1.000000"
					           rotation="0.000000 0.000000 -0.000000 0.000000"
					           >
						<Group DEF="group_ME_ID1253">
						</Group>
					</Transform>
				</Transform>
				<Transform DEF="group_167_TRANSFORM"
				           translation="673.094177 294.050964 0.000000"
				           scale="1.500000 1.000000 1.000000"
				           rotation="0.000000 0.000000 -1.000000 1.570796"
				           >
					<Transform DEF="group_167_ifs_TRANSFORM"
					           translation="-0.000001 -0.000018 0.000000"
					           scale="1.000000 1.000000 1.000000"
					           rotation="0.000000 0.000000 -0.000000 0.000000"
					           >
						<Group DEF="group_ME_ID1258">
						</Group>
					</Transform>
				</Transform>
				<Transform DEF="group_168_TRANSFORM"
				           translation="849.382324 548.911377 0.000000"
				           scale="1.500000 1.000000 1.000000"
				           rotation="-0.000000 -0.000000 -1.000000 2.356194"
				           >
					<Transform DEF="group_168_ifs_TRANSFORM"
					           translation="-0.000006 -0.000010 0.000000"
					           scale="1.000000 1.000000 1.000000"
					           rotation="0.000000 1.000000 0.000000 0.000000"
					           >
						<Group DEF="group_ME_ID1263_001">
						</Group>
					</Transform>
				</Transform>
				<Transform DEF="group_169_TRANSFORM"
				           translation="574.669006 553.822021 0.000000"
				           scale="1.500000 1.000000 1.000000"
				           rotation="0.000000 0.000000 -1.000000 1.570796"
				           >
					<Transform DEF="group_169_ifs_TRANSFORM"
					           translation="-0.000000 -0.000029 0.000000"
					           scale="1.000000 1.000000 1.000000"
					           rotation="0.000000 0.000000 -0.000000 0.000000"
					           >
						<Group DEF="group_ME_ID1268">
						</Group>
					</Transform>
				</Transform>
				<Transform DEF="group_170_TRANSFORM"
				           translation="574.669006 97.334717 0.000000"
				           scale="1.500000 1.000000 1.000000"
				           rotation="0.000000 0.000000 -1.000000 1.570796"
				           >
					<Transform DEF="group_170_ifs_TRANSFORM"
					           translation="0.000025 -0.000033 0.000000"
					           scale="1.000000 1.000000 1.000000"
					           rotation="0.000000 0.000000 -0.000000 0.000000"
					           >
						<Group DEF="group_ME_ID1273">
						</Group>
					</Transform>
				</Transform>
				<Transform DEF="group_171_TRANSFORM"
				           translation="574.669006 392.207794 0.000000"
				           scale="1.500000 1.000000 1.000000"
				           rotation="0.000000 0.000000 -1.000000 1.570796"
				           >
					<Transform DEF="group_171_ifs_TRANSFORM"
					           translation="0.000002 -0.000041 0.000000"
					           scale="1.000000 1.000000 1.000000"
					           rotation="0.000000 0.000000 -0.000000 0.000000"
					           >
						<Group DEF="group_ME_ID1278_001">
						</Group>
					</Transform>
				</Transform>
				<Transform DEF="group_172_TRANSFORM"
				           translation="574.669006 35.432983 0.000000"
				           scale="1.500000 1.000000 1.000000"
				           rotation="0.000000 0.000000 -1.000000 1.570796"
				           >
					<Transform DEF="group_172_ifs_TRANSFORM"
					           translation="-0.000006 -0.000038 0.000000"
					           scale="1.000000 1.000000 1.000000"
					           rotation="0.000000 0.000000 -0.000000 0.000000"
					           >
						<Group DEF="group_ME_ID1283">
						</Group>
					</Transform>
				</Transform>
				<Transform DEF="group_173_TRANSFORM"
				           translation="574.669006 490.767181 0.000000"
				           scale="1.500000 1.000000 1.000000"
				           rotation="0.000000 0.000000 -1.000000 1.570796"
				           >
					<Transform DEF="group_173_ifs_TRANSFORM"
					           translation="0.000004 -0.000034 0.000000"
					           scale="1.000000 1.000000 1.000000"
					           rotation="0.000000 0.000000 -0.000000 0.000000"
					           >
						<Group DEF="group_ME_ID1288">
						</Group>
					</Transform>
				</Transform>
				<Transform DEF="group_174_TRANSFORM"
				           translation="673.094177 195.625732 0.000000"
				           scale="1.500000 1.000000 1.000000"
				           rotation="0.000000 0.000000 -1.000000 1.570796"
				           >
					<Transform DEF="group_174_ifs_TRANSFORM"
					           translation="0.000014 0.000035 0.000000"
					           scale="1.000000 1.000000 1.000000"
					           rotation="0.000000 0.000000 -0.000000 0.000000"
					           >
						<Group DEF="group_ME_ID1293">
						</Group>
					</Transform>
				</Transform>
				<Transform DEF="group_175_TRANSFORM"
				           translation="673.094177 553.822021 0.000000"
				           scale="1.500000 1.000000 1.000000"
				           rotation="0.000000 0.000000 -1.000000 1.570796"
				           >
					<Transform DEF="group_175_ifs_TRANSFORM"
					           translation="-0.000000 0.000001 0.000000"
					           scale="1.000000 1.000000 1.000000"
					           rotation="0.000000 0.000000 -0.000000 0.000000"
					           >
						<Group DEF="group_ME_ID1298_001">
						</Group>
					</Transform>
				</Transform>
				<Transform DEF="group_176_TRANSFORM"
				           translation="673.094177 97.334717 0.000000"
				           scale="1.500000 1.000000 1.000000"
				           rotation="0.000000 0.000000 -1.000000 1.570796"
				           >
					<Transform DEF="group_176_ifs_TRANSFORM"
					           translation="-0.000001 0.000028 0.000000"
					           scale="1.000000 1.000000 1.000000"
					           rotation="0.000000 0.000000 -0.000000 0.000000"
					           >
						<Group DEF="group_ME_ID1303">
						</Group>
					</Transform>
				</Transform>
				<Transform DEF="group_177_TRANSFORM"
				           translation="673.094177 392.207794 0.000000"
				           scale="1.500000 1.000000 1.000000"
				           rotation="0.000000 0.000000 -1.000000 1.570796"
				           >
					<Transform DEF="group_177_ifs_TRANSFORM"
					           translation="0.000007 -0.000011 0.000000"
					           scale="1.000000 1.000000 1.000000"
					           rotation="0.000000 0.000000 -0.000000 0.000000"
					           >
						<Group DEF="group_ME_ID1308">
						</Group>
					</Transform>
				</Transform>
				<Transform DEF="group_178_TRANSFORM"
				           translation="754.196594 79.224426 0.000000"
				           scale="1.500000 1.000000 1.000000"
				           rotation="0.000000 1.000000 0.000000 0.000000"
				           >
					<Transform DEF="group_178_ifs_TRANSFORM"
					           translation="0.000031 0.000000 0.000000"
					           scale="1.000000 1.000000 1.000000"
					           rotation="0.000000 1.000000 0.000000 0.000000"
					           >
						<Group DEF="group_ME_ID1313">
						</Group>
					</Transform>
				</Transform>
				<Transform DEF="group_179_TRANSFORM"
				           translation="754.196594 177.515503 0.000000"
				           scale="1.500000 1.000000 1.000000"
				           rotation="0.000000 1.000000 0.000000 0.000000"
				           >
					<Transform DEF="group_179_ifs_TRANSFORM"
					           translation="0.000031 0.000031 0.000000"
					           scale="1.000000 1.000000 1.000000"
					           rotation="0.000000 1.000000 0.000000 0.000000"
					           >
						<Group DEF="group_ME_ID1318">
						</Group>
					</Transform>
				</Transform>
				<Transform DEF="group_180_TRANSFORM"
				           translation="557.346130 374.097595 0.000000"
				           scale="1.500000 1.000000 1.000000"
				           rotation="0.000000 1.000000 0.000000 0.000000"
				           >
					<Transform DEF="group_180_ifs_TRANSFORM"
					           translation="0.000031 0.000015 0.000000"
					           scale="1.000000 1.000000 1.000000"
					           rotation="0.000000 1.000000 0.000000 0.000000"
					           >
						<Group DEF="group_ME_ID1323">
						</Group>
					</Transform>
				</Transform>
				<Transform DEF="group_181_TRANSFORM"
				           translation="655.771362 177.515503 0.000000"
				           scale="1.500000 1.000000 1.000000"
				           rotation="0.000000 1.000000 0.000000 0.000000"
				           >
					<Transform DEF="group_181_ifs_TRANSFORM"
					           translation="0.000031 0.000031 0.000000"
					           scale="1.000000 1.000000 1.000000"
					           rotation="0.000000 1.000000 0.000000 0.000000"
					           >
						<Group DEF="group_ME_ID1328">
						</Group>
					</Transform>
				</Transform>
				<Transform DEF="group_182_TRANSFORM"
				           translation="655.771362 79.224426 0.000000"
				           scale="1.500000 1.000000 1.000000"
				           rotation="0.000000 1.000000 0.000000 0.000000"
				           >
					<Transform DEF="group_182_ifs_TRANSFORM"
					           translation="0.000031 0.000000 0.000000"
					           scale="1.000000 1.000000 1.000000"
					           rotation="0.000000 1.000000 0.000000 0.000000"
					           >
						<Group DEF="group_ME_ID1333_001">
						</Group>
					</Transform>
				</Transform>
				<Transform DEF="group_183_TRANSFORM"
				           translation="655.771362 535.711792 0.000000"
				           scale="1.500000 1.000000 1.000000"
				           rotation="0.000000 1.000000 0.000000 0.000000"
				           >
					<Transform DEF="group_183_ifs_TRANSFORM"
					           translation="0.000031 0.000000 0.000000"
					           scale="1.000000 1.000000 1.000000"
					           rotation="0.000000 1.000000 0.000000 0.000000"
					           >
						<Group DEF="group_ME_ID1338">
						</Group>
					</Transform>
				</Transform>
				<Transform DEF="group_184_TRANSFORM"
				           translation="655.771362 17.322754 0.000000"
				           scale="1.500000 1.000000 1.000000"
				           rotation="0.000000 1.000000 0.000000 0.000000"
				           >
					<Transform DEF="group_184_ifs_TRANSFORM"
					           translation="0.000031 0.000000 0.000000"
					           scale="1.000000 1.000000 1.000000"
					           rotation="0.000000 1.000000 0.000000 0.000000"
					           >
						<Group DEF="group_ME_ID1343">
						</Group>
					</Transform>
				</Transform>
				<Transform DEF="group_185_TRANSFORM"
				           translation="459.055115 374.097595 0.000000"
				           scale="1.500000 1.000000 1.000000"
				           rotation="0.000000 1.000000 0.000000 0.000000"
				           >
					<Transform DEF="group_185_ifs_TRANSFORM"
					           translation="0.000000 0.000015 0.000000"
					           scale="1.000000 1.000000 1.000000"
					           rotation="0.000000 1.000000 0.000000 0.000000"
					           >
						<Group DEF="group_ME_ID1348">
						</Group>
					</Transform>
				</Transform>
				<Transform DEF="group_186_TRANSFORM"
				           translation="655.771362 472.656952 0.000000"
				           scale="1.500000 1.000000 1.000000"
				           rotation="0.000000 1.000000 0.000000 0.000000"
				           >
					<Transform DEF="group_186_ifs_TRANSFORM"
					           translation="0.000031 0.000000 0.000000"
					           scale="1.000000 1.000000 1.000000"
					           rotation="0.000000 1.000000 0.000000 0.000000"
					           >
						<Group DEF="group_ME_ID1353">
						</Group>
					</Transform>
				</Transform>
				<Transform DEF="group_187_TRANSFORM"
				           translation="459.055115 177.515503 0.000000"
				           scale="1.500000 1.000000 1.000000"
				           rotation="0.000000 1.000000 0.000000 0.000000"
				           >
					<Transform DEF="group_187_ifs_TRANSFORM"
					           translation="0.000000 0.000031 0.000000"
					           scale="1.000000 1.000000 1.000000"
					           rotation="0.000000 1.000000 0.000000 0.000000"
					           >
						<Group DEF="group_ME_ID1358">
						</Group>
					</Transform>
				</Transform>
				<Transform DEF="group_188_TRANSFORM"
				           translation="655.771362 275.940674 0.000000"
				           scale="1.500000 1.000000 1.000000"
				           rotation="0.000000 1.000000 0.000000 0.000000"
				           >
					<Transform DEF="group_188_ifs_TRANSFORM"
					           translation="0.000031 0.000000 0.000000"
					           scale="1.000000 1.000000 1.000000"
					           rotation="0.000000 1.000000 0.000000 0.000000"
					           >
						<Group DEF="group_ME_ID1363">
						</Group>
					</Transform>
				</Transform>
				<Transform DEF="group_189_TRANSFORM"
				           translation="655.771362 374.097595 0.000000"
				           scale="1.500000 1.000000 1.000000"
				           rotation="0.000000 1.000000 0.000000 0.000000"
				           >
					<Transform DEF="group_189_ifs_TRANSFORM"
					           translation="0.000031 0.000015 0.000000"
					           scale="1.000000 1.000000 1.000000"
					           rotation="0.000000 1.000000 0.000000 0.000000"
					           >
						<Group DEF="group_ME_ID1368_001">
						</Group>
					</Transform>
				</Transform>
				<Transform DEF="group_190_TRANSFORM"
				           translation="557.346130 472.656952 0.000000"
				           scale="1.500000 1.000000 1.000000"
				           rotation="0.000000 1.000000 0.000000 0.000000"
				           >
					<Transform DEF="group_190_ifs_TRANSFORM"
					           translation="0.000031 0.000000 0.000000"
					           scale="1.000000 1.000000 1.000000"
					           rotation="0.000000 1.000000 0.000000 0.000000"
					           >
						<Group DEF="group_ME_ID1373">
						</Group>
					</Transform>
				</Transform>
				<Transform DEF="group_191_TRANSFORM"
				           translation="459.055115 79.224426 0.000000"
				           scale="1.500000 1.000000 1.000000"
				           rotation="0.000000 1.000000 0.000000 0.000000"
				           >
					<Transform DEF="group_191_ifs_TRANSFORM"
					           translation="0.000000 0.000000 0.000000"
					           scale="1.000000 1.000000 1.000000"
					           rotation="0.000000 1.000000 0.000000 0.000000"
					           >
						<Group DEF="group_ME_ID1378">
						</Group>
					</Transform>
				</Transform>
				<Transform DEF="group_192_TRANSFORM"
				           translation="557.346130 17.322754 0.000000"
				           scale="1.500000 1.000000 1.000000"
				           rotation="0.000000 1.000000 0.000000 0.000000"
				           >
					<Transform DEF="group_192_ifs_TRANSFORM"
					           translation="0.000031 0.000000 0.000000"
					           scale="1.000000 1.000000 1.000000"
					           rotation="0.000000 1.000000 0.000000 0.000000"
					           >
						<Group DEF="group_ME_ID1383">
						</Group>
					</Transform>
				</Transform>
				<Transform DEF="group_193_TRANSFORM"
				           translation="557.346130 535.711792 0.000000"
				           scale="1.500000 1.000000 1.000000"
				           rotation="0.000000 1.000000 0.000000 0.000000"
				           >
					<Transform DEF="group_193_ifs_TRANSFORM"
					           translation="0.000031 0.000000 0.000000"
					           scale="1.000000 1.000000 1.000000"
					           rotation="0.000000 1.000000 0.000000 0.000000"
					           >
						<Group DEF="group_ME_ID1388">
						</Group>
					</Transform>
				</Transform>
				<Transform DEF="group_194_TRANSFORM"
				           translation="557.346130 79.224426 0.000000"
				           scale="1.500000 1.000000 1.000000"
				           rotation="0.000000 1.000000 0.000000 0.000000"
				           >
					<Transform DEF="group_194_ifs_TRANSFORM"
					           translation="0.000031 0.000000 0.000000"
					           scale="1.000000 1.000000 1.000000"
					           rotation="0.000000 1.000000 0.000000 0.000000"
					           >
						<Group DEF="group_ME_ID1393">
						</Group>
					</Transform>
				</Transform>
				<Transform DEF="group_195_TRANSFORM"
				           translation="557.346130 177.515503 0.000000"
				           scale="1.500000 1.000000 1.000000"
				           rotation="0.000000 1.000000 0.000000 0.000000"
				           >
					<Transform DEF="group_195_ifs_TRANSFORM"
					           translation="0.000031 0.000031 0.000000"
					           scale="1.000000 1.000000 1.000000"
					           rotation="0.000000 1.000000 0.000000 0.000000"
					           >
						<Group DEF="group_ME_ID1398">
						</Group>
					</Transform>
				</Transform>
				<Transform DEF="group_196_TRANSFORM"
				           translation="459.055115 535.711792 0.000000"
				           scale="1.500000 1.000000 1.000000"
				           rotation="0.000000 1.000000 0.000000 0.000000"
				           >
					<Transform DEF="group_196_ifs_TRANSFORM"
					           translation="0.000000 0.000000 0.000000"
					           scale="1.000000 1.000000 1.000000"
					           rotation="0.000000 1.000000 0.000000 0.000000"
					           >
						<Group DEF="group_ME_ID1403_001">
						</Group>
					</Transform>
				</Transform>
				<Transform DEF="group_197_TRANSFORM"
				           translation="459.055115 17.322754 0.000000"
				           scale="1.500000 1.000000 1.000000"
				           rotation="0.000000 1.000000 0.000000 0.000000"
				           >
					<Transform DEF="group_197_ifs_TRANSFORM"
					           translation="0.000000 0.000000 0.000000"
					           scale="1.000000 1.000000 1.000000"
					           rotation="0.000000 1.000000 0.000000 0.000000"
					           >
						<Group DEF="group_ME_ID1408">
						</Group>
					</Transform>
				</Transform>
				<Transform DEF="group_198_TRANSFORM"
				           translation="360.629913 17.322754 0.000000"
				           scale="1.500000 1.000000 1.000000"
				           rotation="0.000000 1.000000 0.000000 0.000000"
				           >
					<Transform DEF="group_198_ifs_TRANSFORM"
					           translation="0.000015 0.000000 0.000000"
					           scale="1.000000 1.000000 1.000000"
					           rotation="0.000000 1.000000 0.000000 0.000000"
					           >
						<Group DEF="group_ME_ID1413">
						</Group>
					</Transform>
				</Transform>
				<Transform DEF="group_199_TRANSFORM"
				           translation="360.629913 535.711792 0.000000"
				           scale="1.500000 1.000000 1.000000"
				           rotation="0.000000 1.000000 0.000000 0.000000"
				           >
					<Transform DEF="group_199_ifs_TRANSFORM"
					           translation="0.000015 0.000000 0.000000"
					           scale="1.000000 1.000000 1.000000"
					           rotation="0.000000 1.000000 0.000000 0.000000"
					           >
						<Group DEF="group_ME_ID1418">
						</Group>
					</Transform>
				</Transform>
				<Transform DEF="group_200_TRANSFORM"
				           translation="360.629913 472.656952 0.000000"
				           scale="1.500000 1.000000 1.000000"
				           rotation="0.000000 1.000000 0.000000 0.000000"
				           >
					<Transform DEF="group_200_ifs_TRANSFORM"
					           translation="0.000015 0.000000 0.000000"
					           scale="1.000000 1.000000 1.000000"
					           rotation="0.000000 1.000000 0.000000 0.000000"
					           >
						<Group DEF="group_ME_ID1423">
						</Group>
					</Transform>
				</Transform>
				<Transform DEF="group_201_TRANSFORM"
				           translation="360.629913 79.224426 0.000000"
				           scale="1.500000 1.000000 1.000000"
				           rotation="0.000000 1.000000 0.000000 0.000000"
				           >
					<Transform DEF="group_201_ifs_TRANSFORM"
					           translation="0.000015 0.000000 0.000000"
					           scale="1.000000 1.000000 1.000000"
					           rotation="0.000000 1.000000 0.000000 0.000000"
					           >
						<Group DEF="group_ME_ID1428">
						</Group>
					</Transform>
				</Transform>
				<Transform DEF="group_202_TRANSFORM"
				           translation="360.629913 374.097595 0.000000"
				           scale="1.500000 1.000000 1.000000"
				           rotation="0.000000 1.000000 0.000000 0.000000"
				           >
					<Transform DEF="group_202_ifs_TRANSFORM"
					           translation="0.000015 0.000015 0.000000"
					           scale="1.000000 1.000000 1.000000"
					           rotation="0.000000 1.000000 0.000000 0.000000"
					           >
						<Group DEF="group_ME_ID1433">
						</Group>
					</Transform>
				</Transform>
				<Transform DEF="group_203_TRANSFORM"
				           translation="360.629913 177.515503 0.000000"
				           scale="1.500000 1.000000 1.000000"
				           rotation="0.000000 1.000000 0.000000 0.000000"
				           >
					<Transform DEF="group_203_ifs_TRANSFORM"
					           translation="0.000015 0.000031 0.000000"
					           scale="1.000000 1.000000 1.000000"
					           rotation="0.000000 1.000000 0.000000 0.000000"
					           >
						<Group DEF="group_ME_ID1438_001">
						</Group>
					</Transform>
				</Transform>
				<Transform DEF="group_204_TRANSFORM"
				           translation="262.204681 177.515503 0.000000"
				           scale="1.500000 1.000000 1.000000"
				           rotation="0.000000 1.000000 0.000000 0.000000"
				           >
					<Transform DEF="group_204_ifs_TRANSFORM"
					           translation="0.000008 0.000031 0.000000"
					           scale="1.000000 1.000000 1.000000"
					           rotation="0.000000 1.000000 0.000000 0.000000"
					           >
						<Group DEF="group_ME_ID1443">
						</Group>
					</Transform>
				</Transform>
				<Transform DEF="group_205_TRANSFORM"
				           translation="17.322823 35.432983 0.000000"
				           scale="1.500000 1.000000 1.000000"
				           rotation="0.000000 0.000000 -1.000000 1.570796"
				           >
					<Transform DEF="group_205_ifs_TRANSFORM"
					           translation="0.000027 0.000000 0.000000"
					           scale="1.000000 1.000000 1.000000"
					           rotation="0.000000 0.000000 -0.000000 0.000000"
					           >
						<Group DEF="group_ME_ID1448">
						</Group>
					</Transform>
				</Transform>
				<Transform DEF="group_206_TRANSFORM"
				           translation="262.204681 374.097595 0.000000"
				           scale="1.500000 1.000000 1.000000"
				           rotation="0.000000 1.000000 0.000000 0.000000"
				           >
					<Transform DEF="group_206_ifs_TRANSFORM"
					           translation="0.000008 0.000015 0.000000"
					           scale="1.000000 1.000000 1.000000"
					           rotation="0.000000 1.000000 0.000000 0.000000"
					           >
						<Group DEF="group_ME_ID1453">
						</Group>
					</Transform>
				</Transform>
				<Transform DEF="group_207_TRANSFORM"
				           translation="262.204681 79.224426 0.000000"
				           scale="1.500000 1.000000 1.000000"
				           rotation="0.000000 1.000000 0.000000 0.000000"
				           >
					<Transform DEF="group_207_ifs_TRANSFORM"
					           translation="0.000008 0.000000 0.000000"
					           scale="1.000000 1.000000 1.000000"
					           rotation="0.000000 1.000000 0.000000 0.000000"
					           >
						<Group DEF="group_ME_ID1458">
						</Group>
					</Transform>
				</Transform>
				<Transform DEF="group_208_TRANSFORM"
				           translation="262.204681 472.656952 0.000000"
				           scale="1.500000 1.000000 1.000000"
				           rotation="0.000000 1.000000 0.000000 0.000000"
				           >
					<Transform DEF="group_208_ifs_TRANSFORM"
					           translation="0.000008 0.000000 0.000000"
					           scale="1.000000 1.000000 1.000000"
					           rotation="0.000000 1.000000 0.000000 0.000000"
					           >
						<Group DEF="group_ME_ID1463">
						</Group>
					</Transform>
				</Transform>
				<Transform DEF="group_209_TRANSFORM"
				           translation="262.204681 535.711792 0.000000"
				           scale="1.500000 1.000000 1.000000"
				           rotation="0.000000 1.000000 0.000000 0.000000"
				           >
					<Transform DEF="group_209_ifs_TRANSFORM"
					           translation="0.000008 0.000000 0.000000"
					           scale="1.000000 1.000000 1.000000"
					           rotation="0.000000 1.000000 0.000000 0.000000"
					           >
						<Group DEF="group_ME_ID1468">
						</Group>
					</Transform>
				</Transform>
				<Transform DEF="group_210_TRANSFORM"
				           translation="262.204681 17.322754 0.000000"
				           scale="1.500000 1.000000 1.000000"
				           rotation="0.000000 1.000000 0.000000 0.000000"
				           >
					<Transform DEF="group_210_ifs_TRANSFORM"
					           translation="0.000008 0.000000 0.000000"
					           scale="1.000000 1.000000 1.000000"
					           rotation="0.000000 1.000000 0.000000 0.000000"
					           >
						<Group DEF="group_ME_ID1473_001">
						</Group>
					</Transform>
				</Transform>
				<Transform DEF="group_211_TRANSFORM"
				           translation="163.779510 374.097595 0.000000"
				           scale="1.500000 1.000000 1.000000"
				           rotation="0.000000 1.000000 0.000000 0.000000"
				           >
					<Transform DEF="group_211_ifs_TRANSFORM"
					           translation="0.000004 0.000015 0.000000"
					           scale="1.000000 1.000000 1.000000"
					           rotation="0.000000 1.000000 0.000000 0.000000"
					           >
						<Group DEF="group_ME_ID1478">
						</Group>
					</Transform>
				</Transform>
				<Transform DEF="group_212_TRANSFORM"
				           translation="163.779510 275.940674 0.000000"
				           scale="1.500000 1.000000 1.000000"
				           rotation="0.000000 1.000000 0.000000 0.000000"
				           >
					<Transform DEF="group_212_ifs_TRANSFORM"
					           translation="0.000004 0.000000 0.000000"
					           scale="1.000000 1.000000 1.000000"
					           rotation="0.000000 1.000000 0.000000 0.000000"
					           >
						<Group DEF="group_ME_ID1483">
						</Group>
					</Transform>
				</Transform>
				<Transform DEF="group_213_TRANSFORM"
				           translation="163.779510 177.515503 0.000000"
				           scale="1.500000 1.000000 1.000000"
				           rotation="0.000000 1.000000 0.000000 0.000000"
				           >
					<Transform DEF="group_213_ifs_TRANSFORM"
					           translation="0.000004 0.000031 0.000000"
					           scale="1.000000 1.000000 1.000000"
					           rotation="0.000000 1.000000 0.000000 0.000000"
					           >
						<Group DEF="group_ME_ID1488">
						</Group>
					</Transform>
				</Transform>
				<Transform DEF="group_214_TRANSFORM"
				           translation="459.055115 472.656952 0.000000"
				           scale="1.500000 1.000000 1.000000"
				           rotation="0.000000 1.000000 0.000000 0.000000"
				           >
					<Transform DEF="group_214_ifs_TRANSFORM"
					           translation="0.000000 0.000000 0.000000"
					           scale="1.000000 1.000000 1.000000"
					           rotation="0.000000 1.000000 0.000000 0.000000"
					           >
						<Group DEF="group_ME_ID1493">
						</Group>
					</Transform>
				</Transform>
				<Transform DEF="group_215_TRANSFORM"
				           translation="759.107300 361.685425 0.000000"
				           scale="1.000000 1.000000 1.000000"
				           rotation="0.000000 1.000000 0.000000 0.000000"
				           >
					<Transform DEF="group_43_001_TRANSFORM"
					           translation="25.055054 25.611725 0.000000"
					           scale="1.500000 1.000000 1.000000"
					           rotation="-0.000000 -0.000000 -1.000000 2.356194"
					           >
						<Transform DEF="group_43_001_ifs_TRANSFORM"
						           translation="0.000008 -0.000053 0.000000"
						           scale="1.000000 1.000000 1.000000"
						           rotation="0.000000 1.000000 0.000000 0.000000"
						           >
							<Group DEF="group_ME_ID1499">
							</Group>
						</Transform>
					</Transform>
					<Transform DEF="group_44_001_TRANSFORM"
					           translation="25.611755 0.556747 0.000000"
					           scale="1.500000 1.000000 1.000000"
					           rotation="0.000000 0.000000 1.000000 2.356194"
					           >
						<Transform DEF="group_44_001_ifs_TRANSFORM"
						           translation="0.000008 0.000031 0.000000"
						           scale="1.000000 1.000000 1.000000"
						           rotation="0.000000 1.000000 0.000000 0.000000"
						           >
							<Group DEF="group_ME_ID1504">
							</Group>
						</Transform>
					</Transform>
				</Transform>
				<Transform DEF="group_216_TRANSFORM"
				           translation="168.690186 361.685425 0.000000"
				           scale="-1.000000 -1.000000 -1.000000"
				           rotation="-0.707107 0.707107 -0.000000 3.141593"
				           >
					<Transform DEF="group_43_002_TRANSFORM"
					           translation="25.054939 25.611752 0.000000"
					           scale="1.500000 1.000000 1.000000"
					           rotation="0.000000 0.000000 -1.000000 2.356194"
					           >
						<Transform DEF="group_43_002_ifs_TRANSFORM"
						           translation="-0.000004 -0.000000 0.000000"
						           scale="1.000000 1.000000 1.000000"
						           rotation="-0.000000 0.000000 0.000000 0.000000"
						           >
							<Group DEF="group_ME_ID1510">
							</Group>
						</Transform>
					</Transform>
					<Transform DEF="group_44_002_TRANSFORM"
					           translation="25.611719 0.556782 0.000000"
					           scale="1.500000 1.000000 1.000000"
					           rotation="0.000000 -0.000000 1.000000 2.356194"
					           >
						<Transform DEF="group_44_002_ifs_TRANSFORM"
						           translation="0.000011 0.000000 0.000000"
						           scale="1.000000 1.000000 1.000000"
						           rotation="-0.000000 -0.000000 -0.000000 0.000000"
						           >
							<Group DEF="group_ME_ID1515_001">
							</Group>
						</Transform>
					</Transform>
				</Transform>
				<Transform DEF="group_217_TRANSFORM"
				           translation="660.682068 361.685425 0.000000"
				           scale="-1.000000 -1.000000 -1.000000"
				           rotation="-0.707107 0.707107 -0.000000 3.141593"
				           >
					<Transform DEF="group_43_003_TRANSFORM"
					           translation="25.054947 25.611805 0.000000"
					           scale="1.500000 1.000000 1.000000"
					           rotation="0.000000 0.000000 -1.000000 2.356194"
					           >
						<Transform DEF="group_43_003_ifs_TRANSFORM"
						           translation="0.000008 0.000038 0.000000"
						           scale="1.000000 1.000000 1.000000"
						           rotation="-0.000000 0.000000 0.000000 0.000000"
						           >
							<Group DEF="group_ME_ID1521">
							</Group>
						</Transform>
					</Transform>
					<Transform DEF="group_44_003_TRANSFORM"
					           translation="25.611727 0.556812 0.000000"
					           scale="1.500000 1.000000 1.000000"
					           rotation="0.000000 -0.000000 1.000000 2.356194"
					           >
						<Transform DEF="group_44_003_ifs_TRANSFORM"
						           translation="-0.000031 0.000015 0.000000"
						           scale="1.000000 1.000000 1.000000"
						           rotation="-0.000000 -0.000000 -0.000000 0.000000"
						           >
							<Group DEF="group_ME_ID1526">
							</Group>
						</Transform>
					</Transform>
				</Transform>
			</Transform>
		</Transform>
	</Scene>
</X3D>