<?xml version="1.0" encoding="UTF-8"?>
<!DOCTYPE X3D PUBLIC "ISO//Web3D//DTD X3D 3.0//EN" "http://www.web3d.org/specifications/x3d-3.0.dtd">
<X3D version="3.0" profile="Immersive" xmlns:xsd="http://www.w3.org/2001/XMLSchema-instance" xsd:noNamespaceSchemaLocation="http://www.web3d.org/specifications/x3d-3.0.xsd">
	<head>
		<meta name="filename" content="47-2 八架椽屋前後劄牽用六柱.x3d" />
		<meta name="created" content="2025-12-29 14:26:07" />
		<meta name="generator" content="Blender 4.2.2 LTS" />
		<meta name="translator" content="Web3D X3D/VRML2 format v2.5.1" />
	</head>
	<Scene>
		<NavigationInfo headlight="true"
		                visibilityLimit="0.0"
		                type='"EXAMINE", "ANY"'
		                avatarSize="0.25, 1.75, 0.75"
		                />
		<Background DEF="WO_World"
		            groundColor="0.051 0.051 0.051"
		            skyColor="0.051 0.051 0.051"
		            />
		<Transform DEF="SketchUp_TRANSFORM"
		           translation="0.000000 0.000000 0.000000"
		           scale="1.000000 1.000000 1.000000"
		           rotation="-1.000000 0.000000 0.000000 1.570796"
		           >
			<Transform DEF="group_0_TRANSFORM"
			           translation="3736.220459 -39.918316 102.364525"
			           scale="1.000000 1.000000 1.000000"
			           rotation="0.000000 1.000000 0.000000 0.000000"
			           >
				<Transform DEF="group_1_TRANSFORM"
				           translation="0.000000 38.994984 0.000000"
				           scale="1.000000 1.000000 1.000000"
				           rotation="0.000000 0.000000 -1.000000 1.570796"
				           >
					<Transform DEF="group_1_ifs_TRANSFORM"
					           translation="0.000000 -0.000000 0.000000"
					           scale="1.000000 1.000000 1.000000"
					           rotation="0.000000 1.000000 0.000000 0.000000"
					           >
						<Group DEF="group_ME_ID4_006">
							<Shape>
								<Appearance>
									<Material DEF="MA_material_012"
									          diffuseColor="1.000 1.000 1.000"
									          specularColor="0.401 0.401 0.401"
									          emissiveColor="0.000 0.000 0.000"
									          ambientIntensity="0.000"
									          shininess="0.500"
									          transparency="0.000"
									          />
								</Appearance>
								<IndexedFaceSet solid="false"
								                coordIndex="0 1 2 -1 1 0 3 -1 3 0 4 -1 5 6 7 -1 6 5 8 -1 8 5 9 -1 8 9 10 -1 10 9 11 -1 10 11 12 -1 1 13 2 -1 14 13 15 -1 13 14 2 -1 2 14 0 -1 0 14 16 -1 16 4 0 -1 17 3 4 -1 3 17 18 -1 19 20 21 -1 20 19 22 -1 22 19 23 -1 22 23 24 -1 24 23 25 -1 25 23 26 -1 25 26 27 -1 25 27 28 -1 28 27 29 -1 29 27 30 -1 29 30 31 -1 29 31 32 -1 32 31 33 -1 32 33 34 -1 1 35 36 -1 37 38 39 -1 38 37 40 -1 41 42 43 -1 42 41 44 -1 43 45 46 -1 45 43 47 -1 47 43 48 -1 48 43 42 -1 46 49 50 -1 49 46 45 -1 1 36 13 -1 51 52 53 -1 52 51 54 -1 54 51 55 -1 55 51 56 -1 55 56 57 -1 55 57 58 -1 58 57 59 -1 59 57 60 -1 59 60 61 -1 59 61 62 -1 62 61 37 -1 62 37 39 -1 63 15 64 -1 15 63 14 -1 17 4 16 -1 45 65 49 -1 47 66 65 -1 66 47 67 -1 67 47 48 -1 67 48 68 -1 67 69 66 -1 69 67 70 -1 70 71 69 -1 71 70 72 -1 71 73 74 -1 73 71 72 -1 75 76 77 -1 76 75 78 -1 79 80 81 -1 80 79 82 -1 83 84 85 -1 84 83 86 -1 87 88 89 -1 88 87 90 -1 90 64 88 -1 64 90 63 -1 68 42 44 -1 47 65 45 -1 68 48 42 -1 "
								                >
									<Coordinate DEF="coords_ME_ID4_006"
									            point="18.081432 7.874016 9.842520 26.783260 7.874016 1.924956 18.081432 7.874016 1.924956 26.783260 7.874016 9.842520 26.314358 7.874016 9.842520 26.783260 0.393701 0.000000 26.783260 0.000000 9.842520 26.783260 0.000000 1.924956 26.783260 0.393701 11.811023 26.783260 7.480315 0.000000 26.783260 7.480315 11.811023 26.783260 7.874016 1.924956 26.783260 7.874016 9.842520 18.081432 7.874016 0.000000 13.042063 7.677166 11.811023 13.042063 7.677166 0.000000 18.081432 7.874016 11.811023 26.314358 7.480315 11.811023 26.783260 7.480315 11.811023 5.483007 5.905512 0.000000 -0.883963 1.968504 0.000000 -0.883963 5.905511 0.000000 5.483007 1.968504 0.000000 6.742849 6.692914 0.000000 6.742849 1.181102 0.000000 9.262535 0.590551 0.000000 9.262535 7.283464 0.000000 13.042063 7.677166 0.000000 13.042063 0.196850 0.000000 18.081432 0.000000 0.000000 18.081432 7.874016 0.000000 26.314358 7.480315 0.000000 26.314358 0.393701 0.000000 26.783260 7.480315 0.000000 26.783260 0.393701 0.000000 26.783260 7.480315 0.000000 26.314358 7.480315 0.000000 26.314358 0.393701 11.811023 26.783260 7.480315 11.811023 26.314358 7.480315 11.811023 26.783260 0.393701 11.811023 26.783260 0.393701 11.811023 26.314358 0.000000 9.842520 26.783260 0.000000 9.842520 26.314358 0.393701 11.811023 26.314358 0.000000 1.924956 26.783260 0.000000 1.924956 18.081432 0.000000 1.924956 18.081432 0.000000 9.842520 26.314358 0.393701 0.000000 26.783260 0.393701 0.000000 5.483007 1.968504 11.811023 -0.883963 5.905511 11.811023 -0.883963 1.968504 11.811023 5.483007 5.905512 11.811023 6.742849 6.692914 11.811023 6.742849 1.181102 11.811023 9.262535 0.590551 11.811023 9.262535 7.283464 11.811023 13.042063 7.677166 11.811023 13.042063 0.196850 11.811023 18.081432 0.000000 11.811023 18.081432 7.874016 11.811023 9.262535 7.283464 11.811023 9.262535 7.283464 0.000000 18.081432 0.000000 0.000000 13.042063 0.196850 0.000000 13.042063 0.196850 11.811023 18.081432 0.000000 11.811023 9.262535 0.590551 0.000000 9.262535 0.590551 11.811023 6.742849 1.181102 0.000000 6.742849 1.181102 11.811023 5.483007 1.968504 11.811023 5.483007 1.968504 0.000000 5.483007 1.968504 11.811023 -0.883963 1.968504 0.000000 5.483007 1.968504 0.000000 -0.883963 1.968504 11.811023 -0.883963 5.905511 11.811023 -0.883963 1.968504 0.000000 -0.883963 1.968504 11.811023 -0.883963 5.905511 0.000000 -0.883963 5.905511 11.811023 5.483007 5.905512 0.000000 -0.883963 5.905511 0.000000 5.483007 5.905512 11.811023 5.483007 5.905512 11.811023 6.742849 6.692914 0.000000 5.483007 5.905512 0.000000 6.742849 6.692914 11.811023 "
									            />
								</IndexedFaceSet>
							</Shape>
						</Group>
					</Transform>
				</Transform>
				<Transform DEF="group_2_TRANSFORM"
				           translation="0.000000 38.088688 0.000000"
				           scale="-1.000000 -1.000000 -1.000000"
				           rotation="-0.707107 0.707107 -0.000000 3.141593"
				           >
					<Transform DEF="group_2_ifs_TRANSFORM"
					           translation="-0.000000 0.000009 0.000001"
					           scale="1.000000 1.000000 1.000000"
					           rotation="0.000000 1.000000 0.000000 0.000000"
					           >
						<Group DEF="group_ME_ID13_007">
							<Shape>
								<Appearance>
									<Material USE="MA_material_012" />
								</Appearance>
								<IndexedFaceSet solid="false"
								                coordIndex="0 1 2 -1 2 1 3 -1 3 1 4 -1 5 4 1 -1 3 4 6 -1 7 6 4 -1 5 8 4 -1 9 10 1 -1 1 10 5 -1 5 10 8 -1 11 8 10 -1 1 0 9 -1 12 13 2 -1 0 2 13 -1 14 15 16 -1 15 17 16 -1 16 17 18 -1 17 19 18 -1 18 19 20 -1 21 20 19 -1 22 23 24 -1 23 25 24 -1 25 26 24 -1 24 26 27 -1 27 26 28 -1 26 29 28 -1 28 29 30 -1 29 31 30 -1 31 32 30 -1 30 32 33 -1 33 32 34 -1 32 35 34 -1 34 35 36 -1 37 36 35 -1 8 7 4 -1 38 39 40 -1 39 41 40 -1 41 42 40 -1 40 42 43 -1 42 44 43 -1 43 44 45 -1 45 44 46 -1 44 47 46 -1 47 48 46 -1 46 48 49 -1 48 50 49 -1 51 49 50 -1 10 52 11 -1 53 11 52 -1 9 0 13 -1 54 39 55 -1 38 55 39 -1 56 57 58 -1 59 58 57 -1 58 59 60 -1 60 59 61 -1 61 59 62 -1 63 62 59 -1 62 63 64 -1 65 64 63 -1 64 66 62 -1 67 60 68 -1 60 61 68 -1 68 61 69 -1 66 69 61 -1 70 68 71 -1 69 71 68 -1 72 70 73 -1 71 73 70 -1 72 73 74 -1 75 74 73 -1 76 77 78 -1 79 78 77 -1 80 81 82 -1 83 82 81 -1 84 85 86 -1 87 86 85 -1 88 89 90 -1 91 90 89 -1 52 88 53 -1 90 53 88 -1 56 58 67 -1 62 66 61 -1 58 60 67 -1 "
								                >
									<Coordinate DEF="coords_ME_ID13_007"
									            point="29.306480 7.874016 9.842520 21.073559 7.874016 9.842520 51.437122 7.874016 9.842520 51.437122 7.874016 1.924956 29.775387 7.874016 1.924956 21.073559 7.874016 1.924956 51.437122 7.480315 0.000000 29.306480 7.480315 0.000000 21.073559 7.874016 0.000000 21.073559 7.874016 11.811023 16.034187 7.677166 11.811023 16.034187 7.677166 0.000000 51.437122 7.480315 11.811023 29.306480 7.480315 11.811023 51.437122 7.874016 9.842520 51.437122 7.874016 1.924956 51.437122 7.480315 11.811023 51.437122 7.480315 0.000000 51.437122 0.393701 11.811023 51.437122 0.393701 0.000000 51.437122 -0.000000 9.842520 51.437122 -0.000000 1.924956 51.437122 0.393701 0.000000 51.437122 7.480315 0.000000 29.306480 0.393701 0.000000 29.306480 7.480315 0.000000 21.073559 7.874016 0.000000 21.073559 -0.000000 0.000000 16.034187 0.196850 0.000000 16.034187 7.677166 0.000000 12.254661 0.590551 0.000000 12.254661 7.283464 0.000000 9.734976 6.692914 0.000000 9.734976 1.181102 0.000000 8.475133 1.968504 0.000000 8.475133 5.905512 0.000000 2.108163 1.968504 0.000000 2.108163 5.905512 0.000000 29.306480 7.480315 11.811023 29.306480 0.393701 11.811023 21.073559 7.874016 11.811023 21.073559 -0.000000 11.811023 16.034187 0.196850 11.811023 16.034187 7.677166 11.811023 12.254661 0.590551 11.811023 12.254661 7.283464 11.811023 9.734976 6.692914 11.811023 9.734976 1.181102 11.811023 8.475133 1.968504 11.811023 8.475133 5.905512 11.811023 2.108163 1.968504 11.811023 2.108163 5.905512 11.811023 12.254661 7.283464 11.811023 12.254661 7.283464 0.000000 51.437122 0.393701 11.811023 51.437122 7.480315 11.811023 29.306480 0.393701 11.811023 51.437122 0.393701 11.811023 29.306480 0.000000 9.842520 51.437122 -0.000000 9.842520 21.073559 -0.000000 9.842520 21.073559 -0.000000 1.924956 29.306480 0.000000 1.924956 51.437122 -0.000000 1.924956 29.306480 0.393701 0.000000 51.437122 0.393701 0.000000 21.073559 -0.000000 0.000000 21.073559 -0.000000 11.811023 16.034187 0.196850 11.811023 16.034187 0.196850 0.000000 12.254661 0.590551 11.811023 12.254661 0.590551 0.000000 9.734976 1.181102 11.811023 9.734976 1.181102 0.000000 8.475133 1.968504 11.811023 8.475133 1.968504 0.000000 2.108163 1.968504 11.811023 8.475133 1.968504 11.811023 2.108163 1.968504 0.000000 8.475133 1.968504 0.000000 2.108163 5.905512 0.000000 2.108163 5.905512 11.811023 2.108163 1.968504 0.000000 2.108163 1.968504 11.811023 8.475133 5.905512 11.811023 2.108163 5.905512 11.811023 8.475133 5.905512 0.000000 2.108163 5.905512 0.000000 9.734976 6.692914 11.811023 8.475133 5.905512 11.811023 9.734976 6.692914 0.000000 8.475133 5.905512 0.000000 "
									            />
								</IndexedFaceSet>
							</Shape>
						</Group>
					</Transform>
				</Transform>
			</Transform>
			<Transform DEF="group_3_TRANSFORM"
			           translation="3728.147217 -12.010202 -2.694531"
			           scale="1.000000 1.000000 1.000000"
			           rotation="0.000000 1.000000 0.000000 0.000000"
			           >
				<Transform DEF="group_4_TRANSFORM"
				           translation="0.000000 0.000000 0.000000"
				           scale="1.000000 1.000000 1.000000"
				           rotation="0.000000 1.000000 0.000000 0.000000"
				           >
					<Transform DEF="group_4_ifs_TRANSFORM"
					           translation="0.000000 0.000000 0.000000"
					           scale="1.000000 1.000000 1.000000"
					           rotation="0.000000 1.000000 0.000000 0.000000"
					           >
						<Group DEF="group_ME_ID21_004">
							<Shape>
								<Appearance>
									<Material USE="MA_material_012" />
								</Appearance>
								<IndexedFaceSet solid="false"
								                coordIndex="0 1 2 -1 1 0 3 -1 4 3 0 -1 3 4 5 -1 6 7 8 -1 7 6 9 -1 9 6 10 -1 9 10 11 -1 11 10 12 -1 11 12 13 -1 13 12 14 -1 13 14 15 -1 15 14 16 -1 15 16 17 -1 17 16 18 -1 17 18 19 -1 19 18 20 -1 19 20 21 -1 2 22 23 -1 22 2 1 -1 24 25 26 -1 25 24 27 -1 27 24 28 -1 27 28 29 -1 29 28 30 -1 29 30 31 -1 31 30 32 -1 31 32 33 -1 33 32 34 -1 33 34 35 -1 35 34 36 -1 36 34 37 -1 36 37 38 -1 38 37 39 -1 38 39 40 -1 40 39 41 -1 25 42 26 -1 42 25 43 -1 42 43 44 -1 44 43 45 -1 44 45 46 -1 46 45 47 -1 46 47 48 -1 48 47 49 -1 48 49 50 -1 48 50 51 -1 51 50 52 -1 51 52 53 -1 53 52 54 -1 53 54 55 -1 55 54 40 -1 55 40 41 -1 4 56 5 -1 56 4 57 -1 58 59 60 -1 59 58 61 -1 61 22 59 -1 22 61 23 -1 57 62 56 -1 62 57 63 -1 63 64 62 -1 64 63 65 -1 65 66 64 -1 66 65 67 -1 66 68 69 -1 68 66 67 -1 69 70 71 -1 70 69 68 -1 71 72 73 -1 72 71 70 -1 73 74 75 -1 74 73 72 -1 74 76 75 -1 76 74 77 -1 77 78 76 -1 78 77 79 -1 79 60 78 -1 60 79 58 -1 "
								                >
									<Coordinate DEF="coords_ME_ID21_004"
									            point="0.914222 16.606306 0.496480 0.000000 12.010202 0.000000 0.000000 12.010202 0.496480 0.914222 16.606306 0.000000 3.517707 20.502697 0.496480 3.517707 20.502697 0.000000 0.914222 16.606306 0.000000 0.914222 7.414096 0.000000 0.000000 12.010202 0.000000 3.517707 3.517707 0.000000 3.517707 20.502697 0.000000 7.414096 0.914222 0.000000 7.414096 23.106182 0.000000 12.010202 0.000000 0.000000 12.010202 24.020405 0.000000 16.606306 0.914222 0.000000 16.606306 23.106182 0.000000 20.502697 3.517707 0.000000 20.502697 20.502697 0.000000 23.106182 7.414096 0.000000 23.106182 16.606306 0.000000 24.020405 12.010202 0.000000 0.914222 7.414096 0.000000 0.914222 7.414096 0.496480 0.914222 7.414096 0.496480 0.827557 12.010202 0.496480 0.000000 12.010202 0.496480 1.678785 7.730789 0.496480 3.517707 3.517707 0.496480 4.102878 4.102878 0.496480 7.414096 0.914222 0.496480 7.730789 1.678785 0.496480 12.010202 0.000000 0.496480 12.010202 0.827557 0.496480 16.606306 0.914222 0.496480 16.289616 1.678785 0.496480 19.917524 4.102878 0.496480 20.502697 3.517707 0.496480 22.341618 7.730789 0.496480 23.106182 7.414096 0.496480 23.192846 12.010202 0.496480 24.020405 12.010202 0.496480 0.914222 16.606306 0.496480 1.678785 16.289616 0.496480 3.517707 20.502697 0.496480 4.102878 19.917524 0.496480 7.414096 23.106182 0.496480 7.730789 22.341618 0.496480 12.010202 24.020405 0.496480 12.010202 23.192846 0.496480 16.289616 22.341618 0.496480 16.606306 23.106182 0.496480 19.917524 19.917524 0.496480 20.502697 20.502697 0.496480 22.341618 16.289614 0.496480 23.106182 16.606306 0.496480 7.414096 23.106182 0.000000 7.414096 23.106182 0.496480 7.414096 0.914222 0.496480 3.517707 3.517707 0.000000 7.414096 0.914222 0.000000 3.517707 3.517707 0.496480 12.010202 24.020405 0.000000 12.010202 24.020405 0.496480 16.606306 23.106182 0.000000 16.606306 23.106182 0.496480 20.502697 20.502697 0.000000 20.502697 20.502697 0.496480 23.106182 16.606306 0.496480 23.106182 16.606306 0.000000 24.020405 12.010202 0.496480 24.020405 12.010202 0.000000 23.106182 7.414096 0.496480 23.106182 7.414096 0.000000 20.502697 3.517707 0.496480 20.502697 3.517707 0.000000 16.606306 0.914222 0.000000 16.606306 0.914222 0.496480 12.010202 0.000000 0.000000 12.010202 0.000000 0.496480 "
									            />
								</IndexedFaceSet>
							</Shape>
						</Group>
					</Transform>
				</Transform>
				<Transform DEF="group_4_001_TRANSFORM"
				           translation="0.000000 0.000000 0.000000"
				           scale="1.000000 1.000000 1.000000"
				           rotation="0.000000 1.000000 0.000000 0.000000"
				           >
					<Transform DEF="group_4_001_ifs_TRANSFORM"
					           translation="0.000000 0.000000 0.000000"
					           scale="1.000000 1.000000 1.000000"
					           rotation="0.000000 1.000000 0.000000 0.000000"
					           >
						<Group DEF="group_ME_ID27_007">
							<Shape>
								<Appearance>
									<Material USE="MA_material_012" />
								</Appearance>
								<IndexedFaceSet solid="false"
								                coordIndex="0 1 2 -1 1 0 3 -1 4 3 0 -1 3 4 5 -1 3 6 1 -1 6 3 7 -1 2 8 9 -1 8 2 1 -1 10 11 12 -1 11 10 13 -1 13 10 14 -1 14 10 15 -1 14 15 16 -1 16 15 17 -1 16 17 18 -1 18 17 19 -1 18 19 20 -1 20 19 21 -1 20 21 22 -1 22 21 23 -1 23 21 24 -1 23 24 25 -1 25 24 26 -1 25 26 27 -1 11 28 29 -1 28 11 13 -1 29 28 30 -1 29 30 31 -1 31 30 32 -1 31 32 33 -1 33 32 34 -1 33 34 35 -1 33 35 36 -1 36 35 37 -1 36 37 38 -1 38 37 39 -1 38 39 40 -1 40 39 27 -1 40 27 26 -1 40 26 41 -1 42 4 43 -1 4 42 5 -1 7 5 44 -1 5 7 3 -1 45 6 7 -1 6 45 46 -1 1 47 8 -1 47 1 6 -1 9 48 49 -1 48 9 8 -1 50 51 52 -1 51 50 53 -1 54 53 50 -1 53 54 55 -1 56 55 54 -1 55 56 57 -1 58 57 56 -1 57 58 59 -1 60 59 58 -1 59 60 61 -1 60 62 61 -1 62 60 63 -1 63 43 62 -1 43 63 42 -1 64 48 65 -1 48 64 49 -1 66 65 67 -1 65 66 64 -1 68 67 69 -1 67 68 66 -1 51 69 52 -1 69 51 68 -1 44 42 70 -1 42 44 5 -1 45 44 71 -1 44 45 7 -1 47 46 72 -1 46 47 6 -1 48 47 73 -1 47 48 8 -1 50 74 75 -1 74 50 52 -1 76 50 75 -1 50 76 54 -1 77 54 76 -1 54 77 56 -1 58 77 78 -1 77 58 56 -1 60 78 79 -1 78 60 58 -1 79 63 60 -1 63 79 80 -1 80 42 63 -1 42 80 70 -1 65 73 81 -1 73 65 48 -1 67 81 82 -1 81 67 65 -1 69 82 83 -1 82 69 67 -1 69 74 52 -1 74 69 83 -1 71 70 84 -1 70 71 44 -1 73 72 85 -1 72 73 47 -1 75 86 87 -1 86 75 74 -1 76 87 88 -1 87 76 75 -1 77 88 89 -1 88 77 76 -1 78 89 90 -1 89 78 77 -1 79 90 91 -1 90 79 78 -1 80 91 92 -1 91 80 79 -1 84 80 92 -1 80 84 70 -1 81 85 93 -1 85 81 73 -1 82 93 94 -1 93 82 81 -1 82 95 83 -1 95 82 94 -1 83 86 74 -1 86 83 95 -1 "
								                >
									<Coordinate DEF="coords_ME_ID27_007"
									            point="20.502298 15.527744 2.694531 19.085697 19.085697 2.118207 18.509771 18.509771 2.694531 21.254782 15.839433 2.118207 21.201981 12.010202 2.694531 22.016464 12.010202 2.118207 19.562479 19.562479 1.373765 21.877728 16.097466 1.373765 15.839433 21.254782 2.118207 15.527744 20.502298 2.694531 3.518105 8.492661 2.694531 3.518105 15.527744 2.694531 2.818422 12.010202 2.694531 3.525118 12.010202 2.694531 4.171007 8.763102 2.694531 5.510632 5.510632 2.694531 6.010342 6.010342 2.694531 8.492661 3.518105 2.694531 8.763102 4.171007 2.694531 12.010202 2.818422 2.694531 12.010202 3.525118 2.694531 15.527744 3.518105 2.694531 15.257302 4.171007 2.694531 18.010061 6.010342 2.694531 18.509771 5.510632 2.694531 19.849398 8.763102 2.694531 20.502298 8.492661 2.694531 20.495285 12.010202 2.694531 4.171007 15.257302 2.694531 5.510632 18.509771 2.694531 6.010342 18.010061 2.694531 8.492661 20.502298 2.694531 8.763101 19.849398 2.694531 12.010202 21.201981 2.694531 12.010202 20.495285 2.694531 15.257302 19.849398 2.694531 15.527744 20.502298 2.694531 18.010061 18.010061 2.694531 18.509771 18.509771 2.694531 19.849398 15.257302 2.694531 20.502298 15.527744 2.694531 21.201981 12.010202 2.694531 21.254782 8.180971 2.118207 20.502298 8.492661 2.694531 22.690733 12.010202 1.373765 22.341618 16.289614 0.496480 19.917524 19.917524 0.496480 16.097466 21.877728 1.373765 12.010202 22.016464 2.118207 12.010202 21.201981 2.694531 2.765622 8.180971 2.118207 2.818422 12.010202 2.694531 2.003941 12.010202 2.118207 3.518105 8.492661 2.694531 4.934707 4.934707 2.118207 5.510632 5.510632 2.694531 8.180971 2.765622 2.118207 8.492661 3.518105 2.694531 12.010202 2.003941 2.118207 12.010202 2.818422 2.694531 15.839433 2.765622 2.118207 15.527744 3.518105 2.694531 18.509771 5.510632 2.694531 19.085697 4.934707 2.118207 8.492661 20.502298 2.694531 8.180971 21.254782 2.118207 5.510632 18.509771 2.694531 4.934707 19.085697 2.118207 3.518105 15.527744 2.694531 2.765622 15.839433 2.118207 21.877728 7.922939 1.373765 23.192846 12.010202 0.496480 16.289616 22.341618 0.496480 12.010202 22.690733 1.373765 1.329669 12.010202 1.373765 2.142676 7.922939 1.373765 4.457925 4.457925 1.373765 7.922939 2.142676 1.373765 12.010202 1.329669 1.373765 16.097466 2.142676 1.373765 19.562479 4.457925 1.373765 7.922939 21.877728 1.373765 4.457925 19.562479 1.373765 2.142676 16.097466 1.373765 22.341618 7.730789 0.496480 12.010202 23.192846 0.496480 0.827557 12.010202 0.496480 1.678785 7.730789 0.496480 4.102878 4.102878 0.496480 7.730789 1.678785 0.496480 12.010202 0.827557 0.496480 16.289616 1.678785 0.496480 19.917524 4.102878 0.496480 7.730789 22.341618 0.496480 4.102878 19.917524 0.496480 1.678785 16.289616 0.496480 "
									            />
								</IndexedFaceSet>
							</Shape>
						</Group>
					</Transform>
				</Transform>
				<Transform DEF="group_5_TRANSFORM"
				           translation="3.525146 3.525118 2.694531"
				           scale="1.000000 1.000000 1.035714"
				           rotation="0.000000 1.000000 0.000000 0.000000"
				           >
					<Transform DEF="group_6_TRANSFORM"
					           translation="0.000000 0.000000 0.000000"
					           scale="1.000000 1.000000 1.000000"
					           rotation="0.000000 1.000000 0.000000 0.000000"
					           >
						<Transform DEF="group_6_ifs_TRANSFORM"
						           translation="0.000000 0.000000 0.000000"
						           scale="1.000000 1.000000 1.000000"
						           rotation="0.000000 1.000000 0.000000 0.000000"
						           >
							<Group DEF="group_ME_ID35_004">
								<Shape>
									<Appearance>
										<Material USE="MA_material_012" />
									</Appearance>
									<IndexedFaceSet solid="false"
									                coordIndex="0 1 2 -1 1 0 3 -1 4 3 0 -1 3 4 5 -1 6 7 8 -1 7 6 9 -1 10 1 11 -1 1 10 2 -1 12 2 13 -1 2 12 0 -1 4 14 5 -1 14 4 15 -1 16 9 6 -1 9 16 17 -1 18 0 12 -1 0 18 4 -1 8 19 20 -1 19 8 7 -1 21 11 22 -1 11 21 10 -1 23 2 10 -1 2 23 13 -1 24 13 25 -1 13 24 12 -1 15 26 14 -1 26 15 27 -1 16 28 17 -1 28 16 29 -1 18 15 4 -1 15 18 30 -1 31 12 24 -1 12 31 18 -1 20 32 33 -1 32 20 19 -1 34 22 35 -1 22 34 21 -1 36 10 21 -1 10 36 23 -1 37 13 23 -1 13 37 25 -1 27 38 26 -1 38 27 39 -1 29 40 28 -1 40 29 41 -1 30 27 15 -1 27 30 42 -1 31 30 18 -1 30 31 43 -1 44 32 45 -1 32 44 33 -1 46 35 47 -1 35 46 34 -1 48 21 34 -1 21 48 36 -1 49 23 36 -1 23 49 37 -1 39 50 38 -1 50 39 51 -1 41 52 40 -1 52 41 53 -1 42 39 27 -1 39 42 54 -1 43 42 30 -1 42 43 55 -1 56 45 57 -1 45 56 44 -1 58 47 59 -1 47 58 46 -1 60 34 46 -1 34 60 48 -1 61 36 48 -1 36 61 49 -1 62 51 63 -1 51 62 50 -1 53 64 52 -1 64 53 65 -1 54 51 39 -1 51 54 66 -1 55 54 42 -1 54 55 67 -1 68 57 69 -1 57 68 56 -1 70 59 71 -1 59 70 58 -1 72 46 58 -1 46 72 60 -1 73 48 60 -1 48 73 61 -1 62 74 75 -1 74 62 63 -1 64 76 77 -1 76 64 65 -1 63 66 78 -1 66 63 51 -1 67 66 54 -1 66 67 79 -1 80 69 81 -1 69 80 68 -1 82 70 71 -1 70 82 83 -1 84 58 70 -1 58 84 72 -1 85 60 72 -1 60 85 73 -1 75 83 82 -1 83 75 74 -1 77 86 87 -1 86 77 76 -1 63 88 74 -1 88 63 78 -1 78 79 89 -1 79 78 66 -1 90 80 81 -1 80 90 91 -1 83 84 70 -1 84 83 92 -1 93 72 84 -1 72 93 85 -1 87 91 90 -1 91 87 86 -1 74 92 83 -1 92 74 88 -1 78 94 88 -1 94 78 89 -1 92 93 84 -1 93 92 95 -1 88 95 92 -1 95 88 94 -1 "
									                >
										<Coordinate DEF="coords_ME_ID35_004"
										            point="1.552445 11.356677 1.909318 0.481374 8.485084 1.231157 0.981250 8.485084 1.909318 1.090621 11.547971 1.231157 3.179072 13.791096 1.909318 2.825607 14.144561 1.231157 1.090621 11.547971 1.231157 0.481374 8.485084 0.744720 0.481374 8.485084 1.231157 1.090621 11.547971 0.744720 1.552445 5.613491 1.909318 1.090621 5.422197 1.231157 1.841430 11.236976 2.697753 1.294044 8.485084 2.697753 5.422197 15.879547 1.231157 5.613491 15.417723 1.909318 2.825607 14.144561 1.231157 2.825607 14.144561 0.744720 3.400251 13.569917 2.697753 1.090621 5.422197 0.744720 1.090621 5.422197 1.231157 3.179072 3.179072 1.909318 2.825607 2.825607 1.231157 1.841430 5.733192 2.697753 1.937906 11.197014 3.542801 1.398470 8.485084 3.542801 8.485084 16.488794 1.231157 8.485084 15.988917 1.909318 5.422197 15.879547 0.744720 5.422197 15.879547 1.231157 5.733192 15.128737 2.697753 3.474091 13.496077 3.542801 2.825607 2.825607 0.744720 2.825607 2.825607 1.231157 5.613491 1.552445 1.909318 5.422197 1.090621 1.231157 3.400251 3.400251 2.697753 1.937906 5.773154 3.542801 11.547971 15.879547 1.231157 11.356677 15.417723 1.909318 8.485084 16.488794 0.744720 8.485084 16.488794 1.231157 8.485084 15.676124 2.697753 5.773154 15.032262 3.542801 5.422197 1.090621 1.231157 5.422197 1.090621 0.744720 8.485084 0.981250 1.909318 8.485084 0.481374 1.231157 5.733192 1.841430 2.697753 3.474091 3.474091 3.542801 14.144561 14.144561 1.231157 13.791096 13.791096 1.909318 11.547971 15.879547 0.744720 11.547971 15.879547 1.231157 11.236976 15.128737 2.697753 8.485084 15.571697 3.542801 8.485084 0.481374 1.231157 8.485084 0.481374 0.744720 11.356677 1.552445 1.909318 11.547971 1.090621 1.231157 8.485084 1.294044 2.697753 5.773154 1.937906 3.542801 15.879547 11.547971 1.231157 15.417723 11.356677 1.909318 14.144561 14.144561 0.744720 14.144561 14.144561 1.231157 13.569917 13.569917 2.697753 11.197014 15.032262 3.542801 11.547971 1.090621 1.231157 11.547971 1.090621 0.744720 13.791096 3.179072 1.909318 14.144561 2.825607 1.231157 11.236976 1.841430 2.697753 8.485084 1.398470 3.542801 15.988917 8.485084 1.909318 16.488794 8.485084 1.231157 15.879547 11.547971 1.231157 15.879547 11.547971 0.744720 15.128737 11.236976 2.697753 13.496077 13.496077 3.542801 14.144561 2.825607 1.231157 14.144561 2.825607 0.744720 15.879547 5.422197 1.231157 15.417723 5.613491 1.909318 13.569917 3.400251 2.697753 11.197014 1.937906 3.542801 16.488794 8.485084 1.231157 16.488794 8.485084 0.744720 15.676124 8.485084 2.697753 15.032262 11.197014 3.542801 15.879547 5.422197 0.744720 15.879547 5.422197 1.231157 15.128737 5.733192 2.697753 13.496077 3.474091 3.542801 15.571697 8.485084 3.542801 15.032262 5.773154 3.542801 "
										            />
									</IndexedFaceSet>
								</Shape>
							</Group>
						</Transform>
					</Transform>
					<Transform DEF="group_6_001_TRANSFORM"
					           translation="0.000000 0.000000 0.000000"
					           scale="1.000000 1.000000 1.000000"
					           rotation="0.000000 1.000000 0.000000 0.000000"
					           >
						<Transform DEF="group_6_001_ifs_TRANSFORM"
						           translation="0.000000 0.000000 0.000000"
						           scale="1.000000 1.000000 1.000000"
						           rotation="0.000000 1.000000 0.000000 0.000000"
						           >
							<Group DEF="group_ME_ID41_006">
								<Shape>
									<Appearance>
										<Material USE="MA_material_012" />
									</Appearance>
									<IndexedFaceSet solid="false"
									                coordIndex="0 1 2 -1 1 0 3 -1 4 3 0 -1 3 4 5 -1 2 6 7 -1 6 2 1 -1 8 9 10 -1 9 8 11 -1 4 12 5 -1 12 4 13 -1 8 14 11 -1 14 8 15 -1 7 16 17 -1 16 7 6 -1 18 9 19 -1 9 18 10 -1 20 21 22 -1 21 20 23 -1 23 20 24 -1 23 24 25 -1 25 24 26 -1 25 26 27 -1 27 26 28 -1 27 28 29 -1 29 28 30 -1 29 30 31 -1 31 30 32 -1 32 30 33 -1 32 33 34 -1 34 33 35 -1 34 35 36 -1 36 35 37 -1 21 38 22 -1 38 21 39 -1 38 39 40 -1 40 39 41 -1 40 41 42 -1 42 41 43 -1 42 43 44 -1 44 43 45 -1 44 45 46 -1 44 46 47 -1 47 46 48 -1 47 48 49 -1 49 48 50 -1 49 50 51 -1 51 50 36 -1 51 36 37 -1 13 52 12 -1 52 13 53 -1 15 54 14 -1 54 15 55 -1 56 16 57 -1 16 56 17 -1 58 18 19 -1 18 58 59 -1 60 59 58 -1 59 60 61 -1 62 60 63 -1 60 62 61 -1 64 63 65 -1 63 64 62 -1 65 66 64 -1 66 65 67 -1 67 68 66 -1 68 67 69 -1 70 68 69 -1 68 70 71 -1 72 71 70 -1 71 72 73 -1 73 74 75 -1 74 73 72 -1 75 76 77 -1 76 75 74 -1 78 76 79 -1 76 78 77 -1 55 79 54 -1 79 55 78 -1 53 80 52 -1 80 53 81 -1 82 57 83 -1 57 82 56 -1 84 83 85 -1 83 84 82 -1 86 85 87 -1 85 86 84 -1 88 86 87 -1 86 88 89 -1 90 89 88 -1 89 90 91 -1 92 91 90 -1 91 92 93 -1 94 93 92 -1 93 94 95 -1 81 94 80 -1 94 81 95 -1 "
									                >
										<Coordinate DEF="coords_ME_ID41_006"
										            point="0.645889 11.732184 0.372360 0.000000 8.485084 0.000000 0.000000 8.485084 0.372360 0.645889 11.732184 0.000000 2.485224 14.484944 0.372360 2.485224 14.484944 0.000000 0.645889 5.237983 0.000000 0.645889 5.237983 0.372360 0.979438 11.594024 0.744720 0.000000 8.485084 0.372360 0.361031 8.485084 0.744720 0.645889 11.732184 0.372360 5.237983 16.324280 0.000000 5.237983 16.324280 0.372360 2.485224 14.484944 0.372360 2.740511 14.229657 0.744720 2.485224 2.485224 0.000000 2.485224 2.485224 0.372360 0.979438 5.376143 0.744720 0.645889 5.237983 0.372360 0.979438 5.376143 0.744720 0.481374 8.485084 0.744720 0.361031 8.485084 0.744720 1.090621 5.422197 0.744720 2.740511 2.740511 0.744720 2.825607 2.825607 0.744720 5.376143 0.979438 0.744720 5.422197 1.090621 0.744720 8.485084 0.361031 0.744720 8.485084 0.481374 0.744720 11.594024 0.979438 0.744720 11.547971 1.090621 0.744720 14.144561 2.825607 0.744720 14.229657 2.740511 0.744720 15.879547 5.422197 0.744720 15.990730 5.376143 0.744720 16.488794 8.485084 0.744720 16.609137 8.485084 0.744720 0.979438 11.594024 0.744720 1.090621 11.547971 0.744720 2.740511 14.229657 0.744720 2.825607 14.144561 0.744720 5.376143 15.990730 0.744720 5.422197 15.879547 0.744720 8.485084 16.609137 0.744720 8.485084 16.488794 0.744720 11.547971 15.879547 0.744720 11.594024 15.990730 0.744720 14.144561 14.144561 0.744720 14.229657 14.229657 0.744720 15.879547 11.547971 0.744720 15.990730 11.594024 0.744720 8.485084 16.970167 0.000000 8.485084 16.970167 0.372360 5.237983 16.324280 0.372360 5.376143 15.990730 0.744720 5.237983 0.645889 0.372360 5.237983 0.645889 0.000000 2.485224 2.485224 0.372360 2.740511 2.740511 0.744720 5.237983 0.645889 0.372360 5.376143 0.979438 0.744720 8.485084 0.361031 0.744720 8.485084 0.000000 0.372360 11.594024 0.979438 0.744720 11.732184 0.645889 0.372360 14.229657 2.740511 0.744720 14.484944 2.485224 0.372360 15.990730 5.376143 0.744720 16.324280 5.237983 0.372360 16.970167 8.485084 0.372360 16.609137 8.485084 0.744720 16.324280 11.732184 0.372360 15.990730 11.594024 0.744720 14.484944 14.484944 0.372360 14.229657 14.229657 0.744720 11.732184 16.324280 0.372360 11.594024 15.990730 0.744720 8.485084 16.609137 0.744720 8.485084 16.970167 0.372360 11.732184 16.324280 0.000000 11.732184 16.324280 0.372360 8.485084 0.000000 0.372360 8.485084 0.000000 0.000000 11.732184 0.645889 0.372360 11.732184 0.645889 0.000000 14.484944 2.485224 0.372360 14.484944 2.485224 0.000000 16.324280 5.237983 0.000000 16.324280 5.237983 0.372360 16.970167 8.485084 0.000000 16.970167 8.485084 0.372360 16.324280 11.732184 0.000000 16.324280 11.732184 0.372360 14.484944 14.484944 0.000000 14.484944 14.484944 0.372360 "
										            />
									</IndexedFaceSet>
								</Shape>
							</Group>
						</Transform>
					</Transform>
					<Transform DEF="group_7_TRANSFORM"
					           translation="1.398438 1.398470 3.542801"
					           scale="1.000000 1.000000 0.931272"
					           rotation="0.000000 1.000000 0.000000 0.000000"
					           >
						<Transform DEF="group_7_ifs_TRANSFORM"
						           translation="0.000000 0.000000 0.000000"
						           scale="1.000000 1.000000 1.000000"
						           rotation="0.000000 1.000000 0.000000 0.000000"
						           >
							<Group DEF="group_ME_ID48_004">
								<Shape>
									<Appearance>
										<Material USE="MA_material_012" />
									</Appearance>
									<IndexedFaceSet solid="false"
									                coordIndex="0 1 2 -1 1 0 3 -1 4 3 0 -1 3 4 5 -1 3 6 1 -1 6 3 7 -1 2 8 9 -1 8 2 1 -1 10 11 12 -1 11 10 13 -1 11 13 14 -1 14 13 15 -1 14 15 16 -1 16 15 17 -1 16 17 9 -1 9 17 18 -1 9 18 2 -1 2 18 19 -1 2 19 0 -1 0 19 20 -1 0 20 4 -1 4 20 21 -1 21 5 4 -1 5 21 22 -1 5 7 3 -1 7 5 23 -1 6 24 25 -1 24 6 7 -1 1 26 8 -1 26 1 6 -1 16 8 27 -1 8 16 9 -1 28 13 29 -1 13 28 15 -1 30 15 28 -1 15 30 17 -1 31 17 30 -1 17 31 18 -1 31 19 18 -1 19 31 32 -1 32 20 19 -1 20 32 33 -1 33 21 20 -1 21 33 22 -1 14 27 34 -1 27 14 16 -1 11 34 35 -1 34 11 14 -1 12 35 36 -1 35 12 11 -1 37 12 36 -1 12 37 10 -1 29 10 37 -1 10 29 13 -1 22 23 5 -1 23 22 38 -1 39 7 23 -1 7 39 24 -1 25 40 41 -1 40 25 24 -1 26 25 42 -1 25 26 6 -1 27 26 43 -1 26 27 8 -1 44 29 45 -1 29 44 28 -1 46 28 44 -1 28 46 30 -1 47 30 46 -1 30 47 31 -1 47 32 31 -1 32 47 48 -1 48 33 32 -1 33 48 49 -1 49 22 33 -1 22 49 38 -1 34 43 50 -1 43 34 27 -1 35 50 51 -1 50 35 34 -1 36 51 52 -1 51 36 35 -1 53 36 52 -1 36 53 37 -1 45 37 53 -1 37 45 29 -1 39 38 54 -1 38 39 23 -1 55 24 39 -1 24 55 40 -1 41 56 57 -1 56 41 40 -1 42 41 58 -1 41 42 25 -1 43 42 59 -1 42 43 26 -1 44 60 61 -1 60 44 45 -1 46 61 62 -1 61 46 44 -1 47 62 63 -1 62 47 46 -1 48 63 64 -1 63 48 47 -1 65 48 64 -1 48 65 49 -1 54 49 65 -1 49 54 38 -1 50 59 66 -1 59 50 43 -1 50 67 51 -1 67 50 66 -1 51 68 52 -1 68 51 67 -1 53 68 69 -1 68 53 52 -1 45 69 60 -1 69 45 53 -1 55 54 70 -1 54 55 39 -1 71 40 55 -1 40 71 56 -1 57 72 73 -1 72 57 56 -1 58 57 74 -1 57 58 41 -1 59 58 75 -1 58 59 42 -1 61 76 77 -1 76 61 60 -1 62 77 78 -1 77 62 61 -1 63 78 79 -1 78 63 62 -1 64 79 80 -1 79 64 63 -1 81 64 80 -1 64 81 65 -1 70 65 81 -1 65 70 54 -1 66 75 82 -1 75 66 59 -1 66 83 67 -1 83 66 82 -1 67 84 68 -1 84 67 83 -1 69 84 85 -1 84 69 68 -1 60 85 76 -1 85 60 69 -1 71 70 86 -1 70 71 55 -1 87 56 71 -1 56 87 72 -1 73 88 89 -1 88 73 72 -1 74 73 90 -1 73 74 57 -1 75 74 91 -1 74 75 58 -1 77 92 93 -1 92 77 76 -1 78 93 94 -1 93 78 77 -1 79 94 95 -1 94 79 78 -1 80 95 96 -1 95 80 79 -1 97 80 96 -1 80 97 81 -1 86 81 97 -1 81 86 70 -1 82 91 98 -1 91 82 75 -1 82 99 83 -1 99 82 98 -1 83 100 84 -1 100 83 99 -1 85 100 101 -1 100 85 84 -1 76 101 92 -1 101 76 85 -1 87 86 102 -1 86 87 71 -1 103 72 87 -1 72 103 88 -1 104 105 106 -1 105 104 107 -1 107 104 89 -1 107 89 88 -1 90 89 108 -1 89 90 73 -1 91 90 109 -1 90 91 74 -1 93 110 111 -1 110 93 92 -1 94 111 112 -1 111 94 93 -1 95 112 113 -1 112 95 94 -1 96 113 114 -1 113 96 95 -1 115 96 114 -1 96 115 97 -1 102 97 115 -1 97 102 86 -1 98 109 116 -1 109 98 91 -1 98 117 99 -1 117 98 116 -1 99 118 100 -1 118 99 117 -1 101 118 119 -1 118 101 100 -1 92 119 110 -1 119 92 101 -1 103 102 120 -1 102 103 87 -1 105 121 122 -1 121 105 103 -1 103 105 88 -1 88 105 107 -1 123 106 124 -1 106 123 104 -1 104 123 108 -1 104 108 89 -1 109 108 125 -1 108 109 90 -1 111 126 127 -1 126 111 110 -1 112 127 128 -1 127 112 111 -1 113 128 129 -1 128 113 112 -1 114 129 130 -1 129 114 113 -1 131 114 130 -1 114 131 115 -1 120 115 131 -1 115 120 102 -1 116 125 132 -1 125 116 109 -1 116 133 117 -1 133 116 132 -1 117 134 118 -1 134 117 133 -1 119 134 135 -1 134 119 118 -1 110 135 126 -1 135 110 119 -1 122 136 137 -1 136 122 120 -1 120 122 121 -1 120 121 103 -1 138 124 139 -1 124 138 123 -1 123 138 125 -1 123 125 108 -1 140 141 142 -1 141 140 143 -1 143 140 127 -1 143 127 126 -1 144 142 145 -1 142 144 140 -1 140 144 128 -1 140 128 127 -1 146 145 147 -1 145 146 144 -1 144 146 129 -1 144 129 128 -1 148 147 149 -1 147 148 146 -1 146 148 130 -1 146 130 129 -1 149 130 148 -1 130 149 131 -1 131 149 150 -1 150 149 151 -1 150 120 131 -1 120 150 151 -1 120 151 137 -1 120 137 136 -1 152 139 153 -1 139 152 138 -1 138 152 132 -1 138 132 125 -1 132 154 133 -1 154 153 155 -1 153 154 132 -1 153 132 152 -1 133 156 134 -1 156 133 157 -1 157 133 155 -1 155 133 154 -1 134 158 135 -1 158 134 159 -1 159 134 157 -1 157 134 156 -1 135 143 126 -1 143 135 141 -1 141 135 158 -1 141 158 159 -1 "
									                >
										<Coordinate DEF="coords_ME_ID48_004"
										            point="10.427276 10.427276 114.567429 9.143482 12.052330 114.512299 8.894567 11.451399 114.567429 10.887208 10.887209 114.512299 11.451399 8.894567 114.567429 12.052330 9.143482 114.512299 9.358715 12.571952 114.180954 11.284909 11.284909 114.180954 7.086615 12.461466 114.512299 7.086614 11.811023 114.567429 2.721829 5.278661 114.567429 2.721829 8.894567 114.567429 2.362205 7.086615 114.567429 3.745952 3.745952 114.567429 3.745952 10.427276 114.567429 5.278661 2.721829 114.567429 5.278661 11.451399 114.567429 7.086615 2.362205 114.567429 8.894567 2.721829 114.567429 10.427276 3.745952 114.567429 11.451399 5.278661 114.567429 11.811023 7.086615 114.567429 12.461466 7.086614 114.512299 12.571952 9.358715 114.180954 11.541951 11.541951 113.638763 9.497826 12.907792 113.638763 7.086615 13.023900 114.180954 5.029747 12.052330 114.512299 5.029747 2.120898 114.512299 3.286019 3.286019 114.512299 7.086615 1.711761 114.512299 9.143482 2.120898 114.512299 10.887209 3.286019 114.512299 12.052330 5.029747 114.512299 3.286019 10.887208 114.512299 2.120898 9.143482 114.512299 1.711761 7.086615 114.512299 2.120898 5.029747 114.512299 13.023900 7.086615 114.180954 12.907792 9.497826 113.638763 11.607643 11.607643 112.992630 9.533378 12.993624 112.992630 7.086615 13.387411 113.638763 4.814513 12.571952 114.180954 4.814513 1.601276 114.180954 2.888318 2.888319 114.180954 7.086615 1.149327 114.180954 9.358715 1.601276 114.180954 11.284909 2.888318 114.180954 12.571952 4.814513 114.180954 2.888318 11.284909 114.180954 1.601276 9.358715 114.180954 1.149327 7.086615 114.180954 1.601276 4.814513 114.180954 13.387411 7.086615 113.638763 12.993624 9.533378 112.992630 11.819219 11.819219 108.005753 9.647881 13.270060 108.005753 7.086615 13.480314 112.992630 4.675403 12.907792 113.638763 2.631277 2.631277 113.638763 4.675403 1.265436 113.638763 7.086615 0.785816 113.638763 9.497826 1.265436 113.638763 11.541951 2.631277 113.638763 12.907792 4.675403 113.638763 2.631277 11.541951 113.638763 1.265436 9.497826 113.638763 0.785816 7.086615 113.638763 1.265436 4.675403 113.638763 13.480314 7.086615 112.992630 13.270060 9.647882 108.005753 12.004810 12.004810 94.882401 9.748322 13.512548 94.882401 7.086615 13.779528 108.005753 4.639851 12.993624 112.992630 2.565585 2.565585 112.992630 4.639851 1.179605 112.992630 7.086615 0.692913 112.992630 9.533378 1.179605 112.992630 11.607643 2.565585 112.992630 12.993624 4.639851 112.992630 2.565585 11.607643 112.992630 1.179605 9.533378 112.992630 0.692913 7.086615 112.992630 1.179605 4.639851 112.992630 13.779528 7.086615 108.005753 13.512548 9.748322 94.882401 12.097608 12.097608 75.197357 9.798544 13.633792 75.197357 7.086615 14.041994 94.882401 4.525347 13.270060 108.005753 2.354010 2.354010 108.005753 4.525347 0.903168 108.005753 7.086615 0.393701 108.005753 9.647882 0.903168 108.005753 11.819219 2.354010 108.005753 13.270060 4.525347 108.005753 2.354010 11.819219 108.005753 0.903168 9.647881 108.005753 0.393701 7.086615 108.005753 0.903168 4.525347 108.005753 14.041994 7.086614 94.882401 13.633792 9.798544 75.197357 9.798544 13.633792 35.827278 12.097608 12.097608 0.000000 9.798544 13.633792 0.000000 12.097608 12.097608 35.827278 7.086615 14.173228 75.197357 4.424905 13.512548 94.882401 2.168417 2.168417 94.882401 4.424905 0.660680 94.882401 7.086615 0.131234 94.882401 9.748322 0.660680 94.882401 12.004810 2.168417 94.882401 13.512548 4.424905 94.882401 2.168417 12.004810 94.882401 0.660680 9.748322 94.882401 0.131234 7.086615 94.882401 0.660680 4.424905 94.882401 14.173227 7.086615 75.197357 13.633792 9.798544 35.827278 13.633792 9.798544 0.000000 7.086615 14.173228 35.827278 7.086615 14.173227 0.000000 4.374684 13.633792 75.197357 2.075621 2.075621 75.197357 4.374684 0.539436 75.197357 7.086615 0.000000 75.197357 9.798544 0.539436 75.197357 12.097608 2.075621 75.197357 13.633792 4.374684 75.197357 2.075621 12.097608 75.197357 0.539436 9.798544 75.197357 0.000000 7.086615 75.197357 0.539436 4.374684 75.197357 14.173227 7.086615 35.827278 14.173227 7.086615 0.000000 4.374684 13.633792 35.827278 4.374684 13.633792 0.000000 4.374684 0.539436 35.827278 2.075621 2.075621 0.000000 4.374684 0.539436 0.000000 2.075621 2.075621 35.827278 7.086615 0.000000 35.827278 7.086615 0.000000 0.000000 9.798544 0.539436 35.827278 9.798544 0.539436 0.000000 12.097608 2.075621 35.827278 12.097608 2.075621 0.000000 13.633792 4.374684 35.827278 13.633792 4.374684 0.000000 2.075621 12.097608 35.827278 2.075621 12.097608 0.000000 0.539436 9.798544 35.827278 0.539436 9.798544 0.000000 0.000000 7.086615 35.827278 0.000000 7.086615 0.000000 0.539436 4.374684 35.827278 0.539436 4.374684 0.000000 "
										            />
									</IndexedFaceSet>
								</Shape>
							</Group>
						</Transform>
					</Transform>
				</Transform>
			</Transform>
			<Transform DEF="group_8_TRANSFORM"
			           translation="3360.236084 -27.706594 -0.391888"
			           scale="1.000000 1.000000 1.000000"
			           rotation="0.000000 1.000000 0.000000 0.000000"
			           >
				<Transform DEF="group_8_ifs_TRANSFORM"
				           translation="0.000000 0.000000 0.000000"
				           scale="1.000000 1.000000 1.000000"
				           rotation="0.000000 1.000000 0.000000 0.000000"
				           >
					<Group DEF="group_ME_ID55_008">
						<Shape>
							<Appearance>
								<Material USE="MA_material_012" />
							</Appearance>
							<IndexedFaceSet solid="false"
							                coordIndex="0 1 2 -1 1 0 3 -1 4 5 6 -1 5 4 7 -1 8 9 10 -1 9 8 11 -1 12 13 14 -1 13 12 15 -1 16 17 18 -1 17 16 19 -1 20 21 22 -1 21 20 23 -1 "
							                >
								<Coordinate DEF="coords_ME_ID55_008"
								            point="0.000000 77.314087 5.905512 0.000000 0.000000 0.000000 0.000000 0.000000 5.905512 0.000000 77.314087 0.000000 0.000000 77.314087 0.000000 3.937008 77.314087 5.905512 3.937008 77.314087 0.000000 0.000000 77.314087 5.905512 3.937008 77.314087 0.000000 0.000000 0.000000 0.000000 0.000000 77.314087 0.000000 3.937008 0.000000 0.000000 3.937008 0.000000 5.905512 0.000000 0.000000 0.000000 3.937008 0.000000 0.000000 0.000000 0.000000 5.905512 3.937008 0.000000 5.905512 0.000000 77.314087 5.905512 0.000000 0.000000 5.905512 3.937008 77.314087 5.905512 3.937008 77.314087 0.000000 3.937008 0.000000 5.905512 3.937008 0.000000 0.000000 3.937008 77.314087 5.905512 "
								            />
							</IndexedFaceSet>
						</Shape>
					</Group>
				</Transform>
			</Transform>
			<Transform DEF="group_9_TRANSFORM"
			           translation="3358.267822 -39.918316 102.364525"
			           scale="1.000000 1.000000 1.000000"
			           rotation="0.000000 1.000000 0.000000 0.000000"
			           >
				<Transform DEF="group_1_001_TRANSFORM"
				           translation="0.000000 38.994984 0.000000"
				           scale="1.000000 1.000000 1.000000"
				           rotation="0.000000 0.000000 -1.000000 1.570796"
				           >
					<Transform DEF="group_1_001_ifs_TRANSFORM"
					           translation="-0.000000 -0.000000 0.000000"
					           scale="1.000000 1.000000 1.000000"
					           rotation="0.000000 1.000000 0.000000 0.000000"
					           >
						<Group DEF="group_ME_ID63_003">
							<Shape>
								<Appearance>
									<Material USE="MA_material_012" />
								</Appearance>
								<IndexedFaceSet solid="false"
								                coordIndex="0 1 2 -1 1 0 3 -1 3 0 4 -1 5 6 7 -1 6 5 8 -1 8 5 9 -1 8 9 10 -1 10 9 11 -1 10 11 12 -1 1 13 2 -1 14 13 15 -1 13 14 2 -1 2 14 0 -1 0 14 16 -1 16 4 0 -1 17 3 4 -1 3 17 18 -1 19 20 21 -1 20 19 22 -1 22 19 23 -1 22 23 24 -1 24 23 25 -1 25 23 26 -1 25 26 27 -1 25 27 28 -1 28 27 29 -1 29 27 30 -1 29 30 31 -1 29 31 32 -1 32 31 33 -1 32 33 34 -1 1 35 36 -1 37 38 39 -1 38 37 40 -1 41 42 43 -1 42 41 44 -1 43 45 46 -1 45 43 47 -1 47 43 48 -1 48 43 42 -1 46 49 50 -1 49 46 45 -1 1 36 13 -1 51 52 53 -1 52 51 54 -1 54 51 55 -1 55 51 56 -1 55 56 57 -1 55 57 58 -1 58 57 59 -1 59 57 60 -1 59 60 61 -1 59 61 62 -1 62 61 37 -1 62 37 39 -1 63 15 64 -1 15 63 14 -1 17 4 16 -1 45 65 49 -1 47 66 65 -1 66 47 67 -1 67 47 48 -1 67 48 68 -1 67 69 66 -1 69 67 70 -1 70 71 69 -1 71 70 72 -1 71 73 74 -1 73 71 72 -1 75 76 77 -1 76 75 78 -1 79 80 81 -1 80 79 82 -1 83 84 85 -1 84 83 86 -1 87 88 89 -1 88 87 90 -1 90 64 88 -1 64 90 63 -1 68 42 44 -1 47 65 45 -1 68 48 42 -1 "
								                >
									<Coordinate DEF="coords_ME_ID63_003"
									            point="18.081432 7.874016 9.842520 26.783260 7.874016 1.924956 18.081432 7.874016 1.924956 26.783260 7.874016 9.842520 26.314358 7.874016 9.842520 26.783260 0.393701 0.000000 26.783260 0.000000 9.842520 26.783260 0.000000 1.924956 26.783260 0.393701 11.811023 26.783260 7.480315 0.000000 26.783260 7.480315 11.811023 26.783260 7.874016 1.924956 26.783260 7.874016 9.842520 18.081432 7.874016 0.000000 13.042063 7.677166 11.811023 13.042063 7.677166 0.000000 18.081432 7.874016 11.811023 26.314358 7.480315 11.811023 26.783260 7.480315 11.811023 5.483007 5.905512 0.000000 -0.883963 1.968504 0.000000 -0.883963 5.905511 0.000000 5.483007 1.968504 0.000000 6.742849 6.692914 0.000000 6.742849 1.181102 0.000000 9.262535 0.590551 0.000000 9.262535 7.283464 0.000000 13.042063 7.677166 0.000000 13.042063 0.196850 0.000000 18.081432 0.000000 0.000000 18.081432 7.874016 0.000000 26.314358 7.480315 0.000000 26.314358 0.393701 0.000000 26.783260 7.480315 0.000000 26.783260 0.393701 0.000000 26.783260 7.480315 0.000000 26.314358 7.480315 0.000000 26.314358 0.393701 11.811023 26.783260 7.480315 11.811023 26.314358 7.480315 11.811023 26.783260 0.393701 11.811023 26.783260 0.393701 11.811023 26.314358 0.000000 9.842520 26.783260 0.000000 9.842520 26.314358 0.393701 11.811023 26.314358 0.000000 1.924956 26.783260 0.000000 1.924956 18.081432 0.000000 1.924956 18.081432 0.000000 9.842520 26.314358 0.393701 0.000000 26.783260 0.393701 0.000000 5.483007 1.968504 11.811023 -0.883963 5.905511 11.811023 -0.883963 1.968504 11.811023 5.483007 5.905512 11.811023 6.742849 6.692914 11.811023 6.742849 1.181102 11.811023 9.262535 0.590551 11.811023 9.262535 7.283464 11.811023 13.042063 7.677166 11.811023 13.042063 0.196850 11.811023 18.081432 0.000000 11.811023 18.081432 7.874016 11.811023 9.262535 7.283464 11.811023 9.262535 7.283464 0.000000 18.081432 0.000000 0.000000 13.042063 0.196850 0.000000 13.042063 0.196850 11.811023 18.081432 0.000000 11.811023 9.262535 0.590551 0.000000 9.262535 0.590551 11.811023 6.742849 1.181102 0.000000 6.742849 1.181102 11.811023 5.483007 1.968504 11.811023 5.483007 1.968504 0.000000 5.483007 1.968504 11.811023 -0.883963 1.968504 0.000000 5.483007 1.968504 0.000000 -0.883963 1.968504 11.811023 -0.883963 5.905511 11.811023 -0.883963 1.968504 0.000000 -0.883963 1.968504 11.811023 -0.883963 5.905511 0.000000 -0.883963 5.905511 11.811023 5.483007 5.905512 0.000000 -0.883963 5.905511 0.000000 5.483007 5.905512 11.811023 5.483007 5.905512 11.811023 6.742849 6.692914 0.000000 5.483007 5.905512 0.000000 6.742849 6.692914 11.811023 "
									            />
								</IndexedFaceSet>
							</Shape>
						</Group>
					</Transform>
				</Transform>
				<Transform DEF="group_2_001_TRANSFORM"
				           translation="0.000000 38.088688 0.000000"
				           scale="-1.000000 -1.000000 -1.000000"
				           rotation="-0.707107 0.707107 -0.000000 3.141593"
				           >
					<Transform DEF="group_2_001_ifs_TRANSFORM"
					           translation="0.000000 0.000009 -0.000004"
					           scale="1.000000 1.000000 1.000000"
					           rotation="0.000000 1.000000 0.000000 0.000000"
					           >
						<Group DEF="group_ME_ID70_003">
							<Shape>
								<Appearance>
									<Material USE="MA_material_012" />
								</Appearance>
								<IndexedFaceSet solid="false"
								                coordIndex="0 1 2 -1 2 1 3 -1 3 1 4 -1 5 4 1 -1 3 4 6 -1 7 6 4 -1 5 8 4 -1 9 10 1 -1 1 10 5 -1 5 10 8 -1 11 8 10 -1 1 0 9 -1 12 13 2 -1 0 2 13 -1 14 15 16 -1 15 17 16 -1 16 17 18 -1 17 19 18 -1 18 19 20 -1 21 20 19 -1 22 23 24 -1 23 25 24 -1 25 26 24 -1 24 26 27 -1 27 26 28 -1 26 29 28 -1 28 29 30 -1 29 31 30 -1 31 32 30 -1 30 32 33 -1 33 32 34 -1 32 35 34 -1 34 35 36 -1 37 36 35 -1 8 7 4 -1 38 39 40 -1 39 41 40 -1 41 42 40 -1 40 42 43 -1 42 44 43 -1 43 44 45 -1 45 44 46 -1 44 47 46 -1 47 48 46 -1 46 48 49 -1 48 50 49 -1 51 49 50 -1 10 52 11 -1 53 11 52 -1 9 0 13 -1 54 39 55 -1 38 55 39 -1 56 57 58 -1 59 58 57 -1 58 59 60 -1 60 59 61 -1 61 59 62 -1 63 62 59 -1 62 63 64 -1 65 64 63 -1 64 66 62 -1 67 60 68 -1 60 61 68 -1 68 61 69 -1 66 69 61 -1 70 68 71 -1 69 71 68 -1 72 70 73 -1 71 73 70 -1 72 73 74 -1 75 74 73 -1 76 77 78 -1 79 78 77 -1 80 81 82 -1 83 82 81 -1 84 85 86 -1 87 86 85 -1 88 89 90 -1 91 90 89 -1 52 88 53 -1 90 53 88 -1 56 58 67 -1 62 66 61 -1 58 60 67 -1 "
								                >
									<Coordinate DEF="coords_ME_ID70_003"
									            point="29.306480 7.874016 9.842520 21.073559 7.874016 9.842520 51.437122 7.874016 9.842520 51.437122 7.874016 1.924956 29.775387 7.874016 1.924956 21.073559 7.874016 1.924956 51.437122 7.480315 0.000000 29.306480 7.480315 0.000000 21.073559 7.874016 0.000000 21.073559 7.874016 11.811023 16.034187 7.677166 11.811023 16.034187 7.677166 0.000000 51.437122 7.480315 11.811023 29.306480 7.480315 11.811023 51.437122 7.874016 9.842520 51.437122 7.874016 1.924956 51.437122 7.480315 11.811023 51.437122 7.480315 0.000000 51.437122 0.393701 11.811023 51.437122 0.393701 0.000000 51.437122 -0.000000 9.842520 51.437122 -0.000000 1.924956 51.437122 0.393701 0.000000 51.437122 7.480315 0.000000 29.306480 0.393701 0.000000 29.306480 7.480315 0.000000 21.073559 7.874016 0.000000 21.073559 -0.000000 0.000000 16.034187 0.196850 0.000000 16.034187 7.677166 0.000000 12.254661 0.590551 0.000000 12.254661 7.283464 0.000000 9.734976 6.692914 0.000000 9.734976 1.181102 0.000000 8.475133 1.968504 0.000000 8.475133 5.905512 0.000000 2.108163 1.968504 0.000000 2.108163 5.905512 0.000000 29.306480 7.480315 11.811023 29.306480 0.393701 11.811023 21.073559 7.874016 11.811023 21.073559 -0.000000 11.811023 16.034187 0.196850 11.811023 16.034187 7.677166 11.811023 12.254661 0.590551 11.811023 12.254661 7.283464 11.811023 9.734976 6.692914 11.811023 9.734976 1.181102 11.811023 8.475133 1.968504 11.811023 8.475133 5.905512 11.811023 2.108163 1.968504 11.811023 2.108163 5.905512 11.811023 12.254661 7.283464 11.811023 12.254661 7.283464 0.000000 51.437122 0.393701 11.811023 51.437122 7.480315 11.811023 29.306480 0.393701 11.811023 51.437122 0.393701 11.811023 29.306480 0.000000 9.842520 51.437122 -0.000000 9.842520 21.073559 -0.000000 9.842520 21.073559 -0.000000 1.924956 29.306480 0.000000 1.924956 51.437122 -0.000000 1.924956 29.306480 0.393701 0.000000 51.437122 0.393701 0.000000 21.073559 -0.000000 0.000000 21.073559 -0.000000 11.811023 16.034187 0.196850 11.811023 16.034187 0.196850 0.000000 12.254661 0.590551 11.811023 12.254661 0.590551 0.000000 9.734976 1.181102 11.811023 9.734976 1.181102 0.000000 8.475133 1.968504 11.811023 8.475133 1.968504 0.000000 2.108163 1.968504 11.811023 8.475133 1.968504 11.811023 2.108163 1.968504 0.000000 8.475133 1.968504 0.000000 2.108163 5.905512 0.000000 2.108163 5.905512 11.811023 2.108163 1.968504 0.000000 2.108163 1.968504 11.811023 8.475133 5.905512 11.811023 2.108163 5.905512 11.811023 8.475133 5.905512 0.000000 2.108163 5.905512 0.000000 9.734976 6.692914 11.811023 8.475133 5.905512 11.811023 9.734976 6.692914 0.000000 8.475133 5.905512 0.000000 "
									            />
								</IndexedFaceSet>
							</Shape>
						</Group>
					</Transform>
				</Transform>
			</Transform>
			<Transform DEF="group_10_TRANSFORM"
			           translation="3303.929932 -27.019951 -32.222088"
			           scale="1.000000 1.000000 1.000000"
			           rotation="0.000000 1.000000 0.000000 0.000000"
			           >
				<Transform DEF="group_10_ifs_TRANSFORM"
				           translation="0.000000 0.000000 0.000000"
				           scale="1.000000 1.000000 1.000000"
				           rotation="0.000000 1.000000 0.000000 0.000000"
				           >
					<Group DEF="group_ME_ID77_002">
						<Shape>
							<Appearance>
								<Material USE="MA_material_012" />
							</Appearance>
							<IndexedFaceSet solid="false"
							                coordIndex="0 1 2 -1 1 0 3 -1 4 5 6 -1 5 4 7 -1 8 9 10 -1 9 8 11 -1 12 13 14 -1 13 12 15 -1 16 17 18 -1 17 16 19 -1 "
							                >
								<Coordinate DEF="coords_ME_ID77_002"
								            point="488.970490 77.314087 0.000000 488.970490 0.000000 29.527559 488.970490 0.000000 0.000000 488.970490 77.314087 29.527559 488.970490 0.000000 29.527559 5.531941 77.314087 29.527559 5.531941 0.000000 29.527559 488.970490 77.314087 29.527559 504.423645 0.000000 0.000000 488.970490 77.314087 0.000000 488.970490 0.000000 0.000000 504.423645 77.314087 0.000000 5.531941 77.314087 29.527559 5.531941 0.000000 0.000000 5.531941 0.000000 29.527559 5.531941 77.314087 0.000000 5.531941 0.000000 0.000000 -9.921260 77.314087 0.000000 -9.921260 0.000000 0.000000 5.531941 77.314087 0.000000 "
								            />
							</IndexedFaceSet>
						</Shape>
					</Group>
				</Transform>
			</Transform>
			<Transform DEF="group_11_TRANSFORM"
			           translation="3536.529297 -25.460630 203.831192"
			           scale="1.000000 1.000000 1.000000"
			           rotation="0.000000 1.000000 0.000000 0.000000"
			           >
				<Transform DEF="group_12_TRANSFORM"
				           translation="5.204102 0.000000 -15.735184"
				           scale="1.000000 1.000000 1.000000"
				           rotation="0.000000 1.000000 0.000000 0.000000"
				           >
					<Transform DEF="group_13_TRANSFORM"
					           translation="0.000000 49.606297 0.000000"
					           scale="1.000000 1.000000 1.000000"
					           rotation="0.000000 0.000000 -1.000000 1.570796"
					           >
						<Transform DEF="group_14_TRANSFORM"
						           translation="19.764507 5.018555 0.000000"
						           scale="1.000000 1.000000 1.000000"
						           rotation="0.000000 1.000000 0.000000 0.000000"
						           >
							<Transform DEF="group_14_ifs_TRANSFORM"
							           translation="-0.000000 0.000000 0.000000"
							           scale="1.000000 1.000000 1.000000"
							           rotation="0.000000 1.000000 0.000000 0.000000"
							           >
								<Group DEF="group_ME_ID87">
									<Shape>
										<Appearance>
											<Material USE="MA_material_012" />
										</Appearance>
										<IndexedFaceSet solid="false"
										                coordIndex="0 1 2 -1 1 0 3 -1 3 0 4 -1 3 4 5 -1 5 4 6 -1 5 6 7 -1 7 6 8 -1 9 10 11 -1 10 9 12 -1 12 9 13 -1 13 9 14 -1 13 14 15 -1 15 14 16 -1 17 13 15 -1 13 17 12 -1 12 17 18 -1 19 18 17 -1 18 19 20 -1 20 19 21 -1 21 22 20 -1 22 21 23 -1 23 21 19 -1 23 19 24 -1 23 25 22 -1 25 23 26 -1 26 23 24 -1 26 24 27 -1 25 28 29 -1 28 25 30 -1 30 25 27 -1 27 25 26 -1 29 31 32 -1 31 29 33 -1 33 29 30 -1 30 29 28 -1 31 11 32 -1 11 31 9 -1 9 31 33 -1 9 33 14 -1 34 16 14 -1 16 34 15 -1 15 34 35 -1 35 34 36 -1 35 17 15 -1 17 35 37 -1 38 17 37 -1 17 38 19 -1 38 24 19 -1 24 38 39 -1 39 27 24 -1 27 39 40 -1 27 41 30 -1 41 27 40 -1 30 42 33 -1 42 30 41 -1 42 14 33 -1 14 42 34 -1 36 43 35 -1 43 36 44 -1 44 36 34 -1 44 34 45 -1 35 46 37 -1 46 35 43 -1 46 38 37 -1 38 46 47 -1 47 39 38 -1 39 47 48 -1 48 40 39 -1 40 48 49 -1 50 40 49 -1 40 50 41 -1 42 50 51 -1 50 42 41 -1 34 51 45 -1 51 34 42 -1 44 52 43 -1 52 44 53 -1 53 44 45 -1 53 45 54 -1 43 55 46 -1 55 43 52 -1 55 47 46 -1 47 55 56 -1 56 48 47 -1 48 56 57 -1 58 48 57 -1 48 58 49 -1 59 49 58 -1 49 59 50 -1 51 59 60 -1 59 51 50 -1 51 54 45 -1 54 51 60 -1 52 56 55 -1 56 52 57 -1 57 52 53 -1 57 53 54 -1 57 54 60 -1 57 60 58 -1 58 60 59 -1 "
										                >
											<Coordinate DEF="coords_ME_ID87"
											            point="1.328030 7.561004 23.225695 1.328030 1.297263 23.225695 0.030767 4.429134 23.225695 2.859076 0.663083 23.225695 4.459901 8.858268 23.225695 4.459901 0.000000 23.225695 7.591772 7.561005 23.225695 7.591772 1.297263 23.225695 8.889034 4.429134 23.225695 4.459901 0.000000 33.403969 2.859076 0.663083 23.225695 4.459901 0.000000 23.225695 1.328030 1.297263 23.225695 1.328030 1.297263 33.403969 4.459901 0.000000 34.509304 1.328030 1.297263 34.509304 2.859076 0.663083 34.509304 0.030767 4.429134 34.509304 0.030767 4.429134 23.225695 1.328030 7.561004 34.509304 1.328030 7.561004 23.225695 1.328030 7.561004 33.403969 4.459901 8.858268 23.225695 4.459901 8.858268 33.403969 4.459901 8.858268 34.509304 7.591772 7.561005 23.225695 7.591772 7.561005 33.403969 7.591772 7.561005 34.509304 8.889035 4.429134 33.403969 8.889034 4.429134 23.225695 8.889034 4.429134 34.509304 7.591772 1.297263 33.403969 7.591772 1.297263 23.225695 7.591772 1.297263 34.509304 4.459901 0.399825 35.386585 1.610749 1.579982 35.386585 3.000436 1.004356 35.386585 0.430592 4.429134 35.386585 1.610749 7.278286 35.386585 4.459901 8.458443 35.386585 7.309052 7.278285 35.386585 8.489209 4.429134 35.386585 7.309052 1.579982 35.386585 2.178893 2.148126 36.044201 3.284507 1.690165 36.044201 4.459901 1.203301 36.044201 1.234068 4.429134 36.044201 2.178893 6.710142 36.044201 4.459901 7.654966 36.044201 6.740909 6.710142 36.044201 7.685733 4.429134 36.044201 6.740909 2.148126 36.044201 2.893966 2.863199 36.279526 3.642044 2.553334 36.279526 4.459901 2.214567 36.279526 2.245334 4.429134 36.279526 2.893966 5.995069 36.279526 4.459901 6.643701 36.279526 6.025836 5.995069 36.279526 6.674468 4.429134 36.279526 6.025836 2.863199 36.279526 "
											            />
										</IndexedFaceSet>
									</Shape>
								</Group>
							</Transform>
						</Transform>
						<Transform DEF="instance_0_TRANSFORM"
						           translation="6.114173 7.479005 46.843216"
						           scale="1.000000 1.000000 1.000000"
						           rotation="0.000000 1.000000 0.000000 0.000000"
						           >
							<Transform DEF="instance_0_ifs_TRANSFORM"
							           translation="0.000001 0.000001 0.000000"
							           scale="1.000000 1.000000 1.000000"
							           rotation="0.000000 1.000000 0.000000 0.000000"
							           >
								<Group DEF="group_ME_ID95">
									<Shape>
										<Appearance>
										</Appearance>
										<IndexedFaceSet solid="false"
										                coordIndex="0 1 2 -1 1 0 3 -1 4 5 6 -1 5 4 7 -1 7 4 8 -1 7 8 9 -1 7 9 10 -1 10 11 12 -1 11 10 13 -1 13 10 14 -1 14 10 9 -1 14 9 15 -1 14 15 16 -1 16 15 17 -1 16 17 18 -1 18 17 19 -1 19 17 20 -1 19 20 21 -1 21 20 22 -1 22 20 23 -1 24 25 26 -1 25 24 27 -1 27 24 28 -1 27 28 29 -1 29 28 30 -1 29 30 31 -1 31 30 32 -1 31 32 33 -1 18 34 35 -1 34 18 19 -1 34 19 26 -1 34 26 25 -1 35 34 36 -1 35 36 37 -1 35 37 38 -1 39 40 41 -1 40 39 42 -1 43 44 45 -1 44 43 46 -1 46 43 47 -1 46 47 48 -1 49 50 51 -1 50 49 52 -1 52 49 48 -1 52 48 53 -1 53 48 47 -1 53 47 54 -1 53 54 55 -1 55 54 56 -1 55 56 57 -1 57 56 58 -1 58 56 59 -1 58 59 60 -1 60 59 61 -1 61 59 62 -1 63 64 65 -1 64 63 66 -1 66 63 67 -1 66 67 68 -1 68 67 69 -1 68 69 70 -1 70 69 71 -1 70 71 72 -1 57 73 74 -1 73 57 58 -1 73 58 65 -1 73 65 64 -1 74 73 75 -1 74 75 76 -1 74 76 77 -1 78 79 80 -1 79 78 81 -1 82 83 84 -1 83 82 85 -1 85 82 86 -1 87 88 89 -1 88 87 90 -1 90 91 88 -1 91 90 92 -1 93 92 94 -1 92 93 91 -1 93 95 96 -1 95 93 94 -1 96 97 98 -1 97 96 95 -1 98 99 100 -1 99 98 97 -1 100 101 102 -1 101 100 99 -1 103 104 105 -1 104 103 106 -1 104 106 107 -1 108 109 110 -1 109 108 111 -1 112 113 114 -1 113 112 115 -1 116 117 118 -1 117 116 119 -1 120 121 122 -1 121 120 123 -1 124 125 126 -1 125 124 127 -1 128 129 130 -1 129 128 131 -1 132 133 134 -1 133 132 135 -1 136 137 138 -1 137 136 139 -1 140 141 142 -1 141 140 143 -1 144 145 146 -1 145 144 147 -1 148 149 150 -1 149 148 151 -1 152 153 154 -1 153 152 155 -1 156 157 158 -1 157 156 159 -1 160 161 162 -1 161 160 163 -1 163 160 164 -1 165 166 167 -1 166 165 168 -1 166 169 170 -1 169 166 168 -1 171 169 172 -1 169 171 170 -1 171 173 174 -1 173 171 172 -1 174 175 176 -1 175 174 173 -1 176 177 178 -1 177 176 175 -1 178 179 180 -1 179 178 177 -1 181 182 183 -1 182 181 184 -1 182 184 185 -1 86 183 85 -1 183 86 181 -1 186 187 188 -1 187 186 189 -1 186 190 189 -1 190 186 191 -1 191 192 190 -1 192 191 193 -1 193 194 192 -1 194 193 195 -1 196 194 195 -1 194 196 197 -1 198 197 196 -1 197 198 199 -1 200 198 201 -1 198 200 199 -1 202 203 204 -1 203 202 205 -1 206 202 207 -1 202 206 205 -1 207 208 206 -1 208 207 209 -1 209 210 208 -1 210 209 211 -1 212 210 211 -1 210 212 213 -1 214 213 212 -1 213 214 215 -1 216 214 217 -1 214 216 215 -1 "
										                >
											<Coordinate DEF="coords_ME_ID95"
											            point="34.803150 3.937008 1.062992 35.748028 0.000000 2.125984 34.803150 0.000000 1.062992 35.748028 3.937008 2.125984 31.496063 0.000000 0.000000 18.110235 0.000000 -0.000000 20.472441 0.000000 -0.000000 18.110235 0.000000 0.787402 33.385826 0.000000 0.354331 34.803150 0.000000 1.062992 15.748032 0.000000 0.787402 4.724409 0.000000 0.000000 15.748032 0.000000 -0.000000 2.834646 0.000000 0.354331 1.417323 0.000000 1.062992 35.748028 0.000000 2.125984 0.472441 0.000000 2.125984 36.220470 0.000000 3.543307 0.000000 0.000000 3.543307 31.102362 0.000000 4.724409 36.220470 0.000000 5.905512 31.692911 0.000000 4.882647 32.125229 0.000000 5.314961 32.283466 0.000000 5.905512 20.669291 0.000000 4.882647 14.960629 0.000000 4.724409 21.259842 0.000000 4.724409 15.551181 0.000000 4.882647 20.236977 0.000000 5.314961 15.983494 0.000000 5.314961 20.078739 0.000000 5.905512 16.141733 0.000000 5.905512 19.685040 0.000000 5.905512 16.535433 0.000000 5.905512 5.118110 0.000000 4.724409 0.000000 0.000000 5.905512 4.527559 0.000000 4.882647 4.095246 0.000000 5.314961 3.937008 0.000000 5.905512 34.803150 3.937008 1.062992 33.385826 0.000000 0.354331 33.385826 3.937008 0.354331 34.803150 0.000000 1.062992 2.834646 3.937008 0.354331 15.748032 3.937008 0.000000 4.724409 3.937008 0.000000 15.748032 3.937008 0.787402 1.417323 3.937008 1.062992 18.110235 3.937008 0.787402 18.110235 3.937008 0.000000 31.496063 3.937008 0.000000 20.472441 3.937008 0.000000 33.385826 3.937008 0.354331 34.803150 3.937008 1.062992 0.472441 3.937008 2.125984 35.748028 3.937008 2.125984 -0.000000 3.937008 3.543307 36.220470 3.937008 3.543307 5.118110 3.937008 4.724409 0.000000 3.937008 5.905512 4.527559 3.937008 4.882647 4.095246 3.937008 5.314961 3.937008 3.937008 5.905512 15.551181 3.937008 4.882647 21.259842 3.937008 4.724409 14.960629 3.937008 4.724409 20.669291 3.937008 4.882647 15.983494 3.937008 5.314961 20.236977 3.937008 5.314961 16.141733 3.937008 5.905512 20.078739 3.937008 5.905512 16.535433 3.937008 5.905512 19.685040 3.937008 5.905512 31.102362 3.937008 4.724409 36.220470 3.937008 5.905512 31.692911 3.937008 4.882647 32.125229 3.937008 5.314961 32.283466 3.937008 5.905512 35.748028 3.937008 2.125984 36.220470 0.000000 3.543307 35.748028 0.000000 2.125984 36.220470 3.937008 3.543307 16.141733 0.000000 5.905512 16.141733 3.937008 5.905512 15.551181 1.968504 5.905512 16.535433 3.937008 5.905512 16.535433 0.000000 5.905512 15.551181 1.968504 5.905512 15.983494 0.000000 5.314961 16.141733 0.000000 5.905512 15.472062 1.968504 5.610236 15.551181 0.000000 4.882647 15.255905 1.968504 5.394080 14.960629 0.000000 4.724409 14.885530 1.968504 5.294838 5.193209 1.968504 5.294838 5.118110 0.000000 4.724409 4.822835 1.968504 5.394080 4.527559 0.000000 4.882647 4.606678 1.968504 5.610236 4.095246 0.000000 5.314961 4.527559 1.968504 5.905512 3.937008 0.000000 5.905512 0.000000 0.000000 5.905512 3.937008 3.937008 5.905512 0.000000 3.937008 5.905512 3.937008 0.000000 5.905512 4.527559 1.968504 5.905512 0.000000 3.937008 5.905512 0.000000 0.000000 3.543307 0.000000 0.000000 5.905512 -0.000000 3.937008 3.543307 0.000000 0.000000 3.543307 0.472441 3.937008 2.125984 0.472441 0.000000 2.125984 -0.000000 3.937008 3.543307 0.472441 0.000000 2.125984 1.417323 3.937008 1.062992 1.417323 0.000000 1.062992 0.472441 3.937008 2.125984 2.834646 3.937008 0.354331 1.417323 0.000000 1.062992 1.417323 3.937008 1.062992 2.834646 0.000000 0.354331 4.724409 3.937008 0.000000 2.834646 0.000000 0.354331 2.834646 3.937008 0.354331 4.724409 0.000000 0.000000 15.748032 3.937008 0.000000 4.724409 0.000000 0.000000 4.724409 3.937008 0.000000 15.748032 0.000000 -0.000000 15.748032 0.000000 -0.000000 15.748032 3.937008 0.787402 15.748032 0.000000 0.787402 15.748032 3.937008 0.000000 18.110235 3.937008 0.787402 15.748032 0.000000 0.787402 15.748032 3.937008 0.787402 18.110235 0.000000 0.787402 18.110235 3.937008 0.787402 18.110235 0.000000 -0.000000 18.110235 0.000000 0.787402 18.110235 3.937008 0.000000 20.472441 3.937008 0.000000 18.110235 0.000000 -0.000000 18.110235 3.937008 0.000000 20.472441 0.000000 -0.000000 31.496063 3.937008 0.000000 20.472441 0.000000 -0.000000 20.472441 3.937008 0.000000 31.496063 0.000000 0.000000 33.385826 3.937008 0.354331 31.496063 0.000000 0.000000 31.496063 3.937008 0.000000 33.385826 0.000000 0.354331 36.220470 3.937008 3.543307 36.220470 0.000000 5.905512 36.220470 0.000000 3.543307 36.220470 3.937008 5.905512 32.283466 0.000000 5.905512 32.283466 3.937008 5.905512 31.692911 1.968504 5.905512 36.220470 3.937008 5.905512 36.220470 0.000000 5.905512 31.692911 1.968504 5.905512 32.125229 0.000000 5.314961 32.283466 0.000000 5.905512 31.613794 1.968504 5.610236 31.397638 1.968504 5.394080 31.692911 0.000000 4.882647 31.102362 0.000000 4.724409 31.027266 1.968504 5.294838 21.334942 1.968504 5.294838 21.259842 0.000000 4.724409 20.964567 1.968504 5.394080 20.669291 0.000000 4.882647 20.748409 1.968504 5.610236 20.236977 0.000000 5.314961 20.669291 1.968504 5.905512 20.078739 0.000000 5.905512 19.685040 0.000000 5.905512 20.078739 3.937008 5.905512 19.685040 3.937008 5.905512 20.078739 0.000000 5.905512 20.669291 1.968504 5.905512 20.748409 1.968504 5.610236 20.078739 3.937008 5.905512 20.669291 1.968504 5.905512 20.236977 3.937008 5.314961 20.669291 3.937008 4.882647 20.964567 1.968504 5.394080 21.259842 3.937008 4.724409 21.334942 1.968504 5.294838 31.102362 3.937008 4.724409 31.027266 1.968504 5.294838 31.397638 1.968504 5.394080 31.692911 3.937008 4.882647 31.613794 1.968504 5.610236 32.125229 3.937008 5.314961 32.283466 3.937008 5.905512 31.692911 1.968504 5.905512 4.606678 1.968504 5.610236 3.937008 3.937008 5.905512 4.527559 1.968504 5.905512 4.095246 3.937008 5.314961 4.527559 3.937008 4.882647 4.822835 1.968504 5.394080 5.118110 3.937008 4.724409 5.193209 1.968504 5.294838 14.960629 3.937008 4.724409 14.885530 1.968504 5.294838 15.255905 1.968504 5.394080 15.551181 3.937008 4.882647 15.472062 1.968504 5.610236 15.983494 3.937008 5.314961 16.141733 3.937008 5.905512 15.551181 1.968504 5.905512 "
											            />
										</IndexedFaceSet>
									</Shape>
								</Group>
							</Transform>
						</Transform>
						<Transform DEF="instance_1_TRANSFORM"
						           translation="16.744095 6.297852 44.481003"
						           scale="1.000000 1.000000 1.000000"
						           rotation="0.000000 0.000000 1.000000 1.570796"
						           >
							<Transform DEF="instance_1_ifs_TRANSFORM"
							           translation="0.000000 0.000000 0.000000"
							           scale="1.000000 1.000000 1.000000"
							           rotation="0.000000 1.000000 0.000000 0.000000"
							           >
								<Group DEF="group_ME_ID103_003">
									<Shape>
										<Appearance>
										</Appearance>
										<IndexedFaceSet solid="false"
										                coordIndex="0 1 2 -1 1 0 3 -1 4 5 6 -1 5 4 7 -1 5 7 8 -1 9 10 11 -1 10 9 12 -1 13 14 15 -1 14 13 16 -1 17 3 0 -1 3 17 18 -1 19 20 21 -1 20 19 22 -1 6 23 24 -1 23 6 5 -1 23 5 8 -1 23 8 25 -1 26 15 27 -1 15 26 13 -1 28 18 17 -1 18 28 29 -1 30 22 19 -1 22 30 31 -1 24 32 33 -1 32 24 23 -1 32 23 25 -1 32 25 34 -1 35 27 36 -1 27 35 26 -1 37 38 39 -1 38 37 40 -1 38 40 41 -1 39 42 43 -1 42 39 38 -1 43 42 44 -1 45 31 30 -1 31 45 46 -1 47 48 49 -1 48 47 50 -1 50 47 51 -1 52 53 54 -1 53 52 55 -1 56 57 58 -1 57 56 59 -1 60 61 62 -1 61 60 63 -1 64 65 66 -1 65 64 67 -1 68 69 70 -1 69 68 71 -1 72 73 74 -1 73 72 75 -1 76 77 78 -1 77 76 79 -1 77 79 80 -1 78 81 82 -1 81 78 77 -1 82 81 83 -1 "
										                >
											<Coordinate DEF="coords_ME_ID103_003"
											            point="0.685003 4.826808 0.595353 5.511811 4.724409 0.000000 0.787402 4.724409 0.000000 5.614210 4.826808 0.595353 5.511811 0.787402 0.000000 5.614210 4.724409 0.595353 5.614210 0.685003 0.595353 5.511811 4.724409 0.000000 5.614210 4.826808 0.595353 5.511811 4.724409 0.000000 0.787402 0.787402 0.000000 0.787402 4.724409 0.000000 5.511811 0.787402 0.000000 0.685003 4.826808 0.595353 0.787402 0.787402 0.000000 0.685003 0.685003 0.595353 0.787402 4.724409 0.000000 0.414843 5.096968 1.135672 5.884369 5.096968 1.135672 5.614210 0.685003 0.595353 0.787402 0.787402 0.000000 5.511811 0.787402 0.000000 0.685003 0.685003 0.595353 5.884369 4.724409 1.135672 5.884369 0.414843 1.135672 5.884369 5.096968 1.135672 0.414843 5.096968 1.135672 0.414843 0.414843 1.135672 0.000000 5.511811 1.574803 6.299213 5.511811 1.574803 5.884369 0.414843 1.135672 0.414843 0.414843 1.135672 6.299213 4.724409 1.574803 6.299213 0.000000 1.574803 6.299213 5.511811 1.574803 0.000000 5.511811 1.574803 0.000000 0.000000 1.574803 0.000000 5.511811 1.574803 1.181102 5.511811 2.362205 6.299213 5.511811 1.574803 0.000000 5.511811 3.937008 1.181102 5.511811 3.937008 5.118110 5.511811 2.362205 6.299213 5.511811 3.937008 5.118110 5.511811 3.937008 6.299213 0.000000 1.574803 0.000000 0.000000 1.574803 6.299213 4.724409 1.574803 6.299213 0.000000 3.937008 6.299213 0.000000 1.574803 6.299213 5.511811 3.937008 6.299213 5.511811 1.574803 0.000000 5.511811 3.937008 0.000000 0.000000 1.574803 0.000000 0.000000 3.937008 0.000000 5.511811 1.574803 1.181102 0.000000 3.937008 0.000000 5.511811 3.937008 0.000000 0.000000 3.937008 1.181102 5.511811 3.937008 1.181102 5.511811 2.362205 1.181102 0.000000 3.937008 1.181102 0.000000 2.362205 1.181102 5.511811 3.937008 5.118110 0.000000 2.362205 1.181102 5.511811 2.362205 1.181102 0.000000 2.362205 5.118110 5.511811 2.362205 5.118110 5.511811 3.937008 5.118110 0.000000 2.362205 5.118110 0.000000 3.937008 5.118110 5.511811 2.362205 6.299213 0.000000 3.937008 5.118110 5.511811 3.937008 5.118110 0.000000 3.937008 6.299213 5.511811 3.937008 6.299213 0.000000 1.574803 5.118110 0.000000 2.362205 0.000000 0.000000 1.574803 6.299213 0.000000 3.937008 5.118110 0.000000 3.937008 1.181102 0.000000 2.362205 0.000000 0.000000 3.937008 1.181102 0.000000 3.937008 "
											            />
										</IndexedFaceSet>
									</Shape>
								</Group>
							</Transform>
						</Transform>
						<Transform DEF="instance_2_TRANSFORM"
						           translation="37.216534 6.307616 44.481003"
						           scale="1.000000 1.000000 1.000000"
						           rotation="0.000000 0.000000 1.000000 1.570796"
						           >
							<Transform DEF="instance_2_ifs_TRANSFORM"
							           translation="0.000000 0.000000 0.000000"
							           scale="1.000000 1.000000 1.000000"
							           rotation="0.000000 1.000000 0.000000 0.000000"
							           >
								<Group USE="group_ME_ID103_003" />
							</Transform>
						</Transform>
						<Transform DEF="instance_3_TRANSFORM"
						           translation="10.838584 6.297853 52.748718"
						           scale="1.000000 1.000000 1.000000"
						           rotation="0.000000 0.000000 1.000000 1.570796"
						           >
							<Transform DEF="instance_3_ifs_TRANSFORM"
							           translation="0.000000 0.000000 0.000000"
							           scale="1.000000 1.000000 1.000000"
							           rotation="0.000000 1.000000 0.000000 0.000000"
							           >
								<Group USE="group_ME_ID103_003" />
							</Transform>
						</Transform>
						<Transform DEF="instance_4_TRANSFORM"
						           translation="12.019685 7.479005 38.575500"
						           scale="1.000000 1.000000 1.000000"
						           rotation="0.000000 1.000000 0.000000 0.000000"
						           >
							<Transform DEF="instance_4_ifs_TRANSFORM"
							           translation="-0.000000 0.000001 0.000000"
							           scale="1.000000 1.000000 1.000000"
							           rotation="0.000000 1.000000 0.000000 0.000000"
							           >
								<Group DEF="group_ME_ID113">
									<Shape>
										<Appearance>
										</Appearance>
										<IndexedFaceSet solid="false"
										                coordIndex="0 1 2 -1 1 0 3 -1 4 3 5 -1 3 4 1 -1 6 7 8 -1 7 6 9 -1 7 9 10 -1 7 10 11 -1 11 12 13 -1 12 11 14 -1 14 11 15 -1 15 11 10 -1 15 10 16 -1 15 16 17 -1 17 16 18 -1 17 18 19 -1 19 18 20 -1 20 18 21 -1 20 21 22 -1 22 21 23 -1 23 21 24 -1 25 26 27 -1 26 25 28 -1 28 25 29 -1 28 29 30 -1 30 29 31 -1 30 31 32 -1 32 33 30 -1 33 32 34 -1 19 35 36 -1 35 19 27 -1 27 19 20 -1 35 27 26 -1 36 35 37 -1 36 37 38 -1 36 38 39 -1 40 2 41 -1 2 40 0 -1 42 43 44 -1 43 42 45 -1 4 46 47 -1 46 4 5 -1 44 48 49 -1 48 44 43 -1 50 51 52 -1 51 50 53 -1 51 53 54 -1 55 56 57 -1 56 55 58 -1 59 60 61 -1 60 59 62 -1 63 64 65 -1 64 63 66 -1 67 68 69 -1 68 67 70 -1 71 72 73 -1 72 71 74 -1 75 76 77 -1 76 75 78 -1 79 80 81 -1 80 79 82 -1 83 84 85 -1 84 83 86 -1 87 88 89 -1 88 87 90 -1 91 92 93 -1 92 91 94 -1 95 96 97 -1 96 95 98 -1 99 100 101 -1 100 99 102 -1 103 104 105 -1 104 103 106 -1 107 108 109 -1 108 107 110 -1 111 112 113 -1 112 111 114 -1 115 116 117 -1 116 115 118 -1 118 115 119 -1 120 121 122 -1 121 120 123 -1 123 124 121 -1 124 123 125 -1 126 125 127 -1 125 126 124 -1 126 128 129 -1 128 126 127 -1 129 130 131 -1 130 129 128 -1 131 132 133 -1 132 131 130 -1 133 134 135 -1 134 133 132 -1 136 137 138 -1 137 136 139 -1 137 139 140 -1 141 142 143 -1 142 141 144 -1 145 146 147 -1 146 145 148 -1 148 145 149 -1 47 150 151 -1 150 47 46 -1 151 152 153 -1 152 151 150 -1 153 154 155 -1 154 153 152 -1 156 42 157 -1 42 156 45 -1 158 159 160 -1 159 158 161 -1 161 158 162 -1 161 162 163 -1 163 164 165 -1 164 163 166 -1 166 163 167 -1 167 163 162 -1 167 162 168 -1 167 168 169 -1 169 168 170 -1 169 170 171 -1 171 170 172 -1 172 170 173 -1 171 172 174 -1 172 173 175 -1 175 173 176 -1 176 173 177 -1 174 178 179 -1 178 174 172 -1 179 178 180 -1 179 180 181 -1 179 181 182 -1 182 181 183 -1 182 183 184 -1 184 183 185 -1 186 182 184 -1 171 187 188 -1 187 171 174 -1 188 187 189 -1 188 189 190 -1 188 190 191 -1 192 48 193 -1 48 192 49 -1 194 195 196 -1 195 194 197 -1 198 199 200 -1 199 198 201 -1 199 202 203 -1 202 199 201 -1 203 204 205 -1 204 203 202 -1 206 204 207 -1 204 206 205 -1 208 207 209 -1 207 208 206 -1 210 209 211 -1 209 210 208 -1 210 212 213 -1 212 210 211 -1 214 193 215 -1 193 214 192 -1 194 215 197 -1 215 194 214 -1 "
										                >
											<Coordinate DEF="coords_ME_ID113"
											            point="9.566550 1.968504 5.610236 9.645670 0.000000 4.882647 10.077983 0.000000 5.314961 9.350394 1.968504 5.394080 9.055119 0.000000 4.724409 8.980020 1.968504 5.294838 18.110235 0.000000 0.000000 14.960629 0.000000 0.787402 14.960629 0.000000 -0.000000 20.629921 0.000000 0.354331 22.519684 0.000000 1.062992 9.448818 0.000000 0.787402 6.299213 0.000000 0.000000 9.448818 0.000000 -0.000000 3.779527 0.000000 0.354331 1.889764 0.000000 1.062992 23.779526 0.000000 2.125984 0.629921 0.000000 2.125984 24.409447 0.000000 3.543307 0.000000 0.000000 3.543307 19.291338 0.000000 4.724409 24.409447 0.000000 5.905512 19.881889 0.000000 4.882647 20.314203 0.000000 5.314961 20.472441 0.000000 5.905512 14.763780 0.000000 4.882647 9.055119 0.000000 4.724409 15.354331 0.000000 4.724409 9.645670 0.000000 4.882647 14.331466 0.000000 5.314961 10.077983 0.000000 5.314961 14.173228 0.000000 5.905512 13.779528 0.000000 5.905512 10.236220 0.000000 5.905512 10.629921 0.000000 5.905512 5.118110 0.000000 4.724409 0.000000 0.000000 5.905512 4.527559 0.000000 4.882647 4.095246 0.000000 5.314961 3.937008 0.000000 5.905512 9.645670 1.968504 5.905512 10.236220 0.000000 5.905512 9.566550 1.968504 5.610236 9.645670 3.937008 4.882647 9.350394 1.968504 5.394080 10.077983 3.937008 5.314961 5.193209 1.968504 5.294838 5.118110 0.000000 4.724409 9.055119 3.937008 4.724409 8.980020 1.968504 5.294838 0.000000 0.000000 5.905512 3.937008 3.937008 5.905512 0.000000 3.937008 5.905512 3.937008 0.000000 5.905512 4.527559 1.968504 5.905512 0.000000 3.937008 5.905512 0.000000 0.000000 3.543307 0.000000 0.000000 5.905512 0.000000 3.937008 3.543307 0.000000 0.000000 3.543307 0.629921 3.937008 2.125984 0.629921 0.000000 2.125984 0.000000 3.937008 3.543307 1.889764 3.937008 1.062992 0.629921 0.000000 2.125984 0.629921 3.937008 2.125984 1.889764 0.000000 1.062992 3.779527 3.937008 0.354331 1.889764 0.000000 1.062992 1.889764 3.937008 1.062992 3.779527 0.000000 0.354331 6.299213 3.937008 0.000000 3.779527 0.000000 0.354331 3.779527 3.937008 0.354331 6.299213 0.000000 0.000000 9.448818 3.937008 0.000000 6.299213 0.000000 0.000000 6.299213 3.937008 0.000000 9.448818 0.000000 -0.000000 9.448818 0.000000 -0.000000 9.448818 3.937008 0.787402 9.448818 0.000000 0.787402 9.448818 3.937008 0.000000 9.448818 3.937008 0.787402 14.960629 0.000000 0.787402 9.448818 0.000000 0.787402 14.960629 3.937008 0.787402 14.960629 3.937008 0.787402 14.960629 0.000000 -0.000000 14.960629 0.000000 0.787402 14.960629 3.937008 0.000000 14.960629 3.937008 0.000000 18.110235 0.000000 0.000000 14.960629 0.000000 -0.000000 18.110235 3.937008 0.000000 20.629921 3.937008 0.354331 18.110235 0.000000 0.000000 18.110235 3.937008 0.000000 20.629921 0.000000 0.354331 22.519684 3.937008 1.062992 20.629921 0.000000 0.354331 20.629921 3.937008 0.354331 22.519684 0.000000 1.062992 23.779526 3.937008 2.125984 22.519684 0.000000 1.062992 22.519684 3.937008 1.062992 23.779526 0.000000 2.125984 23.779526 3.937008 2.125984 24.409447 0.000000 3.543307 23.779526 0.000000 2.125984 24.409447 3.937008 3.543307 24.409447 3.937008 3.543307 24.409447 0.000000 5.905512 24.409447 0.000000 3.543307 24.409447 3.937008 5.905512 20.472441 0.000000 5.905512 20.472441 3.937008 5.905512 19.881889 1.968504 5.905512 24.409447 3.937008 5.905512 24.409447 0.000000 5.905512 19.881889 1.968504 5.905512 20.314203 0.000000 5.314961 20.472441 0.000000 5.905512 19.802771 1.968504 5.610236 19.881889 0.000000 4.882647 19.586615 1.968504 5.394080 19.291338 0.000000 4.724409 19.216240 1.968504 5.294838 15.429428 1.968504 5.294838 15.354331 0.000000 4.724409 15.059054 1.968504 5.394080 14.763780 0.000000 4.882647 14.842898 1.968504 5.610236 14.331466 0.000000 5.314961 14.763780 1.968504 5.905512 14.173228 0.000000 5.905512 13.779528 0.000000 5.905512 14.173228 3.937008 5.905512 13.779528 3.937008 5.905512 14.173228 0.000000 5.905512 14.763780 1.968504 5.905512 10.629921 0.000000 5.905512 13.779528 3.937008 5.905512 10.629921 3.937008 5.905512 13.779528 0.000000 5.905512 10.236220 0.000000 5.905512 10.236220 3.937008 5.905512 9.645670 1.968504 5.905512 10.629921 3.937008 5.905512 10.629921 0.000000 5.905512 4.822835 1.968504 5.394080 4.527559 0.000000 4.882647 4.606678 1.968504 5.610236 4.095246 0.000000 5.314961 4.527559 1.968504 5.905512 3.937008 0.000000 5.905512 10.236220 3.937008 5.905512 9.645670 1.968504 5.905512 3.779527 3.937008 0.354331 9.448818 3.937008 0.000000 6.299213 3.937008 0.000000 9.448818 3.937008 0.787402 1.889764 3.937008 1.062992 14.960629 3.937008 0.787402 18.110235 3.937008 0.000000 14.960629 3.937008 0.000000 20.629921 3.937008 0.354331 22.519684 3.937008 1.062992 0.629921 3.937008 2.125984 23.779526 3.937008 2.125984 0.000000 3.937008 3.543307 24.409447 3.937008 3.543307 5.118110 3.937008 4.724409 0.000000 3.937008 5.905512 15.354331 3.937008 4.724409 4.527559 3.937008 4.882647 4.095246 3.937008 5.314961 3.937008 3.937008 5.905512 9.055119 3.937008 4.724409 14.763780 3.937008 4.882647 9.645670 3.937008 4.882647 10.077983 3.937008 5.314961 14.331466 3.937008 5.314961 10.236220 3.937008 5.905512 13.779528 3.937008 5.905512 10.629921 3.937008 5.905512 14.173228 3.937008 5.905512 19.291338 3.937008 4.724409 24.409447 3.937008 5.905512 19.881889 3.937008 4.882647 20.314203 3.937008 5.314961 20.472441 3.937008 5.905512 5.193209 1.968504 5.294838 5.118110 3.937008 4.724409 4.606678 1.968504 5.610236 3.937008 3.937008 5.905512 4.527559 1.968504 5.905512 4.095246 3.937008 5.314961 20.472441 3.937008 5.905512 19.802771 1.968504 5.610236 19.881889 1.968504 5.905512 20.314203 3.937008 5.314961 19.881889 3.937008 4.882647 19.586615 1.968504 5.394080 19.291338 3.937008 4.724409 19.216240 1.968504 5.294838 15.429428 1.968504 5.294838 15.354331 3.937008 4.724409 15.059054 1.968504 5.394080 14.763780 3.937008 4.882647 14.842898 1.968504 5.610236 14.331466 3.937008 5.314961 14.173228 3.937008 5.905512 14.763780 1.968504 5.905512 4.822835 1.968504 5.394080 4.527559 3.937008 4.882647 "
											            />
										</IndexedFaceSet>
									</Shape>
								</Group>
							</Transform>
						</Transform>
						<Transform DEF="instance_5_TRANSFORM"
						           translation="48.425198 7.479002 55.110931"
						           scale="1.000000 1.000000 1.000000"
						           rotation="0.000000 0.000000 1.000000 1.570796"
						           >
							<Transform DEF="instance_5_ifs_TRANSFORM"
							           translation="0.000000 0.000000 0.000000"
							           scale="1.000000 1.000000 1.000000"
							           rotation="0.000000 1.000000 0.000000 0.000000"
							           >
								<Group DEF="group_ME_ID121_003">
									<Shape>
										<Appearance>
										</Appearance>
										<IndexedFaceSet solid="false"
										                coordIndex="0 1 2 -1 1 0 3 -1 4 5 6 -1 5 4 7 -1 7 4 8 -1 8 4 9 -1 9 4 10 -1 10 4 11 -1 11 4 12 -1 12 4 13 -1 14 15 16 -1 15 14 17 -1 18 19 20 -1 19 18 21 -1 21 18 22 -1 21 22 23 -1 21 23 24 -1 21 24 25 -1 21 25 26 -1 21 26 27 -1 28 29 30 -1 29 28 31 -1 32 33 34 -1 33 32 35 -1 36 33 35 -1 37 38 39 -1 38 37 40 -1 41 42 43 -1 42 41 44 -1 45 42 44 -1 46 47 48 -1 47 46 49 -1 50 51 52 -1 51 50 53 -1 54 55 56 -1 55 54 57 -1 58 59 60 -1 59 58 61 -1 62 63 64 -1 63 62 65 -1 "
										                >
											<Coordinate DEF="coords_ME_ID121_003"
											            point="0.000000 43.700787 0.000000 3.937008 3.543307 0.000000 0.000000 3.543307 0.000000 3.937008 43.700787 0.000000 0.000000 48.425194 4.724409 0.000000 -1.181102 1.574803 0.000000 -1.181102 4.724409 0.000000 -0.393701 0.787402 0.000000 1.181102 0.262467 0.000000 3.543307 0.000000 0.000000 43.700787 0.000000 0.000000 46.062992 0.262467 0.000000 47.853039 0.859149 0.000000 48.425194 1.574803 3.937008 46.062992 0.262467 0.000000 43.700787 0.000000 0.000000 46.062992 0.262467 3.937008 43.700787 0.000000 3.937008 -0.393701 0.787402 3.937008 -1.181102 4.724409 3.937008 -1.181102 1.574803 3.937008 48.425198 4.724409 3.937008 1.181102 0.262467 3.937008 3.543307 0.000000 3.937008 43.700787 0.000000 3.937008 46.062992 0.262467 3.937008 47.853039 0.859149 3.937008 48.425198 1.574803 3.937008 3.543307 0.000000 0.000000 1.181102 0.262467 0.000000 3.543307 0.000000 3.937008 1.181102 0.262467 3.937008 -1.181102 4.724409 0.000000 -1.181102 1.574803 3.937008 -1.181102 1.574803 1.968504 -1.181102 4.196950 0.000000 -1.181102 4.724409 1.968504 -1.181102 4.196950 0.000000 48.425194 4.724409 0.000000 -1.181102 4.724409 1.968504 48.425198 4.196950 0.000000 48.425194 4.724409 3.937008 48.425198 1.574803 0.000000 48.425194 1.574803 1.968504 48.425198 4.196950 3.937008 48.425198 4.724409 0.000000 48.425194 1.574803 3.937008 47.853039 0.859149 0.000000 47.853039 0.859149 3.937008 48.425198 1.574803 3.937008 47.853039 0.859149 0.000000 46.062992 0.262467 0.000000 47.853039 0.859149 3.937008 46.062992 0.262467 3.937008 1.181102 0.262467 0.000000 -0.393701 0.787402 0.000000 1.181102 0.262467 3.937008 -0.393701 0.787402 3.937008 -0.393701 0.787402 0.000000 -1.181102 1.574803 0.000000 -0.393701 0.787402 3.937008 -1.181102 1.574803 3.937008 -1.181102 4.724409 1.968504 48.425198 4.196950 1.968504 -1.181102 4.196950 3.937008 48.425198 4.724409 "
											            />
										</IndexedFaceSet>
									</Shape>
								</Group>
							</Transform>
						</Transform>
						<Transform DEF="instance_6_TRANSFORM"
						           translation="21.074804 6.297852 44.481003"
						           scale="1.000000 1.000000 1.000000"
						           rotation="0.000000 1.000000 0.000000 0.000000"
						           >
							<Transform DEF="instance_6_ifs_TRANSFORM"
							           translation="-0.000000 0.000000 0.000000"
							           scale="1.000000 1.000000 1.000000"
							           rotation="0.000000 1.000000 0.000000 0.000000"
							           >
								<Group DEF="group_ME_ID129_001">
									<Shape>
										<Appearance>
										</Appearance>
										<IndexedFaceSet solid="false"
										                coordIndex="0 1 2 -1 1 0 3 -1 4 5 6 -1 7 8 9 -1 8 7 10 -1 8 10 11 -1 11 10 5 -1 11 5 4 -1 12 13 14 -1 13 12 15 -1 15 12 16 -1 16 17 18 -1 17 16 19 -1 19 16 12 -1 20 21 22 -1 21 20 23 -1 21 23 24 -1 24 23 25 -1 25 23 26 -1 27 22 21 -1 28 29 30 -1 29 28 31 -1 31 28 32 -1 33 34 35 -1 34 33 36 -1 37 38 39 -1 38 37 40 -1 41 42 43 -1 42 41 44 -1 44 41 45 -1 45 46 47 -1 46 45 48 -1 48 45 41 -1 49 50 51 -1 50 49 52 -1 53 54 55 -1 54 53 56 -1 57 58 59 -1 58 57 60 -1 61 62 63 -1 62 61 64 -1 65 66 67 -1 66 65 68 -1 69 70 71 -1 70 69 72 -1 73 74 75 -1 74 73 76 -1 77 78 79 -1 78 77 80 -1 80 77 81 -1 81 77 82 -1 83 84 85 -1 84 83 86 -1 56 87 54 -1 87 56 88 -1 89 76 73 -1 76 89 90 -1 79 91 92 -1 91 79 93 -1 93 79 80 -1 80 79 78 -1 85 94 95 -1 94 85 84 -1 88 96 87 -1 96 88 97 -1 98 90 89 -1 90 98 99 -1 92 100 101 -1 100 92 93 -1 93 92 91 -1 95 102 103 -1 102 95 94 -1 104 105 106 -1 105 104 107 -1 "
										                >
											<Coordinate DEF="coords_ME_ID129_001"
											            point="6.299213 5.118110 3.937008 0.000000 6.299213 3.937008 0.000000 5.118110 3.937008 6.299213 6.299213 3.937008 0.000000 6.299213 3.937008 0.000000 5.118110 2.362205 0.000000 5.118110 3.937008 0.000000 1.181102 3.937008 0.000000 0.000000 1.574803 0.000000 0.000000 3.937008 0.000000 1.181102 2.362205 0.000000 6.299213 1.574803 6.299213 5.118110 3.937008 5.511811 5.118110 2.362205 6.299213 5.118110 2.362205 5.511811 5.118110 3.149606 0.787402 5.118110 3.149606 0.000000 5.118110 2.362205 0.787402 5.118110 2.362205 0.000000 5.118110 3.937008 6.299213 0.000000 1.574803 6.299213 1.181102 2.362205 6.299213 0.000000 3.937008 6.299213 6.299213 1.574803 6.299213 5.118110 2.362205 6.299213 5.118110 3.937008 6.299213 6.299213 3.937008 6.299213 1.181102 3.937008 0.000000 6.299213 3.937008 0.787402 6.299213 1.574803 0.000000 6.299213 1.574803 6.299213 6.299213 1.574803 6.299213 6.299213 3.937008 6.299213 0.000000 3.937008 0.000000 0.000000 1.574803 6.299213 0.000000 1.574803 0.000000 0.000000 3.937008 6.299213 0.000000 3.937008 0.000000 1.181102 3.937008 0.000000 0.000000 3.937008 6.299213 1.181102 3.937008 0.000000 1.181102 3.937008 0.787402 1.181102 2.362205 0.000000 1.181102 2.362205 0.787402 1.181102 3.149606 5.511811 1.181102 3.149606 6.299213 1.181102 2.362205 5.511811 1.181102 2.362205 6.299213 1.181102 3.937008 0.787402 1.181102 2.362205 0.000000 5.118110 2.362205 0.000000 1.181102 2.362205 0.787402 5.118110 2.362205 0.000000 6.299213 1.574803 0.414843 0.414843 1.135672 0.000000 0.000000 1.574803 0.414843 5.884369 1.135672 0.787402 5.118110 3.149606 0.787402 1.181102 2.362205 0.787402 1.181102 3.149606 0.787402 5.118110 2.362205 5.511811 1.181102 3.149606 0.787402 5.118110 3.149606 0.787402 1.181102 3.149606 5.511811 5.118110 3.149606 5.511811 5.118110 2.362205 5.511811 1.181102 3.149606 5.511811 1.181102 2.362205 5.511811 5.118110 3.149606 6.299213 1.181102 2.362205 5.511811 5.118110 2.362205 5.511811 1.181102 2.362205 6.299213 5.118110 2.362205 5.884369 0.414843 1.135672 6.299213 6.299213 1.574803 6.299213 0.000000 1.574803 5.884369 5.884369 1.135672 0.000000 6.299213 1.574803 0.787402 5.884369 1.135672 0.414843 5.884369 1.135672 5.884369 5.884369 1.135672 6.299213 6.299213 1.574803 0.787402 6.299213 1.574803 6.299213 0.000000 1.574803 0.414843 0.414843 1.135672 5.884369 0.414843 1.135672 0.000000 0.000000 1.574803 0.685003 0.685003 0.595353 0.685003 5.614210 0.595353 5.614210 0.685003 0.595353 5.614210 5.614210 0.595353 0.787402 5.614210 0.595353 0.685003 5.614210 0.595353 5.614210 5.614210 0.595353 0.685003 0.685003 0.595353 5.614210 0.685003 0.595353 0.787402 0.787402 0.000000 0.787402 5.511811 0.000000 5.511811 0.787402 0.000000 5.511811 5.511811 0.000000 5.511811 5.511811 0.000000 0.787402 5.511811 0.000000 0.787402 0.787402 0.000000 5.511811 0.787402 0.000000 5.511811 5.511811 0.000000 0.787402 0.787402 0.000000 0.787402 5.511811 0.000000 5.511811 0.787402 0.000000 "
											            />
										</IndexedFaceSet>
									</Shape>
								</Group>
							</Transform>
						</Transform>
						<Transform DEF="instance_7_TRANSFORM"
						           translation="43.122044 6.297850 52.748718"
						           scale="1.000000 1.000000 1.000000"
						           rotation="0.000000 0.000000 1.000000 1.570796"
						           >
							<Transform DEF="instance_7_ifs_TRANSFORM"
							           translation="0.000000 0.000000 0.000000"
							           scale="1.000000 1.000000 1.000000"
							           rotation="0.000000 1.000000 0.000000 0.000000"
							           >
								<Group USE="group_ME_ID103_003" />
							</Transform>
						</Transform>
						<Transform DEF="instance_8_TRANSFORM"
						           translation="27.767717 6.297851 36.213287"
						           scale="1.000000 1.000000 1.000000"
						           rotation="0.000000 0.000000 1.000000 1.570796"
						           >
							<Transform DEF="instance_8_ifs_TRANSFORM"
							           translation="0.000000 0.000000 0.000000"
							           scale="1.000000 1.000000 1.000000"
							           rotation="0.000000 1.000000 0.000000 0.000000"
							           >
								<Group DEF="group_ME_ID138_002">
									<Shape>
										<Appearance>
										</Appearance>
										<IndexedFaceSet solid="false"
										                coordIndex="0 1 2 -1 1 0 3 -1 1 3 4 -1 5 6 7 -1 6 5 8 -1 9 10 11 -1 10 9 12 -1 13 14 15 -1 14 13 16 -1 2 17 18 -1 17 2 1 -1 17 1 19 -1 19 1 4 -1 20 21 22 -1 21 20 23 -1 24 8 5 -1 8 24 25 -1 26 16 13 -1 16 26 27 -1 18 28 29 -1 28 18 17 -1 28 17 19 -1 28 19 30 -1 31 22 32 -1 22 31 20 -1 33 25 24 -1 25 33 34 -1 35 27 26 -1 27 35 36 -1 37 38 39 -1 38 37 40 -1 40 37 41 -1 42 32 43 -1 32 42 31 -1 44 45 46 -1 45 44 47 -1 45 47 48 -1 46 49 50 -1 49 46 45 -1 50 49 51 -1 52 53 54 -1 53 52 55 -1 53 55 56 -1 54 57 58 -1 57 54 53 -1 58 57 59 -1 60 61 62 -1 61 60 63 -1 64 65 66 -1 65 64 67 -1 68 69 70 -1 69 68 71 -1 69 71 72 -1 72 71 73 -1 73 71 74 -1 75 70 69 -1 76 77 78 -1 77 76 79 -1 80 81 82 -1 83 84 85 -1 84 83 86 -1 84 86 87 -1 87 86 81 -1 87 81 80 -1 88 89 90 -1 89 88 91 -1 92 93 94 -1 93 92 95 -1 96 97 98 -1 97 96 99 -1 100 101 102 -1 101 100 103 -1 104 105 106 -1 105 104 107 -1 "
										                >
											<Coordinate DEF="coords_ME_ID138_002"
											            point="5.511811 0.787402 0.000000 5.614210 6.299213 0.595353 5.614210 0.685003 0.595353 5.511811 6.299213 0.000000 5.614210 6.401612 0.595353 5.614210 0.685003 0.595353 0.787402 0.787402 0.000000 5.511811 0.787402 0.000000 0.685003 0.685003 0.595353 5.511811 6.299213 0.000000 0.787402 0.787402 0.000000 0.787402 6.299213 0.000000 5.511811 0.787402 0.000000 0.685003 6.401612 0.595353 5.511811 6.299213 0.000000 0.787402 6.299213 0.000000 5.614210 6.401612 0.595353 5.884369 6.299212 1.135672 5.884369 0.414843 1.135672 5.884369 6.671771 1.135672 0.685003 6.401612 0.595353 0.787402 0.787402 0.000000 0.685003 0.685003 0.595353 0.787402 6.299213 0.000000 5.884369 0.414843 1.135672 0.414843 0.414843 1.135672 0.414843 6.671771 1.135672 5.884369 6.671771 1.135672 6.299213 6.299213 1.574803 6.299213 0.000000 1.574803 6.299213 7.086615 1.574803 0.414843 6.671771 1.135672 0.414843 0.414843 1.135672 6.299213 0.000000 1.574803 0.000000 0.000000 1.574803 0.000000 7.086615 1.574803 6.299213 7.086615 1.574803 6.299213 6.299213 1.574803 6.299213 0.000000 3.937008 6.299213 0.000000 1.574803 6.299213 7.086615 3.937008 6.299213 7.086615 1.574803 0.000000 7.086615 1.574803 0.000000 0.000000 1.574803 6.299213 0.000000 1.574803 5.118110 0.000000 2.362205 0.000000 0.000000 1.574803 6.299213 0.000000 3.937008 5.118110 0.000000 3.937008 1.181102 0.000000 2.362205 0.000000 0.000000 3.937008 1.181102 0.000000 3.937008 0.000000 7.086615 1.574803 1.181102 7.086615 2.362205 6.299213 7.086615 1.574803 0.000000 7.086615 3.937008 1.181102 7.086615 3.937008 5.118110 7.086615 2.362205 6.299213 7.086615 3.937008 5.118110 7.086615 3.937008 6.299213 0.000000 3.937008 5.118110 7.086615 3.937008 5.118110 0.000000 3.937008 6.299213 7.086615 3.937008 0.000000 7.086615 3.937008 0.000000 0.000000 1.574803 0.000000 0.000000 3.937008 0.000000 7.086615 1.574803 5.118110 0.000000 3.937008 5.118110 0.787402 3.149606 5.118110 0.000000 2.362205 5.118110 7.086615 3.937008 5.118110 6.299213 3.149606 5.118110 6.299213 2.362205 5.118110 7.086615 2.362205 5.118110 0.787402 2.362205 5.118110 0.000000 2.362205 1.181102 0.787402 2.362205 1.181102 0.000000 2.362205 5.118110 0.787402 2.362205 1.181102 7.086615 2.362205 1.181102 6.299213 3.149606 1.181102 6.299213 2.362205 1.181102 0.787402 2.362205 1.181102 0.000000 3.937008 1.181102 0.000000 2.362205 1.181102 0.787402 3.149606 1.181102 7.086615 3.937008 1.181102 0.000000 3.937008 0.000000 7.086615 3.937008 0.000000 0.000000 3.937008 1.181102 7.086615 3.937008 1.181102 6.299213 2.362205 5.118110 7.086615 2.362205 1.181102 7.086615 2.362205 5.118110 6.299213 2.362205 1.181102 6.299213 3.149606 5.118110 6.299213 2.362205 1.181102 6.299213 2.362205 5.118110 6.299213 3.149606 5.118110 0.787402 3.149606 1.181102 6.299213 3.149606 1.181102 0.787402 3.149606 5.118110 6.299213 3.149606 5.118110 0.787402 3.149606 1.181102 0.787402 2.362205 5.118110 0.787402 2.362205 1.181102 0.787402 3.149606 "
											            />
										</IndexedFaceSet>
									</Shape>
								</Group>
							</Transform>
						</Transform>
						<Transform DEF="instance_9_TRANSFORM"
						           translation="21.074802 6.297852 52.748718"
						           scale="1.000000 1.000000 1.000000"
						           rotation="0.000000 1.000000 0.000000 0.000000"
						           >
							<Transform DEF="instance_9_ifs_TRANSFORM"
							           translation="-0.000000 0.000000 0.000000"
							           scale="1.000000 1.000000 1.000000"
							           rotation="0.000000 1.000000 0.000000 0.000000"
							           >
								<Group USE="group_ME_ID129_001" />
							</Transform>
						</Transform>
					</Transform>
					<Transform DEF="group_15_TRANSFORM"
					           translation="5.313721 0.000000 59.307877"
					           scale="1.000000 1.000000 1.000000"
					           rotation="0.000000 1.000000 0.000000 0.000000"
					           >
						<Transform DEF="group_15_ifs_TRANSFORM"
						           translation="0.000000 0.000000 0.000000"
						           scale="1.000000 1.000000 1.000000"
						           rotation="0.000000 1.000000 0.000000 0.000000"
						           >
							<Group DEF="group_ME_ID146_001">
								<Shape>
									<Appearance>
										<Material USE="MA_material_012" />
									</Appearance>
									<IndexedFaceSet solid="false"
									                coordIndex="0 1 2 -1 1 0 3 -1 4 5 6 -1 5 4 7 -1 5 7 8 -1 8 7 9 -1 8 9 10 -1 10 9 11 -1 10 11 12 -1 12 11 13 -1 12 13 14 -1 14 13 15 -1 14 15 16 -1 16 15 17 -1 18 2 19 -1 2 18 0 -1 20 21 22 -1 21 20 23 -1 21 23 24 -1 24 23 25 -1 24 25 26 -1 26 25 27 -1 26 27 28 -1 28 27 29 -1 28 29 30 -1 30 29 31 -1 31 29 32 -1 31 32 33 -1 34 1 3 -1 1 34 35 -1 36 37 38 -1 37 36 39 -1 40 41 42 -1 41 40 43 -1 43 44 41 -1 44 43 45 -1 44 46 47 -1 46 44 45 -1 47 48 49 -1 48 47 46 -1 48 50 49 -1 50 48 51 -1 51 52 50 -1 52 51 53 -1 54 19 55 -1 19 54 18 -1 56 35 34 -1 35 56 57 -1 56 58 57 -1 58 56 59 -1 59 38 58 -1 38 59 36 -1 "
									                >
										<Coordinate DEF="coords_ME_ID146_001"
										            point="0.553832 74.249336 2.066929 2.066929 0.000000 0.553832 0.553832 0.000000 2.066929 2.066929 74.249336 0.553832 6.200788 0.000000 0.553832 2.066929 0.000000 0.553832 4.133858 0.000000 0.000000 7.713885 0.000000 2.066929 0.553832 0.000000 2.066929 8.267716 0.000000 4.133858 0.000000 0.000000 4.133858 8.000822 0.000000 5.129921 0.266894 0.000000 5.129921 7.713885 0.000000 6.200788 0.553832 0.000000 6.200788 6.200788 0.000000 7.713885 2.066929 0.000000 7.713885 4.133858 0.000000 8.267716 0.000000 74.249336 4.133858 0.000000 0.000000 4.133858 2.066929 74.249336 0.553832 6.200788 74.249336 0.553832 4.133858 74.249336 0.000000 0.553832 74.249336 2.066929 7.713885 74.249336 2.066929 0.000000 74.249336 4.133858 8.267716 74.249336 4.133858 0.266894 74.249336 5.129921 8.000822 74.249336 5.129921 0.553832 74.249336 6.200788 7.713885 74.249336 6.200788 6.200788 74.249336 7.713885 2.066929 74.249336 7.713885 4.133858 74.249336 8.267716 4.133858 74.249336 0.000000 4.133858 0.000000 0.000000 8.267716 74.249336 4.133858 8.000822 0.000000 5.129921 8.267716 0.000000 4.133858 8.000822 74.249336 5.129921 8.000822 74.249336 5.129921 7.713885 0.000000 6.200788 8.000822 0.000000 5.129921 7.713885 74.249336 6.200788 6.200788 0.000000 7.713885 6.200788 74.249336 7.713885 4.133858 74.249336 8.267716 4.133858 0.000000 8.267716 2.066929 74.249336 7.713885 2.066929 0.000000 7.713885 0.553832 0.000000 6.200788 0.553832 74.249336 6.200788 0.266894 0.000000 5.129921 0.266894 74.249336 5.129921 0.266894 74.249336 5.129921 0.266894 0.000000 5.129921 6.200788 74.249336 0.553832 6.200788 0.000000 0.553832 7.713885 0.000000 2.066929 7.713885 74.249336 2.066929 "
										            />
									</IndexedFaceSet>
								</Shape>
							</Group>
						</Transform>
					</Transform>
				</Transform>
			</Transform>
			<Transform DEF="group_16_TRANSFORM"
			           translation="3493.897461 -5.511811 198.573547"
			           scale="1.000000 1.000000 1.000000"
			           rotation="0.000000 1.000000 0.000000 0.000000"
			           >
				<Transform DEF="group_16_ifs_TRANSFORM"
				           translation="0.000000 0.000000 0.000000"
				           scale="1.000000 1.000000 1.000000"
				           rotation="0.000000 1.000000 0.000000 0.000000"
				           >
					<Group DEF="group_ME_ID167">
						<Shape>
							<Appearance>
								<Material USE="MA_material_012" />
							</Appearance>
							<IndexedFaceSet solid="false"
							                coordIndex="0 1 2 -1 1 0 3 -1 4 3 0 -1 3 4 5 -1 6 7 8 -1 1 9 2 -1 9 1 10 -1 11 12 13 -1 14 11 15 -1 16 5 4 -1 5 16 17 -1 18 19 6 -1 7 20 8 -1 6 19 7 -1 1 21 22 -1 23 24 25 -1 24 23 26 -1 26 23 27 -1 28 29 12 -1 13 12 29 -1 11 13 15 -1 14 15 30 -1 31 17 16 -1 17 31 32 -1 33 34 18 -1 35 14 30 -1 18 34 19 -1 36 37 38 -1 20 39 8 -1 40 41 36 -1 42 43 44 -1 38 45 46 -1 47 48 49 -1 50 42 44 -1 51 50 52 -1 53 51 54 -1 55 53 56 -1 57 32 31 -1 32 57 58 -1 33 59 34 -1 59 33 60 -1 61 30 62 -1 30 61 35 -1 63 64 40 -1 36 41 37 -1 38 37 45 -1 40 64 41 -1 65 66 67 -1 66 65 68 -1 47 49 69 -1 47 70 48 -1 70 47 71 -1 50 44 52 -1 51 52 54 -1 53 54 56 -1 72 56 73 -1 56 72 55 -1 61 62 74 -1 75 58 57 -1 58 75 76 -1 60 77 59 -1 63 78 79 -1 78 63 80 -1 63 79 64 -1 81 82 83 -1 83 84 85 -1 86 87 81 -1 66 68 88 -1 89 47 69 -1 90 71 47 -1 91 66 88 -1 92 91 93 -1 94 92 95 -1 72 73 96 -1 97 95 98 -1 95 97 94 -1 74 62 99 -1 100 76 75 -1 76 100 101 -1 77 102 103 -1 74 99 104 -1 77 103 59 -1 80 105 78 -1 106 107 108 -1 107 106 109 -1 106 108 86 -1 83 82 84 -1 81 87 82 -1 86 108 87 -1 110 47 89 -1 111 90 47 -1 91 88 93 -1 92 93 95 -1 96 73 112 -1 97 98 113 -1 114 115 116 -1 115 114 117 -1 104 118 119 -1 120 101 100 -1 101 120 121 -1 102 122 123 -1 102 123 103 -1 104 99 118 -1 80 124 105 -1 109 125 107 -1 126 127 128 -1 127 126 129 -1 130 110 89 -1 110 130 131 -1 128 131 130 -1 131 128 127 -1 47 132 133 -1 132 47 110 -1 134 111 47 -1 111 135 90 -1 135 111 136 -1 136 116 135 -1 116 136 114 -1 96 112 137 -1 113 98 138 -1 139 117 114 -1 117 139 140 -1 141 115 117 -1 115 141 142 -1 118 143 119 -1 144 119 143 -1 145 146 147 -1 146 145 148 -1 148 145 149 -1 101 150 151 -1 123 122 152 -1 124 153 154 -1 124 154 105 -1 125 155 107 -1 126 156 129 -1 156 126 157 -1 129 158 127 -1 158 129 159 -1 131 132 110 -1 132 131 160 -1 160 131 161 -1 127 161 131 -1 161 127 158 -1 160 133 132 -1 162 47 133 -1 162 134 47 -1 134 136 111 -1 136 134 163 -1 163 114 136 -1 114 163 139 -1 137 112 164 -1 113 138 165 -1 166 117 140 -1 117 166 141 -1 167 140 139 -1 140 167 168 -1 169 142 141 -1 142 169 170 -1 137 164 171 -1 171 172 173 -1 173 172 174 -1 175 176 177 -1 178 179 180 -1 152 122 181 -1 153 178 182 -1 153 182 154 -1 125 183 155 -1 157 184 156 -1 184 157 185 -1 129 186 159 -1 186 129 156 -1 159 167 158 -1 167 159 168 -1 160 162 133 -1 162 160 161 -1 158 187 161 -1 187 158 167 -1 163 134 162 -1 187 139 163 -1 139 187 167 -1 165 138 188 -1 189 140 168 -1 140 189 166 -1 190 141 166 -1 141 190 169 -1 176 170 169 -1 171 164 172 -1 191 192 193 -1 192 191 194 -1 177 176 195 -1 176 196 197 -1 196 176 175 -1 178 180 182 -1 183 198 199 -1 183 199 155 -1 176 184 185 -1 156 200 186 -1 200 156 184 -1 200 184 201 -1 159 189 168 -1 189 159 186 -1 187 162 161 -1 187 163 162 -1 165 188 191 -1 202 166 189 -1 176 169 190 -1 190 166 202 -1 197 170 176 -1 191 188 194 -1 195 176 185 -1 198 203 204 -1 198 204 199 -1 201 176 205 -1 176 201 184 -1 200 202 186 -1 202 200 205 -1 201 205 200 -1 202 189 186 -1 176 190 202 -1 176 202 205 -1 "
							                >
								<Coordinate DEF="coords_ME_ID167"
								            point="17.913385 1.539651 14.055118 14.763780 8.534870 11.574802 14.763780 2.488751 11.574802 17.913385 9.483971 14.055118 22.637794 0.906918 15.708661 22.637794 10.116704 15.708661 17.913385 9.483971 14.055118 17.913385 9.967341 11.890397 14.763780 8.534870 11.574802 13.188976 3.550019 8.267716 13.188976 7.269404 8.267716 17.913385 1.539651 14.055118 14.763780 2.488751 11.574802 17.913385 1.069704 11.890397 22.637794 0.906918 15.708661 22.637794 0.361043 12.925448 28.937006 0.590551 16.535433 28.937006 10.433070 16.535433 22.637794 10.116704 15.708661 22.637794 10.676003 12.925448 14.763780 8.904350 10.337820 13.188976 7.487027 8.267716 13.188976 7.269404 8.267716 24.606298 7.480315 0.000000 13.188976 7.269404 8.267716 13.188976 7.487027 8.267716 13.188976 3.550019 8.267716 24.606298 3.543307 0.000000 13.188976 3.550019 8.267716 14.763780 2.132696 10.337820 28.937006 0.006712 13.442975 85.629921 0.590551 16.535433 85.629921 10.433070 16.535433 28.937006 10.433070 16.535433 28.937006 11.030334 13.442975 28.937006 0.590551 16.535433 17.913385 9.967341 11.890397 26.181103 9.039370 2.183443 14.763780 8.904350 10.337820 13.188976 7.487027 8.267716 22.637794 10.676003 12.925448 29.330708 10.031496 3.821025 13.188976 3.550019 8.267716 24.606298 3.543307 0.000000 26.181103 1.984252 2.183443 24.606298 7.480315 0.000000 13.188976 7.487027 8.267716 27.760313 5.511811 0.650284 24.606298 3.543307 0.000000 24.606298 7.480315 0.000000 14.763780 2.132696 10.337820 17.913385 1.069704 11.890397 29.330708 0.992126 3.821025 22.637794 0.361043 12.925448 34.055119 0.330709 4.912746 28.937006 0.006712 13.442975 40.354332 0.000000 5.458607 91.929138 0.906918 15.708661 91.929138 10.116704 15.708661 85.629921 11.030334 13.442975 85.629921 10.433070 16.535433 85.629921 0.590551 16.535433 85.629921 0.006712 13.442975 28.937006 11.030334 13.442975 34.055119 10.692913 4.912746 25.906048 2.568496 0.649874 26.181103 1.984252 2.183443 24.606298 3.543307 0.000000 26.181103 2.362205 0.787402 26.181103 8.661417 0.787402 25.906048 2.568496 0.649874 26.181103 2.362205 0.787402 85.629921 0.006712 13.442975 74.212601 0.000000 5.458607 91.929138 0.906918 15.708661 96.653542 1.539651 14.055118 96.653542 9.483971 14.055118 91.929138 10.116704 15.708661 74.212601 11.023622 5.458607 40.354332 11.023622 5.458607 85.629921 11.030334 13.442975 29.330708 10.031496 3.821025 29.330708 9.547244 1.377953 26.181103 9.039370 2.183443 26.181103 8.661417 0.787402 24.606298 7.480315 0.000000 34.055119 10.692913 4.912746 34.055119 10.137795 1.771654 29.330708 1.476378 1.377953 29.330708 9.547244 1.377953 29.330708 1.476378 1.377953 29.330708 0.992126 3.821025 34.055119 0.330709 4.912746 34.055119 0.885827 1.771654 40.354332 0.000000 5.458607 40.354332 0.590551 1.968504 91.929138 0.361043 12.925448 74.212601 0.000000 5.458607 74.212601 0.590551 1.968504 91.929138 0.361043 12.925448 99.803154 2.488751 11.574802 99.803154 8.534870 11.574802 96.653542 9.483971 14.055118 91.929138 10.676003 12.925448 96.653542 1.539651 14.055118 80.511810 10.692913 4.912746 40.354332 11.023622 5.458607 74.212601 10.433070 1.968504 40.354332 10.433070 1.968504 74.212601 11.023622 5.458607 29.678288 7.942609 1.196799 29.678288 3.081013 1.196799 80.511810 0.330709 4.912746 80.511810 0.330709 4.912746 40.395744 2.224895 1.767544 74.212601 0.590551 1.968504 40.354332 0.590551 1.968504 74.171188 2.224895 1.767544 96.653542 1.069704 11.890397 99.803154 2.488751 11.574802 101.377953 3.550019 8.267716 101.377953 7.269404 8.267716 99.803154 8.534870 11.574802 96.653542 9.967341 11.890397 91.929138 10.676003 12.925448 80.511810 10.692913 4.912746 74.212601 10.433070 1.968504 40.395744 8.798726 1.767544 40.354332 10.433070 1.968504 74.171188 8.798726 1.767544 34.055119 10.137795 1.771654 34.206116 8.508588 1.574118 30.002293 6.405385 1.090069 30.018129 6.330249 1.084852 30.018129 4.693373 1.084852 34.055119 0.885827 1.771654 34.206116 2.515034 1.574118 96.653542 1.069704 11.890397 80.511810 0.885827 1.771654 40.436234 3.866304 1.636231 74.130692 3.866304 1.636231 80.360809 2.515034 1.574118 80.511810 0.885827 1.771654 99.803154 2.132696 10.337820 101.377953 3.550019 8.267716 101.377953 7.487027 8.267716 89.960625 3.543307 0.000000 89.960625 7.480315 0.000000 101.377953 3.550019 8.267716 101.377953 7.269404 8.267716 101.377953 7.269404 8.267716 101.377953 7.487027 8.267716 99.803154 8.904350 10.337820 96.653542 9.967341 11.890397 85.236221 10.031496 3.821025 80.511810 10.137795 1.771654 80.360809 8.508588 1.574118 80.511810 10.137795 1.771654 40.436234 7.157318 1.636231 74.130699 7.157318 1.636231 30.193760 6.352202 1.099488 34.353752 6.872201 1.446154 30.185894 5.511811 1.063323 34.353752 4.151421 1.446154 85.236221 0.992126 3.821025 85.236221 0.992126 3.821025 80.213181 4.151421 1.446154 40.475727 5.511811 1.574803 74.091202 5.511811 1.574803 84.888641 3.081013 1.196799 85.236221 1.476378 1.377953 99.803154 2.132696 10.337820 88.385826 1.984252 2.183443 101.377953 3.550019 8.267716 89.960625 3.543307 0.000000 89.960625 3.543307 0.000000 86.806610 5.511811 0.650284 89.960625 7.480315 0.000000 99.803154 8.904350 10.337820 101.377953 7.487027 8.267716 89.960625 7.480315 0.000000 101.377953 7.487027 8.267716 88.385826 9.039370 2.183443 85.236221 10.031496 3.821025 84.888641 7.942609 1.196799 85.236221 9.547244 1.377953 80.213173 6.872201 1.446154 34.473164 5.511811 1.397926 85.236221 1.476378 1.377953 80.093765 5.511811 1.397926 84.548798 4.693373 1.084852 88.385826 1.984252 2.183443 88.660881 2.568496 0.649874 89.960625 3.543307 0.000000 88.385826 2.362205 0.787402 88.385826 8.661417 0.787402 88.660881 2.568496 0.649874 88.385826 2.362205 0.787402 88.385826 9.039370 2.183443 85.236221 9.547244 1.377953 84.373169 6.352202 1.099488 84.564636 6.405385 1.090069 84.381035 5.511811 1.063323 89.960625 7.480315 0.000000 88.385826 8.661417 0.787402 84.548798 6.330249 1.084852 "
								            />
							</IndexedFaceSet>
						</Shape>
					</Group>
				</Transform>
				<Transform DEF="group_17_TRANSFORM"
				           translation="24.606201 3.543307 0.000000"
				           scale="-1.000000 -1.000000 -1.000000"
				           rotation="-1.000000 0.000000 0.000000 3.141593"
				           >
					<Transform DEF="group_17_ifs_TRANSFORM"
					           translation="0.000000 -0.000000 0.000000"
					           scale="1.000000 1.000000 1.000000"
					           rotation="0.000000 1.000000 0.000000 0.000000"
					           >
						<Group DEF="group_ME_ID154_001">
							<Shape>
								<Appearance>
									<Material USE="MA_material_012" />
								</Appearance>
								<IndexedFaceSet solid="false"
								                coordIndex="0 1 2 -1 3 2 1 -1 4 5 6 -1 5 7 6 -1 8 6 9 -1 6 7 9 -1 7 10 9 -1 9 10 11 -1 12 11 10 -1 13 14 15 -1 14 16 15 -1 15 16 17 -1 18 17 16 -1 19 20 21 -1 21 20 13 -1 14 13 20 -1 22 23 19 -1 19 23 20 -1 24 20 23 -1 25 26 27 -1 27 26 28 -1 28 26 29 -1 29 26 30 -1 26 31 30 -1 32 30 31 -1 28 29 33 -1 34 35 36 -1 37 36 35 -1 38 39 40 -1 39 41 40 -1 40 41 42 -1 43 42 41 -1 44 45 46 -1 46 45 47 -1 45 48 47 -1 48 49 47 -1 47 49 38 -1 39 38 49 -1 50 51 52 -1 53 52 51 -1 54 55 56 -1 57 56 55 -1 58 59 60 -1 61 60 59 -1 62 63 64 -1 65 64 63 -1 66 67 68 -1 69 68 67 -1 70 71 72 -1 73 74 75 -1 75 74 76 -1 76 74 77 -1 77 74 70 -1 70 74 71 -1 78 71 74 -1 79 80 81 -1 82 81 80 -1 83 84 85 -1 84 86 85 -1 86 87 85 -1 87 88 85 -1 85 88 89 -1 88 90 89 -1 91 89 90 -1 92 93 94 -1 95 94 93 -1 96 97 98 -1 99 98 97 -1 100 101 102 -1 103 102 101 -1 104 105 106 -1 107 106 105 -1 108 109 110 -1 111 110 109 -1 112 113 114 -1 115 114 113 -1 116 117 118 -1 119 118 117 -1 120 121 122 -1 123 122 121 -1 124 125 126 -1 127 126 125 -1 128 129 130 -1 131 130 129 -1 "
								                >
									<Coordinate DEF="coords_ME_ID154_001"
									            point="12.102325 3.937008 6.500865 12.204723 3.937008 5.905512 12.102325 0.000000 6.500865 12.204723 0.000000 5.905512 11.832167 0.000000 7.041184 12.102325 0.000000 6.500865 11.417322 0.000000 7.480315 12.204723 0.000000 5.905512 11.417322 0.000000 8.267716 0.000000 0.000000 0.000000 12.992126 0.000000 5.905512 10.236220 0.000000 0.000000 12.992126 0.000000 0.000000 12.992126 3.543307 5.905512 12.992126 0.393701 5.905512 12.992126 3.937008 5.905512 12.992126 0.000000 5.905512 12.204723 3.937008 5.905512 12.204723 0.000000 5.905512 16.141733 3.937008 5.905512 16.141733 0.393701 5.905512 16.141733 3.543307 5.905512 16.929134 3.937008 5.905512 16.929134 0.000000 5.905512 16.141733 0.000000 5.905512 11.832167 3.937008 7.041184 11.417322 3.937008 7.480315 12.102325 3.937008 6.500865 12.204723 3.937008 5.905512 12.992126 3.937008 0.000000 10.236220 3.937008 0.000000 11.417322 3.937008 8.267716 0.000000 3.937008 0.000000 12.992126 3.937008 5.905512 11.832167 3.937008 7.041184 12.102325 3.937008 6.500865 11.832167 0.000000 7.041184 12.102325 0.000000 6.500865 12.992126 0.393701 0.000000 12.992126 3.543307 0.000000 12.992126 0.000000 0.000000 12.992126 3.937008 0.000000 10.236220 0.000000 0.000000 10.236220 3.937008 0.000000 29.527559 0.000000 0.000000 29.527559 3.937008 0.000000 16.141733 0.000000 0.000000 16.141733 0.393701 0.000000 16.141733 3.937008 0.000000 16.141733 3.543307 0.000000 12.992126 0.393701 5.905512 12.992126 0.393701 0.000000 12.992126 0.000000 5.905512 12.992126 0.000000 0.000000 11.417322 3.937008 7.480315 11.832167 3.937008 7.041184 11.417322 0.000000 7.480315 11.832167 0.000000 7.041184 11.417322 3.937008 8.267716 11.417322 3.937008 7.480315 11.417322 0.000000 8.267716 11.417322 0.000000 7.480315 11.417322 3.937008 8.267716 11.417322 0.000000 8.267716 0.000000 3.937008 0.000000 0.000000 0.000000 0.000000 10.236220 0.000000 0.000000 10.236220 3.937008 0.000000 0.000000 0.000000 0.000000 0.000000 3.937008 0.000000 16.929134 0.000000 5.905512 16.141733 0.000000 0.000000 16.141733 0.000000 5.905512 17.716536 0.000000 8.267716 29.527559 0.000000 8.267716 17.716536 0.000000 7.480315 17.301691 0.000000 7.041184 17.031532 0.000000 6.500865 29.527559 0.000000 0.000000 16.929134 3.937008 5.905512 17.031532 3.937008 6.500865 16.929134 0.000000 5.905512 17.031532 0.000000 6.500865 17.716536 3.937008 8.267716 17.716536 3.937008 7.480315 29.527559 3.937008 8.267716 17.301691 3.937008 7.041184 17.031532 3.937008 6.500865 16.929134 3.937008 5.905512 29.527559 3.937008 0.000000 16.141733 3.937008 5.905512 16.141733 3.937008 0.000000 16.141733 3.937008 0.000000 16.141733 3.937008 5.905512 16.141733 3.543307 0.000000 16.141733 3.543307 5.905512 16.141733 3.543307 5.905512 12.992126 3.543307 5.905512 16.141733 3.543307 0.000000 12.992126 3.543307 0.000000 12.992126 3.937008 5.905512 12.992126 3.937008 0.000000 12.992126 3.543307 5.905512 12.992126 3.543307 0.000000 12.992126 0.393701 5.905512 16.141733 0.393701 5.905512 12.992126 0.393701 0.000000 16.141733 0.393701 0.000000 16.141733 0.393701 0.000000 16.141733 0.393701 5.905512 16.141733 0.000000 0.000000 16.141733 0.000000 5.905512 29.527559 3.937008 0.000000 29.527559 0.000000 0.000000 29.527559 3.937008 8.267716 29.527559 0.000000 8.267716 29.527559 3.937008 8.267716 29.527559 0.000000 8.267716 17.716536 3.937008 8.267716 17.716536 0.000000 8.267716 17.716536 3.937008 7.480315 17.716536 3.937008 8.267716 17.716536 0.000000 7.480315 17.716536 0.000000 8.267716 17.301691 3.937008 7.041184 17.716536 3.937008 7.480315 17.301691 0.000000 7.041184 17.716536 0.000000 7.480315 17.031532 3.937008 6.500865 17.301691 3.937008 7.041184 17.031532 0.000000 6.500865 17.301691 0.000000 7.041184 "
									            />
								</IndexedFaceSet>
							</Shape>
						</Group>
					</Transform>
				</Transform>
				<Transform DEF="group_18_TRANSFORM"
				           translation="89.960693 3.543307 0.000000"
				           scale="1.000000 1.000000 1.000000"
				           rotation="0.000000 1.000000 0.000000 0.000000"
				           >
					<Transform DEF="group_18_ifs_TRANSFORM"
					           translation="0.000000 0.000000 0.000000"
					           scale="1.000000 1.000000 1.000000"
					           rotation="0.000000 1.000000 0.000000 0.000000"
					           >
						<Group DEF="group_ME_ID161_002">
							<Shape>
								<Appearance>
									<Material USE="MA_material_012" />
								</Appearance>
								<IndexedFaceSet solid="false"
								                coordIndex="0 1 2 -1 1 0 3 -1 4 5 6 -1 5 4 7 -1 7 4 8 -1 7 8 9 -1 7 9 10 -1 9 8 11 -1 9 11 12 -1 13 14 15 -1 14 13 16 -1 16 13 17 -1 17 13 18 -1 14 19 20 -1 19 14 16 -1 21 22 23 -1 22 21 24 -1 24 21 20 -1 24 20 19 -1 25 26 27 -1 28 29 30 -1 29 28 31 -1 29 31 26 -1 26 31 27 -1 27 31 32 -1 32 31 33 -1 34 35 36 -1 35 34 37 -1 38 39 40 -1 39 38 41 -1 41 38 42 -1 42 38 43 -1 39 44 45 -1 44 39 41 -1 46 47 48 -1 47 46 49 -1 49 46 45 -1 49 45 44 -1 50 51 52 -1 51 50 53 -1 54 55 56 -1 55 54 57 -1 58 59 60 -1 59 58 61 -1 62 63 64 -1 63 62 65 -1 66 67 68 -1 67 66 69 -1 70 71 72 -1 71 70 73 -1 73 70 74 -1 74 70 75 -1 75 70 76 -1 76 70 77 -1 78 71 73 -1 79 80 81 -1 80 79 82 -1 83 84 85 -1 84 83 86 -1 84 86 87 -1 87 86 88 -1 87 88 89 -1 87 89 90 -1 87 90 91 -1 92 93 94 -1 93 92 95 -1 96 97 98 -1 97 96 99 -1 100 101 102 -1 101 100 103 -1 104 105 106 -1 105 104 107 -1 108 109 110 -1 109 108 111 -1 112 113 114 -1 113 112 115 -1 116 117 118 -1 117 116 119 -1 120 121 122 -1 121 120 123 -1 124 125 126 -1 125 124 127 -1 128 129 130 -1 129 128 131 -1 "
								                >
									<Coordinate DEF="coords_ME_ID161_002"
									            point="12.204723 3.937008 5.905512 12.102325 0.000000 6.500865 12.204723 0.000000 5.905512 12.102325 3.937008 6.500865 12.992126 0.000000 5.905512 10.236220 0.000000 0.000000 12.992126 0.000000 0.000000 0.000000 0.000000 0.000000 12.204723 0.000000 5.905512 11.417322 0.000000 7.480315 11.417322 0.000000 8.267716 12.102325 0.000000 6.500865 11.832167 0.000000 7.041184 16.929134 0.000000 5.905512 16.141733 0.393701 5.905512 16.141733 0.000000 5.905512 16.141733 3.543307 5.905512 16.141733 3.937008 5.905512 16.929134 3.937008 5.905512 12.992126 3.543307 5.905512 12.992126 0.393701 5.905512 12.992126 0.000000 5.905512 12.204723 3.937008 5.905512 12.204723 0.000000 5.905512 12.992126 3.937008 5.905512 12.992126 3.937008 5.905512 12.992126 3.937008 0.000000 12.204723 3.937008 5.905512 11.417322 3.937008 8.267716 10.236220 3.937008 0.000000 0.000000 3.937008 0.000000 11.417322 3.937008 7.480315 12.102325 3.937008 6.500865 11.832167 3.937008 7.041184 12.102325 3.937008 6.500865 11.832167 0.000000 7.041184 12.102325 0.000000 6.500865 11.832167 3.937008 7.041184 29.527559 3.937008 0.000000 16.141733 3.543307 0.000000 16.141733 3.937008 0.000000 16.141733 0.393701 0.000000 16.141733 0.000000 0.000000 29.527559 0.000000 0.000000 12.992126 0.393701 0.000000 12.992126 3.543307 0.000000 12.992126 3.937008 0.000000 10.236220 0.000000 0.000000 10.236220 3.937008 0.000000 12.992126 0.000000 0.000000 12.992126 0.393701 0.000000 12.992126 0.000000 5.905512 12.992126 0.000000 0.000000 12.992126 0.393701 5.905512 11.832167 3.937008 7.041184 11.417322 0.000000 7.480315 11.832167 0.000000 7.041184 11.417322 3.937008 7.480315 11.417322 3.937008 7.480315 11.417322 0.000000 8.267716 11.417322 0.000000 7.480315 11.417322 3.937008 8.267716 11.417322 0.000000 8.267716 0.000000 3.937008 0.000000 0.000000 0.000000 0.000000 11.417322 3.937008 8.267716 10.236220 3.937008 0.000000 0.000000 0.000000 0.000000 0.000000 3.937008 0.000000 10.236220 0.000000 0.000000 29.527559 0.000000 8.267716 16.141733 0.000000 0.000000 29.527559 0.000000 0.000000 16.929134 0.000000 5.905512 17.031532 0.000000 6.500865 17.301691 0.000000 7.041184 17.716536 0.000000 7.480315 17.716536 0.000000 8.267716 16.141733 0.000000 5.905512 17.031532 3.937008 6.500865 16.929134 0.000000 5.905512 17.031532 0.000000 6.500865 16.929134 3.937008 5.905512 16.141733 3.937008 5.905512 29.527559 3.937008 0.000000 16.141733 3.937008 0.000000 16.929134 3.937008 5.905512 29.527559 3.937008 8.267716 17.031532 3.937008 6.500865 17.301691 3.937008 7.041184 17.716536 3.937008 7.480315 17.716536 3.937008 8.267716 16.141733 3.937008 5.905512 16.141733 3.543307 0.000000 16.141733 3.543307 5.905512 16.141733 3.937008 0.000000 12.992126 3.543307 5.905512 16.141733 3.543307 0.000000 12.992126 3.543307 0.000000 16.141733 3.543307 5.905512 12.992126 3.937008 0.000000 12.992126 3.543307 5.905512 12.992126 3.543307 0.000000 12.992126 3.937008 5.905512 16.141733 0.393701 5.905512 12.992126 0.393701 0.000000 16.141733 0.393701 0.000000 12.992126 0.393701 5.905512 16.141733 0.393701 5.905512 16.141733 0.000000 0.000000 16.141733 0.000000 5.905512 16.141733 0.393701 0.000000 29.527559 0.000000 0.000000 29.527559 3.937008 8.267716 29.527559 0.000000 8.267716 29.527559 3.937008 0.000000 29.527559 0.000000 8.267716 17.716536 3.937008 8.267716 17.716536 0.000000 8.267716 29.527559 3.937008 8.267716 17.716536 3.937008 8.267716 17.716536 0.000000 7.480315 17.716536 0.000000 8.267716 17.716536 3.937008 7.480315 17.716536 3.937008 7.480315 17.301691 0.000000 7.041184 17.716536 0.000000 7.480315 17.301691 3.937008 7.041184 17.301691 3.937008 7.041184 17.031532 0.000000 6.500865 17.301691 0.000000 7.041184 17.031532 3.937008 6.500865 "
									            />
								</IndexedFaceSet>
							</Shape>
						</Group>
					</Transform>
				</Transform>
			</Transform>
			<Transform DEF="group_19_TRANSFORM"
			           translation="3503.097900 -1.628893 140.237762"
			           scale="1.000000 1.000000 1.000000"
			           rotation="0.000000 1.000000 0.000000 0.000000"
			           >
				<Transform DEF="group_19_ifs_TRANSFORM"
				           translation="0.000000 0.000000 0.000000"
				           scale="1.000000 1.000000 1.000000"
				           rotation="0.000000 1.000000 0.000000 0.000000"
				           >
					<Group DEF="group_ME_ID174">
						<Shape>
							<Appearance>
								<Material USE="MA_material_012" />
							</Appearance>
							<IndexedFaceSet solid="false"
							                coordIndex="0 1 2 -1 1 0 3 -1 4 5 6 -1 5 4 7 -1 8 9 10 -1 9 8 11 -1 12 13 14 -1 13 12 15 -1 16 17 18 -1 17 16 19 -1 20 21 22 -1 21 20 23 -1 "
							                >
								<Coordinate DEF="coords_ME_ID174"
								            point="95.327065 0.000000 8.267716 0.838879 0.000000 0.000000 95.327065 -0.000000 0.000000 0.838879 0.000000 8.267716 95.327065 3.937008 0.000000 95.327065 0.000000 8.267716 95.327065 -0.000000 0.000000 95.327065 3.937008 8.267716 95.327065 0.000000 8.267716 0.838879 3.937008 8.267716 0.838879 0.000000 8.267716 95.327065 3.937008 8.267716 0.838879 3.937008 8.267716 0.838879 0.000000 0.000000 0.838879 0.000000 8.267716 0.838879 3.937008 0.000000 95.327065 3.937008 0.000000 0.838879 0.000000 0.000000 0.838879 3.937008 0.000000 95.327065 -0.000000 0.000000 0.838879 3.937008 8.267716 95.327065 3.937008 0.000000 0.838879 3.937008 0.000000 95.327065 3.937008 8.267716 "
								            />
							</IndexedFaceSet>
						</Shape>
					</Group>
				</Transform>
			</Transform>
			<Transform DEF="group_20_TRANSFORM"
			           translation="3596.456543 -27.706594 -0.391888"
			           scale="1.000000 1.000000 1.000000"
			           rotation="0.000000 1.000000 0.000000 0.000000"
			           >
				<Transform DEF="group_20_ifs_TRANSFORM"
				           translation="0.000000 0.000000 0.000000"
				           scale="1.000000 1.000000 1.000000"
				           rotation="0.000000 1.000000 0.000000 0.000000"
				           >
					<Group DEF="group_ME_ID181_001">
						<Shape>
							<Appearance>
								<Material USE="MA_material_012" />
							</Appearance>
							<IndexedFaceSet solid="false"
							                coordIndex="0 1 2 -1 1 0 3 -1 4 5 6 -1 5 4 7 -1 8 9 10 -1 9 8 11 -1 12 13 14 -1 13 12 15 -1 16 17 18 -1 17 16 19 -1 20 21 22 -1 21 20 23 -1 "
							                >
								<Coordinate DEF="coords_ME_ID181_001"
								            point="0.000000 77.314087 5.905512 0.000000 0.000000 0.000000 0.000000 0.000000 5.905512 0.000000 77.314087 0.000000 0.000000 77.314087 0.000000 3.937008 77.314087 5.905512 3.937008 77.314087 0.000000 0.000000 77.314087 5.905512 3.937008 77.314087 0.000000 0.000000 0.000000 0.000000 0.000000 77.314087 0.000000 3.937008 0.000000 0.000000 3.937008 0.000000 5.905512 0.000000 0.000000 0.000000 3.937008 0.000000 0.000000 0.000000 0.000000 5.905512 3.937008 0.000000 5.905512 0.000000 77.314087 5.905512 0.000000 0.000000 5.905512 3.937008 77.314087 5.905512 3.937008 77.314087 0.000000 3.937008 0.000000 5.905512 3.937008 0.000000 0.000000 3.937008 77.314087 5.905512 "
								            />
							</IndexedFaceSet>
						</Shape>
					</Group>
				</Transform>
			</Transform>
			<Transform DEF="group_21_TRANSFORM"
			           translation="3690.944824 -27.706594 -0.391888"
			           scale="1.000000 1.000000 1.000000"
			           rotation="0.000000 1.000000 0.000000 0.000000"
			           >
				<Transform DEF="group_21_ifs_TRANSFORM"
				           translation="0.000000 0.000000 0.000000"
				           scale="1.000000 1.000000 1.000000"
				           rotation="0.000000 1.000000 0.000000 0.000000"
				           >
					<Group DEF="group_ME_ID188_002">
						<Shape>
							<Appearance>
								<Material USE="MA_material_012" />
							</Appearance>
							<IndexedFaceSet solid="false"
							                coordIndex="0 1 2 -1 1 0 3 -1 4 5 6 -1 5 4 7 -1 8 9 10 -1 9 8 11 -1 12 13 14 -1 13 12 15 -1 16 17 18 -1 17 16 19 -1 20 21 22 -1 21 20 23 -1 "
							                >
								<Coordinate DEF="coords_ME_ID188_002"
								            point="0.000000 77.314087 5.905512 0.000000 0.000000 0.000000 0.000000 0.000000 5.905512 0.000000 77.314087 0.000000 0.000000 77.314087 0.000000 3.937008 77.314087 5.905512 3.937008 77.314087 0.000000 0.000000 77.314087 5.905512 3.937008 77.314087 0.000000 0.000000 0.000000 0.000000 0.000000 77.314087 0.000000 3.937008 0.000000 0.000000 3.937008 0.000000 5.905512 0.000000 0.000000 0.000000 3.937008 0.000000 0.000000 0.000000 0.000000 5.905512 3.937008 0.000000 5.905512 0.000000 77.314087 5.905512 0.000000 0.000000 5.905512 3.937008 77.314087 5.905512 3.937008 77.314087 0.000000 3.937008 0.000000 5.905512 3.937008 0.000000 0.000000 3.937008 77.314087 5.905512 "
								            />
							</IndexedFaceSet>
						</Shape>
					</Group>
				</Transform>
			</Transform>
			<Transform DEF="group_22_TRANSFORM"
			           translation="3738.188965 -27.706594 -0.391888"
			           scale="1.000000 1.000000 1.000000"
			           rotation="0.000000 1.000000 0.000000 0.000000"
			           >
				<Transform DEF="group_22_ifs_TRANSFORM"
				           translation="0.000000 0.000000 0.000000"
				           scale="1.000000 1.000000 1.000000"
				           rotation="0.000000 1.000000 0.000000 0.000000"
				           >
					<Group DEF="group_ME_ID195_002">
						<Shape>
							<Appearance>
								<Material USE="MA_material_012" />
							</Appearance>
							<IndexedFaceSet solid="false"
							                coordIndex="0 1 2 -1 1 0 3 -1 4 5 6 -1 5 4 7 -1 8 9 10 -1 9 8 11 -1 12 13 14 -1 13 12 15 -1 16 17 18 -1 17 16 19 -1 20 21 22 -1 21 20 23 -1 "
							                >
								<Coordinate DEF="coords_ME_ID195_002"
								            point="0.000000 77.314087 5.905512 0.000000 0.000000 0.000000 0.000000 0.000000 5.905512 0.000000 77.314087 0.000000 0.000000 77.314087 0.000000 3.937008 77.314087 5.905512 3.937008 77.314087 0.000000 0.000000 77.314087 5.905512 3.937008 77.314087 0.000000 0.000000 0.000000 0.000000 0.000000 77.314087 0.000000 3.937008 0.000000 0.000000 3.937008 0.000000 5.905512 0.000000 0.000000 0.000000 3.937008 0.000000 0.000000 0.000000 0.000000 5.905512 3.937008 0.000000 5.905512 0.000000 77.314087 5.905512 0.000000 0.000000 5.905512 3.937008 77.314087 5.905512 3.937008 77.314087 0.000000 3.937008 0.000000 5.905512 3.937008 0.000000 0.000000 3.937008 77.314087 5.905512 "
								            />
							</IndexedFaceSet>
						</Shape>
					</Group>
				</Transform>
			</Transform>
			<Transform DEF="group_23_TRANSFORM"
			           translation="3711.418945 -5.511811 148.427521"
			           scale="-1.000000 -1.000000 -1.000000"
			           rotation="-1.000000 0.000000 0.000000 3.141593"
			           >
				<Transform DEF="group_24_TRANSFORM"
				           translation="0.000000 0.000000 0.000000"
				           scale="1.000000 1.000000 1.000000"
				           rotation="0.000000 1.000000 0.000000 0.000000"
				           >
					<Transform DEF="group_24_ifs_TRANSFORM"
					           translation="0.000000 0.000000 0.000000"
					           scale="1.000000 1.000000 1.000000"
					           rotation="0.000000 1.000000 0.000000 0.000000"
					           >
						<Group DEF="group_ME_ID225">
							<Shape>
								<Appearance>
									<Material USE="MA_material_012" />
								</Appearance>
								<IndexedFaceSet solid="false"
								                coordIndex="0 1 2 -1 3 2 1 -1 3 4 2 -1 5 2 4 -1 1 6 3 -1 7 3 6 -1 8 9 0 -1 1 0 9 -1 10 11 12 -1 13 11 14 -1 15 14 11 -1 4 16 5 -1 17 5 16 -1 7 18 3 -1 4 3 18 -1 6 19 7 -1 20 7 19 -1 9 21 1 -1 6 1 21 -1 22 23 8 -1 9 8 23 -1 12 24 10 -1 25 10 24 -1 12 11 13 -1 26 13 27 -1 27 13 28 -1 13 14 28 -1 29 28 14 -1 15 29 14 -1 16 30 17 -1 31 17 30 -1 18 32 4 -1 16 4 32 -1 15 33 34 -1 20 35 7 -1 18 7 35 -1 36 37 19 -1 20 19 37 -1 21 38 6 -1 19 6 38 -1 23 39 9 -1 21 9 39 -1 40 41 22 -1 23 22 41 -1 42 25 43 -1 43 25 24 -1 24 12 44 -1 12 13 26 -1 45 26 46 -1 26 27 46 -1 28 46 27 -1 26 45 47 -1 29 34 28 -1 15 34 29 -1 30 48 31 -1 49 31 48 -1 32 50 16 -1 30 16 50 -1 33 51 52 -1 35 53 18 -1 32 18 53 -1 33 52 34 -1 20 37 35 -1 54 35 37 -1 55 36 38 -1 19 38 36 -1 56 57 36 -1 37 36 57 -1 39 58 21 -1 38 21 58 -1 41 59 23 -1 39 23 59 -1 60 61 40 -1 41 40 61 -1 62 42 63 -1 63 42 43 -1 43 24 64 -1 44 12 26 -1 64 24 44 -1 65 66 67 -1 66 68 67 -1 67 68 69 -1 70 69 68 -1 28 71 46 -1 72 26 47 -1 34 73 28 -1 48 74 49 -1 75 49 74 -1 50 76 30 -1 48 30 76 -1 51 77 52 -1 53 78 32 -1 50 32 78 -1 35 54 53 -1 79 53 54 -1 34 52 73 -1 37 57 54 -1 80 54 57 -1 81 56 55 -1 36 55 56 -1 82 55 58 -1 38 58 55 -1 83 84 56 -1 57 56 84 -1 59 85 39 -1 58 39 85 -1 61 86 41 -1 59 41 86 -1 87 88 60 -1 61 60 88 -1 89 62 90 -1 90 62 63 -1 63 43 91 -1 91 43 64 -1 44 26 72 -1 72 92 44 -1 64 44 92 -1 93 94 95 -1 95 94 96 -1 96 94 97 -1 98 97 94 -1 69 70 99 -1 100 99 70 -1 101 102 103 -1 102 104 103 -1 103 104 65 -1 66 65 104 -1 28 73 71 -1 74 105 75 -1 106 75 105 -1 76 107 48 -1 74 48 107 -1 77 108 109 -1 78 110 50 -1 76 50 110 -1 77 111 52 -1 53 79 78 -1 112 78 79 -1 54 80 79 -1 113 79 80 -1 52 114 73 -1 57 84 80 -1 115 80 84 -1 116 81 82 -1 55 82 81 -1 117 83 81 -1 56 81 83 -1 118 82 85 -1 58 85 82 -1 119 120 121 -1 86 122 59 -1 85 59 122 -1 88 123 61 -1 86 61 123 -1 124 125 87 -1 88 87 125 -1 126 89 127 -1 127 89 90 -1 90 63 128 -1 128 63 91 -1 91 64 129 -1 129 64 92 -1 130 98 94 -1 96 131 95 -1 97 98 96 -1 96 98 132 -1 132 98 133 -1 134 133 98 -1 99 100 135 -1 100 136 135 -1 135 136 137 -1 138 137 136 -1 139 140 141 -1 140 142 141 -1 141 142 101 -1 102 101 142 -1 131 143 144 -1 145 144 143 -1 73 146 71 -1 105 147 106 -1 148 106 147 -1 107 149 74 -1 105 74 149 -1 108 150 151 -1 110 152 76 -1 107 76 152 -1 77 109 111 -1 108 151 109 -1 78 112 110 -1 153 110 112 -1 52 111 114 -1 79 113 112 -1 154 112 113 -1 80 115 113 -1 155 113 115 -1 73 114 146 -1 132 133 119 -1 156 119 133 -1 157 116 118 -1 82 118 116 -1 158 117 116 -1 81 116 117 -1 121 120 159 -1 160 159 120 -1 161 118 122 -1 85 122 118 -1 119 121 132 -1 123 162 86 -1 122 86 162 -1 123 88 125 -1 125 124 163 -1 164 126 165 -1 165 126 127 -1 127 90 166 -1 166 90 128 -1 128 91 167 -1 167 91 129 -1 168 98 130 -1 96 143 131 -1 169 134 98 -1 132 121 96 -1 134 156 133 -1 170 168 130 -1 171 172 170 -1 137 138 173 -1 138 174 173 -1 173 174 175 -1 176 175 174 -1 114 177 146 -1 178 179 180 -1 179 181 180 -1 180 181 139 -1 140 139 181 -1 182 183 184 -1 145 184 144 -1 159 145 143 -1 147 185 148 -1 186 148 185 -1 149 187 105 -1 147 105 187 -1 150 188 189 -1 152 190 107 -1 149 107 190 -1 150 189 151 -1 110 153 152 -1 191 152 153 -1 111 109 192 -1 109 151 193 -1 112 154 153 -1 194 153 154 -1 111 192 114 -1 113 155 154 -1 195 154 155 -1 196 156 169 -1 197 157 161 -1 118 161 157 -1 198 158 157 -1 116 157 158 -1 160 199 200 -1 160 200 159 -1 121 159 143 -1 201 161 162 -1 122 162 161 -1 162 123 202 -1 202 123 125 -1 125 163 203 -1 204 164 205 -1 205 164 165 -1 165 127 206 -1 206 127 166 -1 166 128 207 -1 207 128 167 -1 168 169 98 -1 121 143 96 -1 169 156 134 -1 172 168 170 -1 208 172 171 -1 175 176 209 -1 176 210 209 -1 209 210 211 -1 212 211 210 -1 193 213 214 -1 192 214 177 -1 215 208 171 -1 216 217 215 -1 114 192 177 -1 218 166 207 -1 219 220 221 -1 220 222 221 -1 221 222 178 -1 179 178 222 -1 223 224 225 -1 226 225 183 -1 182 226 183 -1 145 182 184 -1 159 200 145 -1 185 227 186 -1 228 186 227 -1 187 229 147 -1 185 147 229 -1 188 230 231 -1 190 232 149 -1 187 149 232 -1 188 231 189 -1 152 191 190 -1 233 190 191 -1 151 189 234 -1 153 194 191 -1 235 191 194 -1 109 193 192 -1 151 234 193 -1 154 195 194 -1 236 194 195 -1 237 196 238 -1 238 196 169 -1 239 198 197 -1 157 197 198 -1 240 197 201 -1 161 201 197 -1 199 241 242 -1 199 242 200 -1 201 162 202 -1 202 125 243 -1 125 203 243 -1 244 204 205 -1 205 165 245 -1 245 165 206 -1 246 166 218 -1 238 169 168 -1 172 238 168 -1 208 247 172 -1 248 249 216 -1 250 251 248 -1 211 212 252 -1 252 212 253 -1 212 254 253 -1 253 254 255 -1 256 255 254 -1 257 258 259 -1 234 259 213 -1 193 234 213 -1 192 193 214 -1 217 208 215 -1 249 217 216 -1 260 261 219 -1 220 219 261 -1 262 263 264 -1 265 264 224 -1 266 246 218 -1 267 268 266 -1 223 265 224 -1 226 223 225 -1 242 226 182 -1 200 182 145 -1 269 228 227 -1 227 185 229 -1 230 270 271 -1 232 272 187 -1 272 273 187 -1 229 187 273 -1 230 271 231 -1 190 233 232 -1 274 232 233 -1 189 231 257 -1 191 235 233 -1 275 233 235 -1 189 257 234 -1 194 236 235 -1 276 235 236 -1 277 237 238 -1 278 239 240 -1 197 240 239 -1 241 279 280 -1 240 201 281 -1 241 280 242 -1 200 242 182 -1 201 202 281 -1 202 243 282 -1 283 284 285 -1 284 286 285 -1 286 287 285 -1 287 288 285 -1 289 285 288 -1 244 205 290 -1 290 205 245 -1 266 268 246 -1 247 238 172 -1 291 247 208 -1 251 249 248 -1 292 251 250 -1 293 294 295 -1 296 255 297 -1 256 297 255 -1 298 299 300 -1 301 300 258 -1 250 302 292 -1 295 292 302 -1 257 301 258 -1 234 257 259 -1 217 291 208 -1 249 303 217 -1 304 267 305 -1 306 263 307 -1 262 307 263 -1 262 264 265 -1 304 268 267 -1 308 309 223 -1 280 223 226 -1 242 280 226 -1 310 269 227 -1 270 311 271 -1 227 229 273 -1 232 274 272 -1 272 274 273 -1 312 273 274 -1 231 271 313 -1 233 275 274 -1 314 274 275 -1 231 313 257 -1 235 276 275 -1 315 275 276 -1 316 277 291 -1 247 277 238 -1 317 278 281 -1 240 281 278 -1 279 318 308 -1 279 308 280 -1 281 202 319 -1 202 320 319 -1 321 244 290 -1 281 319 322 -1 323 324 325 -1 291 277 247 -1 251 326 249 -1 327 328 251 -1 329 294 293 -1 295 294 292 -1 293 330 329 -1 331 332 333 -1 333 332 334 -1 332 335 334 -1 334 335 336 -1 337 336 335 -1 299 338 339 -1 298 338 299 -1 298 300 301 -1 303 291 217 -1 326 303 249 -1 340 325 341 -1 342 341 309 -1 308 342 309 -1 280 308 223 -1 311 343 271 -1 344 310 227 -1 345 227 273 -1 312 346 273 -1 274 314 312 -1 347 312 314 -1 271 348 313 -1 275 315 314 -1 349 314 315 -1 350 316 303 -1 303 316 291 -1 317 281 351 -1 318 352 342 -1 318 342 308 -1 351 281 322 -1 340 323 325 -1 328 326 251 -1 353 328 327 -1 354 355 356 -1 356 353 327 -1 357 355 354 -1 358 359 346 -1 359 360 345 -1 361 344 345 -1 343 362 363 -1 343 363 348 -1 326 350 303 -1 342 340 341 -1 271 343 348 -1 344 227 345 -1 346 345 273 -1 347 346 312 -1 314 349 347 -1 364 347 349 -1 365 350 326 -1 352 366 340 -1 352 340 342 -1 366 323 340 -1 328 365 326 -1 353 367 328 -1 355 353 356 -1 346 359 345 -1 368 358 346 -1 347 364 346 -1 369 346 364 -1 367 365 328 -1 370 367 353 -1 355 371 353 -1 369 368 346 -1 371 370 353 -1 "
								                >
									<Coordinate DEF="coords_ME_ID225"
									            point="78.623543 0.590551 2.267716 78.572090 2.193449 1.799779 74.686539 0.590551 2.362205 74.680908 2.193449 1.893167 57.092022 2.193449 1.893167 57.088112 0.590551 2.362205 78.524399 3.842587 1.536985 74.677742 3.842587 1.629305 81.248215 0.722371 2.204724 81.148239 2.322832 1.737951 78.623543 0.590551 2.267716 74.686539 0.590551 2.362205 78.623543 0.000000 6.080793 74.686539 0.000000 6.334160 57.088112 0.000000 6.334160 57.088112 0.590551 2.362205 50.352242 2.193449 1.780837 50.338955 0.590551 2.249719 57.094219 3.842587 1.629305 78.481224 5.511811 1.483504 74.677086 5.511811 1.574803 81.054543 3.969659 1.476262 84.724640 0.896968 1.996139 84.551483 2.493754 1.533756 81.248215 0.147638 5.911882 81.248215 0.722371 2.204724 86.103859 0.000000 13.850466 85.696404 0.000000 13.850466 45.670792 0.000000 13.850466 50.338955 0.000000 6.032533 49.273006 2.193449 1.737668 49.214096 0.590551 2.204724 50.359711 3.842587 1.517063 50.338955 0.590551 2.249719 49.214096 0.000000 5.911882 57.094673 5.511811 1.574803 78.524399 7.181035 1.536985 74.677742 7.181035 1.629305 80.975052 5.511811 1.427737 84.386398 4.136996 1.276350 86.497559 1.131365 1.889764 86.246651 2.717871 1.432046 84.724640 0.896968 1.996139 84.724640 0.343187 5.352569 90.040871 -0.000000 13.627155 85.696404 0.590551 16.535433 45.670792 0.590551 16.535433 86.103859 0.590551 16.535433 44.821777 2.417004 1.559619 44.714661 0.816527 2.024747 49.324871 3.842587 1.475670 49.214096 0.590551 2.204724 44.714661 0.253093 5.429280 50.361256 5.511811 1.462580 57.094219 7.181035 1.629305 81.054543 7.053963 1.476262 78.572090 8.830173 1.799779 74.680908 8.830173 1.893167 84.258804 5.511811 1.236397 86.007935 4.351379 1.179058 89.359955 1.509801 1.546276 88.977585 3.078927 1.104334 86.497559 1.131365 1.889764 86.497559 0.605711 5.067328 92.665543 0.147638 13.478282 86.103859 10.433070 16.535433 86.103859 0.590551 16.535433 85.696404 10.433070 16.535433 85.696404 0.590551 16.535433 45.670792 10.433070 16.535433 45.670792 0.590551 16.535433 38.921635 0.590551 16.141733 90.040871 0.590551 16.204725 38.921635 0.000000 13.584620 43.096119 2.503672 1.430194 42.914886 0.906918 1.889764 44.919441 4.063842 1.299452 44.714661 0.816527 2.024747 49.368870 5.511811 1.422884 50.359711 7.181035 1.517063 57.092022 8.830173 1.893167 81.148239 8.700790 1.737951 84.386398 6.886626 1.276350 78.623543 10.433070 2.267716 74.686539 10.433070 2.362205 85.851723 5.511811 1.148026 88.609825 4.695373 0.866832 90.434570 1.821466 1.417323 89.914711 3.350717 0.991879 89.359955 1.509801 1.546276 89.359955 1.029560 4.146280 96.141960 0.343187 12.985319 92.665543 0.722371 15.984252 85.696404 10.433070 16.535433 45.670792 10.433070 16.535433 86.103859 10.433070 16.535433 86.103859 11.023622 13.850466 85.696404 11.023622 13.850466 45.670792 11.023622 13.850466 38.921635 10.433070 16.141733 38.921635 0.590551 16.141733 92.665543 10.301251 15.984252 92.665543 0.722371 15.984252 90.040871 10.433070 16.204725 90.040871 0.590551 16.204725 40.474884 2.854731 1.233602 40.215221 1.268480 1.687289 43.266266 4.146870 1.175464 42.914886 0.906918 1.889764 40.215221 0.759280 4.524400 44.994713 5.511811 1.255087 42.914886 0.354331 5.067328 49.324871 7.181035 1.475670 50.352242 8.830173 1.780837 37.796776 0.000000 13.478282 57.088112 10.433070 2.362205 84.551483 8.529868 1.533756 81.248215 10.301251 2.204724 86.007935 6.672244 1.179058 74.686539 10.433070 2.362205 78.623543 10.433070 2.267716 78.623543 11.023622 6.080793 88.436714 5.511811 0.852231 89.417015 4.929480 0.769969 92.529495 2.429050 0.914540 91.736313 3.879028 0.554696 90.434570 1.821466 1.417323 90.434570 1.378625 3.800496 97.914879 0.605711 12.733916 96.141960 0.896968 15.254203 38.921635 10.433070 16.141733 90.040871 10.433070 16.204725 74.686539 11.023622 6.334160 57.088112 11.023622 6.334160 50.338955 11.023622 6.032533 37.796776 10.433070 15.984252 37.796776 0.590551 15.984252 33.297337 10.207094 15.354331 33.297337 0.816527 15.354331 97.914886 9.892257 14.881889 97.914879 1.131365 14.881889 96.141960 10.126655 15.254203 96.141960 0.896968 15.254203 90.040871 11.023623 13.627156 92.665543 10.301251 15.984252 92.665543 10.875984 13.478282 37.796776 0.590551 15.984252 38.587513 3.107504 0.981952 38.190475 1.539651 1.417323 40.719551 4.487947 0.984461 40.215221 1.268480 1.687289 38.190475 1.062992 3.800496 43.394547 5.511811 1.137843 44.919441 6.959780 1.299452 49.273006 8.830173 1.737668 50.338955 10.433070 2.249719 57.088112 10.433070 2.362205 86.246651 8.305751 1.432046 84.724640 10.126655 1.996139 81.248215 10.875984 5.911882 81.248215 10.301251 2.204724 88.609825 6.328249 0.866832 89.247154 5.511811 0.764572 93.059235 2.810141 0.787402 92.529495 2.429050 0.914540 92.529495 2.059119 2.452303 100.777275 1.029560 11.922130 97.914879 1.131365 14.881889 38.921635 11.023622 13.584620 49.214096 11.023622 5.911882 37.796776 10.433070 15.984252 33.297337 10.207094 15.354331 37.796776 11.023622 13.478282 31.497562 10.116704 14.881890 31.497561 0.906918 14.881890 28.797899 9.755142 14.173228 28.797899 1.268480 14.173228 33.297337 0.816527 15.354331 101.851891 9.202155 13.228346 101.851891 1.821466 13.228346 100.777275 9.513821 13.679684 100.777275 1.509801 13.679684 96.141960 10.680435 12.985319 97.914886 9.892257 14.881889 96.141960 10.126655 15.254203 37.379772 3.471444 0.820920 36.840641 1.946409 1.237345 38.967525 4.722594 0.750857 38.190475 1.539651 1.417323 36.840641 1.518560 3.317893 40.859291 5.511811 0.959305 43.266266 6.876752 1.175464 33.297337 0.253093 13.052930 31.497561 0.354331 12.733916 44.821777 8.606618 1.559619 49.214096 10.433070 2.204724 50.338955 10.433070 2.249719 88.977592 7.944695 1.104334 86.497559 9.892257 1.889764 84.724640 10.126655 1.996139 84.724640 10.680435 5.352569 89.417015 6.094143 0.769969 90.861328 5.511811 0.607092 94.371574 3.543307 0.000000 93.059235 2.810141 0.787402 93.059235 2.485940 2.111387 101.851891 1.378625 11.617366 100.777275 1.509801 13.679684 33.297337 10.770529 13.052930 26.773153 9.483971 13.228346 26.773153 1.539651 13.228346 25.423321 9.077213 12.598425 25.423321 1.946409 12.598425 28.797899 1.268480 14.173228 31.497561 0.906918 14.881890 31.497562 10.116704 14.881890 28.797899 9.755142 14.173228 31.497561 10.669291 12.733916 101.851891 1.821466 13.228346 104.476562 8.440932 11.023623 104.476562 2.582690 11.023622 103.946815 8.594571 11.468607 103.946815 2.429050 11.468607 100.777275 9.994062 11.922130 101.851891 9.202155 13.228346 100.777275 9.513821 13.679684 97.914879 10.417911 12.733916 35.817692 3.942160 0.430400 35.040867 2.488751 0.787402 37.894909 5.045815 0.607842 36.840641 1.946409 1.237345 35.040867 2.125984 2.111387 39.139652 5.511811 0.739692 40.719551 6.535675 0.984461 28.797899 0.759280 12.255394 43.096119 8.519950 1.430194 44.714661 10.207094 2.024747 49.214096 10.433070 2.204724 44.714661 10.770528 5.429280 89.359955 9.513821 1.546276 89.914711 7.672905 0.991879 86.497559 9.892257 1.889764 86.497559 10.417911 5.067328 94.371574 4.527559 0.000000 94.371574 3.543307 0.000000 103.946815 2.059119 10.429107 101.851891 1.378625 11.617366 42.914886 10.669291 5.067328 26.773153 9.483971 13.228346 28.797899 10.264341 12.255394 25.423321 9.077213 12.598425 26.773153 9.960630 11.617366 23.970289 8.639358 11.327023 23.796919 8.587114 11.175323 23.796919 2.436508 11.175323 23.173603 8.399284 10.629921 23.173603 2.624337 10.629921 26.773153 1.062992 11.617366 25.423321 1.946409 12.598425 26.773153 1.539651 13.228346 105.788902 7.480315 8.267716 105.788902 3.543307 8.267716 103.946815 8.964502 10.429107 104.476562 8.440932 11.023623 103.946815 8.594571 11.468607 101.851891 9.644997 11.617366 103.946815 2.429050 11.468607 104.476562 2.582690 11.023622 103.946815 2.059119 10.429107 34.590923 2.790053 0.674916 35.040867 2.488751 0.787402 34.590923 2.463442 1.809760 38.239838 5.511811 0.630715 38.035686 5.511811 0.605990 38.967525 6.301028 0.750857 40.474884 8.168892 1.233602 42.914886 10.116704 1.889764 44.714661 10.207094 2.024747 90.434570 9.202155 1.417323 89.359955 9.513821 1.546276 89.359955 9.994062 4.146280 91.736313 7.144594 0.554696 94.371574 5.511811 0.000000 105.788902 7.480315 8.267716 94.371574 7.480315 0.000000 105.788902 3.543307 8.267716 94.371574 6.496063 0.000000 94.371574 5.511811 0.000000 94.371574 4.527559 0.000000 94.371574 3.543307 0.000000 104.476562 2.231195 10.128633 40.215221 10.264341 4.524400 25.423321 9.505062 11.192014 23.173603 8.399284 10.629921 23.623547 8.897638 10.128633 23.796919 8.587114 11.175323 22.048742 7.480315 8.267716 22.048742 3.543307 8.267716 23.623547 2.125984 10.128633 23.173603 2.624337 10.629921 23.796919 2.436508 11.175323 25.423321 1.518560 11.192014 23.970289 8.639358 11.327023 38.190475 9.960629 3.800496 104.476562 2.231195 10.128633 105.788902 3.543307 8.267716 105.788902 7.480315 8.267716 104.476562 8.792427 10.128633 90.434570 9.644997 3.800496 101.851891 9.644997 11.617366 33.466064 3.543307 0.000000 34.590923 2.790053 0.674916 37.894909 5.977807 0.607842 25.423321 1.518560 11.192014 38.587513 7.916118 0.981952 40.215221 9.755142 1.687289 42.914886 10.116704 1.889764 92.529495 8.594571 0.914540 90.434570 9.202155 1.417323 94.371574 6.496063 0.000000 94.371574 5.511811 0.000000 105.788902 3.543307 8.267716 94.371574 7.480315 0.000000 94.371574 7.480315 0.000000 105.788902 7.480315 8.267716 104.476562 8.792427 10.128633 36.840645 9.505062 3.317893 25.423321 9.505062 11.192014 35.040867 8.897638 2.111387 23.173603 8.492688 9.862788 22.048742 7.480315 8.267716 33.466064 6.496063 0.000000 33.466064 7.480315 0.000000 33.466064 5.511811 0.000000 33.466064 4.527559 0.000000 22.048742 7.480315 8.267716 33.466064 3.543307 0.000000 22.048742 3.543307 8.267716 23.173603 2.530934 9.862788 22.048742 3.543307 8.267716 93.059235 8.537682 2.111387 103.946815 8.964502 10.429107 92.529495 8.964503 2.452303 33.466064 3.543307 0.000000 33.466064 4.527559 0.000000 36.667728 5.511811 0.440316 35.817692 7.081462 0.430400 37.379772 7.552179 0.820920 23.623547 2.125984 10.128633 38.190475 9.483971 1.417323 40.215221 9.755142 1.687289 93.059235 8.213481 0.787402 92.529495 8.594571 0.914540 34.590923 8.560180 1.809760 23.173603 8.492688 9.862788 33.466064 7.480315 0.000000 23.623547 8.897638 10.128633 22.048742 7.480315 8.267716 33.466064 7.480315 0.000000 33.466064 6.496063 0.000000 33.466064 5.511811 0.000000 33.466064 5.511811 0.000000 22.048742 3.543307 8.267716 23.173603 2.530934 9.862788 36.840645 9.077213 1.237345 38.190475 9.483971 1.417323 93.059235 8.213481 0.787402 36.840645 9.077213 1.237345 34.590923 8.233569 0.674916 35.040867 8.534870 0.787402 35.040867 8.534870 0.787402 34.590923 8.233569 0.674916 "
									            />
								</IndexedFaceSet>
							</Shape>
						</Group>
					</Transform>
					<Transform DEF="group_25_TRANSFORM"
					           translation="33.466064 2.362205 0.000000"
					           scale="1.000000 1.000000 1.000000"
					           rotation="0.000000 0.000000 1.000000 1.570796"
					           >
						<Transform DEF="group_25_ifs_TRANSFORM"
						           translation="0.000000 -0.000000 0.000000"
						           scale="1.000000 1.000000 1.000000"
						           rotation="0.000000 1.000000 0.000000 0.000000"
						           >
							<Group DEF="group_ME_ID212_001">
								<Shape>
									<Appearance>
										<Material USE="MA_material_012" />
									</Appearance>
									<IndexedFaceSet solid="false"
									                coordIndex="0 1 2 -1 3 2 1 -1 4 5 0 -1 0 5 1 -1 1 5 6 -1 7 6 5 -1 8 9 10 -1 11 10 9 -1 12 13 14 -1 15 14 13 -1 16 17 18 -1 19 18 17 -1 20 21 22 -1 23 22 21 -1 24 25 26 -1 25 27 26 -1 27 28 26 -1 28 29 26 -1 30 31 29 -1 26 29 31 -1 32 33 34 -1 35 34 33 -1 36 37 38 -1 39 40 41 -1 41 40 42 -1 42 40 43 -1 43 40 36 -1 37 36 40 -1 44 45 46 -1 47 46 45 -1 48 49 50 -1 51 50 49 -1 52 53 54 -1 55 56 53 -1 53 56 54 -1 56 57 54 -1 58 54 57 -1 59 56 55 -1 60 61 62 -1 63 62 61 -1 64 65 66 -1 67 66 65 -1 68 69 70 -1 71 70 69 -1 72 73 74 -1 75 74 73 -1 "
									                >
										<Coordinate DEF="coords_ME_ID212_001"
										            point="4.724409 12.992126 5.905512 1.574803 12.992126 5.905512 4.724409 16.929134 5.905512 1.574803 16.929134 5.905512 5.118110 12.992126 5.905512 5.118110 12.204723 5.905512 1.181102 12.992126 5.905512 1.181102 12.204723 5.905512 4.724409 16.929134 5.905512 4.724409 16.929134 0.000000 4.724409 12.992126 5.905512 4.724409 12.992126 0.000000 4.724409 16.929134 5.905512 1.574803 16.929134 5.905512 4.724409 16.929134 0.000000 1.574803 16.929134 0.000000 1.574803 16.929134 0.000000 1.574803 16.929134 5.905512 1.574803 12.992126 0.000000 1.574803 12.992126 5.905512 1.574803 12.992126 5.905512 1.181102 12.992126 5.905512 1.574803 12.992126 0.000000 1.181102 12.992126 0.000000 1.181102 12.992126 5.905512 1.181102 12.204723 5.905512 1.181102 12.992126 0.000000 1.181102 12.102325 6.500865 1.181102 11.832167 7.041184 1.181102 11.417322 7.480315 1.181102 11.417322 8.267716 1.181102 0.000000 0.000000 1.181102 12.102325 6.500865 1.181102 12.204723 5.905512 5.118110 12.102325 6.500865 5.118110 12.204723 5.905512 5.118110 11.417322 7.480315 5.118110 0.000000 0.000000 5.118110 11.417322 8.267716 5.118110 12.992126 5.905512 5.118110 12.992126 0.000000 5.118110 12.204723 5.905512 5.118110 12.102325 6.500865 5.118110 11.832167 7.041184 5.118110 12.992126 5.905512 4.724409 12.992126 5.905512 5.118110 12.992126 0.000000 4.724409 12.992126 0.000000 5.118110 16.929134 5.905512 4.724409 16.929134 5.905512 5.118110 16.929134 0.000000 4.724409 16.929134 0.000000 5.118110 12.992126 0.000000 4.724409 12.992126 0.000000 5.118110 0.000000 0.000000 4.724409 16.929134 0.000000 1.574803 12.992126 0.000000 1.181102 12.992126 0.000000 1.181102 0.000000 0.000000 1.574803 16.929134 0.000000 5.118110 0.000000 0.000000 1.181102 0.000000 0.000000 5.118110 11.417322 8.267716 1.181102 11.417322 8.267716 1.181102 11.417322 8.267716 1.181102 11.417322 7.480315 5.118110 11.417322 8.267716 5.118110 11.417322 7.480315 1.181102 11.417322 7.480315 1.181102 11.832167 7.041184 5.118110 11.417322 7.480315 5.118110 11.832167 7.041184 1.181102 11.832167 7.041184 1.181102 12.102325 6.500865 5.118110 11.832167 7.041184 5.118110 12.102325 6.500865 "
										            />
									</IndexedFaceSet>
								</Shape>
							</Group>
						</Transform>
						<Transform DEF="instance_10_TRANSFORM"
						           translation="6.299213 18.503906 5.905517"
						           scale="1.000000 1.000000 1.000000"
						           rotation="-0.000000 -0.000000 -1.000000 3.141593"
						           >
							<Transform DEF="instance_10_ifs_TRANSFORM"
							           translation="0.000000 0.000000 -0.000000"
							           scale="1.000000 1.000000 1.000000"
							           rotation="0.000000 1.000000 0.000000 0.000000"
							           >
								<Group DEF="group_ME_ID206">
									<Shape>
										<Appearance>
										</Appearance>
										<IndexedFaceSet solid="false"
										                coordIndex="0 1 2 -1 3 2 1 -1 4 5 6 -1 7 6 5 -1 8 9 10 -1 11 10 9 -1 12 13 14 -1 15 16 17 -1 17 16 18 -1 18 16 19 -1 19 16 12 -1 16 20 12 -1 13 12 20 -1 21 22 23 -1 24 23 22 -1 10 11 25 -1 11 26 25 -1 25 26 27 -1 27 26 28 -1 28 26 29 -1 30 29 26 -1 31 32 33 -1 34 35 32 -1 33 32 35 -1 36 37 34 -1 37 38 34 -1 35 34 38 -1 39 40 41 -1 42 41 40 -1 43 44 45 -1 46 45 44 -1 47 48 49 -1 50 51 48 -1 49 48 51 -1 52 53 50 -1 53 54 50 -1 51 50 54 -1 55 56 57 -1 56 58 57 -1 58 59 57 -1 60 57 59 -1 61 62 63 -1 64 63 62 -1 28 29 65 -1 66 65 29 -1 67 68 69 -1 70 69 68 -1 71 72 73 -1 74 73 72 -1 75 76 77 -1 76 78 77 -1 77 78 79 -1 78 80 79 -1 81 79 80 -1 82 76 75 -1 83 84 85 -1 86 85 84 -1 87 88 89 -1 90 89 88 -1 91 92 93 -1 94 93 92 -1 95 96 97 -1 98 97 96 -1 56 99 58 -1 99 100 58 -1 100 101 58 -1 59 58 101 -1 102 103 104 -1 105 104 103 -1 106 107 108 -1 109 108 107 -1 110 111 112 -1 113 112 111 -1 89 90 114 -1 115 114 90 -1 97 98 116 -1 117 116 98 -1 99 118 100 -1 118 119 100 -1 101 100 119 -1 120 110 121 -1 112 121 110 -1 114 115 122 -1 123 122 115 -1 116 117 124 -1 125 124 117 -1 126 127 128 -1 129 128 127 -1 130 120 131 -1 121 131 120 -1 "
										                >
											<Coordinate DEF="coords_ME_ID206"
											            point="5.118110 5.511811 3.937008 6.299213 5.511811 3.937008 5.118110 5.511811 2.362205 6.299213 5.511811 2.362205 5.118110 7.086615 2.362205 5.118110 7.086615 3.937008 5.118110 5.511811 2.362205 5.118110 5.511811 3.937008 6.299213 5.511811 2.362205 6.299213 1.574803 2.362205 5.118110 5.511811 2.362205 5.118110 1.574803 2.362205 6.299213 1.574803 2.362205 6.299213 0.000000 3.937008 6.299213 1.574803 3.937008 6.299213 7.086615 1.574803 6.299213 6.299213 1.574803 6.299213 7.086615 3.937008 6.299213 5.511811 3.937008 6.299213 5.511811 2.362205 6.299213 0.000000 1.574803 6.299213 7.086615 3.937008 6.299213 5.511811 3.937008 5.118110 7.086615 3.937008 5.118110 5.511811 3.937008 5.118110 7.086615 2.362205 5.118110 0.000000 2.362205 1.181102 7.086615 2.362205 1.181102 5.511811 2.362205 1.181102 1.574803 2.362205 1.181102 0.000000 2.362205 5.118110 7.086615 3.937008 5.118110 7.086615 2.362205 6.299213 7.086615 3.937008 1.181102 7.086615 2.362205 6.299213 7.086615 1.574803 1.181102 7.086615 3.937008 0.000000 7.086615 3.937008 0.000000 7.086615 1.574803 6.299213 1.574803 3.937008 5.118110 1.574803 3.937008 6.299213 1.574803 2.362205 5.118110 1.574803 2.362205 6.299213 1.574803 3.937008 6.299213 0.000000 3.937008 5.118110 1.574803 3.937008 5.118110 0.000000 3.937008 1.181102 0.000000 3.937008 1.181102 0.000000 2.362205 0.000000 0.000000 3.937008 5.118110 0.000000 2.362205 0.000000 0.000000 1.574803 5.118110 0.000000 3.937008 6.299213 0.000000 3.937008 6.299213 0.000000 1.574803 6.299213 7.086615 1.574803 5.884369 6.671771 1.135672 6.299213 6.299213 1.574803 5.884369 6.299213 1.135672 5.884369 0.414843 1.135672 6.299213 0.000000 1.574803 1.181102 7.086615 3.937008 1.181102 7.086615 2.362205 1.181102 5.511811 3.937008 1.181102 5.511811 2.362205 0.000000 5.511811 2.362205 0.000000 1.574803 2.362205 1.181102 1.574803 3.937008 1.181102 1.574803 2.362205 1.181102 0.000000 3.937008 1.181102 0.000000 2.362205 5.118110 1.574803 2.362205 5.118110 1.574803 3.937008 5.118110 0.000000 2.362205 5.118110 0.000000 3.937008 0.000000 7.086615 3.937008 0.000000 5.511811 2.362205 0.000000 7.086615 1.574803 0.000000 1.574803 2.362205 0.000000 0.000000 1.574803 0.000000 1.574803 3.937008 0.000000 0.000000 3.937008 0.000000 5.511811 3.937008 1.181102 7.086615 3.937008 1.181102 5.511811 3.937008 0.000000 7.086615 3.937008 0.000000 5.511811 3.937008 6.299213 7.086615 1.574803 0.000000 7.086615 1.574803 5.884369 6.671771 1.135672 0.414843 6.671771 1.135672 1.181102 1.574803 3.937008 1.181102 0.000000 3.937008 0.000000 1.574803 3.937008 0.000000 0.000000 3.937008 0.000000 0.000000 1.574803 6.299213 0.000000 1.574803 0.414843 0.414843 1.135672 5.884369 0.414843 1.135672 5.614210 6.401612 0.595353 5.614210 6.299213 0.595353 5.614210 0.685003 0.595353 0.000000 5.511811 3.937008 1.181102 5.511811 3.937008 0.000000 5.511811 2.362205 1.181102 5.511811 2.362205 1.181102 1.574803 3.937008 0.000000 1.574803 3.937008 1.181102 1.574803 2.362205 0.000000 1.574803 2.362205 0.414843 6.671771 1.135672 0.000000 7.086615 1.574803 0.414843 0.414843 1.135672 0.000000 0.000000 1.574803 5.614210 6.401612 0.595353 0.685003 6.401612 0.595353 0.685003 0.685003 0.595353 5.614210 0.685003 0.595353 5.511811 6.299213 0.000000 5.511811 0.787402 0.000000 0.685003 6.401612 0.595353 0.685003 0.685003 0.595353 5.511811 6.299213 0.000000 0.787402 6.299213 0.000000 0.787402 0.787402 0.000000 5.511811 0.787402 0.000000 5.511811 0.787402 0.000000 5.511811 6.299213 0.000000 0.787402 0.787402 0.000000 0.787402 6.299213 0.000000 0.787402 6.299213 0.000000 0.787402 0.787402 0.000000 "
											            />
										</IndexedFaceSet>
									</Shape>
								</Group>
							</Transform>
						</Transform>
					</Transform>
					<Transform DEF="group_26_TRANSFORM"
					           translation="117.993652 3.543307 0.000000"
					           scale="1.000000 1.000000 1.000000"
					           rotation="0.000000 0.000000 1.000000 1.570796"
					           >
						<Transform DEF="group_26_ifs_TRANSFORM"
						           translation="0.000000 -0.000000 0.000000"
						           scale="1.000000 1.000000 1.000000"
						           rotation="0.000000 1.000000 0.000000 0.000000"
						           >
							<Group DEF="group_ME_ID219_001">
								<Shape>
									<Appearance>
										<Material USE="MA_material_012" />
									</Appearance>
									<IndexedFaceSet solid="false"
									                coordIndex="0 1 2 -1 3 2 1 -1 4 5 6 -1 7 6 5 -1 8 9 10 -1 9 11 10 -1 11 12 10 -1 10 12 13 -1 14 13 12 -1 15 16 17 -1 18 17 16 -1 19 20 21 -1 21 20 22 -1 22 20 23 -1 23 20 24 -1 25 24 20 -1 26 27 28 -1 29 28 27 -1 30 31 32 -1 33 32 31 -1 26 28 34 -1 35 34 28 -1 36 34 37 -1 35 37 34 -1 "
									                >
										<Coordinate DEF="coords_ME_ID219_001"
										            point="3.937008 23.622046 0.000000 0.000000 23.622046 0.000000 3.937008 -16.930557 0.000000 0.000000 -16.930557 0.000000 3.937008 -16.930557 5.905512 3.937008 -16.930557 0.000000 -0.000000 -16.930557 5.905512 0.000000 -16.930557 0.000000 -0.000000 12.204723 8.267716 -0.000000 -14.568353 8.267716 0.000000 23.622046 0.000000 -0.000000 -15.749455 7.951241 -0.000000 -16.614082 7.086615 0.000000 -16.930557 0.000000 -0.000000 -16.930557 5.905512 3.937008 23.622046 0.000000 3.937008 12.204723 8.267716 0.000000 23.622046 0.000000 -0.000000 12.204723 8.267716 3.937008 12.204723 8.267716 3.937008 23.622046 0.000000 3.937008 -14.568353 8.267716 3.937008 -15.749455 7.951241 3.937008 -16.614082 7.086615 3.937008 -16.930557 5.905512 3.937008 -16.930557 0.000000 3.937008 -16.614082 7.086615 3.937008 -16.930557 5.905512 -0.000000 -16.614082 7.086615 -0.000000 -16.930557 5.905512 3.937008 12.204723 8.267716 3.937008 -14.568353 8.267716 -0.000000 12.204723 8.267716 -0.000000 -14.568353 8.267716 3.937008 -15.749455 7.951241 -0.000000 -15.749455 7.951241 3.937008 -14.568353 8.267716 -0.000000 -14.568353 8.267716 "
										            />
									</IndexedFaceSet>
								</Shape>
							</Group>
						</Transform>
					</Transform>
				</Transform>
			</Transform>
			<Transform DEF="group_27_TRANSFORM"
			           translation="3617.324951 -3.203697 140.237762"
			           scale="-1.000000 -1.000000 -1.000000"
			           rotation="-1.000000 0.000000 0.000000 3.141593"
			           >
				<Transform DEF="group_28_TRANSFORM"
				           translation="12.992188 0.000000 0.000000"
				           scale="-1.000000 -1.000000 -1.000000"
				           rotation="-1.000000 0.000000 0.000000 3.141593"
				           >
					<Transform DEF="group_28_ifs_TRANSFORM"
					           translation="0.000000 -0.000000 0.000001"
					           scale="1.000000 1.000000 1.000000"
					           rotation="0.000000 1.000000 0.000000 0.000000"
					           >
						<Group DEF="group_ME_ID247_003">
							<Shape>
								<Appearance>
									<Material USE="MA_material_012" />
								</Appearance>
								<IndexedFaceSet solid="false"
								                coordIndex="0 1 2 -1 1 0 3 -1 4 5 6 -1 5 4 7 -1 7 4 8 -1 8 4 9 -1 10 11 12 -1 11 10 13 -1 13 10 14 -1 13 14 15 -1 13 15 6 -1 13 6 5 -1 16 17 18 -1 17 19 20 -1 19 17 21 -1 21 17 16 -1 22 23 24 -1 23 22 25 -1 25 22 26 -1 25 26 27 -1 27 26 28 -1 27 28 29 -1 29 28 30 -1 30 28 31 -1 30 31 32 -1 32 31 33 -1 32 33 34 -1 34 33 35 -1 34 35 36 -1 36 35 37 -1 1 38 39 -1 38 1 3 -1 40 41 42 -1 41 40 43 -1 43 40 44 -1 45 46 47 -1 46 45 48 -1 48 45 49 -1 48 49 50 -1 48 50 51 -1 48 51 52 -1 48 52 53 -1 53 52 54 -1 53 54 55 -1 53 55 56 -1 53 56 57 -1 58 59 60 -1 59 58 61 -1 61 58 62 -1 63 64 65 -1 64 63 66 -1 67 68 69 -1 68 67 70 -1 71 72 73 -1 72 71 74 -1 75 76 77 -1 76 75 78 -1 79 80 81 -1 80 79 82 -1 39 83 84 -1 83 39 38 -1 85 86 87 -1 86 85 88 -1 87 86 89 -1 87 89 90 -1 87 90 91 -1 91 90 92 -1 92 90 93 -1 93 90 94 -1 93 94 95 -1 95 94 96 -1 86 88 97 -1 97 88 98 -1 98 88 99 -1 99 88 100 -1 96 101 102 -1 101 96 94 -1 102 101 103 -1 102 103 104 -1 102 104 105 -1 106 107 108 -1 107 106 109 -1 110 111 112 -1 111 110 113 -1 114 115 116 -1 115 114 117 -1 118 119 120 -1 119 118 121 -1 122 123 124 -1 123 122 125 -1 126 127 128 -1 127 126 129 -1 130 131 132 -1 131 130 128 -1 131 128 133 -1 133 128 127 -1 134 135 136 -1 135 134 137 -1 138 139 140 -1 139 138 141 -1 142 143 144 -1 143 142 145 -1 146 147 148 -1 147 146 149 -1 150 151 152 -1 151 150 153 -1 154 152 155 -1 152 154 150 -1 156 154 155 -1 154 156 157 -1 158 159 160 -1 159 158 161 -1 162 163 164 -1 163 162 165 -1 166 167 168 -1 167 166 169 -1 170 166 168 -1 166 170 171 -1 172 171 170 -1 171 172 173 -1 174 175 176 -1 175 174 177 -1 178 179 180 -1 179 178 181 -1 108 181 178 -1 181 108 107 -1 182 183 184 -1 183 182 185 -1 186 187 188 -1 187 186 189 -1 190 191 192 -1 191 190 193 -1 194 195 196 -1 195 194 197 -1 198 199 200 -1 199 198 201 -1 201 198 202 -1 201 202 203 -1 203 202 204 -1 203 204 205 -1 205 204 206 -1 205 206 207 -1 207 206 208 -1 207 208 209 -1 209 208 210 -1 209 210 211 -1 211 210 212 -1 211 212 213 -1 "
								                >
									<Coordinate DEF="coords_ME_ID247_003"
									            point="7.480315 1.968504 5.905511 7.322077 1.574803 5.314961 7.480315 1.574803 5.905512 7.322077 1.968504 5.314961 12.204723 1.574803 5.905512 6.299213 1.574803 4.724409 12.204723 1.574803 3.543307 6.889764 1.574803 4.882647 7.322077 1.574803 5.314961 7.480315 1.574803 5.905512 8.425197 1.574803 0.354331 1.033734 1.574803 0.000000 5.905512 1.574803 0.000000 1.018653 1.574803 4.724409 10.314960 1.574803 1.062992 11.574802 1.574803 2.125984 12.204723 1.574803 5.905512 7.480315 1.968504 5.905511 7.480315 1.574803 5.905512 7.480315 5.511811 5.905512 7.480315 5.118110 5.905512 12.204724 5.511811 5.905512 6.889764 1.968504 4.882647 0.629921 1.968504 4.724409 6.299213 1.968504 4.724409 0.039370 1.968504 4.882647 7.322077 1.968504 5.314961 -0.392943 1.968504 5.314961 7.480315 1.968504 5.905511 -0.551181 1.968504 5.905512 -0.448782 1.968504 6.500865 7.377916 1.968504 6.500865 -0.178623 1.968504 7.041184 7.107757 1.968504 7.041184 0.236220 1.968504 7.480315 6.692914 1.968504 7.480315 0.236220 1.968504 8.267716 6.692914 1.968504 8.267716 6.889764 1.968504 4.882647 6.889764 1.574803 4.882647 1.018653 1.574803 4.724409 0.629921 1.968504 4.724409 0.629921 1.574803 4.724409 6.299213 1.968504 4.724409 6.299213 1.574803 4.724409 1.018653 1.574803 4.724409 1.023622 1.574803 0.000000 1.033734 1.574803 0.000000 -0.944882 1.574803 0.000000 0.629921 1.574803 4.724409 0.039370 1.574803 4.882647 -0.392943 1.574803 5.314961 -0.551181 1.574803 5.905512 -0.944882 1.574803 8.267716 -0.448782 1.574803 6.500865 -0.178623 1.574803 7.041184 0.236220 1.574803 7.480315 0.236220 1.574803 8.267716 5.905512 5.511811 0.000000 1.023622 1.574803 0.000000 1.023622 5.511811 0.000000 1.033734 1.574803 0.000000 5.905512 1.574803 0.000000 5.905512 5.511811 0.000000 8.425197 1.574803 0.354331 5.905512 1.574803 0.000000 8.425197 5.511811 0.354331 8.425197 5.511811 0.354331 10.314960 1.574803 1.062992 8.425197 1.574803 0.354331 10.314960 5.511811 1.062992 10.314960 5.511811 1.062992 11.574802 1.574803 2.125984 10.314960 1.574803 1.062992 11.574802 5.511811 2.125984 11.574802 1.574803 2.125984 12.204724 5.511811 3.543307 12.204723 1.574803 3.543307 11.574802 5.511811 2.125984 12.204723 1.574803 3.543307 12.204724 5.511811 5.905512 12.204723 1.574803 5.905512 12.204724 5.511811 3.543307 6.299213 1.968504 4.724409 6.299213 1.574803 4.724409 -0.944882 5.511811 0.000000 -0.551181 5.511811 5.905512 1.023622 5.511811 0.000000 -0.944882 5.511811 8.267716 -0.392943 5.511811 5.314961 0.039370 5.511811 4.882647 5.905512 5.511811 0.000000 8.425197 5.511811 0.354331 10.314960 5.511811 1.062992 0.629921 5.511811 4.724409 11.574802 5.511811 2.125984 12.204724 5.511811 3.543307 -0.448782 5.511811 6.500865 -0.178623 5.511811 7.041184 0.236220 5.511811 7.480315 0.236220 5.511811 8.267716 6.299213 5.511811 4.724409 12.204724 5.511811 5.905512 6.889764 5.511811 4.882647 7.322077 5.511811 5.314961 7.480315 5.511811 5.905512 7.480315 5.118110 5.905512 7.322077 5.511811 5.314961 7.322077 5.118110 5.314961 7.480315 5.511811 5.905512 7.480315 1.968504 5.905511 7.377916 5.118110 6.500865 7.377916 1.968504 6.500865 7.480315 5.118110 5.905512 7.377916 1.968504 6.500865 7.107757 5.118110 7.041184 7.107757 1.968504 7.041184 7.377916 5.118110 6.500865 7.107757 5.118110 7.041184 6.692914 1.968504 7.480315 7.107757 1.968504 7.041184 6.692914 5.118110 7.480315 6.692914 1.968504 7.480315 6.692914 5.118110 8.267716 6.692914 1.968504 8.267716 6.692914 5.118110 7.480315 6.692914 1.968504 8.267716 0.236220 5.118110 8.267716 0.236220 1.968504 8.267716 6.692914 5.118110 8.267716 0.236220 1.574803 8.267716 -0.944882 5.511811 8.267716 -0.944882 1.574803 8.267716 0.236220 5.511811 8.267716 0.236220 1.574803 7.480315 0.236220 1.968504 8.267716 0.236220 1.574803 8.267716 0.236220 1.968504 7.480315 -0.178623 1.968504 7.041184 0.236220 1.574803 7.480315 -0.178623 1.574803 7.041184 0.236220 1.968504 7.480315 -0.448782 1.968504 6.500865 -0.178623 1.574803 7.041184 -0.448782 1.574803 6.500865 -0.178623 1.968504 7.041184 -0.551181 1.968504 5.905512 -0.448782 1.574803 6.500865 -0.551181 1.574803 5.905512 -0.448782 1.968504 6.500865 -0.392943 1.968504 5.314961 -0.551181 1.574803 5.905512 -0.392943 1.574803 5.314961 -0.551181 1.968504 5.905512 0.039370 1.968504 4.882647 0.039370 1.574803 4.882647 0.629921 1.574803 4.724409 0.629921 1.968504 4.724409 -0.944882 1.574803 8.267716 -0.944882 5.511811 0.000000 -0.944882 1.574803 0.000000 -0.944882 5.511811 8.267716 1.023622 5.511811 0.000000 -0.944882 1.574803 0.000000 -0.944882 5.511811 0.000000 1.023622 1.574803 0.000000 -0.392943 5.511811 5.314961 -0.551181 5.118110 5.905512 -0.392943 5.118110 5.314961 -0.551181 5.511811 5.905512 0.039370 5.118110 4.882647 0.039370 5.511811 4.882647 0.629921 5.118110 4.724409 0.629921 5.511811 4.724409 6.299213 5.118110 4.724409 0.629921 5.511811 4.724409 0.629921 5.118110 4.724409 6.299213 5.511811 4.724409 6.889764 5.118110 4.882647 6.299213 5.511811 4.724409 6.299213 5.118110 4.724409 6.889764 5.511811 4.882647 0.236220 5.118110 7.480315 0.236220 5.511811 8.267716 0.236220 5.118110 8.267716 0.236220 5.511811 7.480315 -0.178623 5.511811 7.041184 0.236220 5.118110 7.480315 -0.178623 5.118110 7.041184 0.236220 5.511811 7.480315 -0.448782 5.511811 6.500865 -0.178623 5.118110 7.041184 -0.448782 5.118110 6.500865 -0.178623 5.511811 7.041184 -0.551181 5.511811 5.905512 -0.448782 5.118110 6.500865 -0.551181 5.118110 5.905512 -0.448782 5.511811 6.500865 0.039370 5.118110 4.882647 6.299213 5.118110 4.724409 0.629921 5.118110 4.724409 6.889764 5.118110 4.882647 -0.392943 5.118110 5.314961 7.322077 5.118110 5.314961 -0.551181 5.118110 5.905512 7.480315 5.118110 5.905512 -0.448782 5.118110 6.500865 7.377916 5.118110 6.500865 -0.178623 5.118110 7.041184 7.107757 5.118110 7.041184 0.236220 5.118110 7.480315 6.692914 5.118110 7.480315 0.236220 5.118110 8.267716 6.692914 5.118110 8.267716 "
									            />
								</IndexedFaceSet>
							</Shape>
						</Group>
					</Transform>
					<Transform DEF="instance_11_TRANSFORM"
					           translation="12.992188 0.000000 5.905518"
					           scale="-1.000000 -1.000000 -1.000000"
					           rotation="-1.000000 -0.000000 0.000000 3.141593"
					           >
						<Transform DEF="instance_11_ifs_TRANSFORM"
						           translation="0.000000 -0.000000 0.000001"
						           scale="1.000000 1.000000 1.000000"
						           rotation="0.000000 0.000000 -0.000000 0.000000"
						           >
							<Group DEF="group_ME_ID235_002">
								<Shape>
									<Appearance>
									</Appearance>
									<IndexedFaceSet solid="false"
									                coordIndex="0 1 2 -1 2 1 3 -1 4 3 1 -1 5 6 7 -1 7 6 8 -1 9 8 6 -1 10 6 5 -1 11 12 13 -1 14 13 12 -1 15 16 17 -1 18 19 20 -1 20 19 21 -1 21 19 22 -1 22 19 15 -1 19 23 15 -1 16 15 23 -1 24 25 26 -1 27 26 25 -1 26 27 28 -1 29 28 27 -1 30 31 32 -1 32 31 33 -1 31 34 33 -1 35 33 34 -1 32 36 30 -1 37 30 36 -1 38 39 40 -1 41 40 39 -1 42 43 44 -1 45 44 43 -1 46 47 48 -1 48 47 49 -1 50 49 47 -1 51 52 53 -1 53 52 54 -1 55 54 52 -1 56 52 51 -1 57 58 59 -1 59 58 60 -1 61 60 58 -1 62 63 64 -1 64 63 65 -1 66 65 63 -1 67 68 69 -1 70 69 68 -1 71 72 73 -1 72 74 73 -1 74 75 73 -1 76 73 75 -1 77 78 79 -1 79 78 80 -1 80 78 81 -1 82 81 78 -1 83 84 85 -1 86 85 84 -1 87 88 89 -1 90 89 88 -1 91 92 93 -1 94 93 92 -1 72 95 74 -1 95 96 74 -1 96 97 74 -1 75 74 97 -1 98 83 99 -1 85 99 83 -1 89 90 100 -1 101 100 90 -1 93 94 102 -1 103 102 94 -1 95 104 96 -1 104 105 96 -1 97 96 105 -1 106 98 107 -1 99 107 98 -1 100 101 108 -1 109 108 101 -1 102 103 110 -1 111 110 103 -1 112 113 114 -1 115 114 113 -1 "
									                >
										<Coordinate DEF="coords_ME_ID235_002"
										            point="5.118110 5.511811 3.937008 6.299213 5.511811 3.937008 5.118110 5.511811 3.149606 5.118110 5.511811 2.362205 6.299213 5.511811 2.362205 5.118110 5.511811 3.937008 0.590551 5.511811 3.149606 0.000000 5.511811 3.937008 0.000000 5.511811 2.362205 0.590551 5.511811 2.362205 5.118110 5.511811 3.149606 6.299213 1.574803 2.362205 5.118110 1.574803 2.362205 6.299213 5.511811 2.362205 5.118110 5.511811 2.362205 6.299213 1.574803 2.362205 6.299213 0.000000 3.937008 6.299213 1.574803 3.937008 6.299213 7.086615 1.574803 6.299213 6.299213 1.574803 6.299213 7.086615 3.937008 6.299213 5.511811 3.937008 6.299213 5.511811 2.362205 6.299213 0.000000 1.574803 6.299213 7.086615 3.937008 6.299213 5.511811 3.937008 5.118110 7.086615 3.937008 5.118110 5.511811 3.937008 0.000000 7.086615 3.937008 0.000000 5.511811 3.937008 0.000000 5.511811 2.362205 0.000000 1.574803 2.362205 0.000000 7.086615 1.574803 0.000000 0.000000 1.574803 0.000000 1.574803 3.937008 0.000000 0.000000 3.937008 0.000000 7.086615 3.937008 0.000000 5.511811 3.937008 0.590551 5.511811 2.362205 0.590551 1.574803 2.362205 0.000000 5.511811 2.362205 0.000000 1.574803 2.362205 0.590551 5.511811 2.362205 0.590551 5.511811 3.149606 0.590551 1.574803 2.362205 0.590551 1.574803 3.149606 5.118110 1.574803 3.149606 1.181102 1.574803 3.149606 5.118110 5.511811 3.149606 0.590551 5.511811 3.149606 0.590551 1.574803 3.149606 1.181102 1.574803 3.937008 5.118110 1.574803 3.149606 6.299213 1.574803 3.937008 6.299213 1.574803 2.362205 5.118110 1.574803 2.362205 1.181102 1.574803 3.149606 5.118110 7.086615 3.937008 0.000000 7.086615 3.937008 6.299213 7.086615 3.937008 6.299213 7.086615 1.574803 0.000000 7.086615 1.574803 6.299213 1.574803 3.937008 6.299213 0.000000 3.937008 1.181102 1.574803 3.937008 0.000000 1.574803 3.937008 0.000000 0.000000 3.937008 0.000000 0.000000 3.937008 6.299213 0.000000 3.937008 0.000000 0.000000 1.574803 6.299213 0.000000 1.574803 6.299213 7.086615 1.574803 5.884369 6.671771 1.135672 6.299213 6.299213 1.574803 5.884369 6.299213 1.135672 5.884369 0.414843 1.135672 6.299213 0.000000 1.574803 1.181102 1.574803 3.937008 0.000000 1.574803 3.937008 1.181102 1.574803 3.149606 0.590551 1.574803 3.149606 0.590551 1.574803 2.362205 0.000000 1.574803 2.362205 0.414843 6.671771 1.135672 0.000000 7.086615 1.574803 0.414843 0.414843 1.135672 0.000000 0.000000 1.574803 6.299213 7.086615 1.574803 0.000000 7.086615 1.574803 5.884369 6.671771 1.135672 0.414843 6.671771 1.135672 0.000000 0.000000 1.574803 6.299213 0.000000 1.574803 0.414843 0.414843 1.135672 5.884369 0.414843 1.135672 5.614210 6.401612 0.595353 5.614210 6.299213 0.595353 5.614210 0.685003 0.595353 0.685003 6.401612 0.595353 0.685003 0.685003 0.595353 5.614210 6.401612 0.595353 0.685003 6.401612 0.595353 0.685003 0.685003 0.595353 5.614210 0.685003 0.595353 5.511811 6.299213 0.000000 5.511811 0.787402 0.000000 0.787402 6.299213 0.000000 0.787402 0.787402 0.000000 5.511811 6.299213 0.000000 0.787402 6.299213 0.000000 0.787402 0.787402 0.000000 5.511811 0.787402 0.000000 5.511811 0.787402 0.000000 5.511811 6.299213 0.000000 0.787402 0.787402 0.000000 0.787402 6.299213 0.000000 "
										            />
									</IndexedFaceSet>
								</Shape>
							</Group>
						</Transform>
					</Transform>
					<Transform DEF="instance_11_001_TRANSFORM"
					           translation="12.992188 0.000000 5.905518"
					           scale="-1.000000 -1.000000 -1.000000"
					           rotation="-1.000000 -0.000000 0.000000 3.141593"
					           >
						<Transform DEF="instance_11_001_ifs_TRANSFORM"
						           translation="0.000000 -0.000000 0.000001"
						           scale="1.000000 1.000000 1.000000"
						           rotation="0.000000 0.000000 -0.000000 0.000000"
						           >
							<Group DEF="group_ME_ID241_004">
							</Group>
						</Transform>
					</Transform>
				</Transform>
			</Transform>
			<Transform DEF="group_29_TRANSFORM"
			           translation="3501.968506 -27.706594 -0.391888"
			           scale="1.000000 1.000000 1.000000"
			           rotation="0.000000 1.000000 0.000000 0.000000"
			           >
				<Transform DEF="group_29_ifs_TRANSFORM"
				           translation="0.000000 0.000000 0.000000"
				           scale="1.000000 1.000000 1.000000"
				           rotation="0.000000 1.000000 0.000000 0.000000"
				           >
					<Group DEF="group_ME_ID254_004">
						<Shape>
							<Appearance>
								<Material USE="MA_material_012" />
							</Appearance>
							<IndexedFaceSet solid="false"
							                coordIndex="0 1 2 -1 1 0 3 -1 4 5 6 -1 5 4 7 -1 8 9 10 -1 9 8 11 -1 12 13 14 -1 13 12 15 -1 16 17 18 -1 17 16 19 -1 20 21 22 -1 21 20 23 -1 "
							                >
								<Coordinate DEF="coords_ME_ID254_004"
								            point="0.000000 77.314087 5.905512 0.000000 0.000000 0.000000 0.000000 0.000000 5.905512 0.000000 77.314087 0.000000 0.000000 77.314087 0.000000 3.937008 77.314087 5.905512 3.937008 77.314087 0.000000 0.000000 77.314087 5.905512 3.937008 77.314087 0.000000 0.000000 0.000000 0.000000 0.000000 77.314087 0.000000 3.937008 0.000000 0.000000 3.937008 0.000000 5.905512 0.000000 0.000000 0.000000 3.937008 0.000000 0.000000 0.000000 0.000000 5.905512 3.937008 0.000000 5.905512 0.000000 77.314087 5.905512 0.000000 0.000000 5.905512 3.937008 77.314087 5.905512 3.937008 77.314087 0.000000 3.937008 0.000000 5.905512 3.937008 0.000000 0.000000 3.937008 77.314087 5.905512 "
								            />
							</IndexedFaceSet>
						</Shape>
					</Group>
				</Transform>
			</Transform>
			<Transform DEF="group_30_TRANSFORM"
			           translation="3484.924561 -3.203697 140.237762"
			           scale="1.000000 1.000000 1.000000"
			           rotation="0.000000 1.000000 0.000000 0.000000"
			           >
				<Transform DEF="group_28_001_TRANSFORM"
				           translation="12.992188 0.000000 0.000000"
				           scale="-1.000000 -1.000000 -1.000000"
				           rotation="-1.000000 0.000000 0.000000 3.141593"
				           >
					<Transform DEF="group_28_001_ifs_TRANSFORM"
					           translation="0.000000 0.000000 0.000000"
					           scale="1.000000 1.000000 1.000000"
					           rotation="0.000000 1.000000 0.000000 0.000000"
					           >
						<Group DEF="group_ME_ID274">
							<Shape>
								<Appearance>
									<Material USE="MA_material_012" />
								</Appearance>
								<IndexedFaceSet solid="false"
								                coordIndex="0 1 2 -1 3 2 1 -1 4 5 6 -1 5 7 6 -1 7 8 6 -1 8 9 6 -1 6 9 10 -1 11 10 9 -1 12 13 14 -1 14 13 15 -1 15 13 4 -1 5 4 13 -1 16 17 18 -1 18 17 19 -1 20 19 17 -1 21 17 16 -1 22 23 24 -1 24 23 25 -1 23 26 25 -1 25 26 27 -1 26 28 27 -1 27 28 29 -1 28 30 29 -1 29 30 31 -1 31 30 32 -1 30 33 32 -1 32 33 34 -1 33 35 34 -1 34 35 36 -1 37 36 35 -1 0 2 38 -1 39 38 2 -1 40 41 42 -1 42 41 43 -1 44 43 41 -1 45 46 47 -1 46 48 47 -1 48 49 47 -1 49 50 47 -1 47 50 51 -1 50 52 51 -1 52 53 51 -1 53 54 51 -1 54 55 51 -1 51 55 56 -1 57 56 55 -1 58 59 60 -1 60 59 61 -1 62 61 59 -1 63 64 65 -1 66 65 64 -1 67 68 69 -1 70 69 68 -1 71 72 73 -1 74 73 72 -1 75 76 77 -1 78 77 76 -1 79 80 81 -1 82 81 80 -1 38 39 83 -1 84 83 39 -1 85 86 87 -1 86 88 87 -1 88 89 87 -1 90 91 89 -1 87 89 91 -1 92 93 94 -1 94 93 95 -1 95 93 96 -1 96 93 97 -1 91 90 98 -1 98 90 99 -1 90 100 99 -1 99 100 101 -1 101 100 102 -1 102 100 103 -1 100 104 103 -1 104 97 103 -1 93 105 97 -1 103 97 105 -1 106 107 108 -1 109 108 107 -1 110 111 112 -1 113 112 111 -1 114 115 116 -1 117 116 115 -1 118 119 120 -1 121 120 119 -1 122 123 124 -1 125 124 123 -1 126 127 128 -1 128 127 129 -1 127 130 129 -1 131 129 130 -1 132 133 126 -1 127 126 133 -1 134 135 136 -1 137 136 135 -1 138 139 140 -1 141 140 139 -1 142 143 144 -1 145 144 143 -1 146 147 148 -1 149 148 147 -1 150 151 152 -1 153 152 151 -1 151 154 153 -1 155 153 154 -1 156 157 154 -1 155 154 157 -1 158 159 160 -1 161 160 159 -1 162 163 164 -1 165 164 163 -1 166 167 168 -1 169 168 167 -1 170 171 167 -1 169 167 171 -1 172 173 170 -1 171 170 173 -1 174 175 176 -1 177 176 175 -1 178 179 180 -1 181 180 179 -1 108 109 178 -1 179 178 109 -1 182 183 184 -1 185 184 183 -1 186 187 188 -1 189 188 187 -1 190 191 192 -1 193 192 191 -1 194 195 196 -1 197 196 195 -1 198 199 200 -1 199 201 200 -1 200 201 202 -1 201 203 202 -1 202 203 204 -1 203 205 204 -1 204 205 206 -1 205 207 206 -1 206 207 208 -1 207 209 208 -1 208 209 210 -1 209 211 210 -1 210 211 212 -1 213 212 211 -1 "
								                >
									<Coordinate DEF="coords_ME_ID274"
									            point="7.322077 1.968504 5.314961 7.480315 1.968504 5.905511 7.322077 1.574803 5.314961 7.480315 1.574803 5.905512 6.299213 1.574803 4.724409 12.204723 1.574803 3.543307 1.018653 1.574803 4.724409 11.574802 1.574803 2.125984 10.314960 1.574803 1.062992 8.425197 1.574803 0.354331 1.033734 1.574803 0.000000 5.905512 1.574803 0.000000 7.480315 1.574803 5.905512 12.204723 1.574803 5.905512 7.322077 1.574803 5.314961 6.889764 1.574803 4.882647 12.204723 1.574803 5.905512 7.480315 1.968504 5.905511 12.204724 5.511811 5.905512 7.480315 5.511811 5.905512 7.480315 5.118110 5.905512 7.480315 1.574803 5.905512 6.692914 1.968504 8.267716 6.692914 1.968504 7.480315 0.236220 1.968504 8.267716 0.236220 1.968504 7.480315 7.107757 1.968504 7.041184 -0.178623 1.968504 7.041184 7.377916 1.968504 6.500865 -0.448782 1.968504 6.500865 7.480315 1.968504 5.905511 -0.551181 1.968504 5.905512 -0.392943 1.968504 5.314961 7.322077 1.968504 5.314961 0.039370 1.968504 4.882647 6.889764 1.968504 4.882647 0.629921 1.968504 4.724409 6.299213 1.968504 4.724409 6.889764 1.968504 4.882647 6.889764 1.574803 4.882647 6.299213 1.574803 4.724409 1.018653 1.574803 4.724409 6.299213 1.968504 4.724409 0.629921 1.968504 4.724409 0.629921 1.574803 4.724409 0.236220 1.574803 8.267716 0.236220 1.574803 7.480315 -0.944882 1.574803 8.267716 -0.178623 1.574803 7.041184 -0.448782 1.574803 6.500865 -0.551181 1.574803 5.905512 -0.944882 1.574803 0.000000 -0.392943 1.574803 5.314961 0.039370 1.574803 4.882647 0.629921 1.574803 4.724409 1.018653 1.574803 4.724409 1.023622 1.574803 0.000000 1.033734 1.574803 0.000000 5.905512 1.574803 0.000000 5.905512 5.511811 0.000000 1.033734 1.574803 0.000000 1.023622 1.574803 0.000000 1.023622 5.511811 0.000000 8.425197 5.511811 0.354331 5.905512 5.511811 0.000000 8.425197 1.574803 0.354331 5.905512 1.574803 0.000000 10.314960 5.511811 1.062992 8.425197 5.511811 0.354331 10.314960 1.574803 1.062992 8.425197 1.574803 0.354331 11.574802 5.511811 2.125984 10.314960 5.511811 1.062992 11.574802 1.574803 2.125984 10.314960 1.574803 1.062992 11.574802 5.511811 2.125984 11.574802 1.574803 2.125984 12.204724 5.511811 3.543307 12.204723 1.574803 3.543307 12.204724 5.511811 3.543307 12.204723 1.574803 3.543307 12.204724 5.511811 5.905512 12.204723 1.574803 5.905512 6.299213 1.968504 4.724409 6.299213 1.574803 4.724409 7.480315 5.511811 5.905512 7.322077 5.511811 5.314961 12.204724 5.511811 5.905512 6.889764 5.511811 4.882647 6.299213 5.511811 4.724409 0.629921 5.511811 4.724409 12.204724 5.511811 3.543307 0.236220 5.511811 8.267716 -0.944882 5.511811 8.267716 0.236220 5.511811 7.480315 -0.178623 5.511811 7.041184 -0.448782 5.511811 6.500865 -0.551181 5.511811 5.905512 11.574802 5.511811 2.125984 10.314960 5.511811 1.062992 0.039370 5.511811 4.882647 8.425197 5.511811 0.354331 5.905512 5.511811 0.000000 1.023622 5.511811 0.000000 -0.392943 5.511811 5.314961 -0.944882 5.511811 0.000000 7.480315 5.511811 5.905512 7.480315 5.118110 5.905512 7.322077 5.511811 5.314961 7.322077 5.118110 5.314961 7.480315 5.118110 5.905512 7.480315 1.968504 5.905511 7.377916 5.118110 6.500865 7.377916 1.968504 6.500865 7.377916 5.118110 6.500865 7.377916 1.968504 6.500865 7.107757 5.118110 7.041184 7.107757 1.968504 7.041184 6.692914 5.118110 7.480315 7.107757 5.118110 7.041184 6.692914 1.968504 7.480315 7.107757 1.968504 7.041184 6.692914 5.118110 7.480315 6.692914 1.968504 7.480315 6.692914 5.118110 8.267716 6.692914 1.968504 8.267716 0.236220 5.118110 8.267716 0.236220 1.968504 8.267716 0.236220 5.511811 8.267716 -0.944882 5.511811 8.267716 0.236220 1.574803 8.267716 -0.944882 1.574803 8.267716 6.692914 5.118110 8.267716 6.692914 1.968504 8.267716 0.236220 1.968504 7.480315 0.236220 1.574803 7.480315 0.236220 1.968504 8.267716 0.236220 1.574803 8.267716 0.236220 1.968504 7.480315 -0.178623 1.968504 7.041184 0.236220 1.574803 7.480315 -0.178623 1.574803 7.041184 -0.178623 1.968504 7.041184 -0.448782 1.968504 6.500865 -0.178623 1.574803 7.041184 -0.448782 1.574803 6.500865 -0.448782 1.968504 6.500865 -0.551181 1.968504 5.905512 -0.448782 1.574803 6.500865 -0.551181 1.574803 5.905512 -0.551181 1.968504 5.905512 -0.392943 1.968504 5.314961 -0.551181 1.574803 5.905512 -0.392943 1.574803 5.314961 0.039370 1.968504 4.882647 0.039370 1.574803 4.882647 0.629921 1.968504 4.724409 0.629921 1.574803 4.724409 -0.944882 5.511811 8.267716 -0.944882 1.574803 8.267716 -0.944882 5.511811 0.000000 -0.944882 1.574803 0.000000 1.023622 1.574803 0.000000 1.023622 5.511811 0.000000 -0.944882 1.574803 0.000000 -0.944882 5.511811 0.000000 -0.551181 5.511811 5.905512 -0.392943 5.511811 5.314961 -0.551181 5.118110 5.905512 -0.392943 5.118110 5.314961 0.039370 5.511811 4.882647 0.039370 5.118110 4.882647 0.629921 5.511811 4.724409 0.629921 5.118110 4.724409 6.299213 5.511811 4.724409 6.299213 5.118110 4.724409 0.629921 5.511811 4.724409 0.629921 5.118110 4.724409 6.889764 5.511811 4.882647 6.889764 5.118110 4.882647 6.299213 5.511811 4.724409 6.299213 5.118110 4.724409 0.236220 5.511811 7.480315 0.236220 5.118110 7.480315 0.236220 5.511811 8.267716 0.236220 5.118110 8.267716 0.236220 5.511811 7.480315 -0.178623 5.511811 7.041184 0.236220 5.118110 7.480315 -0.178623 5.118110 7.041184 -0.178623 5.511811 7.041184 -0.448782 5.511811 6.500865 -0.178623 5.118110 7.041184 -0.448782 5.118110 6.500865 -0.448782 5.511811 6.500865 -0.551181 5.511811 5.905512 -0.448782 5.118110 6.500865 -0.551181 5.118110 5.905512 6.692914 5.118110 8.267716 0.236220 5.118110 8.267716 6.692914 5.118110 7.480315 0.236220 5.118110 7.480315 7.107757 5.118110 7.041184 -0.178623 5.118110 7.041184 7.377916 5.118110 6.500865 -0.448782 5.118110 6.500865 7.480315 5.118110 5.905512 -0.551181 5.118110 5.905512 7.322077 5.118110 5.314961 -0.392943 5.118110 5.314961 6.889764 5.118110 4.882647 0.039370 5.118110 4.882647 6.299213 5.118110 4.724409 0.629921 5.118110 4.724409 "
									            />
								</IndexedFaceSet>
							</Shape>
						</Group>
					</Transform>
					<Transform DEF="instance_11_002_TRANSFORM"
					           translation="12.992188 0.000000 5.905518"
					           scale="-1.000000 -1.000000 -1.000000"
					           rotation="-1.000000 -0.000000 0.000000 3.141593"
					           >
						<Transform DEF="instance_11_002_ifs_TRANSFORM"
						           translation="0.000000 0.000000 0.000001"
						           scale="1.000000 1.000000 1.000000"
						           rotation="0.000000 0.000000 -0.000000 0.000000"
						           >
							<Group DEF="group_ME_ID264">
								<Shape>
									<Appearance>
									</Appearance>
									<IndexedFaceSet solid="false"
									                coordIndex="0 1 2 -1 1 0 3 -1 3 0 4 -1 5 6 7 -1 6 8 9 -1 8 6 10 -1 10 6 5 -1 11 12 13 -1 12 11 14 -1 15 16 17 -1 16 15 18 -1 16 18 19 -1 19 18 20 -1 20 18 21 -1 21 18 22 -1 23 17 16 -1 24 25 26 -1 25 24 27 -1 26 28 29 -1 28 26 25 -1 30 31 32 -1 31 30 33 -1 34 35 36 -1 35 34 37 -1 35 37 33 -1 33 37 31 -1 38 39 40 -1 39 38 41 -1 42 43 44 -1 43 42 45 -1 46 47 48 -1 47 46 49 -1 49 46 50 -1 51 52 53 -1 52 54 55 -1 54 52 56 -1 56 52 51 -1 57 58 59 -1 58 57 60 -1 60 57 61 -1 62 63 64 -1 63 62 65 -1 65 62 66 -1 67 68 69 -1 68 67 70 -1 71 72 73 -1 72 71 74 -1 72 74 75 -1 72 75 76 -1 77 78 79 -1 78 77 80 -1 80 77 81 -1 81 77 82 -1 83 84 85 -1 84 83 86 -1 87 88 89 -1 88 87 90 -1 91 92 93 -1 92 91 94 -1 95 74 71 -1 74 95 96 -1 74 96 97 -1 74 97 75 -1 86 98 84 -1 98 86 99 -1 89 100 101 -1 100 89 88 -1 93 102 103 -1 102 93 92 -1 104 96 95 -1 96 104 105 -1 96 105 97 -1 99 106 98 -1 106 99 107 -1 101 108 109 -1 108 101 100 -1 103 110 111 -1 110 103 102 -1 112 113 114 -1 113 112 115 -1 "
									                >
										<Coordinate DEF="coords_ME_ID264"
										            point="6.299213 5.511811 3.937008 5.118110 5.511811 2.362205 6.299213 5.511811 2.362205 5.118110 5.511811 3.149606 5.118110 5.511811 3.937008 5.118110 5.511811 3.937008 0.590551 5.511811 3.149606 5.118110 5.511811 3.149606 0.000000 5.511811 2.362205 0.590551 5.511811 2.362205 0.000000 5.511811 3.937008 5.118110 1.574803 2.362205 6.299213 5.511811 2.362205 5.118110 5.511811 2.362205 6.299213 1.574803 2.362205 6.299213 0.000000 1.574803 6.299213 1.574803 2.362205 6.299213 0.000000 3.937008 6.299213 6.299213 1.574803 6.299213 5.511811 2.362205 6.299213 5.511811 3.937008 6.299213 7.086615 3.937008 6.299213 7.086615 1.574803 6.299213 1.574803 3.937008 6.299213 5.511811 3.937008 5.118110 7.086615 3.937008 5.118110 5.511811 3.937008 6.299213 7.086615 3.937008 0.000000 7.086615 3.937008 0.000000 5.511811 3.937008 0.000000 7.086615 3.937008 0.000000 5.511811 2.362205 0.000000 5.511811 3.937008 0.000000 7.086615 1.574803 0.000000 1.574803 3.937008 0.000000 0.000000 1.574803 0.000000 0.000000 3.937008 0.000000 1.574803 2.362205 0.590551 1.574803 2.362205 0.000000 5.511811 2.362205 0.000000 1.574803 2.362205 0.590551 5.511811 2.362205 0.590551 5.511811 3.149606 0.590551 1.574803 2.362205 0.590551 1.574803 3.149606 0.590551 5.511811 2.362205 1.181102 1.574803 3.149606 0.590551 5.511811 3.149606 0.590551 1.574803 3.149606 5.118110 5.511811 3.149606 5.118110 1.574803 3.149606 1.181102 1.574803 3.937008 5.118110 1.574803 3.149606 1.181102 1.574803 3.149606 6.299213 1.574803 2.362205 5.118110 1.574803 2.362205 6.299213 1.574803 3.937008 0.000000 7.086615 3.937008 6.299213 7.086615 1.574803 0.000000 7.086615 1.574803 6.299213 7.086615 3.937008 5.118110 7.086615 3.937008 6.299213 0.000000 3.937008 0.000000 1.574803 3.937008 0.000000 0.000000 3.937008 1.181102 1.574803 3.937008 6.299213 1.574803 3.937008 6.299213 0.000000 3.937008 0.000000 0.000000 1.574803 6.299213 0.000000 1.574803 0.000000 0.000000 3.937008 5.884369 0.414843 1.135672 6.299213 6.299213 1.574803 6.299213 0.000000 1.574803 5.884369 6.299213 1.135672 5.884369 6.671771 1.135672 6.299213 7.086615 1.574803 0.000000 1.574803 3.937008 0.590551 1.574803 2.362205 0.000000 1.574803 2.362205 0.590551 1.574803 3.149606 1.181102 1.574803 3.149606 1.181102 1.574803 3.937008 0.000000 7.086615 1.574803 0.414843 0.414843 1.135672 0.000000 0.000000 1.574803 0.414843 6.671771 1.135672 0.000000 7.086615 1.574803 5.884369 6.671771 1.135672 0.414843 6.671771 1.135672 6.299213 7.086615 1.574803 6.299213 0.000000 1.574803 0.414843 0.414843 1.135672 5.884369 0.414843 1.135672 0.000000 0.000000 1.574803 5.614210 0.685003 0.595353 5.614210 6.299213 0.595353 5.614210 6.401612 0.595353 0.685003 0.685003 0.595353 0.685003 6.401612 0.595353 5.614210 6.401612 0.595353 0.685003 6.401612 0.595353 0.685003 0.685003 0.595353 5.614210 0.685003 0.595353 5.511811 0.787402 0.000000 5.511811 6.299213 0.000000 0.787402 0.787402 0.000000 0.787402 6.299213 0.000000 5.511811 6.299213 0.000000 0.787402 6.299213 0.000000 0.787402 0.787402 0.000000 5.511811 0.787402 0.000000 5.511811 6.299213 0.000000 0.787402 0.787402 0.000000 0.787402 6.299213 0.000000 5.511811 0.787402 0.000000 "
										            />
									</IndexedFaceSet>
								</Shape>
							</Group>
						</Transform>
					</Transform>
					<Transform DEF="instance_11_003_TRANSFORM"
					           translation="12.992188 0.000000 5.905518"
					           scale="-1.000000 -1.000000 -1.000000"
					           rotation="-1.000000 -0.000000 0.000000 3.141593"
					           >
						<Transform DEF="instance_11_003_ifs_TRANSFORM"
						           translation="0.000000 0.000000 0.000001"
						           scale="1.000000 1.000000 1.000000"
						           rotation="0.000000 0.000000 -0.000000 0.000000"
						           >
							<Group DEF="group_ME_ID270_002">
							</Group>
						</Transform>
					</Transform>
				</Transform>
			</Transform>
			<Transform DEF="group_31_TRANSFORM"
			           translation="3583.464600 -25.337492 187.943634"
			           scale="1.000000 1.000000 1.000000"
			           rotation="0.000000 1.000000 0.000000 0.000000"
			           >
				<Transform DEF="group_32_TRANSFORM"
				           translation="0.000000 0.000000 -2.356537"
				           scale="1.000000 1.000000 1.000000"
				           rotation="0.000000 1.000000 0.000000 0.000000"
				           >
					<Transform DEF="instance_12_TRANSFORM"
					           translation="0.000000 21.794186 10.624252"
					           scale="1.000000 1.000000 1.000000"
					           rotation="0.000000 1.000000 0.000000 0.000000"
					           >
						<Transform DEF="instance_12_ifs_TRANSFORM"
						           translation="0.000000 0.000000 0.000000"
						           scale="1.000000 1.000000 1.000000"
						           rotation="0.000000 1.000000 0.000000 0.000000"
						           >
							<Group DEF="group_ME_ID284_005">
								<Shape>
									<Appearance>
									</Appearance>
									<IndexedFaceSet solid="false"
									                coordIndex="0 1 2 -1 1 0 3 -1 4 5 6 -1 5 4 7 -1 5 7 8 -1 8 7 9 -1 9 7 10 -1 10 7 11 -1 12 6 5 -1 13 14 15 -1 14 13 16 -1 17 18 19 -1 18 17 20 -1 21 22 23 -1 22 21 24 -1 22 24 20 -1 20 24 18 -1 25 26 27 -1 26 25 28 -1 29 30 31 -1 30 29 32 -1 33 34 35 -1 34 33 36 -1 37 38 39 -1 38 37 40 -1 41 42 43 -1 42 41 44 -1 45 46 47 -1 46 45 48 -1 46 48 49 -1 46 49 50 -1 51 52 53 -1 52 51 54 -1 55 56 57 -1 56 55 58 -1 59 60 61 -1 60 59 62 -1 63 48 45 -1 48 63 64 -1 48 64 65 -1 48 65 49 -1 54 66 52 -1 66 54 67 -1 57 68 69 -1 68 57 56 -1 61 70 71 -1 70 61 60 -1 72 64 63 -1 64 72 73 -1 64 73 65 -1 67 74 66 -1 74 67 75 -1 69 76 77 -1 76 69 68 -1 71 78 79 -1 78 71 70 -1 80 81 82 -1 81 80 83 -1 "
									                >
										<Coordinate DEF="coords_ME_ID284_005"
										            point="6.299213 5.511811 3.937008 0.000000 5.511811 2.362205 6.299213 5.511811 2.362205 0.000000 5.511811 3.937008 6.299213 0.000000 1.574803 6.299213 1.574803 2.362205 6.299213 0.000000 3.937008 6.299213 6.299213 1.574803 6.299213 5.511811 2.362205 6.299213 5.511811 3.937008 6.299213 7.086615 3.937008 6.299213 7.086615 1.574803 6.299213 1.574803 3.937008 6.299213 5.511811 3.937008 0.000000 7.086615 3.937008 0.000000 5.511811 3.937008 6.299213 7.086615 3.937008 0.000000 7.086615 3.937008 0.000000 5.511811 2.362205 0.000000 5.511811 3.937008 0.000000 7.086615 1.574803 0.000000 1.574803 3.937008 0.000000 0.000000 1.574803 0.000000 0.000000 3.937008 0.000000 1.574803 2.362205 6.299213 1.574803 2.362205 0.000000 5.511811 2.362205 0.000000 1.574803 2.362205 6.299213 5.511811 2.362205 0.000000 7.086615 3.937008 6.299213 7.086615 1.574803 0.000000 7.086615 1.574803 6.299213 7.086615 3.937008 0.000000 1.574803 3.937008 6.299213 1.574803 2.362205 0.000000 1.574803 2.362205 6.299213 1.574803 3.937008 6.299213 0.000000 3.937008 0.000000 1.574803 3.937008 0.000000 0.000000 3.937008 6.299213 1.574803 3.937008 6.299213 0.000000 3.937008 0.000000 0.000000 1.574803 6.299213 0.000000 1.574803 0.000000 0.000000 3.937008 5.884369 0.414843 1.135672 6.299213 6.299213 1.574803 6.299213 0.000000 1.574803 5.884369 6.299213 1.135672 5.884369 6.671771 1.135672 6.299213 7.086615 1.574803 0.000000 7.086615 1.574803 0.414843 0.414843 1.135672 0.000000 0.000000 1.574803 0.414843 6.671771 1.135672 0.000000 7.086615 1.574803 5.884369 6.671771 1.135672 0.414843 6.671771 1.135672 6.299213 7.086615 1.574803 6.299213 0.000000 1.574803 0.414843 0.414843 1.135672 5.884369 0.414843 1.135672 0.000000 0.000000 1.574803 5.614210 0.685003 0.595353 5.614210 6.299213 0.595353 5.614210 6.401612 0.595353 0.685003 0.685003 0.595353 0.685003 6.401612 0.595353 5.614210 6.401612 0.595353 0.685003 6.401612 0.595353 0.685003 0.685003 0.595353 5.614210 0.685003 0.595353 5.511811 0.787402 0.000000 5.511811 6.299213 0.000000 0.787402 0.787402 0.000000 0.787402 6.299213 0.000000 5.511811 6.299213 0.000000 0.787402 6.299213 0.000000 0.787402 0.787402 0.000000 5.511811 0.787402 0.000000 5.511811 6.299213 0.000000 0.787402 0.787402 0.000000 0.787402 6.299213 0.000000 5.511811 0.787402 0.000000 "
										            />
									</IndexedFaceSet>
								</Shape>
							</Group>
						</Transform>
					</Transform>
					<Transform DEF="instance_13_TRANSFORM"
					           translation="-3577.951416 25.337492 -219.438187"
					           scale="1.000000 1.000000 1.000000"
					           rotation="0.000000 1.000000 0.000000 0.000000"
					           >
						<Transform DEF="group_33_001_TRANSFORM"
						           translation="-5.513062 49.606297 33.851086"
						           scale="1.000000 1.000000 1.000000"
						           rotation="0.000000 0.000000 -1.000000 1.570796"
						           >
							<Transform DEF="_02-5_mangong_1_001_TRANSFORM"
							           translation="42.127232 6.114170 46.843212"
							           scale="1.000000 1.000000 1.000000"
							           rotation="0.000000 0.000000 1.000000 1.570796"
							           >
								<Transform DEF="_02-5_mangong_1_001_ifs_TRANSFORM"
								           translation="0.000000 0.000000 0.000000"
								           scale="1.000000 1.000000 1.000000"
								           rotation="0.000000 1.000000 0.000000 0.000000"
								           >
									<Group USE="group_ME_ID95" />
								</Transform>
							</Transform>
							<Transform DEF="散枓_002_TRANSFORM"
							           translation="43.308338 16.744091 44.481007"
							           scale="1.000000 1.000000 1.000000"
							           rotation="0.000000 0.000000 1.000000 3.141593"
							           >
								<Transform DEF="散枓_002_ifs_TRANSFORM"
								           translation="-0.000000 0.000000 0.000000"
								           scale="1.000000 1.000000 1.000000"
								           rotation="0.000000 1.000000 0.000000 0.000000"
								           >
									<Group USE="group_ME_ID103_003" />
								</Transform>
							</Transform>
							<Transform DEF="散枓_003_TRANSFORM"
							           translation="43.308334 10.838580 52.748722"
							           scale="1.000000 1.000000 1.000000"
							           rotation="0.000000 0.000000 1.000000 3.141593"
							           >
								<Transform DEF="散枓_003_ifs_TRANSFORM"
								           translation="-0.000000 0.000000 0.000000"
								           scale="1.000000 1.000000 1.000000"
								           rotation="0.000000 1.000000 0.000000 0.000000"
								           >
									<Group USE="group_ME_ID103_003" />
								</Transform>
							</Transform>
							<Transform DEF="元件_一等材_足材_1_001_TRANSFORM"
							           translation="42.127235 48.425194 55.110924"
							           scale="1.000000 1.000000 1.000000"
							           rotation="0.000000 0.000000 1.000000 3.141593"
							           >
								<Transform DEF="元件_一等材_足材_1_001_ifs_TRANSFORM"
								           translation="-0.000000 0.000001 0.000000"
								           scale="1.000000 1.000000 1.000000"
								           rotation="0.000000 1.000000 0.000000 0.000000"
								           >
									<Group USE="group_ME_ID121_003" />
								</Transform>
							</Transform>
							<Transform DEF="散枓_004_TRANSFORM"
							           translation="43.308338 43.122040 52.748722"
							           scale="1.000000 1.000000 1.000000"
							           rotation="0.000000 0.000000 1.000000 3.141593"
							           >
								<Transform DEF="散枓_004_ifs_TRANSFORM"
								           translation="-0.000000 0.000000 0.000000"
								           scale="1.000000 1.000000 1.000000"
								           rotation="0.000000 1.000000 0.000000 0.000000"
								           >
									<Group USE="group_ME_ID103_003" />
								</Transform>
							</Transform>
							<Transform DEF="散枓_005_TRANSFORM"
							           translation="43.298756 37.216530 44.481007"
							           scale="1.000000 1.000000 1.000000"
							           rotation="0.000000 0.000000 1.000000 3.141593"
							           >
								<Transform DEF="散枓_005_ifs_TRANSFORM"
								           translation="-0.000000 0.000000 0.000000"
								           scale="1.000000 1.000000 1.000000"
								           rotation="0.000000 1.000000 0.000000 0.000000"
								           >
									<Group USE="group_ME_ID103_003" />
								</Transform>
							</Transform>
							<Transform DEF="瓜子栱_1_001_TRANSFORM"
							           translation="42.127232 12.019682 38.575497"
							           scale="1.000000 1.000000 1.000000"
							           rotation="0.000000 0.000000 1.000000 1.570796"
							           >
								<Transform DEF="瓜子栱_1_001_ifs_TRANSFORM"
								           translation="0.000000 0.000000 0.000000"
								           scale="1.000000 1.000000 1.000000"
								           rotation="0.000000 1.000000 0.000000 0.000000"
								           >
									<Group USE="group_ME_ID113" />
								</Transform>
							</Transform>
						</Transform>
						<Transform DEF="group_34_001_TRANSFORM"
						           translation="-0.199353 -0.000000 93.158966"
						           scale="1.000000 1.000000 1.000000"
						           rotation="0.000000 1.000000 0.000000 0.000000"
						           >
							<Transform DEF="group_34_001_ifs_TRANSFORM"
							           translation="0.000000 0.000000 0.000000"
							           scale="1.000000 1.000000 1.000000"
							           rotation="0.000000 1.000000 0.000000 0.000000"
							           >
								<Group DEF="group_ME_ID301_001">
									<Shape>
										<Appearance>
										</Appearance>
										<IndexedFaceSet solid="false"
										                coordIndex="0 1 2 -1 1 0 3 -1 4 5 6 -1 5 4 7 -1 5 7 8 -1 8 7 9 -1 8 9 10 -1 10 9 11 -1 10 11 12 -1 12 11 13 -1 12 13 14 -1 14 13 15 -1 14 15 16 -1 16 15 17 -1 18 2 19 -1 2 18 0 -1 20 21 22 -1 21 20 23 -1 21 23 24 -1 24 23 25 -1 25 23 26 -1 25 26 27 -1 25 27 28 -1 28 27 29 -1 28 29 30 -1 30 29 31 -1 31 29 32 -1 31 32 33 -1 34 1 3 -1 1 34 35 -1 36 37 38 -1 37 36 39 -1 40 41 42 -1 41 40 43 -1 43 44 41 -1 44 43 45 -1 44 46 47 -1 46 44 45 -1 47 48 49 -1 48 47 46 -1 48 50 49 -1 50 48 51 -1 51 52 50 -1 52 51 53 -1 54 19 55 -1 19 54 18 -1 56 35 34 -1 35 56 57 -1 56 58 57 -1 58 56 59 -1 59 38 58 -1 38 59 36 -1 "
										                >
											<Coordinate DEF="coords_ME_ID301_001"
											            point="0.553832 74.249336 2.066929 2.066929 0.000000 0.553832 0.553832 0.000000 2.066929 2.066929 74.249336 0.553832 6.200788 0.000000 0.553832 2.066929 0.000000 0.553832 4.133858 0.000000 0.000000 7.713885 0.000000 2.066929 0.553832 0.000000 2.066929 8.267716 0.000000 4.133858 0.000000 0.000000 4.133858 8.000822 0.000000 5.129921 0.266894 0.000000 5.129921 7.713885 0.000000 6.200788 0.553832 0.000000 6.200788 6.200788 0.000000 7.713885 2.066929 0.000000 7.713885 4.133858 0.000000 8.267716 0.000000 74.249336 4.133858 0.000000 0.000000 4.133858 2.066929 74.249336 0.553832 6.200788 74.249336 0.553832 4.133858 74.249336 0.000000 0.553832 74.249336 2.066929 7.713885 74.249336 2.066929 8.267716 74.249336 4.133858 0.000000 74.249336 4.133858 0.266894 74.249336 5.129921 8.000822 74.249336 5.129921 0.553832 74.249336 6.200788 7.713885 74.249336 6.200788 6.200788 74.249336 7.713885 2.066929 74.249336 7.713885 4.133858 74.249336 8.267716 4.133858 74.249336 0.000000 4.133858 0.000000 0.000000 8.267716 74.249336 4.133858 8.000822 0.000000 5.129921 8.267716 0.000000 4.133858 8.000822 74.249336 5.129921 8.000822 74.249336 5.129921 7.713885 0.000000 6.200788 8.000822 0.000000 5.129921 7.713885 74.249336 6.200788 6.200788 0.000000 7.713885 6.200788 74.249336 7.713885 4.133858 74.249336 8.267716 4.133858 0.000000 8.267716 2.066929 74.249336 7.713885 2.066929 0.000000 7.713885 0.553832 0.000000 6.200788 0.553832 74.249336 6.200788 0.266894 0.000000 5.129921 0.266894 74.249336 5.129921 0.266894 74.249336 5.129921 0.266894 0.000000 5.129921 6.200788 74.249336 0.553832 6.200788 0.000000 0.553832 7.713885 0.000000 2.066929 7.713885 74.249336 2.066929 "
											            />
										</IndexedFaceSet>
									</Shape>
								</Group>
							</Transform>
						</Transform>
					</Transform>
					<Transform DEF="instance_21_TRANSFORM"
					           translation="23.622070 21.794186 10.624252"
					           scale="1.000000 1.000000 1.000000"
					           rotation="0.000000 1.000000 0.000000 0.000000"
					           >
						<Transform DEF="instance_21_ifs_TRANSFORM"
						           translation="0.000000 0.000000 0.000000"
						           scale="1.000000 1.000000 1.000000"
						           rotation="0.000000 1.000000 0.000000 0.000000"
						           >
							<Group USE="group_ME_ID284_005" />
						</Transform>
					</Transform>
					<Transform DEF="instance_22_TRANSFORM"
					           translation="29.133789 23.368990 4.718735"
					           scale="-1.000000 -1.000000 -1.000000"
					           rotation="-1.000000 0.000000 0.000000 3.141593"
					           >
						<Transform DEF="instance_22_ifs_TRANSFORM"
						           translation="0.000000 -0.000000 0.000000"
						           scale="1.000000 1.000000 1.000000"
						           rotation="0.000000 1.000000 0.000000 0.000000"
						           >
							<Group DEF="group_ME_ID310_001">
								<Shape>
									<Appearance>
									</Appearance>
									<IndexedFaceSet solid="false"
									                coordIndex="0 1 2 -1 3 2 1 -1 4 5 6 -1 5 7 6 -1 7 8 6 -1 8 9 6 -1 10 11 12 -1 11 13 12 -1 13 14 12 -1 12 14 15 -1 14 16 15 -1 16 17 15 -1 6 9 18 -1 9 19 18 -1 19 15 18 -1 15 17 18 -1 20 18 17 -1 21 22 23 -1 23 22 24 -1 24 22 10 -1 11 10 22 -1 25 26 27 -1 28 27 26 -1 29 30 31 -1 30 32 31 -1 31 32 33 -1 32 34 33 -1 33 34 35 -1 34 36 35 -1 35 36 37 -1 36 38 37 -1 37 38 39 -1 38 40 39 -1 39 40 41 -1 40 42 41 -1 41 42 43 -1 44 43 42 -1 3 1 45 -1 46 45 1 -1 45 46 47 -1 48 47 46 -1 49 50 51 -1 52 51 50 -1 53 54 55 -1 56 55 54 -1 57 58 59 -1 60 59 58 -1 61 62 63 -1 64 63 62 -1 65 66 67 -1 68 67 66 -1 66 69 68 -1 69 70 68 -1 68 70 71 -1 71 70 72 -1 70 73 72 -1 72 73 74 -1 74 73 75 -1 76 75 73 -1 74 75 77 -1 77 75 78 -1 75 79 78 -1 80 78 79 -1 81 82 83 -1 84 83 82 -1 85 86 87 -1 86 88 87 -1 88 89 87 -1 87 89 90 -1 89 91 90 -1 92 90 91 -1 93 94 95 -1 96 95 94 -1 97 98 99 -1 100 99 98 -1 101 102 103 -1 104 103 102 -1 105 106 107 -1 108 107 106 -1 109 110 111 -1 112 111 110 -1 113 114 115 -1 116 115 114 -1 117 118 119 -1 118 120 119 -1 120 121 119 -1 122 119 121 -1 123 124 125 -1 126 125 124 -1 125 126 127 -1 128 127 126 -1 128 129 127 -1 130 127 129 -1 131 132 133 -1 134 133 132 -1 135 136 137 -1 138 137 136 -1 139 140 141 -1 142 141 140 -1 143 144 145 -1 146 145 144 -1 147 148 149 -1 148 150 149 -1 150 151 149 -1 151 152 149 -1 153 154 155 -1 154 156 155 -1 156 157 155 -1 155 157 158 -1 157 159 158 -1 149 152 160 -1 152 161 160 -1 161 158 160 -1 158 159 160 -1 160 159 162 -1 163 162 159 -1 164 165 166 -1 166 165 167 -1 167 165 153 -1 154 153 165 -1 168 169 170 -1 171 170 169 -1 172 173 174 -1 173 175 174 -1 174 175 176 -1 175 177 176 -1 176 177 178 -1 177 179 178 -1 178 179 180 -1 179 181 180 -1 180 181 182 -1 181 183 182 -1 182 183 184 -1 183 185 184 -1 184 185 186 -1 187 186 185 -1 188 189 190 -1 191 190 189 -1 192 193 194 -1 193 195 194 -1 194 195 196 -1 195 197 196 -1 196 197 198 -1 197 199 198 -1 198 199 200 -1 199 201 200 -1 200 201 202 -1 201 203 202 -1 202 203 204 -1 203 205 204 -1 204 205 206 -1 207 206 205 -1 208 209 210 -1 211 210 209 -1 212 213 214 -1 213 215 214 -1 215 216 214 -1 217 218 216 -1 214 216 218 -1 219 220 221 -1 221 220 222 -1 222 220 223 -1 223 220 224 -1 218 217 225 -1 225 217 226 -1 217 227 226 -1 226 227 228 -1 228 227 229 -1 229 227 230 -1 227 231 230 -1 231 224 230 -1 220 232 224 -1 230 224 232 -1 233 234 235 -1 234 236 235 -1 235 236 237 -1 236 238 237 -1 237 238 239 -1 238 240 239 -1 239 240 241 -1 240 242 241 -1 241 242 243 -1 242 244 243 -1 243 244 245 -1 244 246 245 -1 245 246 247 -1 248 247 246 -1 249 250 251 -1 252 251 250 -1 253 254 255 -1 254 256 255 -1 256 257 255 -1 258 259 257 -1 255 257 259 -1 260 261 262 -1 262 261 263 -1 263 261 264 -1 264 261 265 -1 259 258 266 -1 266 258 267 -1 258 268 267 -1 267 268 269 -1 269 268 270 -1 268 271 270 -1 271 265 270 -1 261 272 265 -1 270 265 272 -1 270 273 269 -1 274 275 276 -1 277 276 275 -1 278 279 280 -1 281 280 279 -1 282 283 284 -1 285 284 283 -1 286 287 288 -1 289 288 287 -1 290 291 292 -1 293 292 291 -1 294 295 296 -1 297 296 295 -1 298 299 300 -1 301 300 299 -1 302 303 304 -1 305 304 303 -1 306 307 308 -1 309 308 307 -1 310 311 312 -1 313 312 311 -1 314 315 316 -1 317 316 315 -1 318 319 320 -1 321 320 319 -1 322 323 324 -1 325 324 323 -1 326 327 322 -1 323 322 327 -1 328 329 330 -1 331 330 329 -1 329 332 331 -1 333 331 332 -1 334 335 332 -1 333 332 335 -1 336 337 338 -1 339 338 337 -1 340 341 342 -1 343 342 341 -1 340 286 341 -1 288 341 286 -1 344 345 346 -1 347 346 345 -1 348 349 350 -1 351 350 349 -1 352 353 354 -1 355 354 353 -1 356 357 358 -1 359 358 357 -1 357 360 359 -1 361 359 360 -1 362 363 360 -1 361 360 363 -1 364 365 366 -1 367 366 365 -1 368 369 370 -1 371 370 369 -1 368 372 369 -1 373 369 372 -1 372 374 373 -1 375 373 374 -1 376 377 378 -1 379 378 377 -1 380 381 382 -1 383 382 381 -1 384 385 386 -1 387 386 385 -1 284 285 388 -1 389 388 285 -1 389 390 388 -1 391 388 390 -1 392 393 394 -1 395 394 393 -1 396 397 398 -1 399 398 397 -1 399 397 400 -1 401 400 397 -1 400 401 402 -1 403 402 401 -1 404 405 406 -1 407 406 405 -1 408 409 410 -1 411 410 409 -1 412 413 414 -1 415 414 413 -1 "
									                >
										<Coordinate DEF="coords_ME_ID310_001"
										            point="17.716536 0.000000 4.724409 17.125984 0.000000 4.882647 17.716536 0.393701 4.724409 17.125984 0.393701 4.882647 17.322834 0.000000 8.267716 17.322834 0.000000 7.480315 16.141731 0.000000 8.267716 16.907991 0.000000 7.041184 16.637833 0.000000 6.500865 16.535433 0.000000 5.905512 22.440945 0.000000 4.724409 28.346457 0.000000 3.543307 17.716536 0.000000 4.724409 27.716536 0.000000 2.125984 26.456694 0.000000 1.062992 17.125984 0.000000 4.882647 24.566929 0.000000 0.354331 22.047243 0.000000 0.000000 16.141731 0.000000 0.000000 16.693670 0.000000 5.314961 18.110235 0.000000 0.000000 23.622046 0.000000 5.905512 28.346457 0.000000 5.905512 23.463808 0.000000 5.314961 23.031496 0.000000 4.882647 22.440945 0.000000 4.724409 17.716536 0.000000 4.724409 22.440945 0.393701 4.724409 17.716536 0.393701 4.724409 17.322834 0.393701 8.267716 22.834644 0.393701 8.267716 17.322834 0.393701 7.480315 22.834644 0.393701 7.480315 16.907991 0.393701 7.041184 23.249489 0.393701 7.041184 16.637833 0.393701 6.500865 23.519648 0.393701 6.500865 16.535433 0.393701 5.905512 23.622046 0.393701 5.905512 16.693670 0.393701 5.314961 23.463808 0.393701 5.314961 17.125984 0.393701 4.882647 23.031496 0.393701 4.882647 17.716536 0.393701 4.724409 22.440945 0.393701 4.724409 16.693670 0.393701 5.314961 16.693670 0.000000 5.314961 16.535433 0.393701 5.905512 16.535433 0.000000 5.905512 16.637833 0.393701 6.500865 16.535433 0.393701 5.905512 16.637833 0.000000 6.500865 16.535433 0.000000 5.905512 16.637833 0.393701 6.500865 16.637833 0.000000 6.500865 16.907991 0.393701 7.041184 16.907991 0.000000 7.041184 16.907991 0.393701 7.041184 16.907991 0.000000 7.041184 17.322834 0.393701 7.480315 17.322834 0.000000 7.480315 17.322834 0.393701 8.267716 17.322834 0.393701 7.480315 17.322834 0.000000 8.267716 17.322834 0.000000 7.480315 22.834644 0.393701 8.267716 17.322834 0.393701 8.267716 22.834644 3.543307 8.267716 17.322834 3.543307 8.267716 17.322834 0.000000 8.267716 16.141731 0.000000 8.267716 17.322834 3.937008 8.267716 16.141733 3.937008 8.267716 12.204723 0.000000 8.267716 12.204723 3.937008 8.267716 11.023622 0.393701 8.267716 11.023622 0.000000 8.267716 11.023622 3.937008 8.267716 11.023622 3.543307 8.267716 5.511811 0.393701 8.267716 5.511811 3.543307 8.267716 12.204723 0.000000 8.267716 16.141731 0.000000 8.267716 12.204723 0.000000 0.000000 16.141731 0.000000 0.000000 18.110235 0.000000 0.000000 18.110235 3.937008 0.000000 16.141731 0.000000 0.000000 16.141733 3.937008 0.000000 12.204723 3.937008 0.000000 12.204723 0.000000 0.000000 10.236220 3.937008 0.000000 10.236220 0.000000 0.000000 22.047243 0.000000 0.000000 22.047243 3.937008 0.000000 18.110235 0.000000 0.000000 18.110235 3.937008 0.000000 24.566929 0.000000 0.354331 24.566929 3.937008 0.354331 22.047243 0.000000 0.000000 22.047243 3.937008 0.000000 26.456694 0.000000 1.062992 26.456692 3.937008 1.062992 24.566929 0.000000 0.354331 24.566929 3.937008 0.354331 27.716536 0.000000 2.125984 27.716536 3.937008 2.125984 26.456694 0.000000 1.062992 26.456692 3.937008 1.062992 28.346457 3.937008 3.543307 27.716536 3.937008 2.125984 28.346457 0.000000 3.543307 27.716536 0.000000 2.125984 28.346457 3.937008 5.905512 28.346457 3.937008 3.543307 28.346457 0.000000 5.905512 28.346457 0.000000 3.543307 28.346457 0.000000 5.905512 23.622046 0.000000 5.905512 28.346457 3.937008 5.905512 23.622046 0.393701 5.905512 23.622046 3.543307 5.905512 23.622046 3.937008 5.905512 23.622046 0.393701 5.905512 23.622046 0.000000 5.905512 23.463808 0.393701 5.314961 23.463808 0.000000 5.314961 23.031496 0.393701 4.882647 23.031496 0.000000 4.882647 22.440945 0.000000 4.724409 22.440945 0.393701 4.724409 23.519648 3.543307 6.500865 23.622046 3.543307 5.905512 23.519648 0.393701 6.500865 23.622046 0.393701 5.905512 23.519648 3.543307 6.500865 23.519648 0.393701 6.500865 23.249489 3.543307 7.041184 23.249489 0.393701 7.041184 23.249489 3.543307 7.041184 23.249489 0.393701 7.041184 22.834644 3.543307 7.480315 22.834644 0.393701 7.480315 22.834644 3.543307 8.267716 22.834644 3.543307 7.480315 22.834644 0.393701 8.267716 22.834644 0.393701 7.480315 11.023622 3.937008 8.267716 11.023622 3.937008 7.480315 12.204723 3.937008 8.267716 11.438465 3.937008 7.041184 11.708624 3.937008 6.500865 11.811023 3.937008 5.905512 5.905512 3.937008 4.724409 0.000000 3.937008 3.543307 10.629921 3.937008 4.724409 0.629921 3.937008 2.125984 1.889764 3.937008 1.062992 11.220472 3.937008 4.882647 3.779527 3.937008 0.354331 12.204723 3.937008 0.000000 11.652785 3.937008 5.314961 10.236220 3.937008 0.000000 6.299213 3.937008 0.000000 4.724409 3.937008 5.905512 0.000000 3.937008 5.905512 4.882647 3.937008 5.314961 5.314961 3.937008 4.882647 11.023622 3.937008 8.267716 11.023622 3.543307 8.267716 11.023622 3.937008 7.480315 11.023622 3.543307 7.480315 11.023622 3.543307 8.267716 5.511811 3.543307 8.267716 11.023622 3.543307 7.480315 5.511811 3.543307 7.480315 11.438465 3.543307 7.041184 5.096968 3.543307 7.041184 11.708624 3.543307 6.500865 4.826808 3.543307 6.500865 11.811023 3.543307 5.905511 4.724409 3.543307 5.905511 11.652785 3.543307 5.314961 4.882647 3.543307 5.314961 11.220472 3.543307 4.882647 5.314961 3.543307 4.882647 10.629921 3.543307 4.724409 5.905512 3.543307 4.724409 5.511811 3.543307 8.267716 5.511811 0.393701 8.267716 5.511811 3.543307 7.480315 5.511811 0.393701 7.480315 5.511811 0.393701 8.267716 11.023622 0.393701 8.267716 5.511811 0.393701 7.480315 11.023622 0.393701 7.480315 5.096968 0.393701 7.041184 11.438465 0.393701 7.041184 4.826808 0.393701 6.500865 11.708624 0.393701 6.500865 4.724409 0.393701 5.905512 11.811023 0.393701 5.905512 4.882647 0.393701 5.314961 11.652785 0.393701 5.314961 5.314961 0.393701 4.882647 11.220472 0.393701 4.882647 5.905512 0.393701 4.724409 10.629921 0.393701 4.724409 11.023622 0.393701 8.267716 11.023622 0.000000 8.267716 11.023622 0.393701 7.480315 11.023622 0.000000 7.480315 4.724409 0.000000 5.905512 4.882647 0.000000 5.314961 0.000000 0.000000 5.905512 5.314961 0.000000 4.882647 5.905511 0.000000 4.724409 10.629921 0.000000 4.724409 0.000000 0.000000 3.543307 11.023622 0.000000 8.267716 12.204723 0.000000 8.267716 11.023622 0.000000 7.480315 11.438465 0.000000 7.041184 11.708624 0.000000 6.500865 11.811023 0.000000 5.905512 0.629921 0.000000 2.125984 1.889764 0.000000 1.062992 11.220472 0.000000 4.882647 3.779527 0.000000 0.354331 6.299213 0.000000 0.000000 10.236220 0.000000 0.000000 11.652785 0.000000 5.314961 12.204723 0.000000 0.000000 22.834644 3.543307 8.267716 17.322834 3.543307 8.267716 22.834644 3.543307 7.480315 17.322834 3.543307 7.480315 23.249489 3.543307 7.041184 16.907991 3.543307 7.041184 23.519648 3.543307 6.500865 16.637833 3.543307 6.500865 23.622046 3.543307 5.905512 16.535433 3.543307 5.905512 23.463808 3.543307 5.314961 16.693670 3.543307 5.314961 23.031496 3.543307 4.882647 17.125984 3.543307 4.882647 22.440945 3.543307 4.724409 17.716536 3.543307 4.724409 17.322834 3.937008 8.267716 17.322834 3.937008 7.480315 17.322834 3.543307 8.267716 17.322834 3.543307 7.480315 23.622046 3.937008 5.905512 23.463808 3.937008 5.314961 28.346457 3.937008 5.905512 23.031496 3.937008 4.882647 22.440945 3.937008 4.724409 17.716536 3.937008 4.724409 28.346457 3.937008 3.543307 17.322834 3.937008 8.267716 16.141733 3.937008 8.267716 17.322834 3.937008 7.480315 16.907991 3.937008 7.041184 16.637833 3.937008 6.500865 16.535433 3.937008 5.905512 27.716536 3.937008 2.125984 26.456692 3.937008 1.062992 17.125984 3.937008 4.882647 24.566929 3.937008 0.354331 18.110235 3.937008 0.000000 16.693670 3.937008 5.314961 16.141733 3.937008 0.000000 22.047243 3.937008 0.000000 16.141733 3.937008 8.267716 12.204723 3.937008 8.267716 16.141733 3.937008 0.000000 12.204723 3.937008 0.000000 10.236220 0.000000 0.000000 10.236220 3.937008 0.000000 6.299213 0.000000 0.000000 6.299213 3.937008 0.000000 23.622046 3.937008 5.905512 23.622046 3.543307 5.905512 23.463808 3.937008 5.314961 23.463808 3.543307 5.314961 11.652785 3.937008 5.314961 11.811023 3.937008 5.905512 11.652785 3.543307 5.314961 11.811023 3.543307 5.905511 11.708624 3.937008 6.500865 11.708624 3.543307 6.500865 11.811023 3.937008 5.905512 11.811023 3.543307 5.905511 11.708624 3.937008 6.500865 11.438465 3.937008 7.041184 11.708624 3.543307 6.500865 11.438465 3.543307 7.041184 11.438465 3.937008 7.041184 11.023622 3.937008 7.480315 11.438465 3.543307 7.041184 11.023622 3.543307 7.480315 6.299213 0.000000 0.000000 6.299213 3.937008 0.000000 3.779527 0.000000 0.354331 3.779527 3.937008 0.354331 3.779527 0.000000 0.354331 3.779527 3.937008 0.354331 1.889764 0.000000 1.062992 1.889764 3.937008 1.062992 1.889764 0.000000 1.062992 1.889764 3.937008 1.062992 0.629921 0.000000 2.125984 0.629921 3.937008 2.125984 0.000000 3.937008 3.543307 0.000000 0.000000 3.543307 0.629921 3.937008 2.125984 0.629921 0.000000 2.125984 0.000000 3.937008 3.543307 0.000000 3.937008 5.905512 0.000000 0.000000 3.543307 0.000000 0.000000 5.905512 4.724409 3.543307 5.905511 0.000000 0.000000 5.905512 4.724409 3.937008 5.905512 0.000000 3.937008 5.905512 4.724409 0.393701 5.905512 4.724409 0.000000 5.905512 4.724409 3.937008 5.905512 4.882647 3.937008 5.314961 4.724409 3.543307 5.905511 4.882647 3.543307 5.314961 5.314961 3.937008 4.882647 5.314961 3.543307 4.882647 5.905512 3.937008 4.724409 5.905512 3.543307 4.724409 10.629921 3.937008 4.724409 10.629921 3.543307 4.724409 5.905512 3.937008 4.724409 5.905512 3.543307 4.724409 11.220472 3.937008 4.882647 11.220472 3.543307 4.882647 10.629921 3.937008 4.724409 10.629921 3.543307 4.724409 4.826808 3.543307 6.500865 4.826808 0.393701 6.500865 4.724409 3.543307 5.905511 4.724409 0.393701 5.905512 4.826808 3.543307 6.500865 5.096968 3.543307 7.041184 4.826808 0.393701 6.500865 5.096968 0.393701 7.041184 5.096968 3.543307 7.041184 5.511811 3.543307 7.480315 5.096968 0.393701 7.041184 5.511811 0.393701 7.480315 4.724409 0.393701 5.905512 4.882647 0.393701 5.314961 4.724409 0.000000 5.905512 4.882647 0.000000 5.314961 5.314961 0.393701 4.882647 5.314961 0.000000 4.882647 5.905512 0.393701 4.724409 5.905511 0.000000 4.724409 10.629921 0.393701 4.724409 10.629921 0.000000 4.724409 5.905512 0.393701 4.724409 5.905511 0.000000 4.724409 11.220472 0.393701 4.882647 11.220472 0.000000 4.882647 10.629921 0.393701 4.724409 10.629921 0.000000 4.724409 11.652785 0.393701 5.314961 11.652785 0.000000 5.314961 11.811023 0.393701 5.905512 11.811023 0.000000 5.905512 11.708624 0.393701 6.500865 11.708624 0.000000 6.500865 11.811023 0.393701 5.905512 11.811023 0.000000 5.905512 11.708624 0.393701 6.500865 11.438465 0.393701 7.041184 11.708624 0.000000 6.500865 11.438465 0.000000 7.041184 11.438465 0.393701 7.041184 11.023622 0.393701 7.480315 11.438465 0.000000 7.041184 11.023622 0.000000 7.480315 23.031496 3.937008 4.882647 23.031496 3.543307 4.882647 22.440945 3.543307 4.724409 22.440945 3.937008 4.724409 22.440945 3.543307 4.724409 17.716536 3.543307 4.724409 22.440945 3.937008 4.724409 17.716536 3.937008 4.724409 17.716536 3.543307 4.724409 17.125984 3.543307 4.882647 17.716536 3.937008 4.724409 17.125984 3.937008 4.882647 16.693670 3.937008 5.314961 16.693670 3.543307 5.314961 16.535433 3.937008 5.905512 16.535433 3.543307 5.905512 16.637833 3.937008 6.500865 16.535433 3.937008 5.905512 16.637833 3.543307 6.500865 16.535433 3.543307 5.905512 16.637833 3.937008 6.500865 16.637833 3.543307 6.500865 16.907991 3.937008 7.041184 16.907991 3.543307 7.041184 16.907991 3.937008 7.041184 16.907991 3.543307 7.041184 17.322834 3.937008 7.480315 17.322834 3.543307 7.480315 "
										            />
									</IndexedFaceSet>
								</Shape>
							</Group>
						</Transform>
					</Transform>
				</Transform>
			</Transform>
			<Transform DEF="group_35_TRANSFORM"
			           translation="3488.976318 -25.337492 187.943634"
			           scale="1.000000 1.000000 1.000000"
			           rotation="0.000000 1.000000 0.000000 0.000000"
			           >
				<Transform DEF="group_36_TRANSFORM"
				           translation="0.000000 0.000000 -2.356537"
				           scale="1.000000 1.000000 1.000000"
				           rotation="0.000000 1.000000 0.000000 0.000000"
				           >
					<Transform DEF="instance_12_001_TRANSFORM"
					           translation="0.000000 21.794186 10.624252"
					           scale="1.000000 1.000000 1.000000"
					           rotation="0.000000 1.000000 0.000000 0.000000"
					           >
						<Transform DEF="instance_12_001_ifs_TRANSFORM"
						           translation="0.000000 0.000000 0.000000"
						           scale="1.000000 1.000000 1.000000"
						           rotation="0.000000 1.000000 0.000000 0.000000"
						           >
							<Group USE="group_ME_ID284_005" />
						</Transform>
					</Transform>
					<Transform DEF="instance_13_001_TRANSFORM"
					           translation="5.513184 0.000000 -33.851089"
					           scale="1.000000 1.000000 1.000000"
					           rotation="0.000000 1.000000 0.000000 0.000000"
					           >
						<Transform DEF="group_33_002_TRANSFORM"
						           translation="-5.513184 49.606297 33.851089"
						           scale="1.000000 1.000000 1.000000"
						           rotation="0.000000 0.000000 -1.000000 1.570796"
						           >
							<Transform DEF="_02-5_mangong_1_002_TRANSFORM"
							           translation="42.127232 6.114256 46.843216"
							           scale="1.000000 1.000000 1.000000"
							           rotation="0.000000 0.000000 1.000000 1.570796"
							           >
								<Transform DEF="_02-5_mangong_1_002_ifs_TRANSFORM"
								           translation="-0.000001 -0.000001 0.000000"
								           scale="1.000000 1.000000 1.000000"
								           rotation="0.000000 1.000000 0.000000 0.000000"
								           >
									<Group USE="group_ME_ID95" />
								</Transform>
							</Transform>
							<Transform DEF="散枓_006_TRANSFORM"
							           translation="43.308334 16.744139 44.481003"
							           scale="1.000000 1.000000 1.000000"
							           rotation="0.000000 0.000000 1.000000 3.141593"
							           >
								<Transform DEF="散枓_006_ifs_TRANSFORM"
								           translation="0.000000 -0.000000 0.000000"
								           scale="1.000000 1.000000 1.000000"
								           rotation="0.000000 1.000000 0.000000 0.000000"
								           >
									<Group USE="group_ME_ID103_003" />
								</Transform>
							</Transform>
							<Transform DEF="散枓_007_TRANSFORM"
							           translation="43.308334 10.838621 52.748718"
							           scale="1.000000 1.000000 1.000000"
							           rotation="0.000000 0.000000 1.000000 3.141593"
							           >
								<Transform DEF="散枓_007_ifs_TRANSFORM"
								           translation="0.000000 -0.000000 0.000000"
								           scale="1.000000 1.000000 1.000000"
								           rotation="0.000000 1.000000 0.000000 0.000000"
								           >
									<Group USE="group_ME_ID103_003" />
								</Transform>
							</Transform>
							<Transform DEF="元件_一等材_足材_1_002_TRANSFORM"
							           translation="42.127235 48.425293 55.110931"
							           scale="1.000000 1.000000 1.000000"
							           rotation="0.000000 0.000000 1.000000 3.141593"
							           >
								<Transform DEF="元件_一等材_足材_1_002_ifs_TRANSFORM"
								           translation="0.000000 -0.000000 0.000000"
								           scale="1.000000 1.000000 1.000000"
								           rotation="0.000000 1.000000 0.000000 0.000000"
								           >
									<Group USE="group_ME_ID121_003" />
								</Transform>
							</Transform>
							<Transform DEF="散枓_008_TRANSFORM"
							           translation="43.308334 43.122070 52.748718"
							           scale="1.000000 1.000000 1.000000"
							           rotation="0.000000 0.000000 1.000000 3.141593"
							           >
								<Transform DEF="散枓_008_ifs_TRANSFORM"
								           translation="0.000000 -0.000000 0.000000"
								           scale="1.000000 1.000000 1.000000"
								           rotation="0.000000 1.000000 0.000000 0.000000"
								           >
									<Group USE="group_ME_ID103_003" />
								</Transform>
							</Transform>
							<Transform DEF="散枓_009_TRANSFORM"
							           translation="43.298752 37.216553 44.481003"
							           scale="1.000000 1.000000 1.000000"
							           rotation="0.000000 0.000000 1.000000 3.141593"
							           >
								<Transform DEF="散枓_009_ifs_TRANSFORM"
								           translation="0.000000 -0.000000 0.000000"
								           scale="1.000000 1.000000 1.000000"
								           rotation="0.000000 1.000000 0.000000 0.000000"
								           >
									<Group USE="group_ME_ID103_003" />
								</Transform>
							</Transform>
							<Transform DEF="瓜子栱_1_002_TRANSFORM"
							           translation="42.127232 12.019774 38.575500"
							           scale="1.000000 1.000000 1.000000"
							           rotation="0.000000 0.000000 1.000000 1.570796"
							           >
								<Transform DEF="瓜子栱_1_002_ifs_TRANSFORM"
								           translation="-0.000001 0.000001 0.000000"
								           scale="1.000000 1.000000 1.000000"
								           rotation="0.000000 1.000000 0.000000 0.000000"
								           >
									<Group USE="group_ME_ID113" />
								</Transform>
							</Transform>
						</Transform>
						<Transform DEF="group_34_002_TRANSFORM"
						           translation="-0.199463 0.000000 93.158966"
						           scale="1.000000 1.000000 1.000000"
						           rotation="0.000000 1.000000 0.000000 0.000000"
						           >
							<Transform DEF="group_34_002_ifs_TRANSFORM"
							           translation="0.000000 0.000000 0.000000"
							           scale="1.000000 1.000000 1.000000"
							           rotation="0.000000 1.000000 0.000000 0.000000"
							           >
								<Group USE="group_ME_ID301_001" />
							</Transform>
						</Transform>
					</Transform>
					<Transform DEF="instance_21_001_TRANSFORM"
					           translation="23.622070 21.794186 10.624252"
					           scale="1.000000 1.000000 1.000000"
					           rotation="0.000000 1.000000 0.000000 0.000000"
					           >
						<Transform DEF="instance_21_001_ifs_TRANSFORM"
						           translation="0.000000 0.000000 0.000000"
						           scale="1.000000 1.000000 1.000000"
						           rotation="0.000000 1.000000 0.000000 0.000000"
						           >
							<Group USE="group_ME_ID284_005" />
						</Transform>
					</Transform>
					<Transform DEF="instance_22_001_TRANSFORM"
					           translation="29.133789 23.368990 4.718735"
					           scale="-1.000000 -1.000000 -1.000000"
					           rotation="-1.000000 0.000000 0.000000 3.141593"
					           >
						<Transform DEF="instance_22_001_ifs_TRANSFORM"
						           translation="0.000000 -0.000000 0.000000"
						           scale="1.000000 1.000000 1.000000"
						           rotation="0.000000 1.000000 0.000000 0.000000"
						           >
							<Group USE="group_ME_ID310_001" />
						</Transform>
					</Transform>
				</Transform>
			</Transform>
			<Transform DEF="group_37_TRANSFORM"
			           translation="3784.678467 -1.377953 118.393265"
			           scale="-1.000000 -1.000000 -1.000000"
			           rotation="-1.000000 0.000000 0.000000 3.141593"
			           >
				<Transform DEF="group_38_TRANSFORM"
				           translation="109.386475 0.393701 43.399628"
				           scale="1.000000 1.000000 1.000000"
				           rotation="0.000000 -1.000000 -0.000000 0.666716"
				           >
					<Transform DEF="group_38_ifs_TRANSFORM"
					           translation="0.000122 -0.000000 0.000069"
					           scale="1.000000 1.000000 1.000000"
					           rotation="0.000000 0.000000 -0.000000 0.000000"
					           >
						<Group DEF="group_ME_ID324">
							<Shape>
								<Appearance>
									<Material USE="MA_material_012" />
								</Appearance>
								<IndexedFaceSet solid="false"
								                coordIndex="0 1 2 -1 3 2 1 -1 4 5 6 -1 7 6 5 -1 8 9 10 -1 11 10 9 -1 12 13 14 -1 15 14 13 -1 16 17 18 -1 19 18 17 -1 20 21 22 -1 23 22 21 -1 "
								                >
									<Coordinate DEF="coords_ME_ID324"
									            point="-5.746459 -0.000000 5.905512 38.669292 0.000000 5.905512 -5.746459 -0.000000 0.000000 38.669292 0.000000 0.000000 38.669292 0.000000 5.905512 -5.746459 -0.000000 5.905512 38.669292 1.968504 5.905511 -5.746459 1.968504 5.905512 -5.746459 1.968504 0.000000 -5.746459 1.968504 5.905512 -5.746459 -0.000000 0.000000 -5.746459 -0.000000 5.905512 38.669292 0.000000 0.000000 38.669292 1.968504 0.000000 -5.746459 -0.000000 0.000000 -5.746459 1.968504 0.000000 38.669292 1.968504 0.000000 38.669292 0.000000 0.000000 38.669292 1.968504 5.905511 38.669292 0.000000 5.905512 38.669292 1.968504 5.905511 -5.746459 1.968504 5.905512 38.669292 1.968504 0.000000 -5.746459 1.968504 0.000000 "
									            />
								</IndexedFaceSet>
							</Shape>
						</Group>
					</Transform>
				</Transform>
				<Transform DEF="group_39_TRANSFORM"
				           translation="152.437500 -0.000000 42.450745"
				           scale="1.000000 1.000000 1.000000"
				           rotation="0.000000 -1.000000 0.000000 0.802852"
				           >
					<Transform DEF="group_39_ifs_TRANSFORM"
					           translation="0.000099 -0.000000 -0.000053"
					           scale="1.000000 1.000000 1.000000"
					           rotation="-0.000000 0.000000 0.000000 0.000000"
					           >
						<Group DEF="group_ME_ID331">
							<Shape>
								<Appearance>
									<Material USE="MA_material_012" />
								</Appearance>
								<IndexedFaceSet solid="false"
								                coordIndex="0 1 2 -1 3 2 1 -1 4 5 6 -1 7 6 5 -1 8 9 10 -1 11 10 9 -1 12 13 14 -1 15 14 13 -1 16 17 18 -1 19 18 17 -1 20 21 22 -1 23 22 21 -1 "
								                >
									<Coordinate DEF="coords_ME_ID331"
									            point="119.763779 2.755905 8.267716 66.705597 2.755905 8.267716 119.763779 2.755905 0.000000 66.705597 2.755905 -0.000000 119.763779 0.000000 0.000000 119.763779 2.755905 0.000000 66.705597 0.000000 -0.000000 66.705597 2.755905 -0.000000 66.705597 2.755905 -0.000000 66.705597 2.755905 8.267716 66.705597 0.000000 -0.000000 66.705597 0.000000 8.267716 119.763779 2.755905 8.267716 119.763779 0.000000 8.267716 66.705597 2.755905 8.267716 66.705597 0.000000 8.267716 119.763779 2.755905 8.267716 119.763779 2.755905 0.000000 119.763779 0.000000 8.267716 119.763779 0.000000 0.000000 119.763779 0.000000 8.267716 119.763779 0.000000 0.000000 66.705597 0.000000 8.267716 66.705597 0.000000 -0.000000 "
									            />
								</IndexedFaceSet>
							</Shape>
						</Group>
					</Transform>
				</Transform>
				<Transform DEF="group_40_TRANSFORM"
				           translation="158.126953 0.393701 68.826859"
				           scale="1.000000 1.000000 1.000000"
				           rotation="0.000000 -1.000000 -0.000000 0.733038"
				           >
					<Transform DEF="group_40_ifs_TRANSFORM"
					           translation="0.000061 0.000000 0.000076"
					           scale="1.000000 1.000000 1.000000"
					           rotation="-0.000000 0.000000 0.000000 0.000000"
					           >
						<Group DEF="group_ME_ID338_002">
							<Shape>
								<Appearance>
									<Material USE="MA_material_012" />
								</Appearance>
								<IndexedFaceSet solid="false"
								                coordIndex="0 1 2 -1 3 2 1 -1 4 5 6 -1 7 6 5 -1 8 9 10 -1 11 10 9 -1 12 13 14 -1 15 14 13 -1 16 17 18 -1 19 18 17 -1 20 21 22 -1 23 22 21 -1 "
								                >
									<Coordinate DEF="coords_ME_ID338_002"
									            point="-9.337577 -0.000000 5.905512 38.669292 0.000000 5.905512 -9.337577 -0.000000 0.000000 38.669292 0.000000 0.000000 38.669292 0.000000 0.000000 38.669292 1.968504 0.000000 -9.337577 -0.000000 0.000000 -9.337577 1.968504 0.000000 38.669292 1.968504 0.000000 38.669292 0.000000 0.000000 38.669292 1.968504 5.905512 38.669292 0.000000 5.905512 38.669292 0.000000 5.905512 -9.337577 -0.000000 5.905512 38.669292 1.968504 5.905512 -9.337577 1.968504 5.905511 -9.337577 1.968504 0.000000 -9.337577 1.968504 5.905511 -9.337577 -0.000000 0.000000 -9.337577 -0.000000 5.905512 -9.337577 1.968504 5.905511 -9.337577 1.968504 0.000000 38.669292 1.968504 5.905512 38.669292 1.968504 0.000000 "
									            />
								</IndexedFaceSet>
							</Shape>
						</Group>
					</Transform>
				</Transform>
				<Transform DEF="group_41_TRANSFORM"
				           translation="63.355957 0.393701 20.572403"
				           scale="1.000000 1.000000 1.000000"
				           rotation="0.000000 -1.000000 -0.000000 0.696386"
				           >
					<Transform DEF="group_41_ifs_TRANSFORM"
					           translation="0.000069 0.000000 0.000000"
					           scale="1.000000 1.000000 1.000000"
					           rotation="-0.000000 0.000000 0.000000 0.000000"
					           >
						<Group DEF="group_ME_ID345_004">
							<Shape>
								<Appearance>
									<Material USE="MA_material_012" />
								</Appearance>
								<IndexedFaceSet solid="false"
								                coordIndex="0 1 2 -1 3 2 1 -1 4 5 6 -1 7 6 5 -1 8 9 10 -1 11 10 9 -1 12 13 14 -1 15 14 13 -1 16 17 18 -1 19 18 17 -1 20 21 22 -1 23 22 21 -1 "
								                >
									<Coordinate DEF="coords_ME_ID345_004"
									            point="-1.423203 -0.000000 5.905512 38.669292 0.000000 5.905512 -1.423203 0.000000 0.000000 38.669292 0.000000 0.000000 38.669292 0.000000 0.000000 38.669292 1.968504 0.000000 -1.423203 0.000000 0.000000 -1.423203 1.968504 0.000000 38.669292 1.968504 0.000000 38.669292 0.000000 0.000000 38.669292 1.968504 5.905512 38.669292 0.000000 5.905512 38.669292 0.000000 5.905512 -1.423203 -0.000000 5.905512 38.669292 1.968504 5.905512 -1.423203 1.968504 5.905512 -1.423203 1.968504 0.000000 -1.423203 1.968504 5.905512 -1.423203 0.000000 0.000000 -1.423203 -0.000000 5.905512 38.669292 1.968504 5.905512 -1.423203 1.968504 5.905512 38.669292 1.968504 0.000000 -1.423203 1.968504 0.000000 "
									            />
								</IndexedFaceSet>
							</Shape>
						</Group>
					</Transform>
				</Transform>
			</Transform>
			<Transform DEF="group_42_TRANSFORM"
			           translation="3802.644531 -25.574272 136.791504"
			           scale="-1.000000 -1.162644 -1.000000"
			           rotation="0.999233 -0.000000 0.039151 3.141593"
			           >
				<Transform DEF="group_43_TRANSFORM"
				           translation="-0.263388 1.110236 -0.004198"
				           scale="1.000000 1.000000 1.000000"
				           rotation="-0.000000 -1.004243 -0.000000 0.004784"
				           >
					<Transform DEF="group_43_ifs_TRANSFORM"
					           translation="-0.000327 -0.000001 -0.000002"
					           scale="1.000000 1.000000 1.000000"
					           rotation="-0.000000 0.000000 -0.000000 0.000000"
					           >
						<Group DEF="group_ME_ID353_001">
							<Shape>
								<Appearance>
									<Material USE="MA_material_012" />
								</Appearance>
								<IndexedFaceSet solid="false"
								                coordIndex="0 1 2 -1 1 3 2 -1 4 2 3 -1 5 6 7 -1 8 7 6 -1 9 10 11 -1 12 11 10 -1 13 14 15 -1 16 15 14 -1 17 18 19 -1 20 19 18 -1 21 22 23 -1 24 23 22 -1 25 26 27 -1 28 29 26 -1 27 26 29 -1 "
								                >
									<Coordinate DEF="coords_ME_ID353_001"
									            point="0.332582 67.518639 2.487253 0.000000 67.518639 2.365026 0.916559 67.518639 0.898252 0.869175 67.518639 0.000000 1.977781 67.518639 0.407426 0.869175 67.518639 0.000000 0.000000 67.518639 2.365026 0.869175 0.000000 0.000000 0.000000 0.000000 2.365026 0.332582 67.518639 2.487253 0.332582 0.000000 2.487253 0.000000 67.518639 2.365026 0.000000 0.000000 2.365026 0.332582 67.518639 2.487253 0.916559 67.518639 0.898252 0.332582 0.000000 2.487253 0.916559 0.000000 0.898252 1.977781 67.518639 0.407426 1.977781 0.000000 0.407426 0.916559 67.518639 0.898252 0.916559 0.000000 0.898252 1.977781 0.000000 0.407426 1.977781 67.518639 0.407426 0.869175 0.000000 0.000000 0.869175 67.518639 0.000000 0.332582 0.000000 2.487253 0.916559 0.000000 0.898252 0.000000 0.000000 2.365026 1.977781 0.000000 0.407426 0.869175 0.000000 0.000000 "
									            />
								</IndexedFaceSet>
							</Shape>
						</Group>
					</Transform>
				</Transform>
				<Transform DEF="group_44_TRANSFORM"
				           translation="18.694954 1.400267 4.308928"
				           scale="1.000000 1.000000 1.000000"
				           rotation="-0.000000 -1.000013 0.000000 0.082694"
				           >
					<Transform DEF="group_44_ifs_TRANSFORM"
					           translation="0.000335 0.000000 -0.000004"
					           scale="1.000000 1.000000 1.000000"
					           rotation="0.000000 0.000000 0.000000 0.000000"
					           >
						<Group DEF="group_ME_ID360">
							<Shape>
								<Appearance>
									<Material USE="MA_material_012" />
								</Appearance>
								<IndexedFaceSet solid="false"
								                coordIndex="0 1 2 -1 3 2 1 -1 4 5 6 -1 7 6 5 -1 8 9 10 -1 11 10 9 -1 12 13 14 -1 15 14 13 -1 16 17 18 -1 19 18 17 -1 20 21 22 -1 23 22 21 -1 "
								                >
									<Coordinate DEF="coords_ME_ID360"
									            point="0.332582 -0.669291 2.487253 3.234201 -0.669291 0.869175 0.000000 -0.669291 2.365026 0.869175 -0.669291 -0.000000 3.234201 -0.669291 0.869175 3.234201 67.834641 0.869175 0.869175 -0.669291 -0.000000 0.869175 67.834641 -0.000000 3.234201 67.834641 0.869175 3.234201 -0.669291 0.869175 0.332582 67.834641 2.487253 0.332582 -0.669291 2.487253 0.332582 67.834641 2.487253 0.332582 -0.669291 2.487253 0.000000 67.834641 2.365026 0.000000 -0.669291 2.365026 0.869175 67.834641 -0.000000 0.000000 67.834641 2.365026 0.869175 -0.669291 -0.000000 0.000000 -0.669291 2.365026 0.332582 67.834641 2.487253 0.000000 67.834641 2.365026 3.234201 67.834641 0.869175 0.869175 67.834641 -0.000000 "
									            />
								</IndexedFaceSet>
							</Shape>
						</Group>
					</Transform>
				</Transform>
			</Transform>
			<Transform DEF="group_45_TRANSFORM"
			           translation="3680.903076 -12.010202 -2.694531"
			           scale="1.000000 1.000000 1.000000"
			           rotation="0.000000 1.000000 0.000000 0.000000"
			           >
				<Transform DEF="group_46_TRANSFORM"
				           translation="0.000000 0.000000 0.000000"
				           scale="1.000000 1.000000 1.000000"
				           rotation="0.000000 1.000000 0.000000 0.000000"
				           >
					<Transform DEF="group_46_ifs_TRANSFORM"
					           translation="0.000000 0.000000 0.000000"
					           scale="1.000000 1.000000 1.000000"
					           rotation="0.000000 1.000000 0.000000 0.000000"
					           >
						<Group DEF="group_ME_ID368">
							<Shape>
								<Appearance>
									<Material USE="MA_material_012" />
								</Appearance>
								<IndexedFaceSet solid="false"
								                coordIndex="0 1 2 -1 1 0 3 -1 4 3 0 -1 3 4 5 -1 6 7 8 -1 7 6 9 -1 9 6 10 -1 9 10 11 -1 11 10 12 -1 11 12 13 -1 13 12 14 -1 13 14 15 -1 15 14 16 -1 15 16 17 -1 17 16 18 -1 17 18 19 -1 19 18 20 -1 19 20 21 -1 2 22 23 -1 22 2 1 -1 24 25 26 -1 25 24 27 -1 27 24 28 -1 27 28 29 -1 29 28 30 -1 29 30 31 -1 31 30 32 -1 31 32 33 -1 33 32 34 -1 33 34 35 -1 35 34 36 -1 36 34 37 -1 36 37 38 -1 38 37 39 -1 38 39 40 -1 40 39 41 -1 25 42 26 -1 42 25 43 -1 42 43 44 -1 44 43 45 -1 44 45 46 -1 46 45 47 -1 46 47 48 -1 48 47 49 -1 48 49 50 -1 48 50 51 -1 51 50 52 -1 51 52 53 -1 53 52 54 -1 53 54 55 -1 55 54 40 -1 55 40 41 -1 4 56 5 -1 56 4 57 -1 58 59 60 -1 59 58 61 -1 61 22 59 -1 22 61 23 -1 57 62 56 -1 62 57 63 -1 63 64 62 -1 64 63 65 -1 65 66 64 -1 66 65 67 -1 66 68 69 -1 68 66 67 -1 69 70 71 -1 70 69 68 -1 71 72 73 -1 72 71 70 -1 73 74 75 -1 74 73 72 -1 74 76 75 -1 76 74 77 -1 77 78 76 -1 78 77 79 -1 79 60 78 -1 60 79 58 -1 "
								                >
									<Coordinate DEF="coords_ME_ID368"
									            point="0.914222 16.606306 0.496480 0.000000 12.010202 0.000000 0.000000 12.010202 0.496480 0.914222 16.606306 0.000000 3.517707 20.502697 0.496480 3.517707 20.502697 0.000000 0.914222 16.606306 0.000000 0.914222 7.414096 0.000000 0.000000 12.010202 0.000000 3.517707 3.517707 0.000000 3.517707 20.502697 0.000000 7.414096 0.914222 0.000000 7.414096 23.106182 0.000000 12.010202 0.000000 0.000000 12.010202 24.020405 0.000000 16.606306 0.914222 0.000000 16.606306 23.106182 0.000000 20.502697 3.517707 0.000000 20.502697 20.502697 0.000000 23.106182 7.414096 0.000000 23.106182 16.606306 0.000000 24.020405 12.010202 0.000000 0.914222 7.414096 0.000000 0.914222 7.414096 0.496480 0.914222 7.414096 0.496480 0.827557 12.010202 0.496480 0.000000 12.010202 0.496480 1.678785 7.730789 0.496480 3.517707 3.517707 0.496480 4.102878 4.102878 0.496480 7.414096 0.914222 0.496480 7.730789 1.678785 0.496480 12.010202 0.000000 0.496480 12.010202 0.827557 0.496480 16.606306 0.914222 0.496480 16.289616 1.678785 0.496480 19.917524 4.102878 0.496480 20.502697 3.517707 0.496480 22.341618 7.730789 0.496480 23.106182 7.414096 0.496480 23.192846 12.010202 0.496480 24.020405 12.010202 0.496480 0.914222 16.606306 0.496480 1.678785 16.289616 0.496480 3.517707 20.502697 0.496480 4.102878 19.917524 0.496480 7.414096 23.106182 0.496480 7.730789 22.341618 0.496480 12.010202 24.020405 0.496480 12.010202 23.192846 0.496480 16.289616 22.341618 0.496480 16.606306 23.106182 0.496480 19.917524 19.917524 0.496480 20.502697 20.502697 0.496480 22.341618 16.289614 0.496480 23.106182 16.606306 0.496480 7.414096 23.106182 0.000000 7.414096 23.106182 0.496480 7.414096 0.914222 0.496480 3.517707 3.517707 0.000000 7.414096 0.914222 0.000000 3.517707 3.517707 0.496480 12.010202 24.020405 0.000000 12.010202 24.020405 0.496480 16.606306 23.106182 0.000000 16.606306 23.106182 0.496480 20.502697 20.502697 0.000000 20.502697 20.502697 0.496480 23.106182 16.606306 0.496480 23.106182 16.606306 0.000000 24.020405 12.010202 0.496480 24.020405 12.010202 0.000000 23.106182 7.414096 0.496480 23.106182 7.414096 0.000000 20.502697 3.517707 0.496480 20.502697 3.517707 0.000000 16.606306 0.914222 0.000000 16.606306 0.914222 0.496480 12.010202 0.000000 0.000000 12.010202 0.000000 0.496480 "
									            />
								</IndexedFaceSet>
							</Shape>
						</Group>
					</Transform>
				</Transform>
				<Transform DEF="group_46_001_TRANSFORM"
				           translation="0.000000 0.000000 0.000000"
				           scale="1.000000 1.000000 1.000000"
				           rotation="0.000000 1.000000 0.000000 0.000000"
				           >
					<Transform DEF="group_46_001_ifs_TRANSFORM"
					           translation="0.000000 0.000000 0.000000"
					           scale="1.000000 1.000000 1.000000"
					           rotation="0.000000 1.000000 0.000000 0.000000"
					           >
						<Group DEF="group_ME_ID374_001">
							<Shape>
								<Appearance>
									<Material USE="MA_material_012" />
								</Appearance>
								<IndexedFaceSet solid="false"
								                coordIndex="0 1 2 -1 1 0 3 -1 4 3 0 -1 3 4 5 -1 3 6 1 -1 6 3 7 -1 2 8 9 -1 8 2 1 -1 10 11 12 -1 11 10 13 -1 13 10 14 -1 14 10 15 -1 14 15 16 -1 16 15 17 -1 16 17 18 -1 18 17 19 -1 18 19 20 -1 20 19 21 -1 20 21 22 -1 22 21 23 -1 23 21 24 -1 23 24 25 -1 25 24 26 -1 25 26 27 -1 11 28 29 -1 28 11 13 -1 29 28 30 -1 29 30 31 -1 31 30 32 -1 31 32 33 -1 33 32 34 -1 33 34 35 -1 33 35 36 -1 36 35 37 -1 36 37 38 -1 38 37 39 -1 38 39 40 -1 40 39 27 -1 40 27 26 -1 40 26 41 -1 42 4 43 -1 4 42 5 -1 7 5 44 -1 5 7 3 -1 45 6 7 -1 6 45 46 -1 1 47 8 -1 47 1 6 -1 9 48 49 -1 48 9 8 -1 50 51 52 -1 51 50 53 -1 54 53 50 -1 53 54 55 -1 56 55 54 -1 55 56 57 -1 58 57 56 -1 57 58 59 -1 60 59 58 -1 59 60 61 -1 60 62 61 -1 62 60 63 -1 63 43 62 -1 43 63 42 -1 64 48 65 -1 48 64 49 -1 66 65 67 -1 65 66 64 -1 68 67 69 -1 67 68 66 -1 51 69 52 -1 69 51 68 -1 44 42 70 -1 42 44 5 -1 45 44 71 -1 44 45 7 -1 47 46 72 -1 46 47 6 -1 48 47 73 -1 47 48 8 -1 50 74 75 -1 74 50 52 -1 76 50 75 -1 50 76 54 -1 77 54 76 -1 54 77 56 -1 58 77 78 -1 77 58 56 -1 60 78 79 -1 78 60 58 -1 79 63 60 -1 63 79 80 -1 80 42 63 -1 42 80 70 -1 65 73 81 -1 73 65 48 -1 67 81 82 -1 81 67 65 -1 69 82 83 -1 82 69 67 -1 69 74 52 -1 74 69 83 -1 71 70 84 -1 70 71 44 -1 73 72 85 -1 72 73 47 -1 75 86 87 -1 86 75 74 -1 76 87 88 -1 87 76 75 -1 77 88 89 -1 88 77 76 -1 78 89 90 -1 89 78 77 -1 79 90 91 -1 90 79 78 -1 80 91 92 -1 91 80 79 -1 84 80 92 -1 80 84 70 -1 81 85 93 -1 85 81 73 -1 82 93 94 -1 93 82 81 -1 82 95 83 -1 95 82 94 -1 83 86 74 -1 86 83 95 -1 "
								                >
									<Coordinate DEF="coords_ME_ID374_001"
									            point="20.502298 15.527744 2.694531 19.085697 19.085697 2.118207 18.509771 18.509771 2.694531 21.254782 15.839433 2.118207 21.201981 12.010202 2.694531 22.016464 12.010202 2.118207 19.562479 19.562479 1.373765 21.877728 16.097466 1.373765 15.839433 21.254782 2.118207 15.527744 20.502298 2.694531 3.518105 8.492661 2.694531 3.518105 15.527744 2.694531 2.818422 12.010202 2.694531 3.525118 12.010202 2.694531 4.171007 8.763102 2.694531 5.510632 5.510632 2.694531 6.010342 6.010342 2.694531 8.492661 3.518105 2.694531 8.763102 4.171007 2.694531 12.010202 2.818422 2.694531 12.010202 3.525118 2.694531 15.527744 3.518105 2.694531 15.257302 4.171007 2.694531 18.010061 6.010342 2.694531 18.509771 5.510632 2.694531 19.849398 8.763102 2.694531 20.502298 8.492661 2.694531 20.495285 12.010202 2.694531 4.171007 15.257302 2.694531 5.510632 18.509771 2.694531 6.010342 18.010061 2.694531 8.492661 20.502298 2.694531 8.763101 19.849398 2.694531 12.010202 21.201981 2.694531 12.010202 20.495285 2.694531 15.257302 19.849398 2.694531 15.527744 20.502298 2.694531 18.010061 18.010061 2.694531 18.509771 18.509771 2.694531 19.849398 15.257302 2.694531 20.502298 15.527744 2.694531 21.201981 12.010202 2.694531 21.254782 8.180971 2.118207 20.502298 8.492661 2.694531 22.690733 12.010202 1.373765 22.341618 16.289614 0.496480 19.917524 19.917524 0.496480 16.097466 21.877728 1.373765 12.010202 22.016464 2.118207 12.010202 21.201981 2.694531 2.765622 8.180971 2.118207 2.818422 12.010202 2.694531 2.003941 12.010202 2.118207 3.518105 8.492661 2.694531 4.934707 4.934707 2.118207 5.510632 5.510632 2.694531 8.180971 2.765622 2.118207 8.492661 3.518105 2.694531 12.010202 2.003941 2.118207 12.010202 2.818422 2.694531 15.839433 2.765622 2.118207 15.527744 3.518105 2.694531 18.509771 5.510632 2.694531 19.085697 4.934707 2.118207 8.492661 20.502298 2.694531 8.180971 21.254782 2.118207 5.510632 18.509771 2.694531 4.934707 19.085697 2.118207 3.518105 15.527744 2.694531 2.765622 15.839433 2.118207 21.877728 7.922939 1.373765 23.192846 12.010202 0.496480 16.289616 22.341618 0.496480 12.010202 22.690733 1.373765 1.329669 12.010202 1.373765 2.142676 7.922939 1.373765 4.457925 4.457925 1.373765 7.922939 2.142676 1.373765 12.010202 1.329669 1.373765 16.097466 2.142676 1.373765 19.562479 4.457925 1.373765 7.922939 21.877728 1.373765 4.457925 19.562479 1.373765 2.142676 16.097466 1.373765 22.341618 7.730789 0.496480 12.010202 23.192846 0.496480 0.827557 12.010202 0.496480 1.678785 7.730789 0.496480 4.102878 4.102878 0.496480 7.730789 1.678785 0.496480 12.010202 0.827557 0.496480 16.289616 1.678785 0.496480 19.917524 4.102878 0.496480 7.730789 22.341618 0.496480 4.102878 19.917524 0.496480 1.678785 16.289616 0.496480 "
									            />
								</IndexedFaceSet>
							</Shape>
						</Group>
					</Transform>
				</Transform>
				<Transform DEF="group_47_TRANSFORM"
				           translation="3.525146 3.525118 2.694531"
				           scale="1.000000 1.000000 1.035714"
				           rotation="0.000000 1.000000 0.000000 0.000000"
				           >
					<Transform DEF="group_48_TRANSFORM"
					           translation="0.000000 0.000000 0.000000"
					           scale="1.000000 1.000000 1.000000"
					           rotation="0.000000 1.000000 0.000000 0.000000"
					           >
						<Transform DEF="group_48_ifs_TRANSFORM"
						           translation="0.000000 0.000000 0.000000"
						           scale="1.000000 1.000000 1.000000"
						           rotation="0.000000 1.000000 0.000000 0.000000"
						           >
							<Group DEF="group_ME_ID382">
								<Shape>
									<Appearance>
										<Material USE="MA_material_012" />
									</Appearance>
									<IndexedFaceSet solid="false"
									                coordIndex="0 1 2 -1 1 0 3 -1 4 3 0 -1 3 4 5 -1 6 7 8 -1 7 6 9 -1 10 1 11 -1 1 10 2 -1 12 2 13 -1 2 12 0 -1 4 14 5 -1 14 4 15 -1 16 9 6 -1 9 16 17 -1 18 0 12 -1 0 18 4 -1 8 19 20 -1 19 8 7 -1 21 11 22 -1 11 21 10 -1 23 2 10 -1 2 23 13 -1 24 13 25 -1 13 24 12 -1 15 26 14 -1 26 15 27 -1 16 28 17 -1 28 16 29 -1 18 15 4 -1 15 18 30 -1 31 12 24 -1 12 31 18 -1 20 32 33 -1 32 20 19 -1 34 22 35 -1 22 34 21 -1 36 10 21 -1 10 36 23 -1 37 13 23 -1 13 37 25 -1 27 38 26 -1 38 27 39 -1 29 40 28 -1 40 29 41 -1 30 27 15 -1 27 30 42 -1 31 30 18 -1 30 31 43 -1 44 32 45 -1 32 44 33 -1 46 35 47 -1 35 46 34 -1 48 21 34 -1 21 48 36 -1 49 23 36 -1 23 49 37 -1 39 50 38 -1 50 39 51 -1 41 52 40 -1 52 41 53 -1 42 39 27 -1 39 42 54 -1 43 42 30 -1 42 43 55 -1 56 45 57 -1 45 56 44 -1 58 47 59 -1 47 58 46 -1 60 34 46 -1 34 60 48 -1 61 36 48 -1 36 61 49 -1 62 51 63 -1 51 62 50 -1 53 64 52 -1 64 53 65 -1 54 51 39 -1 51 54 66 -1 55 54 42 -1 54 55 67 -1 68 57 69 -1 57 68 56 -1 70 59 71 -1 59 70 58 -1 72 46 58 -1 46 72 60 -1 73 48 60 -1 48 73 61 -1 62 74 75 -1 74 62 63 -1 64 76 77 -1 76 64 65 -1 63 66 78 -1 66 63 51 -1 67 66 54 -1 66 67 79 -1 80 69 81 -1 69 80 68 -1 82 70 71 -1 70 82 83 -1 84 58 70 -1 58 84 72 -1 85 60 72 -1 60 85 73 -1 75 83 82 -1 83 75 74 -1 77 86 87 -1 86 77 76 -1 63 88 74 -1 88 63 78 -1 78 79 89 -1 79 78 66 -1 90 80 81 -1 80 90 91 -1 83 84 70 -1 84 83 92 -1 93 72 84 -1 72 93 85 -1 87 91 90 -1 91 87 86 -1 74 92 83 -1 92 74 88 -1 78 94 88 -1 94 78 89 -1 92 93 84 -1 93 92 95 -1 88 95 92 -1 95 88 94 -1 "
									                >
										<Coordinate DEF="coords_ME_ID382"
										            point="1.552445 11.356677 1.909318 0.481374 8.485084 1.231157 0.981250 8.485084 1.909318 1.090621 11.547971 1.231157 3.179072 13.791096 1.909318 2.825607 14.144561 1.231157 1.090621 11.547971 1.231157 0.481374 8.485084 0.744720 0.481374 8.485084 1.231157 1.090621 11.547971 0.744720 1.552445 5.613491 1.909318 1.090621 5.422197 1.231157 1.841430 11.236976 2.697753 1.294044 8.485084 2.697753 5.422197 15.879547 1.231157 5.613491 15.417723 1.909318 2.825607 14.144561 1.231157 2.825607 14.144561 0.744720 3.400251 13.569917 2.697753 1.090621 5.422197 0.744720 1.090621 5.422197 1.231157 3.179072 3.179072 1.909318 2.825607 2.825607 1.231157 1.841430 5.733192 2.697753 1.937906 11.197014 3.542801 1.398470 8.485084 3.542801 8.485084 16.488794 1.231157 8.485084 15.988917 1.909318 5.422197 15.879547 0.744720 5.422197 15.879547 1.231157 5.733192 15.128737 2.697753 3.474091 13.496077 3.542801 2.825607 2.825607 0.744720 2.825607 2.825607 1.231157 5.613491 1.552445 1.909318 5.422197 1.090621 1.231157 3.400251 3.400251 2.697753 1.937906 5.773154 3.542801 11.547971 15.879547 1.231157 11.356677 15.417723 1.909318 8.485084 16.488794 0.744720 8.485084 16.488794 1.231157 8.485084 15.676124 2.697753 5.773154 15.032262 3.542801 5.422197 1.090621 1.231157 5.422197 1.090621 0.744720 8.485084 0.981250 1.909318 8.485084 0.481374 1.231157 5.733192 1.841430 2.697753 3.474091 3.474091 3.542801 14.144561 14.144561 1.231157 13.791096 13.791096 1.909318 11.547971 15.879547 0.744720 11.547971 15.879547 1.231157 11.236976 15.128737 2.697753 8.485084 15.571697 3.542801 8.485084 0.481374 1.231157 8.485084 0.481374 0.744720 11.356677 1.552445 1.909318 11.547971 1.090621 1.231157 8.485084 1.294044 2.697753 5.773154 1.937906 3.542801 15.879547 11.547971 1.231157 15.417723 11.356677 1.909318 14.144561 14.144561 0.744720 14.144561 14.144561 1.231157 13.569917 13.569917 2.697753 11.197014 15.032262 3.542801 11.547971 1.090621 1.231157 11.547971 1.090621 0.744720 13.791096 3.179072 1.909318 14.144561 2.825607 1.231157 11.236976 1.841430 2.697753 8.485084 1.398470 3.542801 15.988917 8.485084 1.909318 16.488794 8.485084 1.231157 15.879547 11.547971 1.231157 15.879547 11.547971 0.744720 15.128737 11.236976 2.697753 13.496077 13.496077 3.542801 14.144561 2.825607 1.231157 14.144561 2.825607 0.744720 15.879547 5.422197 1.231157 15.417723 5.613491 1.909318 13.569917 3.400251 2.697753 11.197014 1.937906 3.542801 16.488794 8.485084 1.231157 16.488794 8.485084 0.744720 15.676124 8.485084 2.697753 15.032262 11.197014 3.542801 15.879547 5.422197 0.744720 15.879547 5.422197 1.231157 15.128737 5.733192 2.697753 13.496077 3.474091 3.542801 15.571697 8.485084 3.542801 15.032262 5.773154 3.542801 "
										            />
									</IndexedFaceSet>
								</Shape>
							</Group>
						</Transform>
					</Transform>
					<Transform DEF="group_48_001_TRANSFORM"
					           translation="0.000000 0.000000 0.000000"
					           scale="1.000000 1.000000 1.000000"
					           rotation="0.000000 1.000000 0.000000 0.000000"
					           >
						<Transform DEF="group_48_001_ifs_TRANSFORM"
						           translation="0.000000 0.000000 0.000000"
						           scale="1.000000 1.000000 1.000000"
						           rotation="0.000000 1.000000 0.000000 0.000000"
						           >
							<Group DEF="group_ME_ID388_001">
								<Shape>
									<Appearance>
										<Material USE="MA_material_012" />
									</Appearance>
									<IndexedFaceSet solid="false"
									                coordIndex="0 1 2 -1 1 0 3 -1 4 3 0 -1 3 4 5 -1 2 6 7 -1 6 2 1 -1 8 9 10 -1 9 8 11 -1 4 12 5 -1 12 4 13 -1 8 14 11 -1 14 8 15 -1 7 16 17 -1 16 7 6 -1 18 9 19 -1 9 18 10 -1 20 21 22 -1 21 20 23 -1 23 20 24 -1 23 24 25 -1 25 24 26 -1 25 26 27 -1 27 26 28 -1 27 28 29 -1 29 28 30 -1 29 30 31 -1 31 30 32 -1 32 30 33 -1 32 33 34 -1 34 33 35 -1 34 35 36 -1 36 35 37 -1 21 38 22 -1 38 21 39 -1 38 39 40 -1 40 39 41 -1 40 41 42 -1 42 41 43 -1 42 43 44 -1 44 43 45 -1 44 45 46 -1 44 46 47 -1 47 46 48 -1 47 48 49 -1 49 48 50 -1 49 50 51 -1 51 50 36 -1 51 36 37 -1 13 52 12 -1 52 13 53 -1 15 54 14 -1 54 15 55 -1 56 16 57 -1 16 56 17 -1 58 18 19 -1 18 58 59 -1 60 59 58 -1 59 60 61 -1 62 60 63 -1 60 62 61 -1 64 63 65 -1 63 64 62 -1 65 66 64 -1 66 65 67 -1 67 68 66 -1 68 67 69 -1 70 68 69 -1 68 70 71 -1 72 71 70 -1 71 72 73 -1 73 74 75 -1 74 73 72 -1 75 76 77 -1 76 75 74 -1 78 76 79 -1 76 78 77 -1 55 79 54 -1 79 55 78 -1 53 80 52 -1 80 53 81 -1 82 57 83 -1 57 82 56 -1 84 83 85 -1 83 84 82 -1 86 85 87 -1 85 86 84 -1 88 86 87 -1 86 88 89 -1 90 89 88 -1 89 90 91 -1 92 91 90 -1 91 92 93 -1 94 93 92 -1 93 94 95 -1 81 94 80 -1 94 81 95 -1 "
									                >
										<Coordinate DEF="coords_ME_ID388_001"
										            point="0.645889 11.732184 0.372360 0.000000 8.485084 0.000000 0.000000 8.485084 0.372360 0.645889 11.732184 0.000000 2.485224 14.484944 0.372360 2.485224 14.484944 0.000000 0.645889 5.237983 0.000000 0.645889 5.237983 0.372360 0.979438 11.594024 0.744720 0.000000 8.485084 0.372360 0.361031 8.485084 0.744720 0.645889 11.732184 0.372360 5.237983 16.324280 0.000000 5.237983 16.324280 0.372360 2.485224 14.484944 0.372360 2.740511 14.229657 0.744720 2.485224 2.485224 0.000000 2.485224 2.485224 0.372360 0.979438 5.376143 0.744720 0.645889 5.237983 0.372360 0.979438 5.376143 0.744720 0.481374 8.485084 0.744720 0.361031 8.485084 0.744720 1.090621 5.422197 0.744720 2.740511 2.740511 0.744720 2.825607 2.825607 0.744720 5.376143 0.979438 0.744720 5.422197 1.090621 0.744720 8.485084 0.361031 0.744720 8.485084 0.481374 0.744720 11.594024 0.979438 0.744720 11.547971 1.090621 0.744720 14.144561 2.825607 0.744720 14.229657 2.740511 0.744720 15.879547 5.422197 0.744720 15.990730 5.376143 0.744720 16.488794 8.485084 0.744720 16.609137 8.485084 0.744720 0.979438 11.594024 0.744720 1.090621 11.547971 0.744720 2.740511 14.229657 0.744720 2.825607 14.144561 0.744720 5.376143 15.990730 0.744720 5.422197 15.879547 0.744720 8.485084 16.609137 0.744720 8.485084 16.488794 0.744720 11.547971 15.879547 0.744720 11.594024 15.990730 0.744720 14.144561 14.144561 0.744720 14.229657 14.229657 0.744720 15.879547 11.547971 0.744720 15.990730 11.594024 0.744720 8.485084 16.970167 0.000000 8.485084 16.970167 0.372360 5.237983 16.324280 0.372360 5.376143 15.990730 0.744720 5.237983 0.645889 0.372360 5.237983 0.645889 0.000000 2.485224 2.485224 0.372360 2.740511 2.740511 0.744720 5.237983 0.645889 0.372360 5.376143 0.979438 0.744720 8.485084 0.361031 0.744720 8.485084 0.000000 0.372360 11.594024 0.979438 0.744720 11.732184 0.645889 0.372360 14.229657 2.740511 0.744720 14.484944 2.485224 0.372360 15.990730 5.376143 0.744720 16.324280 5.237983 0.372360 16.970167 8.485084 0.372360 16.609137 8.485084 0.744720 16.324280 11.732184 0.372360 15.990730 11.594024 0.744720 14.484944 14.484944 0.372360 14.229657 14.229657 0.744720 11.732184 16.324280 0.372360 11.594024 15.990730 0.744720 8.485084 16.609137 0.744720 8.485084 16.970167 0.372360 11.732184 16.324280 0.000000 11.732184 16.324280 0.372360 8.485084 0.000000 0.372360 8.485084 0.000000 0.000000 11.732184 0.645889 0.372360 11.732184 0.645889 0.000000 14.484944 2.485224 0.372360 14.484944 2.485224 0.000000 16.324280 5.237983 0.000000 16.324280 5.237983 0.372360 16.970167 8.485084 0.000000 16.970167 8.485084 0.372360 16.324280 11.732184 0.000000 16.324280 11.732184 0.372360 14.484944 14.484944 0.000000 14.484944 14.484944 0.372360 "
										            />
									</IndexedFaceSet>
								</Shape>
							</Group>
						</Transform>
					</Transform>
					<Transform DEF="group_49_TRANSFORM"
					           translation="1.398438 1.398470 3.542801"
					           scale="1.000000 1.000000 1.180792"
					           rotation="0.000000 1.000000 0.000000 0.000000"
					           >
						<Transform DEF="group_49_ifs_TRANSFORM"
						           translation="0.000000 0.000000 0.000000"
						           scale="1.000000 1.000000 1.000000"
						           rotation="0.000000 1.000000 0.000000 0.000000"
						           >
							<Group DEF="group_ME_ID395">
								<Shape>
									<Appearance>
										<Material USE="MA_material_012" />
									</Appearance>
									<IndexedFaceSet solid="false"
									                coordIndex="0 1 2 -1 1 0 3 -1 4 3 0 -1 3 4 5 -1 3 6 1 -1 6 3 7 -1 2 8 9 -1 8 2 1 -1 10 11 12 -1 11 10 13 -1 11 13 14 -1 14 13 15 -1 14 15 16 -1 16 15 17 -1 16 17 9 -1 9 17 18 -1 9 18 2 -1 2 18 19 -1 2 19 0 -1 0 19 20 -1 0 20 4 -1 4 20 21 -1 21 5 4 -1 5 21 22 -1 5 7 3 -1 7 5 23 -1 6 24 25 -1 24 6 7 -1 1 26 8 -1 26 1 6 -1 16 8 27 -1 8 16 9 -1 28 13 29 -1 13 28 15 -1 30 15 28 -1 15 30 17 -1 31 17 30 -1 17 31 18 -1 31 19 18 -1 19 31 32 -1 32 20 19 -1 20 32 33 -1 33 21 20 -1 21 33 22 -1 14 27 34 -1 27 14 16 -1 11 34 35 -1 34 11 14 -1 12 35 36 -1 35 12 11 -1 37 12 36 -1 12 37 10 -1 29 10 37 -1 10 29 13 -1 22 23 5 -1 23 22 38 -1 39 7 23 -1 7 39 24 -1 25 40 41 -1 40 25 24 -1 26 25 42 -1 25 26 6 -1 27 26 43 -1 26 27 8 -1 44 29 45 -1 29 44 28 -1 46 28 44 -1 28 46 30 -1 47 30 46 -1 30 47 31 -1 47 32 31 -1 32 47 48 -1 48 33 32 -1 33 48 49 -1 49 22 33 -1 22 49 38 -1 34 43 50 -1 43 34 27 -1 35 50 51 -1 50 35 34 -1 36 51 52 -1 51 36 35 -1 53 36 52 -1 36 53 37 -1 45 37 53 -1 37 45 29 -1 39 38 54 -1 38 39 23 -1 55 24 39 -1 24 55 40 -1 41 56 57 -1 56 41 40 -1 42 41 58 -1 41 42 25 -1 43 42 59 -1 42 43 26 -1 44 60 61 -1 60 44 45 -1 46 61 62 -1 61 46 44 -1 47 62 63 -1 62 47 46 -1 48 63 64 -1 63 48 47 -1 65 48 64 -1 48 65 49 -1 54 49 65 -1 49 54 38 -1 50 59 66 -1 59 50 43 -1 50 67 51 -1 67 50 66 -1 51 68 52 -1 68 51 67 -1 53 68 69 -1 68 53 52 -1 45 69 60 -1 69 45 53 -1 55 54 70 -1 54 55 39 -1 71 40 55 -1 40 71 56 -1 57 72 73 -1 72 57 56 -1 58 57 74 -1 57 58 41 -1 59 58 75 -1 58 59 42 -1 61 76 77 -1 76 61 60 -1 62 77 78 -1 77 62 61 -1 63 78 79 -1 78 63 62 -1 64 79 80 -1 79 64 63 -1 81 64 80 -1 64 81 65 -1 70 65 81 -1 65 70 54 -1 66 75 82 -1 75 66 59 -1 66 83 67 -1 83 66 82 -1 67 84 68 -1 84 67 83 -1 69 84 85 -1 84 69 68 -1 60 85 76 -1 85 60 69 -1 71 70 86 -1 70 71 55 -1 87 56 71 -1 56 87 72 -1 73 88 89 -1 88 73 72 -1 74 73 90 -1 73 74 57 -1 75 74 91 -1 74 75 58 -1 77 92 93 -1 92 77 76 -1 78 93 94 -1 93 78 77 -1 79 94 95 -1 94 79 78 -1 80 95 96 -1 95 80 79 -1 97 80 96 -1 80 97 81 -1 86 81 97 -1 81 86 70 -1 82 91 98 -1 91 82 75 -1 82 99 83 -1 99 82 98 -1 83 100 84 -1 100 83 99 -1 85 100 101 -1 100 85 84 -1 76 101 92 -1 101 76 85 -1 87 86 102 -1 86 87 71 -1 103 72 87 -1 72 103 88 -1 104 105 106 -1 105 104 107 -1 107 104 89 -1 107 89 88 -1 90 89 108 -1 89 90 73 -1 91 90 109 -1 90 91 74 -1 93 110 111 -1 110 93 92 -1 94 111 112 -1 111 94 93 -1 95 112 113 -1 112 95 94 -1 96 113 114 -1 113 96 95 -1 115 96 114 -1 96 115 97 -1 102 97 115 -1 97 102 86 -1 98 109 116 -1 109 98 91 -1 98 117 99 -1 117 98 116 -1 99 118 100 -1 118 99 117 -1 101 118 119 -1 118 101 100 -1 92 119 110 -1 119 92 101 -1 103 102 120 -1 102 103 87 -1 105 121 122 -1 121 105 103 -1 103 105 88 -1 88 105 107 -1 123 106 124 -1 106 123 104 -1 104 123 108 -1 104 108 89 -1 109 108 125 -1 108 109 90 -1 111 126 127 -1 126 111 110 -1 112 127 128 -1 127 112 111 -1 113 128 129 -1 128 113 112 -1 114 129 130 -1 129 114 113 -1 131 114 130 -1 114 131 115 -1 120 115 131 -1 115 120 102 -1 116 125 132 -1 125 116 109 -1 116 133 117 -1 133 116 132 -1 117 134 118 -1 134 117 133 -1 119 134 135 -1 134 119 118 -1 110 135 126 -1 135 110 119 -1 122 136 137 -1 136 122 120 -1 120 122 121 -1 120 121 103 -1 138 124 139 -1 124 138 123 -1 123 138 125 -1 123 125 108 -1 140 141 142 -1 141 140 143 -1 143 140 127 -1 143 127 126 -1 144 142 145 -1 142 144 140 -1 140 144 128 -1 140 128 127 -1 146 145 147 -1 145 146 144 -1 144 146 129 -1 144 129 128 -1 148 147 149 -1 147 148 146 -1 146 148 130 -1 146 130 129 -1 149 130 148 -1 130 149 131 -1 131 149 150 -1 150 149 151 -1 150 120 131 -1 120 150 151 -1 120 151 137 -1 120 137 136 -1 152 139 153 -1 139 152 138 -1 138 152 132 -1 138 132 125 -1 132 154 133 -1 154 153 155 -1 153 154 132 -1 153 132 152 -1 133 156 134 -1 156 133 157 -1 157 133 155 -1 155 133 154 -1 134 158 135 -1 158 134 159 -1 159 134 157 -1 157 134 156 -1 135 143 126 -1 143 135 141 -1 141 135 158 -1 141 158 159 -1 "
									                >
										<Coordinate DEF="coords_ME_ID395"
										            point="10.427276 10.427276 114.567429 9.143482 12.052330 114.512299 8.894567 11.451399 114.567429 10.887208 10.887209 114.512299 11.451399 8.894567 114.567429 12.052330 9.143482 114.512299 9.358715 12.571952 114.180954 11.284909 11.284909 114.180954 7.086615 12.461466 114.512299 7.086614 11.811023 114.567429 2.721829 5.278661 114.567429 2.721829 8.894567 114.567429 2.362205 7.086615 114.567429 3.745952 3.745952 114.567429 3.745952 10.427276 114.567429 5.278661 2.721829 114.567429 5.278661 11.451399 114.567429 7.086615 2.362205 114.567429 8.894567 2.721829 114.567429 10.427276 3.745952 114.567429 11.451399 5.278661 114.567429 11.811023 7.086615 114.567429 12.461466 7.086614 114.512299 12.571952 9.358715 114.180954 11.541951 11.541951 113.638763 9.497826 12.907792 113.638763 7.086615 13.023900 114.180954 5.029747 12.052330 114.512299 5.029747 2.120898 114.512299 3.286019 3.286019 114.512299 7.086615 1.711761 114.512299 9.143482 2.120898 114.512299 10.887209 3.286019 114.512299 12.052330 5.029747 114.512299 3.286019 10.887208 114.512299 2.120898 9.143482 114.512299 1.711761 7.086615 114.512299 2.120898 5.029747 114.512299 13.023900 7.086615 114.180954 12.907792 9.497826 113.638763 11.607643 11.607643 112.992630 9.533378 12.993624 112.992630 7.086615 13.387411 113.638763 4.814513 12.571952 114.180954 4.814513 1.601276 114.180954 2.888318 2.888319 114.180954 7.086615 1.149327 114.180954 9.358715 1.601276 114.180954 11.284909 2.888318 114.180954 12.571952 4.814513 114.180954 2.888318 11.284909 114.180954 1.601276 9.358715 114.180954 1.149327 7.086615 114.180954 1.601276 4.814513 114.180954 13.387411 7.086615 113.638763 12.993624 9.533378 112.992630 11.819219 11.819219 108.005753 9.647881 13.270060 108.005753 7.086615 13.480314 112.992630 4.675403 12.907792 113.638763 2.631277 2.631277 113.638763 4.675403 1.265436 113.638763 7.086615 0.785816 113.638763 9.497826 1.265436 113.638763 11.541951 2.631277 113.638763 12.907792 4.675403 113.638763 2.631277 11.541951 113.638763 1.265436 9.497826 113.638763 0.785816 7.086615 113.638763 1.265436 4.675403 113.638763 13.480314 7.086615 112.992630 13.270060 9.647882 108.005753 12.004810 12.004810 94.882401 9.748322 13.512548 94.882401 7.086615 13.779528 108.005753 4.639851 12.993624 112.992630 2.565585 2.565585 112.992630 4.639851 1.179605 112.992630 7.086615 0.692913 112.992630 9.533378 1.179605 112.992630 11.607643 2.565585 112.992630 12.993624 4.639851 112.992630 2.565585 11.607643 112.992630 1.179605 9.533378 112.992630 0.692913 7.086615 112.992630 1.179605 4.639851 112.992630 13.779528 7.086615 108.005753 13.512548 9.748322 94.882401 12.097608 12.097608 75.197357 9.798544 13.633792 75.197357 7.086615 14.041994 94.882401 4.525347 13.270060 108.005753 2.354010 2.354010 108.005753 4.525347 0.903168 108.005753 7.086615 0.393701 108.005753 9.647882 0.903168 108.005753 11.819219 2.354010 108.005753 13.270060 4.525347 108.005753 2.354010 11.819219 108.005753 0.903168 9.647881 108.005753 0.393701 7.086615 108.005753 0.903168 4.525347 108.005753 14.041994 7.086614 94.882401 13.633792 9.798544 75.197357 9.798544 13.633792 35.827278 12.097608 12.097608 0.000000 9.798544 13.633792 0.000000 12.097608 12.097608 35.827278 7.086615 14.173228 75.197357 4.424905 13.512548 94.882401 2.168417 2.168417 94.882401 4.424905 0.660680 94.882401 7.086615 0.131234 94.882401 9.748322 0.660680 94.882401 12.004810 2.168417 94.882401 13.512548 4.424905 94.882401 2.168417 12.004810 94.882401 0.660680 9.748322 94.882401 0.131234 7.086615 94.882401 0.660680 4.424905 94.882401 14.173227 7.086615 75.197357 13.633792 9.798544 35.827278 13.633792 9.798544 0.000000 7.086615 14.173228 35.827278 7.086615 14.173227 0.000000 4.374684 13.633792 75.197357 2.075621 2.075621 75.197357 4.374684 0.539436 75.197357 7.086615 0.000000 75.197357 9.798544 0.539436 75.197357 12.097608 2.075621 75.197357 13.633792 4.374684 75.197357 2.075621 12.097608 75.197357 0.539436 9.798544 75.197357 0.000000 7.086615 75.197357 0.539436 4.374684 75.197357 14.173227 7.086615 35.827278 14.173227 7.086615 0.000000 4.374684 13.633792 35.827278 4.374684 13.633792 0.000000 4.374684 0.539436 35.827278 2.075621 2.075621 0.000000 4.374684 0.539436 0.000000 2.075621 2.075621 35.827278 7.086615 0.000000 35.827278 7.086615 0.000000 0.000000 9.798544 0.539436 35.827278 9.798544 0.539436 0.000000 12.097608 2.075621 35.827278 12.097608 2.075621 0.000000 13.633792 4.374684 35.827278 13.633792 4.374684 0.000000 2.075621 12.097608 35.827278 2.075621 12.097608 0.000000 0.539436 9.798544 35.827278 0.539436 9.798544 0.000000 0.000000 7.086615 35.827278 0.000000 7.086615 0.000000 0.539436 4.374684 35.827278 0.539436 4.374684 0.000000 "
										            />
									</IndexedFaceSet>
								</Shape>
							</Group>
						</Transform>
					</Transform>
				</Transform>
			</Transform>
			<Transform DEF="group_50_TRANSFORM"
			           translation="3586.415039 -12.010202 -2.694531"
			           scale="1.000000 1.000000 1.000000"
			           rotation="0.000000 1.000000 0.000000 0.000000"
			           >
				<Transform DEF="group_51_TRANSFORM"
				           translation="0.000000 0.000000 0.000000"
				           scale="1.000000 1.000000 1.000000"
				           rotation="0.000000 1.000000 0.000000 0.000000"
				           >
					<Transform DEF="group_51_ifs_TRANSFORM"
					           translation="0.000000 0.000000 0.000000"
					           scale="1.000000 1.000000 1.000000"
					           rotation="0.000000 1.000000 0.000000 0.000000"
					           >
						<Group DEF="group_ME_ID403">
							<Shape>
								<Appearance>
									<Material USE="MA_material_012" />
								</Appearance>
								<IndexedFaceSet solid="false"
								                coordIndex="0 1 2 -1 1 0 3 -1 4 3 0 -1 3 4 5 -1 6 7 8 -1 7 6 9 -1 9 6 10 -1 9 10 11 -1 11 10 12 -1 11 12 13 -1 13 12 14 -1 13 14 15 -1 15 14 16 -1 15 16 17 -1 17 16 18 -1 17 18 19 -1 19 18 20 -1 19 20 21 -1 2 22 23 -1 22 2 1 -1 24 25 26 -1 25 24 27 -1 27 24 28 -1 27 28 29 -1 29 28 30 -1 29 30 31 -1 31 30 32 -1 31 32 33 -1 33 32 34 -1 33 34 35 -1 35 34 36 -1 36 34 37 -1 36 37 38 -1 38 37 39 -1 38 39 40 -1 40 39 41 -1 25 42 26 -1 42 25 43 -1 42 43 44 -1 44 43 45 -1 44 45 46 -1 46 45 47 -1 46 47 48 -1 48 47 49 -1 48 49 50 -1 48 50 51 -1 51 50 52 -1 51 52 53 -1 53 52 54 -1 53 54 55 -1 55 54 40 -1 55 40 41 -1 4 56 5 -1 56 4 57 -1 58 59 60 -1 59 58 61 -1 61 22 59 -1 22 61 23 -1 57 62 56 -1 62 57 63 -1 63 64 62 -1 64 63 65 -1 65 66 64 -1 66 65 67 -1 66 68 69 -1 68 66 67 -1 69 70 71 -1 70 69 68 -1 71 72 73 -1 72 71 70 -1 73 74 75 -1 74 73 72 -1 74 76 75 -1 76 74 77 -1 77 78 76 -1 78 77 79 -1 79 60 78 -1 60 79 58 -1 "
								                >
									<Coordinate DEF="coords_ME_ID403"
									            point="0.914222 16.606306 0.496480 0.000000 12.010202 0.000000 0.000000 12.010202 0.496480 0.914222 16.606306 0.000000 3.517707 20.502697 0.496480 3.517707 20.502697 0.000000 0.914222 16.606306 0.000000 0.914222 7.414096 0.000000 0.000000 12.010202 0.000000 3.517707 3.517707 0.000000 3.517707 20.502697 0.000000 7.414096 0.914222 0.000000 7.414096 23.106182 0.000000 12.010202 0.000000 0.000000 12.010202 24.020405 0.000000 16.606306 0.914222 0.000000 16.606306 23.106182 0.000000 20.502697 3.517707 0.000000 20.502697 20.502697 0.000000 23.106182 7.414096 0.000000 23.106182 16.606306 0.000000 24.020405 12.010202 0.000000 0.914222 7.414096 0.000000 0.914222 7.414096 0.496480 0.914222 7.414096 0.496480 0.827557 12.010202 0.496480 0.000000 12.010202 0.496480 1.678785 7.730789 0.496480 3.517707 3.517707 0.496480 4.102878 4.102878 0.496480 7.414096 0.914222 0.496480 7.730789 1.678785 0.496480 12.010202 0.000000 0.496480 12.010202 0.827557 0.496480 16.606306 0.914222 0.496480 16.289616 1.678785 0.496480 19.917524 4.102878 0.496480 20.502697 3.517707 0.496480 22.341618 7.730789 0.496480 23.106182 7.414096 0.496480 23.192846 12.010202 0.496480 24.020405 12.010202 0.496480 0.914222 16.606306 0.496480 1.678785 16.289616 0.496480 3.517707 20.502697 0.496480 4.102878 19.917524 0.496480 7.414096 23.106182 0.496480 7.730789 22.341618 0.496480 12.010202 24.020405 0.496480 12.010202 23.192846 0.496480 16.289616 22.341618 0.496480 16.606306 23.106182 0.496480 19.917524 19.917524 0.496480 20.502697 20.502697 0.496480 22.341618 16.289614 0.496480 23.106182 16.606306 0.496480 7.414096 23.106182 0.000000 7.414096 23.106182 0.496480 7.414096 0.914222 0.496480 3.517707 3.517707 0.000000 7.414096 0.914222 0.000000 3.517707 3.517707 0.496480 12.010202 24.020405 0.000000 12.010202 24.020405 0.496480 16.606306 23.106182 0.000000 16.606306 23.106182 0.496480 20.502697 20.502697 0.000000 20.502697 20.502697 0.496480 23.106182 16.606306 0.496480 23.106182 16.606306 0.000000 24.020405 12.010202 0.496480 24.020405 12.010202 0.000000 23.106182 7.414096 0.496480 23.106182 7.414096 0.000000 20.502697 3.517707 0.496480 20.502697 3.517707 0.000000 16.606306 0.914222 0.000000 16.606306 0.914222 0.496480 12.010202 0.000000 0.000000 12.010202 0.000000 0.496480 "
									            />
								</IndexedFaceSet>
							</Shape>
						</Group>
					</Transform>
				</Transform>
				<Transform DEF="group_51_001_TRANSFORM"
				           translation="0.000000 0.000000 0.000000"
				           scale="1.000000 1.000000 1.000000"
				           rotation="0.000000 1.000000 0.000000 0.000000"
				           >
					<Transform DEF="group_51_001_ifs_TRANSFORM"
					           translation="0.000000 0.000000 0.000000"
					           scale="1.000000 1.000000 1.000000"
					           rotation="0.000000 1.000000 0.000000 0.000000"
					           >
						<Group DEF="group_ME_ID409_003">
							<Shape>
								<Appearance>
									<Material USE="MA_material_012" />
								</Appearance>
								<IndexedFaceSet solid="false"
								                coordIndex="0 1 2 -1 1 0 3 -1 4 3 0 -1 3 4 5 -1 3 6 1 -1 6 3 7 -1 2 8 9 -1 8 2 1 -1 10 11 12 -1 11 10 13 -1 13 10 14 -1 14 10 15 -1 14 15 16 -1 16 15 17 -1 16 17 18 -1 18 17 19 -1 18 19 20 -1 20 19 21 -1 20 21 22 -1 22 21 23 -1 23 21 24 -1 23 24 25 -1 25 24 26 -1 25 26 27 -1 11 28 29 -1 28 11 13 -1 29 28 30 -1 29 30 31 -1 31 30 32 -1 31 32 33 -1 33 32 34 -1 33 34 35 -1 33 35 36 -1 36 35 37 -1 36 37 38 -1 38 37 39 -1 38 39 40 -1 40 39 27 -1 40 27 26 -1 40 26 41 -1 42 4 43 -1 4 42 5 -1 7 5 44 -1 5 7 3 -1 45 6 7 -1 6 45 46 -1 1 47 8 -1 47 1 6 -1 9 48 49 -1 48 9 8 -1 50 51 52 -1 51 50 53 -1 54 53 50 -1 53 54 55 -1 56 55 54 -1 55 56 57 -1 58 57 56 -1 57 58 59 -1 60 59 58 -1 59 60 61 -1 60 62 61 -1 62 60 63 -1 63 43 62 -1 43 63 42 -1 64 48 65 -1 48 64 49 -1 66 65 67 -1 65 66 64 -1 68 67 69 -1 67 68 66 -1 51 69 52 -1 69 51 68 -1 44 42 70 -1 42 44 5 -1 45 44 71 -1 44 45 7 -1 47 46 72 -1 46 47 6 -1 48 47 73 -1 47 48 8 -1 50 74 75 -1 74 50 52 -1 76 50 75 -1 50 76 54 -1 77 54 76 -1 54 77 56 -1 58 77 78 -1 77 58 56 -1 60 78 79 -1 78 60 58 -1 79 63 60 -1 63 79 80 -1 80 42 63 -1 42 80 70 -1 65 73 81 -1 73 65 48 -1 67 81 82 -1 81 67 65 -1 69 82 83 -1 82 69 67 -1 69 74 52 -1 74 69 83 -1 71 70 84 -1 70 71 44 -1 73 72 85 -1 72 73 47 -1 75 86 87 -1 86 75 74 -1 76 87 88 -1 87 76 75 -1 77 88 89 -1 88 77 76 -1 78 89 90 -1 89 78 77 -1 79 90 91 -1 90 79 78 -1 80 91 92 -1 91 80 79 -1 84 80 92 -1 80 84 70 -1 81 85 93 -1 85 81 73 -1 82 93 94 -1 93 82 81 -1 82 95 83 -1 95 82 94 -1 83 86 74 -1 86 83 95 -1 "
								                >
									<Coordinate DEF="coords_ME_ID409_003"
									            point="20.502298 15.527744 2.694531 19.085697 19.085697 2.118207 18.509771 18.509771 2.694531 21.254782 15.839433 2.118207 21.201981 12.010202 2.694531 22.016464 12.010202 2.118207 19.562479 19.562479 1.373765 21.877728 16.097466 1.373765 15.839433 21.254782 2.118207 15.527744 20.502298 2.694531 3.518105 8.492661 2.694531 3.518105 15.527744 2.694531 2.818422 12.010202 2.694531 3.525118 12.010202 2.694531 4.171007 8.763102 2.694531 5.510632 5.510632 2.694531 6.010342 6.010342 2.694531 8.492661 3.518105 2.694531 8.763102 4.171007 2.694531 12.010202 2.818422 2.694531 12.010202 3.525118 2.694531 15.527744 3.518105 2.694531 15.257302 4.171007 2.694531 18.010061 6.010342 2.694531 18.509771 5.510632 2.694531 19.849398 8.763102 2.694531 20.502298 8.492661 2.694531 20.495285 12.010202 2.694531 4.171007 15.257302 2.694531 5.510632 18.509771 2.694531 6.010342 18.010061 2.694531 8.492661 20.502298 2.694531 8.763101 19.849398 2.694531 12.010202 21.201981 2.694531 12.010202 20.495285 2.694531 15.257302 19.849398 2.694531 15.527744 20.502298 2.694531 18.010061 18.010061 2.694531 18.509771 18.509771 2.694531 19.849398 15.257302 2.694531 20.502298 15.527744 2.694531 21.201981 12.010202 2.694531 21.254782 8.180971 2.118207 20.502298 8.492661 2.694531 22.690733 12.010202 1.373765 22.341618 16.289614 0.496480 19.917524 19.917524 0.496480 16.097466 21.877728 1.373765 12.010202 22.016464 2.118207 12.010202 21.201981 2.694531 2.765622 8.180971 2.118207 2.818422 12.010202 2.694531 2.003941 12.010202 2.118207 3.518105 8.492661 2.694531 4.934707 4.934707 2.118207 5.510632 5.510632 2.694531 8.180971 2.765622 2.118207 8.492661 3.518105 2.694531 12.010202 2.003941 2.118207 12.010202 2.818422 2.694531 15.839433 2.765622 2.118207 15.527744 3.518105 2.694531 18.509771 5.510632 2.694531 19.085697 4.934707 2.118207 8.492661 20.502298 2.694531 8.180971 21.254782 2.118207 5.510632 18.509771 2.694531 4.934707 19.085697 2.118207 3.518105 15.527744 2.694531 2.765622 15.839433 2.118207 21.877728 7.922939 1.373765 23.192846 12.010202 0.496480 16.289616 22.341618 0.496480 12.010202 22.690733 1.373765 1.329669 12.010202 1.373765 2.142676 7.922939 1.373765 4.457925 4.457925 1.373765 7.922939 2.142676 1.373765 12.010202 1.329669 1.373765 16.097466 2.142676 1.373765 19.562479 4.457925 1.373765 7.922939 21.877728 1.373765 4.457925 19.562479 1.373765 2.142676 16.097466 1.373765 22.341618 7.730789 0.496480 12.010202 23.192846 0.496480 0.827557 12.010202 0.496480 1.678785 7.730789 0.496480 4.102878 4.102878 0.496480 7.730789 1.678785 0.496480 12.010202 0.827557 0.496480 16.289616 1.678785 0.496480 19.917524 4.102878 0.496480 7.730789 22.341618 0.496480 4.102878 19.917524 0.496480 1.678785 16.289616 0.496480 "
									            />
								</IndexedFaceSet>
							</Shape>
						</Group>
					</Transform>
				</Transform>
				<Transform DEF="group_52_TRANSFORM"
				           translation="3.525146 3.525118 2.694531"
				           scale="1.000000 1.000000 1.035714"
				           rotation="0.000000 1.000000 0.000000 0.000000"
				           >
					<Transform DEF="group_53_TRANSFORM"
					           translation="0.000000 0.000000 0.000000"
					           scale="1.000000 1.000000 1.000000"
					           rotation="0.000000 1.000000 0.000000 0.000000"
					           >
						<Transform DEF="group_53_ifs_TRANSFORM"
						           translation="0.000000 0.000000 0.000000"
						           scale="1.000000 1.000000 1.000000"
						           rotation="0.000000 1.000000 0.000000 0.000000"
						           >
							<Group DEF="group_ME_ID417_001">
								<Shape>
									<Appearance>
										<Material USE="MA_material_012" />
									</Appearance>
									<IndexedFaceSet solid="false"
									                coordIndex="0 1 2 -1 1 0 3 -1 4 3 0 -1 3 4 5 -1 6 7 8 -1 7 6 9 -1 10 1 11 -1 1 10 2 -1 12 2 13 -1 2 12 0 -1 4 14 5 -1 14 4 15 -1 16 9 6 -1 9 16 17 -1 18 0 12 -1 0 18 4 -1 8 19 20 -1 19 8 7 -1 21 11 22 -1 11 21 10 -1 23 2 10 -1 2 23 13 -1 24 13 25 -1 13 24 12 -1 15 26 14 -1 26 15 27 -1 16 28 17 -1 28 16 29 -1 18 15 4 -1 15 18 30 -1 31 12 24 -1 12 31 18 -1 20 32 33 -1 32 20 19 -1 34 22 35 -1 22 34 21 -1 36 10 21 -1 10 36 23 -1 37 13 23 -1 13 37 25 -1 27 38 26 -1 38 27 39 -1 29 40 28 -1 40 29 41 -1 30 27 15 -1 27 30 42 -1 31 30 18 -1 30 31 43 -1 44 32 45 -1 32 44 33 -1 46 35 47 -1 35 46 34 -1 48 21 34 -1 21 48 36 -1 49 23 36 -1 23 49 37 -1 39 50 38 -1 50 39 51 -1 41 52 40 -1 52 41 53 -1 42 39 27 -1 39 42 54 -1 43 42 30 -1 42 43 55 -1 56 45 57 -1 45 56 44 -1 58 47 59 -1 47 58 46 -1 60 34 46 -1 34 60 48 -1 61 36 48 -1 36 61 49 -1 62 51 63 -1 51 62 50 -1 53 64 52 -1 64 53 65 -1 54 51 39 -1 51 54 66 -1 55 54 42 -1 54 55 67 -1 68 57 69 -1 57 68 56 -1 70 59 71 -1 59 70 58 -1 72 46 58 -1 46 72 60 -1 73 48 60 -1 48 73 61 -1 62 74 75 -1 74 62 63 -1 64 76 77 -1 76 64 65 -1 63 66 78 -1 66 63 51 -1 67 66 54 -1 66 67 79 -1 80 69 81 -1 69 80 68 -1 82 70 71 -1 70 82 83 -1 84 58 70 -1 58 84 72 -1 85 60 72 -1 60 85 73 -1 75 83 82 -1 83 75 74 -1 77 86 87 -1 86 77 76 -1 63 88 74 -1 88 63 78 -1 78 79 89 -1 79 78 66 -1 90 80 81 -1 80 90 91 -1 83 84 70 -1 84 83 92 -1 93 72 84 -1 72 93 85 -1 87 91 90 -1 91 87 86 -1 74 92 83 -1 92 74 88 -1 78 94 88 -1 94 78 89 -1 92 93 84 -1 93 92 95 -1 88 95 92 -1 95 88 94 -1 "
									                >
										<Coordinate DEF="coords_ME_ID417_001"
										            point="1.552445 11.356677 1.909318 0.481374 8.485084 1.231157 0.981250 8.485084 1.909318 1.090621 11.547971 1.231157 3.179072 13.791096 1.909318 2.825607 14.144561 1.231157 1.090621 11.547971 1.231157 0.481374 8.485084 0.744720 0.481374 8.485084 1.231157 1.090621 11.547971 0.744720 1.552445 5.613491 1.909318 1.090621 5.422197 1.231157 1.841430 11.236976 2.697753 1.294044 8.485084 2.697753 5.422197 15.879547 1.231157 5.613491 15.417723 1.909318 2.825607 14.144561 1.231157 2.825607 14.144561 0.744720 3.400251 13.569917 2.697753 1.090621 5.422197 0.744720 1.090621 5.422197 1.231157 3.179072 3.179072 1.909318 2.825607 2.825607 1.231157 1.841430 5.733192 2.697753 1.937906 11.197014 3.542801 1.398470 8.485084 3.542801 8.485084 16.488794 1.231157 8.485084 15.988917 1.909318 5.422197 15.879547 0.744720 5.422197 15.879547 1.231157 5.733192 15.128737 2.697753 3.474091 13.496077 3.542801 2.825607 2.825607 0.744720 2.825607 2.825607 1.231157 5.613491 1.552445 1.909318 5.422197 1.090621 1.231157 3.400251 3.400251 2.697753 1.937906 5.773154 3.542801 11.547971 15.879547 1.231157 11.356677 15.417723 1.909318 8.485084 16.488794 0.744720 8.485084 16.488794 1.231157 8.485084 15.676124 2.697753 5.773154 15.032262 3.542801 5.422197 1.090621 1.231157 5.422197 1.090621 0.744720 8.485084 0.981250 1.909318 8.485084 0.481374 1.231157 5.733192 1.841430 2.697753 3.474091 3.474091 3.542801 14.144561 14.144561 1.231157 13.791096 13.791096 1.909318 11.547971 15.879547 0.744720 11.547971 15.879547 1.231157 11.236976 15.128737 2.697753 8.485084 15.571697 3.542801 8.485084 0.481374 1.231157 8.485084 0.481374 0.744720 11.356677 1.552445 1.909318 11.547971 1.090621 1.231157 8.485084 1.294044 2.697753 5.773154 1.937906 3.542801 15.879547 11.547971 1.231157 15.417723 11.356677 1.909318 14.144561 14.144561 0.744720 14.144561 14.144561 1.231157 13.569917 13.569917 2.697753 11.197014 15.032262 3.542801 11.547971 1.090621 1.231157 11.547971 1.090621 0.744720 13.791096 3.179072 1.909318 14.144561 2.825607 1.231157 11.236976 1.841430 2.697753 8.485084 1.398470 3.542801 15.988917 8.485084 1.909318 16.488794 8.485084 1.231157 15.879547 11.547971 1.231157 15.879547 11.547971 0.744720 15.128737 11.236976 2.697753 13.496077 13.496077 3.542801 14.144561 2.825607 1.231157 14.144561 2.825607 0.744720 15.879547 5.422197 1.231157 15.417723 5.613491 1.909318 13.569917 3.400251 2.697753 11.197014 1.937906 3.542801 16.488794 8.485084 1.231157 16.488794 8.485084 0.744720 15.676124 8.485084 2.697753 15.032262 11.197014 3.542801 15.879547 5.422197 0.744720 15.879547 5.422197 1.231157 15.128737 5.733192 2.697753 13.496077 3.474091 3.542801 15.571697 8.485084 3.542801 15.032262 5.773154 3.542801 "
										            />
									</IndexedFaceSet>
								</Shape>
							</Group>
						</Transform>
					</Transform>
					<Transform DEF="group_53_001_TRANSFORM"
					           translation="0.000000 0.000000 0.000000"
					           scale="1.000000 1.000000 1.000000"
					           rotation="0.000000 1.000000 0.000000 0.000000"
					           >
						<Transform DEF="group_53_001_ifs_TRANSFORM"
						           translation="0.000000 0.000000 0.000000"
						           scale="1.000000 1.000000 1.000000"
						           rotation="0.000000 1.000000 0.000000 0.000000"
						           >
							<Group DEF="group_ME_ID423_002">
								<Shape>
									<Appearance>
										<Material USE="MA_material_012" />
									</Appearance>
									<IndexedFaceSet solid="false"
									                coordIndex="0 1 2 -1 1 0 3 -1 4 3 0 -1 3 4 5 -1 2 6 7 -1 6 2 1 -1 8 9 10 -1 9 8 11 -1 4 12 5 -1 12 4 13 -1 8 14 11 -1 14 8 15 -1 7 16 17 -1 16 7 6 -1 18 9 19 -1 9 18 10 -1 20 21 22 -1 21 20 23 -1 23 20 24 -1 23 24 25 -1 25 24 26 -1 25 26 27 -1 27 26 28 -1 27 28 29 -1 29 28 30 -1 29 30 31 -1 31 30 32 -1 32 30 33 -1 32 33 34 -1 34 33 35 -1 34 35 36 -1 36 35 37 -1 21 38 22 -1 38 21 39 -1 38 39 40 -1 40 39 41 -1 40 41 42 -1 42 41 43 -1 42 43 44 -1 44 43 45 -1 44 45 46 -1 44 46 47 -1 47 46 48 -1 47 48 49 -1 49 48 50 -1 49 50 51 -1 51 50 36 -1 51 36 37 -1 13 52 12 -1 52 13 53 -1 15 54 14 -1 54 15 55 -1 56 16 57 -1 16 56 17 -1 58 18 19 -1 18 58 59 -1 60 59 58 -1 59 60 61 -1 62 60 63 -1 60 62 61 -1 64 63 65 -1 63 64 62 -1 65 66 64 -1 66 65 67 -1 67 68 66 -1 68 67 69 -1 70 68 69 -1 68 70 71 -1 72 71 70 -1 71 72 73 -1 73 74 75 -1 74 73 72 -1 75 76 77 -1 76 75 74 -1 78 76 79 -1 76 78 77 -1 55 79 54 -1 79 55 78 -1 53 80 52 -1 80 53 81 -1 82 57 83 -1 57 82 56 -1 84 83 85 -1 83 84 82 -1 86 85 87 -1 85 86 84 -1 88 86 87 -1 86 88 89 -1 90 89 88 -1 89 90 91 -1 92 91 90 -1 91 92 93 -1 94 93 92 -1 93 94 95 -1 81 94 80 -1 94 81 95 -1 "
									                >
										<Coordinate DEF="coords_ME_ID423_002"
										            point="0.645889 11.732184 0.372360 0.000000 8.485084 0.000000 0.000000 8.485084 0.372360 0.645889 11.732184 0.000000 2.485224 14.484944 0.372360 2.485224 14.484944 0.000000 0.645889 5.237983 0.000000 0.645889 5.237983 0.372360 0.979438 11.594024 0.744720 0.000000 8.485084 0.372360 0.361031 8.485084 0.744720 0.645889 11.732184 0.372360 5.237983 16.324280 0.000000 5.237983 16.324280 0.372360 2.485224 14.484944 0.372360 2.740511 14.229657 0.744720 2.485224 2.485224 0.000000 2.485224 2.485224 0.372360 0.979438 5.376143 0.744720 0.645889 5.237983 0.372360 0.979438 5.376143 0.744720 0.481374 8.485084 0.744720 0.361031 8.485084 0.744720 1.090621 5.422197 0.744720 2.740511 2.740511 0.744720 2.825607 2.825607 0.744720 5.376143 0.979438 0.744720 5.422197 1.090621 0.744720 8.485084 0.361031 0.744720 8.485084 0.481374 0.744720 11.594024 0.979438 0.744720 11.547971 1.090621 0.744720 14.144561 2.825607 0.744720 14.229657 2.740511 0.744720 15.879547 5.422197 0.744720 15.990730 5.376143 0.744720 16.488794 8.485084 0.744720 16.609137 8.485084 0.744720 0.979438 11.594024 0.744720 1.090621 11.547971 0.744720 2.740511 14.229657 0.744720 2.825607 14.144561 0.744720 5.376143 15.990730 0.744720 5.422197 15.879547 0.744720 8.485084 16.609137 0.744720 8.485084 16.488794 0.744720 11.547971 15.879547 0.744720 11.594024 15.990730 0.744720 14.144561 14.144561 0.744720 14.229657 14.229657 0.744720 15.879547 11.547971 0.744720 15.990730 11.594024 0.744720 8.485084 16.970167 0.000000 8.485084 16.970167 0.372360 5.237983 16.324280 0.372360 5.376143 15.990730 0.744720 5.237983 0.645889 0.372360 5.237983 0.645889 0.000000 2.485224 2.485224 0.372360 2.740511 2.740511 0.744720 5.237983 0.645889 0.372360 5.376143 0.979438 0.744720 8.485084 0.361031 0.744720 8.485084 0.000000 0.372360 11.594024 0.979438 0.744720 11.732184 0.645889 0.372360 14.229657 2.740511 0.744720 14.484944 2.485224 0.372360 15.990730 5.376143 0.744720 16.324280 5.237983 0.372360 16.970167 8.485084 0.372360 16.609137 8.485084 0.744720 16.324280 11.732184 0.372360 15.990730 11.594024 0.744720 14.484944 14.484944 0.372360 14.229657 14.229657 0.744720 11.732184 16.324280 0.372360 11.594024 15.990730 0.744720 8.485084 16.609137 0.744720 8.485084 16.970167 0.372360 11.732184 16.324280 0.000000 11.732184 16.324280 0.372360 8.485084 0.000000 0.372360 8.485084 0.000000 0.000000 11.732184 0.645889 0.372360 11.732184 0.645889 0.000000 14.484944 2.485224 0.372360 14.484944 2.485224 0.000000 16.324280 5.237983 0.000000 16.324280 5.237983 0.372360 16.970167 8.485084 0.000000 16.970167 8.485084 0.372360 16.324280 11.732184 0.000000 16.324280 11.732184 0.372360 14.484944 14.484944 0.000000 14.484944 14.484944 0.372360 "
										            />
									</IndexedFaceSet>
								</Shape>
							</Group>
						</Transform>
					</Transform>
					<Transform DEF="group_54_TRANSFORM"
					           translation="1.398438 1.398470 3.542801"
					           scale="1.000000 1.000000 1.533065"
					           rotation="0.000000 1.000000 0.000000 0.000000"
					           >
						<Transform DEF="group_54_ifs_TRANSFORM"
						           translation="0.000244 0.000000 -0.000000"
						           scale="1.000000 1.000000 1.000000"
						           rotation="0.000000 1.000000 0.000000 0.000000"
						           >
							<Group DEF="group_ME_ID430_001">
								<Shape>
									<Appearance>
										<Material USE="MA_material_012" />
									</Appearance>
									<IndexedFaceSet solid="false"
									                coordIndex="0 1 2 -1 1 0 3 -1 4 3 0 -1 3 4 5 -1 3 6 1 -1 6 3 7 -1 2 8 9 -1 8 2 1 -1 10 11 12 -1 11 10 13 -1 11 13 14 -1 14 13 15 -1 14 15 16 -1 16 15 17 -1 16 17 9 -1 9 17 18 -1 9 18 2 -1 2 18 19 -1 2 19 0 -1 0 19 20 -1 0 20 4 -1 4 20 21 -1 21 5 4 -1 5 21 22 -1 5 7 3 -1 7 5 23 -1 6 24 25 -1 24 6 7 -1 1 26 8 -1 26 1 6 -1 16 8 27 -1 8 16 9 -1 28 13 29 -1 13 28 15 -1 30 15 28 -1 15 30 17 -1 31 17 30 -1 17 31 18 -1 31 19 18 -1 19 31 32 -1 32 20 19 -1 20 32 33 -1 33 21 20 -1 21 33 22 -1 14 27 34 -1 27 14 16 -1 11 34 35 -1 34 11 14 -1 12 35 36 -1 35 12 11 -1 37 12 36 -1 12 37 10 -1 29 10 37 -1 10 29 13 -1 22 23 5 -1 23 22 38 -1 39 7 23 -1 7 39 24 -1 25 40 41 -1 40 25 24 -1 26 25 42 -1 25 26 6 -1 27 26 43 -1 26 27 8 -1 44 29 45 -1 29 44 28 -1 46 28 44 -1 28 46 30 -1 47 30 46 -1 30 47 31 -1 47 32 31 -1 32 47 48 -1 48 33 32 -1 33 48 49 -1 49 22 33 -1 22 49 38 -1 34 43 50 -1 43 34 27 -1 35 50 51 -1 50 35 34 -1 36 51 52 -1 51 36 35 -1 53 36 52 -1 36 53 37 -1 45 37 53 -1 37 45 29 -1 39 38 54 -1 38 39 23 -1 55 24 39 -1 24 55 40 -1 41 56 57 -1 56 41 40 -1 42 41 58 -1 41 42 25 -1 43 42 59 -1 42 43 26 -1 44 60 61 -1 60 44 45 -1 46 61 62 -1 61 46 44 -1 47 62 63 -1 62 47 46 -1 48 63 64 -1 63 48 47 -1 65 48 64 -1 48 65 49 -1 54 49 65 -1 49 54 38 -1 50 59 66 -1 59 50 43 -1 50 67 51 -1 67 50 66 -1 51 68 52 -1 68 51 67 -1 53 68 69 -1 68 53 52 -1 45 69 60 -1 69 45 53 -1 55 54 70 -1 54 55 39 -1 71 40 55 -1 40 71 56 -1 57 72 73 -1 72 57 56 -1 58 57 74 -1 57 58 41 -1 59 58 75 -1 58 59 42 -1 61 76 77 -1 76 61 60 -1 62 77 78 -1 77 62 61 -1 63 78 79 -1 78 63 62 -1 64 79 80 -1 79 64 63 -1 81 64 80 -1 64 81 65 -1 70 65 81 -1 65 70 54 -1 66 75 82 -1 75 66 59 -1 66 83 67 -1 83 66 82 -1 67 84 68 -1 84 67 83 -1 69 84 85 -1 84 69 68 -1 60 85 76 -1 85 60 69 -1 71 70 86 -1 70 71 55 -1 87 56 71 -1 56 87 72 -1 73 88 89 -1 88 73 72 -1 74 73 90 -1 73 74 57 -1 75 74 91 -1 74 75 58 -1 77 92 93 -1 92 77 76 -1 78 93 94 -1 93 78 77 -1 79 94 95 -1 94 79 78 -1 80 95 96 -1 95 80 79 -1 97 80 96 -1 80 97 81 -1 86 81 97 -1 81 86 70 -1 82 91 98 -1 91 82 75 -1 82 99 83 -1 99 82 98 -1 83 100 84 -1 100 83 99 -1 85 100 101 -1 100 85 84 -1 76 101 92 -1 101 76 85 -1 87 86 102 -1 86 87 71 -1 103 72 87 -1 72 103 88 -1 104 105 106 -1 105 104 107 -1 107 104 89 -1 107 89 88 -1 90 89 108 -1 89 90 73 -1 91 90 109 -1 90 91 74 -1 93 110 111 -1 110 93 92 -1 94 111 112 -1 111 94 93 -1 95 112 113 -1 112 95 94 -1 96 113 114 -1 113 96 95 -1 115 96 114 -1 96 115 97 -1 102 97 115 -1 97 102 86 -1 98 109 116 -1 109 98 91 -1 98 117 99 -1 117 98 116 -1 99 118 100 -1 118 99 117 -1 101 118 119 -1 118 101 100 -1 92 119 110 -1 119 92 101 -1 103 102 120 -1 102 103 87 -1 105 121 122 -1 121 105 103 -1 103 105 88 -1 88 105 107 -1 123 106 124 -1 106 123 104 -1 104 123 108 -1 104 108 89 -1 109 108 125 -1 108 109 90 -1 111 126 127 -1 126 111 110 -1 112 127 128 -1 127 112 111 -1 113 128 129 -1 128 113 112 -1 114 129 130 -1 129 114 113 -1 131 114 130 -1 114 131 115 -1 120 115 131 -1 115 120 102 -1 116 125 132 -1 125 116 109 -1 116 133 117 -1 133 116 132 -1 117 134 118 -1 134 117 133 -1 119 134 135 -1 134 119 118 -1 110 135 126 -1 135 110 119 -1 122 136 137 -1 136 122 120 -1 120 122 121 -1 120 121 103 -1 138 124 139 -1 124 138 123 -1 123 138 125 -1 123 125 108 -1 140 141 142 -1 141 140 143 -1 143 140 127 -1 143 127 126 -1 144 142 145 -1 142 144 140 -1 140 144 128 -1 140 128 127 -1 146 145 147 -1 145 146 144 -1 144 146 129 -1 144 129 128 -1 148 147 149 -1 147 148 146 -1 146 148 130 -1 146 130 129 -1 149 130 148 -1 130 149 131 -1 131 149 150 -1 150 149 151 -1 150 120 131 -1 120 150 151 -1 120 151 137 -1 120 137 136 -1 152 139 153 -1 139 152 138 -1 138 152 132 -1 138 132 125 -1 132 154 133 -1 154 153 155 -1 153 154 132 -1 153 132 152 -1 133 156 134 -1 156 133 157 -1 157 133 155 -1 155 133 154 -1 134 158 135 -1 158 134 159 -1 159 134 157 -1 157 134 156 -1 135 143 126 -1 143 135 141 -1 141 135 158 -1 141 158 159 -1 "
									                >
										<Coordinate DEF="coords_ME_ID430_001"
										            point="10.427276 10.427276 114.567429 9.143482 12.052330 114.512299 8.894567 11.451399 114.567429 10.887208 10.887209 114.512299 11.451399 8.894567 114.567429 12.052330 9.143482 114.512299 9.358715 12.571952 114.180954 11.284909 11.284909 114.180954 7.086615 12.461466 114.512299 7.086614 11.811023 114.567429 2.721829 5.278661 114.567429 2.721829 8.894567 114.567429 2.362205 7.086615 114.567429 3.745952 3.745952 114.567429 3.745952 10.427276 114.567429 5.278661 2.721829 114.567429 5.278661 11.451399 114.567429 7.086615 2.362205 114.567429 8.894567 2.721829 114.567429 10.427276 3.745952 114.567429 11.451399 5.278661 114.567429 11.811023 7.086615 114.567429 12.461466 7.086614 114.512299 12.571952 9.358715 114.180954 11.541951 11.541951 113.638763 9.497826 12.907792 113.638763 7.086615 13.023900 114.180954 5.029747 12.052330 114.512299 5.029747 2.120898 114.512299 3.286019 3.286019 114.512299 7.086615 1.711761 114.512299 9.143482 2.120898 114.512299 10.887209 3.286019 114.512299 12.052330 5.029747 114.512299 3.286019 10.887208 114.512299 2.120898 9.143482 114.512299 1.711761 7.086615 114.512299 2.120898 5.029747 114.512299 13.023900 7.086615 114.180954 12.907792 9.497826 113.638763 11.607643 11.607643 112.992630 9.533378 12.993624 112.992630 7.086615 13.387411 113.638763 4.814513 12.571952 114.180954 4.814513 1.601276 114.180954 2.888318 2.888319 114.180954 7.086615 1.149327 114.180954 9.358715 1.601276 114.180954 11.284909 2.888318 114.180954 12.571952 4.814513 114.180954 2.888318 11.284909 114.180954 1.601276 9.358715 114.180954 1.149327 7.086615 114.180954 1.601276 4.814513 114.180954 13.387411 7.086615 113.638763 12.993624 9.533378 112.992630 11.819219 11.819219 108.005753 9.647881 13.270060 108.005753 7.086615 13.480314 112.992630 4.675403 12.907792 113.638763 2.631277 2.631277 113.638763 4.675403 1.265436 113.638763 7.086615 0.785816 113.638763 9.497826 1.265436 113.638763 11.541951 2.631277 113.638763 12.907792 4.675403 113.638763 2.631277 11.541951 113.638763 1.265436 9.497826 113.638763 0.785816 7.086615 113.638763 1.265436 4.675403 113.638763 13.480314 7.086615 112.992630 13.270060 9.647882 108.005753 12.004810 12.004810 94.882401 9.748322 13.512548 94.882401 7.086615 13.779528 108.005753 4.639851 12.993624 112.992630 2.565585 2.565585 112.992630 4.639851 1.179605 112.992630 7.086615 0.692913 112.992630 9.533378 1.179605 112.992630 11.607643 2.565585 112.992630 12.993624 4.639851 112.992630 2.565585 11.607643 112.992630 1.179605 9.533378 112.992630 0.692913 7.086615 112.992630 1.179605 4.639851 112.992630 13.779528 7.086615 108.005753 13.512548 9.748322 94.882401 12.097608 12.097608 75.197357 9.798544 13.633792 75.197357 7.086615 14.041994 94.882401 4.525347 13.270060 108.005753 2.354010 2.354010 108.005753 4.525347 0.903168 108.005753 7.086615 0.393701 108.005753 9.647882 0.903168 108.005753 11.819219 2.354010 108.005753 13.270060 4.525347 108.005753 2.354010 11.819219 108.005753 0.903168 9.647881 108.005753 0.393701 7.086615 108.005753 0.903168 4.525347 108.005753 14.041994 7.086614 94.882401 13.633792 9.798544 75.197357 9.798544 13.633792 35.827278 12.097608 12.097608 0.000000 9.798544 13.633792 0.000000 12.097608 12.097608 35.827278 7.086615 14.173228 75.197357 4.424905 13.512548 94.882401 2.168417 2.168417 94.882401 4.424905 0.660680 94.882401 7.086615 0.131234 94.882401 9.748322 0.660680 94.882401 12.004810 2.168417 94.882401 13.512548 4.424905 94.882401 2.168417 12.004810 94.882401 0.660680 9.748322 94.882401 0.131234 7.086615 94.882401 0.660680 4.424905 94.882401 14.173227 7.086615 75.197357 13.633792 9.798544 35.827278 13.633792 9.798544 0.000000 7.086615 14.173228 35.827278 7.086615 14.173227 0.000000 4.374684 13.633792 75.197357 2.075621 2.075621 75.197357 4.374684 0.539436 75.197357 7.086615 0.000000 75.197357 9.798544 0.539436 75.197357 12.097608 2.075621 75.197357 13.633792 4.374684 75.197357 2.075621 12.097608 75.197357 0.539436 9.798544 75.197357 0.000000 7.086615 75.197357 0.539436 4.374684 75.197357 14.173227 7.086615 35.827278 14.173227 7.086615 0.000000 4.374684 13.633792 35.827278 4.374684 13.633792 0.000000 4.374684 0.539436 35.827278 2.075621 2.075621 0.000000 4.374684 0.539436 0.000000 2.075621 2.075621 35.827278 7.086615 0.000000 35.827278 7.086615 0.000000 0.000000 9.798544 0.539436 35.827278 9.798544 0.539436 0.000000 12.097608 2.075621 35.827278 12.097608 2.075621 0.000000 13.633792 4.374684 35.827278 13.633792 4.374684 0.000000 2.075621 12.097608 35.827278 2.075621 12.097608 0.000000 0.539436 9.798544 35.827278 0.539436 9.798544 0.000000 0.000000 7.086615 35.827278 0.000000 7.086615 0.000000 0.539436 4.374684 35.827278 0.539436 4.374684 0.000000 "
										            />
									</IndexedFaceSet>
								</Shape>
							</Group>
						</Transform>
					</Transform>
				</Transform>
			</Transform>
			<Transform DEF="group_55_TRANSFORM"
			           translation="3491.926758 -12.010202 -2.694531"
			           scale="1.000000 1.000000 1.000000"
			           rotation="0.000000 1.000000 0.000000 0.000000"
			           >
				<Transform DEF="group_56_TRANSFORM"
				           translation="0.000000 0.000000 0.000000"
				           scale="1.000000 1.000000 1.000000"
				           rotation="0.000000 1.000000 0.000000 0.000000"
				           >
					<Transform DEF="group_56_ifs_TRANSFORM"
					           translation="0.000000 0.000000 0.000000"
					           scale="1.000000 1.000000 1.000000"
					           rotation="0.000000 1.000000 0.000000 0.000000"
					           >
						<Group DEF="group_ME_ID438">
							<Shape>
								<Appearance>
									<Material USE="MA_material_012" />
								</Appearance>
								<IndexedFaceSet solid="false"
								                coordIndex="0 1 2 -1 1 0 3 -1 4 3 0 -1 3 4 5 -1 6 7 8 -1 7 6 9 -1 9 6 10 -1 9 10 11 -1 11 10 12 -1 11 12 13 -1 13 12 14 -1 13 14 15 -1 15 14 16 -1 15 16 17 -1 17 16 18 -1 17 18 19 -1 19 18 20 -1 19 20 21 -1 2 22 23 -1 22 2 1 -1 24 25 26 -1 25 24 27 -1 27 24 28 -1 27 28 29 -1 29 28 30 -1 29 30 31 -1 31 30 32 -1 31 32 33 -1 33 32 34 -1 33 34 35 -1 35 34 36 -1 36 34 37 -1 36 37 38 -1 38 37 39 -1 38 39 40 -1 40 39 41 -1 25 42 26 -1 42 25 43 -1 42 43 44 -1 44 43 45 -1 44 45 46 -1 46 45 47 -1 46 47 48 -1 48 47 49 -1 48 49 50 -1 48 50 51 -1 51 50 52 -1 51 52 53 -1 53 52 54 -1 53 54 55 -1 55 54 40 -1 55 40 41 -1 4 56 5 -1 56 4 57 -1 58 59 60 -1 59 58 61 -1 61 22 59 -1 22 61 23 -1 57 62 56 -1 62 57 63 -1 63 64 62 -1 64 63 65 -1 65 66 64 -1 66 65 67 -1 66 68 69 -1 68 66 67 -1 69 70 71 -1 70 69 68 -1 71 72 73 -1 72 71 70 -1 73 74 75 -1 74 73 72 -1 74 76 75 -1 76 74 77 -1 77 78 76 -1 78 77 79 -1 79 60 78 -1 60 79 58 -1 "
								                >
									<Coordinate DEF="coords_ME_ID438"
									            point="0.914222 16.606306 0.496480 0.000000 12.010202 0.000000 0.000000 12.010202 0.496480 0.914222 16.606306 0.000000 3.517707 20.502697 0.496480 3.517707 20.502697 0.000000 0.914222 16.606306 0.000000 0.914222 7.414096 0.000000 0.000000 12.010202 0.000000 3.517707 3.517707 0.000000 3.517707 20.502697 0.000000 7.414096 0.914222 0.000000 7.414096 23.106182 0.000000 12.010202 0.000000 0.000000 12.010202 24.020405 0.000000 16.606306 0.914222 0.000000 16.606306 23.106182 0.000000 20.502697 3.517707 0.000000 20.502697 20.502697 0.000000 23.106182 7.414096 0.000000 23.106182 16.606306 0.000000 24.020405 12.010202 0.000000 0.914222 7.414096 0.000000 0.914222 7.414096 0.496480 0.914222 7.414096 0.496480 0.827557 12.010202 0.496480 0.000000 12.010202 0.496480 1.678785 7.730789 0.496480 3.517707 3.517707 0.496480 4.102878 4.102878 0.496480 7.414096 0.914222 0.496480 7.730789 1.678785 0.496480 12.010202 0.000000 0.496480 12.010202 0.827557 0.496480 16.606306 0.914222 0.496480 16.289616 1.678785 0.496480 19.917524 4.102878 0.496480 20.502697 3.517707 0.496480 22.341618 7.730789 0.496480 23.106182 7.414096 0.496480 23.192846 12.010202 0.496480 24.020405 12.010202 0.496480 0.914222 16.606306 0.496480 1.678785 16.289616 0.496480 3.517707 20.502697 0.496480 4.102878 19.917524 0.496480 7.414096 23.106182 0.496480 7.730789 22.341618 0.496480 12.010202 24.020405 0.496480 12.010202 23.192846 0.496480 16.289616 22.341618 0.496480 16.606306 23.106182 0.496480 19.917524 19.917524 0.496480 20.502697 20.502697 0.496480 22.341618 16.289614 0.496480 23.106182 16.606306 0.496480 7.414096 23.106182 0.000000 7.414096 23.106182 0.496480 7.414096 0.914222 0.496480 3.517707 3.517707 0.000000 7.414096 0.914222 0.000000 3.517707 3.517707 0.496480 12.010202 24.020405 0.000000 12.010202 24.020405 0.496480 16.606306 23.106182 0.000000 16.606306 23.106182 0.496480 20.502697 20.502697 0.000000 20.502697 20.502697 0.496480 23.106182 16.606306 0.496480 23.106182 16.606306 0.000000 24.020405 12.010202 0.496480 24.020405 12.010202 0.000000 23.106182 7.414096 0.496480 23.106182 7.414096 0.000000 20.502697 3.517707 0.496480 20.502697 3.517707 0.000000 16.606306 0.914222 0.000000 16.606306 0.914222 0.496480 12.010202 0.000000 0.000000 12.010202 0.000000 0.496480 "
									            />
								</IndexedFaceSet>
							</Shape>
						</Group>
					</Transform>
				</Transform>
				<Transform DEF="group_56_001_TRANSFORM"
				           translation="0.000000 0.000000 0.000000"
				           scale="1.000000 1.000000 1.000000"
				           rotation="0.000000 1.000000 0.000000 0.000000"
				           >
					<Transform DEF="group_56_001_ifs_TRANSFORM"
					           translation="0.000000 0.000000 0.000000"
					           scale="1.000000 1.000000 1.000000"
					           rotation="0.000000 1.000000 0.000000 0.000000"
					           >
						<Group DEF="group_ME_ID444_001">
							<Shape>
								<Appearance>
									<Material USE="MA_material_012" />
								</Appearance>
								<IndexedFaceSet solid="false"
								                coordIndex="0 1 2 -1 1 0 3 -1 4 3 0 -1 3 4 5 -1 3 6 1 -1 6 3 7 -1 2 8 9 -1 8 2 1 -1 10 11 12 -1 11 10 13 -1 13 10 14 -1 14 10 15 -1 14 15 16 -1 16 15 17 -1 16 17 18 -1 18 17 19 -1 18 19 20 -1 20 19 21 -1 20 21 22 -1 22 21 23 -1 23 21 24 -1 23 24 25 -1 25 24 26 -1 25 26 27 -1 11 28 29 -1 28 11 13 -1 29 28 30 -1 29 30 31 -1 31 30 32 -1 31 32 33 -1 33 32 34 -1 33 34 35 -1 33 35 36 -1 36 35 37 -1 36 37 38 -1 38 37 39 -1 38 39 40 -1 40 39 27 -1 40 27 26 -1 40 26 41 -1 42 4 43 -1 4 42 5 -1 7 5 44 -1 5 7 3 -1 45 6 7 -1 6 45 46 -1 1 47 8 -1 47 1 6 -1 9 48 49 -1 48 9 8 -1 50 51 52 -1 51 50 53 -1 54 53 50 -1 53 54 55 -1 56 55 54 -1 55 56 57 -1 58 57 56 -1 57 58 59 -1 60 59 58 -1 59 60 61 -1 60 62 61 -1 62 60 63 -1 63 43 62 -1 43 63 42 -1 64 48 65 -1 48 64 49 -1 66 65 67 -1 65 66 64 -1 68 67 69 -1 67 68 66 -1 51 69 52 -1 69 51 68 -1 44 42 70 -1 42 44 5 -1 45 44 71 -1 44 45 7 -1 47 46 72 -1 46 47 6 -1 48 47 73 -1 47 48 8 -1 50 74 75 -1 74 50 52 -1 76 50 75 -1 50 76 54 -1 77 54 76 -1 54 77 56 -1 58 77 78 -1 77 58 56 -1 60 78 79 -1 78 60 58 -1 79 63 60 -1 63 79 80 -1 80 42 63 -1 42 80 70 -1 65 73 81 -1 73 65 48 -1 67 81 82 -1 81 67 65 -1 69 82 83 -1 82 69 67 -1 69 74 52 -1 74 69 83 -1 71 70 84 -1 70 71 44 -1 73 72 85 -1 72 73 47 -1 75 86 87 -1 86 75 74 -1 76 87 88 -1 87 76 75 -1 77 88 89 -1 88 77 76 -1 78 89 90 -1 89 78 77 -1 79 90 91 -1 90 79 78 -1 80 91 92 -1 91 80 79 -1 84 80 92 -1 80 84 70 -1 81 85 93 -1 85 81 73 -1 82 93 94 -1 93 82 81 -1 82 95 83 -1 95 82 94 -1 83 86 74 -1 86 83 95 -1 "
								                >
									<Coordinate DEF="coords_ME_ID444_001"
									            point="20.502298 15.527744 2.694531 19.085697 19.085697 2.118207 18.509771 18.509771 2.694531 21.254782 15.839433 2.118207 21.201981 12.010202 2.694531 22.016464 12.010202 2.118207 19.562479 19.562479 1.373765 21.877728 16.097466 1.373765 15.839433 21.254782 2.118207 15.527744 20.502298 2.694531 3.518105 8.492661 2.694531 3.518105 15.527744 2.694531 2.818422 12.010202 2.694531 3.525118 12.010202 2.694531 4.171007 8.763102 2.694531 5.510632 5.510632 2.694531 6.010342 6.010342 2.694531 8.492661 3.518105 2.694531 8.763102 4.171007 2.694531 12.010202 2.818422 2.694531 12.010202 3.525118 2.694531 15.527744 3.518105 2.694531 15.257302 4.171007 2.694531 18.010061 6.010342 2.694531 18.509771 5.510632 2.694531 19.849398 8.763102 2.694531 20.502298 8.492661 2.694531 20.495285 12.010202 2.694531 4.171007 15.257302 2.694531 5.510632 18.509771 2.694531 6.010342 18.010061 2.694531 8.492661 20.502298 2.694531 8.763101 19.849398 2.694531 12.010202 21.201981 2.694531 12.010202 20.495285 2.694531 15.257302 19.849398 2.694531 15.527744 20.502298 2.694531 18.010061 18.010061 2.694531 18.509771 18.509771 2.694531 19.849398 15.257302 2.694531 20.502298 15.527744 2.694531 21.201981 12.010202 2.694531 21.254782 8.180971 2.118207 20.502298 8.492661 2.694531 22.690733 12.010202 1.373765 22.341618 16.289614 0.496480 19.917524 19.917524 0.496480 16.097466 21.877728 1.373765 12.010202 22.016464 2.118207 12.010202 21.201981 2.694531 2.765622 8.180971 2.118207 2.818422 12.010202 2.694531 2.003941 12.010202 2.118207 3.518105 8.492661 2.694531 4.934707 4.934707 2.118207 5.510632 5.510632 2.694531 8.180971 2.765622 2.118207 8.492661 3.518105 2.694531 12.010202 2.003941 2.118207 12.010202 2.818422 2.694531 15.839433 2.765622 2.118207 15.527744 3.518105 2.694531 18.509771 5.510632 2.694531 19.085697 4.934707 2.118207 8.492661 20.502298 2.694531 8.180971 21.254782 2.118207 5.510632 18.509771 2.694531 4.934707 19.085697 2.118207 3.518105 15.527744 2.694531 2.765622 15.839433 2.118207 21.877728 7.922939 1.373765 23.192846 12.010202 0.496480 16.289616 22.341618 0.496480 12.010202 22.690733 1.373765 1.329669 12.010202 1.373765 2.142676 7.922939 1.373765 4.457925 4.457925 1.373765 7.922939 2.142676 1.373765 12.010202 1.329669 1.373765 16.097466 2.142676 1.373765 19.562479 4.457925 1.373765 7.922939 21.877728 1.373765 4.457925 19.562479 1.373765 2.142676 16.097466 1.373765 22.341618 7.730789 0.496480 12.010202 23.192846 0.496480 0.827557 12.010202 0.496480 1.678785 7.730789 0.496480 4.102878 4.102878 0.496480 7.730789 1.678785 0.496480 12.010202 0.827557 0.496480 16.289616 1.678785 0.496480 19.917524 4.102878 0.496480 7.730789 22.341618 0.496480 4.102878 19.917524 0.496480 1.678785 16.289616 0.496480 "
									            />
								</IndexedFaceSet>
							</Shape>
						</Group>
					</Transform>
				</Transform>
				<Transform DEF="group_57_TRANSFORM"
				           translation="3.525146 3.525118 2.694531"
				           scale="1.000000 1.000000 1.035714"
				           rotation="0.000000 1.000000 0.000000 0.000000"
				           >
					<Transform DEF="group_58_TRANSFORM"
					           translation="0.000000 0.000000 0.000000"
					           scale="1.000000 1.000000 1.000000"
					           rotation="0.000000 1.000000 0.000000 0.000000"
					           >
						<Transform DEF="group_58_ifs_TRANSFORM"
						           translation="0.000000 0.000000 0.000000"
						           scale="1.000000 1.000000 1.000000"
						           rotation="0.000000 1.000000 0.000000 0.000000"
						           >
							<Group DEF="group_ME_ID452">
								<Shape>
									<Appearance>
										<Material USE="MA_material_012" />
									</Appearance>
									<IndexedFaceSet solid="false"
									                coordIndex="0 1 2 -1 1 0 3 -1 4 3 0 -1 3 4 5 -1 6 7 8 -1 7 6 9 -1 10 1 11 -1 1 10 2 -1 12 2 13 -1 2 12 0 -1 4 14 5 -1 14 4 15 -1 16 9 6 -1 9 16 17 -1 18 0 12 -1 0 18 4 -1 8 19 20 -1 19 8 7 -1 21 11 22 -1 11 21 10 -1 23 2 10 -1 2 23 13 -1 24 13 25 -1 13 24 12 -1 15 26 14 -1 26 15 27 -1 16 28 17 -1 28 16 29 -1 18 15 4 -1 15 18 30 -1 31 12 24 -1 12 31 18 -1 20 32 33 -1 32 20 19 -1 34 22 35 -1 22 34 21 -1 36 10 21 -1 10 36 23 -1 37 13 23 -1 13 37 25 -1 27 38 26 -1 38 27 39 -1 29 40 28 -1 40 29 41 -1 30 27 15 -1 27 30 42 -1 31 30 18 -1 30 31 43 -1 44 32 45 -1 32 44 33 -1 46 35 47 -1 35 46 34 -1 48 21 34 -1 21 48 36 -1 49 23 36 -1 23 49 37 -1 39 50 38 -1 50 39 51 -1 41 52 40 -1 52 41 53 -1 42 39 27 -1 39 42 54 -1 43 42 30 -1 42 43 55 -1 56 45 57 -1 45 56 44 -1 58 47 59 -1 47 58 46 -1 60 34 46 -1 34 60 48 -1 61 36 48 -1 36 61 49 -1 62 51 63 -1 51 62 50 -1 53 64 52 -1 64 53 65 -1 54 51 39 -1 51 54 66 -1 55 54 42 -1 54 55 67 -1 68 57 69 -1 57 68 56 -1 70 59 71 -1 59 70 58 -1 72 46 58 -1 46 72 60 -1 73 48 60 -1 48 73 61 -1 62 74 75 -1 74 62 63 -1 64 76 77 -1 76 64 65 -1 63 66 78 -1 66 63 51 -1 67 66 54 -1 66 67 79 -1 80 69 81 -1 69 80 68 -1 82 70 71 -1 70 82 83 -1 84 58 70 -1 58 84 72 -1 85 60 72 -1 60 85 73 -1 75 83 82 -1 83 75 74 -1 77 86 87 -1 86 77 76 -1 63 88 74 -1 88 63 78 -1 78 79 89 -1 79 78 66 -1 90 80 81 -1 80 90 91 -1 83 84 70 -1 84 83 92 -1 93 72 84 -1 72 93 85 -1 87 91 90 -1 91 87 86 -1 74 92 83 -1 92 74 88 -1 78 94 88 -1 94 78 89 -1 92 93 84 -1 93 92 95 -1 88 95 92 -1 95 88 94 -1 "
									                >
										<Coordinate DEF="coords_ME_ID452"
										            point="1.552445 11.356677 1.909318 0.481374 8.485084 1.231157 0.981250 8.485084 1.909318 1.090621 11.547971 1.231157 3.179072 13.791096 1.909318 2.825607 14.144561 1.231157 1.090621 11.547971 1.231157 0.481374 8.485084 0.744720 0.481374 8.485084 1.231157 1.090621 11.547971 0.744720 1.552445 5.613491 1.909318 1.090621 5.422197 1.231157 1.841430 11.236976 2.697753 1.294044 8.485084 2.697753 5.422197 15.879547 1.231157 5.613491 15.417723 1.909318 2.825607 14.144561 1.231157 2.825607 14.144561 0.744720 3.400251 13.569917 2.697753 1.090621 5.422197 0.744720 1.090621 5.422197 1.231157 3.179072 3.179072 1.909318 2.825607 2.825607 1.231157 1.841430 5.733192 2.697753 1.937906 11.197014 3.542801 1.398470 8.485084 3.542801 8.485084 16.488794 1.231157 8.485084 15.988917 1.909318 5.422197 15.879547 0.744720 5.422197 15.879547 1.231157 5.733192 15.128737 2.697753 3.474091 13.496077 3.542801 2.825607 2.825607 0.744720 2.825607 2.825607 1.231157 5.613491 1.552445 1.909318 5.422197 1.090621 1.231157 3.400251 3.400251 2.697753 1.937906 5.773154 3.542801 11.547971 15.879547 1.231157 11.356677 15.417723 1.909318 8.485084 16.488794 0.744720 8.485084 16.488794 1.231157 8.485084 15.676124 2.697753 5.773154 15.032262 3.542801 5.422197 1.090621 1.231157 5.422197 1.090621 0.744720 8.485084 0.981250 1.909318 8.485084 0.481374 1.231157 5.733192 1.841430 2.697753 3.474091 3.474091 3.542801 14.144561 14.144561 1.231157 13.791096 13.791096 1.909318 11.547971 15.879547 0.744720 11.547971 15.879547 1.231157 11.236976 15.128737 2.697753 8.485084 15.571697 3.542801 8.485084 0.481374 1.231157 8.485084 0.481374 0.744720 11.356677 1.552445 1.909318 11.547971 1.090621 1.231157 8.485084 1.294044 2.697753 5.773154 1.937906 3.542801 15.879547 11.547971 1.231157 15.417723 11.356677 1.909318 14.144561 14.144561 0.744720 14.144561 14.144561 1.231157 13.569917 13.569917 2.697753 11.197014 15.032262 3.542801 11.547971 1.090621 1.231157 11.547971 1.090621 0.744720 13.791096 3.179072 1.909318 14.144561 2.825607 1.231157 11.236976 1.841430 2.697753 8.485084 1.398470 3.542801 15.988917 8.485084 1.909318 16.488794 8.485084 1.231157 15.879547 11.547971 1.231157 15.879547 11.547971 0.744720 15.128737 11.236976 2.697753 13.496077 13.496077 3.542801 14.144561 2.825607 1.231157 14.144561 2.825607 0.744720 15.879547 5.422197 1.231157 15.417723 5.613491 1.909318 13.569917 3.400251 2.697753 11.197014 1.937906 3.542801 16.488794 8.485084 1.231157 16.488794 8.485084 0.744720 15.676124 8.485084 2.697753 15.032262 11.197014 3.542801 15.879547 5.422197 0.744720 15.879547 5.422197 1.231157 15.128737 5.733192 2.697753 13.496077 3.474091 3.542801 15.571697 8.485084 3.542801 15.032262 5.773154 3.542801 "
										            />
									</IndexedFaceSet>
								</Shape>
							</Group>
						</Transform>
					</Transform>
					<Transform DEF="group_58_001_TRANSFORM"
					           translation="0.000000 0.000000 0.000000"
					           scale="1.000000 1.000000 1.000000"
					           rotation="0.000000 1.000000 0.000000 0.000000"
					           >
						<Transform DEF="group_58_001_ifs_TRANSFORM"
						           translation="0.000000 0.000000 0.000000"
						           scale="1.000000 1.000000 1.000000"
						           rotation="0.000000 1.000000 0.000000 0.000000"
						           >
							<Group DEF="group_ME_ID458">
								<Shape>
									<Appearance>
										<Material USE="MA_material_012" />
									</Appearance>
									<IndexedFaceSet solid="false"
									                coordIndex="0 1 2 -1 1 0 3 -1 4 3 0 -1 3 4 5 -1 2 6 7 -1 6 2 1 -1 8 9 10 -1 9 8 11 -1 4 12 5 -1 12 4 13 -1 8 14 11 -1 14 8 15 -1 7 16 17 -1 16 7 6 -1 18 9 19 -1 9 18 10 -1 20 21 22 -1 21 20 23 -1 23 20 24 -1 23 24 25 -1 25 24 26 -1 25 26 27 -1 27 26 28 -1 27 28 29 -1 29 28 30 -1 29 30 31 -1 31 30 32 -1 32 30 33 -1 32 33 34 -1 34 33 35 -1 34 35 36 -1 36 35 37 -1 21 38 22 -1 38 21 39 -1 38 39 40 -1 40 39 41 -1 40 41 42 -1 42 41 43 -1 42 43 44 -1 44 43 45 -1 44 45 46 -1 44 46 47 -1 47 46 48 -1 47 48 49 -1 49 48 50 -1 49 50 51 -1 51 50 36 -1 51 36 37 -1 13 52 12 -1 52 13 53 -1 15 54 14 -1 54 15 55 -1 56 16 57 -1 16 56 17 -1 58 18 19 -1 18 58 59 -1 60 59 58 -1 59 60 61 -1 62 60 63 -1 60 62 61 -1 64 63 65 -1 63 64 62 -1 65 66 64 -1 66 65 67 -1 67 68 66 -1 68 67 69 -1 70 68 69 -1 68 70 71 -1 72 71 70 -1 71 72 73 -1 73 74 75 -1 74 73 72 -1 75 76 77 -1 76 75 74 -1 78 76 79 -1 76 78 77 -1 55 79 54 -1 79 55 78 -1 53 80 52 -1 80 53 81 -1 82 57 83 -1 57 82 56 -1 84 83 85 -1 83 84 82 -1 86 85 87 -1 85 86 84 -1 88 86 87 -1 86 88 89 -1 90 89 88 -1 89 90 91 -1 92 91 90 -1 91 92 93 -1 94 93 92 -1 93 94 95 -1 81 94 80 -1 94 81 95 -1 "
									                >
										<Coordinate DEF="coords_ME_ID458"
										            point="0.645889 11.732184 0.372360 0.000000 8.485084 0.000000 0.000000 8.485084 0.372360 0.645889 11.732184 0.000000 2.485224 14.484944 0.372360 2.485224 14.484944 0.000000 0.645889 5.237983 0.000000 0.645889 5.237983 0.372360 0.979438 11.594024 0.744720 0.000000 8.485084 0.372360 0.361031 8.485084 0.744720 0.645889 11.732184 0.372360 5.237983 16.324280 0.000000 5.237983 16.324280 0.372360 2.485224 14.484944 0.372360 2.740511 14.229657 0.744720 2.485224 2.485224 0.000000 2.485224 2.485224 0.372360 0.979438 5.376143 0.744720 0.645889 5.237983 0.372360 0.979438 5.376143 0.744720 0.481374 8.485084 0.744720 0.361031 8.485084 0.744720 1.090621 5.422197 0.744720 2.740511 2.740511 0.744720 2.825607 2.825607 0.744720 5.376143 0.979438 0.744720 5.422197 1.090621 0.744720 8.485084 0.361031 0.744720 8.485084 0.481374 0.744720 11.594024 0.979438 0.744720 11.547971 1.090621 0.744720 14.144561 2.825607 0.744720 14.229657 2.740511 0.744720 15.879547 5.422197 0.744720 15.990730 5.376143 0.744720 16.488794 8.485084 0.744720 16.609137 8.485084 0.744720 0.979438 11.594024 0.744720 1.090621 11.547971 0.744720 2.740511 14.229657 0.744720 2.825607 14.144561 0.744720 5.376143 15.990730 0.744720 5.422197 15.879547 0.744720 8.485084 16.609137 0.744720 8.485084 16.488794 0.744720 11.547971 15.879547 0.744720 11.594024 15.990730 0.744720 14.144561 14.144561 0.744720 14.229657 14.229657 0.744720 15.879547 11.547971 0.744720 15.990730 11.594024 0.744720 8.485084 16.970167 0.000000 8.485084 16.970167 0.372360 5.237983 16.324280 0.372360 5.376143 15.990730 0.744720 5.237983 0.645889 0.372360 5.237983 0.645889 0.000000 2.485224 2.485224 0.372360 2.740511 2.740511 0.744720 5.237983 0.645889 0.372360 5.376143 0.979438 0.744720 8.485084 0.361031 0.744720 8.485084 0.000000 0.372360 11.594024 0.979438 0.744720 11.732184 0.645889 0.372360 14.229657 2.740511 0.744720 14.484944 2.485224 0.372360 15.990730 5.376143 0.744720 16.324280 5.237983 0.372360 16.970167 8.485084 0.372360 16.609137 8.485084 0.744720 16.324280 11.732184 0.372360 15.990730 11.594024 0.744720 14.484944 14.484944 0.372360 14.229657 14.229657 0.744720 11.732184 16.324280 0.372360 11.594024 15.990730 0.744720 8.485084 16.609137 0.744720 8.485084 16.970167 0.372360 11.732184 16.324280 0.000000 11.732184 16.324280 0.372360 8.485084 0.000000 0.372360 8.485084 0.000000 0.000000 11.732184 0.645889 0.372360 11.732184 0.645889 0.000000 14.484944 2.485224 0.372360 14.484944 2.485224 0.000000 16.324280 5.237983 0.000000 16.324280 5.237983 0.372360 16.970167 8.485084 0.000000 16.970167 8.485084 0.372360 16.324280 11.732184 0.000000 16.324280 11.732184 0.372360 14.484944 14.484944 0.000000 14.484944 14.484944 0.372360 "
										            />
									</IndexedFaceSet>
								</Shape>
							</Group>
						</Transform>
					</Transform>
					<Transform DEF="group_59_TRANSFORM"
					           translation="1.398438 1.398470 3.542801"
					           scale="1.000000 1.000000 1.533065"
					           rotation="0.000000 1.000000 0.000000 0.000000"
					           >
						<Transform DEF="group_59_ifs_TRANSFORM"
						           translation="0.000000 0.000000 -0.000000"
						           scale="1.000000 1.000000 1.000000"
						           rotation="0.000000 1.000000 0.000000 0.000000"
						           >
							<Group DEF="group_ME_ID465_003">
								<Shape>
									<Appearance>
										<Material USE="MA_material_012" />
									</Appearance>
									<IndexedFaceSet solid="false"
									                coordIndex="0 1 2 -1 1 0 3 -1 4 3 0 -1 3 4 5 -1 3 6 1 -1 6 3 7 -1 2 8 9 -1 8 2 1 -1 10 11 12 -1 11 10 13 -1 11 13 14 -1 14 13 15 -1 14 15 16 -1 16 15 17 -1 16 17 9 -1 9 17 18 -1 9 18 2 -1 2 18 19 -1 2 19 0 -1 0 19 20 -1 0 20 4 -1 4 20 21 -1 21 5 4 -1 5 21 22 -1 5 7 3 -1 7 5 23 -1 6 24 25 -1 24 6 7 -1 1 26 8 -1 26 1 6 -1 16 8 27 -1 8 16 9 -1 28 13 29 -1 13 28 15 -1 30 15 28 -1 15 30 17 -1 31 17 30 -1 17 31 18 -1 31 19 18 -1 19 31 32 -1 32 20 19 -1 20 32 33 -1 33 21 20 -1 21 33 22 -1 14 27 34 -1 27 14 16 -1 11 34 35 -1 34 11 14 -1 12 35 36 -1 35 12 11 -1 37 12 36 -1 12 37 10 -1 29 10 37 -1 10 29 13 -1 22 23 5 -1 23 22 38 -1 39 7 23 -1 7 39 24 -1 25 40 41 -1 40 25 24 -1 26 25 42 -1 25 26 6 -1 27 26 43 -1 26 27 8 -1 44 29 45 -1 29 44 28 -1 46 28 44 -1 28 46 30 -1 47 30 46 -1 30 47 31 -1 47 32 31 -1 32 47 48 -1 48 33 32 -1 33 48 49 -1 49 22 33 -1 22 49 38 -1 34 43 50 -1 43 34 27 -1 35 50 51 -1 50 35 34 -1 36 51 52 -1 51 36 35 -1 53 36 52 -1 36 53 37 -1 45 37 53 -1 37 45 29 -1 39 38 54 -1 38 39 23 -1 55 24 39 -1 24 55 40 -1 41 56 57 -1 56 41 40 -1 42 41 58 -1 41 42 25 -1 43 42 59 -1 42 43 26 -1 44 60 61 -1 60 44 45 -1 46 61 62 -1 61 46 44 -1 47 62 63 -1 62 47 46 -1 48 63 64 -1 63 48 47 -1 65 48 64 -1 48 65 49 -1 54 49 65 -1 49 54 38 -1 50 59 66 -1 59 50 43 -1 50 67 51 -1 67 50 66 -1 51 68 52 -1 68 51 67 -1 53 68 69 -1 68 53 52 -1 45 69 60 -1 69 45 53 -1 55 54 70 -1 54 55 39 -1 71 40 55 -1 40 71 56 -1 57 72 73 -1 72 57 56 -1 58 57 74 -1 57 58 41 -1 59 58 75 -1 58 59 42 -1 61 76 77 -1 76 61 60 -1 62 77 78 -1 77 62 61 -1 63 78 79 -1 78 63 62 -1 64 79 80 -1 79 64 63 -1 81 64 80 -1 64 81 65 -1 70 65 81 -1 65 70 54 -1 66 75 82 -1 75 66 59 -1 66 83 67 -1 83 66 82 -1 67 84 68 -1 84 67 83 -1 69 84 85 -1 84 69 68 -1 60 85 76 -1 85 60 69 -1 71 70 86 -1 70 71 55 -1 87 56 71 -1 56 87 72 -1 73 88 89 -1 88 73 72 -1 74 73 90 -1 73 74 57 -1 75 74 91 -1 74 75 58 -1 77 92 93 -1 92 77 76 -1 78 93 94 -1 93 78 77 -1 79 94 95 -1 94 79 78 -1 80 95 96 -1 95 80 79 -1 97 80 96 -1 80 97 81 -1 86 81 97 -1 81 86 70 -1 82 91 98 -1 91 82 75 -1 82 99 83 -1 99 82 98 -1 83 100 84 -1 100 83 99 -1 85 100 101 -1 100 85 84 -1 76 101 92 -1 101 76 85 -1 87 86 102 -1 86 87 71 -1 103 72 87 -1 72 103 88 -1 104 105 106 -1 105 104 107 -1 107 104 89 -1 107 89 88 -1 90 89 108 -1 89 90 73 -1 91 90 109 -1 90 91 74 -1 93 110 111 -1 110 93 92 -1 94 111 112 -1 111 94 93 -1 95 112 113 -1 112 95 94 -1 96 113 114 -1 113 96 95 -1 115 96 114 -1 96 115 97 -1 102 97 115 -1 97 102 86 -1 98 109 116 -1 109 98 91 -1 98 117 99 -1 117 98 116 -1 99 118 100 -1 118 99 117 -1 101 118 119 -1 118 101 100 -1 92 119 110 -1 119 92 101 -1 103 102 120 -1 102 103 87 -1 105 121 122 -1 121 105 103 -1 103 105 88 -1 88 105 107 -1 123 106 124 -1 106 123 104 -1 104 123 108 -1 104 108 89 -1 109 108 125 -1 108 109 90 -1 111 126 127 -1 126 111 110 -1 112 127 128 -1 127 112 111 -1 113 128 129 -1 128 113 112 -1 114 129 130 -1 129 114 113 -1 131 114 130 -1 114 131 115 -1 120 115 131 -1 115 120 102 -1 116 125 132 -1 125 116 109 -1 116 133 117 -1 133 116 132 -1 117 134 118 -1 134 117 133 -1 119 134 135 -1 134 119 118 -1 110 135 126 -1 135 110 119 -1 122 136 137 -1 136 122 120 -1 120 122 121 -1 120 121 103 -1 138 124 139 -1 124 138 123 -1 123 138 125 -1 123 125 108 -1 140 141 142 -1 141 140 143 -1 143 140 127 -1 143 127 126 -1 144 142 145 -1 142 144 140 -1 140 144 128 -1 140 128 127 -1 146 145 147 -1 145 146 144 -1 144 146 129 -1 144 129 128 -1 148 147 149 -1 147 148 146 -1 146 148 130 -1 146 130 129 -1 149 130 148 -1 130 149 131 -1 131 149 150 -1 150 149 151 -1 150 120 131 -1 120 150 151 -1 120 151 137 -1 120 137 136 -1 152 139 153 -1 139 152 138 -1 138 152 132 -1 138 132 125 -1 132 154 133 -1 154 153 155 -1 153 154 132 -1 153 132 152 -1 133 156 134 -1 156 133 157 -1 157 133 155 -1 155 133 154 -1 134 158 135 -1 158 134 159 -1 159 134 157 -1 157 134 156 -1 135 143 126 -1 143 135 141 -1 141 135 158 -1 141 158 159 -1 "
									                >
										<Coordinate DEF="coords_ME_ID465_003"
										            point="10.427276 10.427276 114.567429 9.143482 12.052330 114.512299 8.894567 11.451399 114.567429 10.887208 10.887209 114.512299 11.451399 8.894567 114.567429 12.052330 9.143482 114.512299 9.358715 12.571952 114.180954 11.284909 11.284909 114.180954 7.086615 12.461466 114.512299 7.086614 11.811023 114.567429 2.721829 5.278661 114.567429 2.721829 8.894567 114.567429 2.362205 7.086615 114.567429 3.745952 3.745952 114.567429 3.745952 10.427276 114.567429 5.278661 2.721829 114.567429 5.278661 11.451399 114.567429 7.086615 2.362205 114.567429 8.894567 2.721829 114.567429 10.427276 3.745952 114.567429 11.451399 5.278661 114.567429 11.811023 7.086615 114.567429 12.461466 7.086614 114.512299 12.571952 9.358715 114.180954 11.541951 11.541951 113.638763 9.497826 12.907792 113.638763 7.086615 13.023900 114.180954 5.029747 12.052330 114.512299 5.029747 2.120898 114.512299 3.286019 3.286019 114.512299 7.086615 1.711761 114.512299 9.143482 2.120898 114.512299 10.887209 3.286019 114.512299 12.052330 5.029747 114.512299 3.286019 10.887208 114.512299 2.120898 9.143482 114.512299 1.711761 7.086615 114.512299 2.120898 5.029747 114.512299 13.023900 7.086615 114.180954 12.907792 9.497826 113.638763 11.607643 11.607643 112.992630 9.533378 12.993624 112.992630 7.086615 13.387411 113.638763 4.814513 12.571952 114.180954 4.814513 1.601276 114.180954 2.888318 2.888319 114.180954 7.086615 1.149327 114.180954 9.358715 1.601276 114.180954 11.284909 2.888318 114.180954 12.571952 4.814513 114.180954 2.888318 11.284909 114.180954 1.601276 9.358715 114.180954 1.149327 7.086615 114.180954 1.601276 4.814513 114.180954 13.387411 7.086615 113.638763 12.993624 9.533378 112.992630 11.819219 11.819219 108.005753 9.647881 13.270060 108.005753 7.086615 13.480314 112.992630 4.675403 12.907792 113.638763 2.631277 2.631277 113.638763 4.675403 1.265436 113.638763 7.086615 0.785816 113.638763 9.497826 1.265436 113.638763 11.541951 2.631277 113.638763 12.907792 4.675403 113.638763 2.631277 11.541951 113.638763 1.265436 9.497826 113.638763 0.785816 7.086615 113.638763 1.265436 4.675403 113.638763 13.480314 7.086615 112.992630 13.270060 9.647882 108.005753 12.004810 12.004810 94.882401 9.748322 13.512548 94.882401 7.086615 13.779528 108.005753 4.639851 12.993624 112.992630 2.565585 2.565585 112.992630 4.639851 1.179605 112.992630 7.086615 0.692913 112.992630 9.533378 1.179605 112.992630 11.607643 2.565585 112.992630 12.993624 4.639851 112.992630 2.565585 11.607643 112.992630 1.179605 9.533378 112.992630 0.692913 7.086615 112.992630 1.179605 4.639851 112.992630 13.779528 7.086615 108.005753 13.512548 9.748322 94.882401 12.097608 12.097608 75.197357 9.798544 13.633792 75.197357 7.086615 14.041994 94.882401 4.525347 13.270060 108.005753 2.354010 2.354010 108.005753 4.525347 0.903168 108.005753 7.086615 0.393701 108.005753 9.647882 0.903168 108.005753 11.819219 2.354010 108.005753 13.270060 4.525347 108.005753 2.354010 11.819219 108.005753 0.903168 9.647881 108.005753 0.393701 7.086615 108.005753 0.903168 4.525347 108.005753 14.041994 7.086614 94.882401 13.633792 9.798544 75.197357 9.798544 13.633792 35.827278 12.097608 12.097608 0.000000 9.798544 13.633792 0.000000 12.097608 12.097608 35.827278 7.086615 14.173228 75.197357 4.424905 13.512548 94.882401 2.168417 2.168417 94.882401 4.424905 0.660680 94.882401 7.086615 0.131234 94.882401 9.748322 0.660680 94.882401 12.004810 2.168417 94.882401 13.512548 4.424905 94.882401 2.168417 12.004810 94.882401 0.660680 9.748322 94.882401 0.131234 7.086615 94.882401 0.660680 4.424905 94.882401 14.173227 7.086615 75.197357 13.633792 9.798544 35.827278 13.633792 9.798544 0.000000 7.086615 14.173228 35.827278 7.086615 14.173227 0.000000 4.374684 13.633792 75.197357 2.075621 2.075621 75.197357 4.374684 0.539436 75.197357 7.086615 0.000000 75.197357 9.798544 0.539436 75.197357 12.097608 2.075621 75.197357 13.633792 4.374684 75.197357 2.075621 12.097608 75.197357 0.539436 9.798544 75.197357 0.000000 7.086615 75.197357 0.539436 4.374684 75.197357 14.173227 7.086615 35.827278 14.173227 7.086615 0.000000 4.374684 13.633792 35.827278 4.374684 13.633792 0.000000 4.374684 0.539436 35.827278 2.075621 2.075621 0.000000 4.374684 0.539436 0.000000 2.075621 2.075621 35.827278 7.086615 0.000000 35.827278 7.086615 0.000000 0.000000 9.798544 0.539436 35.827278 9.798544 0.539436 0.000000 12.097608 2.075621 35.827278 12.097608 2.075621 0.000000 13.633792 4.374684 35.827278 13.633792 4.374684 0.000000 2.075621 12.097608 35.827278 2.075621 12.097608 0.000000 0.539436 9.798544 35.827278 0.539436 9.798544 0.000000 0.000000 7.086615 35.827278 0.000000 7.086615 0.000000 0.539436 4.374684 35.827278 0.539436 4.374684 0.000000 "
										            />
									</IndexedFaceSet>
								</Shape>
							</Group>
						</Transform>
					</Transform>
				</Transform>
			</Transform>
			<Transform DEF="group_60_TRANSFORM"
			           translation="3397.438477 -12.010202 -2.694531"
			           scale="1.000000 1.000000 1.000000"
			           rotation="0.000000 1.000000 0.000000 0.000000"
			           >
				<Transform DEF="group_61_TRANSFORM"
				           translation="0.000000 0.000000 0.000000"
				           scale="1.000000 1.000000 1.000000"
				           rotation="0.000000 1.000000 0.000000 0.000000"
				           >
					<Transform DEF="group_61_ifs_TRANSFORM"
					           translation="0.000000 0.000000 0.000000"
					           scale="1.000000 1.000000 1.000000"
					           rotation="0.000000 1.000000 0.000000 0.000000"
					           >
						<Group DEF="group_ME_ID473_001">
							<Shape>
								<Appearance>
									<Material USE="MA_material_012" />
								</Appearance>
								<IndexedFaceSet solid="false"
								                coordIndex="0 1 2 -1 1 0 3 -1 4 3 0 -1 3 4 5 -1 6 7 8 -1 7 6 9 -1 9 6 10 -1 9 10 11 -1 11 10 12 -1 11 12 13 -1 13 12 14 -1 13 14 15 -1 15 14 16 -1 15 16 17 -1 17 16 18 -1 17 18 19 -1 19 18 20 -1 19 20 21 -1 2 22 23 -1 22 2 1 -1 24 25 26 -1 25 24 27 -1 27 24 28 -1 27 28 29 -1 29 28 30 -1 29 30 31 -1 31 30 32 -1 31 32 33 -1 33 32 34 -1 33 34 35 -1 35 34 36 -1 36 34 37 -1 36 37 38 -1 38 37 39 -1 38 39 40 -1 40 39 41 -1 25 42 26 -1 42 25 43 -1 42 43 44 -1 44 43 45 -1 44 45 46 -1 46 45 47 -1 46 47 48 -1 48 47 49 -1 48 49 50 -1 48 50 51 -1 51 50 52 -1 51 52 53 -1 53 52 54 -1 53 54 55 -1 55 54 40 -1 55 40 41 -1 4 56 5 -1 56 4 57 -1 58 59 60 -1 59 58 61 -1 61 22 59 -1 22 61 23 -1 57 62 56 -1 62 57 63 -1 63 64 62 -1 64 63 65 -1 65 66 64 -1 66 65 67 -1 66 68 69 -1 68 66 67 -1 69 70 71 -1 70 69 68 -1 71 72 73 -1 72 71 70 -1 73 74 75 -1 74 73 72 -1 74 76 75 -1 76 74 77 -1 77 78 76 -1 78 77 79 -1 79 60 78 -1 60 79 58 -1 "
								                >
									<Coordinate DEF="coords_ME_ID473_001"
									            point="0.914222 16.606306 0.496480 0.000000 12.010202 0.000000 0.000000 12.010202 0.496480 0.914222 16.606306 0.000000 3.517707 20.502697 0.496480 3.517707 20.502697 0.000000 0.914222 16.606306 0.000000 0.914222 7.414096 0.000000 0.000000 12.010202 0.000000 3.517707 3.517707 0.000000 3.517707 20.502697 0.000000 7.414096 0.914222 0.000000 7.414096 23.106182 0.000000 12.010202 0.000000 0.000000 12.010202 24.020405 0.000000 16.606306 0.914222 0.000000 16.606306 23.106182 0.000000 20.502697 3.517707 0.000000 20.502697 20.502697 0.000000 23.106182 7.414096 0.000000 23.106182 16.606306 0.000000 24.020405 12.010202 0.000000 0.914222 7.414096 0.000000 0.914222 7.414096 0.496480 0.914222 7.414096 0.496480 0.827557 12.010202 0.496480 0.000000 12.010202 0.496480 1.678785 7.730789 0.496480 3.517707 3.517707 0.496480 4.102878 4.102878 0.496480 7.414096 0.914222 0.496480 7.730789 1.678785 0.496480 12.010202 0.000000 0.496480 12.010202 0.827557 0.496480 16.606306 0.914222 0.496480 16.289616 1.678785 0.496480 19.917524 4.102878 0.496480 20.502697 3.517707 0.496480 22.341618 7.730789 0.496480 23.106182 7.414096 0.496480 23.192846 12.010202 0.496480 24.020405 12.010202 0.496480 0.914222 16.606306 0.496480 1.678785 16.289616 0.496480 3.517707 20.502697 0.496480 4.102878 19.917524 0.496480 7.414096 23.106182 0.496480 7.730789 22.341618 0.496480 12.010202 24.020405 0.496480 12.010202 23.192846 0.496480 16.289616 22.341618 0.496480 16.606306 23.106182 0.496480 19.917524 19.917524 0.496480 20.502697 20.502697 0.496480 22.341618 16.289614 0.496480 23.106182 16.606306 0.496480 7.414096 23.106182 0.000000 7.414096 23.106182 0.496480 7.414096 0.914222 0.496480 3.517707 3.517707 0.000000 7.414096 0.914222 0.000000 3.517707 3.517707 0.496480 12.010202 24.020405 0.000000 12.010202 24.020405 0.496480 16.606306 23.106182 0.000000 16.606306 23.106182 0.496480 20.502697 20.502697 0.000000 20.502697 20.502697 0.496480 23.106182 16.606306 0.496480 23.106182 16.606306 0.000000 24.020405 12.010202 0.496480 24.020405 12.010202 0.000000 23.106182 7.414096 0.496480 23.106182 7.414096 0.000000 20.502697 3.517707 0.496480 20.502697 3.517707 0.000000 16.606306 0.914222 0.000000 16.606306 0.914222 0.496480 12.010202 0.000000 0.000000 12.010202 0.000000 0.496480 "
									            />
								</IndexedFaceSet>
							</Shape>
						</Group>
					</Transform>
				</Transform>
				<Transform DEF="group_61_001_TRANSFORM"
				           translation="0.000000 0.000000 0.000000"
				           scale="1.000000 1.000000 1.000000"
				           rotation="0.000000 1.000000 0.000000 0.000000"
				           >
					<Transform DEF="group_61_001_ifs_TRANSFORM"
					           translation="0.000000 0.000000 0.000000"
					           scale="1.000000 1.000000 1.000000"
					           rotation="0.000000 1.000000 0.000000 0.000000"
					           >
						<Group DEF="group_ME_ID479_003">
							<Shape>
								<Appearance>
									<Material USE="MA_material_012" />
								</Appearance>
								<IndexedFaceSet solid="false"
								                coordIndex="0 1 2 -1 1 0 3 -1 4 3 0 -1 3 4 5 -1 3 6 1 -1 6 3 7 -1 2 8 9 -1 8 2 1 -1 10 11 12 -1 11 10 13 -1 13 10 14 -1 14 10 15 -1 14 15 16 -1 16 15 17 -1 16 17 18 -1 18 17 19 -1 18 19 20 -1 20 19 21 -1 20 21 22 -1 22 21 23 -1 23 21 24 -1 23 24 25 -1 25 24 26 -1 25 26 27 -1 11 28 29 -1 28 11 13 -1 29 28 30 -1 29 30 31 -1 31 30 32 -1 31 32 33 -1 33 32 34 -1 33 34 35 -1 33 35 36 -1 36 35 37 -1 36 37 38 -1 38 37 39 -1 38 39 40 -1 40 39 27 -1 40 27 26 -1 40 26 41 -1 42 4 43 -1 4 42 5 -1 7 5 44 -1 5 7 3 -1 45 6 7 -1 6 45 46 -1 1 47 8 -1 47 1 6 -1 9 48 49 -1 48 9 8 -1 50 51 52 -1 51 50 53 -1 54 53 50 -1 53 54 55 -1 56 55 54 -1 55 56 57 -1 58 57 56 -1 57 58 59 -1 60 59 58 -1 59 60 61 -1 60 62 61 -1 62 60 63 -1 63 43 62 -1 43 63 42 -1 64 48 65 -1 48 64 49 -1 66 65 67 -1 65 66 64 -1 68 67 69 -1 67 68 66 -1 51 69 52 -1 69 51 68 -1 44 42 70 -1 42 44 5 -1 45 44 71 -1 44 45 7 -1 47 46 72 -1 46 47 6 -1 48 47 73 -1 47 48 8 -1 50 74 75 -1 74 50 52 -1 76 50 75 -1 50 76 54 -1 77 54 76 -1 54 77 56 -1 58 77 78 -1 77 58 56 -1 60 78 79 -1 78 60 58 -1 79 63 60 -1 63 79 80 -1 80 42 63 -1 42 80 70 -1 65 73 81 -1 73 65 48 -1 67 81 82 -1 81 67 65 -1 69 82 83 -1 82 69 67 -1 69 74 52 -1 74 69 83 -1 71 70 84 -1 70 71 44 -1 73 72 85 -1 72 73 47 -1 75 86 87 -1 86 75 74 -1 76 87 88 -1 87 76 75 -1 77 88 89 -1 88 77 76 -1 78 89 90 -1 89 78 77 -1 79 90 91 -1 90 79 78 -1 80 91 92 -1 91 80 79 -1 84 80 92 -1 80 84 70 -1 81 85 93 -1 85 81 73 -1 82 93 94 -1 93 82 81 -1 82 95 83 -1 95 82 94 -1 83 86 74 -1 86 83 95 -1 "
								                >
									<Coordinate DEF="coords_ME_ID479_003"
									            point="20.502298 15.527744 2.694531 19.085697 19.085697 2.118207 18.509771 18.509771 2.694531 21.254782 15.839433 2.118207 21.201981 12.010202 2.694531 22.016464 12.010202 2.118207 19.562479 19.562479 1.373765 21.877728 16.097466 1.373765 15.839433 21.254782 2.118207 15.527744 20.502298 2.694531 3.518105 8.492661 2.694531 3.518105 15.527744 2.694531 2.818422 12.010202 2.694531 3.525118 12.010202 2.694531 4.171007 8.763102 2.694531 5.510632 5.510632 2.694531 6.010342 6.010342 2.694531 8.492661 3.518105 2.694531 8.763102 4.171007 2.694531 12.010202 2.818422 2.694531 12.010202 3.525118 2.694531 15.527744 3.518105 2.694531 15.257302 4.171007 2.694531 18.010061 6.010342 2.694531 18.509771 5.510632 2.694531 19.849398 8.763102 2.694531 20.502298 8.492661 2.694531 20.495285 12.010202 2.694531 4.171007 15.257302 2.694531 5.510632 18.509771 2.694531 6.010342 18.010061 2.694531 8.492661 20.502298 2.694531 8.763101 19.849398 2.694531 12.010202 21.201981 2.694531 12.010202 20.495285 2.694531 15.257302 19.849398 2.694531 15.527744 20.502298 2.694531 18.010061 18.010061 2.694531 18.509771 18.509771 2.694531 19.849398 15.257302 2.694531 20.502298 15.527744 2.694531 21.201981 12.010202 2.694531 21.254782 8.180971 2.118207 20.502298 8.492661 2.694531 22.690733 12.010202 1.373765 22.341618 16.289614 0.496480 19.917524 19.917524 0.496480 16.097466 21.877728 1.373765 12.010202 22.016464 2.118207 12.010202 21.201981 2.694531 2.765622 8.180971 2.118207 2.818422 12.010202 2.694531 2.003941 12.010202 2.118207 3.518105 8.492661 2.694531 4.934707 4.934707 2.118207 5.510632 5.510632 2.694531 8.180971 2.765622 2.118207 8.492661 3.518105 2.694531 12.010202 2.003941 2.118207 12.010202 2.818422 2.694531 15.839433 2.765622 2.118207 15.527744 3.518105 2.694531 18.509771 5.510632 2.694531 19.085697 4.934707 2.118207 8.492661 20.502298 2.694531 8.180971 21.254782 2.118207 5.510632 18.509771 2.694531 4.934707 19.085697 2.118207 3.518105 15.527744 2.694531 2.765622 15.839433 2.118207 21.877728 7.922939 1.373765 23.192846 12.010202 0.496480 16.289616 22.341618 0.496480 12.010202 22.690733 1.373765 1.329669 12.010202 1.373765 2.142676 7.922939 1.373765 4.457925 4.457925 1.373765 7.922939 2.142676 1.373765 12.010202 1.329669 1.373765 16.097466 2.142676 1.373765 19.562479 4.457925 1.373765 7.922939 21.877728 1.373765 4.457925 19.562479 1.373765 2.142676 16.097466 1.373765 22.341618 7.730789 0.496480 12.010202 23.192846 0.496480 0.827557 12.010202 0.496480 1.678785 7.730789 0.496480 4.102878 4.102878 0.496480 7.730789 1.678785 0.496480 12.010202 0.827557 0.496480 16.289616 1.678785 0.496480 19.917524 4.102878 0.496480 7.730789 22.341618 0.496480 4.102878 19.917524 0.496480 1.678785 16.289616 0.496480 "
									            />
								</IndexedFaceSet>
							</Shape>
						</Group>
					</Transform>
				</Transform>
				<Transform DEF="group_62_TRANSFORM"
				           translation="3.525146 3.525118 2.694531"
				           scale="1.000000 1.000000 1.035714"
				           rotation="0.000000 1.000000 0.000000 0.000000"
				           >
					<Transform DEF="group_63_TRANSFORM"
					           translation="0.000000 0.000000 0.000000"
					           scale="1.000000 1.000000 1.000000"
					           rotation="0.000000 1.000000 0.000000 0.000000"
					           >
						<Transform DEF="group_63_ifs_TRANSFORM"
						           translation="0.000000 0.000000 0.000000"
						           scale="1.000000 1.000000 1.000000"
						           rotation="0.000000 1.000000 0.000000 0.000000"
						           >
							<Group DEF="group_ME_ID487">
								<Shape>
									<Appearance>
										<Material USE="MA_material_012" />
									</Appearance>
									<IndexedFaceSet solid="false"
									                coordIndex="0 1 2 -1 1 0 3 -1 4 3 0 -1 3 4 5 -1 6 7 8 -1 7 6 9 -1 10 1 11 -1 1 10 2 -1 12 2 13 -1 2 12 0 -1 4 14 5 -1 14 4 15 -1 16 9 6 -1 9 16 17 -1 18 0 12 -1 0 18 4 -1 8 19 20 -1 19 8 7 -1 21 11 22 -1 11 21 10 -1 23 2 10 -1 2 23 13 -1 24 13 25 -1 13 24 12 -1 15 26 14 -1 26 15 27 -1 16 28 17 -1 28 16 29 -1 18 15 4 -1 15 18 30 -1 31 12 24 -1 12 31 18 -1 20 32 33 -1 32 20 19 -1 34 22 35 -1 22 34 21 -1 36 10 21 -1 10 36 23 -1 37 13 23 -1 13 37 25 -1 27 38 26 -1 38 27 39 -1 29 40 28 -1 40 29 41 -1 30 27 15 -1 27 30 42 -1 31 30 18 -1 30 31 43 -1 44 32 45 -1 32 44 33 -1 46 35 47 -1 35 46 34 -1 48 21 34 -1 21 48 36 -1 49 23 36 -1 23 49 37 -1 39 50 38 -1 50 39 51 -1 41 52 40 -1 52 41 53 -1 42 39 27 -1 39 42 54 -1 43 42 30 -1 42 43 55 -1 56 45 57 -1 45 56 44 -1 58 47 59 -1 47 58 46 -1 60 34 46 -1 34 60 48 -1 61 36 48 -1 36 61 49 -1 62 51 63 -1 51 62 50 -1 53 64 52 -1 64 53 65 -1 54 51 39 -1 51 54 66 -1 55 54 42 -1 54 55 67 -1 68 57 69 -1 57 68 56 -1 70 59 71 -1 59 70 58 -1 72 46 58 -1 46 72 60 -1 73 48 60 -1 48 73 61 -1 62 74 75 -1 74 62 63 -1 64 76 77 -1 76 64 65 -1 63 66 78 -1 66 63 51 -1 67 66 54 -1 66 67 79 -1 80 69 81 -1 69 80 68 -1 82 70 71 -1 70 82 83 -1 84 58 70 -1 58 84 72 -1 85 60 72 -1 60 85 73 -1 75 83 82 -1 83 75 74 -1 77 86 87 -1 86 77 76 -1 63 88 74 -1 88 63 78 -1 78 79 89 -1 79 78 66 -1 90 80 81 -1 80 90 91 -1 83 84 70 -1 84 83 92 -1 93 72 84 -1 72 93 85 -1 87 91 90 -1 91 87 86 -1 74 92 83 -1 92 74 88 -1 78 94 88 -1 94 78 89 -1 92 93 84 -1 93 92 95 -1 88 95 92 -1 95 88 94 -1 "
									                >
										<Coordinate DEF="coords_ME_ID487"
										            point="1.552445 11.356677 1.909318 0.481374 8.485084 1.231157 0.981250 8.485084 1.909318 1.090621 11.547971 1.231157 3.179072 13.791096 1.909318 2.825607 14.144561 1.231157 1.090621 11.547971 1.231157 0.481374 8.485084 0.744720 0.481374 8.485084 1.231157 1.090621 11.547971 0.744720 1.552445 5.613491 1.909318 1.090621 5.422197 1.231157 1.841430 11.236976 2.697753 1.294044 8.485084 2.697753 5.422197 15.879547 1.231157 5.613491 15.417723 1.909318 2.825607 14.144561 1.231157 2.825607 14.144561 0.744720 3.400251 13.569917 2.697753 1.090621 5.422197 0.744720 1.090621 5.422197 1.231157 3.179072 3.179072 1.909318 2.825607 2.825607 1.231157 1.841430 5.733192 2.697753 1.937906 11.197014 3.542801 1.398470 8.485084 3.542801 8.485084 16.488794 1.231157 8.485084 15.988917 1.909318 5.422197 15.879547 0.744720 5.422197 15.879547 1.231157 5.733192 15.128737 2.697753 3.474091 13.496077 3.542801 2.825607 2.825607 0.744720 2.825607 2.825607 1.231157 5.613491 1.552445 1.909318 5.422197 1.090621 1.231157 3.400251 3.400251 2.697753 1.937906 5.773154 3.542801 11.547971 15.879547 1.231157 11.356677 15.417723 1.909318 8.485084 16.488794 0.744720 8.485084 16.488794 1.231157 8.485084 15.676124 2.697753 5.773154 15.032262 3.542801 5.422197 1.090621 1.231157 5.422197 1.090621 0.744720 8.485084 0.981250 1.909318 8.485084 0.481374 1.231157 5.733192 1.841430 2.697753 3.474091 3.474091 3.542801 14.144561 14.144561 1.231157 13.791096 13.791096 1.909318 11.547971 15.879547 0.744720 11.547971 15.879547 1.231157 11.236976 15.128737 2.697753 8.485084 15.571697 3.542801 8.485084 0.481374 1.231157 8.485084 0.481374 0.744720 11.356677 1.552445 1.909318 11.547971 1.090621 1.231157 8.485084 1.294044 2.697753 5.773154 1.937906 3.542801 15.879547 11.547971 1.231157 15.417723 11.356677 1.909318 14.144561 14.144561 0.744720 14.144561 14.144561 1.231157 13.569917 13.569917 2.697753 11.197014 15.032262 3.542801 11.547971 1.090621 1.231157 11.547971 1.090621 0.744720 13.791096 3.179072 1.909318 14.144561 2.825607 1.231157 11.236976 1.841430 2.697753 8.485084 1.398470 3.542801 15.988917 8.485084 1.909318 16.488794 8.485084 1.231157 15.879547 11.547971 1.231157 15.879547 11.547971 0.744720 15.128737 11.236976 2.697753 13.496077 13.496077 3.542801 14.144561 2.825607 1.231157 14.144561 2.825607 0.744720 15.879547 5.422197 1.231157 15.417723 5.613491 1.909318 13.569917 3.400251 2.697753 11.197014 1.937906 3.542801 16.488794 8.485084 1.231157 16.488794 8.485084 0.744720 15.676124 8.485084 2.697753 15.032262 11.197014 3.542801 15.879547 5.422197 0.744720 15.879547 5.422197 1.231157 15.128737 5.733192 2.697753 13.496077 3.474091 3.542801 15.571697 8.485084 3.542801 15.032262 5.773154 3.542801 "
										            />
									</IndexedFaceSet>
								</Shape>
							</Group>
						</Transform>
					</Transform>
					<Transform DEF="group_63_001_TRANSFORM"
					           translation="0.000000 0.000000 0.000000"
					           scale="1.000000 1.000000 1.000000"
					           rotation="0.000000 1.000000 0.000000 0.000000"
					           >
						<Transform DEF="group_63_001_ifs_TRANSFORM"
						           translation="0.000000 0.000000 0.000000"
						           scale="1.000000 1.000000 1.000000"
						           rotation="0.000000 1.000000 0.000000 0.000000"
						           >
							<Group DEF="group_ME_ID493_001">
								<Shape>
									<Appearance>
										<Material USE="MA_material_012" />
									</Appearance>
									<IndexedFaceSet solid="false"
									                coordIndex="0 1 2 -1 1 0 3 -1 4 3 0 -1 3 4 5 -1 2 6 7 -1 6 2 1 -1 8 9 10 -1 9 8 11 -1 4 12 5 -1 12 4 13 -1 8 14 11 -1 14 8 15 -1 7 16 17 -1 16 7 6 -1 18 9 19 -1 9 18 10 -1 20 21 22 -1 21 20 23 -1 23 20 24 -1 23 24 25 -1 25 24 26 -1 25 26 27 -1 27 26 28 -1 27 28 29 -1 29 28 30 -1 29 30 31 -1 31 30 32 -1 32 30 33 -1 32 33 34 -1 34 33 35 -1 34 35 36 -1 36 35 37 -1 21 38 22 -1 38 21 39 -1 38 39 40 -1 40 39 41 -1 40 41 42 -1 42 41 43 -1 42 43 44 -1 44 43 45 -1 44 45 46 -1 44 46 47 -1 47 46 48 -1 47 48 49 -1 49 48 50 -1 49 50 51 -1 51 50 36 -1 51 36 37 -1 13 52 12 -1 52 13 53 -1 15 54 14 -1 54 15 55 -1 56 16 57 -1 16 56 17 -1 58 18 19 -1 18 58 59 -1 60 59 58 -1 59 60 61 -1 62 60 63 -1 60 62 61 -1 64 63 65 -1 63 64 62 -1 65 66 64 -1 66 65 67 -1 67 68 66 -1 68 67 69 -1 70 68 69 -1 68 70 71 -1 72 71 70 -1 71 72 73 -1 73 74 75 -1 74 73 72 -1 75 76 77 -1 76 75 74 -1 78 76 79 -1 76 78 77 -1 55 79 54 -1 79 55 78 -1 53 80 52 -1 80 53 81 -1 82 57 83 -1 57 82 56 -1 84 83 85 -1 83 84 82 -1 86 85 87 -1 85 86 84 -1 88 86 87 -1 86 88 89 -1 90 89 88 -1 89 90 91 -1 92 91 90 -1 91 92 93 -1 94 93 92 -1 93 94 95 -1 81 94 80 -1 94 81 95 -1 "
									                >
										<Coordinate DEF="coords_ME_ID493_001"
										            point="0.645889 11.732184 0.372360 0.000000 8.485084 0.000000 0.000000 8.485084 0.372360 0.645889 11.732184 0.000000 2.485224 14.484944 0.372360 2.485224 14.484944 0.000000 0.645889 5.237983 0.000000 0.645889 5.237983 0.372360 0.979438 11.594024 0.744720 0.000000 8.485084 0.372360 0.361031 8.485084 0.744720 0.645889 11.732184 0.372360 5.237983 16.324280 0.000000 5.237983 16.324280 0.372360 2.485224 14.484944 0.372360 2.740511 14.229657 0.744720 2.485224 2.485224 0.000000 2.485224 2.485224 0.372360 0.979438 5.376143 0.744720 0.645889 5.237983 0.372360 0.979438 5.376143 0.744720 0.481374 8.485084 0.744720 0.361031 8.485084 0.744720 1.090621 5.422197 0.744720 2.740511 2.740511 0.744720 2.825607 2.825607 0.744720 5.376143 0.979438 0.744720 5.422197 1.090621 0.744720 8.485084 0.361031 0.744720 8.485084 0.481374 0.744720 11.594024 0.979438 0.744720 11.547971 1.090621 0.744720 14.144561 2.825607 0.744720 14.229657 2.740511 0.744720 15.879547 5.422197 0.744720 15.990730 5.376143 0.744720 16.488794 8.485084 0.744720 16.609137 8.485084 0.744720 0.979438 11.594024 0.744720 1.090621 11.547971 0.744720 2.740511 14.229657 0.744720 2.825607 14.144561 0.744720 5.376143 15.990730 0.744720 5.422197 15.879547 0.744720 8.485084 16.609137 0.744720 8.485084 16.488794 0.744720 11.547971 15.879547 0.744720 11.594024 15.990730 0.744720 14.144561 14.144561 0.744720 14.229657 14.229657 0.744720 15.879547 11.547971 0.744720 15.990730 11.594024 0.744720 8.485084 16.970167 0.000000 8.485084 16.970167 0.372360 5.237983 16.324280 0.372360 5.376143 15.990730 0.744720 5.237983 0.645889 0.372360 5.237983 0.645889 0.000000 2.485224 2.485224 0.372360 2.740511 2.740511 0.744720 5.237983 0.645889 0.372360 5.376143 0.979438 0.744720 8.485084 0.361031 0.744720 8.485084 0.000000 0.372360 11.594024 0.979438 0.744720 11.732184 0.645889 0.372360 14.229657 2.740511 0.744720 14.484944 2.485224 0.372360 15.990730 5.376143 0.744720 16.324280 5.237983 0.372360 16.970167 8.485084 0.372360 16.609137 8.485084 0.744720 16.324280 11.732184 0.372360 15.990730 11.594024 0.744720 14.484944 14.484944 0.372360 14.229657 14.229657 0.744720 11.732184 16.324280 0.372360 11.594024 15.990730 0.744720 8.485084 16.609137 0.744720 8.485084 16.970167 0.372360 11.732184 16.324280 0.000000 11.732184 16.324280 0.372360 8.485084 0.000000 0.372360 8.485084 0.000000 0.000000 11.732184 0.645889 0.372360 11.732184 0.645889 0.000000 14.484944 2.485224 0.372360 14.484944 2.485224 0.000000 16.324280 5.237983 0.000000 16.324280 5.237983 0.372360 16.970167 8.485084 0.000000 16.970167 8.485084 0.372360 16.324280 11.732184 0.000000 16.324280 11.732184 0.372360 14.484944 14.484944 0.000000 14.484944 14.484944 0.372360 "
										            />
									</IndexedFaceSet>
								</Shape>
							</Group>
						</Transform>
					</Transform>
					<Transform DEF="group_64_TRANSFORM"
					           translation="1.398438 1.398470 3.542801"
					           scale="1.000000 1.000000 1.180792"
					           rotation="0.000000 1.000000 0.000000 0.000000"
					           >
						<Transform DEF="group_64_ifs_TRANSFORM"
						           translation="0.000000 0.000000 0.000000"
						           scale="1.000000 1.000000 1.000000"
						           rotation="0.000000 1.000000 0.000000 0.000000"
						           >
							<Group DEF="group_ME_ID500_002">
								<Shape>
									<Appearance>
										<Material USE="MA_material_012" />
									</Appearance>
									<IndexedFaceSet solid="false"
									                coordIndex="0 1 2 -1 1 0 3 -1 4 3 0 -1 3 4 5 -1 3 6 1 -1 6 3 7 -1 2 8 9 -1 8 2 1 -1 10 11 12 -1 11 10 13 -1 11 13 14 -1 14 13 15 -1 14 15 16 -1 16 15 17 -1 16 17 9 -1 9 17 18 -1 9 18 2 -1 2 18 19 -1 2 19 0 -1 0 19 20 -1 0 20 4 -1 4 20 21 -1 21 5 4 -1 5 21 22 -1 5 7 3 -1 7 5 23 -1 6 24 25 -1 24 6 7 -1 1 26 8 -1 26 1 6 -1 16 8 27 -1 8 16 9 -1 28 13 29 -1 13 28 15 -1 30 15 28 -1 15 30 17 -1 31 17 30 -1 17 31 18 -1 31 19 18 -1 19 31 32 -1 32 20 19 -1 20 32 33 -1 33 21 20 -1 21 33 22 -1 14 27 34 -1 27 14 16 -1 11 34 35 -1 34 11 14 -1 12 35 36 -1 35 12 11 -1 37 12 36 -1 12 37 10 -1 29 10 37 -1 10 29 13 -1 22 23 5 -1 23 22 38 -1 39 7 23 -1 7 39 24 -1 25 40 41 -1 40 25 24 -1 26 25 42 -1 25 26 6 -1 27 26 43 -1 26 27 8 -1 44 29 45 -1 29 44 28 -1 46 28 44 -1 28 46 30 -1 47 30 46 -1 30 47 31 -1 47 32 31 -1 32 47 48 -1 48 33 32 -1 33 48 49 -1 49 22 33 -1 22 49 38 -1 34 43 50 -1 43 34 27 -1 35 50 51 -1 50 35 34 -1 36 51 52 -1 51 36 35 -1 53 36 52 -1 36 53 37 -1 45 37 53 -1 37 45 29 -1 39 38 54 -1 38 39 23 -1 55 24 39 -1 24 55 40 -1 41 56 57 -1 56 41 40 -1 42 41 58 -1 41 42 25 -1 43 42 59 -1 42 43 26 -1 44 60 61 -1 60 44 45 -1 46 61 62 -1 61 46 44 -1 47 62 63 -1 62 47 46 -1 48 63 64 -1 63 48 47 -1 65 48 64 -1 48 65 49 -1 54 49 65 -1 49 54 38 -1 50 59 66 -1 59 50 43 -1 50 67 51 -1 67 50 66 -1 51 68 52 -1 68 51 67 -1 53 68 69 -1 68 53 52 -1 45 69 60 -1 69 45 53 -1 55 54 70 -1 54 55 39 -1 71 40 55 -1 40 71 56 -1 57 72 73 -1 72 57 56 -1 58 57 74 -1 57 58 41 -1 59 58 75 -1 58 59 42 -1 61 76 77 -1 76 61 60 -1 62 77 78 -1 77 62 61 -1 63 78 79 -1 78 63 62 -1 64 79 80 -1 79 64 63 -1 81 64 80 -1 64 81 65 -1 70 65 81 -1 65 70 54 -1 66 75 82 -1 75 66 59 -1 66 83 67 -1 83 66 82 -1 67 84 68 -1 84 67 83 -1 69 84 85 -1 84 69 68 -1 60 85 76 -1 85 60 69 -1 71 70 86 -1 70 71 55 -1 87 56 71 -1 56 87 72 -1 73 88 89 -1 88 73 72 -1 74 73 90 -1 73 74 57 -1 75 74 91 -1 74 75 58 -1 77 92 93 -1 92 77 76 -1 78 93 94 -1 93 78 77 -1 79 94 95 -1 94 79 78 -1 80 95 96 -1 95 80 79 -1 97 80 96 -1 80 97 81 -1 86 81 97 -1 81 86 70 -1 82 91 98 -1 91 82 75 -1 82 99 83 -1 99 82 98 -1 83 100 84 -1 100 83 99 -1 85 100 101 -1 100 85 84 -1 76 101 92 -1 101 76 85 -1 87 86 102 -1 86 87 71 -1 103 72 87 -1 72 103 88 -1 104 105 106 -1 105 104 107 -1 107 104 89 -1 107 89 88 -1 90 89 108 -1 89 90 73 -1 91 90 109 -1 90 91 74 -1 93 110 111 -1 110 93 92 -1 94 111 112 -1 111 94 93 -1 95 112 113 -1 112 95 94 -1 96 113 114 -1 113 96 95 -1 115 96 114 -1 96 115 97 -1 102 97 115 -1 97 102 86 -1 98 109 116 -1 109 98 91 -1 98 117 99 -1 117 98 116 -1 99 118 100 -1 118 99 117 -1 101 118 119 -1 118 101 100 -1 92 119 110 -1 119 92 101 -1 103 102 120 -1 102 103 87 -1 105 121 122 -1 121 105 103 -1 103 105 88 -1 88 105 107 -1 123 106 124 -1 106 123 104 -1 104 123 108 -1 104 108 89 -1 109 108 125 -1 108 109 90 -1 111 126 127 -1 126 111 110 -1 112 127 128 -1 127 112 111 -1 113 128 129 -1 128 113 112 -1 114 129 130 -1 129 114 113 -1 131 114 130 -1 114 131 115 -1 120 115 131 -1 115 120 102 -1 116 125 132 -1 125 116 109 -1 116 133 117 -1 133 116 132 -1 117 134 118 -1 134 117 133 -1 119 134 135 -1 134 119 118 -1 110 135 126 -1 135 110 119 -1 122 136 137 -1 136 122 120 -1 120 122 121 -1 120 121 103 -1 138 124 139 -1 124 138 123 -1 123 138 125 -1 123 125 108 -1 140 141 142 -1 141 140 143 -1 143 140 127 -1 143 127 126 -1 144 142 145 -1 142 144 140 -1 140 144 128 -1 140 128 127 -1 146 145 147 -1 145 146 144 -1 144 146 129 -1 144 129 128 -1 148 147 149 -1 147 148 146 -1 146 148 130 -1 146 130 129 -1 149 130 148 -1 130 149 131 -1 131 149 150 -1 150 149 151 -1 150 120 131 -1 120 150 151 -1 120 151 137 -1 120 137 136 -1 152 139 153 -1 139 152 138 -1 138 152 132 -1 138 132 125 -1 132 154 133 -1 154 153 155 -1 153 154 132 -1 153 132 152 -1 133 156 134 -1 156 133 157 -1 157 133 155 -1 155 133 154 -1 134 158 135 -1 158 134 159 -1 159 134 157 -1 157 134 156 -1 135 143 126 -1 143 135 141 -1 141 135 158 -1 141 158 159 -1 "
									                >
										<Coordinate DEF="coords_ME_ID500_002"
										            point="10.427276 10.427276 114.567429 9.143482 12.052330 114.512299 8.894567 11.451399 114.567429 10.887208 10.887209 114.512299 11.451399 8.894567 114.567429 12.052330 9.143482 114.512299 9.358715 12.571952 114.180954 11.284909 11.284909 114.180954 7.086615 12.461466 114.512299 7.086614 11.811023 114.567429 2.721829 5.278661 114.567429 2.721829 8.894567 114.567429 2.362205 7.086615 114.567429 3.745952 3.745952 114.567429 3.745952 10.427276 114.567429 5.278661 2.721829 114.567429 5.278661 11.451399 114.567429 7.086615 2.362205 114.567429 8.894567 2.721829 114.567429 10.427276 3.745952 114.567429 11.451399 5.278661 114.567429 11.811023 7.086615 114.567429 12.461466 7.086614 114.512299 12.571952 9.358715 114.180954 11.541951 11.541951 113.638763 9.497826 12.907792 113.638763 7.086615 13.023900 114.180954 5.029747 12.052330 114.512299 5.029747 2.120898 114.512299 3.286019 3.286019 114.512299 7.086615 1.711761 114.512299 9.143482 2.120898 114.512299 10.887209 3.286019 114.512299 12.052330 5.029747 114.512299 3.286019 10.887208 114.512299 2.120898 9.143482 114.512299 1.711761 7.086615 114.512299 2.120898 5.029747 114.512299 13.023900 7.086615 114.180954 12.907792 9.497826 113.638763 11.607643 11.607643 112.992630 9.533378 12.993624 112.992630 7.086615 13.387411 113.638763 4.814513 12.571952 114.180954 4.814513 1.601276 114.180954 2.888318 2.888319 114.180954 7.086615 1.149327 114.180954 9.358715 1.601276 114.180954 11.284909 2.888318 114.180954 12.571952 4.814513 114.180954 2.888318 11.284909 114.180954 1.601276 9.358715 114.180954 1.149327 7.086615 114.180954 1.601276 4.814513 114.180954 13.387411 7.086615 113.638763 12.993624 9.533378 112.992630 11.819219 11.819219 108.005753 9.647881 13.270060 108.005753 7.086615 13.480314 112.992630 4.675403 12.907792 113.638763 2.631277 2.631277 113.638763 4.675403 1.265436 113.638763 7.086615 0.785816 113.638763 9.497826 1.265436 113.638763 11.541951 2.631277 113.638763 12.907792 4.675403 113.638763 2.631277 11.541951 113.638763 1.265436 9.497826 113.638763 0.785816 7.086615 113.638763 1.265436 4.675403 113.638763 13.480314 7.086615 112.992630 13.270060 9.647882 108.005753 12.004810 12.004810 94.882401 9.748322 13.512548 94.882401 7.086615 13.779528 108.005753 4.639851 12.993624 112.992630 2.565585 2.565585 112.992630 4.639851 1.179605 112.992630 7.086615 0.692913 112.992630 9.533378 1.179605 112.992630 11.607643 2.565585 112.992630 12.993624 4.639851 112.992630 2.565585 11.607643 112.992630 1.179605 9.533378 112.992630 0.692913 7.086615 112.992630 1.179605 4.639851 112.992630 13.779528 7.086615 108.005753 13.512548 9.748322 94.882401 12.097608 12.097608 75.197357 9.798544 13.633792 75.197357 7.086615 14.041994 94.882401 4.525347 13.270060 108.005753 2.354010 2.354010 108.005753 4.525347 0.903168 108.005753 7.086615 0.393701 108.005753 9.647882 0.903168 108.005753 11.819219 2.354010 108.005753 13.270060 4.525347 108.005753 2.354010 11.819219 108.005753 0.903168 9.647881 108.005753 0.393701 7.086615 108.005753 0.903168 4.525347 108.005753 14.041994 7.086614 94.882401 13.633792 9.798544 75.197357 9.798544 13.633792 35.827278 12.097608 12.097608 0.000000 9.798544 13.633792 0.000000 12.097608 12.097608 35.827278 7.086615 14.173228 75.197357 4.424905 13.512548 94.882401 2.168417 2.168417 94.882401 4.424905 0.660680 94.882401 7.086615 0.131234 94.882401 9.748322 0.660680 94.882401 12.004810 2.168417 94.882401 13.512548 4.424905 94.882401 2.168417 12.004810 94.882401 0.660680 9.748322 94.882401 0.131234 7.086615 94.882401 0.660680 4.424905 94.882401 14.173227 7.086615 75.197357 13.633792 9.798544 35.827278 13.633792 9.798544 0.000000 7.086615 14.173228 35.827278 7.086615 14.173227 0.000000 4.374684 13.633792 75.197357 2.075621 2.075621 75.197357 4.374684 0.539436 75.197357 7.086615 0.000000 75.197357 9.798544 0.539436 75.197357 12.097608 2.075621 75.197357 13.633792 4.374684 75.197357 2.075621 12.097608 75.197357 0.539436 9.798544 75.197357 0.000000 7.086615 75.197357 0.539436 4.374684 75.197357 14.173227 7.086615 35.827278 14.173227 7.086615 0.000000 4.374684 13.633792 35.827278 4.374684 13.633792 0.000000 4.374684 0.539436 35.827278 2.075621 2.075621 0.000000 4.374684 0.539436 0.000000 2.075621 2.075621 35.827278 7.086615 0.000000 35.827278 7.086615 0.000000 0.000000 9.798544 0.539436 35.827278 9.798544 0.539436 0.000000 12.097608 2.075621 35.827278 12.097608 2.075621 0.000000 13.633792 4.374684 35.827278 13.633792 4.374684 0.000000 2.075621 12.097608 35.827278 2.075621 12.097608 0.000000 0.539436 9.798544 35.827278 0.539436 9.798544 0.000000 0.000000 7.086615 35.827278 0.000000 7.086615 0.000000 0.539436 4.374684 35.827278 0.539436 4.374684 0.000000 "
										            />
									</IndexedFaceSet>
								</Shape>
							</Group>
						</Transform>
					</Transform>
				</Transform>
			</Transform>
			<Transform DEF="group_65_TRANSFORM"
			           translation="3350.194580 -12.010202 -2.694531"
			           scale="1.000000 1.000000 1.000000"
			           rotation="0.000000 1.000000 0.000000 0.000000"
			           >
				<Transform DEF="group_4_002_TRANSFORM"
				           translation="0.000000 0.000000 0.000000"
				           scale="1.000000 1.000000 1.000000"
				           rotation="0.000000 1.000000 0.000000 0.000000"
				           >
					<Transform DEF="group_4_002_ifs_TRANSFORM"
					           translation="0.000000 0.000000 0.000000"
					           scale="1.000000 1.000000 1.000000"
					           rotation="0.000000 1.000000 0.000000 0.000000"
					           >
						<Group DEF="group_ME_ID508_003">
							<Shape>
								<Appearance>
									<Material USE="MA_material_012" />
								</Appearance>
								<IndexedFaceSet solid="false"
								                coordIndex="0 1 2 -1 1 0 3 -1 4 3 0 -1 3 4 5 -1 6 7 8 -1 7 6 9 -1 9 6 10 -1 9 10 11 -1 11 10 12 -1 11 12 13 -1 13 12 14 -1 13 14 15 -1 15 14 16 -1 15 16 17 -1 17 16 18 -1 17 18 19 -1 19 18 20 -1 19 20 21 -1 2 22 23 -1 22 2 1 -1 24 25 26 -1 25 24 27 -1 27 24 28 -1 27 28 29 -1 29 28 30 -1 29 30 31 -1 31 30 32 -1 31 32 33 -1 33 32 34 -1 33 34 35 -1 35 34 36 -1 36 34 37 -1 36 37 38 -1 38 37 39 -1 38 39 40 -1 40 39 41 -1 25 42 26 -1 42 25 43 -1 42 43 44 -1 44 43 45 -1 44 45 46 -1 46 45 47 -1 46 47 48 -1 48 47 49 -1 48 49 50 -1 48 50 51 -1 51 50 52 -1 51 52 53 -1 53 52 54 -1 53 54 55 -1 55 54 40 -1 55 40 41 -1 4 56 5 -1 56 4 57 -1 58 59 60 -1 59 58 61 -1 61 22 59 -1 22 61 23 -1 57 62 56 -1 62 57 63 -1 63 64 62 -1 64 63 65 -1 65 66 64 -1 66 65 67 -1 66 68 69 -1 68 66 67 -1 69 70 71 -1 70 69 68 -1 71 72 73 -1 72 71 70 -1 73 74 75 -1 74 73 72 -1 74 76 75 -1 76 74 77 -1 77 78 76 -1 78 77 79 -1 79 60 78 -1 60 79 58 -1 "
								                >
									<Coordinate DEF="coords_ME_ID508_003"
									            point="0.914222 16.606306 0.496480 0.000000 12.010202 0.000000 0.000000 12.010202 0.496480 0.914222 16.606306 0.000000 3.517707 20.502697 0.496480 3.517707 20.502697 0.000000 0.914222 16.606306 0.000000 0.914222 7.414096 0.000000 0.000000 12.010202 0.000000 3.517707 3.517707 0.000000 3.517707 20.502697 0.000000 7.414096 0.914222 0.000000 7.414096 23.106182 0.000000 12.010202 0.000000 0.000000 12.010202 24.020405 0.000000 16.606306 0.914222 0.000000 16.606306 23.106182 0.000000 20.502697 3.517707 0.000000 20.502697 20.502697 0.000000 23.106182 7.414096 0.000000 23.106182 16.606306 0.000000 24.020405 12.010202 0.000000 0.914222 7.414096 0.000000 0.914222 7.414096 0.496480 0.914222 7.414096 0.496480 0.827557 12.010202 0.496480 0.000000 12.010202 0.496480 1.678785 7.730789 0.496480 3.517707 3.517707 0.496480 4.102878 4.102878 0.496480 7.414096 0.914222 0.496480 7.730789 1.678785 0.496480 12.010202 0.000000 0.496480 12.010202 0.827557 0.496480 16.606306 0.914222 0.496480 16.289616 1.678785 0.496480 19.917524 4.102878 0.496480 20.502697 3.517707 0.496480 22.341618 7.730789 0.496480 23.106182 7.414096 0.496480 23.192846 12.010202 0.496480 24.020405 12.010202 0.496480 0.914222 16.606306 0.496480 1.678785 16.289616 0.496480 3.517707 20.502697 0.496480 4.102878 19.917524 0.496480 7.414096 23.106182 0.496480 7.730789 22.341618 0.496480 12.010202 24.020405 0.496480 12.010202 23.192846 0.496480 16.289616 22.341618 0.496480 16.606306 23.106182 0.496480 19.917524 19.917524 0.496480 20.502697 20.502697 0.496480 22.341618 16.289614 0.496480 23.106182 16.606306 0.496480 7.414096 23.106182 0.000000 7.414096 23.106182 0.496480 7.414096 0.914222 0.496480 3.517707 3.517707 0.000000 7.414096 0.914222 0.000000 3.517707 3.517707 0.496480 12.010202 24.020405 0.000000 12.010202 24.020405 0.496480 16.606306 23.106182 0.000000 16.606306 23.106182 0.496480 20.502697 20.502697 0.000000 20.502697 20.502697 0.496480 23.106182 16.606306 0.496480 23.106182 16.606306 0.000000 24.020405 12.010202 0.496480 24.020405 12.010202 0.000000 23.106182 7.414096 0.496480 23.106182 7.414096 0.000000 20.502697 3.517707 0.496480 20.502697 3.517707 0.000000 16.606306 0.914222 0.000000 16.606306 0.914222 0.496480 12.010202 0.000000 0.000000 12.010202 0.000000 0.496480 "
									            />
								</IndexedFaceSet>
							</Shape>
						</Group>
					</Transform>
				</Transform>
				<Transform DEF="group_4_003_TRANSFORM"
				           translation="0.000000 0.000000 0.000000"
				           scale="1.000000 1.000000 1.000000"
				           rotation="0.000000 1.000000 0.000000 0.000000"
				           >
					<Transform DEF="group_4_003_ifs_TRANSFORM"
					           translation="0.000000 0.000000 0.000000"
					           scale="1.000000 1.000000 1.000000"
					           rotation="0.000000 1.000000 0.000000 0.000000"
					           >
						<Group DEF="group_ME_ID514_005">
							<Shape>
								<Appearance>
									<Material USE="MA_material_012" />
								</Appearance>
								<IndexedFaceSet solid="false"
								                coordIndex="0 1 2 -1 1 0 3 -1 4 3 0 -1 3 4 5 -1 3 6 1 -1 6 3 7 -1 2 8 9 -1 8 2 1 -1 10 11 12 -1 11 10 13 -1 13 10 14 -1 14 10 15 -1 14 15 16 -1 16 15 17 -1 16 17 18 -1 18 17 19 -1 18 19 20 -1 20 19 21 -1 20 21 22 -1 22 21 23 -1 23 21 24 -1 23 24 25 -1 25 24 26 -1 25 26 27 -1 11 28 29 -1 28 11 13 -1 29 28 30 -1 29 30 31 -1 31 30 32 -1 31 32 33 -1 33 32 34 -1 33 34 35 -1 33 35 36 -1 36 35 37 -1 36 37 38 -1 38 37 39 -1 38 39 40 -1 40 39 27 -1 40 27 26 -1 40 26 41 -1 42 4 43 -1 4 42 5 -1 7 5 44 -1 5 7 3 -1 45 6 7 -1 6 45 46 -1 1 47 8 -1 47 1 6 -1 9 48 49 -1 48 9 8 -1 50 51 52 -1 51 50 53 -1 54 53 50 -1 53 54 55 -1 56 55 54 -1 55 56 57 -1 58 57 56 -1 57 58 59 -1 60 59 58 -1 59 60 61 -1 60 62 61 -1 62 60 63 -1 63 43 62 -1 43 63 42 -1 64 48 65 -1 48 64 49 -1 66 65 67 -1 65 66 64 -1 68 67 69 -1 67 68 66 -1 51 69 52 -1 69 51 68 -1 44 42 70 -1 42 44 5 -1 45 44 71 -1 44 45 7 -1 47 46 72 -1 46 47 6 -1 48 47 73 -1 47 48 8 -1 50 74 75 -1 74 50 52 -1 76 50 75 -1 50 76 54 -1 77 54 76 -1 54 77 56 -1 58 77 78 -1 77 58 56 -1 60 78 79 -1 78 60 58 -1 79 63 60 -1 63 79 80 -1 80 42 63 -1 42 80 70 -1 65 73 81 -1 73 65 48 -1 67 81 82 -1 81 67 65 -1 69 82 83 -1 82 69 67 -1 69 74 52 -1 74 69 83 -1 71 70 84 -1 70 71 44 -1 73 72 85 -1 72 73 47 -1 75 86 87 -1 86 75 74 -1 76 87 88 -1 87 76 75 -1 77 88 89 -1 88 77 76 -1 78 89 90 -1 89 78 77 -1 79 90 91 -1 90 79 78 -1 80 91 92 -1 91 80 79 -1 84 80 92 -1 80 84 70 -1 81 85 93 -1 85 81 73 -1 82 93 94 -1 93 82 81 -1 82 95 83 -1 95 82 94 -1 83 86 74 -1 86 83 95 -1 "
								                >
									<Coordinate DEF="coords_ME_ID514_005"
									            point="20.502298 15.527744 2.694531 19.085697 19.085697 2.118207 18.509771 18.509771 2.694531 21.254782 15.839433 2.118207 21.201981 12.010202 2.694531 22.016464 12.010202 2.118207 19.562479 19.562479 1.373765 21.877728 16.097466 1.373765 15.839433 21.254782 2.118207 15.527744 20.502298 2.694531 3.518105 8.492661 2.694531 3.518105 15.527744 2.694531 2.818422 12.010202 2.694531 3.525118 12.010202 2.694531 4.171007 8.763102 2.694531 5.510632 5.510632 2.694531 6.010342 6.010342 2.694531 8.492661 3.518105 2.694531 8.763102 4.171007 2.694531 12.010202 2.818422 2.694531 12.010202 3.525118 2.694531 15.527744 3.518105 2.694531 15.257302 4.171007 2.694531 18.010061 6.010342 2.694531 18.509771 5.510632 2.694531 19.849398 8.763102 2.694531 20.502298 8.492661 2.694531 20.495285 12.010202 2.694531 4.171007 15.257302 2.694531 5.510632 18.509771 2.694531 6.010342 18.010061 2.694531 8.492661 20.502298 2.694531 8.763101 19.849398 2.694531 12.010202 21.201981 2.694531 12.010202 20.495285 2.694531 15.257302 19.849398 2.694531 15.527744 20.502298 2.694531 18.010061 18.010061 2.694531 18.509771 18.509771 2.694531 19.849398 15.257302 2.694531 20.502298 15.527744 2.694531 21.201981 12.010202 2.694531 21.254782 8.180971 2.118207 20.502298 8.492661 2.694531 22.690733 12.010202 1.373765 22.341618 16.289614 0.496480 19.917524 19.917524 0.496480 16.097466 21.877728 1.373765 12.010202 22.016464 2.118207 12.010202 21.201981 2.694531 2.765622 8.180971 2.118207 2.818422 12.010202 2.694531 2.003941 12.010202 2.118207 3.518105 8.492661 2.694531 4.934707 4.934707 2.118207 5.510632 5.510632 2.694531 8.180971 2.765622 2.118207 8.492661 3.518105 2.694531 12.010202 2.003941 2.118207 12.010202 2.818422 2.694531 15.839433 2.765622 2.118207 15.527744 3.518105 2.694531 18.509771 5.510632 2.694531 19.085697 4.934707 2.118207 8.492661 20.502298 2.694531 8.180971 21.254782 2.118207 5.510632 18.509771 2.694531 4.934707 19.085697 2.118207 3.518105 15.527744 2.694531 2.765622 15.839433 2.118207 21.877728 7.922939 1.373765 23.192846 12.010202 0.496480 16.289616 22.341618 0.496480 12.010202 22.690733 1.373765 1.329669 12.010202 1.373765 2.142676 7.922939 1.373765 4.457925 4.457925 1.373765 7.922939 2.142676 1.373765 12.010202 1.329669 1.373765 16.097466 2.142676 1.373765 19.562479 4.457925 1.373765 7.922939 21.877728 1.373765 4.457925 19.562479 1.373765 2.142676 16.097466 1.373765 22.341618 7.730789 0.496480 12.010202 23.192846 0.496480 0.827557 12.010202 0.496480 1.678785 7.730789 0.496480 4.102878 4.102878 0.496480 7.730789 1.678785 0.496480 12.010202 0.827557 0.496480 16.289616 1.678785 0.496480 19.917524 4.102878 0.496480 7.730789 22.341618 0.496480 4.102878 19.917524 0.496480 1.678785 16.289616 0.496480 "
									            />
								</IndexedFaceSet>
							</Shape>
						</Group>
					</Transform>
				</Transform>
				<Transform DEF="group_5_001_TRANSFORM"
				           translation="3.525146 3.525118 2.694531"
				           scale="1.000000 1.000000 1.035714"
				           rotation="0.000000 1.000000 0.000000 0.000000"
				           >
					<Transform DEF="group_6_002_TRANSFORM"
					           translation="0.000000 0.000000 0.000000"
					           scale="1.000000 1.000000 1.000000"
					           rotation="0.000000 1.000000 0.000000 0.000000"
					           >
						<Transform DEF="group_6_002_ifs_TRANSFORM"
						           translation="0.000000 0.000000 0.000000"
						           scale="1.000000 1.000000 1.000000"
						           rotation="0.000000 1.000000 0.000000 0.000000"
						           >
							<Group DEF="group_ME_ID522_002">
								<Shape>
									<Appearance>
										<Material USE="MA_material_012" />
									</Appearance>
									<IndexedFaceSet solid="false"
									                coordIndex="0 1 2 -1 1 0 3 -1 4 3 0 -1 3 4 5 -1 6 7 8 -1 7 6 9 -1 10 1 11 -1 1 10 2 -1 12 2 13 -1 2 12 0 -1 4 14 5 -1 14 4 15 -1 16 9 6 -1 9 16 17 -1 18 0 12 -1 0 18 4 -1 8 19 20 -1 19 8 7 -1 21 11 22 -1 11 21 10 -1 23 2 10 -1 2 23 13 -1 24 13 25 -1 13 24 12 -1 15 26 14 -1 26 15 27 -1 16 28 17 -1 28 16 29 -1 18 15 4 -1 15 18 30 -1 31 12 24 -1 12 31 18 -1 20 32 33 -1 32 20 19 -1 34 22 35 -1 22 34 21 -1 36 10 21 -1 10 36 23 -1 37 13 23 -1 13 37 25 -1 27 38 26 -1 38 27 39 -1 29 40 28 -1 40 29 41 -1 30 27 15 -1 27 30 42 -1 31 30 18 -1 30 31 43 -1 44 32 45 -1 32 44 33 -1 46 35 47 -1 35 46 34 -1 48 21 34 -1 21 48 36 -1 49 23 36 -1 23 49 37 -1 39 50 38 -1 50 39 51 -1 41 52 40 -1 52 41 53 -1 42 39 27 -1 39 42 54 -1 43 42 30 -1 42 43 55 -1 56 45 57 -1 45 56 44 -1 58 47 59 -1 47 58 46 -1 60 34 46 -1 34 60 48 -1 61 36 48 -1 36 61 49 -1 62 51 63 -1 51 62 50 -1 53 64 52 -1 64 53 65 -1 54 51 39 -1 51 54 66 -1 55 54 42 -1 54 55 67 -1 68 57 69 -1 57 68 56 -1 70 59 71 -1 59 70 58 -1 72 46 58 -1 46 72 60 -1 73 48 60 -1 48 73 61 -1 62 74 75 -1 74 62 63 -1 64 76 77 -1 76 64 65 -1 63 66 78 -1 66 63 51 -1 67 66 54 -1 66 67 79 -1 80 69 81 -1 69 80 68 -1 82 70 71 -1 70 82 83 -1 84 58 70 -1 58 84 72 -1 85 60 72 -1 60 85 73 -1 75 83 82 -1 83 75 74 -1 77 86 87 -1 86 77 76 -1 63 88 74 -1 88 63 78 -1 78 79 89 -1 79 78 66 -1 90 80 81 -1 80 90 91 -1 83 84 70 -1 84 83 92 -1 93 72 84 -1 72 93 85 -1 87 91 90 -1 91 87 86 -1 74 92 83 -1 92 74 88 -1 78 94 88 -1 94 78 89 -1 92 93 84 -1 93 92 95 -1 88 95 92 -1 95 88 94 -1 "
									                >
										<Coordinate DEF="coords_ME_ID522_002"
										            point="1.552445 11.356677 1.909318 0.481374 8.485084 1.231157 0.981250 8.485084 1.909318 1.090621 11.547971 1.231157 3.179072 13.791096 1.909318 2.825607 14.144561 1.231157 1.090621 11.547971 1.231157 0.481374 8.485084 0.744720 0.481374 8.485084 1.231157 1.090621 11.547971 0.744720 1.552445 5.613491 1.909318 1.090621 5.422197 1.231157 1.841430 11.236976 2.697753 1.294044 8.485084 2.697753 5.422197 15.879547 1.231157 5.613491 15.417723 1.909318 2.825607 14.144561 1.231157 2.825607 14.144561 0.744720 3.400251 13.569917 2.697753 1.090621 5.422197 0.744720 1.090621 5.422197 1.231157 3.179072 3.179072 1.909318 2.825607 2.825607 1.231157 1.841430 5.733192 2.697753 1.937906 11.197014 3.542801 1.398470 8.485084 3.542801 8.485084 16.488794 1.231157 8.485084 15.988917 1.909318 5.422197 15.879547 0.744720 5.422197 15.879547 1.231157 5.733192 15.128737 2.697753 3.474091 13.496077 3.542801 2.825607 2.825607 0.744720 2.825607 2.825607 1.231157 5.613491 1.552445 1.909318 5.422197 1.090621 1.231157 3.400251 3.400251 2.697753 1.937906 5.773154 3.542801 11.547971 15.879547 1.231157 11.356677 15.417723 1.909318 8.485084 16.488794 0.744720 8.485084 16.488794 1.231157 8.485084 15.676124 2.697753 5.773154 15.032262 3.542801 5.422197 1.090621 1.231157 5.422197 1.090621 0.744720 8.485084 0.981250 1.909318 8.485084 0.481374 1.231157 5.733192 1.841430 2.697753 3.474091 3.474091 3.542801 14.144561 14.144561 1.231157 13.791096 13.791096 1.909318 11.547971 15.879547 0.744720 11.547971 15.879547 1.231157 11.236976 15.128737 2.697753 8.485084 15.571697 3.542801 8.485084 0.481374 1.231157 8.485084 0.481374 0.744720 11.356677 1.552445 1.909318 11.547971 1.090621 1.231157 8.485084 1.294044 2.697753 5.773154 1.937906 3.542801 15.879547 11.547971 1.231157 15.417723 11.356677 1.909318 14.144561 14.144561 0.744720 14.144561 14.144561 1.231157 13.569917 13.569917 2.697753 11.197014 15.032262 3.542801 11.547971 1.090621 1.231157 11.547971 1.090621 0.744720 13.791096 3.179072 1.909318 14.144561 2.825607 1.231157 11.236976 1.841430 2.697753 8.485084 1.398470 3.542801 15.988917 8.485084 1.909318 16.488794 8.485084 1.231157 15.879547 11.547971 1.231157 15.879547 11.547971 0.744720 15.128737 11.236976 2.697753 13.496077 13.496077 3.542801 14.144561 2.825607 1.231157 14.144561 2.825607 0.744720 15.879547 5.422197 1.231157 15.417723 5.613491 1.909318 13.569917 3.400251 2.697753 11.197014 1.937906 3.542801 16.488794 8.485084 1.231157 16.488794 8.485084 0.744720 15.676124 8.485084 2.697753 15.032262 11.197014 3.542801 15.879547 5.422197 0.744720 15.879547 5.422197 1.231157 15.128737 5.733192 2.697753 13.496077 3.474091 3.542801 15.571697 8.485084 3.542801 15.032262 5.773154 3.542801 "
										            />
									</IndexedFaceSet>
								</Shape>
							</Group>
						</Transform>
					</Transform>
					<Transform DEF="group_6_003_TRANSFORM"
					           translation="0.000000 0.000000 0.000000"
					           scale="1.000000 1.000000 1.000000"
					           rotation="0.000000 1.000000 0.000000 0.000000"
					           >
						<Transform DEF="group_6_003_ifs_TRANSFORM"
						           translation="0.000000 0.000000 0.000000"
						           scale="1.000000 1.000000 1.000000"
						           rotation="0.000000 1.000000 0.000000 0.000000"
						           >
							<Group DEF="group_ME_ID528_002">
								<Shape>
									<Appearance>
										<Material USE="MA_material_012" />
									</Appearance>
									<IndexedFaceSet solid="false"
									                coordIndex="0 1 2 -1 1 0 3 -1 4 3 0 -1 3 4 5 -1 2 6 7 -1 6 2 1 -1 8 9 10 -1 9 8 11 -1 4 12 5 -1 12 4 13 -1 8 14 11 -1 14 8 15 -1 7 16 17 -1 16 7 6 -1 18 9 19 -1 9 18 10 -1 20 21 22 -1 21 20 23 -1 23 20 24 -1 23 24 25 -1 25 24 26 -1 25 26 27 -1 27 26 28 -1 27 28 29 -1 29 28 30 -1 29 30 31 -1 31 30 32 -1 32 30 33 -1 32 33 34 -1 34 33 35 -1 34 35 36 -1 36 35 37 -1 21 38 22 -1 38 21 39 -1 38 39 40 -1 40 39 41 -1 40 41 42 -1 42 41 43 -1 42 43 44 -1 44 43 45 -1 44 45 46 -1 44 46 47 -1 47 46 48 -1 47 48 49 -1 49 48 50 -1 49 50 51 -1 51 50 36 -1 51 36 37 -1 13 52 12 -1 52 13 53 -1 15 54 14 -1 54 15 55 -1 56 16 57 -1 16 56 17 -1 58 18 19 -1 18 58 59 -1 60 59 58 -1 59 60 61 -1 62 60 63 -1 60 62 61 -1 64 63 65 -1 63 64 62 -1 65 66 64 -1 66 65 67 -1 67 68 66 -1 68 67 69 -1 70 68 69 -1 68 70 71 -1 72 71 70 -1 71 72 73 -1 73 74 75 -1 74 73 72 -1 75 76 77 -1 76 75 74 -1 78 76 79 -1 76 78 77 -1 55 79 54 -1 79 55 78 -1 53 80 52 -1 80 53 81 -1 82 57 83 -1 57 82 56 -1 84 83 85 -1 83 84 82 -1 86 85 87 -1 85 86 84 -1 88 86 87 -1 86 88 89 -1 90 89 88 -1 89 90 91 -1 92 91 90 -1 91 92 93 -1 94 93 92 -1 93 94 95 -1 81 94 80 -1 94 81 95 -1 "
									                >
										<Coordinate DEF="coords_ME_ID528_002"
										            point="0.645889 11.732184 0.372360 0.000000 8.485084 0.000000 0.000000 8.485084 0.372360 0.645889 11.732184 0.000000 2.485224 14.484944 0.372360 2.485224 14.484944 0.000000 0.645889 5.237983 0.000000 0.645889 5.237983 0.372360 0.979438 11.594024 0.744720 0.000000 8.485084 0.372360 0.361031 8.485084 0.744720 0.645889 11.732184 0.372360 5.237983 16.324280 0.000000 5.237983 16.324280 0.372360 2.485224 14.484944 0.372360 2.740511 14.229657 0.744720 2.485224 2.485224 0.000000 2.485224 2.485224 0.372360 0.979438 5.376143 0.744720 0.645889 5.237983 0.372360 0.979438 5.376143 0.744720 0.481374 8.485084 0.744720 0.361031 8.485084 0.744720 1.090621 5.422197 0.744720 2.740511 2.740511 0.744720 2.825607 2.825607 0.744720 5.376143 0.979438 0.744720 5.422197 1.090621 0.744720 8.485084 0.361031 0.744720 8.485084 0.481374 0.744720 11.594024 0.979438 0.744720 11.547971 1.090621 0.744720 14.144561 2.825607 0.744720 14.229657 2.740511 0.744720 15.879547 5.422197 0.744720 15.990730 5.376143 0.744720 16.488794 8.485084 0.744720 16.609137 8.485084 0.744720 0.979438 11.594024 0.744720 1.090621 11.547971 0.744720 2.740511 14.229657 0.744720 2.825607 14.144561 0.744720 5.376143 15.990730 0.744720 5.422197 15.879547 0.744720 8.485084 16.609137 0.744720 8.485084 16.488794 0.744720 11.547971 15.879547 0.744720 11.594024 15.990730 0.744720 14.144561 14.144561 0.744720 14.229657 14.229657 0.744720 15.879547 11.547971 0.744720 15.990730 11.594024 0.744720 8.485084 16.970167 0.000000 8.485084 16.970167 0.372360 5.237983 16.324280 0.372360 5.376143 15.990730 0.744720 5.237983 0.645889 0.372360 5.237983 0.645889 0.000000 2.485224 2.485224 0.372360 2.740511 2.740511 0.744720 5.237983 0.645889 0.372360 5.376143 0.979438 0.744720 8.485084 0.361031 0.744720 8.485084 0.000000 0.372360 11.594024 0.979438 0.744720 11.732184 0.645889 0.372360 14.229657 2.740511 0.744720 14.484944 2.485224 0.372360 15.990730 5.376143 0.744720 16.324280 5.237983 0.372360 16.970167 8.485084 0.372360 16.609137 8.485084 0.744720 16.324280 11.732184 0.372360 15.990730 11.594024 0.744720 14.484944 14.484944 0.372360 14.229657 14.229657 0.744720 11.732184 16.324280 0.372360 11.594024 15.990730 0.744720 8.485084 16.609137 0.744720 8.485084 16.970167 0.372360 11.732184 16.324280 0.000000 11.732184 16.324280 0.372360 8.485084 0.000000 0.372360 8.485084 0.000000 0.000000 11.732184 0.645889 0.372360 11.732184 0.645889 0.000000 14.484944 2.485224 0.372360 14.484944 2.485224 0.000000 16.324280 5.237983 0.000000 16.324280 5.237983 0.372360 16.970167 8.485084 0.000000 16.970167 8.485084 0.372360 16.324280 11.732184 0.000000 16.324280 11.732184 0.372360 14.484944 14.484944 0.000000 14.484944 14.484944 0.372360 "
										            />
									</IndexedFaceSet>
								</Shape>
							</Group>
						</Transform>
					</Transform>
					<Transform DEF="group_7_001_TRANSFORM"
					           translation="1.398438 1.398470 3.542801"
					           scale="1.000000 1.000000 0.931272"
					           rotation="0.000000 1.000000 0.000000 0.000000"
					           >
						<Transform DEF="group_7_001_ifs_TRANSFORM"
						           translation="0.000000 0.000000 0.000000"
						           scale="1.000000 1.000000 1.000000"
						           rotation="0.000000 1.000000 0.000000 0.000000"
						           >
							<Group DEF="group_ME_ID535_003">
								<Shape>
									<Appearance>
										<Material USE="MA_material_012" />
									</Appearance>
									<IndexedFaceSet solid="false"
									                coordIndex="0 1 2 -1 1 0 3 -1 4 3 0 -1 3 4 5 -1 3 6 1 -1 6 3 7 -1 2 8 9 -1 8 2 1 -1 10 11 12 -1 11 10 13 -1 11 13 14 -1 14 13 15 -1 14 15 16 -1 16 15 17 -1 16 17 9 -1 9 17 18 -1 9 18 2 -1 2 18 19 -1 2 19 0 -1 0 19 20 -1 0 20 4 -1 4 20 21 -1 21 5 4 -1 5 21 22 -1 5 7 3 -1 7 5 23 -1 6 24 25 -1 24 6 7 -1 1 26 8 -1 26 1 6 -1 16 8 27 -1 8 16 9 -1 28 13 29 -1 13 28 15 -1 30 15 28 -1 15 30 17 -1 31 17 30 -1 17 31 18 -1 31 19 18 -1 19 31 32 -1 32 20 19 -1 20 32 33 -1 33 21 20 -1 21 33 22 -1 14 27 34 -1 27 14 16 -1 11 34 35 -1 34 11 14 -1 12 35 36 -1 35 12 11 -1 37 12 36 -1 12 37 10 -1 29 10 37 -1 10 29 13 -1 22 23 5 -1 23 22 38 -1 39 7 23 -1 7 39 24 -1 25 40 41 -1 40 25 24 -1 26 25 42 -1 25 26 6 -1 27 26 43 -1 26 27 8 -1 44 29 45 -1 29 44 28 -1 46 28 44 -1 28 46 30 -1 47 30 46 -1 30 47 31 -1 47 32 31 -1 32 47 48 -1 48 33 32 -1 33 48 49 -1 49 22 33 -1 22 49 38 -1 34 43 50 -1 43 34 27 -1 35 50 51 -1 50 35 34 -1 36 51 52 -1 51 36 35 -1 53 36 52 -1 36 53 37 -1 45 37 53 -1 37 45 29 -1 39 38 54 -1 38 39 23 -1 55 24 39 -1 24 55 40 -1 41 56 57 -1 56 41 40 -1 42 41 58 -1 41 42 25 -1 43 42 59 -1 42 43 26 -1 44 60 61 -1 60 44 45 -1 46 61 62 -1 61 46 44 -1 47 62 63 -1 62 47 46 -1 48 63 64 -1 63 48 47 -1 65 48 64 -1 48 65 49 -1 54 49 65 -1 49 54 38 -1 50 59 66 -1 59 50 43 -1 50 67 51 -1 67 50 66 -1 51 68 52 -1 68 51 67 -1 53 68 69 -1 68 53 52 -1 45 69 60 -1 69 45 53 -1 55 54 70 -1 54 55 39 -1 71 40 55 -1 40 71 56 -1 57 72 73 -1 72 57 56 -1 58 57 74 -1 57 58 41 -1 59 58 75 -1 58 59 42 -1 61 76 77 -1 76 61 60 -1 62 77 78 -1 77 62 61 -1 63 78 79 -1 78 63 62 -1 64 79 80 -1 79 64 63 -1 81 64 80 -1 64 81 65 -1 70 65 81 -1 65 70 54 -1 66 75 82 -1 75 66 59 -1 66 83 67 -1 83 66 82 -1 67 84 68 -1 84 67 83 -1 69 84 85 -1 84 69 68 -1 60 85 76 -1 85 60 69 -1 71 70 86 -1 70 71 55 -1 87 56 71 -1 56 87 72 -1 73 88 89 -1 88 73 72 -1 74 73 90 -1 73 74 57 -1 75 74 91 -1 74 75 58 -1 77 92 93 -1 92 77 76 -1 78 93 94 -1 93 78 77 -1 79 94 95 -1 94 79 78 -1 80 95 96 -1 95 80 79 -1 97 80 96 -1 80 97 81 -1 86 81 97 -1 81 86 70 -1 82 91 98 -1 91 82 75 -1 82 99 83 -1 99 82 98 -1 83 100 84 -1 100 83 99 -1 85 100 101 -1 100 85 84 -1 76 101 92 -1 101 76 85 -1 87 86 102 -1 86 87 71 -1 103 72 87 -1 72 103 88 -1 104 105 106 -1 105 104 107 -1 107 104 89 -1 107 89 88 -1 90 89 108 -1 89 90 73 -1 91 90 109 -1 90 91 74 -1 93 110 111 -1 110 93 92 -1 94 111 112 -1 111 94 93 -1 95 112 113 -1 112 95 94 -1 96 113 114 -1 113 96 95 -1 115 96 114 -1 96 115 97 -1 102 97 115 -1 97 102 86 -1 98 109 116 -1 109 98 91 -1 98 117 99 -1 117 98 116 -1 99 118 100 -1 118 99 117 -1 101 118 119 -1 118 101 100 -1 92 119 110 -1 119 92 101 -1 103 102 120 -1 102 103 87 -1 105 121 122 -1 121 105 103 -1 103 105 88 -1 88 105 107 -1 123 106 124 -1 106 123 104 -1 104 123 108 -1 104 108 89 -1 109 108 125 -1 108 109 90 -1 111 126 127 -1 126 111 110 -1 112 127 128 -1 127 112 111 -1 113 128 129 -1 128 113 112 -1 114 129 130 -1 129 114 113 -1 131 114 130 -1 114 131 115 -1 120 115 131 -1 115 120 102 -1 116 125 132 -1 125 116 109 -1 116 133 117 -1 133 116 132 -1 117 134 118 -1 134 117 133 -1 119 134 135 -1 134 119 118 -1 110 135 126 -1 135 110 119 -1 122 136 137 -1 136 122 120 -1 120 122 121 -1 120 121 103 -1 138 124 139 -1 124 138 123 -1 123 138 125 -1 123 125 108 -1 140 141 142 -1 141 140 143 -1 143 140 127 -1 143 127 126 -1 144 142 145 -1 142 144 140 -1 140 144 128 -1 140 128 127 -1 146 145 147 -1 145 146 144 -1 144 146 129 -1 144 129 128 -1 148 147 149 -1 147 148 146 -1 146 148 130 -1 146 130 129 -1 149 130 148 -1 130 149 131 -1 131 149 150 -1 150 149 151 -1 150 120 131 -1 120 150 151 -1 120 151 137 -1 120 137 136 -1 152 139 153 -1 139 152 138 -1 138 152 132 -1 138 132 125 -1 132 154 133 -1 154 153 155 -1 153 154 132 -1 153 132 152 -1 133 156 134 -1 156 133 157 -1 157 133 155 -1 155 133 154 -1 134 158 135 -1 158 134 159 -1 159 134 157 -1 157 134 156 -1 135 143 126 -1 143 135 141 -1 141 135 158 -1 141 158 159 -1 "
									                >
										<Coordinate DEF="coords_ME_ID535_003"
										            point="10.427276 10.427276 114.567429 9.143482 12.052330 114.512299 8.894567 11.451399 114.567429 10.887208 10.887209 114.512299 11.451399 8.894567 114.567429 12.052330 9.143482 114.512299 9.358715 12.571952 114.180954 11.284909 11.284909 114.180954 7.086615 12.461466 114.512299 7.086614 11.811023 114.567429 2.721829 5.278661 114.567429 2.721829 8.894567 114.567429 2.362205 7.086615 114.567429 3.745952 3.745952 114.567429 3.745952 10.427276 114.567429 5.278661 2.721829 114.567429 5.278661 11.451399 114.567429 7.086615 2.362205 114.567429 8.894567 2.721829 114.567429 10.427276 3.745952 114.567429 11.451399 5.278661 114.567429 11.811023 7.086615 114.567429 12.461466 7.086614 114.512299 12.571952 9.358715 114.180954 11.541951 11.541951 113.638763 9.497826 12.907792 113.638763 7.086615 13.023900 114.180954 5.029747 12.052330 114.512299 5.029747 2.120898 114.512299 3.286019 3.286019 114.512299 7.086615 1.711761 114.512299 9.143482 2.120898 114.512299 10.887209 3.286019 114.512299 12.052330 5.029747 114.512299 3.286019 10.887208 114.512299 2.120898 9.143482 114.512299 1.711761 7.086615 114.512299 2.120898 5.029747 114.512299 13.023900 7.086615 114.180954 12.907792 9.497826 113.638763 11.607643 11.607643 112.992630 9.533378 12.993624 112.992630 7.086615 13.387411 113.638763 4.814513 12.571952 114.180954 4.814513 1.601276 114.180954 2.888318 2.888319 114.180954 7.086615 1.149327 114.180954 9.358715 1.601276 114.180954 11.284909 2.888318 114.180954 12.571952 4.814513 114.180954 2.888318 11.284909 114.180954 1.601276 9.358715 114.180954 1.149327 7.086615 114.180954 1.601276 4.814513 114.180954 13.387411 7.086615 113.638763 12.993624 9.533378 112.992630 11.819219 11.819219 108.005753 9.647881 13.270060 108.005753 7.086615 13.480314 112.992630 4.675403 12.907792 113.638763 2.631277 2.631277 113.638763 4.675403 1.265436 113.638763 7.086615 0.785816 113.638763 9.497826 1.265436 113.638763 11.541951 2.631277 113.638763 12.907792 4.675403 113.638763 2.631277 11.541951 113.638763 1.265436 9.497826 113.638763 0.785816 7.086615 113.638763 1.265436 4.675403 113.638763 13.480314 7.086615 112.992630 13.270060 9.647882 108.005753 12.004810 12.004810 94.882401 9.748322 13.512548 94.882401 7.086615 13.779528 108.005753 4.639851 12.993624 112.992630 2.565585 2.565585 112.992630 4.639851 1.179605 112.992630 7.086615 0.692913 112.992630 9.533378 1.179605 112.992630 11.607643 2.565585 112.992630 12.993624 4.639851 112.992630 2.565585 11.607643 112.992630 1.179605 9.533378 112.992630 0.692913 7.086615 112.992630 1.179605 4.639851 112.992630 13.779528 7.086615 108.005753 13.512548 9.748322 94.882401 12.097608 12.097608 75.197357 9.798544 13.633792 75.197357 7.086615 14.041994 94.882401 4.525347 13.270060 108.005753 2.354010 2.354010 108.005753 4.525347 0.903168 108.005753 7.086615 0.393701 108.005753 9.647882 0.903168 108.005753 11.819219 2.354010 108.005753 13.270060 4.525347 108.005753 2.354010 11.819219 108.005753 0.903168 9.647881 108.005753 0.393701 7.086615 108.005753 0.903168 4.525347 108.005753 14.041994 7.086614 94.882401 13.633792 9.798544 75.197357 9.798544 13.633792 35.827278 12.097608 12.097608 0.000000 9.798544 13.633792 0.000000 12.097608 12.097608 35.827278 7.086615 14.173228 75.197357 4.424905 13.512548 94.882401 2.168417 2.168417 94.882401 4.424905 0.660680 94.882401 7.086615 0.131234 94.882401 9.748322 0.660680 94.882401 12.004810 2.168417 94.882401 13.512548 4.424905 94.882401 2.168417 12.004810 94.882401 0.660680 9.748322 94.882401 0.131234 7.086615 94.882401 0.660680 4.424905 94.882401 14.173227 7.086615 75.197357 13.633792 9.798544 35.827278 13.633792 9.798544 0.000000 7.086615 14.173228 35.827278 7.086615 14.173227 0.000000 4.374684 13.633792 75.197357 2.075621 2.075621 75.197357 4.374684 0.539436 75.197357 7.086615 0.000000 75.197357 9.798544 0.539436 75.197357 12.097608 2.075621 75.197357 13.633792 4.374684 75.197357 2.075621 12.097608 75.197357 0.539436 9.798544 75.197357 0.000000 7.086615 75.197357 0.539436 4.374684 75.197357 14.173227 7.086615 35.827278 14.173227 7.086615 0.000000 4.374684 13.633792 35.827278 4.374684 13.633792 0.000000 4.374684 0.539436 35.827278 2.075621 2.075621 0.000000 4.374684 0.539436 0.000000 2.075621 2.075621 35.827278 7.086615 0.000000 35.827278 7.086615 0.000000 0.000000 9.798544 0.539436 35.827278 9.798544 0.539436 0.000000 12.097608 2.075621 35.827278 12.097608 2.075621 0.000000 13.633792 4.374684 35.827278 13.633792 4.374684 0.000000 2.075621 12.097608 35.827278 2.075621 12.097608 0.000000 0.539436 9.798544 35.827278 0.539436 9.798544 0.000000 0.000000 7.086615 35.827278 0.000000 7.086615 0.000000 0.539436 4.374684 35.827278 0.539436 4.374684 0.000000 "
										            />
									</IndexedFaceSet>
								</Shape>
							</Group>
						</Transform>
					</Transform>
				</Transform>
			</Transform>
			<Transform DEF="group_66_TRANSFORM"
			           translation="3407.480225 -27.706594 -0.391888"
			           scale="1.000000 1.000000 1.000000"
			           rotation="0.000000 1.000000 0.000000 0.000000"
			           >
				<Transform DEF="group_66_ifs_TRANSFORM"
				           translation="0.000000 0.000000 0.000000"
				           scale="1.000000 1.000000 1.000000"
				           rotation="0.000000 1.000000 0.000000 0.000000"
				           >
					<Group DEF="group_ME_ID542_002">
						<Shape>
							<Appearance>
								<Material USE="MA_material_012" />
							</Appearance>
							<IndexedFaceSet solid="false"
							                coordIndex="0 1 2 -1 1 0 3 -1 4 5 6 -1 5 4 7 -1 8 9 10 -1 9 8 11 -1 12 13 14 -1 13 12 15 -1 16 17 18 -1 17 16 19 -1 20 21 22 -1 21 20 23 -1 "
							                >
								<Coordinate DEF="coords_ME_ID542_002"
								            point="0.000000 77.314087 5.905512 0.000000 0.000000 0.000000 0.000000 0.000000 5.905512 0.000000 77.314087 0.000000 0.000000 77.314087 0.000000 3.937008 77.314087 5.905512 3.937008 77.314087 0.000000 0.000000 77.314087 5.905512 3.937008 77.314087 0.000000 0.000000 0.000000 0.000000 0.000000 77.314087 0.000000 3.937008 0.000000 0.000000 3.937008 0.000000 5.905512 0.000000 0.000000 0.000000 3.937008 0.000000 0.000000 0.000000 0.000000 5.905512 3.937008 0.000000 5.905512 0.000000 77.314087 5.905512 0.000000 0.000000 5.905512 3.937008 77.314087 5.905512 3.937008 77.314087 0.000000 3.937008 0.000000 5.905512 3.937008 0.000000 0.000000 3.937008 77.314087 5.905512 "
								            />
							</IndexedFaceSet>
						</Shape>
					</Group>
				</Transform>
			</Transform>
			<Transform DEF="group_67_TRANSFORM"
			           translation="3403.149414 -24.358267 143.781067"
			           scale="1.000000 1.000000 1.000000"
			           rotation="0.000000 1.000000 0.000000 0.000000"
			           >
				<Transform DEF="group_68_TRANSFORM"
				           translation="2.165283 0.000000 -9.606766"
				           scale="1.000000 1.000000 1.000000"
				           rotation="0.000000 1.000000 0.000000 0.000000"
				           >
					<Transform DEF="group_69_TRANSFORM"
					           translation="2.165283 4.330709 22.581177"
					           scale="1.000000 1.000000 1.000000"
					           rotation="0.000000 1.000000 0.000000 0.000000"
					           >
						<Transform DEF="group_69_ifs_TRANSFORM"
						           translation="0.000000 0.000000 0.000000"
						           scale="1.000000 1.000000 1.000000"
						           rotation="0.000000 1.000000 0.000000 0.000000"
						           >
							<Group DEF="group_ME_ID551_004">
								<Shape>
									<Appearance>
										<Material USE="MA_material_012" />
									</Appearance>
									<IndexedFaceSet solid="false"
									                coordIndex="0 1 2 -1 1 0 3 -1 3 0 4 -1 4 0 5 -1 5 0 6 -1 6 0 7 -1 7 0 8 -1 8 0 9 -1 10 11 12 -1 11 10 13 -1 14 15 16 -1 15 14 17 -1 18 19 20 -1 19 18 21 -1 22 23 24 -1 23 22 25 -1 26 27 28 -1 27 26 29 -1 30 31 32 -1 31 30 33 -1 34 35 36 -1 35 34 37 -1 38 39 40 -1 39 38 41 -1 42 43 44 -1 43 42 45 -1 46 47 48 -1 47 46 49 -1 50 51 52 -1 51 50 53 -1 51 53 54 -1 51 54 55 -1 51 55 56 -1 51 56 57 -1 51 57 58 -1 51 58 59 -1 "
									                >
										<Coordinate DEF="coords_ME_ID551_004"
										            point="0.000000 40.950497 4.747790 0.000000 0.015626 1.598223 0.000000 0.000000 4.747790 0.000000 0.806925 0.814738 0.000000 2.384313 0.297623 0.000000 4.747790 0.046879 0.000000 36.249584 0.000000 0.000000 38.610458 0.274184 0.000000 40.397522 0.879739 0.000000 40.966122 1.598223 3.937008 0.000000 4.747790 0.000000 0.015626 1.598223 3.937008 0.015626 1.598223 0.000000 0.000000 4.747790 0.000000 0.000000 4.747790 3.937008 40.950497 4.747790 0.000000 40.950497 4.747790 3.937008 0.000000 4.747790 0.000000 40.966122 1.598223 3.937008 40.950497 4.747790 3.937008 40.966122 1.598223 0.000000 40.950497 4.747790 0.000000 40.397522 0.879739 3.937008 40.966122 1.598223 3.937008 40.397522 0.879739 0.000000 40.966122 1.598223 3.937008 40.397522 0.879739 0.000000 38.610458 0.274184 0.000000 40.397522 0.879739 3.937008 38.610458 0.274184 0.000000 38.610458 0.274184 3.937008 36.249584 0.000000 0.000000 36.249584 0.000000 3.937008 38.610458 0.274184 0.000000 36.249584 0.000000 3.937008 4.747790 0.046879 0.000000 4.747790 0.046879 3.937008 36.249584 0.000000 0.000000 4.747790 0.046879 3.937008 2.384313 0.297623 0.000000 2.384313 0.297623 3.937008 4.747790 0.046879 3.937008 2.384313 0.297623 0.000000 0.806925 0.814738 0.000000 2.384313 0.297623 3.937008 0.806925 0.814738 3.937008 0.806925 0.814738 0.000000 0.015626 1.598223 0.000000 0.806925 0.814738 3.937008 0.015626 1.598223 3.937008 0.015626 1.598223 3.937008 40.950497 4.747790 3.937008 0.000000 4.747790 3.937008 0.806925 0.814738 3.937008 2.384313 0.297623 3.937008 4.747790 0.046879 3.937008 36.249584 0.000000 3.937008 38.610458 0.274184 3.937008 40.397522 0.879739 3.937008 40.966122 1.598223 "
										            />
									</IndexedFaceSet>
								</Shape>
							</Group>
						</Transform>
					</Transform>
					<Transform DEF="group_70_TRANSFORM"
					           translation="0.000000 0.000000 26.801514"
					           scale="1.000000 1.000000 1.000000"
					           rotation="0.000000 1.000000 0.000000 0.000000"
					           >
						<Transform DEF="group_70_ifs_TRANSFORM"
						           translation="0.000000 0.000000 0.000000"
						           scale="1.000000 1.000000 1.000000"
						           rotation="0.000000 1.000000 0.000000 0.000000"
						           >
							<Group DEF="group_ME_ID558_002">
								<Shape>
									<Appearance>
										<Material USE="MA_material_012" />
									</Appearance>
									<IndexedFaceSet solid="false"
									                coordIndex="0 1 2 -1 1 0 3 -1 4 5 6 -1 5 4 7 -1 5 7 8 -1 8 7 9 -1 8 9 10 -1 10 9 11 -1 10 11 12 -1 12 11 13 -1 12 13 14 -1 14 13 15 -1 14 15 16 -1 16 15 17 -1 18 2 19 -1 2 18 0 -1 20 21 22 -1 21 20 23 -1 21 23 24 -1 24 23 25 -1 25 23 26 -1 25 26 27 -1 25 27 28 -1 28 27 29 -1 28 29 30 -1 30 29 31 -1 31 29 32 -1 31 32 33 -1 34 1 3 -1 1 34 35 -1 36 37 38 -1 37 36 39 -1 40 41 42 -1 41 40 43 -1 43 44 41 -1 44 43 45 -1 44 46 47 -1 46 44 45 -1 47 48 49 -1 48 47 46 -1 48 50 49 -1 50 48 51 -1 51 52 50 -1 52 51 53 -1 54 19 55 -1 19 54 18 -1 56 35 34 -1 35 56 57 -1 56 58 57 -1 58 56 59 -1 59 38 58 -1 38 59 36 -1 "
									                >
										<Coordinate DEF="coords_ME_ID558_002"
										            point="0.553832 74.249336 2.066929 2.066929 0.000000 0.553832 0.553832 0.000000 2.066929 2.066929 74.249336 0.553832 6.200787 0.000000 0.553832 2.066929 0.000000 0.553832 4.133858 0.000000 0.000000 7.713885 0.000000 2.066929 0.553832 0.000000 2.066929 8.267716 0.000000 4.133858 0.000000 0.000000 4.133858 8.000822 0.000000 5.129921 0.266894 0.000000 5.129921 7.713885 0.000000 6.200788 0.553832 0.000000 6.200788 6.200787 0.000000 7.713885 2.066929 0.000000 7.713885 4.133858 0.000000 8.267716 0.000000 74.249336 4.133858 0.000000 0.000000 4.133858 2.066929 74.249336 0.553832 6.200787 74.249336 0.553832 4.133858 74.249336 0.000000 0.553832 74.249336 2.066929 7.713885 74.249336 2.066929 8.267716 74.249336 4.133858 0.000000 74.249336 4.133858 0.266894 74.249336 5.129921 8.000822 74.249336 5.129921 0.553832 74.249336 6.200788 7.713885 74.249336 6.200788 6.200787 74.249336 7.713885 2.066929 74.249336 7.713885 4.133858 74.249336 8.267716 4.133858 74.249336 0.000000 4.133858 0.000000 0.000000 8.267716 74.249336 4.133858 8.000822 0.000000 5.129921 8.267716 0.000000 4.133858 8.000822 74.249336 5.129921 8.000822 74.249336 5.129921 7.713885 0.000000 6.200788 8.000822 0.000000 5.129921 7.713885 74.249336 6.200788 6.200787 0.000000 7.713885 6.200787 74.249336 7.713885 4.133858 74.249336 8.267716 4.133858 0.000000 8.267716 2.066929 74.249336 7.713885 2.066929 0.000000 7.713885 0.553832 0.000000 6.200788 0.553832 74.249336 6.200788 0.266894 0.000000 5.129921 0.266894 74.249336 5.129921 0.266894 74.249336 5.129921 0.266894 0.000000 5.129921 6.200787 74.249336 0.553832 6.200787 0.000000 0.553832 7.713885 0.000000 2.066929 7.713885 74.249336 2.066929 "
										            />
									</IndexedFaceSet>
								</Shape>
							</Group>
						</Transform>
					</Transform>
					<Transform DEF="instance_23_TRANSFORM"
					           translation="0.984131 9.934099 20.236694"
					           scale="1.000000 1.000000 1.000000"
					           rotation="0.000000 1.000000 0.000000 0.000000"
					           >
						<Transform DEF="instance_23_ifs_TRANSFORM"
						           translation="0.000000 0.000000 0.000000"
						           scale="1.000000 1.000000 1.000000"
						           rotation="0.000000 1.000000 0.000000 0.000000"
						           >
							<Group USE="group_ME_ID103_003" />
						</Transform>
					</Transform>
					<Transform DEF="instance_24_TRANSFORM"
					           translation="0.984131 34.343544 20.236694"
					           scale="1.000000 1.000000 1.000000"
					           rotation="0.000000 1.000000 0.000000 0.000000"
					           >
						<Transform DEF="instance_24_ifs_TRANSFORM"
						           translation="0.000000 0.000000 0.000000"
						           scale="1.000000 1.000000 1.000000"
						           rotation="0.000000 1.000000 0.000000 0.000000"
						           >
							<Group USE="group_ME_ID103_003" />
						</Transform>
					</Transform>
					<Transform DEF="instance_25_TRANSFORM"
					           translation="2.165283 39.067955 14.331177"
					           scale="1.000000 1.000000 1.000000"
					           rotation="0.000000 0.000000 -1.000000 1.570796"
					           >
						<Transform DEF="instance_25_ifs_TRANSFORM"
						           translation="-0.000000 0.000001 0.000000"
						           scale="1.000000 1.000000 1.000000"
						           rotation="0.000000 1.000000 0.000000 0.000000"
						           >
							<Group DEF="group_ME_ID568">
								<Shape>
									<Appearance>
									</Appearance>
									<IndexedFaceSet solid="false"
									                coordIndex="0 1 2 -1 1 0 3 -1 4 5 6 -1 5 4 7 -1 7 4 8 -1 7 8 9 -1 7 9 10 -1 10 11 12 -1 11 10 13 -1 13 10 14 -1 14 10 15 -1 15 10 9 -1 15 9 16 -1 15 16 17 -1 17 16 18 -1 17 18 19 -1 19 18 20 -1 20 18 21 -1 19 20 22 -1 20 21 23 -1 23 21 24 -1 24 21 25 -1 26 27 28 -1 22 29 30 -1 29 22 20 -1 30 29 31 -1 30 31 28 -1 30 28 32 -1 32 28 33 -1 33 28 27 -1 33 27 34 -1 19 35 36 -1 35 19 22 -1 36 35 37 -1 36 37 38 -1 36 38 39 -1 40 3 0 -1 3 40 41 -1 42 43 44 -1 43 42 45 -1 43 45 46 -1 43 46 47 -1 43 47 48 -1 48 49 50 -1 49 48 51 -1 51 48 52 -1 52 48 53 -1 53 48 47 -1 53 47 54 -1 53 54 55 -1 55 54 56 -1 56 54 57 -1 56 57 58 -1 58 57 59 -1 58 59 60 -1 60 59 61 -1 61 59 62 -1 63 64 65 -1 64 63 66 -1 66 63 67 -1 66 67 68 -1 68 67 69 -1 68 69 70 -1 70 69 71 -1 70 71 72 -1 56 73 74 -1 73 56 65 -1 65 56 58 -1 73 65 64 -1 74 73 75 -1 74 75 76 -1 74 76 77 -1 2 78 79 -1 78 2 1 -1 80 81 82 -1 81 80 83 -1 83 80 84 -1 85 86 87 -1 86 85 88 -1 89 90 91 -1 90 89 92 -1 90 92 93 -1 94 95 96 -1 95 94 97 -1 94 98 97 -1 98 94 99 -1 99 100 98 -1 100 99 101 -1 101 102 100 -1 102 101 103 -1 104 102 103 -1 102 104 105 -1 106 105 104 -1 105 106 107 -1 108 107 106 -1 107 108 109 -1 110 111 112 -1 111 110 113 -1 113 110 114 -1 115 116 117 -1 116 115 118 -1 119 115 117 -1 115 119 120 -1 120 121 122 -1 121 120 119 -1 122 123 124 -1 123 122 121 -1 124 125 126 -1 125 124 123 -1 126 127 128 -1 127 126 125 -1 128 129 130 -1 129 128 127 -1 131 132 133 -1 132 131 134 -1 135 136 137 -1 136 135 138 -1 139 140 141 -1 140 139 142 -1 143 144 145 -1 144 143 146 -1 145 41 40 -1 41 145 144 -1 147 78 148 -1 78 147 79 -1 149 148 150 -1 148 149 147 -1 151 152 153 -1 152 151 154 -1 152 154 155 -1 156 157 158 -1 157 156 159 -1 160 159 156 -1 159 160 161 -1 160 162 161 -1 162 160 163 -1 163 164 162 -1 164 163 165 -1 166 164 165 -1 164 166 167 -1 168 167 166 -1 167 168 169 -1 170 169 168 -1 169 170 171 -1 172 106 173 -1 106 172 108 -1 174 106 104 -1 106 174 173 -1 175 104 103 -1 104 175 174 -1 175 101 176 -1 101 175 103 -1 176 99 177 -1 99 176 101 -1 177 94 178 -1 94 177 99 -1 178 96 179 -1 96 178 94 -1 170 180 181 -1 180 170 168 -1 168 182 180 -1 182 168 166 -1 183 166 165 -1 166 183 182 -1 183 163 184 -1 163 183 165 -1 184 160 185 -1 160 184 163 -1 185 156 186 -1 156 185 160 -1 156 187 186 -1 187 156 158 -1 "
									                >
										<Coordinate DEF="coords_ME_ID568"
										            point="3.149606 3.937008 0.708661 1.574803 0.000000 1.417323 1.574803 3.937008 1.417323 3.149606 0.000000 0.708661 5.249344 3.937008 0.236220 11.417322 3.937008 0.000000 7.874016 3.937008 0.000000 11.417322 3.937008 0.787402 3.149606 3.937008 0.708661 1.574803 3.937008 1.417323 16.929134 3.937008 0.787402 20.472441 3.937008 0.000000 16.929134 3.937008 0.000000 23.097113 3.937008 0.236220 25.196850 3.937008 0.708661 26.771652 3.937008 1.417323 0.524934 3.937008 2.362205 27.821522 3.937008 2.362205 0.000000 3.937008 3.543307 28.346457 3.937008 3.543307 5.118110 3.937008 4.724409 0.000000 3.937008 5.905512 17.322834 3.937008 4.724409 4.527559 3.937008 4.882647 4.095246 3.937008 5.314961 3.937008 3.937008 5.905512 12.204723 3.937008 5.905512 12.598425 3.937008 5.905512 12.046487 3.937008 5.314961 11.023622 3.937008 4.724409 16.732285 3.937008 4.882647 11.614173 3.937008 4.882647 16.299971 3.937008 5.314961 16.141733 3.937008 5.905512 15.748032 3.937008 5.905512 23.228346 3.937008 4.724409 28.346457 3.937008 5.905512 23.818897 3.937008 4.882647 24.251211 3.937008 5.314961 24.409447 3.937008 5.905512 5.249344 3.937008 0.236220 5.249344 0.000000 0.236220 20.472441 0.000000 0.000000 16.929134 0.000000 0.787402 16.929134 0.000000 -0.000000 23.097113 0.000000 0.236220 25.196850 0.000000 0.708661 26.771652 0.000000 1.417323 11.417322 0.000000 0.787402 7.874016 0.000000 0.000000 11.417322 0.000000 -0.000000 5.249344 0.000000 0.236220 3.149606 0.000000 0.708661 1.574803 0.000000 1.417323 27.821522 0.000000 2.362205 0.524934 0.000000 2.362205 0.000000 0.000000 3.543307 28.346457 0.000000 3.543307 23.228346 0.000000 4.724409 28.346457 0.000000 5.905512 23.818897 0.000000 4.882647 24.251211 0.000000 5.314961 24.409447 0.000000 5.905512 16.732285 0.000000 4.882647 11.023622 0.000000 4.724409 17.322834 0.000000 4.724409 11.614173 0.000000 4.882647 16.299971 0.000000 5.314961 12.046487 0.000000 5.314961 16.141733 0.000000 5.905512 12.204723 0.000000 5.905512 15.748032 0.000000 5.905512 12.598425 0.000000 5.905512 5.118110 0.000000 4.724409 0.000000 0.000000 5.905512 4.527559 0.000000 4.882647 4.095246 0.000000 5.314961 3.937008 0.000000 5.905512 0.524934 0.000000 2.362205 0.524934 3.937008 2.362205 12.204723 0.000000 5.905512 12.204723 3.937008 5.905512 11.614173 1.968504 5.905512 12.598425 3.937008 5.905512 12.598425 0.000000 5.905512 12.598425 0.000000 5.905512 15.748032 3.937008 5.905512 12.598425 3.937008 5.905512 15.748032 0.000000 5.905512 15.748032 0.000000 5.905512 16.141733 3.937008 5.905512 15.748032 3.937008 5.905512 16.141733 0.000000 5.905512 16.732285 1.968504 5.905512 16.811401 1.968504 5.610236 16.141733 3.937008 5.905512 16.732285 1.968504 5.905512 16.299971 3.937008 5.314961 16.732285 3.937008 4.882647 17.027559 1.968504 5.394080 17.322834 3.937008 4.724409 17.397932 1.968504 5.294838 23.228346 3.937008 4.724409 23.153248 1.968504 5.294838 23.523621 1.968504 5.394080 23.818897 3.937008 4.882647 23.739779 1.968504 5.610236 24.251211 3.937008 5.314961 23.818897 1.968504 5.905512 24.409447 3.937008 5.905512 24.409447 0.000000 5.905512 24.409447 3.937008 5.905512 23.818897 1.968504 5.905512 28.346457 3.937008 5.905512 28.346457 0.000000 5.905512 28.346457 3.937008 3.543307 28.346457 0.000000 5.905512 28.346457 0.000000 3.543307 28.346457 3.937008 5.905512 27.821522 0.000000 2.362205 27.821522 3.937008 2.362205 26.771652 0.000000 1.417323 26.771652 3.937008 1.417323 25.196850 0.000000 0.708661 25.196850 3.937008 0.708661 23.097113 0.000000 0.236220 23.097113 3.937008 0.236220 20.472441 0.000000 0.000000 20.472441 3.937008 0.000000 16.929134 0.000000 -0.000000 16.929134 3.937008 0.000000 16.929134 3.937008 0.787402 16.929134 0.000000 -0.000000 16.929134 0.000000 0.787402 16.929134 3.937008 0.000000 16.929134 3.937008 0.787402 11.417322 0.000000 0.787402 11.417322 3.937008 0.787402 16.929134 0.000000 0.787402 11.417322 0.000000 -0.000000 11.417322 3.937008 0.787402 11.417322 0.000000 0.787402 11.417322 3.937008 0.000000 11.417322 3.937008 0.000000 7.874016 0.000000 0.000000 7.874016 3.937008 0.000000 11.417322 0.000000 -0.000000 0.000000 3.937008 3.543307 0.000000 0.000000 3.543307 0.000000 3.937008 5.905512 0.000000 0.000000 5.905512 0.000000 0.000000 5.905512 3.937008 3.937008 5.905512 0.000000 3.937008 5.905512 3.937008 0.000000 5.905512 4.527559 1.968504 5.905512 4.606678 1.968504 5.610236 3.937008 3.937008 5.905512 4.527559 1.968504 5.905512 4.095246 3.937008 5.314961 4.822835 1.968504 5.394080 4.527559 3.937008 4.882647 5.118110 3.937008 4.724409 5.193209 1.968504 5.294838 11.023622 3.937008 4.724409 10.948524 1.968504 5.294838 11.318897 1.968504 5.394080 11.614173 3.937008 4.882647 11.535054 1.968504 5.610236 12.046487 3.937008 5.314961 11.614173 1.968504 5.905512 12.204723 3.937008 5.905512 24.409447 0.000000 5.905512 24.251211 0.000000 5.314961 23.818897 0.000000 4.882647 23.228346 0.000000 4.724409 17.322834 0.000000 4.724409 16.732285 0.000000 4.882647 16.299971 0.000000 5.314961 16.141733 0.000000 5.905512 12.046487 0.000000 5.314961 12.204723 0.000000 5.905512 11.614173 0.000000 4.882647 11.023622 0.000000 4.724409 5.118110 0.000000 4.724409 4.527559 0.000000 4.882647 4.095246 0.000000 5.314961 3.937008 0.000000 5.905512 "
										            />
									</IndexedFaceSet>
								</Shape>
							</Group>
						</Transform>
					</Transform>
				</Transform>
				<Transform DEF="instance_26_TRANSFORM"
				           translation="12.598389 18.464565 0.000000"
				           scale="-1.000000 -1.000000 -1.000000"
				           rotation="-1.000000 0.000000 0.000000 3.141593"
				           >
					<Transform DEF="instance_26_ifs_TRANSFORM"
					           translation="0.000000 0.000000 0.000001"
					           scale="1.000000 1.000000 1.000000"
					           rotation="0.000000 1.000000 0.000000 0.000000"
					           >
						<Group DEF="group_ME_ID576">
							<Shape>
								<Appearance>
								</Appearance>
								<IndexedFaceSet solid="false"
								                coordIndex="0 1 2 -1 3 2 1 -1 4 5 6 -1 7 8 5 -1 6 5 8 -1 9 10 7 -1 10 11 7 -1 8 7 11 -1 12 13 14 -1 15 16 17 -1 17 16 18 -1 18 16 12 -1 16 19 12 -1 13 12 19 -1 20 21 22 -1 22 21 23 -1 23 21 24 -1 25 24 21 -1 26 27 28 -1 27 29 28 -1 28 29 30 -1 29 31 30 -1 32 30 31 -1 33 27 26 -1 34 35 36 -1 37 38 39 -1 39 38 40 -1 40 38 41 -1 41 38 34 -1 38 42 34 -1 35 34 42 -1 43 44 45 -1 46 45 44 -1 47 48 49 -1 48 50 49 -1 49 50 51 -1 50 52 51 -1 53 51 52 -1 54 48 47 -1 55 56 57 -1 58 57 56 -1 59 60 61 -1 62 61 60 -1 63 64 65 -1 65 64 66 -1 67 66 64 -1 68 64 63 -1 69 70 71 -1 72 71 70 -1 73 74 75 -1 76 77 74 -1 75 74 77 -1 78 79 76 -1 79 80 76 -1 77 76 80 -1 81 82 83 -1 84 83 82 -1 85 86 87 -1 88 87 86 -1 89 90 91 -1 92 91 90 -1 93 94 95 -1 96 95 94 -1 97 98 99 -1 100 99 98 -1 101 102 103 -1 103 102 104 -1 104 102 105 -1 106 105 102 -1 107 108 109 -1 110 109 108 -1 111 112 113 -1 113 112 114 -1 115 114 112 -1 116 112 111 -1 117 118 119 -1 118 120 119 -1 120 121 119 -1 122 119 121 -1 123 124 125 -1 126 125 124 -1 61 62 127 -1 128 127 62 -1 129 130 131 -1 132 131 130 -1 133 93 134 -1 95 134 93 -1 135 136 137 -1 138 137 136 -1 118 139 120 -1 139 140 120 -1 140 141 120 -1 121 120 141 -1 127 128 142 -1 143 142 128 -1 131 132 144 -1 145 144 132 -1 146 133 147 -1 134 147 133 -1 139 148 140 -1 148 149 140 -1 141 140 149 -1 150 151 152 -1 153 152 151 -1 144 145 154 -1 155 154 145 -1 "
								                >
									<Coordinate DEF="coords_ME_ID576"
									            point="4.330709 4.330709 7.874016 4.330709 0.000000 7.874016 0.000000 4.330709 7.874016 0.000000 0.000000 7.874016 4.330709 0.000000 7.874016 4.330709 0.000000 4.724409 0.000000 0.000000 7.874016 8.267716 0.000000 4.724409 0.000000 0.000000 3.149606 8.267716 0.000000 7.874016 12.598425 0.000000 7.874016 12.598425 0.000000 3.149606 4.330709 4.330709 6.299213 4.330709 0.000000 7.874016 4.330709 4.330709 7.874016 4.330709 12.598425 7.874016 4.330709 12.598425 4.724409 4.330709 8.267716 7.874016 4.330709 8.267716 6.299213 4.330709 0.000000 4.724409 4.330709 4.330709 7.874016 0.000000 4.330709 7.874016 4.330709 4.330709 6.299213 3.149606 4.330709 6.299213 3.149606 4.330709 4.724409 0.000000 4.330709 4.724409 0.000000 12.598425 7.874016 0.000000 8.267716 4.724409 0.000000 12.598425 3.149606 0.000000 4.330709 4.724409 0.000000 0.000000 3.149606 0.000000 4.330709 7.874016 0.000000 0.000000 7.874016 0.000000 8.267716 7.874016 12.598425 4.330709 4.724409 12.598425 0.000000 7.874016 12.598425 4.330709 7.874016 12.598425 12.598425 3.149606 12.598425 11.023622 3.149606 12.598425 12.598425 7.874016 12.598425 8.267716 7.874016 12.598425 8.267716 4.724409 12.598425 0.000000 3.149606 12.598425 4.330709 7.874016 12.598425 0.000000 7.874016 8.267716 4.330709 7.874016 8.267716 0.000000 7.874016 8.267716 12.598425 7.874016 8.267716 8.267716 6.299213 8.267716 12.598425 4.724409 8.267716 4.330709 6.299213 8.267716 0.000000 4.724409 8.267716 4.330709 7.874016 8.267716 0.000000 7.874016 8.267716 8.267716 7.874016 8.267716 12.598425 4.724409 8.267716 0.000000 4.724409 4.330709 12.598425 4.724409 4.330709 0.000000 4.724409 0.000000 0.000000 3.149606 12.598425 0.000000 3.149606 0.829686 0.829686 2.271344 11.768739 0.829686 2.271344 4.330709 8.267716 7.874016 3.149606 8.267716 6.299213 0.000000 8.267716 7.874016 0.000000 8.267716 4.724409 3.149606 8.267716 4.724409 4.330709 8.267716 6.299213 4.330709 8.267716 6.299213 4.330709 4.330709 6.299213 3.149606 8.267716 6.299213 3.149606 4.330709 6.299213 8.267716 12.598425 7.874016 8.267716 12.598425 4.724409 12.598425 12.598425 7.874016 4.330709 12.598425 4.724409 12.598425 12.598425 3.149606 4.330709 12.598425 7.874016 0.000000 12.598425 7.874016 0.000000 12.598425 3.149606 4.330709 12.598425 7.874016 4.330709 8.267716 7.874016 0.000000 12.598425 7.874016 0.000000 8.267716 7.874016 3.149606 8.267716 4.724409 3.149606 8.267716 6.299213 3.149606 4.330709 4.724409 3.149606 4.330709 6.299213 3.149606 8.267716 4.724409 3.149606 4.330709 4.724409 0.000000 8.267716 4.724409 0.000000 4.330709 4.724409 0.829686 11.768739 2.271344 0.000000 12.598425 3.149606 0.829686 0.829686 2.271344 0.000000 0.000000 3.149606 12.598425 12.598425 7.874016 12.598425 8.267716 7.874016 8.267716 12.598425 7.874016 8.267716 8.267716 7.874016 8.267716 8.267716 7.874016 12.598425 8.267716 7.874016 8.267716 8.267716 6.299213 9.448818 8.267716 6.299213 9.448818 8.267716 4.724409 12.598425 8.267716 4.724409 12.598425 8.267716 4.724409 12.598425 4.330709 4.724409 9.448818 8.267716 4.724409 9.448818 4.330709 4.724409 8.267716 4.330709 7.874016 9.448818 4.330709 6.299213 12.598425 4.330709 7.874016 12.598425 4.330709 4.724409 9.448818 4.330709 4.724409 8.267716 4.330709 6.299213 12.598425 12.598425 3.149606 11.768739 11.768739 2.271344 12.598425 11.023622 3.149606 11.768739 11.023622 2.271344 11.768739 0.829686 2.271344 12.598425 0.000000 3.149606 9.448818 8.267716 6.299213 9.448818 4.330709 6.299213 8.267716 8.267716 6.299213 8.267716 4.330709 6.299213 1.370005 1.370005 1.190706 11.228419 1.370005 1.190706 12.598425 12.598425 3.149606 0.000000 12.598425 3.149606 11.768739 11.768739 2.271344 0.829686 11.768739 2.271344 1.370005 11.228419 1.190706 1.370005 1.370005 1.190706 9.448818 8.267716 6.299213 9.448818 8.267716 4.724409 9.448818 4.330709 6.299213 9.448818 4.330709 4.724409 11.228419 11.228419 1.190706 11.228419 11.023622 1.190706 11.228419 1.370005 1.190706 1.574803 1.574803 0.000000 11.023622 1.574803 0.000000 11.228419 11.228419 1.190706 1.370005 11.228419 1.190706 1.574803 11.023622 0.000000 1.574803 1.574803 0.000000 11.023622 11.023622 0.000000 11.023622 1.574803 0.000000 11.023622 1.574803 0.000000 11.023622 11.023622 0.000000 1.574803 1.574803 0.000000 1.574803 11.023622 0.000000 11.023622 11.023622 0.000000 1.574803 11.023622 0.000000 "
									            />
								</IndexedFaceSet>
							</Shape>
						</Group>
					</Transform>
				</Transform>
				<Transform DEF="instance_27_TRANSFORM"
				           translation="3.149658 27.847483 10.629913"
				           scale="1.000000 1.000000 1.000000"
				           rotation="0.000000 0.000000 -1.000000 1.570796"
				           >
					<Transform DEF="instance_27_ifs_TRANSFORM"
					           translation="-0.000000 0.000000 0.000000"
					           scale="1.000000 1.000000 1.000000"
					           rotation="0.000000 1.000000 0.000000 0.000000"
					           >
						<Group DEF="group_ME_ID584_001">
							<Shape>
								<Appearance>
								</Appearance>
								<IndexedFaceSet solid="false"
								                coordIndex="0 1 2 -1 1 0 3 -1 4 5 6 -1 7 8 9 -1 8 7 10 -1 8 10 11 -1 11 10 5 -1 11 5 4 -1 12 13 14 -1 13 12 15 -1 16 17 18 -1 17 16 19 -1 19 16 20 -1 20 16 21 -1 18 22 23 -1 22 18 17 -1 24 25 26 -1 25 27 28 -1 27 25 24 -1 29 30 31 -1 30 29 32 -1 33 34 35 -1 34 33 36 -1 37 38 39 -1 38 37 40 -1 41 42 43 -1 42 41 44 -1 45 46 47 -1 46 45 48 -1 49 50 51 -1 50 49 52 -1 53 54 55 -1 54 56 57 -1 56 54 53 -1 56 53 58 -1 59 60 61 -1 60 59 62 -1 48 63 46 -1 63 48 64 -1 65 52 49 -1 52 65 66 -1 55 67 68 -1 67 57 69 -1 57 67 55 -1 57 55 54 -1 61 70 71 -1 70 61 60 -1 64 72 63 -1 72 64 73 -1 74 66 65 -1 66 74 75 -1 68 76 77 -1 76 68 69 -1 69 68 67 -1 71 78 79 -1 78 71 70 -1 80 81 82 -1 81 80 83 -1 "
								                >
									<Coordinate DEF="coords_ME_ID584_001"
									            point="6.299213 5.118110 3.937008 0.000000 6.299213 3.937008 0.000000 5.118110 3.937008 6.299213 6.299213 3.937008 0.000000 6.299213 3.937008 0.000000 5.118110 2.362205 0.000000 5.118110 3.937008 0.000000 1.181102 3.937008 0.000000 0.000000 1.574803 0.000000 0.000000 3.937008 0.000000 1.181102 2.362205 0.000000 6.299213 1.574803 6.299213 5.118110 3.937008 0.000000 5.118110 2.362205 6.299213 5.118110 2.362205 0.000000 5.118110 3.937008 6.299213 6.299213 1.574803 6.299213 1.181102 2.362205 6.299213 0.000000 1.574803 6.299213 5.118110 2.362205 6.299213 5.118110 3.937008 6.299213 6.299213 3.937008 6.299213 1.181102 3.937008 6.299213 0.000000 3.937008 0.000000 6.299213 3.937008 0.787402 6.299213 1.574803 0.000000 6.299213 1.574803 6.299213 6.299213 3.937008 6.299213 6.299213 1.574803 6.299213 0.000000 3.937008 0.000000 0.000000 1.574803 6.299213 0.000000 1.574803 0.000000 0.000000 3.937008 6.299213 0.000000 3.937008 0.000000 1.181102 3.937008 0.000000 0.000000 3.937008 6.299213 1.181102 3.937008 0.000000 1.181102 3.937008 6.299213 1.181102 2.362205 0.000000 1.181102 2.362205 6.299213 1.181102 3.937008 6.299213 1.181102 2.362205 0.000000 5.118110 2.362205 0.000000 1.181102 2.362205 6.299213 5.118110 2.362205 0.000000 6.299213 1.574803 0.414843 0.414843 1.135672 0.000000 0.000000 1.574803 0.414843 5.884369 1.135672 5.884369 0.414843 1.135672 6.299213 6.299213 1.574803 6.299213 0.000000 1.574803 5.884369 5.884369 1.135672 0.000000 6.299213 1.574803 0.787402 5.884369 1.135672 0.414843 5.884369 1.135672 6.299213 6.299213 1.574803 5.884369 5.884369 1.135672 0.787402 6.299213 1.574803 6.299213 0.000000 1.574803 0.414843 0.414843 1.135672 5.884369 0.414843 1.135672 0.000000 0.000000 1.574803 0.685003 0.685003 0.595353 0.685003 5.614210 0.595353 5.614210 0.685003 0.595353 5.614210 5.614210 0.595353 0.787402 5.614210 0.595353 0.685003 5.614210 0.595353 5.614210 5.614210 0.595353 0.685003 0.685003 0.595353 5.614210 0.685003 0.595353 0.787402 0.787402 0.000000 0.787402 5.511811 0.000000 5.511811 0.787402 0.000000 5.511811 5.511811 0.000000 5.511811 5.511811 0.000000 0.787402 5.511811 0.000000 0.787402 0.787402 0.000000 5.511811 0.787402 0.000000 5.511811 5.511811 0.000000 0.787402 0.787402 0.000000 0.787402 5.511811 0.000000 5.511811 0.787402 0.000000 "
									            />
								</IndexedFaceSet>
							</Shape>
						</Group>
					</Transform>
				</Transform>
			</Transform>
			<Transform DEF="group_71_TRANSFORM"
			           translation="3437.499023 -24.830709 156.186417"
			           scale="1.000000 1.000000 1.000000"
			           rotation="0.000000 1.000000 0.000000 0.000000"
			           >
				<Transform DEF="group_72_TRANSFORM"
				           translation="15.060059 0.000000 27.266235"
				           scale="1.000000 1.000000 1.000000"
				           rotation="0.000000 1.000000 0.000000 0.000000"
				           >
					<Transform DEF="group_72_ifs_TRANSFORM"
					           translation="0.000000 0.000000 0.000000"
					           scale="1.000000 1.000000 1.000000"
					           rotation="0.000000 1.000000 0.000000 0.000000"
					           >
						<Group DEF="group_ME_ID592_002">
							<Shape>
								<Appearance>
									<Material USE="MA_material_012" />
								</Appearance>
								<IndexedFaceSet solid="false"
								                coordIndex="0 1 2 -1 1 0 3 -1 4 5 6 -1 5 4 7 -1 5 7 8 -1 8 7 9 -1 8 9 10 -1 10 9 11 -1 10 11 12 -1 12 11 13 -1 12 13 14 -1 14 13 15 -1 14 15 16 -1 16 15 17 -1 18 2 19 -1 2 18 0 -1 20 21 22 -1 21 20 23 -1 21 23 24 -1 24 23 25 -1 25 23 26 -1 25 26 27 -1 25 27 28 -1 28 27 29 -1 28 29 30 -1 30 29 31 -1 31 29 32 -1 31 32 33 -1 34 1 3 -1 1 34 35 -1 36 37 38 -1 37 36 39 -1 40 41 42 -1 41 40 43 -1 43 44 41 -1 44 43 45 -1 44 46 47 -1 46 44 45 -1 47 48 49 -1 48 47 46 -1 48 50 49 -1 50 48 51 -1 51 52 50 -1 52 51 53 -1 54 19 55 -1 19 54 18 -1 56 35 34 -1 35 56 57 -1 56 58 57 -1 58 56 59 -1 59 38 58 -1 38 59 36 -1 "
								                >
									<Coordinate DEF="coords_ME_ID592_002"
									            point="0.553832 74.249336 2.066929 2.066929 0.000000 0.553832 0.553832 0.000000 2.066929 2.066929 74.249336 0.553832 6.200787 0.000000 0.553832 2.066929 0.000000 0.553832 4.133858 0.000000 0.000000 7.713885 0.000000 2.066929 0.553832 0.000000 2.066929 8.267716 0.000000 4.133858 0.000000 0.000000 4.133858 8.000822 0.000000 5.129921 0.266894 0.000000 5.129921 7.713885 0.000000 6.200788 0.553832 0.000000 6.200788 6.200787 0.000000 7.713885 2.066929 0.000000 7.713885 4.133858 0.000000 8.267716 0.000000 74.249336 4.133858 0.000000 0.000000 4.133858 2.066929 74.249336 0.553832 6.200787 74.249336 0.553832 4.133858 74.249336 0.000000 0.553832 74.249336 2.066929 7.713885 74.249336 2.066929 8.267716 74.249336 4.133858 0.000000 74.249336 4.133858 0.266894 74.249336 5.129921 8.000822 74.249336 5.129921 0.553832 74.249336 6.200788 7.713885 74.249336 6.200788 6.200787 74.249336 7.713885 2.066929 74.249336 7.713885 4.133858 74.249336 8.267716 4.133858 74.249336 0.000000 4.133858 0.000000 0.000000 8.267716 74.249336 4.133858 8.000822 0.000000 5.129921 8.267716 0.000000 4.133858 8.000822 74.249336 5.129921 8.000822 74.249336 5.129921 7.713885 0.000000 6.200788 8.000822 0.000000 5.129921 7.713885 74.249336 6.200788 6.200787 0.000000 7.713885 6.200787 74.249336 7.713885 4.133858 74.249336 8.267716 4.133858 0.000000 8.267716 2.066929 74.249336 7.713885 2.066929 0.000000 7.713885 0.553832 0.000000 6.200788 0.553832 74.249336 6.200788 0.266894 0.000000 5.129921 0.266894 74.249336 5.129921 0.266894 74.249336 5.129921 0.266894 0.000000 5.129921 6.200787 74.249336 0.553832 6.200787 0.000000 0.553832 7.713885 0.000000 2.066929 7.713885 74.249336 2.066929 "
									            />
								</IndexedFaceSet>
							</Shape>
						</Group>
					</Transform>
				</Transform>
				<Transform DEF="group_73_TRANSFORM"
				           translation="0.000000 3.925198 0.000000"
				           scale="1.000000 1.000000 1.000000"
				           rotation="0.000000 1.000000 0.000000 0.000000"
				           >
					<Transform DEF="group_74_TRANSFORM"
					           translation="17.225342 0.000000 23.077927"
					           scale="1.000000 1.000000 1.000000"
					           rotation="0.000000 1.000000 0.000000 0.000000"
					           >
						<Transform DEF="group_74_ifs_TRANSFORM"
						           translation="0.000000 0.000000 0.000000"
						           scale="1.000000 1.000000 1.000000"
						           rotation="0.000000 1.000000 0.000000 0.000000"
						           >
							<Group DEF="group_ME_ID600_002">
								<Shape>
									<Appearance>
										<Material USE="MA_material_012" />
									</Appearance>
									<IndexedFaceSet solid="false"
									                coordIndex="0 1 2 -1 1 0 3 -1 3 0 4 -1 4 0 5 -1 5 0 6 -1 6 0 7 -1 7 0 8 -1 8 0 9 -1 10 11 12 -1 11 10 13 -1 14 15 16 -1 15 14 17 -1 18 19 20 -1 19 18 21 -1 22 23 24 -1 23 22 25 -1 26 27 28 -1 27 26 29 -1 30 31 32 -1 31 30 33 -1 34 35 36 -1 35 34 37 -1 38 39 40 -1 39 38 41 -1 42 43 44 -1 43 42 45 -1 46 47 48 -1 47 46 49 -1 50 51 52 -1 51 50 53 -1 51 53 54 -1 51 54 55 -1 51 55 56 -1 51 56 57 -1 51 57 58 -1 51 58 59 -1 "
									                >
										<Coordinate DEF="coords_ME_ID600_002"
										            point="0.000000 40.950497 4.747790 0.000000 0.015626 1.598223 0.000000 0.000000 4.747790 0.000000 0.806925 0.814738 0.000000 2.384313 0.297623 0.000000 4.747790 0.046879 0.000000 36.249584 0.000000 0.000000 38.610458 0.274184 0.000000 40.397522 0.879739 0.000000 40.966122 1.598223 3.937008 0.000000 4.747790 0.000000 0.015626 1.598223 3.937008 0.015626 1.598223 0.000000 0.000000 4.747790 0.000000 0.000000 4.747790 3.937008 40.950497 4.747790 0.000000 40.950497 4.747790 3.937008 0.000000 4.747790 0.000000 40.966122 1.598223 3.937008 40.950497 4.747790 3.937008 40.966122 1.598223 0.000000 40.950497 4.747790 0.000000 40.397522 0.879739 3.937008 40.966122 1.598223 3.937008 40.397522 0.879739 0.000000 40.966122 1.598223 3.937008 40.397522 0.879739 0.000000 38.610458 0.274184 0.000000 40.397522 0.879739 3.937008 38.610458 0.274184 0.000000 38.610458 0.274184 3.937008 36.249584 0.000000 0.000000 36.249584 0.000000 3.937008 38.610458 0.274184 0.000000 36.249584 0.000000 3.937008 4.747790 0.046879 0.000000 4.747790 0.046879 3.937008 36.249584 0.000000 0.000000 4.747790 0.046879 3.937008 2.384313 0.297623 0.000000 2.384313 0.297623 3.937008 4.747790 0.046879 3.937008 2.384313 0.297623 0.000000 0.806925 0.814738 0.000000 2.384313 0.297623 3.937008 0.806925 0.814738 3.937008 0.806925 0.814738 0.000000 0.015626 1.598223 0.000000 0.806925 0.814738 3.937008 0.015626 1.598223 3.937008 0.015626 1.598223 3.937008 40.950497 4.747790 3.937008 0.000000 4.747790 3.937008 0.806925 0.814738 3.937008 2.384313 0.297623 3.937008 4.747790 0.046879 3.937008 36.249584 0.000000 3.937008 38.610458 0.274184 3.937008 40.397522 0.879739 3.937008 40.966122 1.598223 "
										            />
									</IndexedFaceSet>
								</Shape>
							</Group>
						</Transform>
					</Transform>
					<Transform DEF="group_75_TRANSFORM"
					           translation="0.000000 15.987099 0.000000"
					           scale="1.000000 1.000000 1.000000"
					           rotation="0.000000 1.000000 0.000000 0.000000"
					           >
						<Transform DEF="group_75_ifs_TRANSFORM"
						           translation="0.000000 0.000000 0.000000"
						           scale="1.000000 1.000000 1.000000"
						           rotation="0.000000 1.000000 0.000000 0.000000"
						           >
							<Group DEF="group_ME_ID628_001">
							</Group>
						</Transform>
						<Transform DEF="group_76_TRANSFORM"
						           translation="23.960938 4.429134 0.000000"
						           scale="1.650000 1.000000 1.260610"
						           rotation="-0.000000 0.000000 0.000000 0.000000"
						           >
							<Transform DEF="group_76_ifs_TRANSFORM"
							           translation="0.000000 0.000000 -0.000008"
							           scale="1.000000 1.000000 1.000000"
							           rotation="0.000000 0.000000 0.000000 0.000000"
							           >
								<Group DEF="group_ME_ID608">
									<Shape>
										<Appearance>
											<Material USE="MA_material_012" />
										</Appearance>
										<IndexedFaceSet solid="false"
										                coordIndex="0 1 2 -1 1 0 3 -1 4 5 6 -1 5 4 7 -1 7 4 8 -1 9 10 11 -1 10 9 12 -1 12 9 13 -1 13 9 14 -1 13 14 15 -1 11 0 16 -1 0 11 17 -1 0 17 18 -1 0 18 3 -1 17 11 10 -1 3 18 19 -1 19 18 20 -1 19 20 21 -1 19 21 22 -1 3 19 23 -1 23 19 24 -1 23 24 25 -1 23 25 26 -1 3 23 27 -1 3 27 28 -1 3 28 29 -1 3 29 30 -1 31 32 33 -1 32 31 34 -1 34 31 35 -1 36 37 38 -1 37 36 39 -1 40 41 42 -1 41 40 43 -1 43 40 44 -1 42 41 45 -1 43 44 46 -1 43 46 47 -1 47 46 48 -1 46 44 49 -1 46 49 50 -1 50 49 51 -1 49 44 52 -1 52 44 53 -1 53 44 54 -1 54 44 55 -1 56 51 49 -1 57 48 46 -1 45 58 59 -1 58 45 41 -1 59 58 60 -1 59 60 61 -1 59 61 62 -1 62 61 63 -1 64 65 66 -1 65 64 67 -1 65 68 69 -1 68 65 67 -1 69 70 71 -1 70 69 68 -1 71 72 73 -1 72 71 70 -1 74 75 76 -1 75 74 77 -1 78 79 80 -1 79 78 81 -1 82 83 84 -1 83 82 85 -1 86 87 88 -1 87 86 89 -1 90 91 92 -1 91 90 93 -1 94 95 96 -1 95 94 97 -1 98 99 100 -1 99 98 101 -1 102 103 104 -1 103 102 105 -1 106 107 108 -1 107 106 109 -1 110 111 112 -1 111 110 113 -1 114 115 116 -1 115 114 117 -1 118 119 120 -1 119 118 121 -1 122 123 124 -1 123 122 125 -1 126 127 128 -1 127 126 129 -1 130 131 132 -1 131 130 133 -1 134 135 136 -1 135 134 137 -1 138 139 140 -1 139 138 141 -1 "
										                >
											<Coordinate DEF="coords_ME_ID608"
											            point="-0.407691 -0.984252 0.000000 -0.519685 -0.984252 9.145669 -0.519685 -0.984252 0.000000 -0.407691 -0.984252 9.145669 8.267716 0.984252 0.000000 -0.519685 -0.984252 0.000000 -0.519685 0.984252 0.000000 -0.407691 -0.984252 0.000000 8.267716 -0.984252 0.000000 8.530585 -0.984252 2.148799 5.908111 -0.984252 1.527567 8.744278 -0.984252 1.032179 6.082286 -0.984252 1.709641 6.082286 -0.984252 2.764759 7.706590 -0.984252 2.932085 6.580584 -0.984252 3.088975 8.267716 -0.984252 0.000000 5.585277 -0.984252 1.527567 4.634439 -0.984252 2.180689 3.158481 -0.984252 4.232089 4.360892 -0.984252 3.264822 3.970558 -0.984252 3.912149 3.469504 -0.984252 4.232089 1.512565 -0.984252 6.630750 2.959042 -0.984252 5.587574 2.511552 -0.984252 6.211385 1.882643 -0.984252 6.630750 1.512565 -0.984252 7.969333 1.176911 -0.984252 8.530097 0.546226 -0.984252 8.974713 0.000000 -0.984252 9.145669 -0.407691 -0.984252 9.145669 -0.519685 0.984252 9.145669 -0.519685 -0.984252 9.145669 0.000000 0.984252 9.145669 0.000000 -0.984252 9.145669 -0.519685 -0.984252 9.145669 -0.519685 0.984252 0.000000 -0.519685 -0.984252 0.000000 -0.519685 0.984252 9.145669 -0.519685 0.984252 0.000000 5.585277 0.984252 1.527567 8.267716 0.984252 0.000000 4.634439 0.984252 2.180689 -0.519685 0.984252 9.145669 8.744278 0.984252 1.032179 3.158481 0.984252 4.232089 4.360892 0.984252 3.264822 3.970558 0.984252 3.912149 1.512565 0.984252 6.630750 2.959042 0.984252 5.587574 2.511552 0.984252 6.211385 1.512565 0.984252 7.969333 1.176911 0.984252 8.530097 0.546226 0.984252 8.974713 0.000000 0.984252 9.145669 1.882643 0.984252 6.630750 3.469504 0.984252 4.232089 5.908111 0.984252 1.527567 8.530585 0.984252 2.148799 6.082286 0.984252 1.709641 6.082286 0.984252 2.764759 7.706590 0.984252 2.932085 6.580584 0.984252 3.088975 8.267716 0.984252 0.000000 8.744278 -0.984252 1.032179 8.267716 -0.984252 0.000000 8.744278 0.984252 1.032179 8.530585 0.984252 2.148799 8.530585 -0.984252 2.148799 7.706590 0.984252 2.932085 7.706590 -0.984252 2.932085 6.580584 0.984252 3.088975 6.580584 -0.984252 3.088975 6.580584 -0.984252 3.088975 6.082286 0.984252 2.764759 6.082286 -0.984252 2.764759 6.580584 0.984252 3.088975 6.082286 0.984252 2.764759 6.082286 -0.984252 1.709641 6.082286 -0.984252 2.764759 6.082286 0.984252 1.709641 6.082286 -0.984252 1.709641 5.908111 0.984252 1.527567 5.908111 -0.984252 1.527567 6.082286 0.984252 1.709641 5.908111 -0.984252 1.527567 5.585277 0.984252 1.527567 5.585277 -0.984252 1.527567 5.908111 0.984252 1.527567 5.585277 -0.984252 1.527567 4.634439 0.984252 2.180689 4.634439 -0.984252 2.180689 5.585277 0.984252 1.527567 4.634439 0.984252 2.180689 4.360892 -0.984252 3.264822 4.634439 -0.984252 2.180689 4.360892 0.984252 3.264822 4.360892 -0.984252 3.264822 3.970558 0.984252 3.912149 3.970558 -0.984252 3.912149 4.360892 0.984252 3.264822 3.970558 -0.984252 3.912149 3.469504 0.984252 4.232089 3.469504 -0.984252 4.232089 3.970558 0.984252 3.912149 3.469504 -0.984252 4.232089 3.158481 0.984252 4.232089 3.158481 -0.984252 4.232089 3.469504 0.984252 4.232089 3.158481 0.984252 4.232089 2.959042 -0.984252 5.587574 3.158481 -0.984252 4.232089 2.959042 0.984252 5.587574 2.959042 0.984252 5.587574 2.511552 -0.984252 6.211385 2.959042 -0.984252 5.587574 2.511552 0.984252 6.211385 2.511552 -0.984252 6.211385 1.882643 0.984252 6.630750 1.882643 -0.984252 6.630750 2.511552 0.984252 6.211385 1.882643 -0.984252 6.630750 1.512565 0.984252 6.630750 1.512565 -0.984252 6.630750 1.882643 0.984252 6.630750 1.512565 0.984252 6.630750 1.512565 -0.984252 7.969333 1.512565 -0.984252 6.630750 1.512565 0.984252 7.969333 1.512565 0.984252 7.969333 1.176911 -0.984252 8.530097 1.512565 -0.984252 7.969333 1.176911 0.984252 8.530097 1.176911 -0.984252 8.530097 0.546226 0.984252 8.974713 0.546226 -0.984252 8.974713 1.176911 0.984252 8.530097 0.546226 -0.984252 8.974713 0.000000 0.984252 9.145669 0.000000 -0.984252 9.145669 0.546226 0.984252 8.974713 "
											            />
										</IndexedFaceSet>
									</Shape>
								</Group>
							</Transform>
						</Transform>
						<Transform DEF="group_77_TRANSFORM"
						           translation="14.427979 4.426601 0.000000"
						           scale="-1.650000 -1.000000 -1.260610"
						           rotation="-1.000000 0.000000 0.000000 3.141593"
						           >
							<Transform DEF="group_77_ifs_TRANSFORM"
							           translation="0.000000 -0.000000 -0.000008"
							           scale="1.000000 1.000000 1.000000"
							           rotation="0.000000 1.000000 0.000000 0.000000"
							           >
								<Group DEF="group_ME_ID615_003">
									<Shape>
										<Appearance>
											<Material USE="MA_material_012" />
										</Appearance>
										<IndexedFaceSet solid="false"
										                coordIndex="0 1 2 -1 3 2 1 -1 4 5 6 -1 6 5 7 -1 8 7 5 -1 9 10 0 -1 10 11 0 -1 11 12 0 -1 12 13 0 -1 14 15 13 -1 15 16 13 -1 16 17 13 -1 13 17 0 -1 18 19 17 -1 19 20 17 -1 20 21 17 -1 17 21 0 -1 22 23 24 -1 0 21 1 -1 21 24 1 -1 24 23 1 -1 25 1 23 -1 26 27 28 -1 27 29 28 -1 28 29 30 -1 30 29 22 -1 23 22 29 -1 31 32 33 -1 33 32 34 -1 35 34 32 -1 36 37 38 -1 39 38 37 -1 40 41 42 -1 42 41 43 -1 41 44 43 -1 44 45 43 -1 46 47 45 -1 43 45 47 -1 48 49 50 -1 51 52 53 -1 54 55 56 -1 56 55 57 -1 57 55 58 -1 58 55 51 -1 52 51 59 -1 59 51 48 -1 51 55 48 -1 49 48 60 -1 60 48 61 -1 48 55 61 -1 47 46 62 -1 55 63 61 -1 61 63 46 -1 62 46 63 -1 64 65 66 -1 67 66 65 -1 68 64 69 -1 66 69 64 -1 68 69 70 -1 71 70 69 -1 70 71 72 -1 73 72 71 -1 74 75 76 -1 77 76 75 -1 78 79 80 -1 81 80 79 -1 82 83 84 -1 85 84 83 -1 86 87 88 -1 89 88 87 -1 90 91 92 -1 93 92 91 -1 94 95 96 -1 97 96 95 -1 98 99 100 -1 101 100 99 -1 102 103 104 -1 105 104 103 -1 106 107 108 -1 109 108 107 -1 110 111 112 -1 113 112 111 -1 114 115 116 -1 117 116 115 -1 118 119 120 -1 121 120 119 -1 122 123 124 -1 125 124 123 -1 126 127 128 -1 129 128 127 -1 130 131 132 -1 133 132 131 -1 134 135 136 -1 137 136 135 -1 138 139 140 -1 141 140 139 -1 "
										                >
											<Coordinate DEF="coords_ME_ID615_003"
											            point="-0.407691 -0.984252 9.145669 -0.407691 -0.984252 0.000000 -0.519685 -0.984252 9.145669 -0.519685 -0.984252 0.000000 8.267716 -0.984252 0.000000 8.267716 0.984252 0.000000 -0.407691 -0.984252 0.000000 -0.519685 -0.984252 0.000000 -0.519685 0.984252 0.000000 0.000000 -0.984252 9.145669 0.546226 -0.984252 8.974713 1.176911 -0.984252 8.530097 1.512565 -0.984252 7.969333 1.512565 -0.984252 6.630750 1.882643 -0.984252 6.630750 2.511552 -0.984252 6.211385 2.959042 -0.984252 5.587574 3.158481 -0.984252 4.232089 3.469504 -0.984252 4.232089 3.970558 -0.984252 3.912149 4.360892 -0.984252 3.264822 4.634439 -0.984252 2.180689 5.908111 -0.984252 1.527567 8.744278 -0.984252 1.032179 5.585277 -0.984252 1.527567 8.267716 -0.984252 0.000000 6.580584 -0.984252 3.088975 7.706590 -0.984252 2.932085 6.082286 -0.984252 2.764759 8.530585 -0.984252 2.148799 6.082286 -0.984252 1.709641 0.000000 -0.984252 9.145669 -0.407691 -0.984252 9.145669 0.000000 0.984252 9.145669 -0.519685 0.984252 9.145669 -0.519685 -0.984252 9.145669 -0.519685 0.984252 0.000000 -0.519685 0.984252 9.145669 -0.519685 -0.984252 0.000000 -0.519685 -0.984252 9.145669 6.580584 0.984252 3.088975 6.082286 0.984252 2.764759 7.706590 0.984252 2.932085 8.530585 0.984252 2.148799 6.082286 0.984252 1.709641 5.908111 0.984252 1.527567 5.585277 0.984252 1.527567 8.744278 0.984252 1.032179 3.158481 0.984252 4.232089 3.970558 0.984252 3.912149 3.469504 0.984252 4.232089 1.512565 0.984252 6.630750 2.511552 0.984252 6.211385 1.882643 0.984252 6.630750 0.000000 0.984252 9.145669 -0.519685 0.984252 9.145669 0.546226 0.984252 8.974713 1.176911 0.984252 8.530097 1.512565 0.984252 7.969333 2.959042 0.984252 5.587574 4.360892 0.984252 3.264822 4.634439 0.984252 2.180689 8.267716 0.984252 0.000000 -0.519685 0.984252 0.000000 8.744278 0.984252 1.032179 8.267716 0.984252 0.000000 8.744278 -0.984252 1.032179 8.267716 -0.984252 0.000000 8.530585 0.984252 2.148799 8.530585 -0.984252 2.148799 7.706590 0.984252 2.932085 7.706590 -0.984252 2.932085 6.580584 0.984252 3.088975 6.580584 -0.984252 3.088975 6.580584 0.984252 3.088975 6.580584 -0.984252 3.088975 6.082286 0.984252 2.764759 6.082286 -0.984252 2.764759 6.082286 0.984252 1.709641 6.082286 0.984252 2.764759 6.082286 -0.984252 1.709641 6.082286 -0.984252 2.764759 5.908111 0.984252 1.527567 6.082286 0.984252 1.709641 5.908111 -0.984252 1.527567 6.082286 -0.984252 1.709641 5.908111 0.984252 1.527567 5.908111 -0.984252 1.527567 5.585277 0.984252 1.527567 5.585277 -0.984252 1.527567 5.585277 0.984252 1.527567 5.585277 -0.984252 1.527567 4.634439 0.984252 2.180689 4.634439 -0.984252 2.180689 4.360892 0.984252 3.264822 4.634439 0.984252 2.180689 4.360892 -0.984252 3.264822 4.634439 -0.984252 2.180689 3.970558 0.984252 3.912149 4.360892 0.984252 3.264822 3.970558 -0.984252 3.912149 4.360892 -0.984252 3.264822 3.970558 0.984252 3.912149 3.970558 -0.984252 3.912149 3.469504 0.984252 4.232089 3.469504 -0.984252 4.232089 3.469504 0.984252 4.232089 3.469504 -0.984252 4.232089 3.158481 0.984252 4.232089 3.158481 -0.984252 4.232089 2.959042 0.984252 5.587574 3.158481 0.984252 4.232089 2.959042 -0.984252 5.587574 3.158481 -0.984252 4.232089 2.511552 0.984252 6.211385 2.959042 0.984252 5.587574 2.511552 -0.984252 6.211385 2.959042 -0.984252 5.587574 2.511552 0.984252 6.211385 2.511552 -0.984252 6.211385 1.882643 0.984252 6.630750 1.882643 -0.984252 6.630750 1.882643 0.984252 6.630750 1.882643 -0.984252 6.630750 1.512565 0.984252 6.630750 1.512565 -0.984252 6.630750 1.512565 0.984252 7.969333 1.512565 0.984252 6.630750 1.512565 -0.984252 7.969333 1.512565 -0.984252 6.630750 1.176911 0.984252 8.530097 1.512565 0.984252 7.969333 1.176911 -0.984252 8.530097 1.512565 -0.984252 7.969333 1.176911 0.984252 8.530097 1.176911 -0.984252 8.530097 0.546226 0.984252 8.974713 0.546226 -0.984252 8.974713 0.546226 0.984252 8.974713 0.546226 -0.984252 8.974713 0.000000 0.984252 9.145669 0.000000 -0.984252 9.145669 "
											            />
										</IndexedFaceSet>
									</Shape>
								</Group>
							</Transform>
						</Transform>
						<Transform DEF="group_78_TRANSFORM"
						           translation="14.734131 0.000000 -23.813797"
						           scale="1.000000 1.000000 1.000000"
						           rotation="0.000000 1.000000 0.000000 0.000000"
						           >
							<Transform DEF="group_78_ifs_TRANSFORM"
							           translation="0.000000 0.000000 0.000000"
							           scale="1.000000 1.000000 1.000000"
							           rotation="0.000000 1.000000 0.000000 0.000000"
							           >
								<Group DEF="group_ME_ID622_004">
									<Shape>
										<Appearance>
											<Material USE="MA_material_012" />
										</Appearance>
										<IndexedFaceSet solid="false"
										                coordIndex="0 1 2 -1 1 0 3 -1 1 3 4 -1 4 3 5 -1 5 3 6 -1 5 6 7 -1 7 6 8 -1 9 10 11 -1 10 9 12 -1 12 9 13 -1 13 9 14 -1 13 14 15 -1 15 14 16 -1 17 13 15 -1 13 18 12 -1 18 13 17 -1 19 18 17 -1 18 19 20 -1 20 19 21 -1 21 22 20 -1 22 21 23 -1 23 21 19 -1 23 19 24 -1 23 25 22 -1 25 23 26 -1 26 23 24 -1 26 24 27 -1 25 28 29 -1 28 25 30 -1 30 25 26 -1 27 30 26 -1 29 31 32 -1 31 29 33 -1 33 29 30 -1 30 29 28 -1 31 11 32 -1 11 31 9 -1 9 31 33 -1 9 33 14 -1 34 16 14 -1 16 34 15 -1 15 34 35 -1 35 34 36 -1 35 17 15 -1 17 35 37 -1 37 19 17 -1 19 37 38 -1 38 24 19 -1 24 38 39 -1 39 27 24 -1 27 39 40 -1 27 41 30 -1 41 27 40 -1 30 42 33 -1 42 30 41 -1 42 14 33 -1 14 42 34 -1 36 43 35 -1 43 36 44 -1 44 36 34 -1 44 34 45 -1 35 46 37 -1 46 35 43 -1 46 38 37 -1 38 46 47 -1 47 39 38 -1 39 47 48 -1 49 39 48 -1 39 49 40 -1 50 40 49 -1 40 50 41 -1 42 50 51 -1 50 42 41 -1 42 45 34 -1 45 42 51 -1 44 52 43 -1 52 44 53 -1 53 44 45 -1 53 45 54 -1 43 55 46 -1 55 43 52 -1 55 47 46 -1 47 55 56 -1 56 48 47 -1 48 56 57 -1 58 48 57 -1 48 58 49 -1 59 49 58 -1 49 59 50 -1 51 59 60 -1 59 51 50 -1 51 54 45 -1 54 51 60 -1 52 56 55 -1 56 52 57 -1 57 52 53 -1 57 53 54 -1 57 54 60 -1 57 60 58 -1 58 60 59 -1 "
										                >
											<Coordinate DEF="coords_ME_ID622_004"
											            point="1.328030 7.561004 31.330109 1.328030 1.297263 31.330109 0.030767 4.429134 31.330109 4.459901 8.858268 31.330109 2.859076 0.663083 31.330109 4.459901 0.000000 31.330109 7.591772 7.561005 31.330109 7.591772 1.297263 31.330109 8.889035 4.429134 31.330109 4.459901 0.000000 33.403969 2.859076 0.663083 31.330109 4.459901 0.000000 31.330109 1.328030 1.297263 31.330109 1.328030 1.297263 33.403969 4.459901 0.000000 34.509304 1.328030 1.297263 34.509304 2.859076 0.663083 34.509304 0.030767 4.429134 34.509304 0.030767 4.429134 31.330109 1.328030 7.561004 34.509304 1.328030 7.561004 31.330109 1.328030 7.561004 33.403969 4.459901 8.858268 31.330109 4.459901 8.858268 33.403969 4.459901 8.858268 34.509304 7.591772 7.561005 31.330109 7.591772 7.561004 33.403969 7.591772 7.561005 34.509304 8.889035 4.429134 33.403969 8.889035 4.429134 31.330109 8.889035 4.429134 34.509304 7.591772 1.297263 33.403969 7.591772 1.297263 31.330109 7.591772 1.297263 34.509304 4.459901 0.399825 35.386585 1.610749 1.579982 35.386585 3.000436 1.004356 35.386585 0.430592 4.429134 35.386585 1.610749 7.278285 35.386585 4.459901 8.458443 35.386585 7.309052 7.278285 35.386585 8.489209 4.429134 35.386585 7.309052 1.579982 35.386585 2.178893 2.148126 36.044201 3.284507 1.690165 36.044201 4.459901 1.203301 36.044201 1.234068 4.429134 36.044201 2.178893 6.710142 36.044201 4.459901 7.654966 36.044201 6.740909 6.710142 36.044201 7.685733 4.429134 36.044201 6.740909 2.148126 36.044201 2.893966 2.863199 36.279526 3.642044 2.553334 36.279526 4.459901 2.214567 36.279526 2.245334 4.429134 36.279526 2.893966 5.995069 36.279526 4.459901 6.643701 36.279526 6.025836 5.995069 36.279526 6.674468 4.429134 36.279526 6.025836 2.863199 36.279526 "
											            />
										</IndexedFaceSet>
									</Shape>
								</Group>
							</Transform>
						</Transform>
					</Transform>
					<Transform DEF="instance_28_TRANSFORM"
					           translation="16.044434 30.012838 20.733444"
					           scale="1.000000 1.000000 1.000000"
					           rotation="0.000000 1.000000 0.000000 0.000000"
					           >
						<Transform DEF="instance_28_ifs_TRANSFORM"
						           translation="0.000000 0.000000 0.000000"
						           scale="1.000000 1.000000 1.000000"
						           rotation="0.000000 1.000000 0.000000 0.000000"
						           >
							<Group USE="group_ME_ID103_003" />
						</Transform>
					</Transform>
					<Transform DEF="instance_29_TRANSFORM"
					           translation="16.044434 5.603390 20.733444"
					           scale="1.000000 1.000000 1.000000"
					           rotation="0.000000 1.000000 0.000000 0.000000"
					           >
						<Transform DEF="instance_29_ifs_TRANSFORM"
						           translation="0.000000 0.000000 0.000000"
						           scale="1.000000 1.000000 1.000000"
						           rotation="0.000000 1.000000 0.000000 0.000000"
						           >
							<Group USE="group_ME_ID103_003" />
						</Transform>
					</Transform>
					<Transform DEF="instance_30_TRANSFORM"
					           translation="16.044434 23.713625 20.733444"
					           scale="1.000000 1.000000 1.000000"
					           rotation="0.000000 0.000000 -1.000000 1.570796"
					           >
						<Transform DEF="instance_30_ifs_TRANSFORM"
						           translation="-0.000000 0.000000 0.000000"
						           scale="1.000000 1.000000 1.000000"
						           rotation="0.000000 1.000000 0.000000 0.000000"
						           >
							<Group USE="group_ME_ID584_001" />
						</Transform>
					</Transform>
					<Transform DEF="instance_31_TRANSFORM"
					           translation="17.225342 34.737247 14.827927"
					           scale="1.000000 1.000000 1.000000"
					           rotation="0.000000 0.000000 -1.000000 1.570796"
					           >
						<Transform DEF="instance_31_ifs_TRANSFORM"
						           translation="0.000000 0.000001 0.000000"
						           scale="1.000000 1.000000 1.000000"
						           rotation="0.000000 1.000000 0.000000 0.000000"
						           >
							<Group USE="group_ME_ID568" />
						</Transform>
					</Transform>
					<Transform DEF="instance_32_TRANSFORM"
					           translation="16.044434 23.565838 12.465729"
					           scale="1.000000 1.000000 1.000000"
					           rotation="0.000000 0.000000 -1.000000 1.570796"
					           >
						<Transform DEF="instance_32_ifs_TRANSFORM"
						           translation="-0.000000 0.000000 0.000000"
						           scale="1.000000 1.000000 1.000000"
						           rotation="0.000000 1.000000 0.000000 0.000000"
						           >
							<Group USE="group_ME_ID584_001" />
						</Transform>
					</Transform>
				</Transform>
			</Transform>
			<Transform DEF="group_79_TRANSFORM"
			           translation="3686.614258 -24.358267 143.781067"
			           scale="1.000000 1.000000 1.000000"
			           rotation="0.000000 1.000000 0.000000 0.000000"
			           >
				<Transform DEF="group_80_TRANSFORM"
				           translation="2.165283 0.000000 -9.606766"
				           scale="1.000000 1.000000 1.000000"
				           rotation="0.000000 1.000000 0.000000 0.000000"
				           >
					<Transform DEF="group_69_001_TRANSFORM"
					           translation="2.165283 4.330709 22.581177"
					           scale="1.000000 1.000000 1.000000"
					           rotation="0.000000 1.000000 0.000000 0.000000"
					           >
						<Transform DEF="group_69_001_ifs_TRANSFORM"
						           translation="0.000000 0.000000 0.000000"
						           scale="1.000000 1.000000 1.000000"
						           rotation="0.000000 1.000000 0.000000 0.000000"
						           >
							<Group DEF="group_ME_ID640">
								<Shape>
									<Appearance>
										<Material USE="MA_material_012" />
									</Appearance>
									<IndexedFaceSet solid="false"
									                coordIndex="0 1 2 -1 1 0 3 -1 3 0 4 -1 4 0 5 -1 5 0 6 -1 6 0 7 -1 7 0 8 -1 8 0 9 -1 10 11 12 -1 11 10 13 -1 14 15 16 -1 15 14 17 -1 18 19 20 -1 19 18 21 -1 22 23 24 -1 23 22 25 -1 26 27 28 -1 27 26 29 -1 30 31 32 -1 31 30 33 -1 34 35 36 -1 35 34 37 -1 38 39 40 -1 39 38 41 -1 42 43 44 -1 43 42 45 -1 46 47 48 -1 47 46 49 -1 50 51 52 -1 51 50 53 -1 51 53 54 -1 51 54 55 -1 51 55 56 -1 51 56 57 -1 51 57 58 -1 51 58 59 -1 "
									                >
										<Coordinate DEF="coords_ME_ID640"
										            point="0.000000 40.950497 4.747790 0.000000 0.015626 1.598223 0.000000 0.000000 4.747790 0.000000 0.806925 0.814738 0.000000 2.384313 0.297623 0.000000 4.747790 0.046879 0.000000 36.249584 0.000000 0.000000 38.610458 0.274184 0.000000 40.397522 0.879739 0.000000 40.966122 1.598223 3.937008 0.000000 4.747790 0.000000 0.015626 1.598223 3.937008 0.015626 1.598223 0.000000 0.000000 4.747790 0.000000 0.000000 4.747790 3.937008 40.950497 4.747790 0.000000 40.950497 4.747790 3.937008 0.000000 4.747790 0.000000 40.966122 1.598223 3.937008 40.950497 4.747790 3.937008 40.966122 1.598223 0.000000 40.950497 4.747790 0.000000 40.397522 0.879739 3.937008 40.966122 1.598223 3.937008 40.397522 0.879739 0.000000 40.966122 1.598223 3.937008 40.397522 0.879739 0.000000 38.610458 0.274184 0.000000 40.397522 0.879739 3.937008 38.610458 0.274184 0.000000 38.610458 0.274184 3.937008 36.249584 0.000000 0.000000 36.249584 0.000000 3.937008 38.610458 0.274184 0.000000 36.249584 0.000000 3.937008 4.747790 0.046879 0.000000 4.747790 0.046879 3.937008 36.249584 0.000000 0.000000 4.747790 0.046879 3.937008 2.384313 0.297623 0.000000 2.384313 0.297623 3.937008 4.747790 0.046879 3.937008 2.384313 0.297623 0.000000 0.806925 0.814738 0.000000 2.384313 0.297623 3.937008 0.806925 0.814738 3.937008 0.806925 0.814738 0.000000 0.015626 1.598223 0.000000 0.806925 0.814738 3.937008 0.015626 1.598223 3.937008 0.015626 1.598223 3.937008 40.950497 4.747790 3.937008 0.000000 4.747790 3.937008 0.806925 0.814738 3.937008 2.384313 0.297623 3.937008 4.747790 0.046879 3.937008 36.249584 0.000000 3.937008 38.610458 0.274184 3.937008 40.397522 0.879739 3.937008 40.966122 1.598223 "
										            />
									</IndexedFaceSet>
								</Shape>
							</Group>
						</Transform>
					</Transform>
					<Transform DEF="group_70_001_TRANSFORM"
					           translation="0.000000 0.000000 26.801514"
					           scale="1.000000 1.000000 1.000000"
					           rotation="0.000000 1.000000 0.000000 0.000000"
					           >
						<Transform DEF="group_70_001_ifs_TRANSFORM"
						           translation="0.000000 0.000000 0.000000"
						           scale="1.000000 1.000000 1.000000"
						           rotation="0.000000 1.000000 0.000000 0.000000"
						           >
							<Group DEF="group_ME_ID647_002">
								<Shape>
									<Appearance>
										<Material USE="MA_material_012" />
									</Appearance>
									<IndexedFaceSet solid="false"
									                coordIndex="0 1 2 -1 1 0 3 -1 4 5 6 -1 5 4 7 -1 5 7 8 -1 8 7 9 -1 8 9 10 -1 10 9 11 -1 10 11 12 -1 12 11 13 -1 12 13 14 -1 14 13 15 -1 14 15 16 -1 16 15 17 -1 18 2 19 -1 2 18 0 -1 20 21 22 -1 21 20 23 -1 21 23 24 -1 24 23 25 -1 25 23 26 -1 25 26 27 -1 25 27 28 -1 28 27 29 -1 28 29 30 -1 30 29 31 -1 31 29 32 -1 31 32 33 -1 34 1 3 -1 1 34 35 -1 36 37 38 -1 37 36 39 -1 40 41 42 -1 41 40 43 -1 43 44 41 -1 44 43 45 -1 44 46 47 -1 46 44 45 -1 47 48 49 -1 48 47 46 -1 48 50 49 -1 50 48 51 -1 51 52 50 -1 52 51 53 -1 54 19 55 -1 19 54 18 -1 56 35 34 -1 35 56 57 -1 56 58 57 -1 58 56 59 -1 59 38 58 -1 38 59 36 -1 "
									                >
										<Coordinate DEF="coords_ME_ID647_002"
										            point="0.553832 74.249336 2.066929 2.066929 0.000000 0.553832 0.553832 0.000000 2.066929 2.066929 74.249336 0.553832 6.200787 0.000000 0.553832 2.066929 0.000000 0.553832 4.133858 0.000000 0.000000 7.713885 0.000000 2.066929 0.553832 0.000000 2.066929 8.267716 0.000000 4.133858 0.000000 0.000000 4.133858 8.000822 0.000000 5.129921 0.266894 0.000000 5.129921 7.713885 0.000000 6.200788 0.553832 0.000000 6.200788 6.200787 0.000000 7.713885 2.066929 0.000000 7.713885 4.133858 0.000000 8.267716 0.000000 74.249336 4.133858 0.000000 0.000000 4.133858 2.066929 74.249336 0.553832 6.200787 74.249336 0.553832 4.133858 74.249336 0.000000 0.553832 74.249336 2.066929 7.713885 74.249336 2.066929 8.267716 74.249336 4.133858 0.000000 74.249336 4.133858 0.266894 74.249336 5.129921 8.000822 74.249336 5.129921 0.553832 74.249336 6.200788 7.713885 74.249336 6.200788 6.200787 74.249336 7.713885 2.066929 74.249336 7.713885 4.133858 74.249336 8.267716 4.133858 74.249336 0.000000 4.133858 0.000000 0.000000 8.267716 74.249336 4.133858 8.000822 0.000000 5.129921 8.267716 0.000000 4.133858 8.000822 74.249336 5.129921 8.000822 74.249336 5.129921 7.713885 0.000000 6.200788 8.000822 0.000000 5.129921 7.713885 74.249336 6.200788 6.200787 0.000000 7.713885 6.200787 74.249336 7.713885 4.133858 74.249336 8.267716 4.133858 0.000000 8.267716 2.066929 74.249336 7.713885 2.066929 0.000000 7.713885 0.553832 0.000000 6.200788 0.553832 74.249336 6.200788 0.266894 0.000000 5.129921 0.266894 74.249336 5.129921 0.266894 74.249336 5.129921 0.266894 0.000000 5.129921 6.200787 74.249336 0.553832 6.200787 0.000000 0.553832 7.713885 0.000000 2.066929 7.713885 74.249336 2.066929 "
										            />
									</IndexedFaceSet>
								</Shape>
							</Group>
						</Transform>
					</Transform>
					<Transform DEF="instance_23_001_TRANSFORM"
					           translation="0.984131 9.934099 20.236694"
					           scale="1.000000 1.000000 1.000000"
					           rotation="0.000000 1.000000 0.000000 0.000000"
					           >
						<Transform DEF="instance_23_001_ifs_TRANSFORM"
						           translation="0.000000 0.000000 0.000000"
						           scale="1.000000 1.000000 1.000000"
						           rotation="0.000000 1.000000 0.000000 0.000000"
						           >
							<Group USE="group_ME_ID103_003" />
						</Transform>
					</Transform>
					<Transform DEF="instance_24_001_TRANSFORM"
					           translation="0.984131 34.343544 20.236694"
					           scale="1.000000 1.000000 1.000000"
					           rotation="0.000000 1.000000 0.000000 0.000000"
					           >
						<Transform DEF="instance_24_001_ifs_TRANSFORM"
						           translation="0.000000 0.000000 0.000000"
						           scale="1.000000 1.000000 1.000000"
						           rotation="0.000000 1.000000 0.000000 0.000000"
						           >
							<Group USE="group_ME_ID103_003" />
						</Transform>
					</Transform>
					<Transform DEF="instance_25_001_TRANSFORM"
					           translation="2.165283 39.067955 14.331177"
					           scale="1.000000 1.000000 1.000000"
					           rotation="0.000000 0.000000 -1.000000 1.570796"
					           >
						<Transform DEF="instance_25_001_ifs_TRANSFORM"
						           translation="0.000000 0.000001 0.000000"
						           scale="1.000000 1.000000 1.000000"
						           rotation="0.000000 1.000000 0.000000 0.000000"
						           >
							<Group USE="group_ME_ID568" />
						</Transform>
					</Transform>
				</Transform>
				<Transform DEF="instance_33_TRANSFORM"
				           translation="12.598389 18.464565 0.000000"
				           scale="-1.000000 -1.000000 -1.000000"
				           rotation="-1.000000 0.000000 0.000000 3.141593"
				           >
					<Transform DEF="instance_33_ifs_TRANSFORM"
					           translation="0.000000 0.000000 0.000001"
					           scale="1.000000 1.000000 1.000000"
					           rotation="0.000000 1.000000 0.000000 0.000000"
					           >
						<Group USE="group_ME_ID576" />
					</Transform>
				</Transform>
				<Transform DEF="instance_34_TRANSFORM"
				           translation="3.149658 27.847483 10.629913"
				           scale="1.000000 1.000000 1.000000"
				           rotation="0.000000 0.000000 -1.000000 1.570796"
				           >
					<Transform DEF="instance_34_ifs_TRANSFORM"
					           translation="0.000000 0.000000 0.000000"
					           scale="1.000000 1.000000 1.000000"
					           rotation="0.000000 1.000000 0.000000 0.000000"
					           >
						<Group USE="group_ME_ID584_001" />
					</Transform>
				</Transform>
			</Transform>
			<Transform DEF="group_81_TRANSFORM"
			           translation="3626.475098 -24.830709 156.186417"
			           scale="1.000000 1.000000 1.000000"
			           rotation="0.000000 1.000000 0.000000 0.000000"
			           >
				<Transform DEF="group_72_001_TRANSFORM"
				           translation="15.060059 0.000000 27.266235"
				           scale="1.000000 1.000000 1.000000"
				           rotation="0.000000 1.000000 0.000000 0.000000"
				           >
					<Transform DEF="group_72_001_ifs_TRANSFORM"
					           translation="0.000000 0.000000 0.000000"
					           scale="1.000000 1.000000 1.000000"
					           rotation="0.000000 1.000000 0.000000 0.000000"
					           >
						<Group DEF="group_ME_ID660">
							<Shape>
								<Appearance>
									<Material USE="MA_material_012" />
								</Appearance>
								<IndexedFaceSet solid="false"
								                coordIndex="0 1 2 -1 1 0 3 -1 4 5 6 -1 5 4 7 -1 5 7 8 -1 8 7 9 -1 8 9 10 -1 10 9 11 -1 10 11 12 -1 12 11 13 -1 12 13 14 -1 14 13 15 -1 14 15 16 -1 16 15 17 -1 18 2 19 -1 2 18 0 -1 20 21 22 -1 21 20 23 -1 21 23 24 -1 24 23 25 -1 25 23 26 -1 25 26 27 -1 25 27 28 -1 28 27 29 -1 28 29 30 -1 30 29 31 -1 31 29 32 -1 31 32 33 -1 34 1 3 -1 1 34 35 -1 36 37 38 -1 37 36 39 -1 40 41 42 -1 41 40 43 -1 43 44 41 -1 44 43 45 -1 44 46 47 -1 46 44 45 -1 47 48 49 -1 48 47 46 -1 48 50 49 -1 50 48 51 -1 51 52 50 -1 52 51 53 -1 54 19 55 -1 19 54 18 -1 56 35 34 -1 35 56 57 -1 56 58 57 -1 58 56 59 -1 59 38 58 -1 38 59 36 -1 "
								                >
									<Coordinate DEF="coords_ME_ID660"
									            point="0.553832 74.249336 2.066929 2.066929 0.000000 0.553832 0.553832 0.000000 2.066929 2.066929 74.249336 0.553832 6.200787 0.000000 0.553832 2.066929 0.000000 0.553832 4.133858 0.000000 0.000000 7.713885 0.000000 2.066929 0.553832 0.000000 2.066929 8.267716 0.000000 4.133858 0.000000 0.000000 4.133858 8.000822 0.000000 5.129921 0.266894 0.000000 5.129921 7.713885 0.000000 6.200788 0.553832 0.000000 6.200788 6.200787 0.000000 7.713885 2.066929 0.000000 7.713885 4.133858 0.000000 8.267716 0.000000 74.249336 4.133858 0.000000 0.000000 4.133858 2.066929 74.249336 0.553832 6.200787 74.249336 0.553832 4.133858 74.249336 0.000000 0.553832 74.249336 2.066929 7.713885 74.249336 2.066929 8.267716 74.249336 4.133858 0.000000 74.249336 4.133858 0.266894 74.249336 5.129921 8.000822 74.249336 5.129921 0.553832 74.249336 6.200788 7.713885 74.249336 6.200788 6.200787 74.249336 7.713885 2.066929 74.249336 7.713885 4.133858 74.249336 8.267716 4.133858 74.249336 0.000000 4.133858 0.000000 0.000000 8.267716 74.249336 4.133858 8.000822 0.000000 5.129921 8.267716 0.000000 4.133858 8.000822 74.249336 5.129921 8.000822 74.249336 5.129921 7.713885 0.000000 6.200788 8.000822 0.000000 5.129921 7.713885 74.249336 6.200788 6.200787 0.000000 7.713885 6.200787 74.249336 7.713885 4.133858 74.249336 8.267716 4.133858 0.000000 8.267716 2.066929 74.249336 7.713885 2.066929 0.000000 7.713885 0.553832 0.000000 6.200788 0.553832 74.249336 6.200788 0.266894 0.000000 5.129921 0.266894 74.249336 5.129921 0.266894 74.249336 5.129921 0.266894 0.000000 5.129921 6.200787 74.249336 0.553832 6.200787 0.000000 0.553832 7.713885 0.000000 2.066929 7.713885 74.249336 2.066929 "
									            />
								</IndexedFaceSet>
							</Shape>
						</Group>
					</Transform>
				</Transform>
				<Transform DEF="group_73_001_TRANSFORM"
				           translation="0.000000 3.925198 0.000000"
				           scale="1.000000 1.000000 1.000000"
				           rotation="0.000000 1.000000 0.000000 0.000000"
				           >
					<Transform DEF="group_74_001_TRANSFORM"
					           translation="17.225342 0.000000 23.077927"
					           scale="1.000000 1.000000 1.000000"
					           rotation="0.000000 1.000000 0.000000 0.000000"
					           >
						<Transform DEF="group_74_001_ifs_TRANSFORM"
						           translation="0.000000 0.000000 0.000000"
						           scale="1.000000 1.000000 1.000000"
						           rotation="0.000000 1.000000 0.000000 0.000000"
						           >
							<Group DEF="group_ME_ID668_001">
								<Shape>
									<Appearance>
										<Material USE="MA_material_012" />
									</Appearance>
									<IndexedFaceSet solid="false"
									                coordIndex="0 1 2 -1 1 0 3 -1 3 0 4 -1 4 0 5 -1 5 0 6 -1 6 0 7 -1 7 0 8 -1 8 0 9 -1 10 11 12 -1 11 10 13 -1 14 15 16 -1 15 14 17 -1 18 19 20 -1 19 18 21 -1 22 23 24 -1 23 22 25 -1 26 27 28 -1 27 26 29 -1 30 31 32 -1 31 30 33 -1 34 35 36 -1 35 34 37 -1 38 39 40 -1 39 38 41 -1 42 43 44 -1 43 42 45 -1 46 47 48 -1 47 46 49 -1 50 51 52 -1 51 50 53 -1 51 53 54 -1 51 54 55 -1 51 55 56 -1 51 56 57 -1 51 57 58 -1 51 58 59 -1 "
									                >
										<Coordinate DEF="coords_ME_ID668_001"
										            point="0.000000 40.950497 4.747790 0.000000 0.015626 1.598223 0.000000 0.000000 4.747790 0.000000 0.806925 0.814738 0.000000 2.384313 0.297623 0.000000 4.747790 0.046879 0.000000 36.249584 0.000000 0.000000 38.610458 0.274184 0.000000 40.397522 0.879739 0.000000 40.966122 1.598223 3.937008 0.000000 4.747790 0.000000 0.015626 1.598223 3.937008 0.015626 1.598223 0.000000 0.000000 4.747790 0.000000 0.000000 4.747790 3.937008 40.950497 4.747790 0.000000 40.950497 4.747790 3.937008 0.000000 4.747790 0.000000 40.966122 1.598223 3.937008 40.950497 4.747790 3.937008 40.966122 1.598223 0.000000 40.950497 4.747790 0.000000 40.397522 0.879739 3.937008 40.966122 1.598223 3.937008 40.397522 0.879739 0.000000 40.966122 1.598223 3.937008 40.397522 0.879739 0.000000 38.610458 0.274184 0.000000 40.397522 0.879739 3.937008 38.610458 0.274184 0.000000 38.610458 0.274184 3.937008 36.249584 0.000000 0.000000 36.249584 0.000000 3.937008 38.610458 0.274184 0.000000 36.249584 0.000000 3.937008 4.747790 0.046879 0.000000 4.747790 0.046879 3.937008 36.249584 0.000000 0.000000 4.747790 0.046879 3.937008 2.384313 0.297623 0.000000 2.384313 0.297623 3.937008 4.747790 0.046879 3.937008 2.384313 0.297623 0.000000 0.806925 0.814738 0.000000 2.384313 0.297623 3.937008 0.806925 0.814738 3.937008 0.806925 0.814738 0.000000 0.015626 1.598223 0.000000 0.806925 0.814738 3.937008 0.015626 1.598223 3.937008 0.015626 1.598223 3.937008 40.950497 4.747790 3.937008 0.000000 4.747790 3.937008 0.806925 0.814738 3.937008 2.384313 0.297623 3.937008 4.747790 0.046879 3.937008 36.249584 0.000000 3.937008 38.610458 0.274184 3.937008 40.397522 0.879739 3.937008 40.966122 1.598223 "
										            />
									</IndexedFaceSet>
								</Shape>
							</Group>
						</Transform>
					</Transform>
					<Transform DEF="group_75_001_TRANSFORM"
					           translation="0.000000 15.987099 0.000000"
					           scale="1.000000 1.000000 1.000000"
					           rotation="0.000000 1.000000 0.000000 0.000000"
					           >
						<Transform DEF="group_75_001_ifs_TRANSFORM"
						           translation="0.000000 0.000000 0.000000"
						           scale="1.000000 1.000000 1.000000"
						           rotation="0.000000 1.000000 0.000000 0.000000"
						           >
							<Group DEF="group_ME_ID696">
							</Group>
						</Transform>
						<Transform DEF="group_76_001_TRANSFORM"
						           translation="23.960938 4.429134 0.000000"
						           scale="1.650000 1.000000 1.260610"
						           rotation="-0.000000 0.000000 0.000000 0.000000"
						           >
							<Transform DEF="group_76_001_ifs_TRANSFORM"
							           translation="0.000000 0.000000 -0.000008"
							           scale="1.000000 1.000000 1.000000"
							           rotation="0.000000 0.000000 0.000000 0.000000"
							           >
								<Group DEF="group_ME_ID676_004">
									<Shape>
										<Appearance>
											<Material USE="MA_material_012" />
										</Appearance>
										<IndexedFaceSet solid="false"
										                coordIndex="0 1 2 -1 1 0 3 -1 4 5 6 -1 5 4 7 -1 7 4 8 -1 9 10 11 -1 10 9 12 -1 12 9 13 -1 13 9 14 -1 13 14 15 -1 11 0 16 -1 0 11 17 -1 0 17 18 -1 0 18 3 -1 17 11 10 -1 3 18 19 -1 19 18 20 -1 19 20 21 -1 19 21 22 -1 3 19 23 -1 23 19 24 -1 23 24 25 -1 23 25 26 -1 3 23 27 -1 3 27 28 -1 3 28 29 -1 3 29 30 -1 31 32 33 -1 32 31 34 -1 34 31 35 -1 36 37 38 -1 37 36 39 -1 40 41 42 -1 41 40 43 -1 43 40 44 -1 42 41 45 -1 43 44 46 -1 43 46 47 -1 47 46 48 -1 46 44 49 -1 46 49 50 -1 50 49 51 -1 49 44 52 -1 52 44 53 -1 53 44 54 -1 54 44 55 -1 56 51 49 -1 57 48 46 -1 45 58 59 -1 58 45 41 -1 59 58 60 -1 59 60 61 -1 59 61 62 -1 62 61 63 -1 64 65 66 -1 65 64 67 -1 65 68 69 -1 68 65 67 -1 69 70 71 -1 70 69 68 -1 71 72 73 -1 72 71 70 -1 74 75 76 -1 75 74 77 -1 78 79 80 -1 79 78 81 -1 82 83 84 -1 83 82 85 -1 86 87 88 -1 87 86 89 -1 90 91 92 -1 91 90 93 -1 94 95 96 -1 95 94 97 -1 98 99 100 -1 99 98 101 -1 102 103 104 -1 103 102 105 -1 106 107 108 -1 107 106 109 -1 110 111 112 -1 111 110 113 -1 114 115 116 -1 115 114 117 -1 118 119 120 -1 119 118 121 -1 122 123 124 -1 123 122 125 -1 126 127 128 -1 127 126 129 -1 130 131 132 -1 131 130 133 -1 134 135 136 -1 135 134 137 -1 138 139 140 -1 139 138 141 -1 "
										                >
											<Coordinate DEF="coords_ME_ID676_004"
											            point="-0.407691 -0.984252 0.000000 -0.519685 -0.984252 9.145669 -0.519685 -0.984252 0.000000 -0.407691 -0.984252 9.145669 8.267716 0.984252 0.000000 -0.519685 -0.984252 0.000000 -0.519685 0.984252 0.000000 -0.407691 -0.984252 0.000000 8.267716 -0.984252 0.000000 8.530585 -0.984252 2.148799 5.908111 -0.984252 1.527567 8.744278 -0.984252 1.032179 6.082286 -0.984252 1.709641 6.082286 -0.984252 2.764759 7.706590 -0.984252 2.932085 6.580584 -0.984252 3.088975 8.267716 -0.984252 0.000000 5.585277 -0.984252 1.527567 4.634439 -0.984252 2.180689 3.158481 -0.984252 4.232089 4.360892 -0.984252 3.264822 3.970558 -0.984252 3.912149 3.469504 -0.984252 4.232089 1.512565 -0.984252 6.630750 2.959042 -0.984252 5.587574 2.511552 -0.984252 6.211385 1.882643 -0.984252 6.630750 1.512565 -0.984252 7.969333 1.176911 -0.984252 8.530097 0.546226 -0.984252 8.974713 0.000000 -0.984252 9.145669 -0.407691 -0.984252 9.145669 -0.519685 0.984252 9.145669 -0.519685 -0.984252 9.145669 0.000000 0.984252 9.145669 0.000000 -0.984252 9.145669 -0.519685 -0.984252 9.145669 -0.519685 0.984252 0.000000 -0.519685 -0.984252 0.000000 -0.519685 0.984252 9.145669 -0.519685 0.984252 0.000000 5.585277 0.984252 1.527567 8.267716 0.984252 0.000000 4.634439 0.984252 2.180689 -0.519685 0.984252 9.145669 8.744278 0.984252 1.032179 3.158481 0.984252 4.232089 4.360892 0.984252 3.264822 3.970558 0.984252 3.912149 1.512565 0.984252 6.630750 2.959042 0.984252 5.587574 2.511552 0.984252 6.211385 1.512565 0.984252 7.969333 1.176911 0.984252 8.530097 0.546226 0.984252 8.974713 0.000000 0.984252 9.145669 1.882643 0.984252 6.630750 3.469504 0.984252 4.232089 5.908111 0.984252 1.527567 8.530585 0.984252 2.148799 6.082286 0.984252 1.709641 6.082286 0.984252 2.764759 7.706590 0.984252 2.932085 6.580584 0.984252 3.088975 8.267716 0.984252 0.000000 8.744278 -0.984252 1.032179 8.267716 -0.984252 0.000000 8.744278 0.984252 1.032179 8.530585 0.984252 2.148799 8.530585 -0.984252 2.148799 7.706590 0.984252 2.932085 7.706590 -0.984252 2.932085 6.580584 0.984252 3.088975 6.580584 -0.984252 3.088975 6.580584 -0.984252 3.088975 6.082286 0.984252 2.764759 6.082286 -0.984252 2.764759 6.580584 0.984252 3.088975 6.082286 0.984252 2.764759 6.082286 -0.984252 1.709641 6.082286 -0.984252 2.764759 6.082286 0.984252 1.709641 6.082286 -0.984252 1.709641 5.908111 0.984252 1.527567 5.908111 -0.984252 1.527567 6.082286 0.984252 1.709641 5.908111 -0.984252 1.527567 5.585277 0.984252 1.527567 5.585277 -0.984252 1.527567 5.908111 0.984252 1.527567 5.585277 -0.984252 1.527567 4.634439 0.984252 2.180689 4.634439 -0.984252 2.180689 5.585277 0.984252 1.527567 4.634439 0.984252 2.180689 4.360892 -0.984252 3.264822 4.634439 -0.984252 2.180689 4.360892 0.984252 3.264822 4.360892 -0.984252 3.264822 3.970558 0.984252 3.912149 3.970558 -0.984252 3.912149 4.360892 0.984252 3.264822 3.970558 -0.984252 3.912149 3.469504 0.984252 4.232089 3.469504 -0.984252 4.232089 3.970558 0.984252 3.912149 3.469504 -0.984252 4.232089 3.158481 0.984252 4.232089 3.158481 -0.984252 4.232089 3.469504 0.984252 4.232089 3.158481 0.984252 4.232089 2.959042 -0.984252 5.587574 3.158481 -0.984252 4.232089 2.959042 0.984252 5.587574 2.959042 0.984252 5.587574 2.511552 -0.984252 6.211385 2.959042 -0.984252 5.587574 2.511552 0.984252 6.211385 2.511552 -0.984252 6.211385 1.882643 0.984252 6.630750 1.882643 -0.984252 6.630750 2.511552 0.984252 6.211385 1.882643 -0.984252 6.630750 1.512565 0.984252 6.630750 1.512565 -0.984252 6.630750 1.882643 0.984252 6.630750 1.512565 0.984252 6.630750 1.512565 -0.984252 7.969333 1.512565 -0.984252 6.630750 1.512565 0.984252 7.969333 1.512565 0.984252 7.969333 1.176911 -0.984252 8.530097 1.512565 -0.984252 7.969333 1.176911 0.984252 8.530097 1.176911 -0.984252 8.530097 0.546226 0.984252 8.974713 0.546226 -0.984252 8.974713 1.176911 0.984252 8.530097 0.546226 -0.984252 8.974713 0.000000 0.984252 9.145669 0.000000 -0.984252 9.145669 0.546226 0.984252 8.974713 "
											            />
										</IndexedFaceSet>
									</Shape>
								</Group>
							</Transform>
						</Transform>
						<Transform DEF="group_77_001_TRANSFORM"
						           translation="14.427979 4.426601 0.000000"
						           scale="-1.650000 -1.000000 -1.260610"
						           rotation="-1.000000 0.000000 0.000000 3.141593"
						           >
							<Transform DEF="group_77_001_ifs_TRANSFORM"
							           translation="0.000244 -0.000000 -0.000008"
							           scale="1.000000 1.000000 1.000000"
							           rotation="0.000000 1.000000 0.000000 0.000000"
							           >
								<Group DEF="group_ME_ID683_003">
									<Shape>
										<Appearance>
											<Material USE="MA_material_012" />
										</Appearance>
										<IndexedFaceSet solid="false"
										                coordIndex="0 1 2 -1 3 2 1 -1 4 5 6 -1 6 5 7 -1 8 7 5 -1 9 10 0 -1 10 11 0 -1 11 12 0 -1 12 13 0 -1 14 15 13 -1 15 16 13 -1 16 17 13 -1 13 17 0 -1 18 19 17 -1 19 20 17 -1 20 21 17 -1 17 21 0 -1 22 23 24 -1 0 21 1 -1 21 24 1 -1 24 23 1 -1 25 1 23 -1 26 27 28 -1 27 29 28 -1 28 29 30 -1 30 29 22 -1 23 22 29 -1 31 32 33 -1 33 32 34 -1 35 34 32 -1 36 37 38 -1 39 38 37 -1 40 41 42 -1 42 41 43 -1 41 44 43 -1 44 45 43 -1 46 47 45 -1 43 45 47 -1 48 49 50 -1 51 52 53 -1 54 55 56 -1 56 55 57 -1 57 55 58 -1 58 55 51 -1 52 51 59 -1 59 51 48 -1 51 55 48 -1 49 48 60 -1 60 48 61 -1 48 55 61 -1 47 46 62 -1 55 63 61 -1 61 63 46 -1 62 46 63 -1 64 65 66 -1 67 66 65 -1 68 64 69 -1 66 69 64 -1 68 69 70 -1 71 70 69 -1 70 71 72 -1 73 72 71 -1 74 75 76 -1 77 76 75 -1 78 79 80 -1 81 80 79 -1 82 83 84 -1 85 84 83 -1 86 87 88 -1 89 88 87 -1 90 91 92 -1 93 92 91 -1 94 95 96 -1 97 96 95 -1 98 99 100 -1 101 100 99 -1 102 103 104 -1 105 104 103 -1 106 107 108 -1 109 108 107 -1 110 111 112 -1 113 112 111 -1 114 115 116 -1 117 116 115 -1 118 119 120 -1 121 120 119 -1 122 123 124 -1 125 124 123 -1 126 127 128 -1 129 128 127 -1 130 131 132 -1 133 132 131 -1 134 135 136 -1 137 136 135 -1 138 139 140 -1 141 140 139 -1 "
										                >
											<Coordinate DEF="coords_ME_ID683_003"
											            point="-0.407691 -0.984252 9.145669 -0.407691 -0.984252 0.000000 -0.519685 -0.984252 9.145669 -0.519685 -0.984252 0.000000 8.267716 -0.984252 0.000000 8.267716 0.984252 0.000000 -0.407691 -0.984252 0.000000 -0.519685 -0.984252 0.000000 -0.519685 0.984252 0.000000 0.000000 -0.984252 9.145669 0.546226 -0.984252 8.974713 1.176911 -0.984252 8.530097 1.512565 -0.984252 7.969333 1.512565 -0.984252 6.630750 1.882643 -0.984252 6.630750 2.511552 -0.984252 6.211385 2.959042 -0.984252 5.587574 3.158481 -0.984252 4.232089 3.469504 -0.984252 4.232089 3.970558 -0.984252 3.912149 4.360892 -0.984252 3.264822 4.634439 -0.984252 2.180689 5.908111 -0.984252 1.527567 8.744278 -0.984252 1.032179 5.585277 -0.984252 1.527567 8.267716 -0.984252 0.000000 6.580584 -0.984252 3.088975 7.706590 -0.984252 2.932085 6.082286 -0.984252 2.764759 8.530585 -0.984252 2.148799 6.082286 -0.984252 1.709641 0.000000 -0.984252 9.145669 -0.407691 -0.984252 9.145669 0.000000 0.984252 9.145669 -0.519685 0.984252 9.145669 -0.519685 -0.984252 9.145669 -0.519685 0.984252 0.000000 -0.519685 0.984252 9.145669 -0.519685 -0.984252 0.000000 -0.519685 -0.984252 9.145669 6.580584 0.984252 3.088975 6.082286 0.984252 2.764759 7.706590 0.984252 2.932085 8.530585 0.984252 2.148799 6.082286 0.984252 1.709641 5.908111 0.984252 1.527567 5.585277 0.984252 1.527567 8.744278 0.984252 1.032179 3.158481 0.984252 4.232089 3.970558 0.984252 3.912149 3.469504 0.984252 4.232089 1.512565 0.984252 6.630750 2.511552 0.984252 6.211385 1.882643 0.984252 6.630750 0.000000 0.984252 9.145669 -0.519685 0.984252 9.145669 0.546226 0.984252 8.974713 1.176911 0.984252 8.530097 1.512565 0.984252 7.969333 2.959042 0.984252 5.587574 4.360892 0.984252 3.264822 4.634439 0.984252 2.180689 8.267716 0.984252 0.000000 -0.519685 0.984252 0.000000 8.744278 0.984252 1.032179 8.267716 0.984252 0.000000 8.744278 -0.984252 1.032179 8.267716 -0.984252 0.000000 8.530585 0.984252 2.148799 8.530585 -0.984252 2.148799 7.706590 0.984252 2.932085 7.706590 -0.984252 2.932085 6.580584 0.984252 3.088975 6.580584 -0.984252 3.088975 6.580584 0.984252 3.088975 6.580584 -0.984252 3.088975 6.082286 0.984252 2.764759 6.082286 -0.984252 2.764759 6.082286 0.984252 1.709641 6.082286 0.984252 2.764759 6.082286 -0.984252 1.709641 6.082286 -0.984252 2.764759 5.908111 0.984252 1.527567 6.082286 0.984252 1.709641 5.908111 -0.984252 1.527567 6.082286 -0.984252 1.709641 5.908111 0.984252 1.527567 5.908111 -0.984252 1.527567 5.585277 0.984252 1.527567 5.585277 -0.984252 1.527567 5.585277 0.984252 1.527567 5.585277 -0.984252 1.527567 4.634439 0.984252 2.180689 4.634439 -0.984252 2.180689 4.360892 0.984252 3.264822 4.634439 0.984252 2.180689 4.360892 -0.984252 3.264822 4.634439 -0.984252 2.180689 3.970558 0.984252 3.912149 4.360892 0.984252 3.264822 3.970558 -0.984252 3.912149 4.360892 -0.984252 3.264822 3.970558 0.984252 3.912149 3.970558 -0.984252 3.912149 3.469504 0.984252 4.232089 3.469504 -0.984252 4.232089 3.469504 0.984252 4.232089 3.469504 -0.984252 4.232089 3.158481 0.984252 4.232089 3.158481 -0.984252 4.232089 2.959042 0.984252 5.587574 3.158481 0.984252 4.232089 2.959042 -0.984252 5.587574 3.158481 -0.984252 4.232089 2.511552 0.984252 6.211385 2.959042 0.984252 5.587574 2.511552 -0.984252 6.211385 2.959042 -0.984252 5.587574 2.511552 0.984252 6.211385 2.511552 -0.984252 6.211385 1.882643 0.984252 6.630750 1.882643 -0.984252 6.630750 1.882643 0.984252 6.630750 1.882643 -0.984252 6.630750 1.512565 0.984252 6.630750 1.512565 -0.984252 6.630750 1.512565 0.984252 7.969333 1.512565 0.984252 6.630750 1.512565 -0.984252 7.969333 1.512565 -0.984252 6.630750 1.176911 0.984252 8.530097 1.512565 0.984252 7.969333 1.176911 -0.984252 8.530097 1.512565 -0.984252 7.969333 1.176911 0.984252 8.530097 1.176911 -0.984252 8.530097 0.546226 0.984252 8.974713 0.546226 -0.984252 8.974713 0.546226 0.984252 8.974713 0.546226 -0.984252 8.974713 0.000000 0.984252 9.145669 0.000000 -0.984252 9.145669 "
											            />
										</IndexedFaceSet>
									</Shape>
								</Group>
							</Transform>
						</Transform>
						<Transform DEF="group_78_001_TRANSFORM"
						           translation="14.734131 0.000000 -23.813797"
						           scale="1.000000 1.000000 1.000000"
						           rotation="0.000000 1.000000 0.000000 0.000000"
						           >
							<Transform DEF="group_78_001_ifs_TRANSFORM"
							           translation="0.000000 0.000000 0.000000"
							           scale="1.000000 1.000000 1.000000"
							           rotation="0.000000 1.000000 0.000000 0.000000"
							           >
								<Group DEF="group_ME_ID690">
									<Shape>
										<Appearance>
											<Material USE="MA_material_012" />
										</Appearance>
										<IndexedFaceSet solid="false"
										                coordIndex="0 1 2 -1 1 0 3 -1 1 3 4 -1 4 3 5 -1 5 3 6 -1 5 6 7 -1 7 6 8 -1 9 10 11 -1 10 9 12 -1 12 9 13 -1 13 9 14 -1 13 14 15 -1 15 14 16 -1 17 13 15 -1 13 18 12 -1 18 13 17 -1 19 18 17 -1 18 19 20 -1 20 19 21 -1 21 22 20 -1 22 21 23 -1 23 21 19 -1 23 19 24 -1 23 25 22 -1 25 23 26 -1 26 23 24 -1 26 24 27 -1 25 28 29 -1 28 25 30 -1 30 25 26 -1 27 30 26 -1 29 31 32 -1 31 29 33 -1 33 29 30 -1 30 29 28 -1 31 11 32 -1 11 31 9 -1 9 31 33 -1 9 33 14 -1 34 16 14 -1 16 34 15 -1 15 34 35 -1 35 34 36 -1 35 17 15 -1 17 35 37 -1 37 19 17 -1 19 37 38 -1 38 24 19 -1 24 38 39 -1 39 27 24 -1 27 39 40 -1 27 41 30 -1 41 27 40 -1 30 42 33 -1 42 30 41 -1 42 14 33 -1 14 42 34 -1 36 43 35 -1 43 36 44 -1 44 36 34 -1 44 34 45 -1 35 46 37 -1 46 35 43 -1 46 38 37 -1 38 46 47 -1 47 39 38 -1 39 47 48 -1 49 39 48 -1 39 49 40 -1 50 40 49 -1 40 50 41 -1 42 50 51 -1 50 42 41 -1 42 45 34 -1 45 42 51 -1 44 52 43 -1 52 44 53 -1 53 44 45 -1 53 45 54 -1 43 55 46 -1 55 43 52 -1 55 47 46 -1 47 55 56 -1 56 48 47 -1 48 56 57 -1 58 48 57 -1 48 58 49 -1 59 49 58 -1 49 59 50 -1 51 59 60 -1 59 51 50 -1 51 54 45 -1 54 51 60 -1 52 56 55 -1 56 52 57 -1 57 52 53 -1 57 53 54 -1 57 54 60 -1 57 60 58 -1 58 60 59 -1 "
										                >
											<Coordinate DEF="coords_ME_ID690"
											            point="1.328030 7.561004 31.330109 1.328030 1.297263 31.330109 0.030767 4.429134 31.330109 4.459901 8.858268 31.330109 2.859076 0.663083 31.330109 4.459901 0.000000 31.330109 7.591772 7.561005 31.330109 7.591772 1.297263 31.330109 8.889035 4.429134 31.330109 4.459901 0.000000 33.403969 2.859076 0.663083 31.330109 4.459901 0.000000 31.330109 1.328030 1.297263 31.330109 1.328030 1.297263 33.403969 4.459901 0.000000 34.509304 1.328030 1.297263 34.509304 2.859076 0.663083 34.509304 0.030767 4.429134 34.509304 0.030767 4.429134 31.330109 1.328030 7.561004 34.509304 1.328030 7.561004 31.330109 1.328030 7.561004 33.403969 4.459901 8.858268 31.330109 4.459901 8.858268 33.403969 4.459901 8.858268 34.509304 7.591772 7.561005 31.330109 7.591772 7.561004 33.403969 7.591772 7.561005 34.509304 8.889035 4.429134 33.403969 8.889035 4.429134 31.330109 8.889035 4.429134 34.509304 7.591772 1.297263 33.403969 7.591772 1.297263 31.330109 7.591772 1.297263 34.509304 4.459901 0.399825 35.386585 1.610749 1.579982 35.386585 3.000436 1.004356 35.386585 0.430592 4.429134 35.386585 1.610749 7.278285 35.386585 4.459901 8.458443 35.386585 7.309052 7.278285 35.386585 8.489209 4.429134 35.386585 7.309052 1.579982 35.386585 2.178893 2.148126 36.044201 3.284507 1.690165 36.044201 4.459901 1.203301 36.044201 1.234068 4.429134 36.044201 2.178893 6.710142 36.044201 4.459901 7.654966 36.044201 6.740909 6.710142 36.044201 7.685733 4.429134 36.044201 6.740909 2.148126 36.044201 2.893966 2.863199 36.279526 3.642044 2.553334 36.279526 4.459901 2.214567 36.279526 2.245334 4.429134 36.279526 2.893966 5.995069 36.279526 4.459901 6.643701 36.279526 6.025836 5.995069 36.279526 6.674468 4.429134 36.279526 6.025836 2.863199 36.279526 "
											            />
										</IndexedFaceSet>
									</Shape>
								</Group>
							</Transform>
						</Transform>
					</Transform>
					<Transform DEF="instance_28_001_TRANSFORM"
					           translation="16.044434 30.012838 20.733444"
					           scale="1.000000 1.000000 1.000000"
					           rotation="0.000000 1.000000 0.000000 0.000000"
					           >
						<Transform DEF="instance_28_001_ifs_TRANSFORM"
						           translation="0.000000 0.000000 0.000000"
						           scale="1.000000 1.000000 1.000000"
						           rotation="0.000000 1.000000 0.000000 0.000000"
						           >
							<Group USE="group_ME_ID103_003" />
						</Transform>
					</Transform>
					<Transform DEF="instance_29_001_TRANSFORM"
					           translation="16.044434 5.603390 20.733444"
					           scale="1.000000 1.000000 1.000000"
					           rotation="0.000000 1.000000 0.000000 0.000000"
					           >
						<Transform DEF="instance_29_001_ifs_TRANSFORM"
						           translation="0.000000 0.000000 0.000000"
						           scale="1.000000 1.000000 1.000000"
						           rotation="0.000000 1.000000 0.000000 0.000000"
						           >
							<Group USE="group_ME_ID103_003" />
						</Transform>
					</Transform>
					<Transform DEF="instance_30_001_TRANSFORM"
					           translation="16.044434 23.713625 20.733444"
					           scale="1.000000 1.000000 1.000000"
					           rotation="0.000000 0.000000 -1.000000 1.570796"
					           >
						<Transform DEF="instance_30_001_ifs_TRANSFORM"
						           translation="0.000000 0.000000 0.000000"
						           scale="1.000000 1.000000 1.000000"
						           rotation="0.000000 1.000000 0.000000 0.000000"
						           >
							<Group USE="group_ME_ID584_001" />
						</Transform>
					</Transform>
					<Transform DEF="instance_31_001_TRANSFORM"
					           translation="17.225342 34.737247 14.827927"
					           scale="1.000000 1.000000 1.000000"
					           rotation="0.000000 0.000000 -1.000000 1.570796"
					           >
						<Transform DEF="instance_31_001_ifs_TRANSFORM"
						           translation="0.000000 0.000001 0.000000"
						           scale="1.000000 1.000000 1.000000"
						           rotation="0.000000 1.000000 0.000000 0.000000"
						           >
							<Group USE="group_ME_ID568" />
						</Transform>
					</Transform>
					<Transform DEF="instance_32_001_TRANSFORM"
					           translation="16.044434 23.565838 12.465729"
					           scale="1.000000 1.000000 1.000000"
					           rotation="0.000000 0.000000 -1.000000 1.570796"
					           >
						<Transform DEF="instance_32_001_ifs_TRANSFORM"
						           translation="0.000000 0.000000 0.000000"
						           scale="1.000000 1.000000 1.000000"
						           rotation="0.000000 1.000000 0.000000 0.000000"
						           >
							<Group USE="group_ME_ID584_001" />
						</Transform>
					</Transform>
				</Transform>
			</Transform>
			<Transform DEF="group_82_TRANSFORM"
			           translation="3392.675781 -5.172200 148.505478"
			           scale="1.000000 1.000000 1.000000"
			           rotation="0.000000 1.000000 0.000000 0.000000"
			           >
				<Transform DEF="group_83_TRANSFORM"
				           translation="-2.125977 0.000000 0.000000"
				           scale="1.000000 1.000000 1.000000"
				           rotation="0.000000 1.000000 0.000000 0.000000"
				           >
					<Transform DEF="group_83_ifs_TRANSFORM"
					           translation="0.000000 0.000000 0.000000"
					           scale="1.000000 1.000000 1.000000"
					           rotation="0.000000 1.000000 0.000000 0.000000"
					           >
						<Group DEF="group_ME_ID721">
							<Shape>
								<Appearance>
									<Material USE="MA_material_012" />
								</Appearance>
								<IndexedFaceSet solid="false"
								                coordIndex="0 1 2 -1 1 0 3 -1 4 1 5 -1 1 4 2 -1 6 2 7 -1 2 6 0 -1 8 3 0 -1 3 8 9 -1 10 11 12 -1 11 13 14 -1 13 11 15 -1 16 5 17 -1 5 16 4 -1 18 2 4 -1 2 18 7 -1 19 7 20 -1 7 19 6 -1 21 0 6 -1 0 21 8 -1 22 9 8 -1 9 22 23 -1 24 12 25 -1 12 24 10 -1 15 11 10 -1 13 26 27 -1 26 13 15 -1 26 15 28 -1 28 15 29 -1 13 27 14 -1 30 17 31 -1 17 30 16 -1 32 4 16 -1 4 32 18 -1 33 34 14 -1 35 7 18 -1 7 35 20 -1 36 19 20 -1 19 36 37 -1 38 6 19 -1 6 38 21 -1 39 8 21 -1 8 39 22 -1 40 23 22 -1 23 40 41 -1 42 25 43 -1 24 25 42 -1 44 10 24 -1 29 15 10 -1 45 46 29 -1 28 47 26 -1 47 28 29 -1 47 29 46 -1 26 33 27 -1 27 33 14 -1 48 31 49 -1 31 48 30 -1 50 16 30 -1 16 50 32 -1 51 52 34 -1 53 18 32 -1 18 53 35 -1 33 51 34 -1 36 35 54 -1 35 36 20 -1 37 38 19 -1 38 37 55 -1 56 37 36 -1 37 56 57 -1 58 21 38 -1 21 58 39 -1 59 22 39 -1 22 59 40 -1 60 41 40 -1 41 60 61 -1 62 43 63 -1 42 43 62 -1 64 24 42 -1 29 10 44 -1 44 24 64 -1 65 66 67 -1 66 65 68 -1 68 65 69 -1 68 69 70 -1 47 71 26 -1 45 29 72 -1 26 73 33 -1 74 49 75 -1 49 74 48 -1 76 30 48 -1 30 76 50 -1 51 77 52 -1 78 32 50 -1 32 78 53 -1 54 53 79 -1 53 54 35 -1 73 51 33 -1 56 54 80 -1 54 56 36 -1 57 55 37 -1 55 57 81 -1 55 58 38 -1 58 55 82 -1 83 57 56 -1 57 83 84 -1 85 39 58 -1 39 85 59 -1 86 40 59 -1 40 86 60 -1 87 61 60 -1 61 87 88 -1 89 63 90 -1 62 63 89 -1 91 42 62 -1 64 42 91 -1 72 29 44 -1 92 44 64 -1 44 92 72 -1 93 94 95 -1 94 93 96 -1 96 93 97 -1 97 93 98 -1 67 99 100 -1 99 67 66 -1 101 70 69 -1 70 101 102 -1 102 101 103 -1 102 103 104 -1 71 73 26 -1 105 75 106 -1 75 105 74 -1 107 48 74 -1 48 107 76 -1 108 109 77 -1 110 50 76 -1 50 110 78 -1 51 111 77 -1 79 78 112 -1 78 79 53 -1 80 79 113 -1 79 80 54 -1 73 114 51 -1 83 80 115 -1 80 83 56 -1 81 82 55 -1 82 81 116 -1 84 81 57 -1 81 84 117 -1 82 85 58 -1 85 82 118 -1 119 120 121 -1 122 59 85 -1 59 122 86 -1 123 60 86 -1 60 123 87 -1 124 88 87 -1 88 124 125 -1 126 90 127 -1 89 90 126 -1 128 62 89 -1 91 62 128 -1 129 64 91 -1 92 64 129 -1 93 95 130 -1 97 131 96 -1 95 132 133 -1 132 95 134 -1 134 95 96 -1 96 95 94 -1 135 136 137 -1 136 135 138 -1 138 135 100 -1 138 100 99 -1 139 104 103 -1 104 139 140 -1 140 139 141 -1 140 141 142 -1 143 144 145 -1 144 143 131 -1 71 146 73 -1 147 106 148 -1 106 147 105 -1 149 74 105 -1 74 149 107 -1 150 151 109 -1 152 76 107 -1 76 152 110 -1 111 108 77 -1 108 150 109 -1 112 110 153 -1 110 112 78 -1 114 111 51 -1 113 112 154 -1 112 113 79 -1 115 113 155 -1 113 115 80 -1 146 114 73 -1 132 121 156 -1 121 132 134 -1 116 118 82 -1 118 116 157 -1 117 116 81 -1 116 117 158 -1 120 159 160 -1 159 120 119 -1 118 122 85 -1 122 118 161 -1 134 119 121 -1 162 86 122 -1 86 162 123 -1 124 87 123 -1 163 125 124 -1 164 127 165 -1 126 127 164 -1 166 89 126 -1 128 89 166 -1 167 91 128 -1 129 91 167 -1 130 95 168 -1 131 143 96 -1 95 133 169 -1 96 119 134 -1 132 156 133 -1 130 168 170 -1 170 171 172 -1 173 174 175 -1 174 173 176 -1 176 173 137 -1 176 137 136 -1 146 177 114 -1 178 142 141 -1 142 178 179 -1 179 178 180 -1 179 180 181 -1 182 183 184 -1 144 182 145 -1 143 145 159 -1 185 148 186 -1 148 185 147 -1 187 105 147 -1 105 187 149 -1 188 189 151 -1 190 107 149 -1 107 190 152 -1 150 188 151 -1 153 152 191 -1 152 153 110 -1 192 108 111 -1 193 150 108 -1 154 153 194 -1 153 154 112 -1 114 192 111 -1 155 154 195 -1 154 155 113 -1 169 156 196 -1 157 161 118 -1 161 157 197 -1 158 157 116 -1 157 158 198 -1 199 200 160 -1 159 199 160 -1 143 159 119 -1 161 162 122 -1 162 161 201 -1 202 123 162 -1 124 123 202 -1 203 163 124 -1 204 165 205 -1 164 165 204 -1 206 126 164 -1 166 126 206 -1 207 128 166 -1 167 128 207 -1 95 169 168 -1 96 143 119 -1 133 156 169 -1 170 168 171 -1 172 171 208 -1 209 210 211 -1 210 209 212 -1 212 209 175 -1 212 175 174 -1 213 214 193 -1 177 213 192 -1 172 208 215 -1 215 216 217 -1 177 192 114 -1 207 166 218 -1 219 181 180 -1 181 219 220 -1 220 219 221 -1 220 221 222 -1 223 224 225 -1 183 223 226 -1 183 226 184 -1 182 184 145 -1 145 199 159 -1 227 186 228 -1 186 227 185 -1 229 147 185 -1 147 229 187 -1 230 231 189 -1 232 149 187 -1 149 232 190 -1 188 230 189 -1 191 190 233 -1 190 191 152 -1 234 188 150 -1 194 191 235 -1 191 194 153 -1 192 193 108 -1 193 234 150 -1 195 194 236 -1 194 195 154 -1 237 196 238 -1 169 196 237 -1 198 197 157 -1 197 198 239 -1 197 201 161 -1 201 197 240 -1 241 242 200 -1 199 241 200 -1 202 162 201 -1 243 124 202 -1 243 203 124 -1 204 205 244 -1 245 164 204 -1 206 164 245 -1 218 166 246 -1 168 169 237 -1 168 237 171 -1 171 247 208 -1 217 248 249 -1 249 250 251 -1 252 253 254 -1 253 252 255 -1 255 252 211 -1 255 211 256 -1 256 211 210 -1 257 258 259 -1 214 257 234 -1 214 234 193 -1 213 193 192 -1 215 208 216 -1 217 216 248 -1 260 222 221 -1 222 260 261 -1 262 263 264 -1 224 262 265 -1 218 246 266 -1 266 267 268 -1 224 265 225 -1 223 225 226 -1 184 226 241 -1 145 184 199 -1 227 228 269 -1 229 185 227 -1 270 271 231 -1 272 187 229 -1 187 272 273 -1 187 273 232 -1 230 270 231 -1 233 232 274 -1 232 233 190 -1 259 230 188 -1 235 233 275 -1 233 235 191 -1 234 259 188 -1 236 235 276 -1 235 236 194 -1 237 238 277 -1 239 240 197 -1 240 239 278 -1 279 280 242 -1 281 201 240 -1 241 279 242 -1 184 241 199 -1 281 202 201 -1 282 243 202 -1 283 284 285 -1 284 283 286 -1 284 286 287 -1 284 287 288 -1 284 288 289 -1 290 204 244 -1 245 204 290 -1 246 267 266 -1 171 237 247 -1 208 247 291 -1 249 248 250 -1 251 250 292 -1 293 294 295 -1 253 296 254 -1 296 253 297 -1 298 299 300 -1 258 298 301 -1 302 292 293 -1 292 302 251 -1 258 301 259 -1 257 259 234 -1 208 291 216 -1 216 303 248 -1 304 268 305 -1 306 263 307 -1 263 306 264 -1 265 262 264 -1 268 267 305 -1 225 308 309 -1 226 225 279 -1 226 279 241 -1 227 269 310 -1 270 311 271 -1 272 229 227 -1 274 272 312 -1 272 274 273 -1 273 274 232 -1 313 270 230 -1 275 274 314 -1 274 275 233 -1 259 313 230 -1 276 275 315 -1 275 276 235 -1 291 277 316 -1 237 277 247 -1 278 281 240 -1 281 278 317 -1 309 318 280 -1 279 309 280 -1 319 202 281 -1 319 320 202 -1 290 244 321 -1 322 319 281 -1 323 324 325 -1 247 277 291 -1 248 326 250 -1 250 327 328 -1 295 294 329 -1 292 294 293 -1 329 330 295 -1 331 332 333 -1 332 331 334 -1 334 331 335 -1 334 335 336 -1 336 335 337 -1 338 339 299 -1 299 339 300 -1 301 298 300 -1 216 291 303 -1 248 303 326 -1 340 323 341 -1 308 340 342 -1 308 342 309 -1 225 309 279 -1 270 343 311 -1 227 310 344 -1 272 227 345 -1 272 346 312 -1 314 312 347 -1 312 314 274 -1 313 348 270 -1 315 314 349 -1 314 315 275 -1 303 316 350 -1 291 316 303 -1 351 281 317 -1 342 352 318 -1 309 342 318 -1 322 281 351 -1 323 325 341 -1 250 326 327 -1 328 327 353 -1 354 355 356 -1 328 353 354 -1 356 355 357 -1 346 358 359 -1 345 360 358 -1 345 344 361 -1 362 363 343 -1 348 362 343 -1 303 350 326 -1 340 341 342 -1 348 343 270 -1 345 227 344 -1 272 345 346 -1 312 346 347 -1 349 347 364 -1 347 349 314 -1 326 350 365 -1 341 366 352 -1 342 341 352 -1 341 325 366 -1 326 365 327 -1 327 367 353 -1 354 353 355 -1 345 358 346 -1 346 359 368 -1 364 346 369 -1 346 364 347 -1 327 365 367 -1 353 367 370 -1 353 371 355 -1 346 368 369 -1 353 370 371 -1 "
								                >
									<Coordinate DEF="coords_ME_ID721"
									            point="78.572090 2.193449 1.799779 74.686539 0.590551 2.362205 74.680908 2.193449 1.893167 78.623543 0.590551 2.267716 57.092022 2.193449 1.893167 57.088112 0.590551 2.362205 78.524399 3.842587 1.536985 74.677742 3.842587 1.629305 81.148239 2.322832 1.737951 81.248215 0.722371 2.204724 78.623543 0.000000 6.080794 74.686539 0.590551 2.362205 78.623543 0.590551 2.267716 57.088112 0.000000 6.334160 57.088112 0.590551 2.362205 74.686539 0.000000 6.334160 50.352242 2.193449 1.780837 50.338955 0.590551 2.249719 57.094219 3.842587 1.629305 78.481224 5.511811 1.483504 74.677086 5.511811 1.574803 81.054543 3.969659 1.476262 84.551483 2.493754 1.533756 84.724640 0.896968 1.996139 81.248215 0.147638 5.911882 81.248215 0.722371 2.204724 45.670792 0.000000 13.850466 50.338955 0.000000 6.032533 85.696404 0.000000 13.850466 86.103859 0.000000 13.850466 49.273006 2.193449 1.737668 49.214096 0.590551 2.204724 50.359711 3.842587 1.517063 49.214096 0.000000 5.911882 50.338955 0.590551 2.249719 57.094673 5.511811 1.574803 74.677742 7.181035 1.629305 78.524399 7.181035 1.536985 80.975052 5.511811 1.427737 84.386398 4.136996 1.276350 86.246651 2.717871 1.432046 86.497559 1.131365 1.889764 84.724640 0.343187 5.352569 84.724640 0.896968 1.996139 90.040871 -0.000000 13.627155 86.103859 0.590551 16.535433 85.696404 0.590551 16.535433 45.670792 0.590551 16.535433 44.821777 2.417004 1.559619 44.714661 0.816527 2.024747 49.324871 3.842587 1.475670 44.714661 0.253093 5.429280 49.214096 0.590551 2.204724 50.361256 5.511811 1.462579 57.094219 7.181035 1.629305 81.054543 7.053963 1.476262 74.680908 8.830173 1.893167 78.572090 8.830173 1.799779 84.258804 5.511811 1.236397 86.007935 4.351379 1.179058 88.977585 3.078927 1.104334 89.359955 1.509801 1.546276 86.497559 0.605711 5.067328 86.497559 1.131365 1.889764 92.665543 0.147638 13.478282 85.696404 0.590551 16.535433 45.670792 10.433070 16.535433 45.670792 0.590551 16.535433 85.696404 10.433070 16.535433 86.103859 0.590551 16.535433 86.103859 10.433070 16.535433 38.921635 0.590551 16.141733 90.040871 0.590551 16.204725 38.921635 0.000000 13.584620 43.096119 2.503672 1.430195 42.914886 0.906918 1.889764 44.919441 4.063842 1.299452 44.714661 0.816527 2.024747 49.368870 5.511811 1.422884 50.359711 7.181035 1.517063 57.092022 8.830173 1.893167 81.148239 8.700790 1.737951 84.386398 6.886626 1.276350 74.686539 10.433070 2.362205 78.623543 10.433070 2.267716 85.851723 5.511811 1.148026 88.609825 4.695373 0.866832 89.914711 3.350717 0.991879 90.434570 1.821466 1.417323 89.359955 1.029560 4.146280 89.359955 1.509801 1.546276 96.141960 0.343187 12.985319 92.665543 0.722371 15.984252 45.670792 10.433070 16.535433 85.696404 11.023622 13.850466 45.670792 11.023622 13.850466 86.103859 11.023622 13.850466 86.103859 10.433070 16.535433 85.696404 10.433070 16.535433 38.921635 10.433070 16.141733 38.921635 0.590551 16.141733 90.040871 0.590551 16.204725 90.040871 10.433070 16.204723 92.665543 0.722371 15.984252 92.665543 10.301251 15.984252 40.474884 2.854731 1.233602 40.215221 1.268480 1.687289 43.266266 4.146870 1.175464 40.215221 0.759280 4.524400 42.914886 0.906918 1.889764 44.994713 5.511811 1.255087 42.914886 0.354331 5.067328 49.324871 7.181035 1.475670 50.352242 8.830173 1.780837 37.796776 0.000000 13.478282 57.088112 10.433070 2.362205 84.551483 8.529868 1.533756 81.248215 10.301251 2.204724 86.007935 6.672244 1.179058 78.623543 11.023622 6.080794 78.623543 10.433070 2.267716 74.686539 10.433070 2.362205 88.436714 5.511811 0.852231 89.417015 4.929480 0.769969 91.736313 3.879028 0.554696 92.529495 2.429050 0.914540 90.434570 1.378625 3.800496 90.434570 1.821466 1.417323 97.914879 0.605711 12.733916 96.141960 0.896968 15.254204 38.921635 10.433070 16.141733 90.040871 10.433070 16.204723 57.088112 11.023622 6.334160 50.338955 11.023622 6.032533 74.686539 11.023622 6.334160 37.796776 0.590551 15.984252 33.297337 10.207094 15.354331 33.297337 0.816527 15.354331 37.796776 10.433070 15.984252 96.141960 0.896968 15.254204 96.141960 10.126655 15.254203 97.914879 1.131365 14.881889 97.914886 9.892257 14.881889 90.040871 11.023623 13.627155 92.665543 10.301251 15.984252 92.665543 10.875984 13.478282 37.796776 0.590551 15.984252 38.587513 3.107504 0.981952 38.190475 1.539651 1.417323 40.719551 4.487947 0.984461 38.190475 1.062992 3.800496 40.215221 1.268480 1.687289 43.394547 5.511811 1.137843 44.919441 6.959780 1.299452 49.273006 8.830173 1.737668 50.338955 10.433070 2.249719 57.088112 10.433070 2.362205 86.246651 8.305751 1.432046 84.724640 10.126655 1.996139 81.248215 10.875984 5.911882 81.248215 10.301251 2.204724 88.609825 6.328249 0.866832 89.247154 5.511811 0.764572 93.059235 2.810141 0.787402 92.529495 2.059119 2.452303 92.529495 2.429050 0.914540 100.777275 1.029560 11.922130 97.914879 1.131365 14.881889 38.921635 11.023622 13.584620 49.214096 11.023622 5.911882 37.796776 10.433070 15.984252 37.796776 11.023622 13.478282 33.297337 10.207094 15.354331 31.497561 0.906918 14.881889 28.797899 9.755142 14.173228 28.797899 1.268480 14.173228 31.497562 10.116704 14.881889 33.297337 0.816527 15.354331 100.777275 1.509801 13.679684 100.777275 9.513821 13.679684 101.851891 1.821466 13.228346 101.851891 9.202155 13.228346 96.141960 10.126655 15.254203 97.914886 9.892257 14.881889 96.141960 10.680435 12.985319 37.379772 3.471444 0.820920 36.840641 1.946409 1.237345 38.967525 4.722594 0.750857 36.840641 1.518560 3.317894 38.190475 1.539651 1.417323 40.859291 5.511811 0.959305 43.266266 6.876752 1.175464 33.297337 0.253093 13.052930 31.497561 0.354331 12.733916 44.821777 8.606618 1.559619 49.214096 10.433070 2.204724 50.338955 10.433070 2.249719 88.977592 7.944695 1.104334 86.497559 9.892257 1.889764 84.724640 10.680435 5.352569 84.724640 10.126655 1.996139 89.417015 6.094143 0.769969 90.861328 5.511811 0.607092 94.371574 3.543307 0.000000 93.059235 2.485940 2.111387 93.059235 2.810141 0.787402 101.851891 1.378625 11.617366 100.777275 1.509801 13.679684 33.297337 10.770529 13.052930 26.773153 1.539651 13.228346 25.423321 9.077213 12.598425 25.423321 1.946409 12.598425 26.773153 9.483971 13.228346 31.497561 0.906918 14.881889 28.797899 1.268480 14.173228 31.497562 10.116704 14.881889 31.497561 10.669291 12.733916 28.797899 9.755142 14.173228 101.851891 1.821466 13.228346 103.946815 2.429050 11.468607 103.946815 8.594571 11.468607 104.476562 2.582690 11.023622 104.476562 8.440932 11.023622 100.777275 9.513821 13.679684 101.851891 9.202155 13.228346 100.777275 9.994062 11.922130 97.914879 10.417911 12.733916 35.817692 3.942160 0.430400 35.040867 2.488751 0.787402 37.894909 5.045815 0.607842 35.040867 2.125984 2.111387 36.840641 1.946409 1.237345 39.139652 5.511811 0.739692 40.719551 6.535675 0.984461 28.797899 0.759280 12.255394 43.096119 8.519950 1.430195 44.714661 10.207094 2.024747 44.714661 10.770528 5.429280 49.214096 10.433070 2.204724 89.359955 9.513821 1.546276 89.914711 7.672905 0.991879 86.497559 10.417911 5.067328 86.497559 9.892257 1.889764 94.371574 4.527559 0.000000 94.371574 3.543307 0.000000 103.946815 2.059119 10.429107 101.851891 1.378625 11.617366 42.914886 10.669291 5.067328 28.797899 10.264341 12.255394 26.773153 9.483971 13.228346 26.773153 9.960630 11.617366 25.423321 9.077213 12.598425 23.796919 2.436508 11.175323 23.173603 8.399284 10.629921 23.173603 2.624337 10.629921 23.796919 8.587114 11.175323 23.970289 8.639358 11.327022 26.773153 1.539651 13.228346 25.423321 1.946409 12.598425 26.773153 1.062992 11.617366 105.788902 3.543307 8.267716 105.788902 7.480315 8.267716 103.946815 8.594571 11.468607 104.476562 8.440932 11.023622 103.946815 8.964502 10.429107 101.851891 9.644997 11.617366 103.946815 2.429050 11.468607 103.946815 2.059119 10.429107 104.476562 2.582690 11.023622 34.590923 2.790053 0.674916 34.590923 2.463442 1.809760 35.040867 2.488751 0.787402 38.035686 5.511811 0.605990 38.239838 5.511811 0.630715 38.967525 6.301028 0.750857 40.474884 8.168892 1.233602 42.914886 10.116704 1.889764 44.714661 10.207094 2.024747 90.434570 9.202155 1.417323 89.359955 9.994062 4.146280 89.359955 9.513821 1.546276 91.736313 7.144594 0.554696 94.371574 5.511811 0.000000 94.371574 4.527559 0.000000 105.788902 3.543307 8.267716 94.371574 3.543307 0.000000 94.371574 5.511811 0.000000 94.371574 6.496063 0.000000 94.371574 7.480315 0.000000 105.788902 7.480315 8.267716 104.476562 2.231195 10.128633 40.215221 10.264341 4.524400 25.423321 9.505062 11.192014 23.796919 8.587114 11.175323 23.623547 8.897638 10.128633 23.173603 8.399284 10.629921 22.048742 3.543307 8.267716 22.048742 7.480315 8.267716 23.796919 2.436508 11.175323 23.173603 2.624337 10.629921 23.623547 2.125984 10.128633 25.423321 1.518560 11.192014 23.970289 8.639358 11.327022 38.190475 9.960629 3.800496 105.788902 3.543307 8.267716 104.476562 2.231195 10.128633 104.476562 8.792427 10.128633 105.788902 7.480315 8.267716 101.851891 9.644997 11.617366 90.434570 9.644997 3.800496 33.466064 3.543307 0.000000 34.590923 2.790053 0.674916 37.894909 5.977807 0.607842 25.423321 1.518560 11.192014 38.587513 7.916118 0.981952 40.215221 9.755142 1.687289 42.914886 10.116704 1.889764 92.529495 8.594571 0.914540 90.434570 9.202155 1.417323 94.371574 6.496063 0.000000 94.371574 5.511811 0.000000 105.788902 3.543307 8.267716 94.371574 7.480315 0.000000 104.476562 8.792427 10.128633 105.788902 7.480315 8.267716 94.371574 7.480315 0.000000 36.840645 9.505062 3.317894 35.040867 8.897638 2.111387 25.423321 9.505062 11.192014 23.173603 8.492688 9.862788 22.048742 7.480315 8.267716 22.048742 7.480315 8.267716 33.466064 3.543307 0.000000 22.048742 3.543307 8.267716 33.466064 4.527559 0.000000 33.466064 7.480315 0.000000 33.466064 5.511811 0.000000 33.466064 6.496063 0.000000 22.048742 3.543307 8.267716 23.173603 2.530934 9.862788 103.946815 8.964502 10.429107 93.059235 8.537682 2.111387 92.529495 8.964503 2.452303 33.466064 3.543307 0.000000 33.466064 4.527559 0.000000 36.667728 5.511811 0.440316 35.817692 7.081462 0.430400 37.379772 7.552179 0.820920 23.623547 2.125984 10.128633 38.190475 9.483971 1.417323 40.215221 9.755142 1.687289 93.059235 8.213481 0.787402 92.529495 8.594571 0.914540 34.590923 8.560180 1.809760 23.623547 8.897638 10.128633 33.466064 7.480315 0.000000 23.173603 8.492688 9.862788 22.048742 7.480315 8.267716 33.466064 6.496063 0.000000 33.466064 7.480315 0.000000 33.466064 5.511811 0.000000 33.466064 5.511811 0.000000 23.173603 2.530934 9.862788 22.048742 3.543307 8.267716 36.840645 9.077213 1.237345 38.190475 9.483971 1.417323 93.059235 8.213481 0.787402 36.840645 9.077213 1.237345 34.590923 8.233569 0.674916 35.040867 8.534870 0.787402 35.040867 8.534870 0.787402 34.590923 8.233569 0.674916 "
									            />
								</IndexedFaceSet>
							</Shape>
						</Group>
					</Transform>
					<Transform DEF="group_84_TRANSFORM"
					           translation="33.466064 2.362205 0.000000"
					           scale="1.000000 1.000000 1.000000"
					           rotation="0.000000 0.000000 1.000000 1.570796"
					           >
						<Transform DEF="group_84_ifs_TRANSFORM"
						           translation="0.000000 -0.000000 0.000000"
						           scale="1.000000 1.000000 1.000000"
						           rotation="0.000000 1.000000 0.000000 0.000000"
						           >
							<Group DEF="group_ME_ID708_002">
								<Shape>
									<Appearance>
										<Material USE="MA_material_012" />
									</Appearance>
									<IndexedFaceSet solid="false"
									                coordIndex="0 1 2 -1 1 0 3 -1 3 0 4 -1 4 0 5 -1 3 6 7 -1 6 3 4 -1 8 9 10 -1 9 8 11 -1 12 13 14 -1 13 12 15 -1 16 17 18 -1 17 16 19 -1 20 21 22 -1 21 20 23 -1 24 25 26 -1 25 24 27 -1 26 25 28 -1 26 28 29 -1 26 29 30 -1 26 30 31 -1 32 33 34 -1 33 32 35 -1 36 37 38 -1 37 36 39 -1 39 36 40 -1 40 36 41 -1 41 36 42 -1 43 38 37 -1 44 45 46 -1 45 44 47 -1 48 49 50 -1 49 48 51 -1 52 53 54 -1 55 56 57 -1 56 55 53 -1 56 53 58 -1 58 53 52 -1 56 58 59 -1 60 61 62 -1 61 60 63 -1 64 65 66 -1 65 64 67 -1 68 69 70 -1 69 68 71 -1 72 73 74 -1 73 72 75 -1 "
									                >
										<Coordinate DEF="coords_ME_ID708_002"
										            point="5.118110 12.204723 5.905512 1.181102 12.992126 5.905512 1.181102 12.204723 5.905512 1.574803 12.992126 5.905512 4.724409 12.992126 5.905512 5.118110 12.992126 5.905512 4.724409 16.929134 5.905512 1.574803 16.929134 5.905512 4.724409 16.929134 0.000000 4.724409 12.992126 5.905512 4.724409 12.992126 0.000000 4.724409 16.929134 5.905512 1.574803 16.929134 5.905512 4.724409 16.929134 0.000000 1.574803 16.929134 0.000000 4.724409 16.929134 5.905512 1.574803 16.929134 5.905512 1.574803 12.992126 0.000000 1.574803 12.992126 5.905512 1.574803 16.929134 0.000000 1.181102 12.992126 5.905512 1.574803 12.992126 0.000000 1.181102 12.992126 0.000000 1.574803 12.992126 5.905512 1.181102 0.000000 0.000000 1.181102 11.417322 7.480315 1.181102 12.992126 0.000000 1.181102 11.417322 8.267716 1.181102 11.832166 7.041184 1.181102 12.102325 6.500865 1.181102 12.204723 5.905512 1.181102 12.992126 5.905512 1.181102 12.204723 5.905512 5.118110 12.102325 6.500865 5.118110 12.204723 5.905512 1.181102 12.102325 6.500865 5.118110 12.992126 0.000000 5.118110 11.417322 7.480315 5.118110 0.000000 0.000000 5.118110 11.832167 7.041184 5.118110 12.102325 6.500865 5.118110 12.204723 5.905512 5.118110 12.992126 5.905512 5.118110 11.417322 8.267716 4.724409 12.992126 5.905512 5.118110 12.992126 0.000000 4.724409 12.992126 0.000000 5.118110 12.992126 5.905512 4.724409 16.929134 5.905512 5.118110 16.929134 0.000000 4.724409 16.929134 0.000000 5.118110 16.929134 5.905512 4.724409 16.929134 0.000000 1.574803 12.992126 0.000000 1.574803 16.929134 0.000000 1.181102 12.992126 0.000000 5.118110 0.000000 0.000000 1.181102 0.000000 0.000000 4.724409 12.992126 0.000000 5.118110 12.992126 0.000000 1.181102 0.000000 0.000000 5.118110 11.417322 8.267716 1.181102 11.417322 8.267716 5.118110 0.000000 0.000000 1.181102 11.417322 7.480315 5.118110 11.417322 8.267716 5.118110 11.417322 7.480315 1.181102 11.417322 8.267716 1.181102 11.832166 7.041184 5.118110 11.417322 7.480315 5.118110 11.832167 7.041184 1.181102 11.417322 7.480315 1.181102 12.102325 6.500865 5.118110 11.832167 7.041184 5.118110 12.102325 6.500865 1.181102 11.832166 7.041184 "
										            />
									</IndexedFaceSet>
								</Shape>
							</Group>
						</Transform>
					</Transform>
					<Transform DEF="group_85_TRANSFORM"
					           translation="117.993652 3.543307 0.000000"
					           scale="1.000000 1.000000 1.000000"
					           rotation="0.000000 0.000000 1.000000 1.570796"
					           >
						<Transform DEF="group_85_ifs_TRANSFORM"
						           translation="0.000000 -0.000000 0.000000"
						           scale="1.000000 1.000000 1.000000"
						           rotation="0.000000 1.000000 0.000000 0.000000"
						           >
							<Group DEF="group_ME_ID715_001">
								<Shape>
									<Appearance>
										<Material USE="MA_material_012" />
									</Appearance>
									<IndexedFaceSet solid="false"
									                coordIndex="0 1 2 -1 1 0 3 -1 4 5 6 -1 5 4 7 -1 8 9 10 -1 9 8 11 -1 11 8 12 -1 11 12 13 -1 11 13 14 -1 15 16 17 -1 16 15 18 -1 19 20 21 -1 20 19 22 -1 22 19 23 -1 23 19 24 -1 24 19 25 -1 26 27 28 -1 27 26 29 -1 30 31 32 -1 31 30 33 -1 27 34 35 -1 34 27 29 -1 34 36 35 -1 36 34 37 -1 "
									                >
										<Coordinate DEF="coords_ME_ID715_001"
										            point="0.000000 23.622046 0.000000 3.937008 -16.930557 0.000000 0.000000 -16.930557 0.000000 3.937008 23.622046 0.000000 3.937008 -16.930557 0.000000 -0.000000 -16.930557 5.905512 0.000000 -16.930557 0.000000 3.937008 -16.930557 5.905512 -0.000000 -16.614082 7.086615 0.000000 -16.930557 0.000000 -0.000000 -16.930557 5.905512 0.000000 23.622046 0.000000 -0.000000 -15.749455 7.951241 -0.000000 -14.568353 8.267716 -0.000000 12.204723 8.267716 3.937008 12.204723 8.267716 0.000000 23.622046 0.000000 -0.000000 12.204723 8.267716 3.937008 23.622046 0.000000 3.937008 23.622046 0.000000 3.937008 -16.930557 5.905512 3.937008 -16.930557 0.000000 3.937008 -16.614082 7.086615 3.937008 -15.749455 7.951241 3.937008 -14.568353 8.267716 3.937008 12.204723 8.267716 3.937008 -16.930557 5.905512 -0.000000 -16.614082 7.086615 -0.000000 -16.930557 5.905512 3.937008 -16.614082 7.086615 3.937008 -14.568353 8.267716 -0.000000 12.204723 8.267716 -0.000000 -14.568353 8.267716 3.937008 12.204723 8.267716 3.937008 -15.749455 7.951241 -0.000000 -15.749455 7.951241 -0.000000 -14.568353 8.267716 3.937008 -14.568353 8.267716 "
										            />
									</IndexedFaceSet>
								</Shape>
							</Group>
						</Transform>
					</Transform>
				</Transform>
			</Transform>
			<Transform DEF="group_86_TRANSFORM"
			           translation="3487.700195 -3.503937 162.746628"
			           scale="1.000000 1.000000 1.000000"
			           rotation="0.000000 1.000000 0.000000 0.000000"
			           >
				<Transform DEF="group_28_002_TRANSFORM"
				           translation="12.992188 0.000000 0.000000"
				           scale="-1.000000 -1.000000 -1.000000"
				           rotation="-1.000000 0.000000 0.000000 3.141593"
				           >
					<Transform DEF="group_28_002_ifs_TRANSFORM"
					           translation="0.000000 -0.000000 0.000000"
					           scale="1.000000 1.000000 1.000000"
					           rotation="0.000000 1.000000 0.000000 0.000000"
					           >
						<Group DEF="group_ME_ID730_001">
							<Shape>
								<Appearance>
									<Material USE="MA_material_012" />
								</Appearance>
								<IndexedFaceSet solid="false"
								                coordIndex="0 1 2 -1 3 2 1 -1 4 5 6 -1 5 7 6 -1 7 8 6 -1 8 9 6 -1 6 9 10 -1 11 10 9 -1 12 13 14 -1 14 13 15 -1 15 13 4 -1 5 4 13 -1 16 17 18 -1 18 17 19 -1 20 19 17 -1 21 17 16 -1 22 23 24 -1 24 23 25 -1 23 26 25 -1 25 26 27 -1 26 28 27 -1 27 28 29 -1 28 30 29 -1 29 30 31 -1 31 30 32 -1 30 33 32 -1 32 33 34 -1 33 35 34 -1 34 35 36 -1 37 36 35 -1 0 2 38 -1 39 38 2 -1 40 41 42 -1 42 41 43 -1 44 43 41 -1 45 46 47 -1 46 48 47 -1 48 49 47 -1 49 50 47 -1 47 50 51 -1 50 52 51 -1 52 53 51 -1 53 54 51 -1 54 55 51 -1 51 55 56 -1 57 56 55 -1 58 59 60 -1 60 59 61 -1 62 61 59 -1 63 64 65 -1 66 65 64 -1 67 68 69 -1 70 69 68 -1 71 72 73 -1 74 73 72 -1 75 76 77 -1 78 77 76 -1 79 80 81 -1 82 81 80 -1 38 39 83 -1 84 83 39 -1 85 86 87 -1 86 88 87 -1 88 89 87 -1 90 91 89 -1 87 89 91 -1 92 93 94 -1 94 93 95 -1 95 93 96 -1 96 93 97 -1 91 90 98 -1 98 90 99 -1 90 100 99 -1 99 100 101 -1 101 100 102 -1 102 100 103 -1 100 104 103 -1 104 97 103 -1 93 105 97 -1 103 97 105 -1 106 107 108 -1 109 108 107 -1 110 111 112 -1 113 112 111 -1 114 115 116 -1 117 116 115 -1 118 119 120 -1 121 120 119 -1 122 123 124 -1 125 124 123 -1 126 127 128 -1 128 127 129 -1 127 130 129 -1 131 129 130 -1 132 133 126 -1 127 126 133 -1 134 135 136 -1 137 136 135 -1 138 139 140 -1 141 140 139 -1 142 143 144 -1 145 144 143 -1 146 147 148 -1 149 148 147 -1 150 151 152 -1 153 152 151 -1 151 154 153 -1 155 153 154 -1 156 157 154 -1 155 154 157 -1 158 159 160 -1 161 160 159 -1 162 163 164 -1 165 164 163 -1 166 167 168 -1 169 168 167 -1 170 171 167 -1 169 167 171 -1 172 173 170 -1 171 170 173 -1 174 175 176 -1 177 176 175 -1 178 179 180 -1 181 180 179 -1 108 109 178 -1 179 178 109 -1 182 183 184 -1 185 184 183 -1 186 187 188 -1 189 188 187 -1 190 191 192 -1 193 192 191 -1 194 195 196 -1 197 196 195 -1 198 199 200 -1 199 201 200 -1 200 201 202 -1 201 203 202 -1 202 203 204 -1 203 205 204 -1 204 205 206 -1 205 207 206 -1 206 207 208 -1 207 209 208 -1 208 209 210 -1 209 211 210 -1 210 211 212 -1 213 212 211 -1 "
								                >
									<Coordinate DEF="coords_ME_ID730_001"
									            point="7.322077 1.968504 5.314961 7.480315 1.968504 5.905511 7.322077 1.574803 5.314961 7.480315 1.574803 5.905512 6.299213 1.574803 4.724409 12.204723 1.574803 3.543307 1.018653 1.574803 4.724409 11.574802 1.574803 2.125984 10.314960 1.574803 1.062992 8.425197 1.574803 0.354331 1.033734 1.574803 0.000000 5.905512 1.574803 0.000000 7.480315 1.574803 5.905512 12.204723 1.574803 5.905512 7.322077 1.574803 5.314961 6.889764 1.574803 4.882647 12.204723 1.574803 5.905512 7.480315 1.968504 5.905511 12.204724 5.511811 5.905512 7.480315 5.511811 5.905512 7.480315 5.118110 5.905512 7.480315 1.574803 5.905512 6.692914 1.968504 8.267716 6.692914 1.968504 7.480315 0.236220 1.968504 8.267716 0.236220 1.968504 7.480315 7.107757 1.968504 7.041184 -0.178623 1.968504 7.041184 7.377916 1.968504 6.500865 -0.448782 1.968504 6.500865 7.480315 1.968504 5.905511 -0.551181 1.968504 5.905512 -0.392943 1.968504 5.314961 7.322077 1.968504 5.314961 0.039370 1.968504 4.882647 6.889764 1.968504 4.882647 0.629921 1.968504 4.724409 6.299213 1.968504 4.724409 6.889764 1.968504 4.882647 6.889764 1.574803 4.882647 6.299213 1.574803 4.724409 1.018653 1.574803 4.724409 6.299213 1.968504 4.724409 0.629921 1.968504 4.724409 0.629921 1.574803 4.724409 0.236220 1.574803 8.267716 0.236220 1.574803 7.480315 -0.944882 1.574803 8.267716 -0.178623 1.574803 7.041184 -0.448782 1.574803 6.500865 -0.551181 1.574803 5.905512 -0.944882 1.574803 0.000000 -0.392943 1.574803 5.314961 0.039370 1.574803 4.882647 0.629921 1.574803 4.724409 1.018653 1.574803 4.724409 1.023622 1.574803 0.000000 1.033734 1.574803 0.000000 5.905512 1.574803 0.000000 5.905512 5.511811 0.000000 1.033734 1.574803 0.000000 1.023622 1.574803 0.000000 1.023622 5.511811 0.000000 8.425197 5.511811 0.354331 5.905512 5.511811 0.000000 8.425197 1.574803 0.354331 5.905512 1.574803 0.000000 10.314960 5.511811 1.062992 8.425197 5.511811 0.354331 10.314960 1.574803 1.062992 8.425197 1.574803 0.354331 11.574802 5.511811 2.125984 10.314960 5.511811 1.062992 11.574802 1.574803 2.125984 10.314960 1.574803 1.062992 11.574802 5.511811 2.125984 11.574802 1.574803 2.125984 12.204724 5.511811 3.543307 12.204723 1.574803 3.543307 12.204724 5.511811 3.543307 12.204723 1.574803 3.543307 12.204724 5.511811 5.905512 12.204723 1.574803 5.905512 6.299213 1.968504 4.724409 6.299213 1.574803 4.724409 7.480315 5.511811 5.905512 7.322077 5.511811 5.314961 12.204724 5.511811 5.905512 6.889764 5.511811 4.882647 6.299213 5.511811 4.724409 0.629921 5.511811 4.724409 12.204724 5.511811 3.543307 0.236220 5.511811 8.267716 -0.944882 5.511811 8.267716 0.236220 5.511811 7.480315 -0.178623 5.511811 7.041184 -0.448782 5.511811 6.500865 -0.551181 5.511811 5.905512 11.574802 5.511811 2.125984 10.314960 5.511811 1.062992 0.039370 5.511811 4.882647 8.425197 5.511811 0.354331 5.905512 5.511811 0.000000 1.023622 5.511811 0.000000 -0.392943 5.511811 5.314961 -0.944882 5.511811 0.000000 7.480315 5.511811 5.905512 7.480315 5.118110 5.905512 7.322077 5.511811 5.314961 7.322077 5.118110 5.314961 7.480315 5.118110 5.905512 7.480315 1.968504 5.905511 7.377916 5.118110 6.500865 7.377916 1.968504 6.500865 7.377916 5.118110 6.500865 7.377916 1.968504 6.500865 7.107757 5.118110 7.041184 7.107757 1.968504 7.041184 6.692914 5.118110 7.480315 7.107757 5.118110 7.041184 6.692914 1.968504 7.480315 7.107757 1.968504 7.041184 6.692914 5.118110 7.480315 6.692914 1.968504 7.480315 6.692914 5.118110 8.267716 6.692914 1.968504 8.267716 0.236220 5.118110 8.267716 0.236220 1.968504 8.267716 0.236220 5.511811 8.267716 -0.944882 5.511811 8.267716 0.236220 1.574803 8.267716 -0.944882 1.574803 8.267716 6.692914 5.118110 8.267716 6.692914 1.968504 8.267716 0.236220 1.968504 7.480315 0.236220 1.574803 7.480315 0.236220 1.968504 8.267716 0.236220 1.574803 8.267716 0.236220 1.968504 7.480315 -0.178623 1.968504 7.041184 0.236220 1.574803 7.480315 -0.178623 1.574803 7.041184 -0.178623 1.968504 7.041184 -0.448782 1.968504 6.500865 -0.178623 1.574803 7.041184 -0.448782 1.574803 6.500865 -0.448782 1.968504 6.500865 -0.551181 1.968504 5.905512 -0.448782 1.574803 6.500865 -0.551181 1.574803 5.905512 -0.551181 1.968504 5.905512 -0.392943 1.968504 5.314961 -0.551181 1.574803 5.905512 -0.392943 1.574803 5.314961 0.039370 1.968504 4.882647 0.039370 1.574803 4.882647 0.629921 1.968504 4.724409 0.629921 1.574803 4.724409 -0.944882 5.511811 8.267716 -0.944882 1.574803 8.267716 -0.944882 5.511811 0.000000 -0.944882 1.574803 0.000000 1.023622 1.574803 0.000000 1.023622 5.511811 0.000000 -0.944882 1.574803 0.000000 -0.944882 5.511811 0.000000 -0.551181 5.511811 5.905512 -0.392943 5.511811 5.314961 -0.551181 5.118110 5.905512 -0.392943 5.118110 5.314961 0.039370 5.511811 4.882647 0.039370 5.118110 4.882647 0.629921 5.511811 4.724409 0.629921 5.118110 4.724409 6.299213 5.511811 4.724409 6.299213 5.118110 4.724409 0.629921 5.511811 4.724409 0.629921 5.118110 4.724409 6.889764 5.511811 4.882647 6.889764 5.118110 4.882647 6.299213 5.511811 4.724409 6.299213 5.118110 4.724409 0.236220 5.511811 7.480315 0.236220 5.118110 7.480315 0.236220 5.511811 8.267716 0.236220 5.118110 8.267716 0.236220 5.511811 7.480315 -0.178623 5.511811 7.041184 0.236220 5.118110 7.480315 -0.178623 5.118110 7.041184 -0.178623 5.511811 7.041184 -0.448782 5.511811 6.500865 -0.178623 5.118110 7.041184 -0.448782 5.118110 6.500865 -0.448782 5.511811 6.500865 -0.551181 5.511811 5.905512 -0.448782 5.118110 6.500865 -0.551181 5.118110 5.905512 6.692914 5.118110 8.267716 0.236220 5.118110 8.267716 6.692914 5.118110 7.480315 0.236220 5.118110 7.480315 7.107757 5.118110 7.041184 -0.178623 5.118110 7.041184 7.377916 5.118110 6.500865 -0.448782 5.118110 6.500865 7.480315 5.118110 5.905512 -0.551181 5.118110 5.905512 7.322077 5.118110 5.314961 -0.392943 5.118110 5.314961 6.889764 5.118110 4.882647 0.039370 5.118110 4.882647 6.299213 5.118110 4.724409 0.629921 5.118110 4.724409 "
									            />
								</IndexedFaceSet>
							</Shape>
						</Group>
					</Transform>
					<Transform DEF="instance_11_004_TRANSFORM"
					           translation="12.992188 -0.000000 5.905518"
					           scale="-1.000000 -1.000000 -1.000000"
					           rotation="-1.000000 -0.000000 0.000000 3.141593"
					           >
						<Transform DEF="instance_11_004_ifs_TRANSFORM"
						           translation="0.000000 -0.000000 0.000001"
						           scale="1.000000 1.000000 1.000000"
						           rotation="0.000000 0.000000 -0.000000 0.000000"
						           >
							<Group USE="group_ME_ID264" />
						</Transform>
					</Transform>
					<Transform DEF="instance_11_005_TRANSFORM"
					           translation="12.992188 -0.000000 5.905518"
					           scale="-1.000000 -1.000000 -1.000000"
					           rotation="-1.000000 -0.000000 0.000000 3.141593"
					           >
						<Transform DEF="instance_11_005_ifs_TRANSFORM"
						           translation="0.000000 -0.000000 0.000001"
						           scale="1.000000 1.000000 1.000000"
						           rotation="0.000000 0.000000 -0.000000 0.000000"
						           >
							<Group USE="group_ME_ID270_002" />
						</Transform>
					</Transform>
				</Transform>
			</Transform>
			<Transform DEF="group_87_TRANSFORM"
			           translation="3614.661865 -3.503937 162.746628"
			           scale="-1.000000 -1.000000 -1.000000"
			           rotation="-1.000000 0.000000 0.000000 3.141593"
			           >
				<Transform DEF="group_28_003_TRANSFORM"
				           translation="12.992188 -0.000000 0.000000"
				           scale="-1.000000 -1.000000 -1.000000"
				           rotation="-1.000000 0.000000 0.000000 3.141593"
				           >
					<Transform DEF="group_28_003_ifs_TRANSFORM"
					           translation="0.000000 0.000000 0.000001"
					           scale="1.000000 1.000000 1.000000"
					           rotation="0.000000 1.000000 0.000000 0.000000"
					           >
						<Group DEF="group_ME_ID739">
							<Shape>
								<Appearance>
									<Material USE="MA_material_012" />
								</Appearance>
								<IndexedFaceSet solid="false"
								                coordIndex="0 1 2 -1 1 0 3 -1 4 5 6 -1 5 4 7 -1 7 4 8 -1 8 4 9 -1 10 11 12 -1 11 10 13 -1 13 10 14 -1 13 14 15 -1 13 15 6 -1 13 6 5 -1 16 17 18 -1 17 19 20 -1 19 17 21 -1 21 17 16 -1 22 23 24 -1 23 22 25 -1 25 22 26 -1 25 26 27 -1 27 26 28 -1 27 28 29 -1 29 28 30 -1 30 28 31 -1 30 31 32 -1 32 31 33 -1 32 33 34 -1 34 33 35 -1 34 35 36 -1 36 35 37 -1 1 38 39 -1 38 1 3 -1 40 41 42 -1 41 40 43 -1 43 40 44 -1 45 46 47 -1 46 45 48 -1 48 45 49 -1 48 49 50 -1 48 50 51 -1 48 51 52 -1 48 52 53 -1 53 52 54 -1 53 54 55 -1 53 55 56 -1 53 56 57 -1 58 59 60 -1 59 58 61 -1 61 58 62 -1 63 64 65 -1 64 63 66 -1 67 68 69 -1 68 67 70 -1 71 72 73 -1 72 71 74 -1 75 76 77 -1 76 75 78 -1 79 80 81 -1 80 79 82 -1 39 83 84 -1 83 39 38 -1 85 86 87 -1 86 85 88 -1 87 86 89 -1 87 89 90 -1 87 90 91 -1 91 90 92 -1 92 90 93 -1 93 90 94 -1 93 94 95 -1 95 94 96 -1 86 88 97 -1 97 88 98 -1 98 88 99 -1 99 88 100 -1 96 101 102 -1 101 96 94 -1 102 101 103 -1 102 103 104 -1 102 104 105 -1 106 107 108 -1 107 106 109 -1 110 111 112 -1 111 110 113 -1 114 115 116 -1 115 114 117 -1 118 119 120 -1 119 118 121 -1 122 123 124 -1 123 122 125 -1 126 127 128 -1 127 126 129 -1 130 131 132 -1 131 130 128 -1 131 128 133 -1 133 128 127 -1 134 135 136 -1 135 134 137 -1 138 139 140 -1 139 138 141 -1 142 143 144 -1 143 142 145 -1 146 147 148 -1 147 146 149 -1 150 151 152 -1 151 150 153 -1 154 152 155 -1 152 154 150 -1 156 154 155 -1 154 156 157 -1 158 159 160 -1 159 158 161 -1 162 163 164 -1 163 162 165 -1 166 167 168 -1 167 166 169 -1 170 166 168 -1 166 170 171 -1 172 171 170 -1 171 172 173 -1 174 175 176 -1 175 174 177 -1 178 179 180 -1 179 178 181 -1 108 181 178 -1 181 108 107 -1 182 183 184 -1 183 182 185 -1 186 187 188 -1 187 186 189 -1 190 191 192 -1 191 190 193 -1 194 195 196 -1 195 194 197 -1 198 199 200 -1 199 198 201 -1 201 198 202 -1 201 202 203 -1 203 202 204 -1 203 204 205 -1 205 204 206 -1 205 206 207 -1 207 206 208 -1 207 208 209 -1 209 208 210 -1 209 210 211 -1 211 210 212 -1 211 212 213 -1 "
								                >
									<Coordinate DEF="coords_ME_ID739"
									            point="7.480315 1.968504 5.905511 7.322077 1.574803 5.314961 7.480315 1.574803 5.905512 7.322077 1.968504 5.314961 12.204723 1.574803 5.905512 6.299213 1.574803 4.724409 12.204723 1.574803 3.543307 6.889764 1.574803 4.882647 7.322077 1.574803 5.314961 7.480315 1.574803 5.905512 8.425197 1.574803 0.354331 1.033734 1.574803 0.000000 5.905512 1.574803 0.000000 1.018653 1.574803 4.724409 10.314960 1.574803 1.062992 11.574802 1.574803 2.125984 12.204723 1.574803 5.905512 7.480315 1.968504 5.905511 7.480315 1.574803 5.905512 7.480315 5.511811 5.905512 7.480315 5.118110 5.905512 12.204724 5.511811 5.905512 6.889764 1.968504 4.882647 0.629921 1.968504 4.724409 6.299213 1.968504 4.724409 0.039370 1.968504 4.882647 7.322077 1.968504 5.314961 -0.392943 1.968504 5.314961 7.480315 1.968504 5.905511 -0.551181 1.968504 5.905512 -0.448782 1.968504 6.500865 7.377916 1.968504 6.500865 -0.178623 1.968504 7.041184 7.107757 1.968504 7.041184 0.236220 1.968504 7.480315 6.692914 1.968504 7.480315 0.236220 1.968504 8.267716 6.692914 1.968504 8.267716 6.889764 1.968504 4.882647 6.889764 1.574803 4.882647 1.018653 1.574803 4.724409 0.629921 1.968504 4.724409 0.629921 1.574803 4.724409 6.299213 1.968504 4.724409 6.299213 1.574803 4.724409 1.018653 1.574803 4.724409 1.023622 1.574803 0.000000 1.033734 1.574803 0.000000 -0.944882 1.574803 0.000000 0.629921 1.574803 4.724409 0.039370 1.574803 4.882647 -0.392943 1.574803 5.314961 -0.551181 1.574803 5.905512 -0.944882 1.574803 8.267716 -0.448782 1.574803 6.500865 -0.178623 1.574803 7.041184 0.236220 1.574803 7.480315 0.236220 1.574803 8.267716 5.905512 5.511811 0.000000 1.023622 1.574803 0.000000 1.023622 5.511811 0.000000 1.033734 1.574803 0.000000 5.905512 1.574803 0.000000 5.905512 5.511811 0.000000 8.425197 1.574803 0.354331 5.905512 1.574803 0.000000 8.425197 5.511811 0.354331 8.425197 5.511811 0.354331 10.314960 1.574803 1.062992 8.425197 1.574803 0.354331 10.314960 5.511811 1.062992 10.314960 5.511811 1.062992 11.574802 1.574803 2.125984 10.314960 1.574803 1.062992 11.574802 5.511811 2.125984 11.574802 1.574803 2.125984 12.204724 5.511811 3.543307 12.204723 1.574803 3.543307 11.574802 5.511811 2.125984 12.204723 1.574803 3.543307 12.204724 5.511811 5.905512 12.204723 1.574803 5.905512 12.204724 5.511811 3.543307 6.299213 1.968504 4.724409 6.299213 1.574803 4.724409 -0.944882 5.511811 0.000000 -0.551181 5.511811 5.905512 1.023622 5.511811 0.000000 -0.944882 5.511811 8.267716 -0.392943 5.511811 5.314961 0.039370 5.511811 4.882647 5.905512 5.511811 0.000000 8.425197 5.511811 0.354331 10.314960 5.511811 1.062992 0.629921 5.511811 4.724409 11.574802 5.511811 2.125984 12.204724 5.511811 3.543307 -0.448782 5.511811 6.500865 -0.178623 5.511811 7.041184 0.236220 5.511811 7.480315 0.236220 5.511811 8.267716 6.299213 5.511811 4.724409 12.204724 5.511811 5.905512 6.889764 5.511811 4.882647 7.322077 5.511811 5.314961 7.480315 5.511811 5.905512 7.480315 5.118110 5.905512 7.322077 5.511811 5.314961 7.322077 5.118110 5.314961 7.480315 5.511811 5.905512 7.480315 1.968504 5.905511 7.377916 5.118110 6.500865 7.377916 1.968504 6.500865 7.480315 5.118110 5.905512 7.377916 1.968504 6.500865 7.107757 5.118110 7.041184 7.107757 1.968504 7.041184 7.377916 5.118110 6.500865 7.107757 5.118110 7.041184 6.692914 1.968504 7.480315 7.107757 1.968504 7.041184 6.692914 5.118110 7.480315 6.692914 1.968504 7.480315 6.692914 5.118110 8.267716 6.692914 1.968504 8.267716 6.692914 5.118110 7.480315 6.692914 1.968504 8.267716 0.236220 5.118110 8.267716 0.236220 1.968504 8.267716 6.692914 5.118110 8.267716 0.236220 1.574803 8.267716 -0.944882 5.511811 8.267716 -0.944882 1.574803 8.267716 0.236220 5.511811 8.267716 0.236220 1.574803 7.480315 0.236220 1.968504 8.267716 0.236220 1.574803 8.267716 0.236220 1.968504 7.480315 -0.178623 1.968504 7.041184 0.236220 1.574803 7.480315 -0.178623 1.574803 7.041184 0.236220 1.968504 7.480315 -0.448782 1.968504 6.500865 -0.178623 1.574803 7.041184 -0.448782 1.574803 6.500865 -0.178623 1.968504 7.041184 -0.551181 1.968504 5.905512 -0.448782 1.574803 6.500865 -0.551181 1.574803 5.905512 -0.448782 1.968504 6.500865 -0.392943 1.968504 5.314961 -0.551181 1.574803 5.905512 -0.392943 1.574803 5.314961 -0.551181 1.968504 5.905512 0.039370 1.968504 4.882647 0.039370 1.574803 4.882647 0.629921 1.574803 4.724409 0.629921 1.968504 4.724409 -0.944882 1.574803 8.267716 -0.944882 5.511811 0.000000 -0.944882 1.574803 0.000000 -0.944882 5.511811 8.267716 1.023622 5.511811 0.000000 -0.944882 1.574803 0.000000 -0.944882 5.511811 0.000000 1.023622 1.574803 0.000000 -0.392943 5.511811 5.314961 -0.551181 5.118110 5.905512 -0.392943 5.118110 5.314961 -0.551181 5.511811 5.905512 0.039370 5.118110 4.882647 0.039370 5.511811 4.882647 0.629921 5.118110 4.724409 0.629921 5.511811 4.724409 6.299213 5.118110 4.724409 0.629921 5.511811 4.724409 0.629921 5.118110 4.724409 6.299213 5.511811 4.724409 6.889764 5.118110 4.882647 6.299213 5.511811 4.724409 6.299213 5.118110 4.724409 6.889764 5.511811 4.882647 0.236220 5.118110 7.480315 0.236220 5.511811 8.267716 0.236220 5.118110 8.267716 0.236220 5.511811 7.480315 -0.178623 5.511811 7.041184 0.236220 5.118110 7.480315 -0.178623 5.118110 7.041184 0.236220 5.511811 7.480315 -0.448782 5.511811 6.500865 -0.178623 5.118110 7.041184 -0.448782 5.118110 6.500865 -0.178623 5.511811 7.041184 -0.551181 5.511811 5.905512 -0.448782 5.118110 6.500865 -0.551181 5.118110 5.905512 -0.448782 5.511811 6.500865 0.039370 5.118110 4.882647 6.299213 5.118110 4.724409 0.629921 5.118110 4.724409 6.889764 5.118110 4.882647 -0.392943 5.118110 5.314961 7.322077 5.118110 5.314961 -0.551181 5.118110 5.905512 7.480315 5.118110 5.905512 -0.448782 5.118110 6.500865 7.377916 5.118110 6.500865 -0.178623 5.118110 7.041184 7.107757 5.118110 7.041184 0.236220 5.118110 7.480315 6.692914 5.118110 7.480315 0.236220 5.118110 8.267716 6.692914 5.118110 8.267716 "
									            />
								</IndexedFaceSet>
							</Shape>
						</Group>
					</Transform>
					<Transform DEF="instance_11_006_TRANSFORM"
					           translation="12.992188 0.000000 5.905518"
					           scale="-1.000000 -1.000000 -1.000000"
					           rotation="-1.000000 -0.000000 0.000000 3.141593"
					           >
						<Transform DEF="instance_11_006_ifs_TRANSFORM"
						           translation="0.000000 -0.000000 0.000001"
						           scale="1.000000 1.000000 1.000000"
						           rotation="0.000000 0.000000 -0.000000 0.000000"
						           >
							<Group USE="group_ME_ID235_002" />
						</Transform>
					</Transform>
					<Transform DEF="instance_11_007_TRANSFORM"
					           translation="12.992188 0.000000 5.905518"
					           scale="-1.000000 -1.000000 -1.000000"
					           rotation="-1.000000 -0.000000 0.000000 3.141593"
					           >
						<Transform DEF="instance_11_007_ifs_TRANSFORM"
						           translation="0.000000 -0.000000 0.000001"
						           scale="1.000000 1.000000 1.000000"
						           rotation="0.000000 0.000000 -0.000000 0.000000"
						           >
							<Group USE="group_ME_ID241_004" />
						</Transform>
					</Transform>
				</Transform>
			</Transform>
			<Transform DEF="group_88_TRANSFORM"
			           translation="3710.843506 -3.503937 118.899956"
			           scale="-1.000000 -1.000000 -1.000000"
			           rotation="-1.000000 0.000000 0.000000 3.141593"
			           >
				<Transform DEF="group_28_004_TRANSFORM"
				           translation="12.992188 -0.000000 0.000000"
				           scale="-1.000000 -1.000000 -1.000000"
				           rotation="-1.000000 0.000000 0.000000 3.141593"
				           >
					<Transform DEF="group_28_004_ifs_TRANSFORM"
					           translation="0.000000 0.000000 0.000001"
					           scale="1.000000 1.000000 1.000000"
					           rotation="0.000000 1.000000 0.000000 0.000000"
					           >
						<Group DEF="group_ME_ID748_001">
							<Shape>
								<Appearance>
									<Material USE="MA_material_012" />
								</Appearance>
								<IndexedFaceSet solid="false"
								                coordIndex="0 1 2 -1 1 0 3 -1 4 5 6 -1 5 4 7 -1 7 4 8 -1 8 4 9 -1 10 11 12 -1 11 10 13 -1 13 10 14 -1 13 14 15 -1 13 15 6 -1 13 6 5 -1 16 17 18 -1 17 19 20 -1 19 17 21 -1 21 17 16 -1 22 23 24 -1 23 22 25 -1 25 22 26 -1 25 26 27 -1 27 26 28 -1 27 28 29 -1 29 28 30 -1 30 28 31 -1 30 31 32 -1 32 31 33 -1 32 33 34 -1 34 33 35 -1 34 35 36 -1 36 35 37 -1 1 38 39 -1 38 1 3 -1 40 41 42 -1 41 40 43 -1 43 40 44 -1 45 46 47 -1 46 45 48 -1 48 45 49 -1 48 49 50 -1 48 50 51 -1 48 51 52 -1 48 52 53 -1 53 52 54 -1 53 54 55 -1 53 55 56 -1 53 56 57 -1 58 59 60 -1 59 58 61 -1 61 58 62 -1 63 64 65 -1 64 63 66 -1 67 68 69 -1 68 67 70 -1 71 72 73 -1 72 71 74 -1 75 76 77 -1 76 75 78 -1 79 80 81 -1 80 79 82 -1 39 83 84 -1 83 39 38 -1 85 86 87 -1 86 85 88 -1 87 86 89 -1 87 89 90 -1 87 90 91 -1 91 90 92 -1 92 90 93 -1 93 90 94 -1 93 94 95 -1 95 94 96 -1 86 88 97 -1 97 88 98 -1 98 88 99 -1 99 88 100 -1 96 101 102 -1 101 96 94 -1 102 101 103 -1 102 103 104 -1 102 104 105 -1 106 107 108 -1 107 106 109 -1 110 111 112 -1 111 110 113 -1 114 115 116 -1 115 114 117 -1 118 119 120 -1 119 118 121 -1 122 123 124 -1 123 122 125 -1 126 127 128 -1 127 126 129 -1 130 131 132 -1 131 130 128 -1 131 128 133 -1 133 128 127 -1 134 135 136 -1 135 134 137 -1 138 139 140 -1 139 138 141 -1 142 143 144 -1 143 142 145 -1 146 147 148 -1 147 146 149 -1 150 151 152 -1 151 150 153 -1 154 152 155 -1 152 154 150 -1 156 154 155 -1 154 156 157 -1 158 159 160 -1 159 158 161 -1 162 163 164 -1 163 162 165 -1 166 167 168 -1 167 166 169 -1 170 166 168 -1 166 170 171 -1 172 171 170 -1 171 172 173 -1 174 175 176 -1 175 174 177 -1 178 179 180 -1 179 178 181 -1 108 181 178 -1 181 108 107 -1 182 183 184 -1 183 182 185 -1 186 187 188 -1 187 186 189 -1 190 191 192 -1 191 190 193 -1 194 195 196 -1 195 194 197 -1 198 199 200 -1 199 198 201 -1 201 198 202 -1 201 202 203 -1 203 202 204 -1 203 204 205 -1 205 204 206 -1 205 206 207 -1 207 206 208 -1 207 208 209 -1 209 208 210 -1 209 210 211 -1 211 210 212 -1 211 212 213 -1 "
								                >
									<Coordinate DEF="coords_ME_ID748_001"
									            point="7.480315 1.968504 5.905511 7.322077 1.574803 5.314961 7.480315 1.574803 5.905512 7.322077 1.968504 5.314961 12.204723 1.574803 5.905512 6.299213 1.574803 4.724409 12.204723 1.574803 3.543307 6.889764 1.574803 4.882647 7.322077 1.574803 5.314961 7.480315 1.574803 5.905512 8.425197 1.574803 0.354331 1.033734 1.574803 0.000000 5.905512 1.574803 0.000000 1.018653 1.574803 4.724409 10.314960 1.574803 1.062992 11.574802 1.574803 2.125984 12.204723 1.574803 5.905512 7.480315 1.968504 5.905511 7.480315 1.574803 5.905512 7.480315 5.511811 5.905512 7.480315 5.118110 5.905512 12.204724 5.511811 5.905512 6.889764 1.968504 4.882647 0.629921 1.968504 4.724409 6.299213 1.968504 4.724409 0.039370 1.968504 4.882647 7.322077 1.968504 5.314961 -0.392943 1.968504 5.314961 7.480315 1.968504 5.905511 -0.551181 1.968504 5.905512 -0.448782 1.968504 6.500865 7.377916 1.968504 6.500865 -0.178623 1.968504 7.041184 7.107757 1.968504 7.041184 0.236220 1.968504 7.480315 6.692914 1.968504 7.480315 0.236220 1.968504 8.267716 6.692914 1.968504 8.267716 6.889764 1.968504 4.882647 6.889764 1.574803 4.882647 1.018653 1.574803 4.724409 0.629921 1.968504 4.724409 0.629921 1.574803 4.724409 6.299213 1.968504 4.724409 6.299213 1.574803 4.724409 1.018653 1.574803 4.724409 1.023622 1.574803 0.000000 1.033734 1.574803 0.000000 -0.944882 1.574803 0.000000 0.629921 1.574803 4.724409 0.039370 1.574803 4.882647 -0.392943 1.574803 5.314961 -0.551181 1.574803 5.905512 -0.944882 1.574803 8.267716 -0.448782 1.574803 6.500865 -0.178623 1.574803 7.041184 0.236220 1.574803 7.480315 0.236220 1.574803 8.267716 5.905512 5.511811 0.000000 1.023622 1.574803 0.000000 1.023622 5.511811 0.000000 1.033734 1.574803 0.000000 5.905512 1.574803 0.000000 5.905512 5.511811 0.000000 8.425197 1.574803 0.354331 5.905512 1.574803 0.000000 8.425197 5.511811 0.354331 8.425197 5.511811 0.354331 10.314960 1.574803 1.062992 8.425197 1.574803 0.354331 10.314960 5.511811 1.062992 10.314960 5.511811 1.062992 11.574802 1.574803 2.125984 10.314960 1.574803 1.062992 11.574802 5.511811 2.125984 11.574802 1.574803 2.125984 12.204724 5.511811 3.543307 12.204723 1.574803 3.543307 11.574802 5.511811 2.125984 12.204723 1.574803 3.543307 12.204724 5.511811 5.905512 12.204723 1.574803 5.905512 12.204724 5.511811 3.543307 6.299213 1.968504 4.724409 6.299213 1.574803 4.724409 -0.944882 5.511811 0.000000 -0.551181 5.511811 5.905512 1.023622 5.511811 0.000000 -0.944882 5.511811 8.267716 -0.392943 5.511811 5.314961 0.039370 5.511811 4.882647 5.905512 5.511811 0.000000 8.425197 5.511811 0.354331 10.314960 5.511811 1.062992 0.629921 5.511811 4.724409 11.574802 5.511811 2.125984 12.204724 5.511811 3.543307 -0.448782 5.511811 6.500865 -0.178623 5.511811 7.041184 0.236220 5.511811 7.480315 0.236220 5.511811 8.267716 6.299213 5.511811 4.724409 12.204724 5.511811 5.905512 6.889764 5.511811 4.882647 7.322077 5.511811 5.314961 7.480315 5.511811 5.905512 7.480315 5.118110 5.905512 7.322077 5.511811 5.314961 7.322077 5.118110 5.314961 7.480315 5.511811 5.905512 7.480315 1.968504 5.905511 7.377916 5.118110 6.500865 7.377916 1.968504 6.500865 7.480315 5.118110 5.905512 7.377916 1.968504 6.500865 7.107757 5.118110 7.041184 7.107757 1.968504 7.041184 7.377916 5.118110 6.500865 7.107757 5.118110 7.041184 6.692914 1.968504 7.480315 7.107757 1.968504 7.041184 6.692914 5.118110 7.480315 6.692914 1.968504 7.480315 6.692914 5.118110 8.267716 6.692914 1.968504 8.267716 6.692914 5.118110 7.480315 6.692914 1.968504 8.267716 0.236220 5.118110 8.267716 0.236220 1.968504 8.267716 6.692914 5.118110 8.267716 0.236220 1.574803 8.267716 -0.944882 5.511811 8.267716 -0.944882 1.574803 8.267716 0.236220 5.511811 8.267716 0.236220 1.574803 7.480315 0.236220 1.968504 8.267716 0.236220 1.574803 8.267716 0.236220 1.968504 7.480315 -0.178623 1.968504 7.041184 0.236220 1.574803 7.480315 -0.178623 1.574803 7.041184 0.236220 1.968504 7.480315 -0.448782 1.968504 6.500865 -0.178623 1.574803 7.041184 -0.448782 1.574803 6.500865 -0.178623 1.968504 7.041184 -0.551181 1.968504 5.905512 -0.448782 1.574803 6.500865 -0.551181 1.574803 5.905512 -0.448782 1.968504 6.500865 -0.392943 1.968504 5.314961 -0.551181 1.574803 5.905512 -0.392943 1.574803 5.314961 -0.551181 1.968504 5.905512 0.039370 1.968504 4.882647 0.039370 1.574803 4.882647 0.629921 1.574803 4.724409 0.629921 1.968504 4.724409 -0.944882 1.574803 8.267716 -0.944882 5.511811 0.000000 -0.944882 1.574803 0.000000 -0.944882 5.511811 8.267716 1.023622 5.511811 0.000000 -0.944882 1.574803 0.000000 -0.944882 5.511811 0.000000 1.023622 1.574803 0.000000 -0.392943 5.511811 5.314961 -0.551181 5.118110 5.905512 -0.392943 5.118110 5.314961 -0.551181 5.511811 5.905512 0.039370 5.118110 4.882647 0.039370 5.511811 4.882647 0.629921 5.118110 4.724409 0.629921 5.511811 4.724409 6.299213 5.118110 4.724409 0.629921 5.511811 4.724409 0.629921 5.118110 4.724409 6.299213 5.511811 4.724409 6.889764 5.118110 4.882647 6.299213 5.511811 4.724409 6.299213 5.118110 4.724409 6.889764 5.511811 4.882647 0.236220 5.118110 7.480315 0.236220 5.511811 8.267716 0.236220 5.118110 8.267716 0.236220 5.511811 7.480315 -0.178623 5.511811 7.041184 0.236220 5.118110 7.480315 -0.178623 5.118110 7.041184 0.236220 5.511811 7.480315 -0.448782 5.511811 6.500865 -0.178623 5.118110 7.041184 -0.448782 5.118110 6.500865 -0.178623 5.511811 7.041184 -0.551181 5.511811 5.905512 -0.448782 5.118110 6.500865 -0.551181 5.118110 5.905512 -0.448782 5.511811 6.500865 0.039370 5.118110 4.882647 6.299213 5.118110 4.724409 0.629921 5.118110 4.724409 6.889764 5.118110 4.882647 -0.392943 5.118110 5.314961 7.322077 5.118110 5.314961 -0.551181 5.118110 5.905512 7.480315 5.118110 5.905512 -0.448782 5.118110 6.500865 7.377916 5.118110 6.500865 -0.178623 5.118110 7.041184 7.107757 5.118110 7.041184 0.236220 5.118110 7.480315 6.692914 5.118110 7.480315 0.236220 5.118110 8.267716 6.692914 5.118110 8.267716 "
									            />
								</IndexedFaceSet>
							</Shape>
						</Group>
					</Transform>
					<Transform DEF="instance_11_008_TRANSFORM"
					           translation="12.992188 0.000000 5.905510"
					           scale="-1.000000 -1.000000 -1.000000"
					           rotation="-1.000000 -0.000000 0.000000 3.141593"
					           >
						<Transform DEF="instance_11_008_ifs_TRANSFORM"
						           translation="0.000000 0.000000 0.000001"
						           scale="1.000000 1.000000 1.000000"
						           rotation="0.000000 0.000000 -0.000000 0.000000"
						           >
							<Group USE="group_ME_ID235_002" />
						</Transform>
					</Transform>
					<Transform DEF="instance_11_009_TRANSFORM"
					           translation="12.992188 0.000000 5.905510"
					           scale="-1.000000 -1.000000 -1.000000"
					           rotation="-1.000000 -0.000000 0.000000 3.141593"
					           >
						<Transform DEF="instance_11_009_ifs_TRANSFORM"
						           translation="0.000000 0.000000 0.000001"
						           scale="1.000000 1.000000 1.000000"
						           rotation="0.000000 0.000000 -0.000000 0.000000"
						           >
							<Group USE="group_ME_ID241_004" />
						</Transform>
					</Transform>
				</Transform>
			</Transform>
			<Transform DEF="group_89_TRANSFORM"
			           translation="3391.906494 -3.503937 118.899956"
			           scale="1.000000 1.000000 1.000000"
			           rotation="0.000000 1.000000 0.000000 0.000000"
			           >
				<Transform DEF="group_28_005_TRANSFORM"
				           translation="12.992188 0.000000 0.000000"
				           scale="-1.000000 -1.000000 -1.000000"
				           rotation="-1.000000 0.000000 0.000000 3.141593"
				           >
					<Transform DEF="group_28_005_ifs_TRANSFORM"
					           translation="0.000000 -0.000000 0.000000"
					           scale="1.000000 1.000000 1.000000"
					           rotation="0.000000 1.000000 0.000000 0.000000"
					           >
						<Group DEF="group_ME_ID757_001">
							<Shape>
								<Appearance>
									<Material USE="MA_material_012" />
								</Appearance>
								<IndexedFaceSet solid="false"
								                coordIndex="0 1 2 -1 3 2 1 -1 4 5 6 -1 5 7 6 -1 7 8 6 -1 8 9 6 -1 6 9 10 -1 11 10 9 -1 12 13 14 -1 14 13 15 -1 15 13 4 -1 5 4 13 -1 16 17 18 -1 18 17 19 -1 20 19 17 -1 21 17 16 -1 22 23 24 -1 24 23 25 -1 23 26 25 -1 25 26 27 -1 26 28 27 -1 27 28 29 -1 28 30 29 -1 29 30 31 -1 31 30 32 -1 30 33 32 -1 32 33 34 -1 33 35 34 -1 34 35 36 -1 37 36 35 -1 0 2 38 -1 39 38 2 -1 40 41 42 -1 42 41 43 -1 44 43 41 -1 45 46 47 -1 46 48 47 -1 48 49 47 -1 49 50 47 -1 47 50 51 -1 50 52 51 -1 52 53 51 -1 53 54 51 -1 54 55 51 -1 51 55 56 -1 57 56 55 -1 58 59 60 -1 60 59 61 -1 62 61 59 -1 63 64 65 -1 66 65 64 -1 67 68 69 -1 70 69 68 -1 71 72 73 -1 74 73 72 -1 75 76 77 -1 78 77 76 -1 79 80 81 -1 82 81 80 -1 38 39 83 -1 84 83 39 -1 85 86 87 -1 86 88 87 -1 88 89 87 -1 90 91 89 -1 87 89 91 -1 92 93 94 -1 94 93 95 -1 95 93 96 -1 96 93 97 -1 91 90 98 -1 98 90 99 -1 90 100 99 -1 99 100 101 -1 101 100 102 -1 102 100 103 -1 100 104 103 -1 104 97 103 -1 93 105 97 -1 103 97 105 -1 106 107 108 -1 109 108 107 -1 110 111 112 -1 113 112 111 -1 114 115 116 -1 117 116 115 -1 118 119 120 -1 121 120 119 -1 122 123 124 -1 125 124 123 -1 126 127 128 -1 128 127 129 -1 127 130 129 -1 131 129 130 -1 132 133 126 -1 127 126 133 -1 134 135 136 -1 137 136 135 -1 138 139 140 -1 141 140 139 -1 142 143 144 -1 145 144 143 -1 146 147 148 -1 149 148 147 -1 150 151 152 -1 153 152 151 -1 151 154 153 -1 155 153 154 -1 156 157 154 -1 155 154 157 -1 158 159 160 -1 161 160 159 -1 162 163 164 -1 165 164 163 -1 166 167 168 -1 169 168 167 -1 170 171 167 -1 169 167 171 -1 172 173 170 -1 171 170 173 -1 174 175 176 -1 177 176 175 -1 178 179 180 -1 181 180 179 -1 108 109 178 -1 179 178 109 -1 182 183 184 -1 185 184 183 -1 186 187 188 -1 189 188 187 -1 190 191 192 -1 193 192 191 -1 194 195 196 -1 197 196 195 -1 198 199 200 -1 199 201 200 -1 200 201 202 -1 201 203 202 -1 202 203 204 -1 203 205 204 -1 204 205 206 -1 205 207 206 -1 206 207 208 -1 207 209 208 -1 208 209 210 -1 209 211 210 -1 210 211 212 -1 213 212 211 -1 "
								                >
									<Coordinate DEF="coords_ME_ID757_001"
									            point="7.322077 1.968504 5.314961 7.480315 1.968504 5.905511 7.322077 1.574803 5.314961 7.480315 1.574803 5.905512 6.299213 1.574803 4.724409 12.204723 1.574803 3.543307 1.018653 1.574803 4.724409 11.574802 1.574803 2.125984 10.314960 1.574803 1.062992 8.425197 1.574803 0.354331 1.033734 1.574803 0.000000 5.905512 1.574803 0.000000 7.480315 1.574803 5.905512 12.204723 1.574803 5.905512 7.322077 1.574803 5.314961 6.889764 1.574803 4.882647 12.204723 1.574803 5.905512 7.480315 1.968504 5.905511 12.204724 5.511811 5.905512 7.480315 5.511811 5.905512 7.480315 5.118110 5.905512 7.480315 1.574803 5.905512 6.692914 1.968504 8.267716 6.692914 1.968504 7.480315 0.236220 1.968504 8.267716 0.236220 1.968504 7.480315 7.107757 1.968504 7.041184 -0.178623 1.968504 7.041184 7.377916 1.968504 6.500865 -0.448782 1.968504 6.500865 7.480315 1.968504 5.905511 -0.551181 1.968504 5.905512 -0.392943 1.968504 5.314961 7.322077 1.968504 5.314961 0.039370 1.968504 4.882647 6.889764 1.968504 4.882647 0.629921 1.968504 4.724409 6.299213 1.968504 4.724409 6.889764 1.968504 4.882647 6.889764 1.574803 4.882647 6.299213 1.574803 4.724409 1.018653 1.574803 4.724409 6.299213 1.968504 4.724409 0.629921 1.968504 4.724409 0.629921 1.574803 4.724409 0.236220 1.574803 8.267716 0.236220 1.574803 7.480315 -0.944882 1.574803 8.267716 -0.178623 1.574803 7.041184 -0.448782 1.574803 6.500865 -0.551181 1.574803 5.905512 -0.944882 1.574803 0.000000 -0.392943 1.574803 5.314961 0.039370 1.574803 4.882647 0.629921 1.574803 4.724409 1.018653 1.574803 4.724409 1.023622 1.574803 0.000000 1.033734 1.574803 0.000000 5.905512 1.574803 0.000000 5.905512 5.511811 0.000000 1.033734 1.574803 0.000000 1.023622 1.574803 0.000000 1.023622 5.511811 0.000000 8.425197 5.511811 0.354331 5.905512 5.511811 0.000000 8.425197 1.574803 0.354331 5.905512 1.574803 0.000000 10.314960 5.511811 1.062992 8.425197 5.511811 0.354331 10.314960 1.574803 1.062992 8.425197 1.574803 0.354331 11.574802 5.511811 2.125984 10.314960 5.511811 1.062992 11.574802 1.574803 2.125984 10.314960 1.574803 1.062992 11.574802 5.511811 2.125984 11.574802 1.574803 2.125984 12.204724 5.511811 3.543307 12.204723 1.574803 3.543307 12.204724 5.511811 3.543307 12.204723 1.574803 3.543307 12.204724 5.511811 5.905512 12.204723 1.574803 5.905512 6.299213 1.968504 4.724409 6.299213 1.574803 4.724409 7.480315 5.511811 5.905512 7.322077 5.511811 5.314961 12.204724 5.511811 5.905512 6.889764 5.511811 4.882647 6.299213 5.511811 4.724409 0.629921 5.511811 4.724409 12.204724 5.511811 3.543307 0.236220 5.511811 8.267716 -0.944882 5.511811 8.267716 0.236220 5.511811 7.480315 -0.178623 5.511811 7.041184 -0.448782 5.511811 6.500865 -0.551181 5.511811 5.905512 11.574802 5.511811 2.125984 10.314960 5.511811 1.062992 0.039370 5.511811 4.882647 8.425197 5.511811 0.354331 5.905512 5.511811 0.000000 1.023622 5.511811 0.000000 -0.392943 5.511811 5.314961 -0.944882 5.511811 0.000000 7.480315 5.511811 5.905512 7.480315 5.118110 5.905512 7.322077 5.511811 5.314961 7.322077 5.118110 5.314961 7.480315 5.118110 5.905512 7.480315 1.968504 5.905511 7.377916 5.118110 6.500865 7.377916 1.968504 6.500865 7.377916 5.118110 6.500865 7.377916 1.968504 6.500865 7.107757 5.118110 7.041184 7.107757 1.968504 7.041184 6.692914 5.118110 7.480315 7.107757 5.118110 7.041184 6.692914 1.968504 7.480315 7.107757 1.968504 7.041184 6.692914 5.118110 7.480315 6.692914 1.968504 7.480315 6.692914 5.118110 8.267716 6.692914 1.968504 8.267716 0.236220 5.118110 8.267716 0.236220 1.968504 8.267716 0.236220 5.511811 8.267716 -0.944882 5.511811 8.267716 0.236220 1.574803 8.267716 -0.944882 1.574803 8.267716 6.692914 5.118110 8.267716 6.692914 1.968504 8.267716 0.236220 1.968504 7.480315 0.236220 1.574803 7.480315 0.236220 1.968504 8.267716 0.236220 1.574803 8.267716 0.236220 1.968504 7.480315 -0.178623 1.968504 7.041184 0.236220 1.574803 7.480315 -0.178623 1.574803 7.041184 -0.178623 1.968504 7.041184 -0.448782 1.968504 6.500865 -0.178623 1.574803 7.041184 -0.448782 1.574803 6.500865 -0.448782 1.968504 6.500865 -0.551181 1.968504 5.905512 -0.448782 1.574803 6.500865 -0.551181 1.574803 5.905512 -0.551181 1.968504 5.905512 -0.392943 1.968504 5.314961 -0.551181 1.574803 5.905512 -0.392943 1.574803 5.314961 0.039370 1.968504 4.882647 0.039370 1.574803 4.882647 0.629921 1.968504 4.724409 0.629921 1.574803 4.724409 -0.944882 5.511811 8.267716 -0.944882 1.574803 8.267716 -0.944882 5.511811 0.000000 -0.944882 1.574803 0.000000 1.023622 1.574803 0.000000 1.023622 5.511811 0.000000 -0.944882 1.574803 0.000000 -0.944882 5.511811 0.000000 -0.551181 5.511811 5.905512 -0.392943 5.511811 5.314961 -0.551181 5.118110 5.905512 -0.392943 5.118110 5.314961 0.039370 5.511811 4.882647 0.039370 5.118110 4.882647 0.629921 5.511811 4.724409 0.629921 5.118110 4.724409 6.299213 5.511811 4.724409 6.299213 5.118110 4.724409 0.629921 5.511811 4.724409 0.629921 5.118110 4.724409 6.889764 5.511811 4.882647 6.889764 5.118110 4.882647 6.299213 5.511811 4.724409 6.299213 5.118110 4.724409 0.236220 5.511811 7.480315 0.236220 5.118110 7.480315 0.236220 5.511811 8.267716 0.236220 5.118110 8.267716 0.236220 5.511811 7.480315 -0.178623 5.511811 7.041184 0.236220 5.118110 7.480315 -0.178623 5.118110 7.041184 -0.178623 5.511811 7.041184 -0.448782 5.511811 6.500865 -0.178623 5.118110 7.041184 -0.448782 5.118110 6.500865 -0.448782 5.511811 6.500865 -0.551181 5.511811 5.905512 -0.448782 5.118110 6.500865 -0.551181 5.118110 5.905512 6.692914 5.118110 8.267716 0.236220 5.118110 8.267716 6.692914 5.118110 7.480315 0.236220 5.118110 7.480315 7.107757 5.118110 7.041184 -0.178623 5.118110 7.041184 7.377916 5.118110 6.500865 -0.448782 5.118110 6.500865 7.480315 5.118110 5.905512 -0.551181 5.118110 5.905512 7.322077 5.118110 5.314961 -0.392943 5.118110 5.314961 6.889764 5.118110 4.882647 0.039370 5.118110 4.882647 6.299213 5.118110 4.724409 0.629921 5.118110 4.724409 "
									            />
								</IndexedFaceSet>
							</Shape>
						</Group>
					</Transform>
					<Transform DEF="instance_11_010_TRANSFORM"
					           translation="12.992188 -0.000000 5.905510"
					           scale="-1.000000 -1.000000 -1.000000"
					           rotation="-1.000000 -0.000000 0.000000 3.141593"
					           >
						<Transform DEF="instance_11_010_ifs_TRANSFORM"
						           translation="0.000000 -0.000000 0.000001"
						           scale="1.000000 1.000000 1.000000"
						           rotation="0.000000 0.000000 -0.000000 0.000000"
						           >
							<Group USE="group_ME_ID264" />
						</Transform>
					</Transform>
					<Transform DEF="instance_11_011_TRANSFORM"
					           translation="12.992188 -0.000000 5.905510"
					           scale="-1.000000 -1.000000 -1.000000"
					           rotation="-1.000000 -0.000000 0.000000 3.141593"
					           >
						<Transform DEF="instance_11_011_ifs_TRANSFORM"
						           translation="0.000000 -0.000000 0.000001"
						           scale="1.000000 1.000000 1.000000"
						           rotation="0.000000 0.000000 -0.000000 0.000000"
						           >
							<Group USE="group_ME_ID270_002" />
						</Transform>
					</Transform>
				</Transform>
			</Transform>
			<Transform DEF="group_90_TRANSFORM"
			           translation="3317.683594 -1.377953 118.393265"
			           scale="1.000000 1.000000 1.000000"
			           rotation="0.000000 1.000000 0.000000 0.000000"
			           >
				<Transform DEF="group_38_001_TRANSFORM"
				           translation="109.386475 0.393701 43.399628"
				           scale="1.000000 1.000000 1.000000"
				           rotation="0.000000 -1.000000 -0.000000 0.666716"
				           >
					<Transform DEF="group_38_001_ifs_TRANSFORM"
					           translation="0.000122 -0.000000 -0.000053"
					           scale="1.000000 1.000000 1.000000"
					           rotation="0.000000 0.000000 0.000000 0.000000"
					           >
						<Group DEF="group_ME_ID765_002">
							<Shape>
								<Appearance>
									<Material USE="MA_material_012" />
								</Appearance>
								<IndexedFaceSet solid="false"
								                coordIndex="0 1 2 -1 1 0 3 -1 4 5 6 -1 5 4 7 -1 8 9 10 -1 9 8 11 -1 12 13 14 -1 13 12 15 -1 16 17 18 -1 17 16 19 -1 20 21 22 -1 21 20 23 -1 "
								                >
									<Coordinate DEF="coords_ME_ID765_002"
									            point="38.669292 0.000000 5.905512 -5.746459 -0.000000 0.000000 38.669292 0.000000 0.000000 -5.746459 -0.000000 5.905512 -5.746459 -0.000000 5.905512 38.669292 1.968504 5.905511 -5.746459 1.968504 5.905512 38.669292 0.000000 5.905512 -5.746459 1.968504 5.905512 -5.746459 -0.000000 0.000000 -5.746459 -0.000000 5.905512 -5.746459 1.968504 0.000000 38.669292 1.968504 0.000000 -5.746459 -0.000000 0.000000 -5.746459 1.968504 0.000000 38.669292 0.000000 0.000000 38.669292 0.000000 0.000000 38.669292 1.968504 5.905511 38.669292 0.000000 5.905512 38.669292 1.968504 0.000000 -5.746459 1.968504 5.905512 38.669292 1.968504 0.000000 -5.746459 1.968504 0.000000 38.669292 1.968504 5.905511 "
									            />
								</IndexedFaceSet>
							</Shape>
						</Group>
					</Transform>
				</Transform>
				<Transform DEF="group_39_001_TRANSFORM"
				           translation="152.437500 0.000000 42.450745"
				           scale="1.000000 1.000000 1.000000"
				           rotation="0.000000 -1.000000 0.000000 0.802852"
				           >
					<Transform DEF="group_39_001_ifs_TRANSFORM"
					           translation="0.000099 0.000000 -0.000053"
					           scale="1.000000 1.000000 1.000000"
					           rotation="0.000000 1.000000 0.000000 0.000000"
					           >
						<Group DEF="group_ME_ID772_002">
							<Shape>
								<Appearance>
									<Material USE="MA_material_012" />
								</Appearance>
								<IndexedFaceSet solid="false"
								                coordIndex="0 1 2 -1 1 0 3 -1 4 5 6 -1 5 4 7 -1 8 9 10 -1 9 8 11 -1 12 13 14 -1 13 12 15 -1 16 17 18 -1 17 16 19 -1 20 21 22 -1 21 20 23 -1 "
								                >
									<Coordinate DEF="coords_ME_ID772_002"
									            point="66.705597 2.755905 8.267716 119.763779 2.755905 0.000000 66.705597 2.755905 -0.000000 119.763779 2.755905 8.267716 119.763779 2.755905 0.000000 66.705597 0.000000 -0.000000 66.705597 2.755905 -0.000000 119.763779 0.000000 0.000000 66.705597 2.755905 8.267716 66.705597 0.000000 -0.000000 66.705597 0.000000 8.267716 66.705597 2.755905 -0.000000 119.763779 0.000000 8.267716 66.705597 2.755905 8.267716 66.705597 0.000000 8.267716 119.763779 2.755905 8.267716 119.763779 2.755905 0.000000 119.763779 0.000000 8.267716 119.763779 0.000000 0.000000 119.763779 2.755905 8.267716 119.763779 0.000000 0.000000 66.705597 0.000000 8.267716 66.705597 0.000000 -0.000000 119.763779 0.000000 8.267716 "
									            />
								</IndexedFaceSet>
							</Shape>
						</Group>
					</Transform>
				</Transform>
				<Transform DEF="group_40_001_TRANSFORM"
				           translation="158.126953 0.393701 68.826859"
				           scale="1.000000 1.000000 1.000000"
				           rotation="0.000000 -1.000000 -0.000000 0.733038"
				           >
					<Transform DEF="group_40_001_ifs_TRANSFORM"
					           translation="0.000061 0.000000 0.000076"
					           scale="1.000000 1.000000 1.000000"
					           rotation="0.000000 0.000000 0.000000 0.000000"
					           >
						<Group DEF="group_ME_ID779_001">
							<Shape>
								<Appearance>
									<Material USE="MA_material_012" />
								</Appearance>
								<IndexedFaceSet solid="false"
								                coordIndex="0 1 2 -1 1 0 3 -1 4 5 6 -1 5 4 7 -1 8 9 10 -1 9 8 11 -1 12 13 14 -1 13 12 15 -1 16 17 18 -1 17 16 19 -1 20 21 22 -1 21 20 23 -1 "
								                >
									<Coordinate DEF="coords_ME_ID779_001"
									            point="38.669292 0.000000 5.905512 -9.337577 -0.000000 0.000000 38.669292 0.000000 0.000000 -9.337577 -0.000000 5.905512 38.669292 1.968504 0.000000 -9.337577 -0.000000 0.000000 -9.337577 1.968504 0.000000 38.669292 0.000000 0.000000 38.669292 0.000000 0.000000 38.669292 1.968504 5.905512 38.669292 0.000000 5.905512 38.669292 1.968504 0.000000 -9.337577 -0.000000 5.905512 38.669292 1.968504 5.905512 -9.337577 1.968504 5.905511 38.669292 0.000000 5.905512 -9.337577 1.968504 5.905511 -9.337577 -0.000000 0.000000 -9.337577 -0.000000 5.905512 -9.337577 1.968504 0.000000 -9.337577 1.968504 0.000000 38.669292 1.968504 5.905512 38.669292 1.968504 0.000000 -9.337577 1.968504 5.905511 "
									            />
								</IndexedFaceSet>
							</Shape>
						</Group>
					</Transform>
				</Transform>
				<Transform DEF="group_41_001_TRANSFORM"
				           translation="63.355957 0.393701 20.572403"
				           scale="1.000000 1.000000 1.000000"
				           rotation="0.000000 -1.000000 -0.000000 0.696386"
				           >
					<Transform DEF="group_41_001_ifs_TRANSFORM"
					           translation="0.000069 0.000000 -0.000000"
					           scale="1.000000 1.000000 1.000000"
					           rotation="0.000000 0.000000 0.000000 0.000000"
					           >
						<Group DEF="group_ME_ID786_003">
							<Shape>
								<Appearance>
									<Material USE="MA_material_012" />
								</Appearance>
								<IndexedFaceSet solid="false"
								                coordIndex="0 1 2 -1 1 0 3 -1 4 5 6 -1 5 4 7 -1 8 9 10 -1 9 8 11 -1 12 13 14 -1 13 12 15 -1 16 17 18 -1 17 16 19 -1 20 21 22 -1 21 20 23 -1 "
								                >
									<Coordinate DEF="coords_ME_ID786_003"
									            point="38.669292 0.000000 5.905512 -1.423203 0.000000 0.000000 38.669292 0.000000 0.000000 -1.423203 -0.000000 5.905512 38.669292 1.968504 0.000000 -1.423203 0.000000 0.000000 -1.423203 1.968504 0.000000 38.669292 0.000000 0.000000 38.669292 0.000000 0.000000 38.669292 1.968504 5.905512 38.669292 0.000000 5.905512 38.669292 1.968504 0.000000 -1.423203 -0.000000 5.905512 38.669292 1.968504 5.905512 -1.423203 1.968504 5.905512 38.669292 0.000000 5.905512 -1.423203 1.968504 5.905512 -1.423203 0.000000 0.000000 -1.423203 -0.000000 5.905512 -1.423203 1.968504 0.000000 -1.423203 1.968504 5.905512 38.669292 1.968504 0.000000 -1.423203 1.968504 0.000000 38.669292 1.968504 5.905512 "
									            />
								</IndexedFaceSet>
							</Shape>
						</Group>
					</Transform>
				</Transform>
			</Transform>
			<Transform DEF="group_91_TRANSFORM"
			           translation="3300.321045 -1.771654 135.150345"
			           scale="1.000000 1.000000 1.000000"
			           rotation="0.000000 1.000000 0.000000 0.000000"
			           >
				<Transform DEF="group_92_TRANSFORM"
				           translation="501.026855 0.669291 -0.828674"
				           scale="-1.000000 -1.000000 -1.000000"
				           rotation="-0.990308 0.000000 0.138886 3.141593"
				           >
					<Transform DEF="group_92_ifs_TRANSFORM"
					           translation="-0.000042 -0.000000 -0.000061"
					           scale="1.000000 1.000000 1.000000"
					           rotation="-0.000000 0.000000 -0.000000 0.000000"
					           >
						<Group DEF="group_ME_ID794">
							<Shape>
								<Appearance>
									<Material USE="MA_material_012" />
								</Appearance>
								<IndexedFaceSet solid="false"
								                coordIndex="0 1 2 -1 3 2 1 -1 1 4 3 -1 3 4 5 -1 4 6 5 -1 7 5 6 -1 8 9 10 -1 9 11 10 -1 12 10 11 -1 13 14 15 -1 16 15 14 -1 17 18 19 -1 19 18 20 -1 21 20 18 -1 7 6 22 -1 6 23 22 -1 22 23 24 -1 25 24 23 -1 26 27 8 -1 27 28 8 -1 9 8 28 -1 29 17 30 -1 30 17 31 -1 19 31 17 -1 10 12 32 -1 12 33 32 -1 34 32 33 -1 35 36 37 -1 36 38 37 -1 37 38 39 -1 38 40 39 -1 39 40 41 -1 40 42 41 -1 41 42 43 -1 44 43 42 -1 18 45 21 -1 21 45 46 -1 47 46 45 -1 48 49 13 -1 14 13 49 -1 50 29 51 -1 30 51 29 -1 52 53 54 -1 55 54 53 -1 56 57 26 -1 27 26 57 -1 58 59 60 -1 61 60 59 -1 "
								                >
									<Coordinate DEF="coords_ME_ID794"
									            point="5.629921 2.204724 0.051686 3.522464 2.149704 0.158098 5.629921 0.000000 0.051686 3.522464 0.055020 0.158098 2.980546 2.135556 0.237147 2.980546 0.069168 0.237147 1.354794 2.012941 0.474294 1.354794 0.191784 0.474294 2.980546 2.135556 2.519685 2.980546 2.135556 0.237147 5.629921 2.204724 2.519685 3.522464 2.149704 0.158098 5.629921 2.204724 0.051686 6.653543 0.000000 0.000000 6.653543 2.204724 0.000000 5.629921 0.000000 0.051686 5.629921 2.204724 0.051686 2.980546 0.069168 2.519685 5.629921 0.000000 2.519685 2.980546 0.069168 0.237147 3.522464 0.055020 0.158098 5.629921 0.000000 0.051686 1.146364 0.207503 0.556383 1.146364 1.997221 0.556383 0.000000 0.440945 1.007874 0.000000 1.763780 1.007874 1.146364 1.997221 2.519685 1.146364 1.997221 0.556383 1.354794 2.012941 0.474294 1.146364 0.207503 2.519685 1.146364 0.207503 0.556383 1.354794 0.191784 0.474294 51.574802 2.204724 2.519685 6.653543 2.204724 0.000000 19.291338 2.204724 -0.000000 51.574802 2.204724 2.519685 51.574802 0.000000 2.519685 5.629921 2.204724 2.519685 5.629921 0.000000 2.519685 2.980546 2.135556 2.519685 2.980546 0.069168 2.519685 1.146364 1.997221 2.519685 1.146364 0.207503 2.519685 -0.000000 1.763780 2.519685 -0.000000 0.440945 2.519685 51.574802 0.000000 2.519685 6.653543 0.000000 0.000000 19.291338 -0.000000 0.000000 19.291338 -0.000000 0.000000 19.291338 2.204724 -0.000000 -0.000000 0.440945 2.519685 0.000000 0.440945 1.007874 0.000000 1.763780 1.007874 -0.000000 1.763780 2.519685 0.000000 0.440945 1.007874 -0.000000 0.440945 2.519685 -0.000000 1.763780 2.519685 0.000000 1.763780 1.007874 51.574802 0.000000 2.519685 51.574802 2.204724 2.519685 19.291338 -0.000000 0.000000 19.291338 2.204724 -0.000000 "
									            />
								</IndexedFaceSet>
							</Shape>
						</Group>
					</Transform>
				</Transform>
				<Transform DEF="group_93_TRANSFORM"
				           translation="49.493164 0.000000 12.635132"
				           scale="1.000000 1.000000 1.000000"
				           rotation="0.000000 1.000000 0.000000 0.000000"
				           >
					<Transform DEF="group_93_ifs_TRANSFORM"
					           translation="0.000000 0.000000 0.000000"
					           scale="1.000000 1.000000 1.000000"
					           rotation="0.000000 1.000000 0.000000 0.000000"
					           >
						<Group DEF="group_ME_ID801_002">
							<Shape>
								<Appearance>
									<Material USE="MA_material_012" />
								</Appearance>
								<IndexedFaceSet solid="false"
								                coordIndex="0 1 2 -1 1 0 3 -1 4 5 6 -1 5 4 7 -1 5 7 8 -1 8 7 9 -1 8 9 10 -1 10 9 11 -1 0 12 13 -1 12 0 2 -1 14 15 16 -1 15 14 17 -1 3 18 1 -1 18 3 19 -1 20 21 22 -1 21 20 23 -1 22 24 25 -1 24 22 21 -1 12 24 13 -1 24 12 25 -1 26 18 19 -1 18 26 27 -1 20 26 23 -1 26 20 27 -1 14 28 29 -1 28 14 16 -1 30 31 32 -1 31 30 33 -1 17 34 15 -1 34 17 35 -1 36 37 38 -1 37 36 39 -1 38 40 41 -1 40 38 37 -1 28 40 29 -1 40 28 41 -1 42 34 35 -1 34 42 43 -1 36 42 39 -1 42 36 43 -1 30 44 45 -1 44 30 32 -1 46 47 48 -1 47 46 49 -1 33 50 31 -1 50 33 51 -1 52 53 54 -1 53 52 55 -1 54 56 57 -1 56 54 53 -1 44 56 45 -1 56 44 57 -1 58 50 51 -1 50 58 59 -1 52 58 55 -1 58 52 59 -1 46 60 61 -1 60 46 48 -1 62 63 64 -1 63 62 65 -1 49 66 47 -1 66 49 67 -1 68 69 70 -1 69 68 71 -1 70 72 73 -1 72 70 69 -1 60 72 61 -1 72 60 73 -1 74 67 75 -1 67 74 66 -1 68 75 71 -1 75 68 74 -1 63 76 64 -1 76 63 77 -1 78 79 80 -1 79 78 81 -1 82 65 62 -1 65 82 83 -1 84 85 86 -1 85 84 87 -1 88 86 89 -1 86 88 84 -1 76 88 89 -1 88 76 77 -1 90 82 91 -1 82 90 83 -1 85 90 91 -1 90 85 87 -1 79 92 80 -1 92 79 93 -1 94 95 96 -1 95 94 97 -1 98 81 78 -1 81 98 99 -1 100 101 102 -1 101 100 103 -1 104 102 105 -1 102 104 100 -1 92 104 105 -1 104 92 93 -1 106 98 107 -1 98 106 99 -1 101 106 107 -1 106 101 103 -1 95 108 96 -1 108 95 109 -1 110 111 112 -1 111 110 113 -1 114 97 94 -1 97 114 115 -1 116 117 118 -1 117 116 119 -1 120 118 121 -1 118 120 116 -1 108 120 121 -1 120 108 109 -1 122 114 123 -1 114 122 115 -1 117 122 123 -1 122 117 119 -1 111 124 112 -1 124 111 125 -1 126 127 128 -1 127 126 129 -1 127 129 130 -1 130 129 131 -1 130 131 132 -1 132 131 133 -1 134 113 110 -1 113 134 135 -1 136 137 138 -1 137 136 139 -1 140 138 141 -1 138 140 136 -1 124 140 141 -1 140 124 125 -1 142 134 143 -1 134 142 135 -1 137 142 143 -1 142 137 139 -1 "
								                >
									<Coordinate DEF="coords_ME_ID801_002"
									            point="342.641235 3.024402 22.470745 432.407196 3.543307 -9.712943 431.997406 3.024402 -10.813056 343.099182 3.543307 23.552917 431.997406 0.518905 -10.813056 432.816986 0.518905 -8.612829 432.407196 0.000000 -9.712943 431.827667 1.771654 -11.268738 432.986694 1.771654 -8.157148 431.997406 3.024402 -10.813056 432.816986 3.024402 -8.612829 432.407196 3.543307 -9.712943 431.827667 1.771654 -11.268738 342.451569 1.771654 22.022493 295.305878 3.024402 44.991001 343.099182 3.543307 23.552917 342.641235 3.024402 22.470745 295.855072 3.543307 46.029747 432.816986 3.024402 -8.612829 343.557129 3.024402 24.635092 432.816986 0.518905 -8.612829 343.099182 0.000000 23.552917 432.407196 0.000000 -9.712943 343.557129 0.518905 24.635092 342.641235 0.518905 22.470745 431.997406 0.518905 -10.813056 343.746826 1.771654 25.083342 432.986694 1.771654 -8.157148 342.451569 1.771654 22.022493 295.078369 1.771654 44.560741 247.954315 3.024402 72.650688 295.855072 3.543307 46.029747 295.305878 3.024402 44.991001 248.611008 3.543307 73.626656 343.557129 3.024402 24.635092 296.404297 3.024402 47.068493 343.557129 0.518905 24.635092 295.855072 0.000000 46.029747 343.099182 0.000000 23.552917 296.404297 0.518905 47.068493 295.305878 0.518905 44.991001 342.641235 0.518905 22.470745 296.631805 1.771654 47.498756 343.746826 1.771654 25.083342 295.078369 1.771654 44.560741 247.682327 1.771654 72.246422 201.366913 3.024402 108.499702 248.611008 3.543307 73.626656 247.954315 3.024402 72.650688 201.366913 3.543307 109.980988 296.404297 3.024402 47.068493 249.267685 3.024402 74.602638 296.404297 0.518905 47.068493 248.611008 0.000000 73.626656 295.855072 0.000000 46.029747 249.267685 0.518905 74.602638 247.954315 0.518905 72.650688 295.305878 0.518905 44.991001 249.539703 1.771654 75.006897 296.631805 1.771654 47.498756 247.682327 1.771654 72.246422 201.366913 1.771654 107.886131 154.122818 3.543307 73.626656 201.366913 3.024402 108.499702 154.779495 3.024402 72.650688 201.366913 3.543307 109.980988 249.267685 3.024402 74.602638 201.366913 3.024402 111.462280 249.267685 0.518905 74.602638 201.366913 0.000000 109.980988 248.611008 0.000000 73.626656 201.366913 0.518905 111.462280 201.366913 0.518905 108.499702 247.954315 0.518905 72.650688 249.539703 1.771654 75.006897 201.366913 1.771654 112.075844 155.051498 1.771654 72.246422 201.366913 1.771654 107.886131 106.878723 3.543307 46.029747 154.779495 3.024402 72.650688 107.427940 3.024402 44.991005 154.122818 3.543307 73.626656 153.466125 3.024402 74.602638 201.366913 3.024402 111.462280 201.366913 0.000000 109.980988 153.466125 0.518905 74.602638 154.122818 0.000000 73.626656 201.366913 0.518905 111.462280 201.366913 0.518905 108.499702 154.779495 0.518905 72.650688 201.366913 1.771654 112.075844 153.194122 1.771654 75.006897 107.655434 1.771654 44.560741 155.051498 1.771654 72.246422 59.634628 3.543307 23.552917 107.427940 3.024402 44.991005 60.092567 3.024402 22.470745 106.878723 3.543307 46.029747 106.329506 3.024402 47.068493 153.466125 3.024402 74.602638 154.122818 0.000000 73.626656 106.329506 0.518905 47.068493 106.878723 0.000000 46.029747 153.466125 0.518905 74.602638 154.779495 0.518905 72.650688 107.427940 0.518905 44.991005 153.194122 1.771654 75.006897 106.102005 1.771654 47.498756 60.282249 1.771654 22.022493 107.655434 1.771654 44.560741 -29.673384 3.543307 -9.712943 60.092567 3.024402 22.470745 -29.263609 3.024402 -10.813056 59.634628 3.543307 23.552917 59.176685 3.024402 24.635092 106.329506 3.024402 47.068493 106.878723 0.000000 46.029747 59.176685 0.518905 24.635092 59.634628 0.000000 23.552917 106.329506 0.518905 47.068493 107.427940 0.518905 44.991005 60.092567 0.518905 22.470745 106.102005 1.771654 47.498756 58.987003 1.771654 25.083342 -29.093874 1.771654 -11.268738 60.282249 1.771654 22.022493 -30.083158 0.518905 -8.612829 -29.263609 0.518905 -10.813056 -29.673384 0.000000 -9.712943 -30.252893 1.771654 -8.157148 -29.093874 1.771654 -11.268738 -30.083158 3.024402 -8.612829 -29.263609 3.024402 -10.813056 -29.673384 3.543307 -9.712943 -30.083158 3.024402 -8.612829 59.176685 3.024402 24.635092 59.634628 0.000000 23.552917 -30.083158 0.518905 -8.612829 -29.673384 0.000000 -9.712943 59.176685 0.518905 24.635092 60.092567 0.518905 22.470745 -29.263609 0.518905 -10.813056 58.987003 1.771654 25.083342 -30.252893 1.771654 -8.157148 "
									            />
								</IndexedFaceSet>
							</Shape>
						</Group>
					</Transform>
				</Transform>
				<Transform DEF="group_94_TRANSFORM"
				           translation="0.693115 0.669291 -0.828674"
				           scale="1.000000 1.000000 1.000000"
				           rotation="-0.000000 -1.000001 -0.000000 0.278672"
				           >
					<Transform DEF="group_94_ifs_TRANSFORM"
					           translation="-0.000042 0.000000 -0.000061"
					           scale="1.000000 1.000000 1.000000"
					           rotation="0.000000 0.000000 -0.000000 0.000000"
					           >
						<Group DEF="group_ME_ID808_002">
							<Shape>
								<Appearance>
									<Material USE="MA_material_012" />
								</Appearance>
								<IndexedFaceSet solid="false"
								                coordIndex="0 1 2 -1 1 0 3 -1 4 5 6 -1 5 4 7 -1 5 7 2 -1 2 7 0 -1 8 9 10 -1 9 8 11 -1 9 11 12 -1 13 14 15 -1 14 13 16 -1 17 18 19 -1 18 17 20 -1 20 17 21 -1 22 23 24 -1 23 22 25 -1 25 22 4 -1 25 4 6 -1 26 12 11 -1 12 26 27 -1 12 27 28 -1 21 29 20 -1 29 21 30 -1 30 21 31 -1 32 33 34 -1 33 32 10 -1 33 10 9 -1 35 36 37 -1 36 35 38 -1 38 35 39 -1 38 39 40 -1 40 39 41 -1 40 41 42 -1 42 41 43 -1 42 43 44 -1 45 46 47 -1 46 45 19 -1 19 45 17 -1 48 16 13 -1 16 48 49 -1 31 50 30 -1 50 31 51 -1 52 53 54 -1 53 52 55 -1 56 28 27 -1 28 56 57 -1 58 59 60 -1 59 58 61 -1 "
								                >
									<Coordinate DEF="coords_ME_ID808_002"
									            point="3.522464 2.149704 0.158098 5.629921 0.000000 0.051686 3.522464 0.055020 0.158098 5.629921 2.204724 0.051686 1.354794 2.012941 0.474294 2.980546 0.069168 0.237147 1.354794 0.191784 0.474294 2.980546 2.135556 0.237147 3.522464 2.149704 0.158098 5.629921 2.204724 2.519685 5.629921 2.204724 0.051686 2.980546 2.135556 0.237147 2.980546 2.135556 2.519685 6.653543 2.204724 0.000000 5.629921 0.000000 0.051686 5.629921 2.204724 0.051686 6.653543 0.000000 0.000000 5.629921 0.000000 2.519685 3.522464 0.055020 0.158098 5.629921 0.000000 0.051686 2.980546 0.069168 0.237147 2.980546 0.069168 2.519685 1.146364 1.997221 0.556383 0.000000 0.440945 1.007874 0.000000 1.763780 1.007874 1.146364 0.207503 0.556383 1.354794 2.012941 0.474294 1.146364 1.997221 0.556383 1.146364 1.997221 2.519685 1.354794 0.191784 0.474294 1.146364 0.207503 0.556383 1.146364 0.207503 2.519685 6.653543 2.204724 0.000000 51.574802 2.204724 2.519685 19.291338 2.204724 -0.000000 1.146364 0.207503 2.519685 -0.000000 1.763780 2.519685 -0.000000 0.440945 2.519685 1.146364 1.997221 2.519685 2.980546 0.069168 2.519685 2.980546 2.135556 2.519685 5.629921 0.000000 2.519685 5.629921 2.204724 2.519685 51.574802 0.000000 2.519685 51.574802 2.204724 2.519685 51.574802 0.000000 2.519685 6.653543 0.000000 0.000000 19.291338 -0.000000 0.000000 19.291338 2.204724 -0.000000 19.291338 -0.000000 0.000000 0.000000 0.440945 1.007874 -0.000000 0.440945 2.519685 -0.000000 1.763780 2.519685 0.000000 0.440945 1.007874 -0.000000 0.440945 2.519685 0.000000 1.763780 1.007874 0.000000 1.763780 1.007874 -0.000000 1.763780 2.519685 51.574802 2.204724 2.519685 19.291338 -0.000000 0.000000 19.291338 2.204724 -0.000000 51.574802 0.000000 2.519685 "
									            />
								</IndexedFaceSet>
							</Shape>
						</Group>
					</Transform>
				</Transform>
			</Transform>
			<Transform DEF="group_95_TRANSFORM"
			           translation="3300.321045 -7.677166 135.150345"
			           scale="1.000000 1.000000 1.000000"
			           rotation="0.000000 1.000000 0.000000 0.000000"
			           >
				<Transform DEF="group_92_001_TRANSFORM"
				           translation="501.026855 0.669291 -0.828674"
				           scale="-1.000000 -1.000000 -1.000000"
				           rotation="-0.990308 0.000000 0.138886 3.141593"
				           >
					<Transform DEF="group_92_001_ifs_TRANSFORM"
					           translation="-0.000042 -0.000001 -0.000060"
					           scale="1.000000 1.000000 1.000000"
					           rotation="-0.000000 0.000000 -0.000000 0.000000"
					           >
						<Group DEF="group_ME_ID816_001">
							<Shape>
								<Appearance>
									<Material USE="MA_material_012" />
								</Appearance>
								<IndexedFaceSet solid="false"
								                coordIndex="0 1 2 -1 3 2 1 -1 1 4 3 -1 3 4 5 -1 4 6 5 -1 7 5 6 -1 8 9 10 -1 9 11 10 -1 12 10 11 -1 13 14 15 -1 16 15 14 -1 17 18 19 -1 19 18 20 -1 21 20 18 -1 7 6 22 -1 6 23 22 -1 22 23 24 -1 25 24 23 -1 26 27 8 -1 27 28 8 -1 9 8 28 -1 29 17 30 -1 30 17 31 -1 19 31 17 -1 10 12 32 -1 12 33 32 -1 34 32 33 -1 35 36 37 -1 36 38 37 -1 37 38 39 -1 38 40 39 -1 39 40 41 -1 40 42 41 -1 41 42 43 -1 44 43 42 -1 18 45 21 -1 21 45 46 -1 47 46 45 -1 48 49 13 -1 14 13 49 -1 50 29 51 -1 30 51 29 -1 52 53 54 -1 55 54 53 -1 56 57 26 -1 27 26 57 -1 58 59 60 -1 61 60 59 -1 "
								                >
									<Coordinate DEF="coords_ME_ID816_001"
									            point="5.629921 2.204724 0.051686 3.522464 2.149704 0.158098 5.629921 0.000000 0.051686 3.522464 0.055020 0.158098 2.980546 2.135556 0.237147 2.980546 0.069168 0.237147 1.354794 2.012941 0.474294 1.354794 0.191784 0.474294 2.980546 2.135556 2.519685 2.980546 2.135556 0.237147 5.629921 2.204724 2.519685 3.522464 2.149704 0.158098 5.629921 2.204724 0.051686 6.653543 0.000000 0.000000 6.653543 2.204724 0.000000 5.629921 0.000000 0.051686 5.629921 2.204724 0.051686 2.980546 0.069168 2.519685 5.629921 0.000000 2.519685 2.980546 0.069168 0.237147 3.522464 0.055020 0.158098 5.629921 0.000000 0.051686 1.146364 0.207503 0.556383 1.146364 1.997221 0.556383 0.000000 0.440945 1.007874 0.000000 1.763780 1.007874 1.146364 1.997221 2.519685 1.146364 1.997221 0.556383 1.354794 2.012941 0.474294 1.146364 0.207503 2.519685 1.146364 0.207503 0.556383 1.354794 0.191784 0.474294 51.574802 2.204724 2.519685 6.653543 2.204724 0.000000 19.291338 2.204724 -0.000000 51.574802 2.204724 2.519685 51.574802 0.000000 2.519685 5.629921 2.204724 2.519685 5.629921 0.000000 2.519685 2.980546 2.135556 2.519685 2.980546 0.069168 2.519685 1.146364 1.997221 2.519685 1.146364 0.207503 2.519685 -0.000000 1.763780 2.519685 -0.000000 0.440945 2.519685 51.574802 0.000000 2.519685 6.653543 0.000000 0.000000 19.291338 -0.000000 0.000000 19.291338 -0.000000 0.000000 19.291338 2.204724 -0.000000 -0.000000 0.440945 2.519685 0.000000 0.440945 1.007874 0.000000 1.763780 1.007874 -0.000000 1.763780 2.519685 0.000000 0.440945 1.007874 -0.000000 0.440945 2.519685 -0.000000 1.763780 2.519685 0.000000 1.763780 1.007874 51.574802 0.000000 2.519685 51.574802 2.204724 2.519685 19.291338 -0.000000 0.000000 19.291338 2.204724 -0.000000 "
									            />
								</IndexedFaceSet>
							</Shape>
						</Group>
					</Transform>
				</Transform>
				<Transform DEF="group_93_001_TRANSFORM"
				           translation="49.493164 0.000000 12.635132"
				           scale="1.000000 1.000000 1.000000"
				           rotation="0.000000 1.000000 0.000000 0.000000"
				           >
					<Transform DEF="group_93_001_ifs_TRANSFORM"
					           translation="0.000000 0.000000 0.000000"
					           scale="1.000000 1.000000 1.000000"
					           rotation="0.000000 1.000000 0.000000 0.000000"
					           >
						<Group DEF="group_ME_ID823_002">
							<Shape>
								<Appearance>
									<Material USE="MA_material_012" />
								</Appearance>
								<IndexedFaceSet solid="false"
								                coordIndex="0 1 2 -1 1 0 3 -1 4 5 6 -1 5 4 7 -1 5 7 8 -1 8 7 9 -1 8 9 10 -1 10 9 11 -1 0 12 13 -1 12 0 2 -1 14 15 16 -1 15 14 17 -1 3 18 1 -1 18 3 19 -1 20 21 22 -1 21 20 23 -1 22 24 25 -1 24 22 21 -1 12 24 13 -1 24 12 25 -1 26 18 19 -1 18 26 27 -1 20 26 23 -1 26 20 27 -1 14 28 29 -1 28 14 16 -1 30 31 32 -1 31 30 33 -1 17 34 15 -1 34 17 35 -1 36 37 38 -1 37 36 39 -1 38 40 41 -1 40 38 37 -1 28 40 29 -1 40 28 41 -1 42 34 35 -1 34 42 43 -1 36 42 39 -1 42 36 43 -1 30 44 45 -1 44 30 32 -1 46 47 48 -1 47 46 49 -1 33 50 31 -1 50 33 51 -1 52 53 54 -1 53 52 55 -1 54 56 57 -1 56 54 53 -1 44 56 45 -1 56 44 57 -1 58 50 51 -1 50 58 59 -1 52 58 55 -1 58 52 59 -1 46 60 61 -1 60 46 48 -1 62 63 64 -1 63 62 65 -1 49 66 47 -1 66 49 67 -1 68 69 70 -1 69 68 71 -1 70 72 73 -1 72 70 69 -1 60 72 61 -1 72 60 73 -1 74 67 75 -1 67 74 66 -1 68 75 71 -1 75 68 74 -1 63 76 64 -1 76 63 77 -1 78 79 80 -1 79 78 81 -1 82 65 62 -1 65 82 83 -1 84 85 86 -1 85 84 87 -1 88 86 89 -1 86 88 84 -1 76 88 89 -1 88 76 77 -1 90 82 91 -1 82 90 83 -1 85 90 91 -1 90 85 87 -1 79 92 80 -1 92 79 93 -1 94 95 96 -1 95 94 97 -1 98 81 78 -1 81 98 99 -1 100 101 102 -1 101 100 103 -1 104 102 105 -1 102 104 100 -1 92 104 105 -1 104 92 93 -1 106 98 107 -1 98 106 99 -1 101 106 107 -1 106 101 103 -1 95 108 96 -1 108 95 109 -1 110 111 112 -1 111 110 113 -1 114 97 94 -1 97 114 115 -1 116 117 118 -1 117 116 119 -1 120 118 121 -1 118 120 116 -1 108 120 121 -1 120 108 109 -1 122 114 123 -1 114 122 115 -1 117 122 123 -1 122 117 119 -1 111 124 112 -1 124 111 125 -1 126 127 128 -1 127 126 129 -1 127 129 130 -1 130 129 131 -1 130 131 132 -1 132 131 133 -1 134 113 110 -1 113 134 135 -1 136 137 138 -1 137 136 139 -1 140 138 141 -1 138 140 136 -1 124 140 141 -1 140 124 125 -1 142 134 143 -1 134 142 135 -1 137 142 143 -1 142 137 139 -1 "
								                >
									<Coordinate DEF="coords_ME_ID823_002"
									            point="342.641235 3.024402 22.470745 432.407196 3.543307 -9.712943 431.997406 3.024402 -10.813056 343.099182 3.543307 23.552917 431.997406 0.518905 -10.813056 432.816986 0.518905 -8.612829 432.407196 0.000000 -9.712943 431.827667 1.771654 -11.268738 432.986694 1.771654 -8.157148 431.997406 3.024402 -10.813056 432.816986 3.024402 -8.612829 432.407196 3.543307 -9.712943 431.827667 1.771654 -11.268738 342.451569 1.771654 22.022493 295.305878 3.024402 44.991001 343.099182 3.543307 23.552917 342.641235 3.024402 22.470745 295.855072 3.543307 46.029747 432.816986 3.024402 -8.612829 343.557129 3.024402 24.635092 432.816986 0.518905 -8.612829 343.099182 0.000000 23.552917 432.407196 0.000000 -9.712943 343.557129 0.518905 24.635092 342.641235 0.518905 22.470745 431.997406 0.518905 -10.813056 343.746826 1.771654 25.083342 432.986694 1.771654 -8.157148 342.451569 1.771654 22.022493 295.078369 1.771654 44.560741 247.954315 3.024402 72.650688 295.855072 3.543307 46.029747 295.305878 3.024402 44.991001 248.611008 3.543307 73.626656 343.557129 3.024402 24.635092 296.404297 3.024402 47.068493 343.557129 0.518905 24.635092 295.855072 0.000000 46.029747 343.099182 0.000000 23.552917 296.404297 0.518905 47.068493 295.305878 0.518905 44.991001 342.641235 0.518905 22.470745 296.631805 1.771654 47.498756 343.746826 1.771654 25.083342 295.078369 1.771654 44.560741 247.682327 1.771654 72.246422 201.366913 3.024402 108.499702 248.611008 3.543307 73.626656 247.954315 3.024402 72.650688 201.366913 3.543307 109.980988 296.404297 3.024402 47.068493 249.267685 3.024402 74.602638 296.404297 0.518905 47.068493 248.611008 0.000000 73.626656 295.855072 0.000000 46.029747 249.267685 0.518905 74.602638 247.954315 0.518905 72.650688 295.305878 0.518905 44.991001 249.539703 1.771654 75.006897 296.631805 1.771654 47.498756 247.682327 1.771654 72.246422 201.366913 1.771654 107.886131 154.122818 3.543307 73.626656 201.366913 3.024402 108.499702 154.779495 3.024402 72.650688 201.366913 3.543307 109.980988 249.267685 3.024402 74.602638 201.366913 3.024402 111.462280 249.267685 0.518905 74.602638 201.366913 0.000000 109.980988 248.611008 0.000000 73.626656 201.366913 0.518905 111.462280 201.366913 0.518905 108.499702 247.954315 0.518905 72.650688 249.539703 1.771654 75.006897 201.366913 1.771654 112.075844 155.051498 1.771654 72.246422 201.366913 1.771654 107.886131 106.878723 3.543307 46.029747 154.779495 3.024402 72.650688 107.427940 3.024402 44.991005 154.122818 3.543307 73.626656 153.466125 3.024402 74.602638 201.366913 3.024402 111.462280 201.366913 0.000000 109.980988 153.466125 0.518905 74.602638 154.122818 0.000000 73.626656 201.366913 0.518905 111.462280 201.366913 0.518905 108.499702 154.779495 0.518905 72.650688 201.366913 1.771654 112.075844 153.194122 1.771654 75.006897 107.655434 1.771654 44.560741 155.051498 1.771654 72.246422 59.634628 3.543307 23.552917 107.427940 3.024402 44.991005 60.092567 3.024402 22.470745 106.878723 3.543307 46.029747 106.329506 3.024402 47.068493 153.466125 3.024402 74.602638 154.122818 0.000000 73.626656 106.329506 0.518905 47.068493 106.878723 0.000000 46.029747 153.466125 0.518905 74.602638 154.779495 0.518905 72.650688 107.427940 0.518905 44.991005 153.194122 1.771654 75.006897 106.102005 1.771654 47.498756 60.282249 1.771654 22.022493 107.655434 1.771654 44.560741 -29.673384 3.543307 -9.712943 60.092567 3.024402 22.470745 -29.263609 3.024402 -10.813056 59.634628 3.543307 23.552917 59.176685 3.024402 24.635092 106.329506 3.024402 47.068493 106.878723 0.000000 46.029747 59.176685 0.518905 24.635092 59.634628 0.000000 23.552917 106.329506 0.518905 47.068493 107.427940 0.518905 44.991005 60.092567 0.518905 22.470745 106.102005 1.771654 47.498756 58.987003 1.771654 25.083342 -29.093874 1.771654 -11.268738 60.282249 1.771654 22.022493 -30.083158 0.518905 -8.612829 -29.263609 0.518905 -10.813056 -29.673384 0.000000 -9.712943 -30.252893 1.771654 -8.157148 -29.093874 1.771654 -11.268738 -30.083158 3.024402 -8.612829 -29.263609 3.024402 -10.813056 -29.673384 3.543307 -9.712943 -30.083158 3.024402 -8.612829 59.176685 3.024402 24.635092 59.634628 0.000000 23.552917 -30.083158 0.518905 -8.612829 -29.673384 0.000000 -9.712943 59.176685 0.518905 24.635092 60.092567 0.518905 22.470745 -29.263609 0.518905 -10.813056 58.987003 1.771654 25.083342 -30.252893 1.771654 -8.157148 "
									            />
								</IndexedFaceSet>
							</Shape>
						</Group>
					</Transform>
				</Transform>
				<Transform DEF="group_94_001_TRANSFORM"
				           translation="0.693115 0.669291 -0.828674"
				           scale="1.000000 1.000000 1.000000"
				           rotation="-0.000000 -1.000001 -0.000000 0.278672"
				           >
					<Transform DEF="group_94_001_ifs_TRANSFORM"
					           translation="-0.000042 -0.000000 -0.000061"
					           scale="1.000000 1.000000 1.000000"
					           rotation="0.000000 0.000000 -0.000000 0.000000"
					           >
						<Group DEF="group_ME_ID830_003">
							<Shape>
								<Appearance>
									<Material USE="MA_material_012" />
								</Appearance>
								<IndexedFaceSet solid="false"
								                coordIndex="0 1 2 -1 1 0 3 -1 4 5 6 -1 5 4 7 -1 5 7 2 -1 2 7 0 -1 8 9 10 -1 9 8 11 -1 9 11 12 -1 13 14 15 -1 14 13 16 -1 17 18 19 -1 18 17 20 -1 20 17 21 -1 22 23 24 -1 23 22 25 -1 25 22 4 -1 25 4 6 -1 26 12 11 -1 12 26 27 -1 12 27 28 -1 21 29 20 -1 29 21 30 -1 30 21 31 -1 32 33 34 -1 33 32 10 -1 33 10 9 -1 35 36 37 -1 36 35 38 -1 38 35 39 -1 38 39 40 -1 40 39 41 -1 40 41 42 -1 42 41 43 -1 42 43 44 -1 45 46 47 -1 46 45 19 -1 19 45 17 -1 48 16 13 -1 16 48 49 -1 31 50 30 -1 50 31 51 -1 52 53 54 -1 53 52 55 -1 56 28 27 -1 28 56 57 -1 58 59 60 -1 59 58 61 -1 "
								                >
									<Coordinate DEF="coords_ME_ID830_003"
									            point="3.522464 2.149704 0.158098 5.629921 0.000000 0.051686 3.522464 0.055020 0.158098 5.629921 2.204724 0.051686 1.354794 2.012941 0.474294 2.980546 0.069168 0.237147 1.354794 0.191784 0.474294 2.980546 2.135556 0.237147 3.522464 2.149704 0.158098 5.629921 2.204724 2.519685 5.629921 2.204724 0.051686 2.980546 2.135556 0.237147 2.980546 2.135556 2.519685 6.653543 2.204724 0.000000 5.629921 0.000000 0.051686 5.629921 2.204724 0.051686 6.653543 0.000000 0.000000 5.629921 0.000000 2.519685 3.522464 0.055020 0.158098 5.629921 0.000000 0.051686 2.980546 0.069168 0.237147 2.980546 0.069168 2.519685 1.146364 1.997221 0.556383 0.000000 0.440945 1.007874 0.000000 1.763780 1.007874 1.146364 0.207503 0.556383 1.354794 2.012941 0.474294 1.146364 1.997221 0.556383 1.146364 1.997221 2.519685 1.354794 0.191784 0.474294 1.146364 0.207503 0.556383 1.146364 0.207503 2.519685 6.653543 2.204724 0.000000 51.574802 2.204724 2.519685 19.291338 2.204724 -0.000000 1.146364 0.207503 2.519685 -0.000000 1.763780 2.519685 -0.000000 0.440945 2.519685 1.146364 1.997221 2.519685 2.980546 0.069168 2.519685 2.980546 2.135556 2.519685 5.629921 0.000000 2.519685 5.629921 2.204724 2.519685 51.574802 0.000000 2.519685 51.574802 2.204724 2.519685 51.574802 0.000000 2.519685 6.653543 0.000000 0.000000 19.291338 -0.000000 0.000000 19.291338 2.204724 -0.000000 19.291338 -0.000000 0.000000 0.000000 0.440945 1.007874 -0.000000 0.440945 2.519685 -0.000000 1.763780 2.519685 0.000000 0.440945 1.007874 -0.000000 0.440945 2.519685 0.000000 1.763780 1.007874 0.000000 1.763780 1.007874 -0.000000 1.763780 2.519685 51.574802 2.204724 2.519685 19.291338 -0.000000 0.000000 19.291338 2.204724 -0.000000 51.574802 0.000000 2.519685 "
									            />
								</IndexedFaceSet>
							</Shape>
						</Group>
					</Transform>
				</Transform>
			</Transform>
			<Transform DEF="group_96_TRANSFORM"
			           translation="3300.321045 -19.488188 135.150345"
			           scale="1.000000 1.000000 1.000000"
			           rotation="0.000000 1.000000 0.000000 0.000000"
			           >
				<Transform DEF="group_92_002_TRANSFORM"
				           translation="501.026855 0.669291 -0.828674"
				           scale="-1.000000 -1.000000 -1.000000"
				           rotation="-0.990308 0.000000 0.138886 3.141593"
				           >
					<Transform DEF="group_92_002_ifs_TRANSFORM"
					           translation="-0.000042 -0.000000 -0.000059"
					           scale="1.000000 1.000000 1.000000"
					           rotation="-0.000000 0.000000 -0.000000 0.000000"
					           >
						<Group DEF="group_ME_ID838_002">
							<Shape>
								<Appearance>
									<Material USE="MA_material_012" />
								</Appearance>
								<IndexedFaceSet solid="false"
								                coordIndex="0 1 2 -1 3 2 1 -1 1 4 3 -1 3 4 5 -1 4 6 5 -1 7 5 6 -1 8 9 10 -1 9 11 10 -1 12 10 11 -1 13 14 15 -1 16 15 14 -1 17 18 19 -1 19 18 20 -1 21 20 18 -1 7 6 22 -1 6 23 22 -1 22 23 24 -1 25 24 23 -1 26 27 8 -1 27 28 8 -1 9 8 28 -1 29 17 30 -1 30 17 31 -1 19 31 17 -1 10 12 32 -1 12 33 32 -1 34 32 33 -1 35 36 37 -1 36 38 37 -1 37 38 39 -1 38 40 39 -1 39 40 41 -1 40 42 41 -1 41 42 43 -1 44 43 42 -1 18 45 21 -1 21 45 46 -1 47 46 45 -1 48 49 13 -1 14 13 49 -1 50 29 51 -1 30 51 29 -1 52 53 54 -1 55 54 53 -1 56 57 26 -1 27 26 57 -1 58 59 60 -1 61 60 59 -1 "
								                >
									<Coordinate DEF="coords_ME_ID838_002"
									            point="5.629921 2.204724 0.051686 3.522464 2.149704 0.158098 5.629921 0.000000 0.051686 3.522464 0.055020 0.158098 2.980546 2.135556 0.237147 2.980546 0.069168 0.237147 1.354794 2.012941 0.474294 1.354794 0.191784 0.474294 2.980546 2.135556 2.519685 2.980546 2.135556 0.237147 5.629921 2.204724 2.519685 3.522464 2.149704 0.158098 5.629921 2.204724 0.051686 6.653543 0.000000 0.000000 6.653543 2.204724 0.000000 5.629921 0.000000 0.051686 5.629921 2.204724 0.051686 2.980546 0.069168 2.519685 5.629921 0.000000 2.519685 2.980546 0.069168 0.237147 3.522464 0.055020 0.158098 5.629921 0.000000 0.051686 1.146364 0.207503 0.556383 1.146364 1.997221 0.556383 0.000000 0.440945 1.007874 0.000000 1.763780 1.007874 1.146364 1.997221 2.519685 1.146364 1.997221 0.556383 1.354794 2.012941 0.474294 1.146364 0.207503 2.519685 1.146364 0.207503 0.556383 1.354794 0.191784 0.474294 51.574802 2.204724 2.519685 6.653543 2.204724 0.000000 19.291338 2.204724 -0.000000 51.574802 2.204724 2.519685 51.574802 0.000000 2.519685 5.629921 2.204724 2.519685 5.629921 0.000000 2.519685 2.980546 2.135556 2.519685 2.980546 0.069168 2.519685 1.146364 1.997221 2.519685 1.146364 0.207503 2.519685 -0.000000 1.763780 2.519685 -0.000000 0.440945 2.519685 51.574802 0.000000 2.519685 6.653543 0.000000 0.000000 19.291338 -0.000000 0.000000 19.291338 -0.000000 0.000000 19.291338 2.204724 -0.000000 -0.000000 0.440945 2.519685 0.000000 0.440945 1.007874 0.000000 1.763780 1.007874 -0.000000 1.763780 2.519685 0.000000 0.440945 1.007874 -0.000000 0.440945 2.519685 -0.000000 1.763780 2.519685 0.000000 1.763780 1.007874 51.574802 0.000000 2.519685 51.574802 2.204724 2.519685 19.291338 -0.000000 0.000000 19.291338 2.204724 -0.000000 "
									            />
								</IndexedFaceSet>
							</Shape>
						</Group>
					</Transform>
				</Transform>
				<Transform DEF="group_93_002_TRANSFORM"
				           translation="49.493164 0.000000 12.635132"
				           scale="1.000000 1.000000 1.000000"
				           rotation="0.000000 1.000000 0.000000 0.000000"
				           >
					<Transform DEF="group_93_002_ifs_TRANSFORM"
					           translation="0.000000 0.000000 0.000000"
					           scale="1.000000 1.000000 1.000000"
					           rotation="0.000000 1.000000 0.000000 0.000000"
					           >
						<Group DEF="group_ME_ID845_003">
							<Shape>
								<Appearance>
									<Material USE="MA_material_012" />
								</Appearance>
								<IndexedFaceSet solid="false"
								                coordIndex="0 1 2 -1 1 0 3 -1 4 5 6 -1 5 4 7 -1 5 7 8 -1 8 7 9 -1 8 9 10 -1 10 9 11 -1 0 12 13 -1 12 0 2 -1 14 15 16 -1 15 14 17 -1 3 18 1 -1 18 3 19 -1 20 21 22 -1 21 20 23 -1 22 24 25 -1 24 22 21 -1 12 24 13 -1 24 12 25 -1 26 18 19 -1 18 26 27 -1 20 26 23 -1 26 20 27 -1 14 28 29 -1 28 14 16 -1 30 31 32 -1 31 30 33 -1 17 34 15 -1 34 17 35 -1 36 37 38 -1 37 36 39 -1 38 40 41 -1 40 38 37 -1 28 40 29 -1 40 28 41 -1 42 34 35 -1 34 42 43 -1 36 42 39 -1 42 36 43 -1 30 44 45 -1 44 30 32 -1 46 47 48 -1 47 46 49 -1 33 50 31 -1 50 33 51 -1 52 53 54 -1 53 52 55 -1 54 56 57 -1 56 54 53 -1 44 56 45 -1 56 44 57 -1 58 50 51 -1 50 58 59 -1 52 58 55 -1 58 52 59 -1 46 60 61 -1 60 46 48 -1 62 63 64 -1 63 62 65 -1 49 66 47 -1 66 49 67 -1 68 69 70 -1 69 68 71 -1 70 72 73 -1 72 70 69 -1 60 72 61 -1 72 60 73 -1 74 67 75 -1 67 74 66 -1 68 75 71 -1 75 68 74 -1 63 76 64 -1 76 63 77 -1 78 79 80 -1 79 78 81 -1 82 65 62 -1 65 82 83 -1 84 85 86 -1 85 84 87 -1 88 86 89 -1 86 88 84 -1 76 88 89 -1 88 76 77 -1 90 82 91 -1 82 90 83 -1 85 90 91 -1 90 85 87 -1 79 92 80 -1 92 79 93 -1 94 95 96 -1 95 94 97 -1 98 81 78 -1 81 98 99 -1 100 101 102 -1 101 100 103 -1 104 102 105 -1 102 104 100 -1 92 104 105 -1 104 92 93 -1 106 98 107 -1 98 106 99 -1 101 106 107 -1 106 101 103 -1 95 108 96 -1 108 95 109 -1 110 111 112 -1 111 110 113 -1 114 97 94 -1 97 114 115 -1 116 117 118 -1 117 116 119 -1 120 118 121 -1 118 120 116 -1 108 120 121 -1 120 108 109 -1 122 114 123 -1 114 122 115 -1 117 122 123 -1 122 117 119 -1 111 124 112 -1 124 111 125 -1 126 127 128 -1 127 126 129 -1 127 129 130 -1 130 129 131 -1 130 131 132 -1 132 131 133 -1 134 113 110 -1 113 134 135 -1 136 137 138 -1 137 136 139 -1 140 138 141 -1 138 140 136 -1 124 140 141 -1 140 124 125 -1 142 134 143 -1 134 142 135 -1 137 142 143 -1 142 137 139 -1 "
								                >
									<Coordinate DEF="coords_ME_ID845_003"
									            point="342.641235 3.024402 22.470745 432.407196 3.543307 -9.712943 431.997406 3.024402 -10.813056 343.099182 3.543307 23.552917 431.997406 0.518905 -10.813056 432.816986 0.518905 -8.612829 432.407196 0.000000 -9.712943 431.827667 1.771654 -11.268738 432.986694 1.771654 -8.157148 431.997406 3.024402 -10.813056 432.816986 3.024402 -8.612829 432.407196 3.543307 -9.712943 431.827667 1.771654 -11.268738 342.451569 1.771654 22.022493 295.305878 3.024402 44.991001 343.099182 3.543307 23.552917 342.641235 3.024402 22.470745 295.855072 3.543307 46.029747 432.816986 3.024402 -8.612829 343.557129 3.024402 24.635092 432.816986 0.518905 -8.612829 343.099182 0.000000 23.552917 432.407196 0.000000 -9.712943 343.557129 0.518905 24.635092 342.641235 0.518905 22.470745 431.997406 0.518905 -10.813056 343.746826 1.771654 25.083342 432.986694 1.771654 -8.157148 342.451569 1.771654 22.022493 295.078369 1.771654 44.560741 247.954315 3.024402 72.650688 295.855072 3.543307 46.029747 295.305878 3.024402 44.991001 248.611008 3.543307 73.626656 343.557129 3.024402 24.635092 296.404297 3.024402 47.068493 343.557129 0.518905 24.635092 295.855072 0.000000 46.029747 343.099182 0.000000 23.552917 296.404297 0.518905 47.068493 295.305878 0.518905 44.991001 342.641235 0.518905 22.470745 296.631805 1.771654 47.498756 343.746826 1.771654 25.083342 295.078369 1.771654 44.560741 247.682327 1.771654 72.246422 201.366913 3.024402 108.499702 248.611008 3.543307 73.626656 247.954315 3.024402 72.650688 201.366913 3.543307 109.980988 296.404297 3.024402 47.068493 249.267685 3.024402 74.602638 296.404297 0.518905 47.068493 248.611008 0.000000 73.626656 295.855072 0.000000 46.029747 249.267685 0.518905 74.602638 247.954315 0.518905 72.650688 295.305878 0.518905 44.991001 249.539703 1.771654 75.006897 296.631805 1.771654 47.498756 247.682327 1.771654 72.246422 201.366913 1.771654 107.886131 154.122818 3.543307 73.626656 201.366913 3.024402 108.499702 154.779495 3.024402 72.650688 201.366913 3.543307 109.980988 249.267685 3.024402 74.602638 201.366913 3.024402 111.462280 249.267685 0.518905 74.602638 201.366913 0.000000 109.980988 248.611008 0.000000 73.626656 201.366913 0.518905 111.462280 201.366913 0.518905 108.499702 247.954315 0.518905 72.650688 249.539703 1.771654 75.006897 201.366913 1.771654 112.075844 155.051498 1.771654 72.246422 201.366913 1.771654 107.886131 106.878723 3.543307 46.029747 154.779495 3.024402 72.650688 107.427940 3.024402 44.991005 154.122818 3.543307 73.626656 153.466125 3.024402 74.602638 201.366913 3.024402 111.462280 201.366913 0.000000 109.980988 153.466125 0.518905 74.602638 154.122818 0.000000 73.626656 201.366913 0.518905 111.462280 201.366913 0.518905 108.499702 154.779495 0.518905 72.650688 201.366913 1.771654 112.075844 153.194122 1.771654 75.006897 107.655434 1.771654 44.560741 155.051498 1.771654 72.246422 59.634628 3.543307 23.552917 107.427940 3.024402 44.991005 60.092567 3.024402 22.470745 106.878723 3.543307 46.029747 106.329506 3.024402 47.068493 153.466125 3.024402 74.602638 154.122818 0.000000 73.626656 106.329506 0.518905 47.068493 106.878723 0.000000 46.029747 153.466125 0.518905 74.602638 154.779495 0.518905 72.650688 107.427940 0.518905 44.991005 153.194122 1.771654 75.006897 106.102005 1.771654 47.498756 60.282249 1.771654 22.022493 107.655434 1.771654 44.560741 -29.673384 3.543307 -9.712943 60.092567 3.024402 22.470745 -29.263609 3.024402 -10.813056 59.634628 3.543307 23.552917 59.176685 3.024402 24.635092 106.329506 3.024402 47.068493 106.878723 0.000000 46.029747 59.176685 0.518905 24.635092 59.634628 0.000000 23.552917 106.329506 0.518905 47.068493 107.427940 0.518905 44.991005 60.092567 0.518905 22.470745 106.102005 1.771654 47.498756 58.987003 1.771654 25.083342 -29.093874 1.771654 -11.268738 60.282249 1.771654 22.022493 -30.083158 0.518905 -8.612829 -29.263609 0.518905 -10.813056 -29.673384 0.000000 -9.712943 -30.252893 1.771654 -8.157148 -29.093874 1.771654 -11.268738 -30.083158 3.024402 -8.612829 -29.263609 3.024402 -10.813056 -29.673384 3.543307 -9.712943 -30.083158 3.024402 -8.612829 59.176685 3.024402 24.635092 59.634628 0.000000 23.552917 -30.083158 0.518905 -8.612829 -29.673384 0.000000 -9.712943 59.176685 0.518905 24.635092 60.092567 0.518905 22.470745 -29.263609 0.518905 -10.813056 58.987003 1.771654 25.083342 -30.252893 1.771654 -8.157148 "
									            />
								</IndexedFaceSet>
							</Shape>
						</Group>
					</Transform>
				</Transform>
				<Transform DEF="group_94_002_TRANSFORM"
				           translation="0.693115 0.669291 -0.828674"
				           scale="1.000000 1.000000 1.000000"
				           rotation="-0.000000 -1.000001 -0.000000 0.278672"
				           >
					<Transform DEF="group_94_002_ifs_TRANSFORM"
					           translation="-0.000042 0.000000 -0.000061"
					           scale="1.000000 1.000000 1.000000"
					           rotation="0.000000 0.000000 -0.000000 0.000000"
					           >
						<Group DEF="group_ME_ID852_002">
							<Shape>
								<Appearance>
									<Material USE="MA_material_012" />
								</Appearance>
								<IndexedFaceSet solid="false"
								                coordIndex="0 1 2 -1 1 0 3 -1 4 5 6 -1 5 4 7 -1 5 7 2 -1 2 7 0 -1 8 9 10 -1 9 8 11 -1 9 11 12 -1 13 14 15 -1 14 13 16 -1 17 18 19 -1 18 17 20 -1 20 17 21 -1 22 23 24 -1 23 22 25 -1 25 22 4 -1 25 4 6 -1 26 12 11 -1 12 26 27 -1 12 27 28 -1 21 29 20 -1 29 21 30 -1 30 21 31 -1 32 33 34 -1 33 32 10 -1 33 10 9 -1 35 36 37 -1 36 35 38 -1 38 35 39 -1 38 39 40 -1 40 39 41 -1 40 41 42 -1 42 41 43 -1 42 43 44 -1 45 46 47 -1 46 45 19 -1 19 45 17 -1 48 16 13 -1 16 48 49 -1 31 50 30 -1 50 31 51 -1 52 53 54 -1 53 52 55 -1 56 28 27 -1 28 56 57 -1 58 59 60 -1 59 58 61 -1 "
								                >
									<Coordinate DEF="coords_ME_ID852_002"
									            point="3.522464 2.149704 0.158098 5.629921 0.000000 0.051686 3.522464 0.055020 0.158098 5.629921 2.204724 0.051686 1.354794 2.012941 0.474294 2.980546 0.069168 0.237147 1.354794 0.191784 0.474294 2.980546 2.135556 0.237147 3.522464 2.149704 0.158098 5.629921 2.204724 2.519685 5.629921 2.204724 0.051686 2.980546 2.135556 0.237147 2.980546 2.135556 2.519685 6.653543 2.204724 0.000000 5.629921 0.000000 0.051686 5.629921 2.204724 0.051686 6.653543 0.000000 0.000000 5.629921 0.000000 2.519685 3.522464 0.055020 0.158098 5.629921 0.000000 0.051686 2.980546 0.069168 0.237147 2.980546 0.069168 2.519685 1.146364 1.997221 0.556383 0.000000 0.440945 1.007874 0.000000 1.763780 1.007874 1.146364 0.207503 0.556383 1.354794 2.012941 0.474294 1.146364 1.997221 0.556383 1.146364 1.997221 2.519685 1.354794 0.191784 0.474294 1.146364 0.207503 0.556383 1.146364 0.207503 2.519685 6.653543 2.204724 0.000000 51.574802 2.204724 2.519685 19.291338 2.204724 -0.000000 1.146364 0.207503 2.519685 -0.000000 1.763780 2.519685 -0.000000 0.440945 2.519685 1.146364 1.997221 2.519685 2.980546 0.069168 2.519685 2.980546 2.135556 2.519685 5.629921 0.000000 2.519685 5.629921 2.204724 2.519685 51.574802 0.000000 2.519685 51.574802 2.204724 2.519685 51.574802 0.000000 2.519685 6.653543 0.000000 0.000000 19.291338 -0.000000 0.000000 19.291338 2.204724 -0.000000 19.291338 -0.000000 0.000000 0.000000 0.440945 1.007874 -0.000000 0.440945 2.519685 -0.000000 1.763780 2.519685 0.000000 0.440945 1.007874 -0.000000 0.440945 2.519685 0.000000 1.763780 1.007874 0.000000 1.763780 1.007874 -0.000000 1.763780 2.519685 51.574802 2.204724 2.519685 19.291338 -0.000000 0.000000 19.291338 2.204724 -0.000000 51.574802 0.000000 2.519685 "
									            />
								</IndexedFaceSet>
							</Shape>
						</Group>
					</Transform>
				</Transform>
			</Transform>
			<Transform DEF="group_97_TRANSFORM"
			           translation="3300.321045 -13.582677 135.150345"
			           scale="1.000000 1.000000 1.000000"
			           rotation="0.000000 1.000000 0.000000 0.000000"
			           >
				<Transform DEF="group_92_003_TRANSFORM"
				           translation="501.026855 0.669291 -0.828674"
				           scale="-1.000000 -1.000000 -1.000000"
				           rotation="-0.990308 0.000000 0.138886 3.141593"
				           >
					<Transform DEF="group_92_003_ifs_TRANSFORM"
					           translation="-0.000042 -0.000000 -0.000060"
					           scale="1.000000 1.000000 1.000000"
					           rotation="-0.000000 0.000000 -0.000000 0.000000"
					           >
						<Group DEF="group_ME_ID860">
							<Shape>
								<Appearance>
									<Material USE="MA_material_012" />
								</Appearance>
								<IndexedFaceSet solid="false"
								                coordIndex="0 1 2 -1 3 2 1 -1 1 4 3 -1 3 4 5 -1 4 6 5 -1 7 5 6 -1 8 9 10 -1 9 11 10 -1 12 10 11 -1 13 14 15 -1 16 15 14 -1 17 18 19 -1 19 18 20 -1 21 20 18 -1 7 6 22 -1 6 23 22 -1 22 23 24 -1 25 24 23 -1 26 27 8 -1 27 28 8 -1 9 8 28 -1 29 17 30 -1 30 17 31 -1 19 31 17 -1 10 12 32 -1 12 33 32 -1 34 32 33 -1 35 36 37 -1 36 38 37 -1 37 38 39 -1 38 40 39 -1 39 40 41 -1 40 42 41 -1 41 42 43 -1 44 43 42 -1 18 45 21 -1 21 45 46 -1 47 46 45 -1 48 49 13 -1 14 13 49 -1 50 29 51 -1 30 51 29 -1 52 53 54 -1 55 54 53 -1 56 57 26 -1 27 26 57 -1 58 59 60 -1 61 60 59 -1 "
								                >
									<Coordinate DEF="coords_ME_ID860"
									            point="5.629921 2.204724 0.051686 3.522464 2.149704 0.158098 5.629921 0.000000 0.051686 3.522464 0.055020 0.158098 2.980546 2.135556 0.237147 2.980546 0.069168 0.237147 1.354794 2.012941 0.474294 1.354794 0.191784 0.474294 2.980546 2.135556 2.519685 2.980546 2.135556 0.237147 5.629921 2.204724 2.519685 3.522464 2.149704 0.158098 5.629921 2.204724 0.051686 6.653543 0.000000 0.000000 6.653543 2.204724 0.000000 5.629921 0.000000 0.051686 5.629921 2.204724 0.051686 2.980546 0.069168 2.519685 5.629921 0.000000 2.519685 2.980546 0.069168 0.237147 3.522464 0.055020 0.158098 5.629921 0.000000 0.051686 1.146364 0.207503 0.556383 1.146364 1.997221 0.556383 0.000000 0.440945 1.007874 0.000000 1.763780 1.007874 1.146364 1.997221 2.519685 1.146364 1.997221 0.556383 1.354794 2.012941 0.474294 1.146364 0.207503 2.519685 1.146364 0.207503 0.556383 1.354794 0.191784 0.474294 51.574802 2.204724 2.519685 6.653543 2.204724 0.000000 19.291338 2.204724 -0.000000 51.574802 2.204724 2.519685 51.574802 0.000000 2.519685 5.629921 2.204724 2.519685 5.629921 0.000000 2.519685 2.980546 2.135556 2.519685 2.980546 0.069168 2.519685 1.146364 1.997221 2.519685 1.146364 0.207503 2.519685 -0.000000 1.763780 2.519685 -0.000000 0.440945 2.519685 51.574802 0.000000 2.519685 6.653543 0.000000 0.000000 19.291338 -0.000000 0.000000 19.291338 -0.000000 0.000000 19.291338 2.204724 -0.000000 -0.000000 0.440945 2.519685 0.000000 0.440945 1.007874 0.000000 1.763780 1.007874 -0.000000 1.763780 2.519685 0.000000 0.440945 1.007874 -0.000000 0.440945 2.519685 -0.000000 1.763780 2.519685 0.000000 1.763780 1.007874 51.574802 0.000000 2.519685 51.574802 2.204724 2.519685 19.291338 -0.000000 0.000000 19.291338 2.204724 -0.000000 "
									            />
								</IndexedFaceSet>
							</Shape>
						</Group>
					</Transform>
				</Transform>
				<Transform DEF="group_93_003_TRANSFORM"
				           translation="49.493164 0.000000 12.635132"
				           scale="1.000000 1.000000 1.000000"
				           rotation="0.000000 1.000000 0.000000 0.000000"
				           >
					<Transform DEF="group_93_003_ifs_TRANSFORM"
					           translation="0.000000 0.000000 0.000000"
					           scale="1.000000 1.000000 1.000000"
					           rotation="0.000000 1.000000 0.000000 0.000000"
					           >
						<Group DEF="group_ME_ID867_001">
							<Shape>
								<Appearance>
									<Material USE="MA_material_012" />
								</Appearance>
								<IndexedFaceSet solid="false"
								                coordIndex="0 1 2 -1 1 0 3 -1 4 5 6 -1 5 4 7 -1 5 7 8 -1 8 7 9 -1 8 9 10 -1 10 9 11 -1 0 12 13 -1 12 0 2 -1 14 15 16 -1 15 14 17 -1 3 18 1 -1 18 3 19 -1 20 21 22 -1 21 20 23 -1 22 24 25 -1 24 22 21 -1 12 24 13 -1 24 12 25 -1 26 18 19 -1 18 26 27 -1 20 26 23 -1 26 20 27 -1 14 28 29 -1 28 14 16 -1 30 31 32 -1 31 30 33 -1 17 34 15 -1 34 17 35 -1 36 37 38 -1 37 36 39 -1 38 40 41 -1 40 38 37 -1 28 40 29 -1 40 28 41 -1 42 34 35 -1 34 42 43 -1 36 42 39 -1 42 36 43 -1 30 44 45 -1 44 30 32 -1 46 47 48 -1 47 46 49 -1 33 50 31 -1 50 33 51 -1 52 53 54 -1 53 52 55 -1 54 56 57 -1 56 54 53 -1 44 56 45 -1 56 44 57 -1 58 50 51 -1 50 58 59 -1 52 58 55 -1 58 52 59 -1 46 60 61 -1 60 46 48 -1 62 63 64 -1 63 62 65 -1 49 66 47 -1 66 49 67 -1 68 69 70 -1 69 68 71 -1 70 72 73 -1 72 70 69 -1 60 72 61 -1 72 60 73 -1 74 67 75 -1 67 74 66 -1 68 75 71 -1 75 68 74 -1 63 76 64 -1 76 63 77 -1 78 79 80 -1 79 78 81 -1 82 65 62 -1 65 82 83 -1 84 85 86 -1 85 84 87 -1 88 86 89 -1 86 88 84 -1 76 88 89 -1 88 76 77 -1 90 82 91 -1 82 90 83 -1 85 90 91 -1 90 85 87 -1 79 92 80 -1 92 79 93 -1 94 95 96 -1 95 94 97 -1 98 81 78 -1 81 98 99 -1 100 101 102 -1 101 100 103 -1 104 102 105 -1 102 104 100 -1 92 104 105 -1 104 92 93 -1 106 98 107 -1 98 106 99 -1 101 106 107 -1 106 101 103 -1 95 108 96 -1 108 95 109 -1 110 111 112 -1 111 110 113 -1 114 97 94 -1 97 114 115 -1 116 117 118 -1 117 116 119 -1 120 118 121 -1 118 120 116 -1 108 120 121 -1 120 108 109 -1 122 114 123 -1 114 122 115 -1 117 122 123 -1 122 117 119 -1 111 124 112 -1 124 111 125 -1 126 127 128 -1 127 126 129 -1 127 129 130 -1 130 129 131 -1 130 131 132 -1 132 131 133 -1 134 113 110 -1 113 134 135 -1 136 137 138 -1 137 136 139 -1 140 138 141 -1 138 140 136 -1 124 140 141 -1 140 124 125 -1 142 134 143 -1 134 142 135 -1 137 142 143 -1 142 137 139 -1 "
								                >
									<Coordinate DEF="coords_ME_ID867_001"
									            point="342.641235 3.024402 22.470745 432.407196 3.543307 -9.712943 431.997406 3.024402 -10.813056 343.099182 3.543307 23.552917 431.997406 0.518905 -10.813056 432.816986 0.518905 -8.612829 432.407196 0.000000 -9.712943 431.827667 1.771654 -11.268738 432.986694 1.771654 -8.157148 431.997406 3.024402 -10.813056 432.816986 3.024402 -8.612829 432.407196 3.543307 -9.712943 431.827667 1.771654 -11.268738 342.451569 1.771654 22.022493 295.305878 3.024402 44.991001 343.099182 3.543307 23.552917 342.641235 3.024402 22.470745 295.855072 3.543307 46.029747 432.816986 3.024402 -8.612829 343.557129 3.024402 24.635092 432.816986 0.518905 -8.612829 343.099182 0.000000 23.552917 432.407196 0.000000 -9.712943 343.557129 0.518905 24.635092 342.641235 0.518905 22.470745 431.997406 0.518905 -10.813056 343.746826 1.771654 25.083342 432.986694 1.771654 -8.157148 342.451569 1.771654 22.022493 295.078369 1.771654 44.560741 247.954315 3.024402 72.650688 295.855072 3.543307 46.029747 295.305878 3.024402 44.991001 248.611008 3.543307 73.626656 343.557129 3.024402 24.635092 296.404297 3.024402 47.068493 343.557129 0.518905 24.635092 295.855072 0.000000 46.029747 343.099182 0.000000 23.552917 296.404297 0.518905 47.068493 295.305878 0.518905 44.991001 342.641235 0.518905 22.470745 296.631805 1.771654 47.498756 343.746826 1.771654 25.083342 295.078369 1.771654 44.560741 247.682327 1.771654 72.246422 201.366913 3.024402 108.499702 248.611008 3.543307 73.626656 247.954315 3.024402 72.650688 201.366913 3.543307 109.980988 296.404297 3.024402 47.068493 249.267685 3.024402 74.602638 296.404297 0.518905 47.068493 248.611008 0.000000 73.626656 295.855072 0.000000 46.029747 249.267685 0.518905 74.602638 247.954315 0.518905 72.650688 295.305878 0.518905 44.991001 249.539703 1.771654 75.006897 296.631805 1.771654 47.498756 247.682327 1.771654 72.246422 201.366913 1.771654 107.886131 154.122818 3.543307 73.626656 201.366913 3.024402 108.499702 154.779495 3.024402 72.650688 201.366913 3.543307 109.980988 249.267685 3.024402 74.602638 201.366913 3.024402 111.462280 249.267685 0.518905 74.602638 201.366913 0.000000 109.980988 248.611008 0.000000 73.626656 201.366913 0.518905 111.462280 201.366913 0.518905 108.499702 247.954315 0.518905 72.650688 249.539703 1.771654 75.006897 201.366913 1.771654 112.075844 155.051498 1.771654 72.246422 201.366913 1.771654 107.886131 106.878723 3.543307 46.029747 154.779495 3.024402 72.650688 107.427940 3.024402 44.991005 154.122818 3.543307 73.626656 153.466125 3.024402 74.602638 201.366913 3.024402 111.462280 201.366913 0.000000 109.980988 153.466125 0.518905 74.602638 154.122818 0.000000 73.626656 201.366913 0.518905 111.462280 201.366913 0.518905 108.499702 154.779495 0.518905 72.650688 201.366913 1.771654 112.075844 153.194122 1.771654 75.006897 107.655434 1.771654 44.560741 155.051498 1.771654 72.246422 59.634628 3.543307 23.552917 107.427940 3.024402 44.991005 60.092567 3.024402 22.470745 106.878723 3.543307 46.029747 106.329506 3.024402 47.068493 153.466125 3.024402 74.602638 154.122818 0.000000 73.626656 106.329506 0.518905 47.068493 106.878723 0.000000 46.029747 153.466125 0.518905 74.602638 154.779495 0.518905 72.650688 107.427940 0.518905 44.991005 153.194122 1.771654 75.006897 106.102005 1.771654 47.498756 60.282249 1.771654 22.022493 107.655434 1.771654 44.560741 -29.673384 3.543307 -9.712943 60.092567 3.024402 22.470745 -29.263609 3.024402 -10.813056 59.634628 3.543307 23.552917 59.176685 3.024402 24.635092 106.329506 3.024402 47.068493 106.878723 0.000000 46.029747 59.176685 0.518905 24.635092 59.634628 0.000000 23.552917 106.329506 0.518905 47.068493 107.427940 0.518905 44.991005 60.092567 0.518905 22.470745 106.102005 1.771654 47.498756 58.987003 1.771654 25.083342 -29.093874 1.771654 -11.268738 60.282249 1.771654 22.022493 -30.083158 0.518905 -8.612829 -29.263609 0.518905 -10.813056 -29.673384 0.000000 -9.712943 -30.252893 1.771654 -8.157148 -29.093874 1.771654 -11.268738 -30.083158 3.024402 -8.612829 -29.263609 3.024402 -10.813056 -29.673384 3.543307 -9.712943 -30.083158 3.024402 -8.612829 59.176685 3.024402 24.635092 59.634628 0.000000 23.552917 -30.083158 0.518905 -8.612829 -29.673384 0.000000 -9.712943 59.176685 0.518905 24.635092 60.092567 0.518905 22.470745 -29.263609 0.518905 -10.813056 58.987003 1.771654 25.083342 -30.252893 1.771654 -8.157148 "
									            />
								</IndexedFaceSet>
							</Shape>
						</Group>
					</Transform>
				</Transform>
				<Transform DEF="group_94_003_TRANSFORM"
				           translation="0.693115 0.669291 -0.828674"
				           scale="1.000000 1.000000 1.000000"
				           rotation="-0.000000 -1.000001 -0.000000 0.278672"
				           >
					<Transform DEF="group_94_003_ifs_TRANSFORM"
					           translation="-0.000042 0.000000 -0.000061"
					           scale="1.000000 1.000000 1.000000"
					           rotation="0.000000 0.000000 -0.000000 0.000000"
					           >
						<Group DEF="group_ME_ID874_001">
							<Shape>
								<Appearance>
									<Material USE="MA_material_012" />
								</Appearance>
								<IndexedFaceSet solid="false"
								                coordIndex="0 1 2 -1 1 0 3 -1 4 5 6 -1 5 4 7 -1 5 7 2 -1 2 7 0 -1 8 9 10 -1 9 8 11 -1 9 11 12 -1 13 14 15 -1 14 13 16 -1 17 18 19 -1 18 17 20 -1 20 17 21 -1 22 23 24 -1 23 22 25 -1 25 22 4 -1 25 4 6 -1 26 12 11 -1 12 26 27 -1 12 27 28 -1 21 29 20 -1 29 21 30 -1 30 21 31 -1 32 33 34 -1 33 32 10 -1 33 10 9 -1 35 36 37 -1 36 35 38 -1 38 35 39 -1 38 39 40 -1 40 39 41 -1 40 41 42 -1 42 41 43 -1 42 43 44 -1 45 46 47 -1 46 45 19 -1 19 45 17 -1 48 16 13 -1 16 48 49 -1 31 50 30 -1 50 31 51 -1 52 53 54 -1 53 52 55 -1 56 28 27 -1 28 56 57 -1 58 59 60 -1 59 58 61 -1 "
								                >
									<Coordinate DEF="coords_ME_ID874_001"
									            point="3.522464 2.149704 0.158098 5.629921 0.000000 0.051686 3.522464 0.055020 0.158098 5.629921 2.204724 0.051686 1.354794 2.012941 0.474294 2.980546 0.069168 0.237147 1.354794 0.191784 0.474294 2.980546 2.135556 0.237147 3.522464 2.149704 0.158098 5.629921 2.204724 2.519685 5.629921 2.204724 0.051686 2.980546 2.135556 0.237147 2.980546 2.135556 2.519685 6.653543 2.204724 0.000000 5.629921 0.000000 0.051686 5.629921 2.204724 0.051686 6.653543 0.000000 0.000000 5.629921 0.000000 2.519685 3.522464 0.055020 0.158098 5.629921 0.000000 0.051686 2.980546 0.069168 0.237147 2.980546 0.069168 2.519685 1.146364 1.997221 0.556383 0.000000 0.440945 1.007874 0.000000 1.763780 1.007874 1.146364 0.207503 0.556383 1.354794 2.012941 0.474294 1.146364 1.997221 0.556383 1.146364 1.997221 2.519685 1.354794 0.191784 0.474294 1.146364 0.207503 0.556383 1.146364 0.207503 2.519685 6.653543 2.204724 0.000000 51.574802 2.204724 2.519685 19.291338 2.204724 -0.000000 1.146364 0.207503 2.519685 -0.000000 1.763780 2.519685 -0.000000 0.440945 2.519685 1.146364 1.997221 2.519685 2.980546 0.069168 2.519685 2.980546 2.135556 2.519685 5.629921 0.000000 2.519685 5.629921 2.204724 2.519685 51.574802 0.000000 2.519685 51.574802 2.204724 2.519685 51.574802 0.000000 2.519685 6.653543 0.000000 0.000000 19.291338 -0.000000 0.000000 19.291338 2.204724 -0.000000 19.291338 -0.000000 0.000000 0.000000 0.440945 1.007874 -0.000000 0.440945 2.519685 -0.000000 1.763780 2.519685 0.000000 0.440945 1.007874 -0.000000 0.440945 2.519685 0.000000 1.763780 1.007874 0.000000 1.763780 1.007874 -0.000000 1.763780 2.519685 51.574802 2.204724 2.519685 19.291338 -0.000000 0.000000 19.291338 2.204724 -0.000000 51.574802 0.000000 2.519685 "
									            />
								</IndexedFaceSet>
							</Shape>
						</Group>
					</Transform>
				</Transform>
			</Transform>
			<Transform DEF="group_98_TRANSFORM"
			           translation="3300.321045 -25.393702 135.150345"
			           scale="1.000000 1.000000 1.000000"
			           rotation="0.000000 1.000000 0.000000 0.000000"
			           >
				<Transform DEF="group_92_004_TRANSFORM"
				           translation="501.026855 0.669291 -0.828674"
				           scale="-1.000000 -1.000000 -1.000000"
				           rotation="-0.990308 0.000000 0.138886 3.141593"
				           >
					<Transform DEF="group_92_004_ifs_TRANSFORM"
					           translation="-0.000042 0.000002 -0.000059"
					           scale="1.000000 1.000000 1.000000"
					           rotation="-0.000000 0.000000 -0.000000 0.000000"
					           >
						<Group DEF="group_ME_ID882_001">
							<Shape>
								<Appearance>
									<Material USE="MA_material_012" />
								</Appearance>
								<IndexedFaceSet solid="false"
								                coordIndex="0 1 2 -1 3 2 1 -1 1 4 3 -1 3 4 5 -1 4 6 5 -1 7 5 6 -1 8 9 10 -1 9 11 10 -1 12 10 11 -1 13 14 15 -1 16 15 14 -1 17 18 19 -1 19 18 20 -1 21 20 18 -1 7 6 22 -1 6 23 22 -1 22 23 24 -1 25 24 23 -1 26 27 8 -1 27 28 8 -1 9 8 28 -1 29 17 30 -1 30 17 31 -1 19 31 17 -1 10 12 32 -1 12 33 32 -1 34 32 33 -1 35 36 37 -1 36 38 37 -1 37 38 39 -1 38 40 39 -1 39 40 41 -1 40 42 41 -1 41 42 43 -1 44 43 42 -1 18 45 21 -1 21 45 46 -1 47 46 45 -1 48 49 13 -1 14 13 49 -1 50 29 51 -1 30 51 29 -1 52 53 54 -1 55 54 53 -1 56 57 26 -1 27 26 57 -1 58 59 60 -1 61 60 59 -1 "
								                >
									<Coordinate DEF="coords_ME_ID882_001"
									            point="5.629921 2.204724 0.051686 3.522464 2.149704 0.158098 5.629921 0.000000 0.051686 3.522464 0.055020 0.158098 2.980546 2.135556 0.237147 2.980546 0.069168 0.237147 1.354794 2.012941 0.474294 1.354794 0.191784 0.474294 2.980546 2.135556 2.519685 2.980546 2.135556 0.237147 5.629921 2.204724 2.519685 3.522464 2.149704 0.158098 5.629921 2.204724 0.051686 6.653543 0.000000 0.000000 6.653543 2.204724 0.000000 5.629921 0.000000 0.051686 5.629921 2.204724 0.051686 2.980546 0.069168 2.519685 5.629921 0.000000 2.519685 2.980546 0.069168 0.237147 3.522464 0.055020 0.158098 5.629921 0.000000 0.051686 1.146364 0.207503 0.556383 1.146364 1.997221 0.556383 0.000000 0.440945 1.007874 0.000000 1.763780 1.007874 1.146364 1.997221 2.519685 1.146364 1.997221 0.556383 1.354794 2.012941 0.474294 1.146364 0.207503 2.519685 1.146364 0.207503 0.556383 1.354794 0.191784 0.474294 51.574802 2.204724 2.519685 6.653543 2.204724 0.000000 19.291338 2.204724 -0.000000 51.574802 2.204724 2.519685 51.574802 0.000000 2.519685 5.629921 2.204724 2.519685 5.629921 0.000000 2.519685 2.980546 2.135556 2.519685 2.980546 0.069168 2.519685 1.146364 1.997221 2.519685 1.146364 0.207503 2.519685 -0.000000 1.763780 2.519685 -0.000000 0.440945 2.519685 51.574802 0.000000 2.519685 6.653543 0.000000 0.000000 19.291338 -0.000000 0.000000 19.291338 -0.000000 0.000000 19.291338 2.204724 -0.000000 -0.000000 0.440945 2.519685 0.000000 0.440945 1.007874 0.000000 1.763780 1.007874 -0.000000 1.763780 2.519685 0.000000 0.440945 1.007874 -0.000000 0.440945 2.519685 -0.000000 1.763780 2.519685 0.000000 1.763780 1.007874 51.574802 0.000000 2.519685 51.574802 2.204724 2.519685 19.291338 -0.000000 0.000000 19.291338 2.204724 -0.000000 "
									            />
								</IndexedFaceSet>
							</Shape>
						</Group>
					</Transform>
				</Transform>
				<Transform DEF="group_93_004_TRANSFORM"
				           translation="49.493164 0.000000 12.635132"
				           scale="1.000000 1.000000 1.000000"
				           rotation="0.000000 1.000000 0.000000 0.000000"
				           >
					<Transform DEF="group_93_004_ifs_TRANSFORM"
					           translation="0.000000 0.000000 0.000000"
					           scale="1.000000 1.000000 1.000000"
					           rotation="0.000000 1.000000 0.000000 0.000000"
					           >
						<Group DEF="group_ME_ID889_002">
							<Shape>
								<Appearance>
									<Material USE="MA_material_012" />
								</Appearance>
								<IndexedFaceSet solid="false"
								                coordIndex="0 1 2 -1 1 0 3 -1 4 5 6 -1 5 4 7 -1 5 7 8 -1 8 7 9 -1 8 9 10 -1 10 9 11 -1 0 12 13 -1 12 0 2 -1 14 15 16 -1 15 14 17 -1 3 18 1 -1 18 3 19 -1 20 21 22 -1 21 20 23 -1 22 24 25 -1 24 22 21 -1 12 24 13 -1 24 12 25 -1 26 18 19 -1 18 26 27 -1 20 26 23 -1 26 20 27 -1 14 28 29 -1 28 14 16 -1 30 31 32 -1 31 30 33 -1 17 34 15 -1 34 17 35 -1 36 37 38 -1 37 36 39 -1 38 40 41 -1 40 38 37 -1 28 40 29 -1 40 28 41 -1 42 34 35 -1 34 42 43 -1 36 42 39 -1 42 36 43 -1 30 44 45 -1 44 30 32 -1 46 47 48 -1 47 46 49 -1 33 50 31 -1 50 33 51 -1 52 53 54 -1 53 52 55 -1 54 56 57 -1 56 54 53 -1 44 56 45 -1 56 44 57 -1 58 50 51 -1 50 58 59 -1 52 58 55 -1 58 52 59 -1 46 60 61 -1 60 46 48 -1 62 63 64 -1 63 62 65 -1 49 66 47 -1 66 49 67 -1 68 69 70 -1 69 68 71 -1 70 72 73 -1 72 70 69 -1 60 72 61 -1 72 60 73 -1 74 67 75 -1 67 74 66 -1 68 75 71 -1 75 68 74 -1 63 76 64 -1 76 63 77 -1 78 79 80 -1 79 78 81 -1 82 65 62 -1 65 82 83 -1 84 85 86 -1 85 84 87 -1 88 86 89 -1 86 88 84 -1 76 88 89 -1 88 76 77 -1 90 82 91 -1 82 90 83 -1 85 90 91 -1 90 85 87 -1 79 92 80 -1 92 79 93 -1 94 95 96 -1 95 94 97 -1 98 81 78 -1 81 98 99 -1 100 101 102 -1 101 100 103 -1 104 102 105 -1 102 104 100 -1 92 104 105 -1 104 92 93 -1 106 98 107 -1 98 106 99 -1 101 106 107 -1 106 101 103 -1 95 108 96 -1 108 95 109 -1 110 111 112 -1 111 110 113 -1 114 97 94 -1 97 114 115 -1 116 117 118 -1 117 116 119 -1 120 118 121 -1 118 120 116 -1 108 120 121 -1 120 108 109 -1 122 114 123 -1 114 122 115 -1 117 122 123 -1 122 117 119 -1 111 124 112 -1 124 111 125 -1 126 127 128 -1 127 126 129 -1 127 129 130 -1 130 129 131 -1 130 131 132 -1 132 131 133 -1 134 113 110 -1 113 134 135 -1 136 137 138 -1 137 136 139 -1 140 138 141 -1 138 140 136 -1 124 140 141 -1 140 124 125 -1 142 134 143 -1 134 142 135 -1 137 142 143 -1 142 137 139 -1 "
								                >
									<Coordinate DEF="coords_ME_ID889_002"
									            point="342.641235 3.024402 22.470745 432.407196 3.543307 -9.712943 431.997406 3.024402 -10.813056 343.099182 3.543307 23.552917 431.997406 0.518905 -10.813056 432.816986 0.518905 -8.612829 432.407196 0.000000 -9.712943 431.827667 1.771654 -11.268738 432.986694 1.771654 -8.157148 431.997406 3.024402 -10.813056 432.816986 3.024402 -8.612829 432.407196 3.543307 -9.712943 431.827667 1.771654 -11.268738 342.451569 1.771654 22.022493 295.305878 3.024402 44.991001 343.099182 3.543307 23.552917 342.641235 3.024402 22.470745 295.855072 3.543307 46.029747 432.816986 3.024402 -8.612829 343.557129 3.024402 24.635092 432.816986 0.518905 -8.612829 343.099182 0.000000 23.552917 432.407196 0.000000 -9.712943 343.557129 0.518905 24.635092 342.641235 0.518905 22.470745 431.997406 0.518905 -10.813056 343.746826 1.771654 25.083342 432.986694 1.771654 -8.157148 342.451569 1.771654 22.022493 295.078369 1.771654 44.560741 247.954315 3.024402 72.650688 295.855072 3.543307 46.029747 295.305878 3.024402 44.991001 248.611008 3.543307 73.626656 343.557129 3.024402 24.635092 296.404297 3.024402 47.068493 343.557129 0.518905 24.635092 295.855072 0.000000 46.029747 343.099182 0.000000 23.552917 296.404297 0.518905 47.068493 295.305878 0.518905 44.991001 342.641235 0.518905 22.470745 296.631805 1.771654 47.498756 343.746826 1.771654 25.083342 295.078369 1.771654 44.560741 247.682327 1.771654 72.246422 201.366913 3.024402 108.499702 248.611008 3.543307 73.626656 247.954315 3.024402 72.650688 201.366913 3.543307 109.980988 296.404297 3.024402 47.068493 249.267685 3.024402 74.602638 296.404297 0.518905 47.068493 248.611008 0.000000 73.626656 295.855072 0.000000 46.029747 249.267685 0.518905 74.602638 247.954315 0.518905 72.650688 295.305878 0.518905 44.991001 249.539703 1.771654 75.006897 296.631805 1.771654 47.498756 247.682327 1.771654 72.246422 201.366913 1.771654 107.886131 154.122818 3.543307 73.626656 201.366913 3.024402 108.499702 154.779495 3.024402 72.650688 201.366913 3.543307 109.980988 249.267685 3.024402 74.602638 201.366913 3.024402 111.462280 249.267685 0.518905 74.602638 201.366913 0.000000 109.980988 248.611008 0.000000 73.626656 201.366913 0.518905 111.462280 201.366913 0.518905 108.499702 247.954315 0.518905 72.650688 249.539703 1.771654 75.006897 201.366913 1.771654 112.075844 155.051498 1.771654 72.246422 201.366913 1.771654 107.886131 106.878723 3.543307 46.029747 154.779495 3.024402 72.650688 107.427940 3.024402 44.991005 154.122818 3.543307 73.626656 153.466125 3.024402 74.602638 201.366913 3.024402 111.462280 201.366913 0.000000 109.980988 153.466125 0.518905 74.602638 154.122818 0.000000 73.626656 201.366913 0.518905 111.462280 201.366913 0.518905 108.499702 154.779495 0.518905 72.650688 201.366913 1.771654 112.075844 153.194122 1.771654 75.006897 107.655434 1.771654 44.560741 155.051498 1.771654 72.246422 59.634628 3.543307 23.552917 107.427940 3.024402 44.991005 60.092567 3.024402 22.470745 106.878723 3.543307 46.029747 106.329506 3.024402 47.068493 153.466125 3.024402 74.602638 154.122818 0.000000 73.626656 106.329506 0.518905 47.068493 106.878723 0.000000 46.029747 153.466125 0.518905 74.602638 154.779495 0.518905 72.650688 107.427940 0.518905 44.991005 153.194122 1.771654 75.006897 106.102005 1.771654 47.498756 60.282249 1.771654 22.022493 107.655434 1.771654 44.560741 -29.673384 3.543307 -9.712943 60.092567 3.024402 22.470745 -29.263609 3.024402 -10.813056 59.634628 3.543307 23.552917 59.176685 3.024402 24.635092 106.329506 3.024402 47.068493 106.878723 0.000000 46.029747 59.176685 0.518905 24.635092 59.634628 0.000000 23.552917 106.329506 0.518905 47.068493 107.427940 0.518905 44.991005 60.092567 0.518905 22.470745 106.102005 1.771654 47.498756 58.987003 1.771654 25.083342 -29.093874 1.771654 -11.268738 60.282249 1.771654 22.022493 -30.083158 0.518905 -8.612829 -29.263609 0.518905 -10.813056 -29.673384 0.000000 -9.712943 -30.252893 1.771654 -8.157148 -29.093874 1.771654 -11.268738 -30.083158 3.024402 -8.612829 -29.263609 3.024402 -10.813056 -29.673384 3.543307 -9.712943 -30.083158 3.024402 -8.612829 59.176685 3.024402 24.635092 59.634628 0.000000 23.552917 -30.083158 0.518905 -8.612829 -29.673384 0.000000 -9.712943 59.176685 0.518905 24.635092 60.092567 0.518905 22.470745 -29.263609 0.518905 -10.813056 58.987003 1.771654 25.083342 -30.252893 1.771654 -8.157148 "
									            />
								</IndexedFaceSet>
							</Shape>
						</Group>
					</Transform>
				</Transform>
				<Transform DEF="group_94_004_TRANSFORM"
				           translation="0.693115 0.669291 -0.828674"
				           scale="1.000000 1.000000 1.000000"
				           rotation="-0.000000 -1.000001 -0.000000 0.278672"
				           >
					<Transform DEF="group_94_004_ifs_TRANSFORM"
					           translation="-0.000042 -0.000002 -0.000061"
					           scale="1.000000 1.000000 1.000000"
					           rotation="0.000000 0.000000 -0.000000 0.000000"
					           >
						<Group DEF="group_ME_ID896_002">
							<Shape>
								<Appearance>
									<Material USE="MA_material_012" />
								</Appearance>
								<IndexedFaceSet solid="false"
								                coordIndex="0 1 2 -1 1 0 3 -1 4 5 6 -1 5 4 7 -1 5 7 2 -1 2 7 0 -1 8 9 10 -1 9 8 11 -1 9 11 12 -1 13 14 15 -1 14 13 16 -1 17 18 19 -1 18 17 20 -1 20 17 21 -1 22 23 24 -1 23 22 25 -1 25 22 4 -1 25 4 6 -1 26 12 11 -1 12 26 27 -1 12 27 28 -1 21 29 20 -1 29 21 30 -1 30 21 31 -1 32 33 34 -1 33 32 10 -1 33 10 9 -1 35 36 37 -1 36 35 38 -1 38 35 39 -1 38 39 40 -1 40 39 41 -1 40 41 42 -1 42 41 43 -1 42 43 44 -1 45 46 47 -1 46 45 19 -1 19 45 17 -1 48 16 13 -1 16 48 49 -1 31 50 30 -1 50 31 51 -1 52 53 54 -1 53 52 55 -1 56 28 27 -1 28 56 57 -1 58 59 60 -1 59 58 61 -1 "
								                >
									<Coordinate DEF="coords_ME_ID896_002"
									            point="3.522464 2.149704 0.158098 5.629921 0.000000 0.051686 3.522464 0.055020 0.158098 5.629921 2.204724 0.051686 1.354794 2.012941 0.474294 2.980546 0.069168 0.237147 1.354794 0.191784 0.474294 2.980546 2.135556 0.237147 3.522464 2.149704 0.158098 5.629921 2.204724 2.519685 5.629921 2.204724 0.051686 2.980546 2.135556 0.237147 2.980546 2.135556 2.519685 6.653543 2.204724 0.000000 5.629921 0.000000 0.051686 5.629921 2.204724 0.051686 6.653543 0.000000 0.000000 5.629921 0.000000 2.519685 3.522464 0.055020 0.158098 5.629921 0.000000 0.051686 2.980546 0.069168 0.237147 2.980546 0.069168 2.519685 1.146364 1.997221 0.556383 0.000000 0.440945 1.007874 0.000000 1.763780 1.007874 1.146364 0.207503 0.556383 1.354794 2.012941 0.474294 1.146364 1.997221 0.556383 1.146364 1.997221 2.519685 1.354794 0.191784 0.474294 1.146364 0.207503 0.556383 1.146364 0.207503 2.519685 6.653543 2.204724 0.000000 51.574802 2.204724 2.519685 19.291338 2.204724 -0.000000 1.146364 0.207503 2.519685 -0.000000 1.763780 2.519685 -0.000000 0.440945 2.519685 1.146364 1.997221 2.519685 2.980546 0.069168 2.519685 2.980546 2.135556 2.519685 5.629921 0.000000 2.519685 5.629921 2.204724 2.519685 51.574802 0.000000 2.519685 51.574802 2.204724 2.519685 51.574802 0.000000 2.519685 6.653543 0.000000 0.000000 19.291338 -0.000000 0.000000 19.291338 2.204724 -0.000000 19.291338 -0.000000 0.000000 0.000000 0.440945 1.007874 -0.000000 0.440945 2.519685 -0.000000 1.763780 2.519685 0.000000 0.440945 1.007874 -0.000000 0.440945 2.519685 0.000000 1.763780 1.007874 0.000000 1.763780 1.007874 -0.000000 1.763780 2.519685 51.574802 2.204724 2.519685 19.291338 -0.000000 0.000000 19.291338 2.204724 -0.000000 51.574802 0.000000 2.519685 "
									            />
								</IndexedFaceSet>
							</Shape>
						</Group>
					</Transform>
				</Transform>
			</Transform>
			<Transform DEF="group_99_TRANSFORM"
			           translation="3300.321045 21.850393 135.150345"
			           scale="1.000000 1.000000 1.000000"
			           rotation="0.000000 1.000000 0.000000 0.000000"
			           >
				<Transform DEF="group_92_005_TRANSFORM"
				           translation="501.026855 0.669291 -0.828674"
				           scale="-1.000000 -1.000000 -1.000000"
				           rotation="-0.990308 0.000000 0.138886 3.141593"
				           >
					<Transform DEF="group_92_005_ifs_TRANSFORM"
					           translation="-0.000042 0.000002 -0.000063"
					           scale="1.000000 1.000000 1.000000"
					           rotation="-0.000000 0.000000 -0.000000 0.000000"
					           >
						<Group DEF="group_ME_ID904_002">
							<Shape>
								<Appearance>
									<Material USE="MA_material_012" />
								</Appearance>
								<IndexedFaceSet solid="false"
								                coordIndex="0 1 2 -1 3 2 1 -1 1 4 3 -1 3 4 5 -1 4 6 5 -1 7 5 6 -1 8 9 10 -1 9 11 10 -1 12 10 11 -1 13 14 15 -1 16 15 14 -1 17 18 19 -1 19 18 20 -1 21 20 18 -1 7 6 22 -1 6 23 22 -1 22 23 24 -1 25 24 23 -1 26 27 8 -1 27 28 8 -1 9 8 28 -1 29 17 30 -1 30 17 31 -1 19 31 17 -1 10 12 32 -1 12 33 32 -1 34 32 33 -1 35 36 37 -1 36 38 37 -1 37 38 39 -1 38 40 39 -1 39 40 41 -1 40 42 41 -1 41 42 43 -1 44 43 42 -1 18 45 21 -1 21 45 46 -1 47 46 45 -1 48 49 13 -1 14 13 49 -1 50 29 51 -1 30 51 29 -1 52 53 54 -1 55 54 53 -1 56 57 26 -1 27 26 57 -1 58 59 60 -1 61 60 59 -1 "
								                >
									<Coordinate DEF="coords_ME_ID904_002"
									            point="5.629921 2.204724 0.051686 3.522464 2.149704 0.158098 5.629921 0.000000 0.051686 3.522464 0.055020 0.158098 2.980546 2.135556 0.237147 2.980546 0.069168 0.237147 1.354794 2.012941 0.474294 1.354794 0.191784 0.474294 2.980546 2.135556 2.519685 2.980546 2.135556 0.237147 5.629921 2.204724 2.519685 3.522464 2.149704 0.158098 5.629921 2.204724 0.051686 6.653543 0.000000 0.000000 6.653543 2.204724 0.000000 5.629921 0.000000 0.051686 5.629921 2.204724 0.051686 2.980546 0.069168 2.519685 5.629921 0.000000 2.519685 2.980546 0.069168 0.237147 3.522464 0.055020 0.158098 5.629921 0.000000 0.051686 1.146364 0.207503 0.556383 1.146364 1.997221 0.556383 0.000000 0.440945 1.007874 0.000000 1.763780 1.007874 1.146364 1.997221 2.519685 1.146364 1.997221 0.556383 1.354794 2.012941 0.474294 1.146364 0.207503 2.519685 1.146364 0.207503 0.556383 1.354794 0.191784 0.474294 51.574802 2.204724 2.519685 6.653543 2.204724 0.000000 19.291338 2.204724 -0.000000 51.574802 2.204724 2.519685 51.574802 0.000000 2.519685 5.629921 2.204724 2.519685 5.629921 0.000000 2.519685 2.980546 2.135556 2.519685 2.980546 0.069168 2.519685 1.146364 1.997221 2.519685 1.146364 0.207503 2.519685 -0.000000 1.763780 2.519685 -0.000000 0.440945 2.519685 51.574802 0.000000 2.519685 6.653543 0.000000 0.000000 19.291338 -0.000000 0.000000 19.291338 -0.000000 0.000000 19.291338 2.204724 -0.000000 -0.000000 0.440945 2.519685 0.000000 0.440945 1.007874 0.000000 1.763780 1.007874 -0.000000 1.763780 2.519685 0.000000 0.440945 1.007874 -0.000000 0.440945 2.519685 -0.000000 1.763780 2.519685 0.000000 1.763780 1.007874 51.574802 0.000000 2.519685 51.574802 2.204724 2.519685 19.291338 -0.000000 0.000000 19.291338 2.204724 -0.000000 "
									            />
								</IndexedFaceSet>
							</Shape>
						</Group>
					</Transform>
				</Transform>
				<Transform DEF="group_93_005_TRANSFORM"
				           translation="49.493164 0.000000 12.635132"
				           scale="1.000000 1.000000 1.000000"
				           rotation="0.000000 1.000000 0.000000 0.000000"
				           >
					<Transform DEF="group_93_005_ifs_TRANSFORM"
					           translation="0.000000 0.000000 0.000000"
					           scale="1.000000 1.000000 1.000000"
					           rotation="0.000000 1.000000 0.000000 0.000000"
					           >
						<Group DEF="group_ME_ID911_002">
							<Shape>
								<Appearance>
									<Material USE="MA_material_012" />
								</Appearance>
								<IndexedFaceSet solid="false"
								                coordIndex="0 1 2 -1 1 0 3 -1 4 5 6 -1 5 4 7 -1 5 7 8 -1 8 7 9 -1 8 9 10 -1 10 9 11 -1 0 12 13 -1 12 0 2 -1 14 15 16 -1 15 14 17 -1 3 18 1 -1 18 3 19 -1 20 21 22 -1 21 20 23 -1 22 24 25 -1 24 22 21 -1 12 24 13 -1 24 12 25 -1 26 18 19 -1 18 26 27 -1 20 26 23 -1 26 20 27 -1 14 28 29 -1 28 14 16 -1 30 31 32 -1 31 30 33 -1 17 34 15 -1 34 17 35 -1 36 37 38 -1 37 36 39 -1 38 40 41 -1 40 38 37 -1 28 40 29 -1 40 28 41 -1 42 34 35 -1 34 42 43 -1 36 42 39 -1 42 36 43 -1 30 44 45 -1 44 30 32 -1 46 47 48 -1 47 46 49 -1 33 50 31 -1 50 33 51 -1 52 53 54 -1 53 52 55 -1 54 56 57 -1 56 54 53 -1 44 56 45 -1 56 44 57 -1 58 50 51 -1 50 58 59 -1 52 58 55 -1 58 52 59 -1 46 60 61 -1 60 46 48 -1 62 63 64 -1 63 62 65 -1 49 66 47 -1 66 49 67 -1 68 69 70 -1 69 68 71 -1 70 72 73 -1 72 70 69 -1 60 72 61 -1 72 60 73 -1 74 67 75 -1 67 74 66 -1 68 75 71 -1 75 68 74 -1 63 76 64 -1 76 63 77 -1 78 79 80 -1 79 78 81 -1 82 65 62 -1 65 82 83 -1 84 85 86 -1 85 84 87 -1 88 86 89 -1 86 88 84 -1 76 88 89 -1 88 76 77 -1 90 82 91 -1 82 90 83 -1 85 90 91 -1 90 85 87 -1 79 92 80 -1 92 79 93 -1 94 95 96 -1 95 94 97 -1 98 81 78 -1 81 98 99 -1 100 101 102 -1 101 100 103 -1 104 102 105 -1 102 104 100 -1 92 104 105 -1 104 92 93 -1 106 98 107 -1 98 106 99 -1 101 106 107 -1 106 101 103 -1 95 108 96 -1 108 95 109 -1 110 111 112 -1 111 110 113 -1 114 97 94 -1 97 114 115 -1 116 117 118 -1 117 116 119 -1 120 118 121 -1 118 120 116 -1 108 120 121 -1 120 108 109 -1 122 114 123 -1 114 122 115 -1 117 122 123 -1 122 117 119 -1 111 124 112 -1 124 111 125 -1 126 127 128 -1 127 126 129 -1 127 129 130 -1 130 129 131 -1 130 131 132 -1 132 131 133 -1 134 113 110 -1 113 134 135 -1 136 137 138 -1 137 136 139 -1 140 138 141 -1 138 140 136 -1 124 140 141 -1 140 124 125 -1 142 134 143 -1 134 142 135 -1 137 142 143 -1 142 137 139 -1 "
								                >
									<Coordinate DEF="coords_ME_ID911_002"
									            point="342.641235 3.024402 22.470745 432.407196 3.543307 -9.712943 431.997406 3.024402 -10.813056 343.099182 3.543307 23.552917 431.997406 0.518905 -10.813056 432.816986 0.518905 -8.612829 432.407196 0.000000 -9.712943 431.827667 1.771654 -11.268738 432.986694 1.771654 -8.157148 431.997406 3.024402 -10.813056 432.816986 3.024402 -8.612829 432.407196 3.543307 -9.712943 431.827667 1.771654 -11.268738 342.451569 1.771654 22.022493 295.305878 3.024402 44.991001 343.099182 3.543307 23.552917 342.641235 3.024402 22.470745 295.855072 3.543307 46.029747 432.816986 3.024402 -8.612829 343.557129 3.024402 24.635092 432.816986 0.518905 -8.612829 343.099182 0.000000 23.552917 432.407196 0.000000 -9.712943 343.557129 0.518905 24.635092 342.641235 0.518905 22.470745 431.997406 0.518905 -10.813056 343.746826 1.771654 25.083342 432.986694 1.771654 -8.157148 342.451569 1.771654 22.022493 295.078369 1.771654 44.560741 247.954315 3.024402 72.650688 295.855072 3.543307 46.029747 295.305878 3.024402 44.991001 248.611008 3.543307 73.626656 343.557129 3.024402 24.635092 296.404297 3.024402 47.068493 343.557129 0.518905 24.635092 295.855072 0.000000 46.029747 343.099182 0.000000 23.552917 296.404297 0.518905 47.068493 295.305878 0.518905 44.991001 342.641235 0.518905 22.470745 296.631805 1.771654 47.498756 343.746826 1.771654 25.083342 295.078369 1.771654 44.560741 247.682327 1.771654 72.246422 201.366913 3.024402 108.499702 248.611008 3.543307 73.626656 247.954315 3.024402 72.650688 201.366913 3.543307 109.980988 296.404297 3.024402 47.068493 249.267685 3.024402 74.602638 296.404297 0.518905 47.068493 248.611008 0.000000 73.626656 295.855072 0.000000 46.029747 249.267685 0.518905 74.602638 247.954315 0.518905 72.650688 295.305878 0.518905 44.991001 249.539703 1.771654 75.006897 296.631805 1.771654 47.498756 247.682327 1.771654 72.246422 201.366913 1.771654 107.886131 154.122818 3.543307 73.626656 201.366913 3.024402 108.499702 154.779495 3.024402 72.650688 201.366913 3.543307 109.980988 249.267685 3.024402 74.602638 201.366913 3.024402 111.462280 249.267685 0.518905 74.602638 201.366913 0.000000 109.980988 248.611008 0.000000 73.626656 201.366913 0.518905 111.462280 201.366913 0.518905 108.499702 247.954315 0.518905 72.650688 249.539703 1.771654 75.006897 201.366913 1.771654 112.075844 155.051498 1.771654 72.246422 201.366913 1.771654 107.886131 106.878723 3.543307 46.029747 154.779495 3.024402 72.650688 107.427940 3.024402 44.991005 154.122818 3.543307 73.626656 153.466125 3.024402 74.602638 201.366913 3.024402 111.462280 201.366913 0.000000 109.980988 153.466125 0.518905 74.602638 154.122818 0.000000 73.626656 201.366913 0.518905 111.462280 201.366913 0.518905 108.499702 154.779495 0.518905 72.650688 201.366913 1.771654 112.075844 153.194122 1.771654 75.006897 107.655434 1.771654 44.560741 155.051498 1.771654 72.246422 59.634628 3.543307 23.552917 107.427940 3.024402 44.991005 60.092567 3.024402 22.470745 106.878723 3.543307 46.029747 106.329506 3.024402 47.068493 153.466125 3.024402 74.602638 154.122818 0.000000 73.626656 106.329506 0.518905 47.068493 106.878723 0.000000 46.029747 153.466125 0.518905 74.602638 154.779495 0.518905 72.650688 107.427940 0.518905 44.991005 153.194122 1.771654 75.006897 106.102005 1.771654 47.498756 60.282249 1.771654 22.022493 107.655434 1.771654 44.560741 -29.673384 3.543307 -9.712943 60.092567 3.024402 22.470745 -29.263609 3.024402 -10.813056 59.634628 3.543307 23.552917 59.176685 3.024402 24.635092 106.329506 3.024402 47.068493 106.878723 0.000000 46.029747 59.176685 0.518905 24.635092 59.634628 0.000000 23.552917 106.329506 0.518905 47.068493 107.427940 0.518905 44.991005 60.092567 0.518905 22.470745 106.102005 1.771654 47.498756 58.987003 1.771654 25.083342 -29.093874 1.771654 -11.268738 60.282249 1.771654 22.022493 -30.083158 0.518905 -8.612829 -29.263609 0.518905 -10.813056 -29.673384 0.000000 -9.712943 -30.252893 1.771654 -8.157148 -29.093874 1.771654 -11.268738 -30.083158 3.024402 -8.612829 -29.263609 3.024402 -10.813056 -29.673384 3.543307 -9.712943 -30.083158 3.024402 -8.612829 59.176685 3.024402 24.635092 59.634628 0.000000 23.552917 -30.083158 0.518905 -8.612829 -29.673384 0.000000 -9.712943 59.176685 0.518905 24.635092 60.092567 0.518905 22.470745 -29.263609 0.518905 -10.813056 58.987003 1.771654 25.083342 -30.252893 1.771654 -8.157148 "
									            />
								</IndexedFaceSet>
							</Shape>
						</Group>
					</Transform>
				</Transform>
				<Transform DEF="group_94_005_TRANSFORM"
				           translation="0.693115 0.669291 -0.828674"
				           scale="1.000000 1.000000 1.000000"
				           rotation="-0.000000 -1.000001 -0.000000 0.278672"
				           >
					<Transform DEF="group_94_005_ifs_TRANSFORM"
					           translation="-0.000042 0.000002 -0.000061"
					           scale="1.000000 1.000000 1.000000"
					           rotation="0.000000 0.000000 -0.000000 0.000000"
					           >
						<Group DEF="group_ME_ID918_002">
							<Shape>
								<Appearance>
									<Material USE="MA_material_012" />
								</Appearance>
								<IndexedFaceSet solid="false"
								                coordIndex="0 1 2 -1 1 0 3 -1 4 5 6 -1 5 4 7 -1 5 7 2 -1 2 7 0 -1 8 9 10 -1 9 8 11 -1 9 11 12 -1 13 14 15 -1 14 13 16 -1 17 18 19 -1 18 17 20 -1 20 17 21 -1 22 23 24 -1 23 22 25 -1 25 22 4 -1 25 4 6 -1 26 12 11 -1 12 26 27 -1 12 27 28 -1 21 29 20 -1 29 21 30 -1 30 21 31 -1 32 33 34 -1 33 32 10 -1 33 10 9 -1 35 36 37 -1 36 35 38 -1 38 35 39 -1 38 39 40 -1 40 39 41 -1 40 41 42 -1 42 41 43 -1 42 43 44 -1 45 46 47 -1 46 45 19 -1 19 45 17 -1 48 16 13 -1 16 48 49 -1 31 50 30 -1 50 31 51 -1 52 53 54 -1 53 52 55 -1 56 28 27 -1 28 56 57 -1 58 59 60 -1 59 58 61 -1 "
								                >
									<Coordinate DEF="coords_ME_ID918_002"
									            point="3.522464 2.149704 0.158098 5.629921 0.000000 0.051686 3.522464 0.055020 0.158098 5.629921 2.204724 0.051686 1.354794 2.012941 0.474294 2.980546 0.069168 0.237147 1.354794 0.191784 0.474294 2.980546 2.135556 0.237147 3.522464 2.149704 0.158098 5.629921 2.204724 2.519685 5.629921 2.204724 0.051686 2.980546 2.135556 0.237147 2.980546 2.135556 2.519685 6.653543 2.204724 0.000000 5.629921 0.000000 0.051686 5.629921 2.204724 0.051686 6.653543 0.000000 0.000000 5.629921 0.000000 2.519685 3.522464 0.055020 0.158098 5.629921 0.000000 0.051686 2.980546 0.069168 0.237147 2.980546 0.069168 2.519685 1.146364 1.997221 0.556383 0.000000 0.440945 1.007874 0.000000 1.763780 1.007874 1.146364 0.207503 0.556383 1.354794 2.012941 0.474294 1.146364 1.997221 0.556383 1.146364 1.997221 2.519685 1.354794 0.191784 0.474294 1.146364 0.207503 0.556383 1.146364 0.207503 2.519685 6.653543 2.204724 0.000000 51.574802 2.204724 2.519685 19.291338 2.204724 -0.000000 1.146364 0.207503 2.519685 -0.000000 1.763780 2.519685 -0.000000 0.440945 2.519685 1.146364 1.997221 2.519685 2.980546 0.069168 2.519685 2.980546 2.135556 2.519685 5.629921 0.000000 2.519685 5.629921 2.204724 2.519685 51.574802 0.000000 2.519685 51.574802 2.204724 2.519685 51.574802 0.000000 2.519685 6.653543 0.000000 0.000000 19.291338 -0.000000 0.000000 19.291338 2.204724 -0.000000 19.291338 -0.000000 0.000000 0.000000 0.440945 1.007874 -0.000000 0.440945 2.519685 -0.000000 1.763780 2.519685 0.000000 0.440945 1.007874 -0.000000 0.440945 2.519685 0.000000 1.763780 1.007874 0.000000 1.763780 1.007874 -0.000000 1.763780 2.519685 51.574802 2.204724 2.519685 19.291338 -0.000000 0.000000 19.291338 2.204724 -0.000000 51.574802 0.000000 2.519685 "
									            />
								</IndexedFaceSet>
							</Shape>
						</Group>
					</Transform>
				</Transform>
			</Transform>
			<Transform DEF="group_100_TRANSFORM"
			           translation="3300.321045 27.755907 135.150345"
			           scale="1.000000 1.000000 1.000000"
			           rotation="0.000000 1.000000 0.000000 0.000000"
			           >
				<Transform DEF="group_92_006_TRANSFORM"
				           translation="501.026855 0.669291 -0.828674"
				           scale="-1.000000 -1.000000 -1.000000"
				           rotation="-0.990308 0.000000 0.138886 3.141593"
				           >
					<Transform DEF="group_92_006_ifs_TRANSFORM"
					           translation="-0.000042 0.000002 -0.000064"
					           scale="1.000000 1.000000 1.000000"
					           rotation="-0.000000 0.000000 -0.000000 0.000000"
					           >
						<Group DEF="group_ME_ID926">
							<Shape>
								<Appearance>
									<Material USE="MA_material_012" />
								</Appearance>
								<IndexedFaceSet solid="false"
								                coordIndex="0 1 2 -1 3 2 1 -1 1 4 3 -1 3 4 5 -1 4 6 5 -1 7 5 6 -1 8 9 10 -1 9 11 10 -1 12 10 11 -1 13 14 15 -1 16 15 14 -1 17 18 19 -1 19 18 20 -1 21 20 18 -1 7 6 22 -1 6 23 22 -1 22 23 24 -1 25 24 23 -1 26 27 8 -1 27 28 8 -1 9 8 28 -1 29 17 30 -1 30 17 31 -1 19 31 17 -1 10 12 32 -1 12 33 32 -1 34 32 33 -1 35 36 37 -1 36 38 37 -1 37 38 39 -1 38 40 39 -1 39 40 41 -1 40 42 41 -1 41 42 43 -1 44 43 42 -1 18 45 21 -1 21 45 46 -1 47 46 45 -1 48 49 13 -1 14 13 49 -1 50 29 51 -1 30 51 29 -1 52 53 54 -1 55 54 53 -1 56 57 26 -1 27 26 57 -1 58 59 60 -1 61 60 59 -1 "
								                >
									<Coordinate DEF="coords_ME_ID926"
									            point="5.629921 2.204724 0.051686 3.522464 2.149704 0.158098 5.629921 0.000000 0.051686 3.522464 0.055020 0.158098 2.980546 2.135556 0.237147 2.980546 0.069168 0.237147 1.354794 2.012941 0.474294 1.354794 0.191784 0.474294 2.980546 2.135556 2.519685 2.980546 2.135556 0.237147 5.629921 2.204724 2.519685 3.522464 2.149704 0.158098 5.629921 2.204724 0.051686 6.653543 0.000000 0.000000 6.653543 2.204724 0.000000 5.629921 0.000000 0.051686 5.629921 2.204724 0.051686 2.980546 0.069168 2.519685 5.629921 0.000000 2.519685 2.980546 0.069168 0.237147 3.522464 0.055020 0.158098 5.629921 0.000000 0.051686 1.146364 0.207503 0.556383 1.146364 1.997221 0.556383 0.000000 0.440945 1.007874 0.000000 1.763780 1.007874 1.146364 1.997221 2.519685 1.146364 1.997221 0.556383 1.354794 2.012941 0.474294 1.146364 0.207503 2.519685 1.146364 0.207503 0.556383 1.354794 0.191784 0.474294 51.574802 2.204724 2.519685 6.653543 2.204724 0.000000 19.291338 2.204724 -0.000000 51.574802 2.204724 2.519685 51.574802 0.000000 2.519685 5.629921 2.204724 2.519685 5.629921 0.000000 2.519685 2.980546 2.135556 2.519685 2.980546 0.069168 2.519685 1.146364 1.997221 2.519685 1.146364 0.207503 2.519685 -0.000000 1.763780 2.519685 -0.000000 0.440945 2.519685 51.574802 0.000000 2.519685 6.653543 0.000000 0.000000 19.291338 -0.000000 0.000000 19.291338 -0.000000 0.000000 19.291338 2.204724 -0.000000 -0.000000 0.440945 2.519685 0.000000 0.440945 1.007874 0.000000 1.763780 1.007874 -0.000000 1.763780 2.519685 0.000000 0.440945 1.007874 -0.000000 0.440945 2.519685 -0.000000 1.763780 2.519685 0.000000 1.763780 1.007874 51.574802 0.000000 2.519685 51.574802 2.204724 2.519685 19.291338 -0.000000 0.000000 19.291338 2.204724 -0.000000 "
									            />
								</IndexedFaceSet>
							</Shape>
						</Group>
					</Transform>
				</Transform>
				<Transform DEF="group_93_006_TRANSFORM"
				           translation="49.493164 0.000000 12.635132"
				           scale="1.000000 1.000000 1.000000"
				           rotation="0.000000 1.000000 0.000000 0.000000"
				           >
					<Transform DEF="group_93_006_ifs_TRANSFORM"
					           translation="0.000000 0.000000 0.000000"
					           scale="1.000000 1.000000 1.000000"
					           rotation="0.000000 1.000000 0.000000 0.000000"
					           >
						<Group DEF="group_ME_ID933_001">
							<Shape>
								<Appearance>
									<Material USE="MA_material_012" />
								</Appearance>
								<IndexedFaceSet solid="false"
								                coordIndex="0 1 2 -1 1 0 3 -1 4 5 6 -1 5 4 7 -1 5 7 8 -1 8 7 9 -1 8 9 10 -1 10 9 11 -1 0 12 13 -1 12 0 2 -1 14 15 16 -1 15 14 17 -1 3 18 1 -1 18 3 19 -1 20 21 22 -1 21 20 23 -1 22 24 25 -1 24 22 21 -1 12 24 13 -1 24 12 25 -1 26 18 19 -1 18 26 27 -1 20 26 23 -1 26 20 27 -1 14 28 29 -1 28 14 16 -1 30 31 32 -1 31 30 33 -1 17 34 15 -1 34 17 35 -1 36 37 38 -1 37 36 39 -1 38 40 41 -1 40 38 37 -1 28 40 29 -1 40 28 41 -1 42 34 35 -1 34 42 43 -1 36 42 39 -1 42 36 43 -1 30 44 45 -1 44 30 32 -1 46 47 48 -1 47 46 49 -1 33 50 31 -1 50 33 51 -1 52 53 54 -1 53 52 55 -1 54 56 57 -1 56 54 53 -1 44 56 45 -1 56 44 57 -1 58 50 51 -1 50 58 59 -1 52 58 55 -1 58 52 59 -1 46 60 61 -1 60 46 48 -1 62 63 64 -1 63 62 65 -1 49 66 47 -1 66 49 67 -1 68 69 70 -1 69 68 71 -1 70 72 73 -1 72 70 69 -1 60 72 61 -1 72 60 73 -1 74 67 75 -1 67 74 66 -1 68 75 71 -1 75 68 74 -1 63 76 64 -1 76 63 77 -1 78 79 80 -1 79 78 81 -1 82 65 62 -1 65 82 83 -1 84 85 86 -1 85 84 87 -1 88 86 89 -1 86 88 84 -1 76 88 89 -1 88 76 77 -1 90 82 91 -1 82 90 83 -1 85 90 91 -1 90 85 87 -1 79 92 80 -1 92 79 93 -1 94 95 96 -1 95 94 97 -1 98 81 78 -1 81 98 99 -1 100 101 102 -1 101 100 103 -1 104 102 105 -1 102 104 100 -1 92 104 105 -1 104 92 93 -1 106 98 107 -1 98 106 99 -1 101 106 107 -1 106 101 103 -1 95 108 96 -1 108 95 109 -1 110 111 112 -1 111 110 113 -1 114 97 94 -1 97 114 115 -1 116 117 118 -1 117 116 119 -1 120 118 121 -1 118 120 116 -1 108 120 121 -1 120 108 109 -1 122 114 123 -1 114 122 115 -1 117 122 123 -1 122 117 119 -1 111 124 112 -1 124 111 125 -1 126 127 128 -1 127 126 129 -1 127 129 130 -1 130 129 131 -1 130 131 132 -1 132 131 133 -1 134 113 110 -1 113 134 135 -1 136 137 138 -1 137 136 139 -1 140 138 141 -1 138 140 136 -1 124 140 141 -1 140 124 125 -1 142 134 143 -1 134 142 135 -1 137 142 143 -1 142 137 139 -1 "
								                >
									<Coordinate DEF="coords_ME_ID933_001"
									            point="342.641235 3.024402 22.470745 432.407196 3.543307 -9.712943 431.997406 3.024402 -10.813056 343.099182 3.543307 23.552917 431.997406 0.518905 -10.813056 432.816986 0.518905 -8.612829 432.407196 0.000000 -9.712943 431.827667 1.771654 -11.268738 432.986694 1.771654 -8.157148 431.997406 3.024402 -10.813056 432.816986 3.024402 -8.612829 432.407196 3.543307 -9.712943 431.827667 1.771654 -11.268738 342.451569 1.771654 22.022493 295.305878 3.024402 44.991001 343.099182 3.543307 23.552917 342.641235 3.024402 22.470745 295.855072 3.543307 46.029747 432.816986 3.024402 -8.612829 343.557129 3.024402 24.635092 432.816986 0.518905 -8.612829 343.099182 0.000000 23.552917 432.407196 0.000000 -9.712943 343.557129 0.518905 24.635092 342.641235 0.518905 22.470745 431.997406 0.518905 -10.813056 343.746826 1.771654 25.083342 432.986694 1.771654 -8.157148 342.451569 1.771654 22.022493 295.078369 1.771654 44.560741 247.954315 3.024402 72.650688 295.855072 3.543307 46.029747 295.305878 3.024402 44.991001 248.611008 3.543307 73.626656 343.557129 3.024402 24.635092 296.404297 3.024402 47.068493 343.557129 0.518905 24.635092 295.855072 0.000000 46.029747 343.099182 0.000000 23.552917 296.404297 0.518905 47.068493 295.305878 0.518905 44.991001 342.641235 0.518905 22.470745 296.631805 1.771654 47.498756 343.746826 1.771654 25.083342 295.078369 1.771654 44.560741 247.682327 1.771654 72.246422 201.366913 3.024402 108.499702 248.611008 3.543307 73.626656 247.954315 3.024402 72.650688 201.366913 3.543307 109.980988 296.404297 3.024402 47.068493 249.267685 3.024402 74.602638 296.404297 0.518905 47.068493 248.611008 0.000000 73.626656 295.855072 0.000000 46.029747 249.267685 0.518905 74.602638 247.954315 0.518905 72.650688 295.305878 0.518905 44.991001 249.539703 1.771654 75.006897 296.631805 1.771654 47.498756 247.682327 1.771654 72.246422 201.366913 1.771654 107.886131 154.122818 3.543307 73.626656 201.366913 3.024402 108.499702 154.779495 3.024402 72.650688 201.366913 3.543307 109.980988 249.267685 3.024402 74.602638 201.366913 3.024402 111.462280 249.267685 0.518905 74.602638 201.366913 0.000000 109.980988 248.611008 0.000000 73.626656 201.366913 0.518905 111.462280 201.366913 0.518905 108.499702 247.954315 0.518905 72.650688 249.539703 1.771654 75.006897 201.366913 1.771654 112.075844 155.051498 1.771654 72.246422 201.366913 1.771654 107.886131 106.878723 3.543307 46.029747 154.779495 3.024402 72.650688 107.427940 3.024402 44.991005 154.122818 3.543307 73.626656 153.466125 3.024402 74.602638 201.366913 3.024402 111.462280 201.366913 0.000000 109.980988 153.466125 0.518905 74.602638 154.122818 0.000000 73.626656 201.366913 0.518905 111.462280 201.366913 0.518905 108.499702 154.779495 0.518905 72.650688 201.366913 1.771654 112.075844 153.194122 1.771654 75.006897 107.655434 1.771654 44.560741 155.051498 1.771654 72.246422 59.634628 3.543307 23.552917 107.427940 3.024402 44.991005 60.092567 3.024402 22.470745 106.878723 3.543307 46.029747 106.329506 3.024402 47.068493 153.466125 3.024402 74.602638 154.122818 0.000000 73.626656 106.329506 0.518905 47.068493 106.878723 0.000000 46.029747 153.466125 0.518905 74.602638 154.779495 0.518905 72.650688 107.427940 0.518905 44.991005 153.194122 1.771654 75.006897 106.102005 1.771654 47.498756 60.282249 1.771654 22.022493 107.655434 1.771654 44.560741 -29.673384 3.543307 -9.712943 60.092567 3.024402 22.470745 -29.263609 3.024402 -10.813056 59.634628 3.543307 23.552917 59.176685 3.024402 24.635092 106.329506 3.024402 47.068493 106.878723 0.000000 46.029747 59.176685 0.518905 24.635092 59.634628 0.000000 23.552917 106.329506 0.518905 47.068493 107.427940 0.518905 44.991005 60.092567 0.518905 22.470745 106.102005 1.771654 47.498756 58.987003 1.771654 25.083342 -29.093874 1.771654 -11.268738 60.282249 1.771654 22.022493 -30.083158 0.518905 -8.612829 -29.263609 0.518905 -10.813056 -29.673384 0.000000 -9.712943 -30.252893 1.771654 -8.157148 -29.093874 1.771654 -11.268738 -30.083158 3.024402 -8.612829 -29.263609 3.024402 -10.813056 -29.673384 3.543307 -9.712943 -30.083158 3.024402 -8.612829 59.176685 3.024402 24.635092 59.634628 0.000000 23.552917 -30.083158 0.518905 -8.612829 -29.673384 0.000000 -9.712943 59.176685 0.518905 24.635092 60.092567 0.518905 22.470745 -29.263609 0.518905 -10.813056 58.987003 1.771654 25.083342 -30.252893 1.771654 -8.157148 "
									            />
								</IndexedFaceSet>
							</Shape>
						</Group>
					</Transform>
				</Transform>
				<Transform DEF="group_94_006_TRANSFORM"
				           translation="0.693115 0.669291 -0.828674"
				           scale="1.000000 1.000000 1.000000"
				           rotation="-0.000000 -1.000001 -0.000000 0.278672"
				           >
					<Transform DEF="group_94_006_ifs_TRANSFORM"
					           translation="-0.000042 0.000002 -0.000061"
					           scale="1.000000 1.000000 1.000000"
					           rotation="0.000000 0.000000 -0.000000 0.000000"
					           >
						<Group DEF="group_ME_ID940_002">
							<Shape>
								<Appearance>
									<Material USE="MA_material_012" />
								</Appearance>
								<IndexedFaceSet solid="false"
								                coordIndex="0 1 2 -1 1 0 3 -1 4 5 6 -1 5 4 7 -1 5 7 2 -1 2 7 0 -1 8 9 10 -1 9 8 11 -1 9 11 12 -1 13 14 15 -1 14 13 16 -1 17 18 19 -1 18 17 20 -1 20 17 21 -1 22 23 24 -1 23 22 25 -1 25 22 4 -1 25 4 6 -1 26 12 11 -1 12 26 27 -1 12 27 28 -1 21 29 20 -1 29 21 30 -1 30 21 31 -1 32 33 34 -1 33 32 10 -1 33 10 9 -1 35 36 37 -1 36 35 38 -1 38 35 39 -1 38 39 40 -1 40 39 41 -1 40 41 42 -1 42 41 43 -1 42 43 44 -1 45 46 47 -1 46 45 19 -1 19 45 17 -1 48 16 13 -1 16 48 49 -1 31 50 30 -1 50 31 51 -1 52 53 54 -1 53 52 55 -1 56 28 27 -1 28 56 57 -1 58 59 60 -1 59 58 61 -1 "
								                >
									<Coordinate DEF="coords_ME_ID940_002"
									            point="3.522464 2.149704 0.158098 5.629921 0.000000 0.051686 3.522464 0.055020 0.158098 5.629921 2.204724 0.051686 1.354794 2.012941 0.474294 2.980546 0.069168 0.237147 1.354794 0.191784 0.474294 2.980546 2.135556 0.237147 3.522464 2.149704 0.158098 5.629921 2.204724 2.519685 5.629921 2.204724 0.051686 2.980546 2.135556 0.237147 2.980546 2.135556 2.519685 6.653543 2.204724 0.000000 5.629921 0.000000 0.051686 5.629921 2.204724 0.051686 6.653543 0.000000 0.000000 5.629921 0.000000 2.519685 3.522464 0.055020 0.158098 5.629921 0.000000 0.051686 2.980546 0.069168 0.237147 2.980546 0.069168 2.519685 1.146364 1.997221 0.556383 0.000000 0.440945 1.007874 0.000000 1.763780 1.007874 1.146364 0.207503 0.556383 1.354794 2.012941 0.474294 1.146364 1.997221 0.556383 1.146364 1.997221 2.519685 1.354794 0.191784 0.474294 1.146364 0.207503 0.556383 1.146364 0.207503 2.519685 6.653543 2.204724 0.000000 51.574802 2.204724 2.519685 19.291338 2.204724 -0.000000 1.146364 0.207503 2.519685 -0.000000 1.763780 2.519685 -0.000000 0.440945 2.519685 1.146364 1.997221 2.519685 2.980546 0.069168 2.519685 2.980546 2.135556 2.519685 5.629921 0.000000 2.519685 5.629921 2.204724 2.519685 51.574802 0.000000 2.519685 51.574802 2.204724 2.519685 51.574802 0.000000 2.519685 6.653543 0.000000 0.000000 19.291338 -0.000000 0.000000 19.291338 2.204724 -0.000000 19.291338 -0.000000 0.000000 0.000000 0.440945 1.007874 -0.000000 0.440945 2.519685 -0.000000 1.763780 2.519685 0.000000 0.440945 1.007874 -0.000000 0.440945 2.519685 0.000000 1.763780 1.007874 0.000000 1.763780 1.007874 -0.000000 1.763780 2.519685 51.574802 2.204724 2.519685 19.291338 -0.000000 0.000000 19.291338 2.204724 -0.000000 51.574802 0.000000 2.519685 "
									            />
								</IndexedFaceSet>
							</Shape>
						</Group>
					</Transform>
				</Transform>
			</Transform>
			<Transform DEF="group_101_TRANSFORM"
			           translation="3300.321045 15.944882 135.150345"
			           scale="1.000000 1.000000 1.000000"
			           rotation="0.000000 1.000000 0.000000 0.000000"
			           >
				<Transform DEF="group_92_007_TRANSFORM"
				           translation="501.026855 0.669291 -0.828674"
				           scale="-1.000000 -1.000000 -1.000000"
				           rotation="-0.990308 0.000000 0.138886 3.141593"
				           >
					<Transform DEF="group_92_007_ifs_TRANSFORM"
					           translation="-0.000042 -0.000000 -0.000062"
					           scale="1.000000 1.000000 1.000000"
					           rotation="-0.000000 0.000000 -0.000000 0.000000"
					           >
						<Group DEF="group_ME_ID948_001">
							<Shape>
								<Appearance>
									<Material USE="MA_material_012" />
								</Appearance>
								<IndexedFaceSet solid="false"
								                coordIndex="0 1 2 -1 3 2 1 -1 1 4 3 -1 3 4 5 -1 4 6 5 -1 7 5 6 -1 8 9 10 -1 9 11 10 -1 12 10 11 -1 13 14 15 -1 16 15 14 -1 17 18 19 -1 19 18 20 -1 21 20 18 -1 7 6 22 -1 6 23 22 -1 22 23 24 -1 25 24 23 -1 26 27 8 -1 27 28 8 -1 9 8 28 -1 29 17 30 -1 30 17 31 -1 19 31 17 -1 10 12 32 -1 12 33 32 -1 34 32 33 -1 35 36 37 -1 36 38 37 -1 37 38 39 -1 38 40 39 -1 39 40 41 -1 40 42 41 -1 41 42 43 -1 44 43 42 -1 18 45 21 -1 21 45 46 -1 47 46 45 -1 48 49 13 -1 14 13 49 -1 50 29 51 -1 30 51 29 -1 52 53 54 -1 55 54 53 -1 56 57 26 -1 27 26 57 -1 58 59 60 -1 61 60 59 -1 "
								                >
									<Coordinate DEF="coords_ME_ID948_001"
									            point="5.629921 2.204724 0.051686 3.522464 2.149704 0.158098 5.629921 0.000000 0.051686 3.522464 0.055020 0.158098 2.980546 2.135556 0.237147 2.980546 0.069168 0.237147 1.354794 2.012941 0.474294 1.354794 0.191784 0.474294 2.980546 2.135556 2.519685 2.980546 2.135556 0.237147 5.629921 2.204724 2.519685 3.522464 2.149704 0.158098 5.629921 2.204724 0.051686 6.653543 0.000000 0.000000 6.653543 2.204724 0.000000 5.629921 0.000000 0.051686 5.629921 2.204724 0.051686 2.980546 0.069168 2.519685 5.629921 0.000000 2.519685 2.980546 0.069168 0.237147 3.522464 0.055020 0.158098 5.629921 0.000000 0.051686 1.146364 0.207503 0.556383 1.146364 1.997221 0.556383 0.000000 0.440945 1.007874 0.000000 1.763780 1.007874 1.146364 1.997221 2.519685 1.146364 1.997221 0.556383 1.354794 2.012941 0.474294 1.146364 0.207503 2.519685 1.146364 0.207503 0.556383 1.354794 0.191784 0.474294 51.574802 2.204724 2.519685 6.653543 2.204724 0.000000 19.291338 2.204724 -0.000000 51.574802 2.204724 2.519685 51.574802 0.000000 2.519685 5.629921 2.204724 2.519685 5.629921 0.000000 2.519685 2.980546 2.135556 2.519685 2.980546 0.069168 2.519685 1.146364 1.997221 2.519685 1.146364 0.207503 2.519685 -0.000000 1.763780 2.519685 -0.000000 0.440945 2.519685 51.574802 0.000000 2.519685 6.653543 0.000000 0.000000 19.291338 -0.000000 0.000000 19.291338 -0.000000 0.000000 19.291338 2.204724 -0.000000 -0.000000 0.440945 2.519685 0.000000 0.440945 1.007874 0.000000 1.763780 1.007874 -0.000000 1.763780 2.519685 0.000000 0.440945 1.007874 -0.000000 0.440945 2.519685 -0.000000 1.763780 2.519685 0.000000 1.763780 1.007874 51.574802 0.000000 2.519685 51.574802 2.204724 2.519685 19.291338 -0.000000 0.000000 19.291338 2.204724 -0.000000 "
									            />
								</IndexedFaceSet>
							</Shape>
						</Group>
					</Transform>
				</Transform>
				<Transform DEF="group_93_007_TRANSFORM"
				           translation="49.493164 0.000000 12.635132"
				           scale="1.000000 1.000000 1.000000"
				           rotation="0.000000 1.000000 0.000000 0.000000"
				           >
					<Transform DEF="group_93_007_ifs_TRANSFORM"
					           translation="0.000000 0.000000 0.000000"
					           scale="1.000000 1.000000 1.000000"
					           rotation="0.000000 1.000000 0.000000 0.000000"
					           >
						<Group DEF="group_ME_ID955_003">
							<Shape>
								<Appearance>
									<Material USE="MA_material_012" />
								</Appearance>
								<IndexedFaceSet solid="false"
								                coordIndex="0 1 2 -1 1 0 3 -1 4 5 6 -1 5 4 7 -1 5 7 8 -1 8 7 9 -1 8 9 10 -1 10 9 11 -1 0 12 13 -1 12 0 2 -1 14 15 16 -1 15 14 17 -1 3 18 1 -1 18 3 19 -1 20 21 22 -1 21 20 23 -1 22 24 25 -1 24 22 21 -1 12 24 13 -1 24 12 25 -1 26 18 19 -1 18 26 27 -1 20 26 23 -1 26 20 27 -1 14 28 29 -1 28 14 16 -1 30 31 32 -1 31 30 33 -1 17 34 15 -1 34 17 35 -1 36 37 38 -1 37 36 39 -1 38 40 41 -1 40 38 37 -1 28 40 29 -1 40 28 41 -1 42 34 35 -1 34 42 43 -1 36 42 39 -1 42 36 43 -1 30 44 45 -1 44 30 32 -1 46 47 48 -1 47 46 49 -1 33 50 31 -1 50 33 51 -1 52 53 54 -1 53 52 55 -1 54 56 57 -1 56 54 53 -1 44 56 45 -1 56 44 57 -1 58 50 51 -1 50 58 59 -1 52 58 55 -1 58 52 59 -1 46 60 61 -1 60 46 48 -1 62 63 64 -1 63 62 65 -1 49 66 47 -1 66 49 67 -1 68 69 70 -1 69 68 71 -1 70 72 73 -1 72 70 69 -1 60 72 61 -1 72 60 73 -1 74 67 75 -1 67 74 66 -1 68 75 71 -1 75 68 74 -1 63 76 64 -1 76 63 77 -1 78 79 80 -1 79 78 81 -1 82 65 62 -1 65 82 83 -1 84 85 86 -1 85 84 87 -1 88 86 89 -1 86 88 84 -1 76 88 89 -1 88 76 77 -1 90 82 91 -1 82 90 83 -1 85 90 91 -1 90 85 87 -1 79 92 80 -1 92 79 93 -1 94 95 96 -1 95 94 97 -1 98 81 78 -1 81 98 99 -1 100 101 102 -1 101 100 103 -1 104 102 105 -1 102 104 100 -1 92 104 105 -1 104 92 93 -1 106 98 107 -1 98 106 99 -1 101 106 107 -1 106 101 103 -1 95 108 96 -1 108 95 109 -1 110 111 112 -1 111 110 113 -1 114 97 94 -1 97 114 115 -1 116 117 118 -1 117 116 119 -1 120 118 121 -1 118 120 116 -1 108 120 121 -1 120 108 109 -1 122 114 123 -1 114 122 115 -1 117 122 123 -1 122 117 119 -1 111 124 112 -1 124 111 125 -1 126 127 128 -1 127 126 129 -1 127 129 130 -1 130 129 131 -1 130 131 132 -1 132 131 133 -1 134 113 110 -1 113 134 135 -1 136 137 138 -1 137 136 139 -1 140 138 141 -1 138 140 136 -1 124 140 141 -1 140 124 125 -1 142 134 143 -1 134 142 135 -1 137 142 143 -1 142 137 139 -1 "
								                >
									<Coordinate DEF="coords_ME_ID955_003"
									            point="342.641235 3.024402 22.470745 432.407196 3.543307 -9.712943 431.997406 3.024402 -10.813056 343.099182 3.543307 23.552917 431.997406 0.518905 -10.813056 432.816986 0.518905 -8.612829 432.407196 0.000000 -9.712943 431.827667 1.771654 -11.268738 432.986694 1.771654 -8.157148 431.997406 3.024402 -10.813056 432.816986 3.024402 -8.612829 432.407196 3.543307 -9.712943 431.827667 1.771654 -11.268738 342.451569 1.771654 22.022493 295.305878 3.024402 44.991001 343.099182 3.543307 23.552917 342.641235 3.024402 22.470745 295.855072 3.543307 46.029747 432.816986 3.024402 -8.612829 343.557129 3.024402 24.635092 432.816986 0.518905 -8.612829 343.099182 0.000000 23.552917 432.407196 0.000000 -9.712943 343.557129 0.518905 24.635092 342.641235 0.518905 22.470745 431.997406 0.518905 -10.813056 343.746826 1.771654 25.083342 432.986694 1.771654 -8.157148 342.451569 1.771654 22.022493 295.078369 1.771654 44.560741 247.954315 3.024402 72.650688 295.855072 3.543307 46.029747 295.305878 3.024402 44.991001 248.611008 3.543307 73.626656 343.557129 3.024402 24.635092 296.404297 3.024402 47.068493 343.557129 0.518905 24.635092 295.855072 0.000000 46.029747 343.099182 0.000000 23.552917 296.404297 0.518905 47.068493 295.305878 0.518905 44.991001 342.641235 0.518905 22.470745 296.631805 1.771654 47.498756 343.746826 1.771654 25.083342 295.078369 1.771654 44.560741 247.682327 1.771654 72.246422 201.366913 3.024402 108.499702 248.611008 3.543307 73.626656 247.954315 3.024402 72.650688 201.366913 3.543307 109.980988 296.404297 3.024402 47.068493 249.267685 3.024402 74.602638 296.404297 0.518905 47.068493 248.611008 0.000000 73.626656 295.855072 0.000000 46.029747 249.267685 0.518905 74.602638 247.954315 0.518905 72.650688 295.305878 0.518905 44.991001 249.539703 1.771654 75.006897 296.631805 1.771654 47.498756 247.682327 1.771654 72.246422 201.366913 1.771654 107.886131 154.122818 3.543307 73.626656 201.366913 3.024402 108.499702 154.779495 3.024402 72.650688 201.366913 3.543307 109.980988 249.267685 3.024402 74.602638 201.366913 3.024402 111.462280 249.267685 0.518905 74.602638 201.366913 0.000000 109.980988 248.611008 0.000000 73.626656 201.366913 0.518905 111.462280 201.366913 0.518905 108.499702 247.954315 0.518905 72.650688 249.539703 1.771654 75.006897 201.366913 1.771654 112.075844 155.051498 1.771654 72.246422 201.366913 1.771654 107.886131 106.878723 3.543307 46.029747 154.779495 3.024402 72.650688 107.427940 3.024402 44.991005 154.122818 3.543307 73.626656 153.466125 3.024402 74.602638 201.366913 3.024402 111.462280 201.366913 0.000000 109.980988 153.466125 0.518905 74.602638 154.122818 0.000000 73.626656 201.366913 0.518905 111.462280 201.366913 0.518905 108.499702 154.779495 0.518905 72.650688 201.366913 1.771654 112.075844 153.194122 1.771654 75.006897 107.655434 1.771654 44.560741 155.051498 1.771654 72.246422 59.634628 3.543307 23.552917 107.427940 3.024402 44.991005 60.092567 3.024402 22.470745 106.878723 3.543307 46.029747 106.329506 3.024402 47.068493 153.466125 3.024402 74.602638 154.122818 0.000000 73.626656 106.329506 0.518905 47.068493 106.878723 0.000000 46.029747 153.466125 0.518905 74.602638 154.779495 0.518905 72.650688 107.427940 0.518905 44.991005 153.194122 1.771654 75.006897 106.102005 1.771654 47.498756 60.282249 1.771654 22.022493 107.655434 1.771654 44.560741 -29.673384 3.543307 -9.712943 60.092567 3.024402 22.470745 -29.263609 3.024402 -10.813056 59.634628 3.543307 23.552917 59.176685 3.024402 24.635092 106.329506 3.024402 47.068493 106.878723 0.000000 46.029747 59.176685 0.518905 24.635092 59.634628 0.000000 23.552917 106.329506 0.518905 47.068493 107.427940 0.518905 44.991005 60.092567 0.518905 22.470745 106.102005 1.771654 47.498756 58.987003 1.771654 25.083342 -29.093874 1.771654 -11.268738 60.282249 1.771654 22.022493 -30.083158 0.518905 -8.612829 -29.263609 0.518905 -10.813056 -29.673384 0.000000 -9.712943 -30.252893 1.771654 -8.157148 -29.093874 1.771654 -11.268738 -30.083158 3.024402 -8.612829 -29.263609 3.024402 -10.813056 -29.673384 3.543307 -9.712943 -30.083158 3.024402 -8.612829 59.176685 3.024402 24.635092 59.634628 0.000000 23.552917 -30.083158 0.518905 -8.612829 -29.673384 0.000000 -9.712943 59.176685 0.518905 24.635092 60.092567 0.518905 22.470745 -29.263609 0.518905 -10.813056 58.987003 1.771654 25.083342 -30.252893 1.771654 -8.157148 "
									            />
								</IndexedFaceSet>
							</Shape>
						</Group>
					</Transform>
				</Transform>
				<Transform DEF="group_94_007_TRANSFORM"
				           translation="0.693115 0.669291 -0.828674"
				           scale="1.000000 1.000000 1.000000"
				           rotation="-0.000000 -1.000001 -0.000000 0.278672"
				           >
					<Transform DEF="group_94_007_ifs_TRANSFORM"
					           translation="-0.000042 0.000000 -0.000061"
					           scale="1.000000 1.000000 1.000000"
					           rotation="0.000000 0.000000 -0.000000 0.000000"
					           >
						<Group DEF="group_ME_ID962_001">
							<Shape>
								<Appearance>
									<Material USE="MA_material_012" />
								</Appearance>
								<IndexedFaceSet solid="false"
								                coordIndex="0 1 2 -1 1 0 3 -1 4 5 6 -1 5 4 7 -1 5 7 2 -1 2 7 0 -1 8 9 10 -1 9 8 11 -1 9 11 12 -1 13 14 15 -1 14 13 16 -1 17 18 19 -1 18 17 20 -1 20 17 21 -1 22 23 24 -1 23 22 25 -1 25 22 4 -1 25 4 6 -1 26 12 11 -1 12 26 27 -1 12 27 28 -1 21 29 20 -1 29 21 30 -1 30 21 31 -1 32 33 34 -1 33 32 10 -1 33 10 9 -1 35 36 37 -1 36 35 38 -1 38 35 39 -1 38 39 40 -1 40 39 41 -1 40 41 42 -1 42 41 43 -1 42 43 44 -1 45 46 47 -1 46 45 19 -1 19 45 17 -1 48 16 13 -1 16 48 49 -1 31 50 30 -1 50 31 51 -1 52 53 54 -1 53 52 55 -1 56 28 27 -1 28 56 57 -1 58 59 60 -1 59 58 61 -1 "
								                >
									<Coordinate DEF="coords_ME_ID962_001"
									            point="3.522464 2.149704 0.158098 5.629921 0.000000 0.051686 3.522464 0.055020 0.158098 5.629921 2.204724 0.051686 1.354794 2.012941 0.474294 2.980546 0.069168 0.237147 1.354794 0.191784 0.474294 2.980546 2.135556 0.237147 3.522464 2.149704 0.158098 5.629921 2.204724 2.519685 5.629921 2.204724 0.051686 2.980546 2.135556 0.237147 2.980546 2.135556 2.519685 6.653543 2.204724 0.000000 5.629921 0.000000 0.051686 5.629921 2.204724 0.051686 6.653543 0.000000 0.000000 5.629921 0.000000 2.519685 3.522464 0.055020 0.158098 5.629921 0.000000 0.051686 2.980546 0.069168 0.237147 2.980546 0.069168 2.519685 1.146364 1.997221 0.556383 0.000000 0.440945 1.007874 0.000000 1.763780 1.007874 1.146364 0.207503 0.556383 1.354794 2.012941 0.474294 1.146364 1.997221 0.556383 1.146364 1.997221 2.519685 1.354794 0.191784 0.474294 1.146364 0.207503 0.556383 1.146364 0.207503 2.519685 6.653543 2.204724 0.000000 51.574802 2.204724 2.519685 19.291338 2.204724 -0.000000 1.146364 0.207503 2.519685 -0.000000 1.763780 2.519685 -0.000000 0.440945 2.519685 1.146364 1.997221 2.519685 2.980546 0.069168 2.519685 2.980546 2.135556 2.519685 5.629921 0.000000 2.519685 5.629921 2.204724 2.519685 51.574802 0.000000 2.519685 51.574802 2.204724 2.519685 51.574802 0.000000 2.519685 6.653543 0.000000 0.000000 19.291338 -0.000000 0.000000 19.291338 2.204724 -0.000000 19.291338 -0.000000 0.000000 0.000000 0.440945 1.007874 -0.000000 0.440945 2.519685 -0.000000 1.763780 2.519685 0.000000 0.440945 1.007874 -0.000000 0.440945 2.519685 0.000000 1.763780 1.007874 0.000000 1.763780 1.007874 -0.000000 1.763780 2.519685 51.574802 2.204724 2.519685 19.291338 -0.000000 0.000000 19.291338 2.204724 -0.000000 51.574802 0.000000 2.519685 "
									            />
								</IndexedFaceSet>
							</Shape>
						</Group>
					</Transform>
				</Transform>
			</Transform>
			<Transform DEF="group_102_TRANSFORM"
			           translation="3300.321045 10.039370 135.150345"
			           scale="1.000000 1.000000 1.000000"
			           rotation="0.000000 1.000000 0.000000 0.000000"
			           >
				<Transform DEF="group_92_008_TRANSFORM"
				           translation="501.026855 0.669291 -0.828674"
				           scale="-1.000000 -1.000000 -1.000000"
				           rotation="-0.990308 0.000000 0.138886 3.141593"
				           >
					<Transform DEF="group_92_008_ifs_TRANSFORM"
					           translation="-0.000042 0.000002 -0.000062"
					           scale="1.000000 1.000000 1.000000"
					           rotation="-0.000000 0.000000 -0.000000 0.000000"
					           >
						<Group DEF="group_ME_ID970_002">
							<Shape>
								<Appearance>
									<Material USE="MA_material_012" />
								</Appearance>
								<IndexedFaceSet solid="false"
								                coordIndex="0 1 2 -1 3 2 1 -1 1 4 3 -1 3 4 5 -1 4 6 5 -1 7 5 6 -1 8 9 10 -1 9 11 10 -1 12 10 11 -1 13 14 15 -1 16 15 14 -1 17 18 19 -1 19 18 20 -1 21 20 18 -1 7 6 22 -1 6 23 22 -1 22 23 24 -1 25 24 23 -1 26 27 8 -1 27 28 8 -1 9 8 28 -1 29 17 30 -1 30 17 31 -1 19 31 17 -1 10 12 32 -1 12 33 32 -1 34 32 33 -1 35 36 37 -1 36 38 37 -1 37 38 39 -1 38 40 39 -1 39 40 41 -1 40 42 41 -1 41 42 43 -1 44 43 42 -1 18 45 21 -1 21 45 46 -1 47 46 45 -1 48 49 13 -1 14 13 49 -1 50 29 51 -1 30 51 29 -1 52 53 54 -1 55 54 53 -1 56 57 26 -1 27 26 57 -1 58 59 60 -1 61 60 59 -1 "
								                >
									<Coordinate DEF="coords_ME_ID970_002"
									            point="5.629921 2.204724 0.051686 3.522464 2.149704 0.158098 5.629921 0.000000 0.051686 3.522464 0.055020 0.158098 2.980546 2.135556 0.237147 2.980546 0.069168 0.237147 1.354794 2.012941 0.474294 1.354794 0.191784 0.474294 2.980546 2.135556 2.519685 2.980546 2.135556 0.237147 5.629921 2.204724 2.519685 3.522464 2.149704 0.158098 5.629921 2.204724 0.051686 6.653543 0.000000 0.000000 6.653543 2.204724 0.000000 5.629921 0.000000 0.051686 5.629921 2.204724 0.051686 2.980546 0.069168 2.519685 5.629921 0.000000 2.519685 2.980546 0.069168 0.237147 3.522464 0.055020 0.158098 5.629921 0.000000 0.051686 1.146364 0.207503 0.556383 1.146364 1.997221 0.556383 0.000000 0.440945 1.007874 0.000000 1.763780 1.007874 1.146364 1.997221 2.519685 1.146364 1.997221 0.556383 1.354794 2.012941 0.474294 1.146364 0.207503 2.519685 1.146364 0.207503 0.556383 1.354794 0.191784 0.474294 51.574802 2.204724 2.519685 6.653543 2.204724 0.000000 19.291338 2.204724 -0.000000 51.574802 2.204724 2.519685 51.574802 0.000000 2.519685 5.629921 2.204724 2.519685 5.629921 0.000000 2.519685 2.980546 2.135556 2.519685 2.980546 0.069168 2.519685 1.146364 1.997221 2.519685 1.146364 0.207503 2.519685 -0.000000 1.763780 2.519685 -0.000000 0.440945 2.519685 51.574802 0.000000 2.519685 6.653543 0.000000 0.000000 19.291338 -0.000000 0.000000 19.291338 -0.000000 0.000000 19.291338 2.204724 -0.000000 -0.000000 0.440945 2.519685 0.000000 0.440945 1.007874 0.000000 1.763780 1.007874 -0.000000 1.763780 2.519685 0.000000 0.440945 1.007874 -0.000000 0.440945 2.519685 -0.000000 1.763780 2.519685 0.000000 1.763780 1.007874 51.574802 0.000000 2.519685 51.574802 2.204724 2.519685 19.291338 -0.000000 0.000000 19.291338 2.204724 -0.000000 "
									            />
								</IndexedFaceSet>
							</Shape>
						</Group>
					</Transform>
				</Transform>
				<Transform DEF="group_93_008_TRANSFORM"
				           translation="49.493164 0.000000 12.635132"
				           scale="1.000000 1.000000 1.000000"
				           rotation="0.000000 1.000000 0.000000 0.000000"
				           >
					<Transform DEF="group_93_008_ifs_TRANSFORM"
					           translation="0.000000 0.000000 0.000000"
					           scale="1.000000 1.000000 1.000000"
					           rotation="0.000000 1.000000 0.000000 0.000000"
					           >
						<Group DEF="group_ME_ID977_003">
							<Shape>
								<Appearance>
									<Material USE="MA_material_012" />
								</Appearance>
								<IndexedFaceSet solid="false"
								                coordIndex="0 1 2 -1 1 0 3 -1 4 5 6 -1 5 4 7 -1 5 7 8 -1 8 7 9 -1 8 9 10 -1 10 9 11 -1 0 12 13 -1 12 0 2 -1 14 15 16 -1 15 14 17 -1 3 18 1 -1 18 3 19 -1 20 21 22 -1 21 20 23 -1 22 24 25 -1 24 22 21 -1 12 24 13 -1 24 12 25 -1 26 18 19 -1 18 26 27 -1 20 26 23 -1 26 20 27 -1 14 28 29 -1 28 14 16 -1 30 31 32 -1 31 30 33 -1 17 34 15 -1 34 17 35 -1 36 37 38 -1 37 36 39 -1 38 40 41 -1 40 38 37 -1 28 40 29 -1 40 28 41 -1 42 34 35 -1 34 42 43 -1 36 42 39 -1 42 36 43 -1 30 44 45 -1 44 30 32 -1 46 47 48 -1 47 46 49 -1 33 50 31 -1 50 33 51 -1 52 53 54 -1 53 52 55 -1 54 56 57 -1 56 54 53 -1 44 56 45 -1 56 44 57 -1 58 50 51 -1 50 58 59 -1 52 58 55 -1 58 52 59 -1 46 60 61 -1 60 46 48 -1 62 63 64 -1 63 62 65 -1 49 66 47 -1 66 49 67 -1 68 69 70 -1 69 68 71 -1 70 72 73 -1 72 70 69 -1 60 72 61 -1 72 60 73 -1 74 67 75 -1 67 74 66 -1 68 75 71 -1 75 68 74 -1 63 76 64 -1 76 63 77 -1 78 79 80 -1 79 78 81 -1 82 65 62 -1 65 82 83 -1 84 85 86 -1 85 84 87 -1 88 86 89 -1 86 88 84 -1 76 88 89 -1 88 76 77 -1 90 82 91 -1 82 90 83 -1 85 90 91 -1 90 85 87 -1 79 92 80 -1 92 79 93 -1 94 95 96 -1 95 94 97 -1 98 81 78 -1 81 98 99 -1 100 101 102 -1 101 100 103 -1 104 102 105 -1 102 104 100 -1 92 104 105 -1 104 92 93 -1 106 98 107 -1 98 106 99 -1 101 106 107 -1 106 101 103 -1 95 108 96 -1 108 95 109 -1 110 111 112 -1 111 110 113 -1 114 97 94 -1 97 114 115 -1 116 117 118 -1 117 116 119 -1 120 118 121 -1 118 120 116 -1 108 120 121 -1 120 108 109 -1 122 114 123 -1 114 122 115 -1 117 122 123 -1 122 117 119 -1 111 124 112 -1 124 111 125 -1 126 127 128 -1 127 126 129 -1 127 129 130 -1 130 129 131 -1 130 131 132 -1 132 131 133 -1 134 113 110 -1 113 134 135 -1 136 137 138 -1 137 136 139 -1 140 138 141 -1 138 140 136 -1 124 140 141 -1 140 124 125 -1 142 134 143 -1 134 142 135 -1 137 142 143 -1 142 137 139 -1 "
								                >
									<Coordinate DEF="coords_ME_ID977_003"
									            point="342.641235 3.024402 22.470745 432.407196 3.543307 -9.712943 431.997406 3.024402 -10.813056 343.099182 3.543307 23.552917 431.997406 0.518905 -10.813056 432.816986 0.518905 -8.612829 432.407196 0.000000 -9.712943 431.827667 1.771654 -11.268738 432.986694 1.771654 -8.157148 431.997406 3.024402 -10.813056 432.816986 3.024402 -8.612829 432.407196 3.543307 -9.712943 431.827667 1.771654 -11.268738 342.451569 1.771654 22.022493 295.305878 3.024402 44.991001 343.099182 3.543307 23.552917 342.641235 3.024402 22.470745 295.855072 3.543307 46.029747 432.816986 3.024402 -8.612829 343.557129 3.024402 24.635092 432.816986 0.518905 -8.612829 343.099182 0.000000 23.552917 432.407196 0.000000 -9.712943 343.557129 0.518905 24.635092 342.641235 0.518905 22.470745 431.997406 0.518905 -10.813056 343.746826 1.771654 25.083342 432.986694 1.771654 -8.157148 342.451569 1.771654 22.022493 295.078369 1.771654 44.560741 247.954315 3.024402 72.650688 295.855072 3.543307 46.029747 295.305878 3.024402 44.991001 248.611008 3.543307 73.626656 343.557129 3.024402 24.635092 296.404297 3.024402 47.068493 343.557129 0.518905 24.635092 295.855072 0.000000 46.029747 343.099182 0.000000 23.552917 296.404297 0.518905 47.068493 295.305878 0.518905 44.991001 342.641235 0.518905 22.470745 296.631805 1.771654 47.498756 343.746826 1.771654 25.083342 295.078369 1.771654 44.560741 247.682327 1.771654 72.246422 201.366913 3.024402 108.499702 248.611008 3.543307 73.626656 247.954315 3.024402 72.650688 201.366913 3.543307 109.980988 296.404297 3.024402 47.068493 249.267685 3.024402 74.602638 296.404297 0.518905 47.068493 248.611008 0.000000 73.626656 295.855072 0.000000 46.029747 249.267685 0.518905 74.602638 247.954315 0.518905 72.650688 295.305878 0.518905 44.991001 249.539703 1.771654 75.006897 296.631805 1.771654 47.498756 247.682327 1.771654 72.246422 201.366913 1.771654 107.886131 154.122818 3.543307 73.626656 201.366913 3.024402 108.499702 154.779495 3.024402 72.650688 201.366913 3.543307 109.980988 249.267685 3.024402 74.602638 201.366913 3.024402 111.462280 249.267685 0.518905 74.602638 201.366913 0.000000 109.980988 248.611008 0.000000 73.626656 201.366913 0.518905 111.462280 201.366913 0.518905 108.499702 247.954315 0.518905 72.650688 249.539703 1.771654 75.006897 201.366913 1.771654 112.075844 155.051498 1.771654 72.246422 201.366913 1.771654 107.886131 106.878723 3.543307 46.029747 154.779495 3.024402 72.650688 107.427940 3.024402 44.991005 154.122818 3.543307 73.626656 153.466125 3.024402 74.602638 201.366913 3.024402 111.462280 201.366913 0.000000 109.980988 153.466125 0.518905 74.602638 154.122818 0.000000 73.626656 201.366913 0.518905 111.462280 201.366913 0.518905 108.499702 154.779495 0.518905 72.650688 201.366913 1.771654 112.075844 153.194122 1.771654 75.006897 107.655434 1.771654 44.560741 155.051498 1.771654 72.246422 59.634628 3.543307 23.552917 107.427940 3.024402 44.991005 60.092567 3.024402 22.470745 106.878723 3.543307 46.029747 106.329506 3.024402 47.068493 153.466125 3.024402 74.602638 154.122818 0.000000 73.626656 106.329506 0.518905 47.068493 106.878723 0.000000 46.029747 153.466125 0.518905 74.602638 154.779495 0.518905 72.650688 107.427940 0.518905 44.991005 153.194122 1.771654 75.006897 106.102005 1.771654 47.498756 60.282249 1.771654 22.022493 107.655434 1.771654 44.560741 -29.673384 3.543307 -9.712943 60.092567 3.024402 22.470745 -29.263609 3.024402 -10.813056 59.634628 3.543307 23.552917 59.176685 3.024402 24.635092 106.329506 3.024402 47.068493 106.878723 0.000000 46.029747 59.176685 0.518905 24.635092 59.634628 0.000000 23.552917 106.329506 0.518905 47.068493 107.427940 0.518905 44.991005 60.092567 0.518905 22.470745 106.102005 1.771654 47.498756 58.987003 1.771654 25.083342 -29.093874 1.771654 -11.268738 60.282249 1.771654 22.022493 -30.083158 0.518905 -8.612829 -29.263609 0.518905 -10.813056 -29.673384 0.000000 -9.712943 -30.252893 1.771654 -8.157148 -29.093874 1.771654 -11.268738 -30.083158 3.024402 -8.612829 -29.263609 3.024402 -10.813056 -29.673384 3.543307 -9.712943 -30.083158 3.024402 -8.612829 59.176685 3.024402 24.635092 59.634628 0.000000 23.552917 -30.083158 0.518905 -8.612829 -29.673384 0.000000 -9.712943 59.176685 0.518905 24.635092 60.092567 0.518905 22.470745 -29.263609 0.518905 -10.813056 58.987003 1.771654 25.083342 -30.252893 1.771654 -8.157148 "
									            />
								</IndexedFaceSet>
							</Shape>
						</Group>
					</Transform>
				</Transform>
				<Transform DEF="group_94_008_TRANSFORM"
				           translation="0.693115 0.669291 -0.828674"
				           scale="1.000000 1.000000 1.000000"
				           rotation="-0.000000 -1.000001 -0.000000 0.278672"
				           >
					<Transform DEF="group_94_008_ifs_TRANSFORM"
					           translation="-0.000042 0.000000 -0.000061"
					           scale="1.000000 1.000000 1.000000"
					           rotation="0.000000 0.000000 -0.000000 0.000000"
					           >
						<Group DEF="group_ME_ID984_001">
							<Shape>
								<Appearance>
									<Material USE="MA_material_012" />
								</Appearance>
								<IndexedFaceSet solid="false"
								                coordIndex="0 1 2 -1 1 0 3 -1 4 5 6 -1 5 4 7 -1 5 7 2 -1 2 7 0 -1 8 9 10 -1 9 8 11 -1 9 11 12 -1 13 14 15 -1 14 13 16 -1 17 18 19 -1 18 17 20 -1 20 17 21 -1 22 23 24 -1 23 22 25 -1 25 22 4 -1 25 4 6 -1 26 12 11 -1 12 26 27 -1 12 27 28 -1 21 29 20 -1 29 21 30 -1 30 21 31 -1 32 33 34 -1 33 32 10 -1 33 10 9 -1 35 36 37 -1 36 35 38 -1 38 35 39 -1 38 39 40 -1 40 39 41 -1 40 41 42 -1 42 41 43 -1 42 43 44 -1 45 46 47 -1 46 45 19 -1 19 45 17 -1 48 16 13 -1 16 48 49 -1 31 50 30 -1 50 31 51 -1 52 53 54 -1 53 52 55 -1 56 28 27 -1 28 56 57 -1 58 59 60 -1 59 58 61 -1 "
								                >
									<Coordinate DEF="coords_ME_ID984_001"
									            point="3.522464 2.149704 0.158098 5.629921 0.000000 0.051686 3.522464 0.055020 0.158098 5.629921 2.204724 0.051686 1.354794 2.012941 0.474294 2.980546 0.069168 0.237147 1.354794 0.191784 0.474294 2.980546 2.135556 0.237147 3.522464 2.149704 0.158098 5.629921 2.204724 2.519685 5.629921 2.204724 0.051686 2.980546 2.135556 0.237147 2.980546 2.135556 2.519685 6.653543 2.204724 0.000000 5.629921 0.000000 0.051686 5.629921 2.204724 0.051686 6.653543 0.000000 0.000000 5.629921 0.000000 2.519685 3.522464 0.055020 0.158098 5.629921 0.000000 0.051686 2.980546 0.069168 0.237147 2.980546 0.069168 2.519685 1.146364 1.997221 0.556383 0.000000 0.440945 1.007874 0.000000 1.763780 1.007874 1.146364 0.207503 0.556383 1.354794 2.012941 0.474294 1.146364 1.997221 0.556383 1.146364 1.997221 2.519685 1.354794 0.191784 0.474294 1.146364 0.207503 0.556383 1.146364 0.207503 2.519685 6.653543 2.204724 0.000000 51.574802 2.204724 2.519685 19.291338 2.204724 -0.000000 1.146364 0.207503 2.519685 -0.000000 1.763780 2.519685 -0.000000 0.440945 2.519685 1.146364 1.997221 2.519685 2.980546 0.069168 2.519685 2.980546 2.135556 2.519685 5.629921 0.000000 2.519685 5.629921 2.204724 2.519685 51.574802 0.000000 2.519685 51.574802 2.204724 2.519685 51.574802 0.000000 2.519685 6.653543 0.000000 0.000000 19.291338 -0.000000 0.000000 19.291338 2.204724 -0.000000 19.291338 -0.000000 0.000000 0.000000 0.440945 1.007874 -0.000000 0.440945 2.519685 -0.000000 1.763780 2.519685 0.000000 0.440945 1.007874 -0.000000 0.440945 2.519685 0.000000 1.763780 1.007874 0.000000 1.763780 1.007874 -0.000000 1.763780 2.519685 51.574802 2.204724 2.519685 19.291338 -0.000000 0.000000 19.291338 2.204724 -0.000000 51.574802 0.000000 2.519685 "
									            />
								</IndexedFaceSet>
							</Shape>
						</Group>
					</Transform>
				</Transform>
			</Transform>
			<Transform DEF="group_103_TRANSFORM"
			           translation="3300.321045 4.133858 135.150345"
			           scale="1.000000 1.000000 1.000000"
			           rotation="0.000000 1.000000 0.000000 0.000000"
			           >
				<Transform DEF="group_92_009_TRANSFORM"
				           translation="501.026855 0.669291 -0.828674"
				           scale="-1.000000 -1.000000 -1.000000"
				           rotation="-0.990308 0.000000 0.138886 3.141593"
				           >
					<Transform DEF="group_92_009_ifs_TRANSFORM"
					           translation="-0.000042 -0.000000 -0.000061"
					           scale="1.000000 1.000000 1.000000"
					           rotation="-0.000000 0.000000 -0.000000 0.000000"
					           >
						<Group DEF="group_ME_ID992_001">
							<Shape>
								<Appearance>
									<Material USE="MA_material_012" />
								</Appearance>
								<IndexedFaceSet solid="false"
								                coordIndex="0 1 2 -1 3 2 1 -1 1 4 3 -1 3 4 5 -1 4 6 5 -1 7 5 6 -1 8 9 10 -1 9 11 10 -1 12 10 11 -1 13 14 15 -1 16 15 14 -1 17 18 19 -1 19 18 20 -1 21 20 18 -1 7 6 22 -1 6 23 22 -1 22 23 24 -1 25 24 23 -1 26 27 8 -1 27 28 8 -1 9 8 28 -1 29 17 30 -1 30 17 31 -1 19 31 17 -1 10 12 32 -1 12 33 32 -1 34 32 33 -1 35 36 37 -1 36 38 37 -1 37 38 39 -1 38 40 39 -1 39 40 41 -1 40 42 41 -1 41 42 43 -1 44 43 42 -1 18 45 21 -1 21 45 46 -1 47 46 45 -1 48 49 13 -1 14 13 49 -1 50 29 51 -1 30 51 29 -1 52 53 54 -1 55 54 53 -1 56 57 26 -1 27 26 57 -1 58 59 60 -1 61 60 59 -1 "
								                >
									<Coordinate DEF="coords_ME_ID992_001"
									            point="5.629921 2.204724 0.051686 3.522464 2.149704 0.158098 5.629921 0.000000 0.051686 3.522464 0.055020 0.158098 2.980546 2.135556 0.237147 2.980546 0.069168 0.237147 1.354794 2.012941 0.474294 1.354794 0.191784 0.474294 2.980546 2.135556 2.519685 2.980546 2.135556 0.237147 5.629921 2.204724 2.519685 3.522464 2.149704 0.158098 5.629921 2.204724 0.051686 6.653543 0.000000 0.000000 6.653543 2.204724 0.000000 5.629921 0.000000 0.051686 5.629921 2.204724 0.051686 2.980546 0.069168 2.519685 5.629921 0.000000 2.519685 2.980546 0.069168 0.237147 3.522464 0.055020 0.158098 5.629921 0.000000 0.051686 1.146364 0.207503 0.556383 1.146364 1.997221 0.556383 0.000000 0.440945 1.007874 0.000000 1.763780 1.007874 1.146364 1.997221 2.519685 1.146364 1.997221 0.556383 1.354794 2.012941 0.474294 1.146364 0.207503 2.519685 1.146364 0.207503 0.556383 1.354794 0.191784 0.474294 51.574802 2.204724 2.519685 6.653543 2.204724 0.000000 19.291338 2.204724 -0.000000 51.574802 2.204724 2.519685 51.574802 0.000000 2.519685 5.629921 2.204724 2.519685 5.629921 0.000000 2.519685 2.980546 2.135556 2.519685 2.980546 0.069168 2.519685 1.146364 1.997221 2.519685 1.146364 0.207503 2.519685 -0.000000 1.763780 2.519685 -0.000000 0.440945 2.519685 51.574802 0.000000 2.519685 6.653543 0.000000 0.000000 19.291338 -0.000000 0.000000 19.291338 -0.000000 0.000000 19.291338 2.204724 -0.000000 -0.000000 0.440945 2.519685 0.000000 0.440945 1.007874 0.000000 1.763780 1.007874 -0.000000 1.763780 2.519685 0.000000 0.440945 1.007874 -0.000000 0.440945 2.519685 -0.000000 1.763780 2.519685 0.000000 1.763780 1.007874 51.574802 0.000000 2.519685 51.574802 2.204724 2.519685 19.291338 -0.000000 0.000000 19.291338 2.204724 -0.000000 "
									            />
								</IndexedFaceSet>
							</Shape>
						</Group>
					</Transform>
				</Transform>
				<Transform DEF="group_93_009_TRANSFORM"
				           translation="49.493164 0.000000 12.635132"
				           scale="1.000000 1.000000 1.000000"
				           rotation="0.000000 1.000000 0.000000 0.000000"
				           >
					<Transform DEF="group_93_009_ifs_TRANSFORM"
					           translation="0.000000 0.000000 0.000000"
					           scale="1.000000 1.000000 1.000000"
					           rotation="0.000000 1.000000 0.000000 0.000000"
					           >
						<Group DEF="group_ME_ID999_002">
							<Shape>
								<Appearance>
									<Material USE="MA_material_012" />
								</Appearance>
								<IndexedFaceSet solid="false"
								                coordIndex="0 1 2 -1 1 0 3 -1 4 5 6 -1 5 4 7 -1 5 7 8 -1 8 7 9 -1 8 9 10 -1 10 9 11 -1 0 12 13 -1 12 0 2 -1 14 15 16 -1 15 14 17 -1 3 18 1 -1 18 3 19 -1 20 21 22 -1 21 20 23 -1 22 24 25 -1 24 22 21 -1 12 24 13 -1 24 12 25 -1 26 18 19 -1 18 26 27 -1 20 26 23 -1 26 20 27 -1 14 28 29 -1 28 14 16 -1 30 31 32 -1 31 30 33 -1 17 34 15 -1 34 17 35 -1 36 37 38 -1 37 36 39 -1 38 40 41 -1 40 38 37 -1 28 40 29 -1 40 28 41 -1 42 34 35 -1 34 42 43 -1 36 42 39 -1 42 36 43 -1 30 44 45 -1 44 30 32 -1 46 47 48 -1 47 46 49 -1 33 50 31 -1 50 33 51 -1 52 53 54 -1 53 52 55 -1 54 56 57 -1 56 54 53 -1 44 56 45 -1 56 44 57 -1 58 50 51 -1 50 58 59 -1 52 58 55 -1 58 52 59 -1 46 60 61 -1 60 46 48 -1 62 63 64 -1 63 62 65 -1 49 66 47 -1 66 49 67 -1 68 69 70 -1 69 68 71 -1 70 72 73 -1 72 70 69 -1 60 72 61 -1 72 60 73 -1 74 67 75 -1 67 74 66 -1 68 75 71 -1 75 68 74 -1 63 76 64 -1 76 63 77 -1 78 79 80 -1 79 78 81 -1 82 65 62 -1 65 82 83 -1 84 85 86 -1 85 84 87 -1 88 86 89 -1 86 88 84 -1 76 88 89 -1 88 76 77 -1 90 82 91 -1 82 90 83 -1 85 90 91 -1 90 85 87 -1 79 92 80 -1 92 79 93 -1 94 95 96 -1 95 94 97 -1 98 81 78 -1 81 98 99 -1 100 101 102 -1 101 100 103 -1 104 102 105 -1 102 104 100 -1 92 104 105 -1 104 92 93 -1 106 98 107 -1 98 106 99 -1 101 106 107 -1 106 101 103 -1 95 108 96 -1 108 95 109 -1 110 111 112 -1 111 110 113 -1 114 97 94 -1 97 114 115 -1 116 117 118 -1 117 116 119 -1 120 118 121 -1 118 120 116 -1 108 120 121 -1 120 108 109 -1 122 114 123 -1 114 122 115 -1 117 122 123 -1 122 117 119 -1 111 124 112 -1 124 111 125 -1 126 127 128 -1 127 126 129 -1 127 129 130 -1 130 129 131 -1 130 131 132 -1 132 131 133 -1 134 113 110 -1 113 134 135 -1 136 137 138 -1 137 136 139 -1 140 138 141 -1 138 140 136 -1 124 140 141 -1 140 124 125 -1 142 134 143 -1 134 142 135 -1 137 142 143 -1 142 137 139 -1 "
								                >
									<Coordinate DEF="coords_ME_ID999_002"
									            point="342.641235 3.024402 22.470745 432.407196 3.543307 -9.712943 431.997406 3.024402 -10.813056 343.099182 3.543307 23.552917 431.997406 0.518905 -10.813056 432.816986 0.518905 -8.612829 432.407196 0.000000 -9.712943 431.827667 1.771654 -11.268738 432.986694 1.771654 -8.157148 431.997406 3.024402 -10.813056 432.816986 3.024402 -8.612829 432.407196 3.543307 -9.712943 431.827667 1.771654 -11.268738 342.451569 1.771654 22.022493 295.305878 3.024402 44.991001 343.099182 3.543307 23.552917 342.641235 3.024402 22.470745 295.855072 3.543307 46.029747 432.816986 3.024402 -8.612829 343.557129 3.024402 24.635092 432.816986 0.518905 -8.612829 343.099182 0.000000 23.552917 432.407196 0.000000 -9.712943 343.557129 0.518905 24.635092 342.641235 0.518905 22.470745 431.997406 0.518905 -10.813056 343.746826 1.771654 25.083342 432.986694 1.771654 -8.157148 342.451569 1.771654 22.022493 295.078369 1.771654 44.560741 247.954315 3.024402 72.650688 295.855072 3.543307 46.029747 295.305878 3.024402 44.991001 248.611008 3.543307 73.626656 343.557129 3.024402 24.635092 296.404297 3.024402 47.068493 343.557129 0.518905 24.635092 295.855072 0.000000 46.029747 343.099182 0.000000 23.552917 296.404297 0.518905 47.068493 295.305878 0.518905 44.991001 342.641235 0.518905 22.470745 296.631805 1.771654 47.498756 343.746826 1.771654 25.083342 295.078369 1.771654 44.560741 247.682327 1.771654 72.246422 201.366913 3.024402 108.499702 248.611008 3.543307 73.626656 247.954315 3.024402 72.650688 201.366913 3.543307 109.980988 296.404297 3.024402 47.068493 249.267685 3.024402 74.602638 296.404297 0.518905 47.068493 248.611008 0.000000 73.626656 295.855072 0.000000 46.029747 249.267685 0.518905 74.602638 247.954315 0.518905 72.650688 295.305878 0.518905 44.991001 249.539703 1.771654 75.006897 296.631805 1.771654 47.498756 247.682327 1.771654 72.246422 201.366913 1.771654 107.886131 154.122818 3.543307 73.626656 201.366913 3.024402 108.499702 154.779495 3.024402 72.650688 201.366913 3.543307 109.980988 249.267685 3.024402 74.602638 201.366913 3.024402 111.462280 249.267685 0.518905 74.602638 201.366913 0.000000 109.980988 248.611008 0.000000 73.626656 201.366913 0.518905 111.462280 201.366913 0.518905 108.499702 247.954315 0.518905 72.650688 249.539703 1.771654 75.006897 201.366913 1.771654 112.075844 155.051498 1.771654 72.246422 201.366913 1.771654 107.886131 106.878723 3.543307 46.029747 154.779495 3.024402 72.650688 107.427940 3.024402 44.991005 154.122818 3.543307 73.626656 153.466125 3.024402 74.602638 201.366913 3.024402 111.462280 201.366913 0.000000 109.980988 153.466125 0.518905 74.602638 154.122818 0.000000 73.626656 201.366913 0.518905 111.462280 201.366913 0.518905 108.499702 154.779495 0.518905 72.650688 201.366913 1.771654 112.075844 153.194122 1.771654 75.006897 107.655434 1.771654 44.560741 155.051498 1.771654 72.246422 59.634628 3.543307 23.552917 107.427940 3.024402 44.991005 60.092567 3.024402 22.470745 106.878723 3.543307 46.029747 106.329506 3.024402 47.068493 153.466125 3.024402 74.602638 154.122818 0.000000 73.626656 106.329506 0.518905 47.068493 106.878723 0.000000 46.029747 153.466125 0.518905 74.602638 154.779495 0.518905 72.650688 107.427940 0.518905 44.991005 153.194122 1.771654 75.006897 106.102005 1.771654 47.498756 60.282249 1.771654 22.022493 107.655434 1.771654 44.560741 -29.673384 3.543307 -9.712943 60.092567 3.024402 22.470745 -29.263609 3.024402 -10.813056 59.634628 3.543307 23.552917 59.176685 3.024402 24.635092 106.329506 3.024402 47.068493 106.878723 0.000000 46.029747 59.176685 0.518905 24.635092 59.634628 0.000000 23.552917 106.329506 0.518905 47.068493 107.427940 0.518905 44.991005 60.092567 0.518905 22.470745 106.102005 1.771654 47.498756 58.987003 1.771654 25.083342 -29.093874 1.771654 -11.268738 60.282249 1.771654 22.022493 -30.083158 0.518905 -8.612829 -29.263609 0.518905 -10.813056 -29.673384 0.000000 -9.712943 -30.252893 1.771654 -8.157148 -29.093874 1.771654 -11.268738 -30.083158 3.024402 -8.612829 -29.263609 3.024402 -10.813056 -29.673384 3.543307 -9.712943 -30.083158 3.024402 -8.612829 59.176685 3.024402 24.635092 59.634628 0.000000 23.552917 -30.083158 0.518905 -8.612829 -29.673384 0.000000 -9.712943 59.176685 0.518905 24.635092 60.092567 0.518905 22.470745 -29.263609 0.518905 -10.813056 58.987003 1.771654 25.083342 -30.252893 1.771654 -8.157148 "
									            />
								</IndexedFaceSet>
							</Shape>
						</Group>
					</Transform>
				</Transform>
				<Transform DEF="group_94_009_TRANSFORM"
				           translation="0.693115 0.669291 -0.828674"
				           scale="1.000000 1.000000 1.000000"
				           rotation="-0.000000 -1.000001 -0.000000 0.278672"
				           >
					<Transform DEF="group_94_009_ifs_TRANSFORM"
					           translation="-0.000042 0.000000 -0.000061"
					           scale="1.000000 1.000000 1.000000"
					           rotation="0.000000 0.000000 -0.000000 0.000000"
					           >
						<Group DEF="group_ME_ID1006_001">
							<Shape>
								<Appearance>
									<Material USE="MA_material_012" />
								</Appearance>
								<IndexedFaceSet solid="false"
								                coordIndex="0 1 2 -1 1 0 3 -1 4 5 6 -1 5 4 7 -1 5 7 2 -1 2 7 0 -1 8 9 10 -1 9 8 11 -1 9 11 12 -1 13 14 15 -1 14 13 16 -1 17 18 19 -1 18 17 20 -1 20 17 21 -1 22 23 24 -1 23 22 25 -1 25 22 4 -1 25 4 6 -1 26 12 11 -1 12 26 27 -1 12 27 28 -1 21 29 20 -1 29 21 30 -1 30 21 31 -1 32 33 34 -1 33 32 10 -1 33 10 9 -1 35 36 37 -1 36 35 38 -1 38 35 39 -1 38 39 40 -1 40 39 41 -1 40 41 42 -1 42 41 43 -1 42 43 44 -1 45 46 47 -1 46 45 19 -1 19 45 17 -1 48 16 13 -1 16 48 49 -1 31 50 30 -1 50 31 51 -1 52 53 54 -1 53 52 55 -1 56 28 27 -1 28 56 57 -1 58 59 60 -1 59 58 61 -1 "
								                >
									<Coordinate DEF="coords_ME_ID1006_001"
									            point="3.522464 2.149704 0.158098 5.629921 0.000000 0.051686 3.522464 0.055020 0.158098 5.629921 2.204724 0.051686 1.354794 2.012941 0.474294 2.980546 0.069168 0.237147 1.354794 0.191784 0.474294 2.980546 2.135556 0.237147 3.522464 2.149704 0.158098 5.629921 2.204724 2.519685 5.629921 2.204724 0.051686 2.980546 2.135556 0.237147 2.980546 2.135556 2.519685 6.653543 2.204724 0.000000 5.629921 0.000000 0.051686 5.629921 2.204724 0.051686 6.653543 0.000000 0.000000 5.629921 0.000000 2.519685 3.522464 0.055020 0.158098 5.629921 0.000000 0.051686 2.980546 0.069168 0.237147 2.980546 0.069168 2.519685 1.146364 1.997221 0.556383 0.000000 0.440945 1.007874 0.000000 1.763780 1.007874 1.146364 0.207503 0.556383 1.354794 2.012941 0.474294 1.146364 1.997221 0.556383 1.146364 1.997221 2.519685 1.354794 0.191784 0.474294 1.146364 0.207503 0.556383 1.146364 0.207503 2.519685 6.653543 2.204724 0.000000 51.574802 2.204724 2.519685 19.291338 2.204724 -0.000000 1.146364 0.207503 2.519685 -0.000000 1.763780 2.519685 -0.000000 0.440945 2.519685 1.146364 1.997221 2.519685 2.980546 0.069168 2.519685 2.980546 2.135556 2.519685 5.629921 0.000000 2.519685 5.629921 2.204724 2.519685 51.574802 0.000000 2.519685 51.574802 2.204724 2.519685 51.574802 0.000000 2.519685 6.653543 0.000000 0.000000 19.291338 -0.000000 0.000000 19.291338 2.204724 -0.000000 19.291338 -0.000000 0.000000 0.000000 0.440945 1.007874 -0.000000 0.440945 2.519685 -0.000000 1.763780 2.519685 0.000000 0.440945 1.007874 -0.000000 0.440945 2.519685 0.000000 1.763780 1.007874 0.000000 1.763780 1.007874 -0.000000 1.763780 2.519685 51.574802 2.204724 2.519685 19.291338 -0.000000 0.000000 19.291338 2.204724 -0.000000 51.574802 0.000000 2.519685 "
									            />
								</IndexedFaceSet>
							</Shape>
						</Group>
					</Transform>
				</Transform>
			</Transform>
			<Transform DEF="group_104_TRANSFORM"
			           translation="3300.321045 45.472439 135.150345"
			           scale="1.000000 1.000000 1.000000"
			           rotation="0.000000 1.000000 0.000000 0.000000"
			           >
				<Transform DEF="group_92_010_TRANSFORM"
				           translation="501.026855 0.669292 -0.828674"
				           scale="-1.000000 -1.000000 -1.000000"
				           rotation="-0.990308 0.000000 0.138886 3.141593"
				           >
					<Transform DEF="group_92_010_ifs_TRANSFORM"
					           translation="-0.000042 0.000004 -0.000065"
					           scale="1.000000 1.000000 1.000000"
					           rotation="-0.000000 0.000000 -0.000000 0.000000"
					           >
						<Group DEF="group_ME_ID1014">
							<Shape>
								<Appearance>
									<Material USE="MA_material_012" />
								</Appearance>
								<IndexedFaceSet solid="false"
								                coordIndex="0 1 2 -1 3 2 1 -1 1 4 3 -1 3 4 5 -1 4 6 5 -1 7 5 6 -1 8 9 10 -1 9 11 10 -1 12 10 11 -1 13 14 15 -1 16 15 14 -1 17 18 19 -1 19 18 20 -1 21 20 18 -1 7 6 22 -1 6 23 22 -1 22 23 24 -1 25 24 23 -1 26 27 8 -1 27 28 8 -1 9 8 28 -1 29 17 30 -1 30 17 31 -1 19 31 17 -1 10 12 32 -1 12 33 32 -1 34 32 33 -1 35 36 37 -1 36 38 37 -1 37 38 39 -1 38 40 39 -1 39 40 41 -1 40 42 41 -1 41 42 43 -1 44 43 42 -1 18 45 21 -1 21 45 46 -1 47 46 45 -1 48 49 13 -1 14 13 49 -1 50 29 51 -1 30 51 29 -1 52 53 54 -1 55 54 53 -1 56 57 26 -1 27 26 57 -1 58 59 60 -1 61 60 59 -1 "
								                >
									<Coordinate DEF="coords_ME_ID1014"
									            point="5.629921 2.204724 0.051686 3.522464 2.149704 0.158098 5.629921 0.000000 0.051686 3.522464 0.055020 0.158098 2.980546 2.135556 0.237147 2.980546 0.069168 0.237147 1.354794 2.012941 0.474294 1.354794 0.191784 0.474294 2.980546 2.135556 2.519685 2.980546 2.135556 0.237147 5.629921 2.204724 2.519685 3.522464 2.149704 0.158098 5.629921 2.204724 0.051686 6.653543 0.000000 0.000000 6.653543 2.204724 0.000000 5.629921 0.000000 0.051686 5.629921 2.204724 0.051686 2.980546 0.069168 2.519685 5.629921 0.000000 2.519685 2.980546 0.069168 0.237147 3.522464 0.055020 0.158098 5.629921 0.000000 0.051686 1.146364 0.207503 0.556383 1.146364 1.997221 0.556383 0.000000 0.440945 1.007874 0.000000 1.763780 1.007874 1.146364 1.997221 2.519685 1.146364 1.997221 0.556383 1.354794 2.012941 0.474294 1.146364 0.207503 2.519685 1.146364 0.207503 0.556383 1.354794 0.191784 0.474294 51.574802 2.204724 2.519685 6.653543 2.204724 0.000000 19.291338 2.204724 -0.000000 51.574802 2.204724 2.519685 51.574802 0.000000 2.519685 5.629921 2.204724 2.519685 5.629921 0.000000 2.519685 2.980546 2.135556 2.519685 2.980546 0.069168 2.519685 1.146364 1.997221 2.519685 1.146364 0.207503 2.519685 -0.000000 1.763780 2.519685 -0.000000 0.440945 2.519685 51.574802 0.000000 2.519685 6.653543 0.000000 0.000000 19.291338 -0.000000 0.000000 19.291338 -0.000000 0.000000 19.291338 2.204724 -0.000000 -0.000000 0.440945 2.519685 0.000000 0.440945 1.007874 0.000000 1.763780 1.007874 -0.000000 1.763780 2.519685 0.000000 0.440945 1.007874 -0.000000 0.440945 2.519685 -0.000000 1.763780 2.519685 0.000000 1.763780 1.007874 51.574802 0.000000 2.519685 51.574802 2.204724 2.519685 19.291338 -0.000000 0.000000 19.291338 2.204724 -0.000000 "
									            />
								</IndexedFaceSet>
							</Shape>
						</Group>
					</Transform>
				</Transform>
				<Transform DEF="group_93_010_TRANSFORM"
				           translation="49.493164 0.000000 12.635132"
				           scale="1.000000 1.000000 1.000000"
				           rotation="0.000000 1.000000 0.000000 0.000000"
				           >
					<Transform DEF="group_93_010_ifs_TRANSFORM"
					           translation="0.000000 0.000000 0.000000"
					           scale="1.000000 1.000000 1.000000"
					           rotation="0.000000 1.000000 0.000000 0.000000"
					           >
						<Group DEF="group_ME_ID1021">
							<Shape>
								<Appearance>
									<Material USE="MA_material_012" />
								</Appearance>
								<IndexedFaceSet solid="false"
								                coordIndex="0 1 2 -1 1 0 3 -1 4 5 6 -1 5 4 7 -1 5 7 8 -1 8 7 9 -1 8 9 10 -1 10 9 11 -1 0 12 13 -1 12 0 2 -1 14 15 16 -1 15 14 17 -1 3 18 1 -1 18 3 19 -1 20 21 22 -1 21 20 23 -1 22 24 25 -1 24 22 21 -1 12 24 13 -1 24 12 25 -1 26 18 19 -1 18 26 27 -1 20 26 23 -1 26 20 27 -1 14 28 29 -1 28 14 16 -1 30 31 32 -1 31 30 33 -1 17 34 15 -1 34 17 35 -1 36 37 38 -1 37 36 39 -1 38 40 41 -1 40 38 37 -1 28 40 29 -1 40 28 41 -1 42 34 35 -1 34 42 43 -1 36 42 39 -1 42 36 43 -1 30 44 45 -1 44 30 32 -1 46 47 48 -1 47 46 49 -1 33 50 31 -1 50 33 51 -1 52 53 54 -1 53 52 55 -1 54 56 57 -1 56 54 53 -1 44 56 45 -1 56 44 57 -1 58 50 51 -1 50 58 59 -1 52 58 55 -1 58 52 59 -1 46 60 61 -1 60 46 48 -1 62 63 64 -1 63 62 65 -1 49 66 47 -1 66 49 67 -1 68 69 70 -1 69 68 71 -1 70 72 73 -1 72 70 69 -1 60 72 61 -1 72 60 73 -1 74 67 75 -1 67 74 66 -1 68 75 71 -1 75 68 74 -1 63 76 64 -1 76 63 77 -1 78 79 80 -1 79 78 81 -1 82 65 62 -1 65 82 83 -1 84 85 86 -1 85 84 87 -1 88 86 89 -1 86 88 84 -1 76 88 89 -1 88 76 77 -1 90 82 91 -1 82 90 83 -1 85 90 91 -1 90 85 87 -1 79 92 80 -1 92 79 93 -1 94 95 96 -1 95 94 97 -1 98 81 78 -1 81 98 99 -1 100 101 102 -1 101 100 103 -1 104 102 105 -1 102 104 100 -1 92 104 105 -1 104 92 93 -1 106 98 107 -1 98 106 99 -1 101 106 107 -1 106 101 103 -1 95 108 96 -1 108 95 109 -1 110 111 112 -1 111 110 113 -1 114 97 94 -1 97 114 115 -1 116 117 118 -1 117 116 119 -1 120 118 121 -1 118 120 116 -1 108 120 121 -1 120 108 109 -1 122 114 123 -1 114 122 115 -1 117 122 123 -1 122 117 119 -1 111 124 112 -1 124 111 125 -1 126 127 128 -1 127 126 129 -1 127 129 130 -1 130 129 131 -1 130 131 132 -1 132 131 133 -1 134 113 110 -1 113 134 135 -1 136 137 138 -1 137 136 139 -1 140 138 141 -1 138 140 136 -1 124 140 141 -1 140 124 125 -1 142 134 143 -1 134 142 135 -1 137 142 143 -1 142 137 139 -1 "
								                >
									<Coordinate DEF="coords_ME_ID1021"
									            point="342.641235 3.024402 22.470745 432.407196 3.543307 -9.712943 431.997406 3.024402 -10.813056 343.099182 3.543307 23.552917 431.997406 0.518905 -10.813056 432.816986 0.518905 -8.612829 432.407196 0.000000 -9.712943 431.827667 1.771654 -11.268738 432.986694 1.771654 -8.157148 431.997406 3.024402 -10.813056 432.816986 3.024402 -8.612829 432.407196 3.543307 -9.712943 431.827667 1.771654 -11.268738 342.451569 1.771654 22.022493 295.305878 3.024402 44.991001 343.099182 3.543307 23.552917 342.641235 3.024402 22.470745 295.855072 3.543307 46.029747 432.816986 3.024402 -8.612829 343.557129 3.024402 24.635092 432.816986 0.518905 -8.612829 343.099182 0.000000 23.552917 432.407196 0.000000 -9.712943 343.557129 0.518905 24.635092 342.641235 0.518905 22.470745 431.997406 0.518905 -10.813056 343.746826 1.771654 25.083342 432.986694 1.771654 -8.157148 342.451569 1.771654 22.022493 295.078369 1.771654 44.560741 247.954315 3.024402 72.650688 295.855072 3.543307 46.029747 295.305878 3.024402 44.991001 248.611008 3.543307 73.626656 343.557129 3.024402 24.635092 296.404297 3.024402 47.068493 343.557129 0.518905 24.635092 295.855072 0.000000 46.029747 343.099182 0.000000 23.552917 296.404297 0.518905 47.068493 295.305878 0.518905 44.991001 342.641235 0.518905 22.470745 296.631805 1.771654 47.498756 343.746826 1.771654 25.083342 295.078369 1.771654 44.560741 247.682327 1.771654 72.246422 201.366913 3.024402 108.499702 248.611008 3.543307 73.626656 247.954315 3.024402 72.650688 201.366913 3.543307 109.980988 296.404297 3.024402 47.068493 249.267685 3.024402 74.602638 296.404297 0.518905 47.068493 248.611008 0.000000 73.626656 295.855072 0.000000 46.029747 249.267685 0.518905 74.602638 247.954315 0.518905 72.650688 295.305878 0.518905 44.991001 249.539703 1.771654 75.006897 296.631805 1.771654 47.498756 247.682327 1.771654 72.246422 201.366913 1.771654 107.886131 154.122818 3.543307 73.626656 201.366913 3.024402 108.499702 154.779495 3.024402 72.650688 201.366913 3.543307 109.980988 249.267685 3.024402 74.602638 201.366913 3.024402 111.462280 249.267685 0.518905 74.602638 201.366913 0.000000 109.980988 248.611008 0.000000 73.626656 201.366913 0.518905 111.462280 201.366913 0.518905 108.499702 247.954315 0.518905 72.650688 249.539703 1.771654 75.006897 201.366913 1.771654 112.075844 155.051498 1.771654 72.246422 201.366913 1.771654 107.886131 106.878723 3.543307 46.029747 154.779495 3.024402 72.650688 107.427940 3.024402 44.991005 154.122818 3.543307 73.626656 153.466125 3.024402 74.602638 201.366913 3.024402 111.462280 201.366913 0.000000 109.980988 153.466125 0.518905 74.602638 154.122818 0.000000 73.626656 201.366913 0.518905 111.462280 201.366913 0.518905 108.499702 154.779495 0.518905 72.650688 201.366913 1.771654 112.075844 153.194122 1.771654 75.006897 107.655434 1.771654 44.560741 155.051498 1.771654 72.246422 59.634628 3.543307 23.552917 107.427940 3.024402 44.991005 60.092567 3.024402 22.470745 106.878723 3.543307 46.029747 106.329506 3.024402 47.068493 153.466125 3.024402 74.602638 154.122818 0.000000 73.626656 106.329506 0.518905 47.068493 106.878723 0.000000 46.029747 153.466125 0.518905 74.602638 154.779495 0.518905 72.650688 107.427940 0.518905 44.991005 153.194122 1.771654 75.006897 106.102005 1.771654 47.498756 60.282249 1.771654 22.022493 107.655434 1.771654 44.560741 -29.673384 3.543307 -9.712943 60.092567 3.024402 22.470745 -29.263609 3.024402 -10.813056 59.634628 3.543307 23.552917 59.176685 3.024402 24.635092 106.329506 3.024402 47.068493 106.878723 0.000000 46.029747 59.176685 0.518905 24.635092 59.634628 0.000000 23.552917 106.329506 0.518905 47.068493 107.427940 0.518905 44.991005 60.092567 0.518905 22.470745 106.102005 1.771654 47.498756 58.987003 1.771654 25.083342 -29.093874 1.771654 -11.268738 60.282249 1.771654 22.022493 -30.083158 0.518905 -8.612829 -29.263609 0.518905 -10.813056 -29.673384 0.000000 -9.712943 -30.252893 1.771654 -8.157148 -29.093874 1.771654 -11.268738 -30.083158 3.024402 -8.612829 -29.263609 3.024402 -10.813056 -29.673384 3.543307 -9.712943 -30.083158 3.024402 -8.612829 59.176685 3.024402 24.635092 59.634628 0.000000 23.552917 -30.083158 0.518905 -8.612829 -29.673384 0.000000 -9.712943 59.176685 0.518905 24.635092 60.092567 0.518905 22.470745 -29.263609 0.518905 -10.813056 58.987003 1.771654 25.083342 -30.252893 1.771654 -8.157148 "
									            />
								</IndexedFaceSet>
							</Shape>
						</Group>
					</Transform>
				</Transform>
				<Transform DEF="group_94_010_TRANSFORM"
				           translation="0.693115 0.669292 -0.828674"
				           scale="1.000000 1.000000 1.000000"
				           rotation="-0.000000 -1.000001 -0.000000 0.278672"
				           >
					<Transform DEF="group_94_010_ifs_TRANSFORM"
					           translation="-0.000042 0.000004 -0.000061"
					           scale="1.000000 1.000000 1.000000"
					           rotation="0.000000 0.000000 -0.000000 0.000000"
					           >
						<Group DEF="group_ME_ID1028">
							<Shape>
								<Appearance>
									<Material USE="MA_material_012" />
								</Appearance>
								<IndexedFaceSet solid="false"
								                coordIndex="0 1 2 -1 1 0 3 -1 4 5 6 -1 5 4 7 -1 5 7 2 -1 2 7 0 -1 8 9 10 -1 9 8 11 -1 9 11 12 -1 13 14 15 -1 14 13 16 -1 17 18 19 -1 18 17 20 -1 20 17 21 -1 22 23 24 -1 23 22 25 -1 25 22 4 -1 25 4 6 -1 26 12 11 -1 12 26 27 -1 12 27 28 -1 21 29 20 -1 29 21 30 -1 30 21 31 -1 32 33 34 -1 33 32 10 -1 33 10 9 -1 35 36 37 -1 36 35 38 -1 38 35 39 -1 38 39 40 -1 40 39 41 -1 40 41 42 -1 42 41 43 -1 42 43 44 -1 45 46 47 -1 46 45 19 -1 19 45 17 -1 48 16 13 -1 16 48 49 -1 31 50 30 -1 50 31 51 -1 52 53 54 -1 53 52 55 -1 56 28 27 -1 28 56 57 -1 58 59 60 -1 59 58 61 -1 "
								                >
									<Coordinate DEF="coords_ME_ID1028"
									            point="3.522464 2.149704 0.158098 5.629921 0.000000 0.051686 3.522464 0.055020 0.158098 5.629921 2.204724 0.051686 1.354794 2.012941 0.474294 2.980546 0.069168 0.237147 1.354794 0.191784 0.474294 2.980546 2.135556 0.237147 3.522464 2.149704 0.158098 5.629921 2.204724 2.519685 5.629921 2.204724 0.051686 2.980546 2.135556 0.237147 2.980546 2.135556 2.519685 6.653543 2.204724 0.000000 5.629921 0.000000 0.051686 5.629921 2.204724 0.051686 6.653543 0.000000 0.000000 5.629921 0.000000 2.519685 3.522464 0.055020 0.158098 5.629921 0.000000 0.051686 2.980546 0.069168 0.237147 2.980546 0.069168 2.519685 1.146364 1.997221 0.556383 0.000000 0.440945 1.007874 0.000000 1.763780 1.007874 1.146364 0.207503 0.556383 1.354794 2.012941 0.474294 1.146364 1.997221 0.556383 1.146364 1.997221 2.519685 1.354794 0.191784 0.474294 1.146364 0.207503 0.556383 1.146364 0.207503 2.519685 6.653543 2.204724 0.000000 51.574802 2.204724 2.519685 19.291338 2.204724 -0.000000 1.146364 0.207503 2.519685 -0.000000 1.763780 2.519685 -0.000000 0.440945 2.519685 1.146364 1.997221 2.519685 2.980546 0.069168 2.519685 2.980546 2.135556 2.519685 5.629921 0.000000 2.519685 5.629921 2.204724 2.519685 51.574802 0.000000 2.519685 51.574802 2.204724 2.519685 51.574802 0.000000 2.519685 6.653543 0.000000 0.000000 19.291338 -0.000000 0.000000 19.291338 2.204724 -0.000000 19.291338 -0.000000 0.000000 0.000000 0.440945 1.007874 -0.000000 0.440945 2.519685 -0.000000 1.763780 2.519685 0.000000 0.440945 1.007874 -0.000000 0.440945 2.519685 0.000000 1.763780 1.007874 0.000000 1.763780 1.007874 -0.000000 1.763780 2.519685 51.574802 2.204724 2.519685 19.291338 -0.000000 0.000000 19.291338 2.204724 -0.000000 51.574802 0.000000 2.519685 "
									            />
								</IndexedFaceSet>
							</Shape>
						</Group>
					</Transform>
				</Transform>
			</Transform>
			<Transform DEF="group_105_TRANSFORM"
			           translation="3300.321045 33.661415 135.150345"
			           scale="1.000000 1.000000 1.000000"
			           rotation="0.000000 1.000000 0.000000 0.000000"
			           >
				<Transform DEF="group_92_011_TRANSFORM"
				           translation="501.026855 0.669292 -0.828674"
				           scale="-1.000000 -1.000000 -1.000000"
				           rotation="-0.990308 0.000000 0.138886 3.141593"
				           >
					<Transform DEF="group_92_011_ifs_TRANSFORM"
					           translation="-0.000042 -0.000000 -0.000064"
					           scale="1.000000 1.000000 1.000000"
					           rotation="-0.000000 0.000000 -0.000000 0.000000"
					           >
						<Group DEF="group_ME_ID1036_001">
							<Shape>
								<Appearance>
									<Material USE="MA_material_012" />
								</Appearance>
								<IndexedFaceSet solid="false"
								                coordIndex="0 1 2 -1 3 2 1 -1 1 4 3 -1 3 4 5 -1 4 6 5 -1 7 5 6 -1 8 9 10 -1 9 11 10 -1 12 10 11 -1 13 14 15 -1 16 15 14 -1 17 18 19 -1 19 18 20 -1 21 20 18 -1 7 6 22 -1 6 23 22 -1 22 23 24 -1 25 24 23 -1 26 27 8 -1 27 28 8 -1 9 8 28 -1 29 17 30 -1 30 17 31 -1 19 31 17 -1 10 12 32 -1 12 33 32 -1 34 32 33 -1 35 36 37 -1 36 38 37 -1 37 38 39 -1 38 40 39 -1 39 40 41 -1 40 42 41 -1 41 42 43 -1 44 43 42 -1 18 45 21 -1 21 45 46 -1 47 46 45 -1 48 49 13 -1 14 13 49 -1 50 29 51 -1 30 51 29 -1 52 53 54 -1 55 54 53 -1 56 57 26 -1 27 26 57 -1 58 59 60 -1 61 60 59 -1 "
								                >
									<Coordinate DEF="coords_ME_ID1036_001"
									            point="5.629921 2.204724 0.051686 3.522464 2.149704 0.158098 5.629921 0.000000 0.051686 3.522464 0.055020 0.158098 2.980546 2.135556 0.237147 2.980546 0.069168 0.237147 1.354794 2.012941 0.474294 1.354794 0.191784 0.474294 2.980546 2.135556 2.519685 2.980546 2.135556 0.237147 5.629921 2.204724 2.519685 3.522464 2.149704 0.158098 5.629921 2.204724 0.051686 6.653543 0.000000 0.000000 6.653543 2.204724 0.000000 5.629921 0.000000 0.051686 5.629921 2.204724 0.051686 2.980546 0.069168 2.519685 5.629921 0.000000 2.519685 2.980546 0.069168 0.237147 3.522464 0.055020 0.158098 5.629921 0.000000 0.051686 1.146364 0.207503 0.556383 1.146364 1.997221 0.556383 0.000000 0.440945 1.007874 0.000000 1.763780 1.007874 1.146364 1.997221 2.519685 1.146364 1.997221 0.556383 1.354794 2.012941 0.474294 1.146364 0.207503 2.519685 1.146364 0.207503 0.556383 1.354794 0.191784 0.474294 51.574802 2.204724 2.519685 6.653543 2.204724 0.000000 19.291338 2.204724 -0.000000 51.574802 2.204724 2.519685 51.574802 0.000000 2.519685 5.629921 2.204724 2.519685 5.629921 0.000000 2.519685 2.980546 2.135556 2.519685 2.980546 0.069168 2.519685 1.146364 1.997221 2.519685 1.146364 0.207503 2.519685 -0.000000 1.763780 2.519685 -0.000000 0.440945 2.519685 51.574802 0.000000 2.519685 6.653543 0.000000 0.000000 19.291338 -0.000000 0.000000 19.291338 -0.000000 0.000000 19.291338 2.204724 -0.000000 -0.000000 0.440945 2.519685 0.000000 0.440945 1.007874 0.000000 1.763780 1.007874 -0.000000 1.763780 2.519685 0.000000 0.440945 1.007874 -0.000000 0.440945 2.519685 -0.000000 1.763780 2.519685 0.000000 1.763780 1.007874 51.574802 0.000000 2.519685 51.574802 2.204724 2.519685 19.291338 -0.000000 0.000000 19.291338 2.204724 -0.000000 "
									            />
								</IndexedFaceSet>
							</Shape>
						</Group>
					</Transform>
				</Transform>
				<Transform DEF="group_93_011_TRANSFORM"
				           translation="49.493164 0.000000 12.635132"
				           scale="1.000000 1.000000 1.000000"
				           rotation="0.000000 1.000000 0.000000 0.000000"
				           >
					<Transform DEF="group_93_011_ifs_TRANSFORM"
					           translation="0.000000 0.000000 0.000000"
					           scale="1.000000 1.000000 1.000000"
					           rotation="0.000000 1.000000 0.000000 0.000000"
					           >
						<Group DEF="group_ME_ID1043_002">
							<Shape>
								<Appearance>
									<Material USE="MA_material_012" />
								</Appearance>
								<IndexedFaceSet solid="false"
								                coordIndex="0 1 2 -1 1 0 3 -1 4 5 6 -1 5 4 7 -1 5 7 8 -1 8 7 9 -1 8 9 10 -1 10 9 11 -1 0 12 13 -1 12 0 2 -1 14 15 16 -1 15 14 17 -1 3 18 1 -1 18 3 19 -1 20 21 22 -1 21 20 23 -1 22 24 25 -1 24 22 21 -1 12 24 13 -1 24 12 25 -1 26 18 19 -1 18 26 27 -1 20 26 23 -1 26 20 27 -1 14 28 29 -1 28 14 16 -1 30 31 32 -1 31 30 33 -1 17 34 15 -1 34 17 35 -1 36 37 38 -1 37 36 39 -1 38 40 41 -1 40 38 37 -1 28 40 29 -1 40 28 41 -1 42 34 35 -1 34 42 43 -1 36 42 39 -1 42 36 43 -1 30 44 45 -1 44 30 32 -1 46 47 48 -1 47 46 49 -1 33 50 31 -1 50 33 51 -1 52 53 54 -1 53 52 55 -1 54 56 57 -1 56 54 53 -1 44 56 45 -1 56 44 57 -1 58 50 51 -1 50 58 59 -1 52 58 55 -1 58 52 59 -1 46 60 61 -1 60 46 48 -1 62 63 64 -1 63 62 65 -1 49 66 47 -1 66 49 67 -1 68 69 70 -1 69 68 71 -1 70 72 73 -1 72 70 69 -1 60 72 61 -1 72 60 73 -1 74 67 75 -1 67 74 66 -1 68 75 71 -1 75 68 74 -1 63 76 64 -1 76 63 77 -1 78 79 80 -1 79 78 81 -1 82 65 62 -1 65 82 83 -1 84 85 86 -1 85 84 87 -1 88 86 89 -1 86 88 84 -1 76 88 89 -1 88 76 77 -1 90 82 91 -1 82 90 83 -1 85 90 91 -1 90 85 87 -1 79 92 80 -1 92 79 93 -1 94 95 96 -1 95 94 97 -1 98 81 78 -1 81 98 99 -1 100 101 102 -1 101 100 103 -1 104 102 105 -1 102 104 100 -1 92 104 105 -1 104 92 93 -1 106 98 107 -1 98 106 99 -1 101 106 107 -1 106 101 103 -1 95 108 96 -1 108 95 109 -1 110 111 112 -1 111 110 113 -1 114 97 94 -1 97 114 115 -1 116 117 118 -1 117 116 119 -1 120 118 121 -1 118 120 116 -1 108 120 121 -1 120 108 109 -1 122 114 123 -1 114 122 115 -1 117 122 123 -1 122 117 119 -1 111 124 112 -1 124 111 125 -1 126 127 128 -1 127 126 129 -1 127 129 130 -1 130 129 131 -1 130 131 132 -1 132 131 133 -1 134 113 110 -1 113 134 135 -1 136 137 138 -1 137 136 139 -1 140 138 141 -1 138 140 136 -1 124 140 141 -1 140 124 125 -1 142 134 143 -1 134 142 135 -1 137 142 143 -1 142 137 139 -1 "
								                >
									<Coordinate DEF="coords_ME_ID1043_002"
									            point="342.641235 3.024402 22.470745 432.407196 3.543307 -9.712943 431.997406 3.024402 -10.813056 343.099182 3.543307 23.552917 431.997406 0.518905 -10.813056 432.816986 0.518905 -8.612829 432.407196 0.000000 -9.712943 431.827667 1.771654 -11.268738 432.986694 1.771654 -8.157148 431.997406 3.024402 -10.813056 432.816986 3.024402 -8.612829 432.407196 3.543307 -9.712943 431.827667 1.771654 -11.268738 342.451569 1.771654 22.022493 295.305878 3.024402 44.991001 343.099182 3.543307 23.552917 342.641235 3.024402 22.470745 295.855072 3.543307 46.029747 432.816986 3.024402 -8.612829 343.557129 3.024402 24.635092 432.816986 0.518905 -8.612829 343.099182 0.000000 23.552917 432.407196 0.000000 -9.712943 343.557129 0.518905 24.635092 342.641235 0.518905 22.470745 431.997406 0.518905 -10.813056 343.746826 1.771654 25.083342 432.986694 1.771654 -8.157148 342.451569 1.771654 22.022493 295.078369 1.771654 44.560741 247.954315 3.024402 72.650688 295.855072 3.543307 46.029747 295.305878 3.024402 44.991001 248.611008 3.543307 73.626656 343.557129 3.024402 24.635092 296.404297 3.024402 47.068493 343.557129 0.518905 24.635092 295.855072 0.000000 46.029747 343.099182 0.000000 23.552917 296.404297 0.518905 47.068493 295.305878 0.518905 44.991001 342.641235 0.518905 22.470745 296.631805 1.771654 47.498756 343.746826 1.771654 25.083342 295.078369 1.771654 44.560741 247.682327 1.771654 72.246422 201.366913 3.024402 108.499702 248.611008 3.543307 73.626656 247.954315 3.024402 72.650688 201.366913 3.543307 109.980988 296.404297 3.024402 47.068493 249.267685 3.024402 74.602638 296.404297 0.518905 47.068493 248.611008 0.000000 73.626656 295.855072 0.000000 46.029747 249.267685 0.518905 74.602638 247.954315 0.518905 72.650688 295.305878 0.518905 44.991001 249.539703 1.771654 75.006897 296.631805 1.771654 47.498756 247.682327 1.771654 72.246422 201.366913 1.771654 107.886131 154.122818 3.543307 73.626656 201.366913 3.024402 108.499702 154.779495 3.024402 72.650688 201.366913 3.543307 109.980988 249.267685 3.024402 74.602638 201.366913 3.024402 111.462280 249.267685 0.518905 74.602638 201.366913 0.000000 109.980988 248.611008 0.000000 73.626656 201.366913 0.518905 111.462280 201.366913 0.518905 108.499702 247.954315 0.518905 72.650688 249.539703 1.771654 75.006897 201.366913 1.771654 112.075844 155.051498 1.771654 72.246422 201.366913 1.771654 107.886131 106.878723 3.543307 46.029747 154.779495 3.024402 72.650688 107.427940 3.024402 44.991005 154.122818 3.543307 73.626656 153.466125 3.024402 74.602638 201.366913 3.024402 111.462280 201.366913 0.000000 109.980988 153.466125 0.518905 74.602638 154.122818 0.000000 73.626656 201.366913 0.518905 111.462280 201.366913 0.518905 108.499702 154.779495 0.518905 72.650688 201.366913 1.771654 112.075844 153.194122 1.771654 75.006897 107.655434 1.771654 44.560741 155.051498 1.771654 72.246422 59.634628 3.543307 23.552917 107.427940 3.024402 44.991005 60.092567 3.024402 22.470745 106.878723 3.543307 46.029747 106.329506 3.024402 47.068493 153.466125 3.024402 74.602638 154.122818 0.000000 73.626656 106.329506 0.518905 47.068493 106.878723 0.000000 46.029747 153.466125 0.518905 74.602638 154.779495 0.518905 72.650688 107.427940 0.518905 44.991005 153.194122 1.771654 75.006897 106.102005 1.771654 47.498756 60.282249 1.771654 22.022493 107.655434 1.771654 44.560741 -29.673384 3.543307 -9.712943 60.092567 3.024402 22.470745 -29.263609 3.024402 -10.813056 59.634628 3.543307 23.552917 59.176685 3.024402 24.635092 106.329506 3.024402 47.068493 106.878723 0.000000 46.029747 59.176685 0.518905 24.635092 59.634628 0.000000 23.552917 106.329506 0.518905 47.068493 107.427940 0.518905 44.991005 60.092567 0.518905 22.470745 106.102005 1.771654 47.498756 58.987003 1.771654 25.083342 -29.093874 1.771654 -11.268738 60.282249 1.771654 22.022493 -30.083158 0.518905 -8.612829 -29.263609 0.518905 -10.813056 -29.673384 0.000000 -9.712943 -30.252893 1.771654 -8.157148 -29.093874 1.771654 -11.268738 -30.083158 3.024402 -8.612829 -29.263609 3.024402 -10.813056 -29.673384 3.543307 -9.712943 -30.083158 3.024402 -8.612829 59.176685 3.024402 24.635092 59.634628 0.000000 23.552917 -30.083158 0.518905 -8.612829 -29.673384 0.000000 -9.712943 59.176685 0.518905 24.635092 60.092567 0.518905 22.470745 -29.263609 0.518905 -10.813056 58.987003 1.771654 25.083342 -30.252893 1.771654 -8.157148 "
									            />
								</IndexedFaceSet>
							</Shape>
						</Group>
					</Transform>
				</Transform>
				<Transform DEF="group_94_011_TRANSFORM"
				           translation="0.693115 0.669292 -0.828674"
				           scale="1.000000 1.000000 1.000000"
				           rotation="-0.000000 -1.000001 -0.000000 0.278672"
				           >
					<Transform DEF="group_94_011_ifs_TRANSFORM"
					           translation="-0.000042 0.000000 -0.000061"
					           scale="1.000000 1.000000 1.000000"
					           rotation="0.000000 0.000000 -0.000000 0.000000"
					           >
						<Group DEF="group_ME_ID1050">
							<Shape>
								<Appearance>
									<Material USE="MA_material_012" />
								</Appearance>
								<IndexedFaceSet solid="false"
								                coordIndex="0 1 2 -1 1 0 3 -1 4 5 6 -1 5 4 7 -1 5 7 2 -1 2 7 0 -1 8 9 10 -1 9 8 11 -1 9 11 12 -1 13 14 15 -1 14 13 16 -1 17 18 19 -1 18 17 20 -1 20 17 21 -1 22 23 24 -1 23 22 25 -1 25 22 4 -1 25 4 6 -1 26 12 11 -1 12 26 27 -1 12 27 28 -1 21 29 20 -1 29 21 30 -1 30 21 31 -1 32 33 34 -1 33 32 10 -1 33 10 9 -1 35 36 37 -1 36 35 38 -1 38 35 39 -1 38 39 40 -1 40 39 41 -1 40 41 42 -1 42 41 43 -1 42 43 44 -1 45 46 47 -1 46 45 19 -1 19 45 17 -1 48 16 13 -1 16 48 49 -1 31 50 30 -1 50 31 51 -1 52 53 54 -1 53 52 55 -1 56 28 27 -1 28 56 57 -1 58 59 60 -1 59 58 61 -1 "
								                >
									<Coordinate DEF="coords_ME_ID1050"
									            point="3.522464 2.149704 0.158098 5.629921 0.000000 0.051686 3.522464 0.055020 0.158098 5.629921 2.204724 0.051686 1.354794 2.012941 0.474294 2.980546 0.069168 0.237147 1.354794 0.191784 0.474294 2.980546 2.135556 0.237147 3.522464 2.149704 0.158098 5.629921 2.204724 2.519685 5.629921 2.204724 0.051686 2.980546 2.135556 0.237147 2.980546 2.135556 2.519685 6.653543 2.204724 0.000000 5.629921 0.000000 0.051686 5.629921 2.204724 0.051686 6.653543 0.000000 0.000000 5.629921 0.000000 2.519685 3.522464 0.055020 0.158098 5.629921 0.000000 0.051686 2.980546 0.069168 0.237147 2.980546 0.069168 2.519685 1.146364 1.997221 0.556383 0.000000 0.440945 1.007874 0.000000 1.763780 1.007874 1.146364 0.207503 0.556383 1.354794 2.012941 0.474294 1.146364 1.997221 0.556383 1.146364 1.997221 2.519685 1.354794 0.191784 0.474294 1.146364 0.207503 0.556383 1.146364 0.207503 2.519685 6.653543 2.204724 0.000000 51.574802 2.204724 2.519685 19.291338 2.204724 -0.000000 1.146364 0.207503 2.519685 -0.000000 1.763780 2.519685 -0.000000 0.440945 2.519685 1.146364 1.997221 2.519685 2.980546 0.069168 2.519685 2.980546 2.135556 2.519685 5.629921 0.000000 2.519685 5.629921 2.204724 2.519685 51.574802 0.000000 2.519685 51.574802 2.204724 2.519685 51.574802 0.000000 2.519685 6.653543 0.000000 0.000000 19.291338 -0.000000 0.000000 19.291338 2.204724 -0.000000 19.291338 -0.000000 0.000000 0.000000 0.440945 1.007874 -0.000000 0.440945 2.519685 -0.000000 1.763780 2.519685 0.000000 0.440945 1.007874 -0.000000 0.440945 2.519685 0.000000 1.763780 1.007874 0.000000 1.763780 1.007874 -0.000000 1.763780 2.519685 51.574802 2.204724 2.519685 19.291338 -0.000000 0.000000 19.291338 2.204724 -0.000000 51.574802 0.000000 2.519685 "
									            />
								</IndexedFaceSet>
							</Shape>
						</Group>
					</Transform>
				</Transform>
			</Transform>
			<Transform DEF="group_106_TRANSFORM"
			           translation="3300.321045 39.566929 135.150345"
			           scale="1.000000 1.000000 1.000000"
			           rotation="0.000000 1.000000 0.000000 0.000000"
			           >
				<Transform DEF="group_92_012_TRANSFORM"
				           translation="501.026855 0.669292 -0.828674"
				           scale="-1.000000 -1.000000 -1.000000"
				           rotation="-0.990308 0.000000 0.138886 3.141593"
				           >
					<Transform DEF="group_92_012_ifs_TRANSFORM"
					           translation="-0.000042 0.000004 -0.000065"
					           scale="1.000000 1.000000 1.000000"
					           rotation="-0.000000 0.000000 -0.000000 0.000000"
					           >
						<Group DEF="group_ME_ID1058">
							<Shape>
								<Appearance>
									<Material USE="MA_material_012" />
								</Appearance>
								<IndexedFaceSet solid="false"
								                coordIndex="0 1 2 -1 3 2 1 -1 1 4 3 -1 3 4 5 -1 4 6 5 -1 7 5 6 -1 8 9 10 -1 9 11 10 -1 12 10 11 -1 13 14 15 -1 16 15 14 -1 17 18 19 -1 19 18 20 -1 21 20 18 -1 7 6 22 -1 6 23 22 -1 22 23 24 -1 25 24 23 -1 26 27 8 -1 27 28 8 -1 9 8 28 -1 29 17 30 -1 30 17 31 -1 19 31 17 -1 10 12 32 -1 12 33 32 -1 34 32 33 -1 35 36 37 -1 36 38 37 -1 37 38 39 -1 38 40 39 -1 39 40 41 -1 40 42 41 -1 41 42 43 -1 44 43 42 -1 18 45 21 -1 21 45 46 -1 47 46 45 -1 48 49 13 -1 14 13 49 -1 50 29 51 -1 30 51 29 -1 52 53 54 -1 55 54 53 -1 56 57 26 -1 27 26 57 -1 58 59 60 -1 61 60 59 -1 "
								                >
									<Coordinate DEF="coords_ME_ID1058"
									            point="5.629921 2.204724 0.051686 3.522464 2.149704 0.158098 5.629921 0.000000 0.051686 3.522464 0.055020 0.158098 2.980546 2.135556 0.237147 2.980546 0.069168 0.237147 1.354794 2.012941 0.474294 1.354794 0.191784 0.474294 2.980546 2.135556 2.519685 2.980546 2.135556 0.237147 5.629921 2.204724 2.519685 3.522464 2.149704 0.158098 5.629921 2.204724 0.051686 6.653543 0.000000 0.000000 6.653543 2.204724 0.000000 5.629921 0.000000 0.051686 5.629921 2.204724 0.051686 2.980546 0.069168 2.519685 5.629921 0.000000 2.519685 2.980546 0.069168 0.237147 3.522464 0.055020 0.158098 5.629921 0.000000 0.051686 1.146364 0.207503 0.556383 1.146364 1.997221 0.556383 0.000000 0.440945 1.007874 0.000000 1.763780 1.007874 1.146364 1.997221 2.519685 1.146364 1.997221 0.556383 1.354794 2.012941 0.474294 1.146364 0.207503 2.519685 1.146364 0.207503 0.556383 1.354794 0.191784 0.474294 51.574802 2.204724 2.519685 6.653543 2.204724 0.000000 19.291338 2.204724 -0.000000 51.574802 2.204724 2.519685 51.574802 0.000000 2.519685 5.629921 2.204724 2.519685 5.629921 0.000000 2.519685 2.980546 2.135556 2.519685 2.980546 0.069168 2.519685 1.146364 1.997221 2.519685 1.146364 0.207503 2.519685 -0.000000 1.763780 2.519685 -0.000000 0.440945 2.519685 51.574802 0.000000 2.519685 6.653543 0.000000 0.000000 19.291338 -0.000000 0.000000 19.291338 -0.000000 0.000000 19.291338 2.204724 -0.000000 -0.000000 0.440945 2.519685 0.000000 0.440945 1.007874 0.000000 1.763780 1.007874 -0.000000 1.763780 2.519685 0.000000 0.440945 1.007874 -0.000000 0.440945 2.519685 -0.000000 1.763780 2.519685 0.000000 1.763780 1.007874 51.574802 0.000000 2.519685 51.574802 2.204724 2.519685 19.291338 -0.000000 0.000000 19.291338 2.204724 -0.000000 "
									            />
								</IndexedFaceSet>
							</Shape>
						</Group>
					</Transform>
				</Transform>
				<Transform DEF="group_93_012_TRANSFORM"
				           translation="49.493164 0.000000 12.635132"
				           scale="1.000000 1.000000 1.000000"
				           rotation="0.000000 1.000000 0.000000 0.000000"
				           >
					<Transform DEF="group_93_012_ifs_TRANSFORM"
					           translation="0.000000 0.000000 0.000000"
					           scale="1.000000 1.000000 1.000000"
					           rotation="0.000000 1.000000 0.000000 0.000000"
					           >
						<Group DEF="group_ME_ID1065">
							<Shape>
								<Appearance>
									<Material USE="MA_material_012" />
								</Appearance>
								<IndexedFaceSet solid="false"
								                coordIndex="0 1 2 -1 1 0 3 -1 4 5 6 -1 5 4 7 -1 5 7 8 -1 8 7 9 -1 8 9 10 -1 10 9 11 -1 0 12 13 -1 12 0 2 -1 14 15 16 -1 15 14 17 -1 3 18 1 -1 18 3 19 -1 20 21 22 -1 21 20 23 -1 22 24 25 -1 24 22 21 -1 12 24 13 -1 24 12 25 -1 26 18 19 -1 18 26 27 -1 20 26 23 -1 26 20 27 -1 14 28 29 -1 28 14 16 -1 30 31 32 -1 31 30 33 -1 17 34 15 -1 34 17 35 -1 36 37 38 -1 37 36 39 -1 38 40 41 -1 40 38 37 -1 28 40 29 -1 40 28 41 -1 42 34 35 -1 34 42 43 -1 36 42 39 -1 42 36 43 -1 30 44 45 -1 44 30 32 -1 46 47 48 -1 47 46 49 -1 33 50 31 -1 50 33 51 -1 52 53 54 -1 53 52 55 -1 54 56 57 -1 56 54 53 -1 44 56 45 -1 56 44 57 -1 58 50 51 -1 50 58 59 -1 52 58 55 -1 58 52 59 -1 46 60 61 -1 60 46 48 -1 62 63 64 -1 63 62 65 -1 49 66 47 -1 66 49 67 -1 68 69 70 -1 69 68 71 -1 70 72 73 -1 72 70 69 -1 60 72 61 -1 72 60 73 -1 74 67 75 -1 67 74 66 -1 68 75 71 -1 75 68 74 -1 63 76 64 -1 76 63 77 -1 78 79 80 -1 79 78 81 -1 82 65 62 -1 65 82 83 -1 84 85 86 -1 85 84 87 -1 88 86 89 -1 86 88 84 -1 76 88 89 -1 88 76 77 -1 90 82 91 -1 82 90 83 -1 85 90 91 -1 90 85 87 -1 79 92 80 -1 92 79 93 -1 94 95 96 -1 95 94 97 -1 98 81 78 -1 81 98 99 -1 100 101 102 -1 101 100 103 -1 104 102 105 -1 102 104 100 -1 92 104 105 -1 104 92 93 -1 106 98 107 -1 98 106 99 -1 101 106 107 -1 106 101 103 -1 95 108 96 -1 108 95 109 -1 110 111 112 -1 111 110 113 -1 114 97 94 -1 97 114 115 -1 116 117 118 -1 117 116 119 -1 120 118 121 -1 118 120 116 -1 108 120 121 -1 120 108 109 -1 122 114 123 -1 114 122 115 -1 117 122 123 -1 122 117 119 -1 111 124 112 -1 124 111 125 -1 126 127 128 -1 127 126 129 -1 127 129 130 -1 130 129 131 -1 130 131 132 -1 132 131 133 -1 134 113 110 -1 113 134 135 -1 136 137 138 -1 137 136 139 -1 140 138 141 -1 138 140 136 -1 124 140 141 -1 140 124 125 -1 142 134 143 -1 134 142 135 -1 137 142 143 -1 142 137 139 -1 "
								                >
									<Coordinate DEF="coords_ME_ID1065"
									            point="342.641235 3.024402 22.470745 432.407196 3.543307 -9.712943 431.997406 3.024402 -10.813056 343.099182 3.543307 23.552917 431.997406 0.518905 -10.813056 432.816986 0.518905 -8.612829 432.407196 0.000000 -9.712943 431.827667 1.771654 -11.268738 432.986694 1.771654 -8.157148 431.997406 3.024402 -10.813056 432.816986 3.024402 -8.612829 432.407196 3.543307 -9.712943 431.827667 1.771654 -11.268738 342.451569 1.771654 22.022493 295.305878 3.024402 44.991001 343.099182 3.543307 23.552917 342.641235 3.024402 22.470745 295.855072 3.543307 46.029747 432.816986 3.024402 -8.612829 343.557129 3.024402 24.635092 432.816986 0.518905 -8.612829 343.099182 0.000000 23.552917 432.407196 0.000000 -9.712943 343.557129 0.518905 24.635092 342.641235 0.518905 22.470745 431.997406 0.518905 -10.813056 343.746826 1.771654 25.083342 432.986694 1.771654 -8.157148 342.451569 1.771654 22.022493 295.078369 1.771654 44.560741 247.954315 3.024402 72.650688 295.855072 3.543307 46.029747 295.305878 3.024402 44.991001 248.611008 3.543307 73.626656 343.557129 3.024402 24.635092 296.404297 3.024402 47.068493 343.557129 0.518905 24.635092 295.855072 0.000000 46.029747 343.099182 0.000000 23.552917 296.404297 0.518905 47.068493 295.305878 0.518905 44.991001 342.641235 0.518905 22.470745 296.631805 1.771654 47.498756 343.746826 1.771654 25.083342 295.078369 1.771654 44.560741 247.682327 1.771654 72.246422 201.366913 3.024402 108.499702 248.611008 3.543307 73.626656 247.954315 3.024402 72.650688 201.366913 3.543307 109.980988 296.404297 3.024402 47.068493 249.267685 3.024402 74.602638 296.404297 0.518905 47.068493 248.611008 0.000000 73.626656 295.855072 0.000000 46.029747 249.267685 0.518905 74.602638 247.954315 0.518905 72.650688 295.305878 0.518905 44.991001 249.539703 1.771654 75.006897 296.631805 1.771654 47.498756 247.682327 1.771654 72.246422 201.366913 1.771654 107.886131 154.122818 3.543307 73.626656 201.366913 3.024402 108.499702 154.779495 3.024402 72.650688 201.366913 3.543307 109.980988 249.267685 3.024402 74.602638 201.366913 3.024402 111.462280 249.267685 0.518905 74.602638 201.366913 0.000000 109.980988 248.611008 0.000000 73.626656 201.366913 0.518905 111.462280 201.366913 0.518905 108.499702 247.954315 0.518905 72.650688 249.539703 1.771654 75.006897 201.366913 1.771654 112.075844 155.051498 1.771654 72.246422 201.366913 1.771654 107.886131 106.878723 3.543307 46.029747 154.779495 3.024402 72.650688 107.427940 3.024402 44.991005 154.122818 3.543307 73.626656 153.466125 3.024402 74.602638 201.366913 3.024402 111.462280 201.366913 0.000000 109.980988 153.466125 0.518905 74.602638 154.122818 0.000000 73.626656 201.366913 0.518905 111.462280 201.366913 0.518905 108.499702 154.779495 0.518905 72.650688 201.366913 1.771654 112.075844 153.194122 1.771654 75.006897 107.655434 1.771654 44.560741 155.051498 1.771654 72.246422 59.634628 3.543307 23.552917 107.427940 3.024402 44.991005 60.092567 3.024402 22.470745 106.878723 3.543307 46.029747 106.329506 3.024402 47.068493 153.466125 3.024402 74.602638 154.122818 0.000000 73.626656 106.329506 0.518905 47.068493 106.878723 0.000000 46.029747 153.466125 0.518905 74.602638 154.779495 0.518905 72.650688 107.427940 0.518905 44.991005 153.194122 1.771654 75.006897 106.102005 1.771654 47.498756 60.282249 1.771654 22.022493 107.655434 1.771654 44.560741 -29.673384 3.543307 -9.712943 60.092567 3.024402 22.470745 -29.263609 3.024402 -10.813056 59.634628 3.543307 23.552917 59.176685 3.024402 24.635092 106.329506 3.024402 47.068493 106.878723 0.000000 46.029747 59.176685 0.518905 24.635092 59.634628 0.000000 23.552917 106.329506 0.518905 47.068493 107.427940 0.518905 44.991005 60.092567 0.518905 22.470745 106.102005 1.771654 47.498756 58.987003 1.771654 25.083342 -29.093874 1.771654 -11.268738 60.282249 1.771654 22.022493 -30.083158 0.518905 -8.612829 -29.263609 0.518905 -10.813056 -29.673384 0.000000 -9.712943 -30.252893 1.771654 -8.157148 -29.093874 1.771654 -11.268738 -30.083158 3.024402 -8.612829 -29.263609 3.024402 -10.813056 -29.673384 3.543307 -9.712943 -30.083158 3.024402 -8.612829 59.176685 3.024402 24.635092 59.634628 0.000000 23.552917 -30.083158 0.518905 -8.612829 -29.673384 0.000000 -9.712943 59.176685 0.518905 24.635092 60.092567 0.518905 22.470745 -29.263609 0.518905 -10.813056 58.987003 1.771654 25.083342 -30.252893 1.771654 -8.157148 "
									            />
								</IndexedFaceSet>
							</Shape>
						</Group>
					</Transform>
				</Transform>
				<Transform DEF="group_94_012_TRANSFORM"
				           translation="0.693115 0.669292 -0.828674"
				           scale="1.000000 1.000000 1.000000"
				           rotation="-0.000000 -1.000001 -0.000000 0.278672"
				           >
					<Transform DEF="group_94_012_ifs_TRANSFORM"
					           translation="-0.000042 0.000004 -0.000061"
					           scale="1.000000 1.000000 1.000000"
					           rotation="0.000000 0.000000 -0.000000 0.000000"
					           >
						<Group DEF="group_ME_ID1072">
							<Shape>
								<Appearance>
									<Material USE="MA_material_012" />
								</Appearance>
								<IndexedFaceSet solid="false"
								                coordIndex="0 1 2 -1 1 0 3 -1 4 5 6 -1 5 4 7 -1 5 7 2 -1 2 7 0 -1 8 9 10 -1 9 8 11 -1 9 11 12 -1 13 14 15 -1 14 13 16 -1 17 18 19 -1 18 17 20 -1 20 17 21 -1 22 23 24 -1 23 22 25 -1 25 22 4 -1 25 4 6 -1 26 12 11 -1 12 26 27 -1 12 27 28 -1 21 29 20 -1 29 21 30 -1 30 21 31 -1 32 33 34 -1 33 32 10 -1 33 10 9 -1 35 36 37 -1 36 35 38 -1 38 35 39 -1 38 39 40 -1 40 39 41 -1 40 41 42 -1 42 41 43 -1 42 43 44 -1 45 46 47 -1 46 45 19 -1 19 45 17 -1 48 16 13 -1 16 48 49 -1 31 50 30 -1 50 31 51 -1 52 53 54 -1 53 52 55 -1 56 28 27 -1 28 56 57 -1 58 59 60 -1 59 58 61 -1 "
								                >
									<Coordinate DEF="coords_ME_ID1072"
									            point="3.522464 2.149704 0.158098 5.629921 0.000000 0.051686 3.522464 0.055020 0.158098 5.629921 2.204724 0.051686 1.354794 2.012941 0.474294 2.980546 0.069168 0.237147 1.354794 0.191784 0.474294 2.980546 2.135556 0.237147 3.522464 2.149704 0.158098 5.629921 2.204724 2.519685 5.629921 2.204724 0.051686 2.980546 2.135556 0.237147 2.980546 2.135556 2.519685 6.653543 2.204724 0.000000 5.629921 0.000000 0.051686 5.629921 2.204724 0.051686 6.653543 0.000000 0.000000 5.629921 0.000000 2.519685 3.522464 0.055020 0.158098 5.629921 0.000000 0.051686 2.980546 0.069168 0.237147 2.980546 0.069168 2.519685 1.146364 1.997221 0.556383 0.000000 0.440945 1.007874 0.000000 1.763780 1.007874 1.146364 0.207503 0.556383 1.354794 2.012941 0.474294 1.146364 1.997221 0.556383 1.146364 1.997221 2.519685 1.354794 0.191784 0.474294 1.146364 0.207503 0.556383 1.146364 0.207503 2.519685 6.653543 2.204724 0.000000 51.574802 2.204724 2.519685 19.291338 2.204724 -0.000000 1.146364 0.207503 2.519685 -0.000000 1.763780 2.519685 -0.000000 0.440945 2.519685 1.146364 1.997221 2.519685 2.980546 0.069168 2.519685 2.980546 2.135556 2.519685 5.629921 0.000000 2.519685 5.629921 2.204724 2.519685 51.574802 0.000000 2.519685 51.574802 2.204724 2.519685 51.574802 0.000000 2.519685 6.653543 0.000000 0.000000 19.291338 -0.000000 0.000000 19.291338 2.204724 -0.000000 19.291338 -0.000000 0.000000 0.000000 0.440945 1.007874 -0.000000 0.440945 2.519685 -0.000000 1.763780 2.519685 0.000000 0.440945 1.007874 -0.000000 0.440945 2.519685 0.000000 1.763780 1.007874 0.000000 1.763780 1.007874 -0.000000 1.763780 2.519685 51.574802 2.204724 2.519685 19.291338 -0.000000 0.000000 19.291338 2.204724 -0.000000 51.574802 0.000000 2.519685 "
									            />
								</IndexedFaceSet>
							</Shape>
						</Group>
					</Transform>
				</Transform>
			</Transform>
			<Transform DEF="group_107_TRANSFORM"
			           translation="3299.717529 -25.574272 136.696793"
			           scale="1.000000 1.162644 1.000000"
			           rotation="0.000000 -0.999994 0.000000 0.078322"
			           >
				<Transform DEF="group_108_TRANSFORM"
				           translation="-0.253946 1.110237 0.131454"
				           scale="1.000000 1.000000 1.000000"
				           rotation="-0.000000 1.000016 -0.000000 0.151836"
				           >
					<Transform DEF="group_108_ifs_TRANSFORM"
					           translation="-0.000083 0.000000 0.000046"
					           scale="1.000000 1.000000 1.000000"
					           rotation="0.000000 0.000000 -0.000000 0.000000"
					           >
						<Group DEF="group_ME_ID1080_002">
							<Shape>
								<Appearance>
									<Material USE="MA_material_012" />
								</Appearance>
								<IndexedFaceSet solid="false"
								                coordIndex="0 1 2 -1 1 0 3 -1 1 3 4 -1 5 6 7 -1 6 5 8 -1 9 10 11 -1 10 9 12 -1 13 14 15 -1 14 13 16 -1 17 18 19 -1 18 17 20 -1 21 22 23 -1 22 21 24 -1 25 26 27 -1 26 25 28 -1 27 26 29 -1 "
								                >
									<Coordinate DEF="coords_ME_ID1080_002"
									            point="0.869175 67.518639 0.000000 0.916559 67.518639 0.898252 1.977781 67.518639 0.407426 0.000000 67.518639 2.365026 0.332582 67.518639 2.487253 0.000000 67.518639 2.365026 0.869175 0.000000 0.000000 0.000000 0.000000 2.365026 0.869175 67.518639 0.000000 0.332582 0.000000 2.487253 0.000000 67.518639 2.365026 0.000000 0.000000 2.365026 0.332582 67.518639 2.487253 0.916559 67.518639 0.898252 0.332582 0.000000 2.487253 0.916559 0.000000 0.898252 0.332582 67.518639 2.487253 1.977781 0.000000 0.407426 0.916559 67.518639 0.898252 0.916559 0.000000 0.898252 1.977781 67.518639 0.407426 1.977781 67.518639 0.407426 0.869175 0.000000 0.000000 0.869175 67.518639 0.000000 1.977781 0.000000 0.407426 0.869175 0.000000 0.000000 0.916559 0.000000 0.898252 0.000000 0.000000 2.365026 1.977781 0.000000 0.407426 0.332582 0.000000 2.487253 "
									            />
								</IndexedFaceSet>
							</Shape>
						</Group>
					</Transform>
				</Transform>
				<Transform DEF="group_109_TRANSFORM"
				           translation="19.145134 1.400269 1.434174"
				           scale="1.000000 1.000000 1.000000"
				           rotation="-0.000000 1.000022 -0.000000 0.073946"
				           >
					<Transform DEF="group_109_ifs_TRANSFORM"
					           translation="0.000088 0.000000 0.000003"
					           scale="1.000000 1.000000 1.000000"
					           rotation="-0.000000 0.000000 -0.000000 0.000000"
					           >
						<Group DEF="group_ME_ID1087_001">
							<Shape>
								<Appearance>
									<Material USE="MA_material_012" />
								</Appearance>
								<IndexedFaceSet solid="false"
								                coordIndex="0 1 2 -1 1 0 3 -1 4 5 6 -1 5 4 7 -1 8 9 10 -1 9 8 11 -1 12 13 14 -1 13 12 15 -1 16 17 18 -1 17 16 19 -1 20 21 22 -1 21 20 23 -1 "
								                >
									<Coordinate DEF="coords_ME_ID1087_001"
									            point="3.234201 -0.669291 0.869175 0.000000 -0.669291 2.365026 0.869175 -0.669291 -0.000000 0.332582 -0.669291 2.487253 3.234201 67.834641 0.869175 0.869175 -0.669291 -0.000000 0.869175 67.834641 -0.000000 3.234201 -0.669291 0.869175 3.234201 -0.669291 0.869175 0.332582 67.834641 2.487253 0.332582 -0.669291 2.487253 3.234201 67.834641 0.869175 0.332582 -0.669291 2.487253 0.000000 67.834641 2.365026 0.000000 -0.669291 2.365026 0.332582 67.834641 2.487253 0.000000 67.834641 2.365026 0.869175 -0.669291 -0.000000 0.000000 -0.669291 2.365026 0.869175 67.834641 -0.000000 0.000000 67.834641 2.365026 3.234201 67.834641 0.869175 0.869175 67.834641 -0.000000 0.332582 67.834641 2.487253 "
									            />
								</IndexedFaceSet>
							</Shape>
						</Group>
					</Transform>
				</Transform>
			</Transform>
			<Transform DEF="group_110_TRANSFORM"
			           translation="3688.976318 -39.512806 131.970047"
			           scale="1.000000 1.000000 1.000000"
			           rotation="0.000000 1.000000 0.000000 0.000000"
			           >
				<Transform DEF="group_1_002_TRANSFORM"
				           translation="0.000000 38.994984 0.000000"
				           scale="1.000000 1.000000 1.000000"
				           rotation="0.000000 0.000000 -1.000000 1.570796"
				           >
					<Transform DEF="group_1_002_ifs_TRANSFORM"
					           translation="-0.000000 -0.000000 0.000000"
					           scale="1.000000 1.000000 1.000000"
					           rotation="0.000000 1.000000 0.000000 0.000000"
					           >
						<Group DEF="group_ME_ID1095_001">
							<Shape>
								<Appearance>
									<Material USE="MA_material_012" />
								</Appearance>
								<IndexedFaceSet solid="false"
								                coordIndex="0 1 2 -1 1 0 3 -1 3 0 4 -1 5 6 7 -1 6 5 8 -1 8 5 9 -1 8 9 10 -1 10 9 11 -1 10 11 12 -1 1 13 2 -1 14 13 15 -1 13 14 2 -1 2 14 0 -1 0 14 16 -1 16 4 0 -1 17 3 4 -1 3 17 18 -1 19 20 21 -1 20 19 22 -1 22 19 23 -1 22 23 24 -1 24 23 25 -1 25 23 26 -1 25 26 27 -1 25 27 28 -1 28 27 29 -1 29 27 30 -1 29 30 31 -1 29 31 32 -1 32 31 33 -1 32 33 34 -1 1 35 36 -1 37 38 39 -1 38 37 40 -1 41 42 43 -1 42 41 44 -1 43 45 46 -1 45 43 47 -1 47 43 48 -1 48 43 42 -1 46 49 50 -1 49 46 45 -1 1 36 13 -1 51 52 53 -1 52 51 54 -1 54 51 55 -1 55 51 56 -1 55 56 57 -1 55 57 58 -1 58 57 59 -1 59 57 60 -1 59 60 61 -1 59 61 62 -1 62 61 37 -1 62 37 39 -1 63 15 64 -1 15 63 14 -1 17 4 16 -1 45 65 49 -1 47 66 65 -1 66 47 67 -1 67 47 48 -1 67 48 68 -1 67 69 66 -1 69 67 70 -1 70 71 69 -1 71 70 72 -1 71 73 74 -1 73 71 72 -1 75 76 77 -1 76 75 78 -1 79 80 81 -1 80 79 82 -1 83 84 85 -1 84 83 86 -1 87 88 89 -1 88 87 90 -1 90 64 88 -1 64 90 63 -1 68 42 44 -1 47 65 45 -1 68 48 42 -1 "
								                >
									<Coordinate DEF="coords_ME_ID1095_001"
									            point="18.081432 7.874016 9.842520 26.783260 7.874016 1.924956 18.081432 7.874016 1.924956 26.783260 7.874016 9.842520 26.314358 7.874016 9.842520 26.783260 0.393701 0.000000 26.783260 0.000000 9.842520 26.783260 0.000000 1.924956 26.783260 0.393701 11.811023 26.783260 7.480315 0.000000 26.783260 7.480315 11.811023 26.783260 7.874016 1.924956 26.783260 7.874016 9.842520 18.081432 7.874016 0.000000 13.042063 7.677166 11.811023 13.042063 7.677166 0.000000 18.081432 7.874016 11.811023 26.314358 7.480315 11.811023 26.783260 7.480315 11.811023 5.483007 5.905512 0.000000 -0.883963 1.968504 0.000000 -0.883963 5.905511 0.000000 5.483007 1.968504 0.000000 6.742849 6.692914 0.000000 6.742849 1.181102 0.000000 9.262535 0.590551 0.000000 9.262535 7.283464 0.000000 13.042063 7.677166 0.000000 13.042063 0.196850 0.000000 18.081432 0.000000 0.000000 18.081432 7.874016 0.000000 26.314358 7.480315 0.000000 26.314358 0.393701 0.000000 26.783260 7.480315 0.000000 26.783260 0.393701 0.000000 26.783260 7.480315 0.000000 26.314358 7.480315 0.000000 26.314358 0.393701 11.811023 26.783260 7.480315 11.811023 26.314358 7.480315 11.811023 26.783260 0.393701 11.811023 26.783260 0.393701 11.811023 26.314358 0.000000 9.842520 26.783260 0.000000 9.842520 26.314358 0.393701 11.811023 26.314358 0.000000 1.924956 26.783260 0.000000 1.924956 18.081432 0.000000 1.924956 18.081432 0.000000 9.842520 26.314358 0.393701 0.000000 26.783260 0.393701 0.000000 5.483007 1.968504 11.811023 -0.883963 5.905511 11.811023 -0.883963 1.968504 11.811023 5.483007 5.905512 11.811023 6.742849 6.692914 11.811023 6.742849 1.181102 11.811023 9.262535 0.590551 11.811023 9.262535 7.283464 11.811023 13.042063 7.677166 11.811023 13.042063 0.196850 11.811023 18.081432 0.000000 11.811023 18.081432 7.874016 11.811023 9.262535 7.283464 11.811023 9.262535 7.283464 0.000000 18.081432 0.000000 0.000000 13.042063 0.196850 0.000000 13.042063 0.196850 11.811023 18.081432 0.000000 11.811023 9.262535 0.590551 0.000000 9.262535 0.590551 11.811023 6.742849 1.181102 0.000000 6.742849 1.181102 11.811023 5.483007 1.968504 11.811023 5.483007 1.968504 0.000000 5.483007 1.968504 11.811023 -0.883963 1.968504 0.000000 5.483007 1.968504 0.000000 -0.883963 1.968504 11.811023 -0.883963 5.905511 11.811023 -0.883963 1.968504 0.000000 -0.883963 1.968504 11.811023 -0.883963 5.905511 0.000000 -0.883963 5.905511 11.811023 5.483007 5.905512 0.000000 -0.883963 5.905511 0.000000 5.483007 5.905512 11.811023 5.483007 5.905512 11.811023 6.742849 6.692914 0.000000 5.483007 5.905512 0.000000 6.742849 6.692914 11.811023 "
									            />
								</IndexedFaceSet>
							</Shape>
						</Group>
					</Transform>
				</Transform>
				<Transform DEF="group_2_002_TRANSFORM"
				           translation="0.000000 38.088688 0.000000"
				           scale="-1.000000 -1.000000 -1.000000"
				           rotation="-0.707107 0.707107 -0.000000 3.141593"
				           >
					<Transform DEF="group_2_002_ifs_TRANSFORM"
					           translation="-0.000000 0.000011 -0.000002"
					           scale="1.000000 1.000000 1.000000"
					           rotation="0.000000 1.000000 0.000000 0.000000"
					           >
						<Group DEF="group_ME_ID1102">
							<Shape>
								<Appearance>
									<Material USE="MA_material_012" />
								</Appearance>
								<IndexedFaceSet solid="false"
								                coordIndex="0 1 2 -1 2 1 3 -1 3 1 4 -1 5 4 1 -1 3 4 6 -1 7 6 4 -1 5 8 4 -1 9 10 1 -1 1 10 5 -1 5 10 8 -1 11 8 10 -1 1 0 9 -1 12 13 2 -1 0 2 13 -1 14 15 16 -1 15 17 16 -1 16 17 18 -1 17 19 18 -1 18 19 20 -1 21 20 19 -1 22 23 24 -1 23 25 24 -1 25 26 24 -1 24 26 27 -1 27 26 28 -1 26 29 28 -1 28 29 30 -1 29 31 30 -1 31 32 30 -1 30 32 33 -1 33 32 34 -1 32 35 34 -1 34 35 36 -1 37 36 35 -1 8 7 4 -1 38 39 40 -1 39 41 40 -1 41 42 40 -1 40 42 43 -1 42 44 43 -1 43 44 45 -1 45 44 46 -1 44 47 46 -1 47 48 46 -1 46 48 49 -1 48 50 49 -1 51 49 50 -1 10 52 11 -1 53 11 52 -1 9 0 13 -1 54 39 55 -1 38 55 39 -1 56 57 58 -1 59 58 57 -1 58 59 60 -1 60 59 61 -1 61 59 62 -1 63 62 59 -1 62 63 64 -1 65 64 63 -1 64 66 62 -1 67 60 68 -1 60 61 68 -1 68 61 69 -1 66 69 61 -1 70 68 71 -1 69 71 68 -1 72 70 73 -1 71 73 70 -1 72 73 74 -1 75 74 73 -1 76 77 78 -1 79 78 77 -1 80 81 82 -1 83 82 81 -1 84 85 86 -1 87 86 85 -1 88 89 90 -1 91 90 89 -1 52 88 53 -1 90 53 88 -1 56 58 67 -1 62 66 61 -1 58 60 67 -1 "
								                >
									<Coordinate DEF="coords_ME_ID1102"
									            point="29.306480 7.874016 9.842520 21.073559 7.874016 9.842520 51.437122 7.874016 9.842520 51.437122 7.874016 1.924956 29.775387 7.874016 1.924956 21.073559 7.874016 1.924956 51.437122 7.480315 0.000000 29.306480 7.480315 0.000000 21.073559 7.874016 0.000000 21.073559 7.874016 11.811023 16.034187 7.677166 11.811023 16.034187 7.677166 0.000000 51.437122 7.480315 11.811023 29.306480 7.480315 11.811023 51.437122 7.874016 9.842520 51.437122 7.874016 1.924956 51.437122 7.480315 11.811023 51.437122 7.480315 0.000000 51.437122 0.393701 11.811023 51.437122 0.393701 0.000000 51.437122 -0.000000 9.842520 51.437122 -0.000000 1.924956 51.437122 0.393701 0.000000 51.437122 7.480315 0.000000 29.306480 0.393701 0.000000 29.306480 7.480315 0.000000 21.073559 7.874016 0.000000 21.073559 -0.000000 0.000000 16.034187 0.196850 0.000000 16.034187 7.677166 0.000000 12.254661 0.590551 0.000000 12.254661 7.283464 0.000000 9.734976 6.692914 0.000000 9.734976 1.181102 0.000000 8.475133 1.968504 0.000000 8.475133 5.905512 0.000000 2.108163 1.968504 0.000000 2.108163 5.905512 0.000000 29.306480 7.480315 11.811023 29.306480 0.393701 11.811023 21.073559 7.874016 11.811023 21.073559 -0.000000 11.811023 16.034187 0.196850 11.811023 16.034187 7.677166 11.811023 12.254661 0.590551 11.811023 12.254661 7.283464 11.811023 9.734976 6.692914 11.811023 9.734976 1.181102 11.811023 8.475133 1.968504 11.811023 8.475133 5.905512 11.811023 2.108163 1.968504 11.811023 2.108163 5.905512 11.811023 12.254661 7.283464 11.811023 12.254661 7.283464 0.000000 51.437122 0.393701 11.811023 51.437122 7.480315 11.811023 29.306480 0.393701 11.811023 51.437122 0.393701 11.811023 29.306480 0.000000 9.842520 51.437122 -0.000000 9.842520 21.073559 -0.000000 9.842520 21.073559 -0.000000 1.924956 29.306480 0.000000 1.924956 51.437122 -0.000000 1.924956 29.306480 0.393701 0.000000 51.437122 0.393701 0.000000 21.073559 -0.000000 0.000000 21.073559 -0.000000 11.811023 16.034187 0.196850 11.811023 16.034187 0.196850 0.000000 12.254661 0.590551 11.811023 12.254661 0.590551 0.000000 9.734976 1.181102 11.811023 9.734976 1.181102 0.000000 8.475133 1.968504 11.811023 8.475133 1.968504 0.000000 2.108163 1.968504 11.811023 8.475133 1.968504 11.811023 2.108163 1.968504 0.000000 8.475133 1.968504 0.000000 2.108163 5.905512 0.000000 2.108163 5.905512 11.811023 2.108163 1.968504 0.000000 2.108163 1.968504 11.811023 8.475133 5.905512 11.811023 2.108163 5.905512 11.811023 8.475133 5.905512 0.000000 2.108163 5.905512 0.000000 9.734976 6.692914 11.811023 8.475133 5.905512 11.811023 9.734976 6.692914 0.000000 8.475133 5.905512 0.000000 "
									            />
								</IndexedFaceSet>
							</Shape>
						</Group>
					</Transform>
				</Transform>
			</Transform>
			<Transform DEF="group_111_TRANSFORM"
			           translation="3594.488281 -39.918316 173.770401"
			           scale="1.000000 1.000000 1.000000"
			           rotation="0.000000 1.000000 0.000000 0.000000"
			           >
				<Transform DEF="group_1_003_TRANSFORM"
				           translation="0.000000 38.994984 0.000000"
				           scale="1.000000 1.000000 1.000000"
				           rotation="0.000000 0.000000 -1.000000 1.570796"
				           >
					<Transform DEF="group_1_003_ifs_TRANSFORM"
					           translation="-0.000000 -0.000000 0.000000"
					           scale="1.000000 1.000000 1.000000"
					           rotation="0.000000 1.000000 0.000000 0.000000"
					           >
						<Group DEF="group_ME_ID1110_002">
							<Shape>
								<Appearance>
									<Material USE="MA_material_012" />
								</Appearance>
								<IndexedFaceSet solid="false"
								                coordIndex="0 1 2 -1 1 0 3 -1 3 0 4 -1 5 6 7 -1 6 5 8 -1 8 5 9 -1 8 9 10 -1 10 9 11 -1 10 11 12 -1 1 13 2 -1 14 13 15 -1 13 14 2 -1 2 14 0 -1 0 14 16 -1 16 4 0 -1 17 3 4 -1 3 17 18 -1 19 20 21 -1 20 19 22 -1 22 19 23 -1 22 23 24 -1 24 23 25 -1 25 23 26 -1 25 26 27 -1 25 27 28 -1 28 27 29 -1 29 27 30 -1 29 30 31 -1 29 31 32 -1 32 31 33 -1 32 33 34 -1 1 35 36 -1 37 38 39 -1 38 37 40 -1 41 42 43 -1 42 41 44 -1 43 45 46 -1 45 43 47 -1 47 43 48 -1 48 43 42 -1 46 49 50 -1 49 46 45 -1 1 36 13 -1 51 52 53 -1 52 51 54 -1 54 51 55 -1 55 51 56 -1 55 56 57 -1 55 57 58 -1 58 57 59 -1 59 57 60 -1 59 60 61 -1 59 61 62 -1 62 61 37 -1 62 37 39 -1 63 15 64 -1 15 63 14 -1 17 4 16 -1 45 65 49 -1 47 66 65 -1 66 47 67 -1 67 47 48 -1 67 48 68 -1 67 69 66 -1 69 67 70 -1 70 71 69 -1 71 70 72 -1 71 73 74 -1 73 71 72 -1 75 76 77 -1 76 75 78 -1 79 80 81 -1 80 79 82 -1 83 84 85 -1 84 83 86 -1 87 88 89 -1 88 87 90 -1 90 64 88 -1 64 90 63 -1 68 42 44 -1 47 65 45 -1 68 48 42 -1 "
								                >
									<Coordinate DEF="coords_ME_ID1110_002"
									            point="18.081432 7.874016 9.842520 26.783260 7.874016 1.924956 18.081432 7.874016 1.924956 26.783260 7.874016 9.842520 26.314358 7.874016 9.842520 26.783260 0.393701 0.000000 26.783260 0.000000 9.842520 26.783260 0.000000 1.924956 26.783260 0.393701 11.811023 26.783260 7.480315 0.000000 26.783260 7.480315 11.811023 26.783260 7.874016 1.924956 26.783260 7.874016 9.842520 18.081432 7.874016 0.000000 13.042063 7.677166 11.811023 13.042063 7.677166 0.000000 18.081432 7.874016 11.811023 26.314358 7.480315 11.811023 26.783260 7.480315 11.811023 5.483007 5.905512 0.000000 -0.883963 1.968504 0.000000 -0.883963 5.905511 0.000000 5.483007 1.968504 0.000000 6.742849 6.692914 0.000000 6.742849 1.181102 0.000000 9.262535 0.590551 0.000000 9.262535 7.283464 0.000000 13.042063 7.677166 0.000000 13.042063 0.196850 0.000000 18.081432 0.000000 0.000000 18.081432 7.874016 0.000000 26.314358 7.480315 0.000000 26.314358 0.393701 0.000000 26.783260 7.480315 0.000000 26.783260 0.393701 0.000000 26.783260 7.480315 0.000000 26.314358 7.480315 0.000000 26.314358 0.393701 11.811023 26.783260 7.480315 11.811023 26.314358 7.480315 11.811023 26.783260 0.393701 11.811023 26.783260 0.393701 11.811023 26.314358 0.000000 9.842520 26.783260 0.000000 9.842520 26.314358 0.393701 11.811023 26.314358 0.000000 1.924956 26.783260 0.000000 1.924956 18.081432 0.000000 1.924956 18.081432 0.000000 9.842520 26.314358 0.393701 0.000000 26.783260 0.393701 0.000000 5.483007 1.968504 11.811023 -0.883963 5.905511 11.811023 -0.883963 1.968504 11.811023 5.483007 5.905512 11.811023 6.742849 6.692914 11.811023 6.742849 1.181102 11.811023 9.262535 0.590551 11.811023 9.262535 7.283464 11.811023 13.042063 7.677166 11.811023 13.042063 0.196850 11.811023 18.081432 0.000000 11.811023 18.081432 7.874016 11.811023 9.262535 7.283464 11.811023 9.262535 7.283464 0.000000 18.081432 0.000000 0.000000 13.042063 0.196850 0.000000 13.042063 0.196850 11.811023 18.081432 0.000000 11.811023 9.262535 0.590551 0.000000 9.262535 0.590551 11.811023 6.742849 1.181102 0.000000 6.742849 1.181102 11.811023 5.483007 1.968504 11.811023 5.483007 1.968504 0.000000 5.483007 1.968504 11.811023 -0.883963 1.968504 0.000000 5.483007 1.968504 0.000000 -0.883963 1.968504 11.811023 -0.883963 5.905511 11.811023 -0.883963 1.968504 0.000000 -0.883963 1.968504 11.811023 -0.883963 5.905511 0.000000 -0.883963 5.905511 11.811023 5.483007 5.905512 0.000000 -0.883963 5.905511 0.000000 5.483007 5.905512 11.811023 5.483007 5.905512 11.811023 6.742849 6.692914 0.000000 5.483007 5.905512 0.000000 6.742849 6.692914 11.811023 "
									            />
								</IndexedFaceSet>
							</Shape>
						</Group>
					</Transform>
				</Transform>
				<Transform DEF="group_2_003_TRANSFORM"
				           translation="0.000000 38.088688 0.000000"
				           scale="-1.000000 -1.000000 -1.000000"
				           rotation="-0.707107 0.707107 -0.000000 3.141593"
				           >
					<Transform DEF="group_2_003_ifs_TRANSFORM"
					           translation="-0.000000 0.000015 0.000006"
					           scale="1.000000 1.000000 1.000000"
					           rotation="0.000000 1.000000 0.000000 0.000000"
					           >
						<Group DEF="group_ME_ID1117_003">
							<Shape>
								<Appearance>
									<Material USE="MA_material_012" />
								</Appearance>
								<IndexedFaceSet solid="false"
								                coordIndex="0 1 2 -1 2 1 3 -1 3 1 4 -1 5 4 1 -1 3 4 6 -1 7 6 4 -1 5 8 4 -1 9 10 1 -1 1 10 5 -1 5 10 8 -1 11 8 10 -1 1 0 9 -1 12 13 2 -1 0 2 13 -1 14 15 16 -1 15 17 16 -1 16 17 18 -1 17 19 18 -1 18 19 20 -1 21 20 19 -1 22 23 24 -1 23 25 24 -1 25 26 24 -1 24 26 27 -1 27 26 28 -1 26 29 28 -1 28 29 30 -1 29 31 30 -1 31 32 30 -1 30 32 33 -1 33 32 34 -1 32 35 34 -1 34 35 36 -1 37 36 35 -1 8 7 4 -1 38 39 40 -1 39 41 40 -1 41 42 40 -1 40 42 43 -1 42 44 43 -1 43 44 45 -1 45 44 46 -1 44 47 46 -1 47 48 46 -1 46 48 49 -1 48 50 49 -1 51 49 50 -1 10 52 11 -1 53 11 52 -1 9 0 13 -1 54 39 55 -1 38 55 39 -1 56 57 58 -1 59 58 57 -1 58 59 60 -1 60 59 61 -1 61 59 62 -1 63 62 59 -1 62 63 64 -1 65 64 63 -1 64 66 62 -1 67 60 68 -1 60 61 68 -1 68 61 69 -1 66 69 61 -1 70 68 71 -1 69 71 68 -1 72 70 73 -1 71 73 70 -1 72 73 74 -1 75 74 73 -1 76 77 78 -1 79 78 77 -1 80 81 82 -1 83 82 81 -1 84 85 86 -1 87 86 85 -1 88 89 90 -1 91 90 89 -1 52 88 53 -1 90 53 88 -1 56 58 67 -1 62 66 61 -1 58 60 67 -1 "
								                >
									<Coordinate DEF="coords_ME_ID1117_003"
									            point="29.306480 7.874016 9.842520 21.073559 7.874016 9.842520 51.437122 7.874016 9.842520 51.437122 7.874016 1.924956 29.775387 7.874016 1.924956 21.073559 7.874016 1.924956 51.437122 7.480315 0.000000 29.306480 7.480315 0.000000 21.073559 7.874016 0.000000 21.073559 7.874016 11.811023 16.034187 7.677166 11.811023 16.034187 7.677166 0.000000 51.437122 7.480315 11.811023 29.306480 7.480315 11.811023 51.437122 7.874016 9.842520 51.437122 7.874016 1.924956 51.437122 7.480315 11.811023 51.437122 7.480315 0.000000 51.437122 0.393701 11.811023 51.437122 0.393701 0.000000 51.437122 -0.000000 9.842520 51.437122 -0.000000 1.924956 51.437122 0.393701 0.000000 51.437122 7.480315 0.000000 29.306480 0.393701 0.000000 29.306480 7.480315 0.000000 21.073559 7.874016 0.000000 21.073559 -0.000000 0.000000 16.034187 0.196850 0.000000 16.034187 7.677166 0.000000 12.254661 0.590551 0.000000 12.254661 7.283464 0.000000 9.734976 6.692914 0.000000 9.734976 1.181102 0.000000 8.475133 1.968504 0.000000 8.475133 5.905512 0.000000 2.108163 1.968504 0.000000 2.108163 5.905512 0.000000 29.306480 7.480315 11.811023 29.306480 0.393701 11.811023 21.073559 7.874016 11.811023 21.073559 -0.000000 11.811023 16.034187 0.196850 11.811023 16.034187 7.677166 11.811023 12.254661 0.590551 11.811023 12.254661 7.283464 11.811023 9.734976 6.692914 11.811023 9.734976 1.181102 11.811023 8.475133 1.968504 11.811023 8.475133 5.905512 11.811023 2.108163 1.968504 11.811023 2.108163 5.905512 11.811023 12.254661 7.283464 11.811023 12.254661 7.283464 0.000000 51.437122 0.393701 11.811023 51.437122 7.480315 11.811023 29.306480 0.393701 11.811023 51.437122 0.393701 11.811023 29.306480 0.000000 9.842520 51.437122 -0.000000 9.842520 21.073559 -0.000000 9.842520 21.073559 -0.000000 1.924956 29.306480 0.000000 1.924956 51.437122 -0.000000 1.924956 29.306480 0.393701 0.000000 51.437122 0.393701 0.000000 21.073559 -0.000000 0.000000 21.073559 -0.000000 11.811023 16.034187 0.196850 11.811023 16.034187 0.196850 0.000000 12.254661 0.590551 11.811023 12.254661 0.590551 0.000000 9.734976 1.181102 11.811023 9.734976 1.181102 0.000000 8.475133 1.968504 11.811023 8.475133 1.968504 0.000000 2.108163 1.968504 11.811023 8.475133 1.968504 11.811023 2.108163 1.968504 0.000000 8.475133 1.968504 0.000000 2.108163 5.905512 0.000000 2.108163 5.905512 11.811023 2.108163 1.968504 0.000000 2.108163 1.968504 11.811023 8.475133 5.905512 11.811023 2.108163 5.905512 11.811023 8.475133 5.905512 0.000000 2.108163 5.905512 0.000000 9.734976 6.692914 11.811023 8.475133 5.905512 11.811023 9.734976 6.692914 0.000000 8.475133 5.905512 0.000000 "
									            />
								</IndexedFaceSet>
							</Shape>
						</Group>
					</Transform>
				</Transform>
			</Transform>
			<Transform DEF="group_112_TRANSFORM"
			           translation="3500.000000 -39.918316 173.770401"
			           scale="1.000000 1.000000 1.000000"
			           rotation="0.000000 1.000000 0.000000 0.000000"
			           >
				<Transform DEF="group_1_004_TRANSFORM"
				           translation="0.000000 38.994984 0.000000"
				           scale="1.000000 1.000000 1.000000"
				           rotation="0.000000 0.000000 -1.000000 1.570796"
				           >
					<Transform DEF="group_1_004_ifs_TRANSFORM"
					           translation="0.000000 -0.000000 0.000000"
					           scale="1.000000 1.000000 1.000000"
					           rotation="0.000000 1.000000 0.000000 0.000000"
					           >
						<Group DEF="group_ME_ID1125_003">
							<Shape>
								<Appearance>
									<Material USE="MA_material_012" />
								</Appearance>
								<IndexedFaceSet solid="false"
								                coordIndex="0 1 2 -1 1 0 3 -1 3 0 4 -1 5 6 7 -1 6 5 8 -1 8 5 9 -1 8 9 10 -1 10 9 11 -1 10 11 12 -1 1 13 2 -1 14 13 15 -1 13 14 2 -1 2 14 0 -1 0 14 16 -1 16 4 0 -1 17 3 4 -1 3 17 18 -1 19 20 21 -1 20 19 22 -1 22 19 23 -1 22 23 24 -1 24 23 25 -1 25 23 26 -1 25 26 27 -1 25 27 28 -1 28 27 29 -1 29 27 30 -1 29 30 31 -1 29 31 32 -1 32 31 33 -1 32 33 34 -1 1 35 36 -1 37 38 39 -1 38 37 40 -1 41 42 43 -1 42 41 44 -1 43 45 46 -1 45 43 47 -1 47 43 48 -1 48 43 42 -1 46 49 50 -1 49 46 45 -1 1 36 13 -1 51 52 53 -1 52 51 54 -1 54 51 55 -1 55 51 56 -1 55 56 57 -1 55 57 58 -1 58 57 59 -1 59 57 60 -1 59 60 61 -1 59 61 62 -1 62 61 37 -1 62 37 39 -1 63 15 64 -1 15 63 14 -1 17 4 16 -1 45 65 49 -1 47 66 65 -1 66 47 67 -1 67 47 48 -1 67 48 68 -1 67 69 66 -1 69 67 70 -1 70 71 69 -1 71 70 72 -1 71 73 74 -1 73 71 72 -1 75 76 77 -1 76 75 78 -1 79 80 81 -1 80 79 82 -1 83 84 85 -1 84 83 86 -1 87 88 89 -1 88 87 90 -1 90 64 88 -1 64 90 63 -1 68 42 44 -1 47 65 45 -1 68 48 42 -1 "
								                >
									<Coordinate DEF="coords_ME_ID1125_003"
									            point="18.081432 7.874016 9.842520 26.783260 7.874016 1.924956 18.081432 7.874016 1.924956 26.783260 7.874016 9.842520 26.314358 7.874016 9.842520 26.783260 0.393701 0.000000 26.783260 0.000000 9.842520 26.783260 0.000000 1.924956 26.783260 0.393701 11.811023 26.783260 7.480315 0.000000 26.783260 7.480315 11.811023 26.783260 7.874016 1.924956 26.783260 7.874016 9.842520 18.081432 7.874016 0.000000 13.042063 7.677166 11.811023 13.042063 7.677166 0.000000 18.081432 7.874016 11.811023 26.314358 7.480315 11.811023 26.783260 7.480315 11.811023 5.483007 5.905512 0.000000 -0.883963 1.968504 0.000000 -0.883963 5.905511 0.000000 5.483007 1.968504 0.000000 6.742849 6.692914 0.000000 6.742849 1.181102 0.000000 9.262535 0.590551 0.000000 9.262535 7.283464 0.000000 13.042063 7.677166 0.000000 13.042063 0.196850 0.000000 18.081432 0.000000 0.000000 18.081432 7.874016 0.000000 26.314358 7.480315 0.000000 26.314358 0.393701 0.000000 26.783260 7.480315 0.000000 26.783260 0.393701 0.000000 26.783260 7.480315 0.000000 26.314358 7.480315 0.000000 26.314358 0.393701 11.811023 26.783260 7.480315 11.811023 26.314358 7.480315 11.811023 26.783260 0.393701 11.811023 26.783260 0.393701 11.811023 26.314358 0.000000 9.842520 26.783260 0.000000 9.842520 26.314358 0.393701 11.811023 26.314358 0.000000 1.924956 26.783260 0.000000 1.924956 18.081432 0.000000 1.924956 18.081432 0.000000 9.842520 26.314358 0.393701 0.000000 26.783260 0.393701 0.000000 5.483007 1.968504 11.811023 -0.883963 5.905511 11.811023 -0.883963 1.968504 11.811023 5.483007 5.905512 11.811023 6.742849 6.692914 11.811023 6.742849 1.181102 11.811023 9.262535 0.590551 11.811023 9.262535 7.283464 11.811023 13.042063 7.677166 11.811023 13.042063 0.196850 11.811023 18.081432 0.000000 11.811023 18.081432 7.874016 11.811023 9.262535 7.283464 11.811023 9.262535 7.283464 0.000000 18.081432 0.000000 0.000000 13.042063 0.196850 0.000000 13.042063 0.196850 11.811023 18.081432 0.000000 11.811023 9.262535 0.590551 0.000000 9.262535 0.590551 11.811023 6.742849 1.181102 0.000000 6.742849 1.181102 11.811023 5.483007 1.968504 11.811023 5.483007 1.968504 0.000000 5.483007 1.968504 11.811023 -0.883963 1.968504 0.000000 5.483007 1.968504 0.000000 -0.883963 1.968504 11.811023 -0.883963 5.905511 11.811023 -0.883963 1.968504 0.000000 -0.883963 1.968504 11.811023 -0.883963 5.905511 0.000000 -0.883963 5.905511 11.811023 5.483007 5.905512 0.000000 -0.883963 5.905511 0.000000 5.483007 5.905512 11.811023 5.483007 5.905512 11.811023 6.742849 6.692914 0.000000 5.483007 5.905512 0.000000 6.742849 6.692914 11.811023 "
									            />
								</IndexedFaceSet>
							</Shape>
						</Group>
					</Transform>
				</Transform>
				<Transform DEF="group_2_004_TRANSFORM"
				           translation="0.000000 38.088688 0.000000"
				           scale="-1.000000 -1.000000 -1.000000"
				           rotation="-0.707107 0.707107 -0.000000 3.141593"
				           >
					<Transform DEF="group_2_004_ifs_TRANSFORM"
					           translation="0.000000 0.000015 -0.000001"
					           scale="1.000000 1.000000 1.000000"
					           rotation="0.000000 1.000000 0.000000 0.000000"
					           >
						<Group DEF="group_ME_ID1132">
							<Shape>
								<Appearance>
									<Material USE="MA_material_012" />
								</Appearance>
								<IndexedFaceSet solid="false"
								                coordIndex="0 1 2 -1 2 1 3 -1 3 1 4 -1 5 4 1 -1 3 4 6 -1 7 6 4 -1 5 8 4 -1 9 10 1 -1 1 10 5 -1 5 10 8 -1 11 8 10 -1 1 0 9 -1 12 13 2 -1 0 2 13 -1 14 15 16 -1 15 17 16 -1 16 17 18 -1 17 19 18 -1 18 19 20 -1 21 20 19 -1 22 23 24 -1 23 25 24 -1 25 26 24 -1 24 26 27 -1 27 26 28 -1 26 29 28 -1 28 29 30 -1 29 31 30 -1 31 32 30 -1 30 32 33 -1 33 32 34 -1 32 35 34 -1 34 35 36 -1 37 36 35 -1 8 7 4 -1 38 39 40 -1 39 41 40 -1 41 42 40 -1 40 42 43 -1 42 44 43 -1 43 44 45 -1 45 44 46 -1 44 47 46 -1 47 48 46 -1 46 48 49 -1 48 50 49 -1 51 49 50 -1 10 52 11 -1 53 11 52 -1 9 0 13 -1 54 39 55 -1 38 55 39 -1 56 57 58 -1 59 58 57 -1 58 59 60 -1 60 59 61 -1 61 59 62 -1 63 62 59 -1 62 63 64 -1 65 64 63 -1 64 66 62 -1 67 60 68 -1 60 61 68 -1 68 61 69 -1 66 69 61 -1 70 68 71 -1 69 71 68 -1 72 70 73 -1 71 73 70 -1 72 73 74 -1 75 74 73 -1 76 77 78 -1 79 78 77 -1 80 81 82 -1 83 82 81 -1 84 85 86 -1 87 86 85 -1 88 89 90 -1 91 90 89 -1 52 88 53 -1 90 53 88 -1 56 58 67 -1 62 66 61 -1 58 60 67 -1 "
								                >
									<Coordinate DEF="coords_ME_ID1132"
									            point="29.306480 7.874016 9.842520 21.073559 7.874016 9.842520 51.437122 7.874016 9.842520 51.437122 7.874016 1.924956 29.775387 7.874016 1.924956 21.073559 7.874016 1.924956 51.437122 7.480315 0.000000 29.306480 7.480315 0.000000 21.073559 7.874016 0.000000 21.073559 7.874016 11.811023 16.034187 7.677166 11.811023 16.034187 7.677166 0.000000 51.437122 7.480315 11.811023 29.306480 7.480315 11.811023 51.437122 7.874016 9.842520 51.437122 7.874016 1.924956 51.437122 7.480315 11.811023 51.437122 7.480315 0.000000 51.437122 0.393701 11.811023 51.437122 0.393701 0.000000 51.437122 -0.000000 9.842520 51.437122 -0.000000 1.924956 51.437122 0.393701 0.000000 51.437122 7.480315 0.000000 29.306480 0.393701 0.000000 29.306480 7.480315 0.000000 21.073559 7.874016 0.000000 21.073559 -0.000000 0.000000 16.034187 0.196850 0.000000 16.034187 7.677166 0.000000 12.254661 0.590551 0.000000 12.254661 7.283464 0.000000 9.734976 6.692914 0.000000 9.734976 1.181102 0.000000 8.475133 1.968504 0.000000 8.475133 5.905512 0.000000 2.108163 1.968504 0.000000 2.108163 5.905512 0.000000 29.306480 7.480315 11.811023 29.306480 0.393701 11.811023 21.073559 7.874016 11.811023 21.073559 -0.000000 11.811023 16.034187 0.196850 11.811023 16.034187 7.677166 11.811023 12.254661 0.590551 11.811023 12.254661 7.283464 11.811023 9.734976 6.692914 11.811023 9.734976 1.181102 11.811023 8.475133 1.968504 11.811023 8.475133 5.905512 11.811023 2.108163 1.968504 11.811023 2.108163 5.905512 11.811023 12.254661 7.283464 11.811023 12.254661 7.283464 0.000000 51.437122 0.393701 11.811023 51.437122 7.480315 11.811023 29.306480 0.393701 11.811023 51.437122 0.393701 11.811023 29.306480 0.000000 9.842520 51.437122 -0.000000 9.842520 21.073559 -0.000000 9.842520 21.073559 -0.000000 1.924956 29.306480 0.000000 1.924956 51.437122 -0.000000 1.924956 29.306480 0.393701 0.000000 51.437122 0.393701 0.000000 21.073559 -0.000000 0.000000 21.073559 -0.000000 11.811023 16.034187 0.196850 11.811023 16.034187 0.196850 0.000000 12.254661 0.590551 11.811023 12.254661 0.590551 0.000000 9.734976 1.181102 11.811023 9.734976 1.181102 0.000000 8.475133 1.968504 11.811023 8.475133 1.968504 0.000000 2.108163 1.968504 11.811023 8.475133 1.968504 11.811023 2.108163 1.968504 0.000000 8.475133 1.968504 0.000000 2.108163 5.905512 0.000000 2.108163 5.905512 11.811023 2.108163 1.968504 0.000000 2.108163 1.968504 11.811023 8.475133 5.905512 11.811023 2.108163 5.905512 11.811023 8.475133 5.905512 0.000000 2.108163 5.905512 0.000000 9.734976 6.692914 11.811023 8.475133 5.905512 11.811023 9.734976 6.692914 0.000000 8.475133 5.905512 0.000000 "
									            />
								</IndexedFaceSet>
							</Shape>
						</Group>
					</Transform>
				</Transform>
			</Transform>
			<Transform DEF="group_113_TRANSFORM"
			           translation="3405.511719 -39.512806 131.970047"
			           scale="1.000000 1.000000 1.000000"
			           rotation="0.000000 1.000000 0.000000 0.000000"
			           >
				<Transform DEF="group_1_005_TRANSFORM"
				           translation="0.000000 38.994984 0.000000"
				           scale="1.000000 1.000000 1.000000"
				           rotation="0.000000 0.000000 -1.000000 1.570796"
				           >
					<Transform DEF="group_1_005_ifs_TRANSFORM"
					           translation="-0.000000 -0.000000 0.000000"
					           scale="1.000000 1.000000 1.000000"
					           rotation="0.000000 1.000000 0.000000 0.000000"
					           >
						<Group DEF="group_ME_ID1140_001">
							<Shape>
								<Appearance>
									<Material USE="MA_material_012" />
								</Appearance>
								<IndexedFaceSet solid="false"
								                coordIndex="0 1 2 -1 1 0 3 -1 3 0 4 -1 5 6 7 -1 6 5 8 -1 8 5 9 -1 8 9 10 -1 10 9 11 -1 10 11 12 -1 1 13 2 -1 14 13 15 -1 13 14 2 -1 2 14 0 -1 0 14 16 -1 16 4 0 -1 17 3 4 -1 3 17 18 -1 19 20 21 -1 20 19 22 -1 22 19 23 -1 22 23 24 -1 24 23 25 -1 25 23 26 -1 25 26 27 -1 25 27 28 -1 28 27 29 -1 29 27 30 -1 29 30 31 -1 29 31 32 -1 32 31 33 -1 32 33 34 -1 1 35 36 -1 37 38 39 -1 38 37 40 -1 41 42 43 -1 42 41 44 -1 43 45 46 -1 45 43 47 -1 47 43 48 -1 48 43 42 -1 46 49 50 -1 49 46 45 -1 1 36 13 -1 51 52 53 -1 52 51 54 -1 54 51 55 -1 55 51 56 -1 55 56 57 -1 55 57 58 -1 58 57 59 -1 59 57 60 -1 59 60 61 -1 59 61 62 -1 62 61 37 -1 62 37 39 -1 63 15 64 -1 15 63 14 -1 17 4 16 -1 45 65 49 -1 47 66 65 -1 66 47 67 -1 67 47 48 -1 67 48 68 -1 67 69 66 -1 69 67 70 -1 70 71 69 -1 71 70 72 -1 71 73 74 -1 73 71 72 -1 75 76 77 -1 76 75 78 -1 79 80 81 -1 80 79 82 -1 83 84 85 -1 84 83 86 -1 87 88 89 -1 88 87 90 -1 90 64 88 -1 64 90 63 -1 68 42 44 -1 47 65 45 -1 68 48 42 -1 "
								                >
									<Coordinate DEF="coords_ME_ID1140_001"
									            point="18.081432 7.874016 9.842520 26.783260 7.874016 1.924956 18.081432 7.874016 1.924956 26.783260 7.874016 9.842520 26.314358 7.874016 9.842520 26.783260 0.393701 0.000000 26.783260 0.000000 9.842520 26.783260 0.000000 1.924956 26.783260 0.393701 11.811023 26.783260 7.480315 0.000000 26.783260 7.480315 11.811023 26.783260 7.874016 1.924956 26.783260 7.874016 9.842520 18.081432 7.874016 0.000000 13.042063 7.677166 11.811023 13.042063 7.677166 0.000000 18.081432 7.874016 11.811023 26.314358 7.480315 11.811023 26.783260 7.480315 11.811023 5.483007 5.905512 0.000000 -0.883963 1.968504 0.000000 -0.883963 5.905511 0.000000 5.483007 1.968504 0.000000 6.742849 6.692914 0.000000 6.742849 1.181102 0.000000 9.262535 0.590551 0.000000 9.262535 7.283464 0.000000 13.042063 7.677166 0.000000 13.042063 0.196850 0.000000 18.081432 0.000000 0.000000 18.081432 7.874016 0.000000 26.314358 7.480315 0.000000 26.314358 0.393701 0.000000 26.783260 7.480315 0.000000 26.783260 0.393701 0.000000 26.783260 7.480315 0.000000 26.314358 7.480315 0.000000 26.314358 0.393701 11.811023 26.783260 7.480315 11.811023 26.314358 7.480315 11.811023 26.783260 0.393701 11.811023 26.783260 0.393701 11.811023 26.314358 0.000000 9.842520 26.783260 0.000000 9.842520 26.314358 0.393701 11.811023 26.314358 0.000000 1.924956 26.783260 0.000000 1.924956 18.081432 0.000000 1.924956 18.081432 0.000000 9.842520 26.314358 0.393701 0.000000 26.783260 0.393701 0.000000 5.483007 1.968504 11.811023 -0.883963 5.905511 11.811023 -0.883963 1.968504 11.811023 5.483007 5.905512 11.811023 6.742849 6.692914 11.811023 6.742849 1.181102 11.811023 9.262535 0.590551 11.811023 9.262535 7.283464 11.811023 13.042063 7.677166 11.811023 13.042063 0.196850 11.811023 18.081432 0.000000 11.811023 18.081432 7.874016 11.811023 9.262535 7.283464 11.811023 9.262535 7.283464 0.000000 18.081432 0.000000 0.000000 13.042063 0.196850 0.000000 13.042063 0.196850 11.811023 18.081432 0.000000 11.811023 9.262535 0.590551 0.000000 9.262535 0.590551 11.811023 6.742849 1.181102 0.000000 6.742849 1.181102 11.811023 5.483007 1.968504 11.811023 5.483007 1.968504 0.000000 5.483007 1.968504 11.811023 -0.883963 1.968504 0.000000 5.483007 1.968504 0.000000 -0.883963 1.968504 11.811023 -0.883963 5.905511 11.811023 -0.883963 1.968504 0.000000 -0.883963 1.968504 11.811023 -0.883963 5.905511 0.000000 -0.883963 5.905511 11.811023 5.483007 5.905512 0.000000 -0.883963 5.905511 0.000000 5.483007 5.905512 11.811023 5.483007 5.905512 11.811023 6.742849 6.692914 0.000000 5.483007 5.905512 0.000000 6.742849 6.692914 11.811023 "
									            />
								</IndexedFaceSet>
							</Shape>
						</Group>
					</Transform>
				</Transform>
				<Transform DEF="group_2_005_TRANSFORM"
				           translation="0.000000 38.088688 0.000000"
				           scale="-1.000000 -1.000000 -1.000000"
				           rotation="-0.707107 0.707107 -0.000000 3.141593"
				           >
					<Transform DEF="group_2_005_ifs_TRANSFORM"
					           translation="0.000000 0.000011 0.000007"
					           scale="1.000000 1.000000 1.000000"
					           rotation="0.000000 1.000000 0.000000 0.000000"
					           >
						<Group DEF="group_ME_ID1147">
							<Shape>
								<Appearance>
									<Material USE="MA_material_012" />
								</Appearance>
								<IndexedFaceSet solid="false"
								                coordIndex="0 1 2 -1 2 1 3 -1 3 1 4 -1 5 4 1 -1 3 4 6 -1 7 6 4 -1 5 8 4 -1 9 10 1 -1 1 10 5 -1 5 10 8 -1 11 8 10 -1 1 0 9 -1 12 13 2 -1 0 2 13 -1 14 15 16 -1 15 17 16 -1 16 17 18 -1 17 19 18 -1 18 19 20 -1 21 20 19 -1 22 23 24 -1 23 25 24 -1 25 26 24 -1 24 26 27 -1 27 26 28 -1 26 29 28 -1 28 29 30 -1 29 31 30 -1 31 32 30 -1 30 32 33 -1 33 32 34 -1 32 35 34 -1 34 35 36 -1 37 36 35 -1 8 7 4 -1 38 39 40 -1 39 41 40 -1 41 42 40 -1 40 42 43 -1 42 44 43 -1 43 44 45 -1 45 44 46 -1 44 47 46 -1 47 48 46 -1 46 48 49 -1 48 50 49 -1 51 49 50 -1 10 52 11 -1 53 11 52 -1 9 0 13 -1 54 39 55 -1 38 55 39 -1 56 57 58 -1 59 58 57 -1 58 59 60 -1 60 59 61 -1 61 59 62 -1 63 62 59 -1 62 63 64 -1 65 64 63 -1 64 66 62 -1 67 60 68 -1 60 61 68 -1 68 61 69 -1 66 69 61 -1 70 68 71 -1 69 71 68 -1 72 70 73 -1 71 73 70 -1 72 73 74 -1 75 74 73 -1 76 77 78 -1 79 78 77 -1 80 81 82 -1 83 82 81 -1 84 85 86 -1 87 86 85 -1 88 89 90 -1 91 90 89 -1 52 88 53 -1 90 53 88 -1 56 58 67 -1 62 66 61 -1 58 60 67 -1 "
								                >
									<Coordinate DEF="coords_ME_ID1147"
									            point="29.306480 7.874016 9.842520 21.073559 7.874016 9.842520 51.437122 7.874016 9.842520 51.437122 7.874016 1.924956 29.775387 7.874016 1.924956 21.073559 7.874016 1.924956 51.437122 7.480315 0.000000 29.306480 7.480315 0.000000 21.073559 7.874016 0.000000 21.073559 7.874016 11.811023 16.034187 7.677166 11.811023 16.034187 7.677166 0.000000 51.437122 7.480315 11.811023 29.306480 7.480315 11.811023 51.437122 7.874016 9.842520 51.437122 7.874016 1.924956 51.437122 7.480315 11.811023 51.437122 7.480315 0.000000 51.437122 0.393701 11.811023 51.437122 0.393701 0.000000 51.437122 -0.000000 9.842520 51.437122 -0.000000 1.924956 51.437122 0.393701 0.000000 51.437122 7.480315 0.000000 29.306480 0.393701 0.000000 29.306480 7.480315 0.000000 21.073559 7.874016 0.000000 21.073559 -0.000000 0.000000 16.034187 0.196850 0.000000 16.034187 7.677166 0.000000 12.254661 0.590551 0.000000 12.254661 7.283464 0.000000 9.734976 6.692914 0.000000 9.734976 1.181102 0.000000 8.475133 1.968504 0.000000 8.475133 5.905512 0.000000 2.108163 1.968504 0.000000 2.108163 5.905512 0.000000 29.306480 7.480315 11.811023 29.306480 0.393701 11.811023 21.073559 7.874016 11.811023 21.073559 -0.000000 11.811023 16.034187 0.196850 11.811023 16.034187 7.677166 11.811023 12.254661 0.590551 11.811023 12.254661 7.283464 11.811023 9.734976 6.692914 11.811023 9.734976 1.181102 11.811023 8.475133 1.968504 11.811023 8.475133 5.905512 11.811023 2.108163 1.968504 11.811023 2.108163 5.905512 11.811023 12.254661 7.283464 11.811023 12.254661 7.283464 0.000000 51.437122 0.393701 11.811023 51.437122 7.480315 11.811023 29.306480 0.393701 11.811023 51.437122 0.393701 11.811023 29.306480 0.000000 9.842520 51.437122 -0.000000 9.842520 21.073559 -0.000000 9.842520 21.073559 -0.000000 1.924956 29.306480 0.000000 1.924956 51.437122 -0.000000 1.924956 29.306480 0.393701 0.000000 51.437122 0.393701 0.000000 21.073559 -0.000000 0.000000 21.073559 -0.000000 11.811023 16.034187 0.196850 11.811023 16.034187 0.196850 0.000000 12.254661 0.590551 11.811023 12.254661 0.590551 0.000000 9.734976 1.181102 11.811023 9.734976 1.181102 0.000000 8.475133 1.968504 11.811023 8.475133 1.968504 0.000000 2.108163 1.968504 11.811023 8.475133 1.968504 11.811023 2.108163 1.968504 0.000000 8.475133 1.968504 0.000000 2.108163 5.905512 0.000000 2.108163 5.905512 11.811023 2.108163 1.968504 0.000000 2.108163 1.968504 11.811023 8.475133 5.905512 11.811023 2.108163 5.905512 11.811023 8.475133 5.905512 0.000000 2.108163 5.905512 0.000000 9.734976 6.692914 11.811023 8.475133 5.905512 11.811023 9.734976 6.692914 0.000000 8.475133 5.905512 0.000000 "
									            />
								</IndexedFaceSet>
							</Shape>
						</Group>
					</Transform>
				</Transform>
			</Transform>
			<Transform DEF="group_114_TRANSFORM"
			           translation="3500.000000 -35.674572 141.053879"
			           scale="0.800000 0.800000 0.800000"
			           rotation="0.000000 1.000000 0.000000 0.000000"
			           >
				<Transform DEF="group_115_TRANSFORM"
				           translation="0.000000 41.800102 0.000015"
				           scale="1.000000 1.000000 1.000000"
				           rotation="0.000000 0.000000 -1.000000 1.570796"
				           >
					<Transform DEF="group_115_ifs_TRANSFORM"
					           translation="0.000000 -0.000000 0.000015"
					           scale="1.000000 1.000000 1.000000"
					           rotation="0.000000 1.000000 0.000000 0.000000"
					           >
						<Group DEF="group_ME_ID1155_001">
							<Shape>
								<Appearance>
									<Material USE="MA_material_012" />
								</Appearance>
								<IndexedFaceSet solid="false"
								                coordIndex="0 1 2 -1 1 0 3 -1 3 0 4 -1 4 0 5 -1 6 4 5 -1 4 6 7 -1 8 9 10 -1 9 8 11 -1 11 8 12 -1 11 12 13 -1 13 12 14 -1 13 14 15 -1 1 16 17 -1 16 1 18 -1 1 19 2 -1 20 19 21 -1 19 20 2 -1 2 20 0 -1 0 20 22 -1 22 5 0 -1 6 5 22 -1 23 24 25 -1 24 23 26 -1 27 28 29 -1 28 27 30 -1 28 30 31 -1 28 31 32 -1 32 31 33 -1 33 31 34 -1 33 34 35 -1 33 35 36 -1 36 35 37 -1 37 35 38 -1 37 38 39 -1 37 39 40 -1 40 39 41 -1 40 41 42 -1 43 44 45 -1 44 43 46 -1 45 47 48 -1 47 45 49 -1 49 45 50 -1 50 45 44 -1 48 51 52 -1 51 48 47 -1 1 17 19 -1 53 54 55 -1 54 53 56 -1 56 53 57 -1 57 53 58 -1 57 58 59 -1 57 59 60 -1 60 59 61 -1 61 59 62 -1 61 62 63 -1 61 63 64 -1 64 63 23 -1 64 23 25 -1 65 21 66 -1 21 65 20 -1 47 67 51 -1 49 68 67 -1 68 49 69 -1 69 49 50 -1 69 50 70 -1 69 71 68 -1 71 69 72 -1 72 73 71 -1 73 72 74 -1 74 75 73 -1 75 74 76 -1 77 78 79 -1 78 77 80 -1 81 82 83 -1 82 81 84 -1 85 86 87 -1 86 85 88 -1 89 90 91 -1 90 89 92 -1 92 66 90 -1 66 92 65 -1 70 44 46 -1 49 67 47 -1 70 50 44 -1 "
								                >
									<Coordinate DEF="coords_ME_ID1155_001"
									            point="18.081432 7.874016 9.842520 26.783260 7.874016 1.924956 18.081432 7.874016 1.924956 31.840128 7.874016 1.924956 31.840128 7.874016 9.842520 26.314354 7.874016 9.842520 26.314358 7.480315 11.811023 31.840128 7.480315 11.811023 31.840128 0.393701 0.000000 31.840128 0.000000 9.842520 31.840128 0.000000 1.924956 31.840128 0.393701 11.811023 31.840128 7.480315 0.000000 31.840128 7.480315 11.811023 31.840128 7.874016 1.924956 31.840128 7.874016 9.842520 31.840128 7.480315 0.000000 26.314358 7.480315 0.000000 31.840128 7.874016 1.924956 18.081432 7.874016 0.000000 13.042063 7.677166 11.811023 13.042063 7.677166 0.000000 18.081432 7.874016 11.811023 26.314354 0.393701 11.811023 31.840128 7.480315 11.811023 26.314358 7.480315 11.811023 31.840128 0.393701 11.811023 -0.883963 5.905512 0.000000 5.483007 1.968504 0.000000 -0.883963 1.968504 0.000000 5.483007 5.905512 0.000000 6.742849 6.692914 0.000000 6.742849 1.181102 0.000000 9.262535 0.590551 0.000000 9.262535 7.283464 0.000000 13.042063 7.677166 0.000000 13.042063 0.196850 0.000000 18.081432 0.000000 0.000000 18.081432 7.874016 0.000000 26.314358 7.480315 0.000000 26.314354 0.393701 0.000000 31.840128 7.480315 0.000000 31.840128 0.393701 0.000000 31.840128 0.393701 11.811023 26.314358 0.000000 9.842520 31.840128 0.000000 9.842520 26.314354 0.393701 11.811023 26.314358 0.000000 1.924956 31.840128 0.000000 1.924956 18.081432 0.000000 1.924956 18.081432 0.000000 9.842520 26.314354 0.393701 0.000000 31.840128 0.393701 0.000000 5.483007 1.968504 11.811023 -0.883963 5.905512 11.811023 -0.883963 1.968504 11.811023 5.483007 5.905512 11.811023 6.742849 6.692914 11.811023 6.742849 1.181102 11.811023 9.262535 0.590551 11.811023 9.262535 7.283464 11.811023 13.042063 7.677166 11.811023 13.042063 0.196850 11.811023 18.081432 0.000000 11.811023 18.081432 7.874016 11.811023 9.262535 7.283464 11.811023 9.262535 7.283464 0.000000 18.081432 0.000000 0.000000 13.042063 0.196850 0.000000 13.042063 0.196850 11.811023 18.081432 0.000000 11.811023 9.262535 0.590551 0.000000 9.262535 0.590551 11.811023 6.742849 1.181102 0.000000 6.742849 1.181102 11.811023 5.483007 1.968504 0.000000 5.483007 1.968504 11.811023 5.483007 1.968504 11.811023 -0.883963 1.968504 0.000000 5.483007 1.968504 0.000000 -0.883963 1.968504 11.811023 -0.883963 5.905512 11.811023 -0.883963 1.968504 0.000000 -0.883963 1.968504 11.811023 -0.883963 5.905512 0.000000 -0.883963 5.905512 11.811023 5.483007 5.905512 0.000000 -0.883963 5.905512 0.000000 5.483007 5.905512 11.811023 5.483007 5.905512 11.811023 6.742849 6.692914 0.000000 5.483007 5.905512 0.000000 6.742849 6.692914 11.811023 "
									            />
								</IndexedFaceSet>
							</Shape>
						</Group>
					</Transform>
				</Transform>
				<Transform DEF="group_116_TRANSFORM"
				           translation="0.000000 44.289471 0.000015"
				           scale="-1.000000 -1.000000 -1.000000"
				           rotation="-0.707107 0.707107 -0.000000 3.141593"
				           >
					<Transform DEF="group_116_ifs_TRANSFORM"
					           translation="-0.000000 0.000015 0.000014"
					           scale="1.000000 1.000000 1.000000"
					           rotation="0.000000 1.000000 0.000000 0.000000"
					           >
						<Group DEF="group_ME_ID1162_001">
							<Shape>
								<Appearance>
									<Material USE="MA_material_012" />
								</Appearance>
								<IndexedFaceSet solid="false"
								                coordIndex="0 1 2 -1 2 1 3 -1 3 1 4 -1 5 4 1 -1 3 4 6 -1 7 6 4 -1 5 8 4 -1 9 10 1 -1 1 10 5 -1 5 10 8 -1 11 8 10 -1 1 0 9 -1 12 13 2 -1 0 2 13 -1 14 15 16 -1 15 17 16 -1 16 17 18 -1 17 19 18 -1 18 19 20 -1 21 20 19 -1 22 23 24 -1 23 25 24 -1 25 26 24 -1 24 26 27 -1 27 26 28 -1 26 29 28 -1 28 29 30 -1 29 31 30 -1 30 31 32 -1 31 33 32 -1 32 33 34 -1 33 35 34 -1 34 35 36 -1 37 36 35 -1 8 7 4 -1 38 39 40 -1 39 41 40 -1 41 42 40 -1 40 42 43 -1 42 44 43 -1 43 44 45 -1 45 44 46 -1 44 47 46 -1 47 48 46 -1 46 48 49 -1 48 50 49 -1 51 49 50 -1 10 52 11 -1 53 11 52 -1 9 0 13 -1 54 39 55 -1 38 55 39 -1 56 57 58 -1 59 58 57 -1 58 59 60 -1 60 59 61 -1 61 59 62 -1 63 62 59 -1 62 63 64 -1 65 64 63 -1 64 66 62 -1 67 60 68 -1 60 61 68 -1 68 61 69 -1 66 69 61 -1 70 68 71 -1 69 71 68 -1 72 70 73 -1 71 73 70 -1 74 72 75 -1 73 75 72 -1 76 77 78 -1 79 78 77 -1 80 81 82 -1 83 82 81 -1 84 85 86 -1 87 86 85 -1 88 89 90 -1 91 90 89 -1 52 88 53 -1 90 53 88 -1 56 58 67 -1 62 66 61 -1 58 60 67 -1 "
								                >
									<Coordinate DEF="coords_ME_ID1162_001"
									            point="29.306480 7.874016 9.842520 21.073559 7.874016 9.842520 62.313107 7.874016 9.842520 62.313107 7.874016 1.924956 29.775387 7.874016 1.924956 21.073559 7.874016 1.924956 62.313107 7.480315 0.000000 29.306480 7.480315 0.000000 21.073559 7.874016 0.000000 21.073559 7.874016 11.811023 16.034187 7.677165 11.811023 16.034187 7.677165 0.000000 62.313107 7.480315 11.811023 29.306480 7.480315 11.811023 62.313107 7.874016 9.842520 62.313107 7.874016 1.924956 62.313107 7.480315 11.811023 62.313107 7.480315 0.000000 62.313107 0.393701 11.811023 62.313107 0.393701 0.000000 62.313107 -0.000000 9.842520 62.313107 -0.000000 1.924956 62.313107 0.393701 0.000000 62.313107 7.480315 0.000000 29.306480 0.393701 0.000000 29.306480 7.480315 0.000000 21.073559 7.874016 0.000000 21.073559 0.000000 0.000000 16.034187 0.196850 0.000000 16.034187 7.677165 0.000000 12.254661 0.590551 0.000000 12.254661 7.283464 0.000000 9.734976 1.181102 0.000000 9.734976 6.692914 0.000000 8.475133 1.968504 0.000000 8.475133 5.905512 0.000000 2.108163 1.968504 0.000000 2.108163 5.905512 0.000000 29.306480 7.480315 11.811023 29.306480 0.393701 11.811023 21.073559 7.874016 11.811023 21.073559 0.000000 11.811023 16.034187 0.196850 11.811023 16.034187 7.677165 11.811023 12.254661 0.590551 11.811023 12.254661 7.283464 11.811023 9.734976 6.692914 11.811023 9.734976 1.181102 11.811023 8.475133 1.968504 11.811023 8.475133 5.905512 11.811023 2.108163 1.968504 11.811023 2.108163 5.905512 11.811023 12.254661 7.283464 11.811023 12.254661 7.283464 0.000000 62.313107 0.393701 11.811023 62.313107 7.480315 11.811023 29.306480 0.393701 11.811023 62.313107 0.393701 11.811023 29.306480 -0.000000 9.842520 62.313107 -0.000000 9.842520 21.073559 0.000000 9.842520 21.073559 0.000000 1.924956 29.306480 -0.000000 1.924956 62.313107 -0.000000 1.924956 29.306480 0.393701 0.000000 62.313107 0.393701 0.000000 21.073559 0.000000 0.000000 21.073559 0.000000 11.811023 16.034187 0.196850 11.811023 16.034187 0.196850 0.000000 12.254661 0.590551 11.811023 12.254661 0.590551 0.000000 9.734976 1.181102 11.811023 9.734976 1.181102 0.000000 8.475133 1.968504 11.811023 8.475133 1.968504 0.000000 2.108163 1.968504 11.811023 8.475133 1.968504 11.811023 2.108163 1.968504 0.000000 8.475133 1.968504 0.000000 2.108163 5.905512 0.000000 2.108163 5.905512 11.811023 2.108163 1.968504 0.000000 2.108163 1.968504 11.811023 8.475133 5.905512 11.811023 2.108163 5.905512 11.811023 8.475133 5.905512 0.000000 2.108163 5.905512 0.000000 9.734976 6.692914 11.811023 8.475133 5.905512 11.811023 9.734976 6.692914 0.000000 8.475133 5.905512 0.000000 "
									            />
								</IndexedFaceSet>
							</Shape>
						</Group>
					</Transform>
				</Transform>
			</Transform>
			<Transform DEF="group_117_TRANSFORM"
			           translation="3594.488281 -35.674572 141.053879"
			           scale="0.800000 0.800000 0.800000"
			           rotation="0.000000 1.000000 0.000000 0.000000"
			           >
				<Transform DEF="group_115_001_TRANSFORM"
				           translation="0.000488 41.800102 0.000015"
				           scale="1.000000 1.000000 1.000000"
				           rotation="0.000000 0.000000 -1.000000 1.570796"
				           >
					<Transform DEF="group_115_001_ifs_TRANSFORM"
					           translation="0.000000 0.000488 0.000015"
					           scale="1.000000 1.000000 1.000000"
					           rotation="0.000000 1.000000 0.000000 0.000000"
					           >
						<Group DEF="group_ME_ID1170_004">
							<Shape>
								<Appearance>
									<Material USE="MA_material_012" />
								</Appearance>
								<IndexedFaceSet solid="false"
								                coordIndex="0 1 2 -1 1 0 3 -1 3 0 4 -1 4 0 5 -1 6 4 5 -1 4 6 7 -1 8 9 10 -1 9 8 11 -1 11 8 12 -1 11 12 13 -1 13 12 14 -1 13 14 15 -1 1 16 17 -1 16 1 18 -1 1 19 2 -1 20 19 21 -1 19 20 2 -1 2 20 0 -1 0 20 22 -1 22 5 0 -1 6 5 22 -1 23 24 25 -1 24 23 26 -1 27 28 29 -1 28 27 30 -1 28 30 31 -1 28 31 32 -1 32 31 33 -1 33 31 34 -1 33 34 35 -1 33 35 36 -1 36 35 37 -1 37 35 38 -1 37 38 39 -1 37 39 40 -1 40 39 41 -1 40 41 42 -1 43 44 45 -1 44 43 46 -1 45 47 48 -1 47 45 49 -1 49 45 50 -1 50 45 44 -1 48 51 52 -1 51 48 47 -1 1 17 19 -1 53 54 55 -1 54 53 56 -1 56 53 57 -1 57 53 58 -1 57 58 59 -1 57 59 60 -1 60 59 61 -1 61 59 62 -1 61 62 63 -1 61 63 64 -1 64 63 23 -1 64 23 25 -1 65 21 66 -1 21 65 20 -1 47 67 51 -1 49 68 67 -1 68 49 69 -1 69 49 50 -1 69 50 70 -1 69 71 68 -1 71 69 72 -1 72 73 71 -1 73 72 74 -1 74 75 73 -1 75 74 76 -1 77 78 79 -1 78 77 80 -1 81 82 83 -1 82 81 84 -1 85 86 87 -1 86 85 88 -1 89 90 91 -1 90 89 92 -1 92 66 90 -1 66 92 65 -1 70 44 46 -1 49 67 47 -1 70 50 44 -1 "
								                >
									<Coordinate DEF="coords_ME_ID1170_004"
									            point="18.081432 7.874016 9.842520 26.783260 7.874016 1.924956 18.081432 7.874016 1.924956 31.840128 7.874016 1.924956 31.840128 7.874016 9.842520 26.314354 7.874016 9.842520 26.314358 7.480315 11.811023 31.840128 7.480315 11.811023 31.840128 0.393701 0.000000 31.840128 0.000000 9.842520 31.840128 0.000000 1.924956 31.840128 0.393701 11.811023 31.840128 7.480315 0.000000 31.840128 7.480315 11.811023 31.840128 7.874016 1.924956 31.840128 7.874016 9.842520 31.840128 7.480315 0.000000 26.314358 7.480315 0.000000 31.840128 7.874016 1.924956 18.081432 7.874016 0.000000 13.042063 7.677166 11.811023 13.042063 7.677166 0.000000 18.081432 7.874016 11.811023 26.314354 0.393701 11.811023 31.840128 7.480315 11.811023 26.314358 7.480315 11.811023 31.840128 0.393701 11.811023 -0.883963 5.905512 0.000000 5.483007 1.968504 0.000000 -0.883963 1.968504 0.000000 5.483007 5.905512 0.000000 6.742849 6.692914 0.000000 6.742849 1.181102 0.000000 9.262535 0.590551 0.000000 9.262535 7.283464 0.000000 13.042063 7.677166 0.000000 13.042063 0.196850 0.000000 18.081432 0.000000 0.000000 18.081432 7.874016 0.000000 26.314358 7.480315 0.000000 26.314354 0.393701 0.000000 31.840128 7.480315 0.000000 31.840128 0.393701 0.000000 31.840128 0.393701 11.811023 26.314358 0.000000 9.842520 31.840128 0.000000 9.842520 26.314354 0.393701 11.811023 26.314358 0.000000 1.924956 31.840128 0.000000 1.924956 18.081432 0.000000 1.924956 18.081432 0.000000 9.842520 26.314354 0.393701 0.000000 31.840128 0.393701 0.000000 5.483007 1.968504 11.811023 -0.883963 5.905512 11.811023 -0.883963 1.968504 11.811023 5.483007 5.905512 11.811023 6.742849 6.692914 11.811023 6.742849 1.181102 11.811023 9.262535 0.590551 11.811023 9.262535 7.283464 11.811023 13.042063 7.677166 11.811023 13.042063 0.196850 11.811023 18.081432 0.000000 11.811023 18.081432 7.874016 11.811023 9.262535 7.283464 11.811023 9.262535 7.283464 0.000000 18.081432 0.000000 0.000000 13.042063 0.196850 0.000000 13.042063 0.196850 11.811023 18.081432 0.000000 11.811023 9.262535 0.590551 0.000000 9.262535 0.590551 11.811023 6.742849 1.181102 0.000000 6.742849 1.181102 11.811023 5.483007 1.968504 0.000000 5.483007 1.968504 11.811023 5.483007 1.968504 11.811023 -0.883963 1.968504 0.000000 5.483007 1.968504 0.000000 -0.883963 1.968504 11.811023 -0.883963 5.905512 11.811023 -0.883963 1.968504 0.000000 -0.883963 1.968504 11.811023 -0.883963 5.905512 0.000000 -0.883963 5.905512 11.811023 5.483007 5.905512 0.000000 -0.883963 5.905512 0.000000 5.483007 5.905512 11.811023 5.483007 5.905512 11.811023 6.742849 6.692914 0.000000 5.483007 5.905512 0.000000 6.742849 6.692914 11.811023 "
									            />
								</IndexedFaceSet>
							</Shape>
						</Group>
					</Transform>
				</Transform>
				<Transform DEF="group_116_001_TRANSFORM"
				           translation="0.000488 44.289471 0.000015"
				           scale="-1.000000 -1.000000 -1.000000"
				           rotation="-0.707107 0.707107 -0.000000 3.141593"
				           >
					<Transform DEF="group_116_001_ifs_TRANSFORM"
					           translation="-0.000000 0.000504 0.000004"
					           scale="1.000000 1.000000 1.000000"
					           rotation="0.000000 1.000000 0.000000 0.000000"
					           >
						<Group DEF="group_ME_ID1177_003">
							<Shape>
								<Appearance>
									<Material USE="MA_material_012" />
								</Appearance>
								<IndexedFaceSet solid="false"
								                coordIndex="0 1 2 -1 2 1 3 -1 3 1 4 -1 5 4 1 -1 3 4 6 -1 7 6 4 -1 5 8 4 -1 9 10 1 -1 1 10 5 -1 5 10 8 -1 11 8 10 -1 1 0 9 -1 12 13 2 -1 0 2 13 -1 14 15 16 -1 15 17 16 -1 16 17 18 -1 17 19 18 -1 18 19 20 -1 21 20 19 -1 22 23 24 -1 23 25 24 -1 25 26 24 -1 24 26 27 -1 27 26 28 -1 26 29 28 -1 28 29 30 -1 29 31 30 -1 30 31 32 -1 31 33 32 -1 32 33 34 -1 33 35 34 -1 34 35 36 -1 37 36 35 -1 8 7 4 -1 38 39 40 -1 39 41 40 -1 41 42 40 -1 40 42 43 -1 42 44 43 -1 43 44 45 -1 45 44 46 -1 44 47 46 -1 47 48 46 -1 46 48 49 -1 48 50 49 -1 51 49 50 -1 10 52 11 -1 53 11 52 -1 9 0 13 -1 54 39 55 -1 38 55 39 -1 56 57 58 -1 59 58 57 -1 58 59 60 -1 60 59 61 -1 61 59 62 -1 63 62 59 -1 62 63 64 -1 65 64 63 -1 64 66 62 -1 67 60 68 -1 60 61 68 -1 68 61 69 -1 66 69 61 -1 70 68 71 -1 69 71 68 -1 72 70 73 -1 71 73 70 -1 74 72 75 -1 73 75 72 -1 76 77 78 -1 79 78 77 -1 80 81 82 -1 83 82 81 -1 84 85 86 -1 87 86 85 -1 88 89 90 -1 91 90 89 -1 52 88 53 -1 90 53 88 -1 56 58 67 -1 62 66 61 -1 58 60 67 -1 "
								                >
									<Coordinate DEF="coords_ME_ID1177_003"
									            point="29.306480 7.874016 9.842520 21.073559 7.874016 9.842520 62.313107 7.874016 9.842520 62.313107 7.874016 1.924956 29.775387 7.874016 1.924956 21.073559 7.874016 1.924956 62.313107 7.480315 0.000000 29.306480 7.480315 0.000000 21.073559 7.874016 0.000000 21.073559 7.874016 11.811023 16.034187 7.677165 11.811023 16.034187 7.677165 0.000000 62.313107 7.480315 11.811023 29.306480 7.480315 11.811023 62.313107 7.874016 9.842520 62.313107 7.874016 1.924956 62.313107 7.480315 11.811023 62.313107 7.480315 0.000000 62.313107 0.393701 11.811023 62.313107 0.393701 0.000000 62.313107 -0.000000 9.842520 62.313107 -0.000000 1.924956 62.313107 0.393701 0.000000 62.313107 7.480315 0.000000 29.306480 0.393701 0.000000 29.306480 7.480315 0.000000 21.073559 7.874016 0.000000 21.073559 0.000000 0.000000 16.034187 0.196850 0.000000 16.034187 7.677165 0.000000 12.254661 0.590551 0.000000 12.254661 7.283464 0.000000 9.734976 1.181102 0.000000 9.734976 6.692914 0.000000 8.475133 1.968504 0.000000 8.475133 5.905512 0.000000 2.108163 1.968504 0.000000 2.108163 5.905512 0.000000 29.306480 7.480315 11.811023 29.306480 0.393701 11.811023 21.073559 7.874016 11.811023 21.073559 0.000000 11.811023 16.034187 0.196850 11.811023 16.034187 7.677165 11.811023 12.254661 0.590551 11.811023 12.254661 7.283464 11.811023 9.734976 6.692914 11.811023 9.734976 1.181102 11.811023 8.475133 1.968504 11.811023 8.475133 5.905512 11.811023 2.108163 1.968504 11.811023 2.108163 5.905512 11.811023 12.254661 7.283464 11.811023 12.254661 7.283464 0.000000 62.313107 0.393701 11.811023 62.313107 7.480315 11.811023 29.306480 0.393701 11.811023 62.313107 0.393701 11.811023 29.306480 -0.000000 9.842520 62.313107 -0.000000 9.842520 21.073559 0.000000 9.842520 21.073559 0.000000 1.924956 29.306480 -0.000000 1.924956 62.313107 -0.000000 1.924956 29.306480 0.393701 0.000000 62.313107 0.393701 0.000000 21.073559 0.000000 0.000000 21.073559 0.000000 11.811023 16.034187 0.196850 11.811023 16.034187 0.196850 0.000000 12.254661 0.590551 11.811023 12.254661 0.590551 0.000000 9.734976 1.181102 11.811023 9.734976 1.181102 0.000000 8.475133 1.968504 11.811023 8.475133 1.968504 0.000000 2.108163 1.968504 11.811023 8.475133 1.968504 11.811023 2.108163 1.968504 0.000000 8.475133 1.968504 0.000000 2.108163 5.905512 0.000000 2.108163 5.905512 11.811023 2.108163 1.968504 0.000000 2.108163 1.968504 11.811023 8.475133 5.905512 11.811023 2.108163 5.905512 11.811023 8.475133 5.905512 0.000000 2.108163 5.905512 0.000000 9.734976 6.692914 11.811023 8.475133 5.905512 11.811023 9.734976 6.692914 0.000000 8.475133 5.905512 0.000000 "
									            />
								</IndexedFaceSet>
							</Shape>
						</Group>
					</Transform>
				</Transform>
			</Transform>
			<Transform DEF="instance_35_TRANSFORM"
			           translation="3340.551270 -18.897636 114.175545"
			           scale="1.000000 1.000000 1.000000"
			           rotation="0.000000 1.000000 0.000000 0.000000"
			           >
				<Transform DEF="group_118_002_TRANSFORM"
				           translation="-3320.866211 55.905510 -101.183418"
				           scale="-1.000000 -1.000000 -1.000000"
				           rotation="0.000000 -1.000000 0.000000 3.141593"
				           >
					<Transform DEF="group_119_002_TRANSFORM"
					           translation="-19.685038 0.787403 -12.992127"
					           scale="-1.000000 -1.000000 -1.000000"
					           rotation="-0.707107 0.707107 -0.000000 3.141593"
					           >
						<Transform DEF="group_119_002_ifs_TRANSFORM"
						           translation="0.000000 0.000000 0.000000"
						           scale="1.000000 1.000000 1.000000"
						           rotation="0.000000 1.000000 0.000000 0.000000"
						           >
							<Group DEF="group_ME_ID1187_001">
								<Shape>
									<Appearance>
									</Appearance>
									<IndexedFaceSet solid="false"
									                coordIndex="0 1 2 -1 3 2 1 -1 4 5 6 -1 5 7 6 -1 7 8 6 -1 9 10 8 -1 6 8 10 -1 11 12 13 -1 10 9 14 -1 12 15 13 -1 13 15 16 -1 16 15 9 -1 9 15 14 -1 17 18 15 -1 14 15 18 -1 19 20 21 -1 22 23 24 -1 23 25 24 -1 21 20 17 -1 20 26 17 -1 26 24 17 -1 24 25 17 -1 17 25 18 -1 25 27 18 -1 18 27 28 -1 27 29 28 -1 28 29 30 -1 31 30 29 -1 32 33 34 -1 34 33 35 -1 35 33 22 -1 23 22 33 -1 36 37 38 -1 39 38 37 -1 40 41 42 -1 41 43 42 -1 42 43 44 -1 43 45 44 -1 44 45 46 -1 47 46 45 -1 48 2 49 -1 3 49 2 -1 50 51 52 -1 53 52 51 -1 54 55 56 -1 56 55 57 -1 55 58 57 -1 57 58 50 -1 58 59 50 -1 51 50 59 -1 54 60 55 -1 61 55 60 -1 62 63 64 -1 65 64 63 -1 66 62 67 -1 64 67 62 -1 66 67 68 -1 69 68 67 -1 48 49 70 -1 71 70 49 -1 72 73 74 -1 75 74 73 -1 76 77 78 -1 79 78 77 -1 80 81 82 -1 83 82 81 -1 84 85 86 -1 87 86 85 -1 88 89 90 -1 91 90 89 -1 92 93 94 -1 95 94 93 -1 96 97 98 -1 99 98 97 -1 100 101 102 -1 103 102 101 -1 104 105 106 -1 107 106 105 -1 108 109 110 -1 111 110 109 -1 112 113 114 -1 115 114 113 -1 116 117 118 -1 117 119 118 -1 119 120 118 -1 121 118 120 -1 119 122 120 -1 123 120 122 -1 122 124 123 -1 124 125 123 -1 123 125 126 -1 127 126 125 -1 128 129 130 -1 131 130 129 -1 128 130 132 -1 133 132 130 -1 133 134 132 -1 135 132 134 -1 136 137 138 -1 139 138 137 -1 140 141 142 -1 143 142 141 -1 143 141 144 -1 145 144 141 -1 144 145 146 -1 147 146 145 -1 148 149 150 -1 151 150 149 -1 152 153 154 -1 155 154 153 -1 156 157 158 -1 159 158 157 -1 160 161 162 -1 163 162 161 -1 164 165 166 -1 165 167 166 -1 166 167 168 -1 167 169 168 -1 168 169 170 -1 171 170 169 -1 172 173 174 -1 175 174 173 -1 176 177 178 -1 177 179 178 -1 179 180 178 -1 181 182 180 -1 178 180 182 -1 183 184 185 -1 182 181 186 -1 184 187 185 -1 185 187 188 -1 188 187 181 -1 181 187 186 -1 189 190 187 -1 186 187 190 -1 191 192 193 -1 194 195 196 -1 195 197 196 -1 193 192 189 -1 192 198 189 -1 198 196 189 -1 196 197 189 -1 189 197 190 -1 197 199 190 -1 190 199 200 -1 199 201 200 -1 200 201 202 -1 203 202 201 -1 204 205 206 -1 206 205 207 -1 207 205 194 -1 195 194 205 -1 208 209 210 -1 209 211 210 -1 210 211 212 -1 211 213 212 -1 212 213 214 -1 215 214 213 -1 216 217 218 -1 219 218 217 -1 220 221 222 -1 221 223 222 -1 222 223 224 -1 223 225 224 -1 224 225 226 -1 227 226 225 -1 228 229 230 -1 231 230 229 -1 232 160 233 -1 162 233 160 -1 232 233 234 -1 235 234 233 -1 236 237 238 -1 239 238 237 -1 240 241 242 -1 243 242 241 -1 172 242 173 -1 243 173 242 -1 244 245 228 -1 229 228 245 -1 246 245 247 -1 244 247 245 -1 248 249 250 -1 251 250 249 -1 252 253 254 -1 255 254 253 -1 216 218 254 -1 252 254 218 -1 "
									                >
										<Coordinate DEF="coords_ME_ID1187_001"
										            point="5.118110 0.393701 4.724409 5.118110 0.000000 4.724409 4.527559 0.393701 4.882647 4.527559 0.000000 4.882647 3.937008 0.000000 5.905512 4.095246 0.000000 5.314961 0.000000 0.000000 5.905512 4.527559 0.000000 4.882647 5.118110 0.000000 4.724409 14.960629 0.000000 4.724409 0.000000 0.000000 3.543307 16.141733 0.000000 5.905512 16.535433 0.000000 5.905512 15.983494 0.000000 5.314961 0.472441 0.000000 2.125984 16.535433 0.000000 1.968504 15.551181 0.000000 4.882647 19.685040 0.000000 1.968504 1.417323 0.000000 1.062992 20.078739 0.000000 5.905512 20.236977 0.000000 5.314961 19.685040 0.000000 5.905512 31.102362 0.000000 4.724409 36.220470 0.000000 3.543307 21.259842 0.000000 4.724409 35.748028 0.000000 2.125984 20.669291 0.000000 4.882647 34.803150 0.000000 1.062992 2.834646 0.000000 0.354331 33.385826 0.000000 0.354331 4.724409 0.000000 0.000000 31.496063 0.000000 0.000000 32.283466 0.000000 5.905512 36.220470 0.000000 5.905512 32.125229 0.000000 5.314961 31.692911 0.000000 4.882647 14.960629 0.393701 4.724409 14.960629 0.000000 4.724409 5.118110 0.393701 4.724409 5.118110 0.000000 4.724409 3.937008 0.393701 5.905512 16.141733 0.393701 5.905512 4.095245 0.393701 5.314961 15.983494 0.393701 5.314961 4.527559 0.393701 4.882647 15.551181 0.393701 4.882647 5.118110 0.393701 4.724409 14.960629 0.393701 4.724409 4.095245 0.393701 5.314961 4.095246 0.000000 5.314961 3.937008 3.543307 5.905511 0.000000 0.000000 5.905512 3.937008 3.937008 5.905512 0.000000 3.937008 5.905512 16.535433 3.937008 5.905512 16.141733 0.393701 5.905512 16.141733 3.937008 5.905512 16.141733 3.543307 5.905511 3.937008 0.393701 5.905512 3.937008 0.000000 5.905512 16.535433 0.000000 5.905512 16.141733 0.000000 5.905512 15.983494 0.393701 5.314961 16.141733 0.393701 5.905512 15.983494 0.000000 5.314961 16.141733 0.000000 5.905512 15.551181 0.393701 4.882647 15.551181 0.000000 4.882647 14.960629 0.393701 4.724409 14.960629 0.000000 4.724409 3.937008 0.393701 5.905512 3.937008 0.000000 5.905512 0.000000 3.937008 3.543307 0.000000 3.937008 5.905512 0.000000 0.000000 3.543307 0.000000 0.000000 5.905512 0.000000 3.937008 3.543307 0.000000 0.000000 3.543307 0.472441 3.937008 2.125984 0.472441 0.000000 2.125984 0.472441 3.937008 2.125984 0.472441 0.000000 2.125984 1.417323 3.937008 1.062992 1.417323 0.000000 1.062992 2.834646 0.000000 0.354331 2.834646 3.937008 0.354331 1.417323 0.000000 1.062992 1.417323 3.937008 1.062992 4.724409 0.000000 0.000000 4.724409 3.937008 0.000000 2.834646 0.000000 0.354331 2.834646 3.937008 0.354331 31.496063 0.000000 0.000000 31.496063 3.937008 0.000000 4.724409 0.000000 0.000000 4.724409 3.937008 0.000000 33.385826 0.000000 0.354331 33.385826 3.937008 0.354331 31.496063 0.000000 0.000000 31.496063 3.937008 0.000000 34.803150 0.000000 1.062992 34.803150 3.937008 1.062992 33.385826 0.000000 0.354331 33.385826 3.937008 0.354331 35.748028 3.937008 2.125984 34.803150 3.937008 1.062992 35.748028 0.000000 2.125984 34.803150 0.000000 1.062992 36.220470 3.937008 3.543307 35.748028 3.937008 2.125984 36.220470 0.000000 3.543307 35.748028 0.000000 2.125984 36.220470 3.937008 5.905512 36.220470 3.937008 3.543307 36.220470 0.000000 5.905512 36.220470 0.000000 3.543307 36.220470 0.000000 5.905512 32.283466 0.000000 5.905512 36.220470 3.937008 5.905512 32.283466 0.393701 5.905512 32.283466 3.543307 5.905511 32.283466 3.937008 5.905512 20.078739 0.393701 5.905512 20.078739 3.543307 5.905511 20.078739 0.000000 5.905512 19.685040 0.000000 5.905512 20.078739 3.937008 5.905512 19.685040 3.937008 5.905512 32.125229 0.393701 5.314961 32.283466 0.393701 5.905512 32.125229 0.000000 5.314961 32.283466 0.000000 5.905512 31.692911 0.393701 4.882647 31.692911 0.000000 4.882647 31.102362 0.000000 4.724409 31.102362 0.393701 4.724409 31.102362 0.000000 4.724409 21.259842 0.000000 4.724409 31.102362 0.393701 4.724409 21.259842 0.393701 4.724409 21.259842 0.000000 4.724409 20.669291 0.000000 4.882647 21.259842 0.393701 4.724409 20.669291 0.393701 4.882647 20.236977 0.393701 5.314961 20.236977 0.000000 5.314961 20.078739 0.393701 5.905512 20.078739 0.000000 5.905512 19.685040 3.937008 1.968504 19.685040 3.937008 5.905512 19.685040 0.000000 1.968504 19.685040 0.000000 5.905512 19.685040 0.000000 1.968504 16.535433 0.000000 1.968504 19.685040 3.937008 1.968504 16.535433 3.937008 1.968504 16.535433 3.937008 5.905512 16.535433 3.937008 1.968504 16.535433 0.000000 5.905512 16.535433 0.000000 1.968504 15.983494 3.937008 5.314961 16.141733 3.937008 5.905512 15.983494 3.543307 5.314961 16.141733 3.543307 5.905511 16.141733 3.543307 5.905511 3.937008 3.543307 5.905511 15.983494 3.543307 5.314961 4.095246 3.543307 5.314961 15.551181 3.543307 4.882647 4.527559 3.543307 4.882647 14.960629 3.543307 4.724409 5.118110 3.543307 4.724409 4.095246 3.937008 5.314961 4.095246 3.543307 5.314961 3.937008 3.937008 5.905512 3.937008 3.543307 5.905511 32.283466 3.937008 5.905512 32.125229 3.937008 5.314961 36.220470 3.937008 5.905512 31.692911 3.937008 4.882647 31.102362 3.937008 4.724409 21.259842 3.937008 4.724409 36.220470 3.937008 3.543307 20.078739 3.937008 5.905512 19.685040 3.937008 5.905512 20.236977 3.937008 5.314961 35.748028 3.937008 2.125984 19.685040 3.937008 1.968504 20.669292 3.937008 4.882647 16.535433 3.937008 1.968504 34.803150 3.937008 1.062992 16.141733 3.937008 5.905512 15.983494 3.937008 5.314961 16.535433 3.937008 5.905512 5.118110 3.937008 4.724409 0.000000 3.937008 3.543307 14.960629 3.937008 4.724409 0.472441 3.937008 2.125984 15.551181 3.937008 4.882647 1.417323 3.937008 1.062992 33.385826 3.937008 0.354331 2.834646 3.937008 0.354331 31.496063 3.937008 0.000000 4.724409 3.937008 0.000000 3.937008 3.937008 5.905512 0.000000 3.937008 5.905512 4.095246 3.937008 5.314961 4.527559 3.937008 4.882647 20.078739 0.393701 5.905512 32.283466 0.393701 5.905512 20.236977 0.393701 5.314961 32.125229 0.393701 5.314961 20.669291 0.393701 4.882647 31.692911 0.393701 4.882647 21.259842 0.393701 4.724409 31.102362 0.393701 4.724409 32.125229 3.937008 5.314961 32.283466 3.937008 5.905512 32.125229 3.543307 5.314961 32.283466 3.543307 5.905511 32.283466 3.543307 5.905511 20.078739 3.543307 5.905511 32.125229 3.543307 5.314961 20.236977 3.543307 5.314961 31.692911 3.543307 4.882647 20.669291 3.543307 4.882647 31.102362 3.543307 4.724409 21.259842 3.543307 4.724409 20.236977 3.937008 5.314961 20.236977 3.543307 5.314961 20.078739 3.937008 5.905512 20.078739 3.543307 5.905511 15.551181 3.937008 4.882647 15.551181 3.543307 4.882647 14.960629 3.937008 4.724409 14.960629 3.543307 4.724409 14.960629 3.937008 4.724409 14.960629 3.543307 4.724409 5.118110 3.937008 4.724409 5.118110 3.543307 4.724409 5.118110 3.937008 4.724409 5.118110 3.543307 4.724409 4.527559 3.937008 4.882647 4.527559 3.543307 4.882647 20.669292 3.937008 4.882647 20.669291 3.543307 4.882647 21.259842 3.543307 4.724409 21.259842 3.937008 4.724409 31.102362 3.543307 4.724409 21.259842 3.543307 4.724409 31.102362 3.937008 4.724409 21.259842 3.937008 4.724409 31.692911 3.543307 4.882647 31.102362 3.543307 4.724409 31.692911 3.937008 4.882647 31.102362 3.937008 4.724409 "
										            />
									</IndexedFaceSet>
								</Shape>
							</Group>
						</Transform>
					</Transform>
					<Transform DEF="group_120_002_TRANSFORM"
					           translation="-18.503935 17.322834 -7.086616"
					           scale="-1.000000 -1.000000 -1.000000"
					           rotation="-0.000000 1.000000 -0.000000 3.141593"
					           >
						<Transform DEF="group_120_002_ifs_TRANSFORM"
						           translation="0.000000 0.000000 0.000000"
						           scale="1.000000 1.000000 1.000000"
						           rotation="0.000000 1.000000 0.000000 0.000000"
						           >
							<Group DEF="group_ME_ID1194_001">
								<Shape>
									<Appearance>
									</Appearance>
									<IndexedFaceSet solid="false"
									                coordIndex="0 1 2 -1 3 2 1 -1 4 5 6 -1 5 7 6 -1 8 6 7 -1 7 9 8 -1 10 8 9 -1 11 12 13 -1 14 13 12 -1 15 16 17 -1 18 19 20 -1 20 19 15 -1 15 19 16 -1 21 16 19 -1 22 23 24 -1 25 24 23 -1 26 27 28 -1 29 28 27 -1 30 31 32 -1 33 32 31 -1 34 35 36 -1 37 36 35 -1 38 39 40 -1 41 40 39 -1 "
									                >
										<Coordinate DEF="coords_ME_ID1194_001"
										            point="0.000000 12.496026 0.595353 0.000000 12.598426 0.000000 1.574803 12.496026 0.595353 1.574803 12.598425 0.000000 0.000000 12.496026 0.595353 0.000000 12.225867 1.135672 0.000000 12.598426 0.000000 0.000000 11.811023 1.574803 0.000000 0.000000 0.000000 0.000000 11.811023 2.362205 0.000000 0.000000 2.362205 0.000000 12.225867 1.135672 0.000000 12.496026 0.595353 1.574803 12.225867 1.135672 1.574803 12.496026 0.595353 1.574803 11.811023 1.574803 1.574803 0.000000 2.362205 1.574803 11.811023 2.362205 1.574803 12.496026 0.595353 1.574803 12.598425 0.000000 1.574803 12.225867 1.135672 1.574803 0.000000 0.000000 1.574803 0.000000 0.000000 1.574803 12.598425 0.000000 0.000000 0.000000 0.000000 0.000000 12.598426 0.000000 1.574803 0.000000 2.362205 0.000000 0.000000 2.362205 1.574803 11.811023 2.362205 0.000000 11.811023 2.362205 0.000000 11.811023 2.362205 0.000000 11.811023 1.574803 1.574803 11.811023 2.362205 1.574803 11.811023 1.574803 0.000000 11.811023 1.574803 0.000000 12.225867 1.135672 1.574803 11.811023 1.574803 1.574803 12.225867 1.135672 0.000000 0.000000 2.362205 1.574803 0.000000 2.362205 0.000000 0.000000 0.000000 1.574803 0.000000 0.000000 "
										            />
									</IndexedFaceSet>
								</Shape>
							</Group>
						</Transform>
					</Transform>
					<Transform DEF="group_121_002_TRANSFORM"
					           translation="-18.503935 20.472441 -7.086616"
					           scale="1.000000 1.000000 1.000000"
					           rotation="-0.000000 -0.000000 0.000000 0.000000"
					           >
						<Transform DEF="group_121_002_ifs_TRANSFORM"
						           translation="0.000000 0.000000 -0.000000"
						           scale="1.000000 1.000000 1.000000"
						           rotation="0.000000 1.000000 0.000000 0.000000"
						           >
							<Group DEF="group_ME_ID1201_001">
								<Shape>
									<Appearance>
									</Appearance>
									<IndexedFaceSet solid="false"
									                coordIndex="0 1 2 -1 1 0 3 -1 4 5 6 -1 5 4 7 -1 7 8 5 -1 8 7 9 -1 8 9 10 -1 11 12 13 -1 12 11 14 -1 15 16 17 -1 16 15 18 -1 18 15 19 -1 19 15 20 -1 21 16 18 -1 22 23 24 -1 23 22 25 -1 26 27 28 -1 27 26 29 -1 30 31 32 -1 31 30 33 -1 34 35 36 -1 35 34 37 -1 38 39 40 -1 39 38 41 -1 "
									                >
										<Coordinate DEF="coords_ME_ID1201_001"
										            point="0.000000 12.598426 0.000000 1.574803 12.496026 0.595353 1.574803 12.598425 0.000000 0.000000 12.496026 0.595353 0.000000 11.811023 2.362205 0.000000 0.000000 0.000000 0.000000 0.000000 2.362205 0.000000 11.811023 1.574803 0.000000 12.598426 0.000000 0.000000 12.225867 1.135672 0.000000 12.496026 0.595353 0.000000 12.496026 0.595353 1.574803 12.225867 1.135672 1.574803 12.496026 0.595353 0.000000 12.225867 1.135672 1.574803 12.598425 0.000000 1.574803 0.000000 2.362205 1.574803 0.000000 0.000000 1.574803 11.811023 1.574803 1.574803 12.225867 1.135672 1.574803 12.496026 0.595353 1.574803 11.811023 2.362205 1.574803 12.598425 0.000000 0.000000 0.000000 0.000000 0.000000 12.598426 0.000000 1.574803 0.000000 0.000000 0.000000 0.000000 2.362205 1.574803 11.811023 2.362205 0.000000 11.811023 2.362205 1.574803 0.000000 2.362205 0.000000 11.811023 1.574803 1.574803 11.811023 2.362205 1.574803 11.811023 1.574803 0.000000 11.811023 2.362205 0.000000 12.225867 1.135672 1.574803 11.811023 1.574803 1.574803 12.225867 1.135672 0.000000 11.811023 1.574803 1.574803 0.000000 2.362205 0.000000 0.000000 0.000000 1.574803 0.000000 0.000000 0.000000 0.000000 2.362205 "
										            />
									</IndexedFaceSet>
								</Shape>
							</Group>
						</Transform>
					</Transform>
				</Transform>
				<Transform DEF="group_122_002_TRANSFORM"
				           translation="-3320.866211 48.818893 -92.915703"
				           scale="-1.000000 -1.000000 -1.000000"
				           rotation="0.000000 -1.000000 0.000000 3.141593"
				           >
					<Transform DEF="group_122_002_ifs_TRANSFORM"
					           translation="0.000000 0.000000 -0.000000"
					           scale="1.000000 1.000000 1.000000"
					           rotation="0.000000 0.000000 -0.000000 0.000000"
					           >
						<Group DEF="group_ME_ID1208_003">
							<Shape>
								<Appearance>
								</Appearance>
								<IndexedFaceSet solid="false"
								                coordIndex="0 1 2 -1 3 2 1 -1 4 5 6 -1 5 7 6 -1 6 7 8 -1 9 8 7 -1 10 11 4 -1 5 4 11 -1 12 13 14 -1 15 14 13 -1 16 17 18 -1 17 19 18 -1 18 19 20 -1 21 20 19 -1 22 23 16 -1 17 16 23 -1 24 25 26 -1 27 26 25 -1 28 29 30 -1 31 30 29 -1 32 33 34 -1 35 34 33 -1 36 37 38 -1 39 38 37 -1 40 41 42 -1 43 42 41 -1 44 45 46 -1 47 46 45 -1 "
								                >
									<Coordinate DEF="coords_ME_ID1208_003"
									            point="-0.000000 39.215958 0.000000 -0.000000 39.215958 5.905512 0.000000 -38.422558 -0.000000 0.000000 -38.422558 5.905512 2.755905 39.215958 5.905512 1.181102 39.215958 5.905512 3.937008 39.215958 5.905512 -0.000000 39.215958 5.905512 3.937008 39.215958 0.000000 -0.000000 39.215958 0.000000 2.755905 39.215958 8.267716 1.181102 39.215958 8.267716 3.937008 -38.422558 -0.000000 3.937008 39.215958 0.000000 0.000000 -38.422558 -0.000000 -0.000000 39.215958 0.000000 1.181102 -38.422558 5.905512 2.755905 -38.422558 5.905512 0.000000 -38.422558 5.905512 3.937008 -38.422558 5.905512 0.000000 -38.422558 -0.000000 3.937008 -38.422558 -0.000000 1.181102 -38.422558 8.267716 2.755905 -38.422558 8.267716 1.181102 -38.422558 5.905512 0.000000 -38.422558 5.905512 1.181102 39.215958 5.905512 -0.000000 39.215958 5.905512 1.181102 39.215958 5.905512 1.181102 39.215958 8.267716 1.181102 -38.422558 5.905512 1.181102 -38.422558 8.267716 2.755905 39.215958 8.267716 2.755905 -38.422558 8.267716 1.181102 39.215958 8.267716 1.181102 -38.422558 8.267716 2.755905 39.215958 8.267716 2.755905 39.215958 5.905512 2.755905 -38.422558 8.267716 2.755905 -38.422558 5.905512 3.937008 39.215958 5.905512 3.937008 -38.422558 5.905512 2.755905 39.215958 5.905512 2.755905 -38.422558 5.905512 3.937008 39.215958 5.905512 3.937008 39.215958 0.000000 3.937008 -38.422558 5.905512 3.937008 -38.422558 -0.000000 "
									            />
								</IndexedFaceSet>
							</Shape>
						</Group>
					</Transform>
				</Transform>
				<Transform DEF="group_123_002_TRANSFORM"
				           translation="-3332.677246 48.772995 -92.915703"
				           scale="-1.000000 -1.000000 -1.000000"
				           rotation="0.000000 -1.000000 0.000000 3.141593"
				           >
					<Transform DEF="group_123_002_ifs_TRANSFORM"
					           translation="0.000000 0.000000 0.000001"
					           scale="1.000000 1.000000 1.000000"
					           rotation="0.000000 0.000000 -0.000000 0.000000"
					           >
						<Group DEF="group_ME_ID1215_001">
							<Shape>
								<Appearance>
								</Appearance>
								<IndexedFaceSet solid="false"
								                coordIndex="0 1 2 -1 3 2 1 -1 4 5 6 -1 7 6 5 -1 8 9 10 -1 9 11 10 -1 12 13 11 -1 11 13 10 -1 14 10 13 -1 11 9 15 -1 16 17 18 -1 19 18 12 -1 18 17 12 -1 13 12 17 -1 20 21 22 -1 23 22 21 -1 24 25 26 -1 27 26 25 -1 28 29 30 -1 29 31 30 -1 31 32 30 -1 33 30 32 -1 32 34 33 -1 35 33 34 -1 36 37 38 -1 39 38 37 -1 40 41 42 -1 43 42 41 -1 44 45 46 -1 47 46 45 -1 48 49 50 -1 51 50 49 -1 52 53 54 -1 55 54 53 -1 56 57 58 -1 59 58 57 -1 60 61 62 -1 63 62 61 -1 64 65 66 -1 65 67 66 -1 67 68 66 -1 69 66 68 -1 68 67 70 -1 71 70 67 -1 "
								                >
									<Coordinate DEF="coords_ME_ID1215_001"
									            point="0.000000 35.335987 11.811023 0.000000 -38.468460 11.811023 0.000000 35.335987 0.000000 -0.000000 -38.468460 0.000000 3.937008 35.335987 11.811023 0.000000 35.335987 11.811023 3.937008 35.335987 0.000000 0.000000 35.335987 0.000000 3.937008 9.009215 -0.000000 3.543307 9.009215 -0.000000 3.937008 -38.468460 0.000000 3.149606 10.337955 -0.000000 3.149606 11.568270 -0.000000 0.000000 35.335987 0.000000 -0.000000 -38.468460 0.000000 3.543307 10.387169 -0.000000 3.937008 12.946223 -0.000000 3.937008 35.335987 0.000000 3.543307 12.946223 -0.000000 3.543307 11.568270 -0.000000 0.000000 -38.468460 11.811023 3.937008 -38.468460 11.811023 -0.000000 -38.468460 0.000000 3.937008 -38.468460 0.000000 3.937008 35.335987 11.811023 3.937008 -38.468460 11.811023 0.000000 35.335987 11.811023 0.000000 -38.468460 11.811023 3.937008 35.335987 0.000000 3.937008 12.946223 -0.000000 3.937008 35.335987 11.811023 3.937008 12.946223 5.905511 3.937008 9.009215 5.905511 3.937008 -38.468460 11.811023 3.937008 9.009215 -0.000000 3.937008 -38.468460 0.000000 3.543307 12.946223 5.905512 3.937008 12.946223 5.905511 3.543307 12.946223 -0.000000 3.937008 12.946223 -0.000000 3.543307 12.946223 -0.000000 3.543307 11.568270 -0.000000 3.543307 12.946223 5.905512 3.543307 11.568270 5.905512 3.543307 11.568270 5.905512 3.543307 11.568270 -0.000000 3.149606 11.568270 5.905512 3.149606 11.568270 -0.000000 3.149606 11.568270 -0.000000 3.149606 10.337955 -0.000000 3.149606 11.568270 5.905512 3.149606 10.337955 5.905512 3.543307 10.387168 5.905512 3.149606 10.337955 5.905512 3.543307 10.387169 -0.000000 3.149606 10.337955 -0.000000 3.543307 10.387169 -0.000000 3.543307 9.009215 -0.000000 3.543307 10.387168 5.905512 3.543307 9.009215 5.905512 3.937008 9.009215 5.905511 3.543307 9.009215 5.905512 3.937008 9.009215 -0.000000 3.543307 9.009215 -0.000000 3.937008 12.946223 5.905511 3.543307 12.946223 5.905512 3.937008 9.009215 5.905511 3.543307 11.568270 5.905512 3.543307 10.387168 5.905512 3.543307 9.009215 5.905512 3.149606 10.337955 5.905512 3.149606 11.568270 5.905512 "
									            />
								</IndexedFaceSet>
							</Shape>
						</Group>
					</Transform>
				</Transform>
				<Transform DEF="group_124_002_TRANSFORM"
				           translation="-3320.866211 56.692909 -84.647987"
				           scale="-1.000000 -1.263158 -1.000000"
				           rotation="-0.000000 1.000000 0.000000 3.141593"
				           >
					<Transform DEF="group_124_002_ifs_TRANSFORM"
					           translation="0.000001 -0.000002 0.000002"
					           scale="1.000000 1.000000 1.000000"
					           rotation="-0.000000 0.000000 -0.000000 0.000000"
					           >
						<Group DEF="group_ME_ID1222">
							<Shape>
								<Appearance>
								</Appearance>
								<IndexedFaceSet solid="false"
								                coordIndex="0 1 2 -1 3 2 1 -1 4 5 6 -1 7 6 5 -1 8 9 10 -1 11 10 9 -1 12 13 14 -1 15 14 13 -1 16 17 18 -1 19 18 17 -1 20 21 22 -1 23 22 21 -1 "
								                >
									<Coordinate DEF="coords_ME_ID1222"
									            point="0.000000 37.279564 0.000000 0.000000 37.279564 5.905511 0.000000 -24.184263 -0.000000 0.000000 -24.184263 5.905512 3.937008 37.279564 7.338465 0.000000 37.279564 5.905511 3.937008 37.279564 0.000000 0.000000 37.279564 0.000000 3.937008 37.279564 0.000000 0.000000 37.279564 0.000000 3.937008 -24.184263 -0.000000 0.000000 -24.184263 -0.000000 0.000000 -24.184263 5.905512 3.937008 -24.184265 7.338465 0.000000 -24.184263 -0.000000 3.937008 -24.184263 -0.000000 3.937008 37.279564 7.338465 3.937008 -24.184265 7.338465 0.000000 37.279564 5.905511 0.000000 -24.184263 5.905512 3.937008 37.279564 0.000000 3.937008 -24.184263 -0.000000 3.937008 37.279564 7.338465 3.937008 -24.184265 7.338465 "
									            />
								</IndexedFaceSet>
							</Shape>
						</Group>
					</Transform>
				</Transform>
				<Transform DEF="group_125_002_TRANSFORM"
				           translation="-3320.866211 50.000000 -109.451134"
				           scale="-1.000000 -1.000000 -1.000000"
				           rotation="0.000000 -1.000000 0.000000 3.141593"
				           >
					<Transform DEF="group_126_002_TRANSFORM"
					           translation="-18.503937 23.228346 1.181102"
					           scale="-1.000000 -1.000000 -1.000000"
					           rotation="-0.000000 1.000000 -0.000000 3.141593"
					           >
						<Transform DEF="group_126_002_ifs_TRANSFORM"
						           translation="-0.000000 0.000000 0.000000"
						           scale="1.000000 1.000000 1.000000"
						           rotation="0.000000 0.000000 0.000000 0.000000"
						           >
							<Group DEF="group_ME_ID1230_002">
								<Shape>
									<Appearance>
									</Appearance>
									<IndexedFaceSet solid="false"
									                coordIndex="0 1 2 -1 3 2 1 -1 4 5 6 -1 5 7 6 -1 8 6 7 -1 7 9 8 -1 10 8 9 -1 11 12 13 -1 14 13 12 -1 15 16 17 -1 18 19 20 -1 20 19 15 -1 15 19 16 -1 21 16 19 -1 22 23 24 -1 25 24 23 -1 26 27 28 -1 29 28 27 -1 30 31 32 -1 33 32 31 -1 34 35 36 -1 37 36 35 -1 38 39 40 -1 41 40 39 -1 "
									                >
										<Coordinate DEF="coords_ME_ID1230_002"
										            point="0.000000 12.496026 0.595353 0.000000 12.598426 0.000000 1.574803 12.496026 0.595353 1.574803 12.598425 0.000000 0.000000 12.496026 0.595353 0.000000 12.225867 1.135672 0.000000 12.598426 0.000000 0.000000 11.811023 1.574803 0.000000 5.905512 0.000000 0.000000 11.811023 2.362205 0.000000 5.905512 2.362205 0.000000 12.225867 1.135672 0.000000 12.496026 0.595353 1.574803 12.225867 1.135672 1.574803 12.496026 0.595353 1.574803 11.811023 1.574803 1.574803 5.905512 2.362205 1.574803 11.811023 2.362205 1.574803 12.496026 0.595353 1.574803 12.598425 0.000000 1.574803 12.225867 1.135672 1.574803 5.905512 0.000000 1.574803 5.905512 0.000000 1.574803 12.598425 0.000000 0.000000 5.905512 0.000000 0.000000 12.598426 0.000000 1.574803 5.905512 2.362205 0.000000 5.905512 2.362205 1.574803 11.811023 2.362205 0.000000 11.811023 2.362205 0.000000 11.811023 2.362205 0.000000 11.811023 1.574803 1.574803 11.811023 2.362205 1.574803 11.811023 1.574803 0.000000 11.811023 1.574803 0.000000 12.225867 1.135672 1.574803 11.811023 1.574803 1.574803 12.225867 1.135672 0.000000 5.905512 2.362205 1.574803 5.905512 2.362205 0.000000 5.905512 0.000000 1.574803 5.905512 0.000000 "
										            />
									</IndexedFaceSet>
								</Shape>
							</Group>
						</Transform>
					</Transform>
					<Transform DEF="group_127_002_TRANSFORM"
					           translation="-18.503937 14.566929 1.181102"
					           scale="1.000000 1.000000 1.000000"
					           rotation="0.000000 -0.000000 0.000000 0.000000"
					           >
						<Transform DEF="group_127_002_ifs_TRANSFORM"
						           translation="0.000000 0.000000 0.000000"
						           scale="1.000000 1.000000 1.000000"
						           rotation="0.000000 1.000000 0.000000 0.000000"
						           >
							<Group DEF="group_ME_ID1237">
								<Shape>
									<Appearance>
									</Appearance>
									<IndexedFaceSet solid="false"
									                coordIndex="0 1 2 -1 1 0 3 -1 4 5 6 -1 5 4 7 -1 7 8 5 -1 8 7 9 -1 8 9 10 -1 11 12 13 -1 12 11 14 -1 15 16 17 -1 16 15 18 -1 18 15 19 -1 19 15 20 -1 21 16 18 -1 22 23 24 -1 23 22 25 -1 26 27 28 -1 27 26 29 -1 30 31 32 -1 31 30 33 -1 34 35 36 -1 35 34 37 -1 38 39 40 -1 39 38 41 -1 "
									                >
										<Coordinate DEF="coords_ME_ID1237"
										            point="0.000000 12.598426 0.000000 1.574803 12.496026 0.595353 1.574803 12.598425 0.000000 0.000000 12.496026 0.595353 0.000000 11.811023 2.362205 0.000000 5.905512 0.000000 0.000000 5.905512 2.362205 0.000000 11.811023 1.574803 0.000000 12.598426 0.000000 0.000000 12.225867 1.135672 0.000000 12.496026 0.595353 0.000000 12.496026 0.595353 1.574803 12.225867 1.135672 1.574803 12.496026 0.595353 0.000000 12.225867 1.135672 1.574803 12.598425 0.000000 1.574803 5.905512 2.362205 1.574803 5.905512 0.000000 1.574803 11.811023 1.574803 1.574803 12.225867 1.135672 1.574803 12.496026 0.595353 1.574803 11.811023 2.362205 1.574803 12.598425 0.000000 0.000000 5.905512 0.000000 0.000000 12.598426 0.000000 1.574803 5.905512 0.000000 0.000000 5.905512 2.362205 1.574803 11.811023 2.362205 0.000000 11.811023 2.362205 1.574803 5.905512 2.362205 0.000000 11.811023 1.574803 1.574803 11.811023 2.362205 1.574803 11.811023 1.574803 0.000000 11.811023 2.362205 0.000000 12.225867 1.135672 1.574803 11.811023 1.574803 1.574803 12.225867 1.135672 0.000000 11.811023 1.574803 1.574803 5.905512 2.362205 0.000000 5.905512 0.000000 1.574803 5.905512 0.000000 0.000000 5.905512 2.362205 "
										            />
									</IndexedFaceSet>
								</Shape>
							</Group>
						</Transform>
					</Transform>
				</Transform>
				<Transform DEF="group_128_002_TRANSFORM"
				           translation="-3340.551270 35.826767 -101.183418"
				           scale="1.000000 1.000000 1.000000"
				           rotation="0.000000 1.000000 0.000000 0.000000"
				           >
					<Transform DEF="group_128_002_ifs_TRANSFORM"
					           translation="0.000000 0.000000 0.000000"
					           scale="1.000000 1.000000 1.000000"
					           rotation="0.000000 1.000000 0.000000 0.000000"
					           >
						<Group DEF="group_ME_ID1252_003">
							<Shape>
								<Appearance>
								</Appearance>
								<IndexedFaceSet solid="false"
								                coordIndex="0 1 2 -1 1 0 3 -1 4 5 6 -1 5 4 7 -1 5 7 8 -1 8 7 9 -1 9 7 10 -1 9 10 11 -1 12 10 13 -1 10 12 11 -1 11 12 14 -1 14 12 15 -1 15 12 16 -1 16 12 17 -1 18 19 20 -1 19 18 21 -1 21 18 22 -1 22 18 23 -1 24 25 26 -1 25 24 27 -1 28 29 30 -1 29 28 31 -1 31 28 26 -1 31 26 25 -1 32 33 34 -1 33 32 35 -1 36 37 38 -1 37 36 39 -1 40 41 42 -1 41 40 43 -1 43 40 44 -1 43 44 45 -1 45 46 43 -1 46 45 47 -1 46 48 49 -1 48 46 47 -1 48 47 50 -1 48 50 51 -1 52 53 54 -1 55 56 57 -1 56 55 58 -1 56 58 59 -1 59 58 53 -1 59 53 52 -1 60 61 62 -1 61 60 63 -1 64 65 66 -1 65 64 67 -1 68 69 70 -1 69 68 71 -1 72 73 74 -1 73 72 75 -1 76 77 78 -1 77 76 79 -1 77 79 80 -1 80 79 81 -1 82 83 84 -1 83 82 85 -1 86 87 88 -1 87 86 89 -1 90 91 92 -1 91 90 93 -1 94 95 96 -1 95 94 97 -1 97 94 98 -1 98 94 99 -1 98 99 100 -1 98 100 101 -1 101 100 102 -1 102 100 103 -1 102 103 104 -1 102 104 105 -1 95 106 107 -1 106 95 97 -1 108 109 110 -1 109 108 111 -1 112 113 114 -1 113 112 115 -1 116 117 118 -1 117 116 119 -1 120 121 122 -1 121 120 123 -1 124 125 126 -1 125 124 127 -1 128 129 130 -1 129 128 131 -1 132 133 134 -1 133 132 135 -1 133 135 136 -1 136 135 137 -1 137 135 138 -1 139 134 133 -1 140 141 142 -1 141 140 143 -1 144 145 146 -1 145 144 147 -1 148 149 150 -1 149 148 151 -1 151 148 152 -1 151 153 154 -1 153 151 152 -1 155 156 157 -1 158 159 160 -1 161 162 163 -1 162 161 159 -1 162 159 164 -1 164 159 158 -1 165 166 167 -1 166 165 168 -1 169 170 171 -1 170 169 172 -1 173 174 175 -1 174 173 176 -1 177 178 179 -1 178 177 180 -1 181 182 183 -1 182 181 184 -1 185 186 187 -1 186 185 188 -1 188 185 183 -1 188 183 182 -1 189 190 191 -1 190 189 192 -1 193 194 195 -1 194 193 196 -1 197 198 199 -1 198 197 200 -1 201 202 203 -1 202 201 204 -1 205 206 207 -1 206 205 208 -1 209 210 211 -1 210 209 212 -1 210 212 213 -1 214 215 216 -1 215 214 217 -1 218 219 220 -1 219 218 221 -1 222 223 224 -1 223 222 225 -1 226 227 228 -1 227 226 229 -1 "
								                >
									<Coordinate DEF="coords_ME_ID1252_003"
									            point="19.685040 0.393706 1.968505 19.685040 0.000005 5.905513 19.685040 0.000005 1.968505 19.685040 0.393706 5.905513 19.685040 0.000005 0.000001 12.401574 0.000005 0.787403 12.401574 0.000005 0.000001 19.685040 0.000005 1.968505 11.811023 0.000005 0.787403 11.811023 0.000005 5.905513 19.685040 0.000005 5.905513 12.204723 0.000005 5.905513 20.866140 0.000005 8.267718 20.866140 0.000005 5.905513 12.307122 0.000005 6.500866 12.577283 0.000005 7.041185 12.992126 0.000005 7.480316 12.992126 0.000005 8.267718 19.685040 3.937013 0.000001 19.685040 0.000005 1.968505 19.685040 0.000005 0.000001 19.685040 0.393706 1.968505 19.685040 3.543312 1.968505 19.685040 3.937013 1.968505 22.440945 0.393706 8.267718 20.866142 0.393706 5.905513 22.440945 0.393706 5.905513 20.866142 0.393706 8.267718 23.622046 0.393706 5.905513 19.685040 0.393706 1.968505 23.622046 0.393706 1.968505 19.685040 0.393706 5.905513 20.866142 0.393706 5.905513 19.685040 0.000005 5.905513 19.685040 0.393706 5.905513 20.866140 0.000005 5.905513 12.307122 0.000005 6.500866 12.204723 3.937013 5.905513 12.204723 0.000005 5.905513 12.307122 3.937013 6.500866 1.676070 0.000005 5.905513 7.874016 3.937013 5.905513 1.676070 3.937013 5.905513 7.874016 3.543312 5.905513 7.874016 0.000005 5.905513 7.874016 0.393706 5.905513 11.811023 3.543312 5.905513 11.811023 0.393706 5.905513 12.204723 3.937013 5.905513 11.811023 3.937013 5.905513 11.811023 0.000005 5.905513 12.204723 0.000005 5.905513 11.811023 3.937013 5.905513 11.811023 3.543312 1.968505 11.811023 3.543312 5.905513 11.811023 0.393706 5.905513 11.811023 0.000005 0.787403 11.811023 0.000005 5.905513 11.811023 0.393706 1.968505 11.811023 3.937013 0.787403 12.401574 3.937013 0.787403 11.811023 0.000005 0.787403 11.811023 3.937013 0.787403 12.401574 0.000005 0.787403 12.401574 3.937013 0.787403 12.401574 0.000005 0.000001 12.401574 0.000005 0.787403 12.401574 3.937013 0.000001 19.685040 3.937013 0.000001 12.401574 0.000005 0.000001 12.401574 3.937013 0.000001 19.685040 0.000005 0.000001 20.866142 0.393706 5.905513 20.866140 0.000005 8.267718 20.866140 0.000005 5.905513 20.866142 0.393706 8.267718 20.866140 3.937013 8.267718 12.992126 0.000005 8.267718 12.992126 3.937013 8.267718 20.866140 3.543312 8.267718 20.866140 0.000005 8.267718 20.866142 0.393706 8.267718 12.992126 3.937013 8.267718 12.992126 0.000005 7.480316 12.992126 0.000005 8.267718 12.992126 3.937013 7.480316 12.992126 0.000005 7.480316 12.577283 3.937013 7.041185 12.577283 0.000005 7.041185 12.992126 3.937013 7.480316 12.577283 0.000005 7.041185 12.307122 3.937013 6.500866 12.307122 0.000005 6.500866 12.577283 3.937013 7.041185 11.811023 3.937013 5.905513 12.401574 3.937013 0.787403 11.811023 3.937013 0.787403 19.685040 3.937013 1.968505 19.685040 3.937013 5.905513 12.204723 3.937013 5.905513 12.307122 3.937013 6.500866 20.866140 3.937013 5.905513 20.866140 3.937013 8.267718 12.577283 3.937013 7.041185 12.992126 3.937013 7.480316 12.992126 3.937013 8.267718 19.685040 3.937013 0.000001 12.401574 3.937013 0.000001 19.685040 3.937013 1.968505 19.685040 3.543312 5.905513 19.685040 3.543312 1.968505 19.685040 3.937013 5.905513 23.622046 3.543312 1.968505 19.685040 0.393706 1.968505 19.685040 3.543312 1.968505 23.622046 0.393706 1.968505 23.622046 0.393706 1.968505 23.622046 3.543312 5.905513 23.622046 0.393706 5.905513 23.622046 3.543312 1.968505 22.440945 0.393706 5.905513 23.622046 3.543312 5.905513 22.440945 3.543312 5.905513 23.622046 0.393706 5.905513 22.440945 0.393706 5.905513 22.440945 3.543312 8.267718 22.440945 0.393706 8.267718 22.440945 3.543312 5.905513 20.866142 0.393706 8.267718 22.440945 3.543312 8.267718 20.866140 3.543312 8.267718 22.440945 0.393706 8.267718 7.874016 0.000005 0.787403 7.874016 0.393706 1.968505 7.874016 0.000005 5.905513 7.874016 3.937013 0.787403 7.874016 3.543312 1.968505 7.874016 3.543312 5.905513 7.874016 3.937013 5.905513 7.874016 0.393706 5.905513 11.811023 0.393706 5.905513 7.874016 0.393706 1.968505 11.811023 0.393706 1.968505 7.874016 0.393706 5.905513 7.874016 3.543312 5.905513 11.811023 3.543312 1.968505 7.874016 3.543312 1.968505 11.811023 3.543312 5.905513 3.723315 3.937013 0.787403 7.283464 3.937013 0.000001 6.006779 3.937013 0.000001 7.283464 3.937013 0.787403 1.676070 3.937013 5.905513 7.874016 3.937013 5.905513 7.874016 3.937013 0.787403 1.676070 0.000005 5.905513 1.676070 3.937013 5.905513 0.000000 1.968509 5.174429 7.874016 0.000005 5.905513 7.283464 0.000005 0.787403 7.874016 0.000005 0.787403 7.283464 0.000005 0.000001 3.723315 0.000005 0.787403 6.006779 0.000005 0.000001 1.676070 0.000005 5.905513 11.811023 3.543312 1.968505 7.874016 0.393706 1.968505 7.874016 3.543312 1.968505 11.811023 0.393706 1.968505 20.866140 3.937013 5.905513 20.866140 3.543312 8.267718 20.866140 3.543312 5.905513 20.866140 3.937013 8.267718 20.866140 3.543312 8.267718 22.440945 3.937013 8.267718 20.866140 3.937013 8.267718 22.440945 3.543312 8.267718 20.866140 3.937013 5.905513 19.685040 3.543312 5.905513 19.685040 3.937013 5.905513 20.866140 3.543312 5.905513 20.866140 3.543312 8.267718 22.440945 3.543312 5.905513 20.866140 3.543312 5.905513 22.440945 3.543312 8.267718 19.685040 3.543312 5.905513 23.622046 3.543312 1.968505 19.685040 3.543312 1.968505 23.622046 3.543312 5.905513 23.622046 3.543312 5.905513 23.622046 3.937013 1.968505 23.622046 3.543312 1.968505 23.622046 3.937013 5.905513 23.622046 3.937013 5.905513 22.440945 3.543312 5.905513 22.440945 3.937013 5.905513 23.622046 3.543312 5.905513 22.440945 3.937013 8.267718 22.440945 3.543312 5.905513 22.440945 3.543312 8.267718 22.440945 3.937013 5.905513 7.874016 3.937013 0.787403 7.283464 0.000005 0.787403 7.283464 3.937013 0.787403 7.874016 0.000005 0.787403 7.283464 3.937013 0.000001 7.283464 0.000005 0.787403 7.283464 0.000005 0.000001 7.283464 3.937013 0.787403 6.006779 3.937013 0.000001 6.006779 0.000005 0.000001 4.038275 1.968509 0.000001 7.283464 3.937013 0.000001 7.283464 0.000005 0.000001 3.723315 3.937013 0.787403 4.038275 1.968509 0.000001 1.754810 1.968509 0.787403 6.006779 3.937013 0.000001 1.676070 3.937013 5.905513 1.754810 1.968509 0.787403 0.000000 1.968509 5.174429 3.723315 3.937013 0.787403 1.676070 0.000005 5.905513 1.754810 1.968509 0.787403 3.723315 0.000005 0.787403 0.000000 1.968509 5.174429 4.038275 1.968509 0.000001 3.723315 0.000005 0.787403 1.754810 1.968509 0.787403 6.006779 0.000005 0.000001 "
									            />
								</IndexedFaceSet>
							</Shape>
						</Group>
					</Transform>
				</Transform>
				<Transform DEF="交互枓_7_004_TRANSFORM"
				           translation="-3303.937012 34.251968 -103.545624"
				           scale="-1.000000 -1.000000 -1.000000"
				           rotation="-1.000000 0.000000 0.000000 3.141593"
				           >
					<Transform DEF="交互枓_7_004_ifs_TRANSFORM"
					           translation="0.000000 -0.000000 -0.000000"
					           scale="1.000000 1.000000 1.000000"
					           rotation="0.000000 1.000000 0.000000 0.000000"
					           >
						<Group USE="group_ME_ID235_002" />
					</Transform>
				</Transform>
				<Transform DEF="華栱__兩卷頭_002_TRANSFORM"
				           translation="-3333.071045 39.763779 -109.451134"
				           scale="-1.000000 -1.000000 -1.000000"
				           rotation="-0.000000 1.000000 0.000000 3.141593"
				           >
					<Transform DEF="華栱__兩卷頭_002_ifs_TRANSFORM"
					           translation="-0.000000 0.000000 -0.000000"
					           scale="1.000000 1.000000 1.000000"
					           rotation="0.000000 0.000000 -0.000000 0.000000"
					           >
						<Group USE="group_ME_ID310_001" />
					</Transform>
				</Transform>
				<Transform DEF="柱頭用方櫨斗_002_TRANSFORM"
				           translation="-3312.598633 31.496061 -114.175545"
				           scale="-1.000000 -1.000000 -1.000000"
				           rotation="-1.000000 0.000000 0.000000 3.141593"
				           >
					<Transform DEF="柱頭用方櫨斗_002_ifs_TRANSFORM"
					           translation="0.000000 0.000000 0.000000"
					           scale="1.000000 1.000000 1.000000"
					           rotation="0.000000 1.000000 0.000000 0.000000"
					           >
						<Group USE="group_ME_ID576" />
					</Transform>
				</Transform>
			</Transform>
			<Transform DEF="instance_50_TRANSFORM"
			           translation="3761.811035 -18.897636 114.175545"
			           scale="-1.000000 -1.000000 -1.000000"
			           rotation="-1.000000 0.000000 0.000000 3.141593"
			           >
				<Transform DEF="group_118_003_TRANSFORM"
				           translation="3742.125977 55.905510 -101.183418"
				           scale="1.000000 1.000000 1.000000"
				           rotation="-0.000000 0.000000 1.000000 3.141593"
				           >
					<Transform DEF="group_119_003_TRANSFORM"
					           translation="-19.685040 0.787403 -12.992126"
					           scale="-1.000000 -1.000000 -1.000000"
					           rotation="0.707107 -0.707107 0.000000 3.141593"
					           >
						<Transform DEF="group_119_003_ifs_TRANSFORM"
						           translation="-0.000000 0.000000 -0.000000"
						           scale="1.000000 1.000000 1.000000"
						           rotation="0.000000 1.000000 0.000000 0.000000"
						           >
							<Group DEF="group_ME_ID1310">
								<Shape>
									<Appearance>
									</Appearance>
									<IndexedFaceSet solid="false"
									                coordIndex="0 1 2 -1 1 0 3 -1 4 5 6 -1 5 4 7 -1 7 4 8 -1 8 4 9 -1 10 11 12 -1 11 10 13 -1 13 10 14 -1 13 14 15 -1 15 14 16 -1 15 16 17 -1 17 16 18 -1 17 18 19 -1 17 19 20 -1 17 20 21 -1 18 16 6 -1 18 6 5 -1 21 20 22 -1 15 23 24 -1 23 15 17 -1 24 23 25 -1 25 23 26 -1 26 23 27 -1 27 23 28 -1 24 25 29 -1 27 28 30 -1 29 31 32 -1 31 29 25 -1 32 31 33 -1 32 33 34 -1 32 34 35 -1 36 37 38 -1 37 36 39 -1 40 41 42 -1 41 40 43 -1 43 40 44 -1 43 44 45 -1 45 44 46 -1 45 46 47 -1 1 48 2 -1 48 1 49 -1 50 51 52 -1 51 50 53 -1 54 55 56 -1 55 54 57 -1 55 57 58 -1 58 57 51 -1 58 51 59 -1 59 51 53 -1 56 60 61 -1 60 56 55 -1 62 63 64 -1 63 62 65 -1 65 66 63 -1 66 65 67 -1 66 68 69 -1 68 66 67 -1 48 70 71 -1 70 48 49 -1 72 73 74 -1 73 72 75 -1 76 77 78 -1 77 76 79 -1 80 81 82 -1 81 80 83 -1 84 85 86 -1 85 84 87 -1 88 89 90 -1 89 88 91 -1 92 93 94 -1 93 92 95 -1 96 97 98 -1 97 96 99 -1 100 101 102 -1 101 100 103 -1 104 105 106 -1 105 104 107 -1 108 109 110 -1 109 108 111 -1 112 113 114 -1 113 112 115 -1 116 117 118 -1 117 116 119 -1 119 116 120 -1 119 120 121 -1 121 122 119 -1 122 121 123 -1 122 124 125 -1 124 122 123 -1 124 123 126 -1 124 126 127 -1 128 129 130 -1 129 128 131 -1 129 132 133 -1 132 129 131 -1 134 132 135 -1 132 134 133 -1 136 137 138 -1 137 136 139 -1 140 141 142 -1 141 140 143 -1 140 144 145 -1 144 140 142 -1 145 146 147 -1 146 145 144 -1 148 149 150 -1 149 148 151 -1 152 153 154 -1 153 152 155 -1 156 157 158 -1 157 156 159 -1 160 161 162 -1 161 160 163 -1 164 165 166 -1 165 164 167 -1 167 164 168 -1 167 168 169 -1 169 168 170 -1 169 170 171 -1 172 173 174 -1 173 172 175 -1 176 177 178 -1 177 176 179 -1 179 176 180 -1 180 176 181 -1 182 183 184 -1 183 182 185 -1 185 182 186 -1 185 186 187 -1 187 186 188 -1 187 188 189 -1 189 188 190 -1 189 190 191 -1 189 191 192 -1 189 192 193 -1 190 188 178 -1 190 178 177 -1 193 192 194 -1 187 195 196 -1 195 187 189 -1 196 195 197 -1 197 195 198 -1 198 195 199 -1 199 195 200 -1 196 197 201 -1 199 200 202 -1 201 203 204 -1 203 201 197 -1 204 203 205 -1 204 205 206 -1 204 206 207 -1 208 209 210 -1 209 208 211 -1 211 208 212 -1 211 212 213 -1 213 212 214 -1 213 214 215 -1 216 217 218 -1 217 216 219 -1 220 221 222 -1 221 220 223 -1 223 220 224 -1 223 224 225 -1 225 224 226 -1 225 226 227 -1 228 229 230 -1 229 228 231 -1 163 232 161 -1 232 163 233 -1 232 234 235 -1 234 232 233 -1 236 237 238 -1 237 236 239 -1 240 241 242 -1 241 240 243 -1 241 172 242 -1 172 241 175 -1 244 231 228 -1 231 244 245 -1 244 246 245 -1 246 244 247 -1 248 249 250 -1 249 248 251 -1 252 253 254 -1 253 252 255 -1 217 253 255 -1 253 217 219 -1 "
									                >
										<Coordinate DEF="coords_ME_ID1310"
										            point="5.118110 0.000000 4.724409 4.527559 0.393701 4.882647 4.527559 0.000000 4.882647 5.118110 0.393701 4.724409 36.220470 0.000000 5.905512 31.102362 0.000000 4.724409 36.220470 0.000000 3.543307 31.692911 0.000000 4.882647 32.125229 0.000000 5.314961 32.283466 0.000000 5.905512 33.385826 0.000000 0.354331 4.724409 0.000000 0.000000 31.496063 0.000000 0.000000 2.834646 0.000000 0.354331 34.803150 0.000000 1.062992 1.417323 0.000000 1.062992 35.748028 0.000000 2.125984 19.685040 0.000000 1.968504 21.259842 0.000000 4.724409 20.669291 0.000000 4.882647 20.236977 0.000000 5.314961 19.685040 0.000000 5.905512 20.078739 0.000000 5.905512 16.535433 0.000000 1.968504 0.472441 0.000000 2.125984 14.960629 0.000000 4.724409 15.551181 0.000000 4.882647 15.983494 0.000000 5.314961 16.535433 0.000000 5.905512 0.000000 0.000000 3.543307 16.141733 0.000000 5.905512 5.118110 0.000000 4.724409 0.000000 0.000000 5.905512 4.527559 0.000000 4.882647 4.095246 0.000000 5.314961 3.937008 0.000000 5.905512 14.960629 0.000000 4.724409 5.118110 0.393701 4.724409 5.118110 0.000000 4.724409 14.960629 0.393701 4.724409 15.551181 0.393701 4.882647 5.118110 0.393701 4.724409 14.960629 0.393701 4.724409 4.527559 0.393701 4.882647 15.983494 0.393701 5.314961 4.095245 0.393701 5.314961 16.141733 0.393701 5.905512 3.937008 0.393701 5.905512 4.095246 0.000000 5.314961 4.095245 0.393701 5.314961 16.535433 0.000000 5.905512 16.141733 0.393701 5.905512 16.141733 0.000000 5.905512 16.535433 3.937008 5.905512 3.937008 0.000000 5.905512 3.937008 3.543307 5.905511 0.000000 0.000000 5.905512 3.937008 0.393701 5.905512 16.141733 3.543307 5.905511 16.141733 3.937008 5.905512 3.937008 3.937008 5.905512 0.000000 3.937008 5.905512 16.141733 0.393701 5.905512 15.983494 0.000000 5.314961 16.141733 0.000000 5.905512 15.983494 0.393701 5.314961 15.551181 0.000000 4.882647 15.551181 0.393701 4.882647 14.960629 0.393701 4.724409 14.960629 0.000000 4.724409 3.937008 0.393701 5.905512 3.937008 0.000000 5.905512 0.000000 3.937008 5.905512 0.000000 0.000000 3.543307 0.000000 0.000000 5.905512 0.000000 3.937008 3.543307 0.000000 0.000000 3.543307 0.472441 3.937008 2.125984 0.472441 0.000000 2.125984 0.000000 3.937008 3.543307 0.472441 0.000000 2.125984 1.417323 3.937008 1.062992 1.417323 0.000000 1.062992 0.472441 3.937008 2.125984 2.834646 3.937008 0.354331 1.417323 0.000000 1.062992 1.417323 3.937008 1.062992 2.834646 0.000000 0.354331 4.724409 3.937008 0.000000 2.834646 0.000000 0.354331 2.834646 3.937008 0.354331 4.724409 0.000000 0.000000 31.496063 3.937008 0.000000 4.724409 0.000000 0.000000 4.724409 3.937008 0.000000 31.496063 0.000000 0.000000 33.385826 3.937008 0.354331 31.496063 0.000000 0.000000 31.496063 3.937008 0.000000 33.385826 0.000000 0.354331 34.803150 3.937008 1.062992 33.385826 0.000000 0.354331 33.385826 3.937008 0.354331 34.803150 0.000000 1.062992 34.803150 3.937008 1.062992 35.748028 0.000000 2.125984 34.803150 0.000000 1.062992 35.748028 3.937008 2.125984 35.748028 3.937008 2.125984 36.220470 0.000000 3.543307 35.748028 0.000000 2.125984 36.220470 3.937008 3.543307 36.220470 3.937008 3.543307 36.220470 0.000000 5.905512 36.220470 0.000000 3.543307 36.220470 3.937008 5.905512 19.685040 0.000000 5.905512 20.078739 3.937008 5.905512 19.685040 3.937008 5.905512 20.078739 3.543307 5.905511 20.078739 0.000000 5.905512 20.078739 0.393701 5.905512 32.283466 3.543307 5.905511 32.283466 0.393701 5.905512 36.220470 3.937008 5.905512 32.283466 3.937008 5.905512 32.283466 0.000000 5.905512 36.220470 0.000000 5.905512 32.283466 0.393701 5.905512 32.125229 0.000000 5.314961 32.283466 0.000000 5.905512 32.125229 0.393701 5.314961 31.692911 0.393701 4.882647 31.692911 0.000000 4.882647 31.102362 0.000000 4.724409 31.102362 0.393701 4.724409 21.259842 0.000000 4.724409 31.102362 0.393701 4.724409 21.259842 0.393701 4.724409 31.102362 0.000000 4.724409 20.669291 0.000000 4.882647 21.259842 0.393701 4.724409 20.669291 0.393701 4.882647 21.259842 0.000000 4.724409 20.236977 0.393701 5.314961 20.236977 0.000000 5.314961 20.078739 0.393701 5.905512 20.078739 0.000000 5.905512 19.685040 3.937008 5.905512 19.685040 0.000000 1.968504 19.685040 0.000000 5.905512 19.685040 3.937008 1.968504 16.535433 0.000000 1.968504 19.685040 3.937008 1.968504 16.535433 3.937008 1.968504 19.685040 0.000000 1.968504 16.535433 3.937008 1.968504 16.535433 0.000000 5.905512 16.535433 0.000000 1.968504 16.535433 3.937008 5.905512 16.141733 3.937008 5.905512 15.983494 3.543307 5.314961 16.141733 3.543307 5.905511 15.983494 3.937008 5.314961 4.527559 3.543307 4.882647 14.960629 3.543307 4.724409 5.118110 3.543307 4.724409 15.551181 3.543307 4.882647 4.095246 3.543307 5.314961 15.983494 3.543307 5.314961 3.937008 3.543307 5.905511 16.141733 3.543307 5.905511 4.095246 3.543307 5.314961 3.937008 3.937008 5.905512 3.937008 3.543307 5.905511 4.095246 3.937008 5.314961 0.000000 3.937008 5.905512 5.118110 3.937008 4.724409 0.000000 3.937008 3.543307 4.527559 3.937008 4.882647 4.095246 3.937008 5.314961 3.937008 3.937008 5.905512 2.834646 3.937008 0.354331 31.496063 3.937008 0.000000 4.724409 3.937008 0.000000 33.385826 3.937008 0.354331 1.417323 3.937008 1.062992 34.803150 3.937008 1.062992 0.472441 3.937008 2.125984 16.535433 3.937008 1.968504 14.960629 3.937008 4.724409 15.551181 3.937008 4.882647 15.983494 3.937008 5.314961 16.535433 3.937008 5.905512 16.141733 3.937008 5.905512 19.685040 3.937008 1.968504 35.748028 3.937008 2.125984 21.259842 3.937008 4.724409 20.669292 3.937008 4.882647 20.236977 3.937008 5.314961 19.685040 3.937008 5.905512 36.220470 3.937008 3.543307 20.078739 3.937008 5.905512 31.102362 3.937008 4.724409 36.220470 3.937008 5.905512 31.692911 3.937008 4.882647 32.125229 3.937008 5.314961 32.283466 3.937008 5.905512 31.692911 0.393701 4.882647 21.259842 0.393701 4.724409 31.102362 0.393701 4.724409 20.669291 0.393701 4.882647 32.125229 0.393701 5.314961 20.236977 0.393701 5.314961 32.283466 0.393701 5.905512 20.078739 0.393701 5.905512 32.283466 3.937008 5.905512 32.125229 3.543307 5.314961 32.283466 3.543307 5.905511 32.125229 3.937008 5.314961 20.669291 3.543307 4.882647 31.102362 3.543307 4.724409 21.259842 3.543307 4.724409 31.692911 3.543307 4.882647 20.236977 3.543307 5.314961 32.125229 3.543307 5.314961 20.078739 3.543307 5.905511 32.283466 3.543307 5.905511 20.236977 3.543307 5.314961 20.078739 3.937008 5.905512 20.078739 3.543307 5.905511 20.236977 3.937008 5.314961 15.551181 3.543307 4.882647 15.551181 3.937008 4.882647 14.960629 3.937008 4.724409 14.960629 3.543307 4.724409 14.960629 3.543307 4.724409 5.118110 3.937008 4.724409 5.118110 3.543307 4.724409 14.960629 3.937008 4.724409 5.118110 3.543307 4.724409 4.527559 3.937008 4.882647 4.527559 3.543307 4.882647 5.118110 3.937008 4.724409 20.669291 3.543307 4.882647 20.669292 3.937008 4.882647 21.259842 3.937008 4.724409 21.259842 3.543307 4.724409 21.259842 3.543307 4.724409 31.102362 3.937008 4.724409 21.259842 3.937008 4.724409 31.102362 3.543307 4.724409 31.102362 3.543307 4.724409 31.692911 3.937008 4.882647 31.102362 3.937008 4.724409 31.692911 3.543307 4.882647 "
										            />
									</IndexedFaceSet>
								</Shape>
							</Group>
						</Transform>
					</Transform>
					<Transform DEF="group_120_003_TRANSFORM"
					           translation="-18.503937 17.322834 -7.086614"
					           scale="-1.000000 -1.000000 -1.000000"
					           rotation="-0.000000 1.000000 -0.000000 3.141593"
					           >
						<Transform DEF="group_120_003_ifs_TRANSFORM"
						           translation="-0.000000 0.000001 0.000000"
						           scale="1.000000 1.000000 1.000000"
						           rotation="0.000000 1.000000 0.000000 0.000000"
						           >
							<Group DEF="group_ME_ID1317_001">
								<Shape>
									<Appearance>
									</Appearance>
									<IndexedFaceSet solid="false"
									                coordIndex="0 1 2 -1 1 0 3 -1 4 5 6 -1 5 4 7 -1 7 8 5 -1 8 7 9 -1 8 9 10 -1 11 12 13 -1 12 11 14 -1 15 16 17 -1 16 15 18 -1 18 15 19 -1 19 15 20 -1 21 16 18 -1 22 23 24 -1 23 22 25 -1 26 27 28 -1 27 26 29 -1 30 31 32 -1 31 30 33 -1 34 35 36 -1 35 34 37 -1 38 39 40 -1 39 38 41 -1 "
									                >
										<Coordinate DEF="coords_ME_ID1317_001"
										            point="0.000000 12.598426 0.000000 1.574803 12.496026 0.595353 1.574803 12.598425 0.000000 0.000000 12.496026 0.595353 0.000000 11.811023 2.362205 0.000000 0.000000 0.000000 0.000000 0.000000 2.362205 0.000000 11.811023 1.574803 0.000000 12.598426 0.000000 0.000000 12.225867 1.135672 0.000000 12.496026 0.595353 0.000000 12.496026 0.595353 1.574803 12.225867 1.135672 1.574803 12.496026 0.595353 0.000000 12.225867 1.135672 1.574803 12.598425 0.000000 1.574803 0.000000 2.362205 1.574803 0.000000 0.000000 1.574803 11.811023 1.574803 1.574803 12.225867 1.135672 1.574803 12.496026 0.595353 1.574803 11.811023 2.362205 1.574803 12.598425 0.000000 0.000000 0.000000 0.000000 0.000000 12.598426 0.000000 1.574803 0.000000 0.000000 0.000000 0.000000 2.362205 1.574803 11.811023 2.362205 0.000000 11.811023 2.362205 1.574803 0.000000 2.362205 0.000000 11.811023 1.574803 1.574803 11.811023 2.362205 1.574803 11.811023 1.574803 0.000000 11.811023 2.362205 0.000000 12.225867 1.135672 1.574803 11.811023 1.574803 1.574803 12.225867 1.135672 0.000000 11.811023 1.574803 1.574803 0.000000 2.362205 0.000000 0.000000 0.000000 1.574803 0.000000 0.000000 0.000000 0.000000 2.362205 "
										            />
									</IndexedFaceSet>
								</Shape>
							</Group>
						</Transform>
					</Transform>
					<Transform DEF="group_121_003_TRANSFORM"
					           translation="-18.503937 20.472441 -7.086614"
					           scale="1.000000 1.000000 1.000000"
					           rotation="0.000000 -0.000000 0.000000 0.000000"
					           >
						<Transform DEF="group_121_003_ifs_TRANSFORM"
						           translation="0.000000 -0.000001 -0.000000"
						           scale="1.000000 1.000000 1.000000"
						           rotation="0.000000 1.000000 0.000000 0.000000"
						           >
							<Group DEF="group_ME_ID1324_002">
								<Shape>
									<Appearance>
									</Appearance>
									<IndexedFaceSet solid="false"
									                coordIndex="0 1 2 -1 3 2 1 -1 4 5 6 -1 5 7 6 -1 8 6 7 -1 7 9 8 -1 10 8 9 -1 11 12 13 -1 14 13 12 -1 15 16 17 -1 18 19 20 -1 20 19 15 -1 15 19 16 -1 21 16 19 -1 22 23 24 -1 25 24 23 -1 26 27 28 -1 29 28 27 -1 30 31 32 -1 33 32 31 -1 34 35 36 -1 37 36 35 -1 38 39 40 -1 41 40 39 -1 "
									                >
										<Coordinate DEF="coords_ME_ID1324_002"
										            point="0.000000 12.496026 0.595353 0.000000 12.598426 0.000000 1.574803 12.496026 0.595353 1.574803 12.598425 0.000000 0.000000 12.496026 0.595353 0.000000 12.225867 1.135672 0.000000 12.598426 0.000000 0.000000 11.811023 1.574803 0.000000 0.000000 0.000000 0.000000 11.811023 2.362205 0.000000 0.000000 2.362205 0.000000 12.225867 1.135672 0.000000 12.496026 0.595353 1.574803 12.225867 1.135672 1.574803 12.496026 0.595353 1.574803 11.811023 1.574803 1.574803 0.000000 2.362205 1.574803 11.811023 2.362205 1.574803 12.496026 0.595353 1.574803 12.598425 0.000000 1.574803 12.225867 1.135672 1.574803 0.000000 0.000000 1.574803 0.000000 0.000000 1.574803 12.598425 0.000000 0.000000 0.000000 0.000000 0.000000 12.598426 0.000000 1.574803 0.000000 2.362205 0.000000 0.000000 2.362205 1.574803 11.811023 2.362205 0.000000 11.811023 2.362205 0.000000 11.811023 2.362205 0.000000 11.811023 1.574803 1.574803 11.811023 2.362205 1.574803 11.811023 1.574803 0.000000 11.811023 1.574803 0.000000 12.225867 1.135672 1.574803 11.811023 1.574803 1.574803 12.225867 1.135672 0.000000 0.000000 2.362205 1.574803 0.000000 2.362205 0.000000 0.000000 0.000000 1.574803 0.000000 0.000000 "
										            />
									</IndexedFaceSet>
								</Shape>
							</Group>
						</Transform>
					</Transform>
				</Transform>
				<Transform DEF="group_122_003_TRANSFORM"
				           translation="3742.125977 48.818893 -92.915703"
				           scale="1.000000 1.000000 1.000000"
				           rotation="-0.000000 0.000000 1.000000 3.141593"
				           >
					<Transform DEF="group_122_003_ifs_TRANSFORM"
					           translation="0.000000 0.000000 -0.000001"
					           scale="1.000000 1.000000 1.000000"
					           rotation="0.000000 1.000000 0.000000 0.000000"
					           >
						<Group DEF="group_ME_ID1331_003">
							<Shape>
								<Appearance>
								</Appearance>
								<IndexedFaceSet solid="false"
								                coordIndex="0 1 2 -1 1 0 3 -1 4 5 6 -1 5 4 7 -1 8 9 10 -1 9 8 11 -1 11 8 6 -1 11 6 5 -1 12 13 14 -1 13 12 15 -1 16 17 18 -1 17 16 19 -1 20 21 22 -1 21 20 23 -1 23 20 18 -1 23 18 17 -1 24 25 26 -1 25 24 27 -1 28 29 30 -1 29 28 31 -1 32 33 34 -1 33 32 35 -1 36 37 38 -1 37 36 39 -1 40 41 42 -1 41 40 43 -1 44 45 46 -1 45 44 47 -1 "
								                >
									<Coordinate DEF="coords_ME_ID1331_003"
									            point="-0.000000 39.215958 5.905512 0.000000 -38.422558 -0.000000 0.000000 -38.422558 5.905512 -0.000000 39.215958 0.000000 1.181102 39.215958 8.267716 2.755905 39.215958 5.905512 1.181102 39.215958 5.905512 2.755905 39.215958 8.267716 -0.000000 39.215958 5.905512 3.937008 39.215958 0.000000 -0.000000 39.215958 0.000000 3.937008 39.215958 5.905512 3.937008 39.215958 0.000000 0.000000 -38.422558 -0.000000 -0.000000 39.215958 0.000000 3.937008 -38.422558 -0.000000 2.755905 -38.422558 8.267716 1.181102 -38.422558 5.905512 2.755905 -38.422558 5.905512 1.181102 -38.422558 8.267716 3.937008 -38.422558 5.905512 0.000000 -38.422558 -0.000000 3.937008 -38.422558 -0.000000 0.000000 -38.422558 5.905512 0.000000 -38.422558 5.905512 1.181102 39.215958 5.905512 -0.000000 39.215958 5.905512 1.181102 -38.422558 5.905512 1.181102 39.215958 8.267716 1.181102 -38.422558 5.905512 1.181102 -38.422558 8.267716 1.181102 39.215958 5.905512 2.755905 -38.422558 8.267716 1.181102 39.215958 8.267716 1.181102 -38.422558 8.267716 2.755905 39.215958 8.267716 2.755905 39.215958 5.905512 2.755905 -38.422558 8.267716 2.755905 -38.422558 5.905512 2.755905 39.215958 8.267716 3.937008 -38.422558 5.905512 2.755905 39.215958 5.905512 2.755905 -38.422558 5.905512 3.937008 39.215958 5.905512 3.937008 39.215958 0.000000 3.937008 -38.422558 5.905512 3.937008 -38.422558 -0.000000 3.937008 39.215958 5.905512 "
									            />
								</IndexedFaceSet>
							</Shape>
						</Group>
					</Transform>
				</Transform>
				<Transform DEF="group_123_003_TRANSFORM"
				           translation="3753.937012 48.772991 -92.915703"
				           scale="1.000000 1.000000 1.000000"
				           rotation="-0.000000 0.000000 1.000000 3.141593"
				           >
					<Transform DEF="group_123_003_ifs_TRANSFORM"
					           translation="0.000000 0.000000 -0.000000"
					           scale="1.000000 1.000000 1.000000"
					           rotation="0.000000 1.000000 0.000000 0.000000"
					           >
						<Group DEF="group_ME_ID1338_001">
							<Shape>
								<Appearance>
								</Appearance>
								<IndexedFaceSet solid="false"
								                coordIndex="0 1 2 -1 1 0 3 -1 4 5 6 -1 5 4 7 -1 8 9 10 -1 9 8 11 -1 9 11 12 -1 11 8 13 -1 14 15 16 -1 10 17 18 -1 17 10 16 -1 16 10 9 -1 17 16 15 -1 17 15 19 -1 20 21 22 -1 21 20 23 -1 24 25 26 -1 25 24 27 -1 28 29 30 -1 29 28 31 -1 31 32 29 -1 32 31 33 -1 32 33 34 -1 32 34 35 -1 36 37 38 -1 37 36 39 -1 40 41 42 -1 41 40 43 -1 44 45 46 -1 45 44 47 -1 48 49 50 -1 49 48 51 -1 52 53 54 -1 53 52 55 -1 56 57 58 -1 57 56 59 -1 60 61 62 -1 61 60 63 -1 64 65 66 -1 65 64 67 -1 67 68 69 -1 68 67 64 -1 68 64 70 -1 68 70 71 -1 "
								                >
									<Coordinate DEF="coords_ME_ID1338_001"
									            point="0.000000 -38.468460 11.811023 0.000000 35.335987 0.000000 -0.000000 -38.468460 0.000000 0.000000 35.335987 11.811023 0.000000 35.335987 11.811023 3.937008 35.335987 0.000000 0.000000 35.335987 0.000000 3.937008 35.335987 11.811023 3.937008 35.335987 0.000000 3.149606 11.568270 -0.000000 0.000000 35.335987 0.000000 3.543307 12.946223 -0.000000 3.543307 11.568270 -0.000000 3.937008 12.946223 -0.000000 3.543307 10.387169 -0.000000 3.543307 9.009215 -0.000000 3.149606 10.337955 -0.000000 3.937008 -38.468460 0.000000 -0.000000 -38.468460 0.000000 3.937008 9.009215 -0.000000 3.937008 -38.468460 11.811023 -0.000000 -38.468460 0.000000 3.937008 -38.468460 0.000000 0.000000 -38.468460 11.811023 3.937008 -38.468460 11.811023 0.000000 35.335987 11.811023 0.000000 -38.468460 11.811023 3.937008 35.335987 11.811023 3.937008 9.009215 -0.000000 3.937008 -38.468460 11.811023 3.937008 -38.468460 0.000000 3.937008 9.009215 5.905511 3.937008 35.335987 11.811023 3.937008 12.946223 5.905511 3.937008 12.946223 -0.000000 3.937008 35.335987 0.000000 3.937008 12.946223 5.905511 3.543307 12.946223 -0.000000 3.937008 12.946223 -0.000000 3.543307 12.946223 5.905512 3.543307 11.568270 -0.000000 3.543307 12.946223 5.905512 3.543307 11.568270 5.905512 3.543307 12.946223 -0.000000 3.543307 11.568270 -0.000000 3.149606 11.568270 5.905512 3.149606 11.568270 -0.000000 3.543307 11.568270 5.905512 3.149606 10.337955 -0.000000 3.149606 11.568270 5.905512 3.149606 10.337955 5.905512 3.149606 11.568270 -0.000000 3.149606 10.337955 5.905512 3.543307 10.387169 -0.000000 3.149606 10.337955 -0.000000 3.543307 10.387168 5.905512 3.543307 9.009215 -0.000000 3.543307 10.387168 5.905512 3.543307 9.009215 5.905512 3.543307 10.387169 -0.000000 3.543307 9.009215 5.905512 3.937008 9.009215 -0.000000 3.543307 9.009215 -0.000000 3.937008 9.009215 5.905511 3.543307 11.568270 5.905512 3.149606 10.337955 5.905512 3.149606 11.568270 5.905512 3.543307 10.387168 5.905512 3.937008 9.009215 5.905511 3.543307 9.009215 5.905512 3.543307 12.946223 5.905512 3.937008 12.946223 5.905511 "
									            />
								</IndexedFaceSet>
							</Shape>
						</Group>
					</Transform>
				</Transform>
				<Transform DEF="group_124_003_TRANSFORM"
				           translation="3742.125977 56.692909 -84.647980"
				           scale="1.000000 1.263158 1.000000"
				           rotation="0.000000 0.000000 1.000000 3.141593"
				           >
					<Transform DEF="group_124_003_ifs_TRANSFORM"
					           translation="0.000001 -0.000000 0.000003"
					           scale="1.000000 1.000000 1.000000"
					           rotation="-0.000000 0.000000 -0.000000 0.000000"
					           >
						<Group DEF="group_ME_ID1345_002">
							<Shape>
								<Appearance>
								</Appearance>
								<IndexedFaceSet solid="false"
								                coordIndex="0 1 2 -1 1 0 3 -1 4 5 6 -1 5 4 7 -1 8 9 10 -1 9 8 11 -1 12 13 14 -1 13 12 15 -1 16 17 18 -1 17 16 19 -1 20 21 22 -1 21 20 23 -1 "
								                >
									<Coordinate DEF="coords_ME_ID1345_002"
									            point="0.000000 37.279564 5.905511 0.000000 -24.184263 -0.000000 0.000000 -24.184263 5.905512 0.000000 37.279564 0.000000 0.000000 37.279564 5.905511 3.937008 37.279564 0.000000 0.000000 37.279564 0.000000 3.937008 37.279564 7.338465 0.000000 37.279564 0.000000 3.937008 -24.184263 -0.000000 0.000000 -24.184263 -0.000000 3.937008 37.279564 0.000000 3.937008 -24.184265 7.338465 0.000000 -24.184263 -0.000000 3.937008 -24.184263 -0.000000 0.000000 -24.184263 5.905512 3.937008 -24.184265 7.338465 0.000000 37.279564 5.905511 0.000000 -24.184263 5.905512 3.937008 37.279564 7.338465 3.937008 -24.184263 -0.000000 3.937008 37.279564 7.338465 3.937008 -24.184265 7.338465 3.937008 37.279564 0.000000 "
									            />
								</IndexedFaceSet>
							</Shape>
						</Group>
					</Transform>
				</Transform>
				<Transform DEF="group_125_003_TRANSFORM"
				           translation="3742.125977 50.000000 -109.451134"
				           scale="1.000000 1.000000 1.000000"
				           rotation="-0.000000 0.000000 1.000000 3.141593"
				           >
					<Transform DEF="group_126_003_TRANSFORM"
					           translation="-18.503937 23.228346 1.181102"
					           scale="-1.000000 -1.000000 -1.000000"
					           rotation="-0.000000 1.000000 -0.000000 3.141593"
					           >
						<Transform DEF="group_126_003_ifs_TRANSFORM"
						           translation="-0.000000 0.000000 -0.000000"
						           scale="1.000000 1.000000 1.000000"
						           rotation="0.000000 1.000000 0.000000 0.000000"
						           >
							<Group DEF="group_ME_ID1353">
								<Shape>
									<Appearance>
									</Appearance>
									<IndexedFaceSet solid="false"
									                coordIndex="0 1 2 -1 1 0 3 -1 4 5 6 -1 5 4 7 -1 7 8 5 -1 8 7 9 -1 8 9 10 -1 11 12 13 -1 12 11 14 -1 15 16 17 -1 16 15 18 -1 18 15 19 -1 19 15 20 -1 21 16 18 -1 22 23 24 -1 23 22 25 -1 26 27 28 -1 27 26 29 -1 30 31 32 -1 31 30 33 -1 34 35 36 -1 35 34 37 -1 38 39 40 -1 39 38 41 -1 "
									                >
										<Coordinate DEF="coords_ME_ID1353"
										            point="0.000000 12.598426 0.000000 1.574803 12.496026 0.595353 1.574803 12.598425 0.000000 0.000000 12.496026 0.595353 0.000000 11.811023 2.362205 0.000000 5.905512 0.000000 0.000000 5.905512 2.362205 0.000000 11.811023 1.574803 0.000000 12.598426 0.000000 0.000000 12.225867 1.135672 0.000000 12.496026 0.595353 0.000000 12.496026 0.595353 1.574803 12.225867 1.135672 1.574803 12.496026 0.595353 0.000000 12.225867 1.135672 1.574803 12.598425 0.000000 1.574803 5.905512 2.362205 1.574803 5.905512 0.000000 1.574803 11.811023 1.574803 1.574803 12.225867 1.135672 1.574803 12.496026 0.595353 1.574803 11.811023 2.362205 1.574803 12.598425 0.000000 0.000000 5.905512 0.000000 0.000000 12.598426 0.000000 1.574803 5.905512 0.000000 0.000000 5.905512 2.362205 1.574803 11.811023 2.362205 0.000000 11.811023 2.362205 1.574803 5.905512 2.362205 0.000000 11.811023 1.574803 1.574803 11.811023 2.362205 1.574803 11.811023 1.574803 0.000000 11.811023 2.362205 0.000000 12.225867 1.135672 1.574803 11.811023 1.574803 1.574803 12.225867 1.135672 0.000000 11.811023 1.574803 1.574803 5.905512 2.362205 0.000000 5.905512 0.000000 1.574803 5.905512 0.000000 0.000000 5.905512 2.362205 "
										            />
									</IndexedFaceSet>
								</Shape>
							</Group>
						</Transform>
					</Transform>
					<Transform DEF="group_127_003_TRANSFORM"
					           translation="-18.503937 14.566928 1.181102"
					           scale="1.000000 1.000000 1.000000"
					           rotation="0.000000 -0.000000 0.000000 0.000000"
					           >
						<Transform DEF="group_127_003_ifs_TRANSFORM"
						           translation="0.000000 -0.000001 -0.000000"
						           scale="1.000000 1.000000 1.000000"
						           rotation="0.000000 1.000000 0.000000 0.000000"
						           >
							<Group DEF="group_ME_ID1360">
								<Shape>
									<Appearance>
									</Appearance>
									<IndexedFaceSet solid="false"
									                coordIndex="0 1 2 -1 3 2 1 -1 4 5 6 -1 5 7 6 -1 8 6 7 -1 7 9 8 -1 10 8 9 -1 11 12 13 -1 14 13 12 -1 15 16 17 -1 18 19 20 -1 20 19 15 -1 15 19 16 -1 21 16 19 -1 22 23 24 -1 25 24 23 -1 26 27 28 -1 29 28 27 -1 30 31 32 -1 33 32 31 -1 34 35 36 -1 37 36 35 -1 38 39 40 -1 41 40 39 -1 "
									                >
										<Coordinate DEF="coords_ME_ID1360"
										            point="0.000000 12.496026 0.595353 0.000000 12.598426 0.000000 1.574803 12.496026 0.595353 1.574803 12.598425 0.000000 0.000000 12.496026 0.595353 0.000000 12.225867 1.135672 0.000000 12.598426 0.000000 0.000000 11.811023 1.574803 0.000000 5.905512 0.000000 0.000000 11.811023 2.362205 0.000000 5.905512 2.362205 0.000000 12.225867 1.135672 0.000000 12.496026 0.595353 1.574803 12.225867 1.135672 1.574803 12.496026 0.595353 1.574803 11.811023 1.574803 1.574803 5.905512 2.362205 1.574803 11.811023 2.362205 1.574803 12.496026 0.595353 1.574803 12.598425 0.000000 1.574803 12.225867 1.135672 1.574803 5.905512 0.000000 1.574803 5.905512 0.000000 1.574803 12.598425 0.000000 0.000000 5.905512 0.000000 0.000000 12.598426 0.000000 1.574803 5.905512 2.362205 0.000000 5.905512 2.362205 1.574803 11.811023 2.362205 0.000000 11.811023 2.362205 0.000000 11.811023 2.362205 0.000000 11.811023 1.574803 1.574803 11.811023 2.362205 1.574803 11.811023 1.574803 0.000000 11.811023 1.574803 0.000000 12.225867 1.135672 1.574803 11.811023 1.574803 1.574803 12.225867 1.135672 0.000000 5.905512 2.362205 1.574803 5.905512 2.362205 0.000000 5.905512 0.000000 1.574803 5.905512 0.000000 "
										            />
									</IndexedFaceSet>
								</Shape>
							</Group>
						</Transform>
					</Transform>
				</Transform>
				<Transform DEF="group_128_003_TRANSFORM"
				           translation="3761.811035 35.826763 -101.183418"
				           scale="-1.000000 -1.000000 -1.000000"
				           rotation="1.000000 -0.000000 -0.000000 3.141593"
				           >
					<Transform DEF="group_128_003_ifs_TRANSFORM"
					           translation="0.000000 -0.000001 0.000000"
					           scale="1.000000 1.000000 1.000000"
					           rotation="0.000000 1.000000 0.000000 0.000000"
					           >
						<Group DEF="group_ME_ID1375_001">
							<Shape>
								<Appearance>
								</Appearance>
								<IndexedFaceSet solid="false"
								                coordIndex="0 1 2 -1 3 2 1 -1 4 5 6 -1 6 5 7 -1 7 5 8 -1 8 5 9 -1 9 5 10 -1 11 10 5 -1 9 10 12 -1 10 13 12 -1 12 13 14 -1 14 13 15 -1 13 16 15 -1 17 15 16 -1 18 19 20 -1 20 19 21 -1 21 19 22 -1 23 22 19 -1 24 25 26 -1 25 27 26 -1 26 27 28 -1 29 28 27 -1 30 31 24 -1 25 24 31 -1 32 33 34 -1 35 34 33 -1 36 37 38 -1 39 38 37 -1 40 41 42 -1 41 43 42 -1 43 44 42 -1 45 42 44 -1 43 46 44 -1 47 44 46 -1 46 48 47 -1 48 49 47 -1 47 49 50 -1 51 50 49 -1 52 53 54 -1 53 55 54 -1 54 55 56 -1 55 57 56 -1 58 56 57 -1 59 53 52 -1 60 61 62 -1 63 62 61 -1 64 65 66 -1 67 66 65 -1 68 69 70 -1 71 70 69 -1 72 73 74 -1 75 74 73 -1 76 77 78 -1 78 77 79 -1 77 80 79 -1 81 79 80 -1 82 83 84 -1 85 84 83 -1 86 87 88 -1 89 88 87 -1 90 91 92 -1 93 92 91 -1 94 95 96 -1 97 96 95 -1 98 99 100 -1 99 101 100 -1 101 102 100 -1 100 102 103 -1 103 102 104 -1 102 105 104 -1 105 106 104 -1 104 106 94 -1 94 106 95 -1 107 95 106 -1 108 109 110 -1 111 110 109 -1 112 113 114 -1 115 114 113 -1 116 117 118 -1 119 118 117 -1 120 121 122 -1 123 122 121 -1 124 125 126 -1 127 126 125 -1 128 129 130 -1 131 130 129 -1 132 133 134 -1 135 136 137 -1 137 136 138 -1 138 136 132 -1 136 139 132 -1 133 132 139 -1 140 141 142 -1 143 142 141 -1 144 145 146 -1 147 146 145 -1 148 149 150 -1 151 150 149 -1 148 152 149 -1 149 152 153 -1 154 153 152 -1 155 156 157 -1 158 159 160 -1 160 159 161 -1 159 162 161 -1 163 161 162 -1 164 159 158 -1 165 166 167 -1 168 167 166 -1 169 170 171 -1 172 171 170 -1 173 174 175 -1 176 175 174 -1 177 178 179 -1 180 179 178 -1 181 182 183 -1 182 184 183 -1 183 184 185 -1 186 185 184 -1 187 188 181 -1 182 181 188 -1 189 190 191 -1 192 191 190 -1 193 194 195 -1 196 195 194 -1 197 198 199 -1 200 199 198 -1 201 202 203 -1 204 203 202 -1 205 206 207 -1 208 207 206 -1 209 210 211 -1 210 212 211 -1 213 211 212 -1 214 215 216 -1 217 216 215 -1 218 219 220 -1 221 220 219 -1 222 223 224 -1 225 224 223 -1 226 227 228 -1 229 228 227 -1 "
								                >
									<Coordinate DEF="coords_ME_ID1375_001"
									            point="19.685040 0.393706 5.905513 19.685040 0.393706 1.968505 19.685040 0.000005 5.905513 19.685040 0.000005 1.968505 12.992126 0.000005 8.267718 20.866140 0.000005 8.267718 12.992126 0.000005 7.480316 12.577283 0.000005 7.041185 12.307122 0.000005 6.500866 12.204723 0.000005 5.905513 19.685040 0.000005 5.905513 20.866140 0.000005 5.905513 11.811023 0.000005 5.905513 19.685040 0.000005 1.968505 11.811023 0.000005 0.787403 12.401574 0.000005 0.787403 19.685040 0.000005 0.000001 12.401574 0.000005 0.000001 19.685040 3.937013 1.968505 19.685040 3.937013 0.000001 19.685040 3.543312 1.968505 19.685040 0.393706 1.968505 19.685040 0.000005 1.968505 19.685040 0.000005 0.000001 20.866142 0.393706 5.905513 22.440945 0.393706 5.905513 19.685040 0.393706 5.905513 23.622046 0.393706 5.905513 19.685040 0.393706 1.968505 23.622046 0.393706 1.968505 20.866142 0.393706 8.267718 22.440945 0.393706 8.267718 20.866140 0.000005 5.905513 20.866142 0.393706 5.905513 19.685040 0.000005 5.905513 19.685040 0.393706 5.905513 12.307122 3.937013 6.500866 12.307122 0.000005 6.500866 12.204723 3.937013 5.905513 12.204723 0.000005 5.905513 12.204723 0.000005 5.905513 11.811023 0.000005 5.905513 12.204723 3.937013 5.905513 11.811023 0.393706 5.905513 11.811023 3.543312 5.905513 11.811023 3.937013 5.905513 7.874016 0.393706 5.905513 7.874016 3.543312 5.905513 7.874016 0.000005 5.905513 1.676070 0.000005 5.905513 7.874016 3.937013 5.905513 1.676070 3.937013 5.905513 11.811023 3.937013 5.905513 11.811023 3.543312 1.968505 11.811023 3.937013 0.787403 11.811023 0.393706 1.968505 11.811023 0.000005 0.787403 11.811023 0.393706 5.905513 11.811023 0.000005 5.905513 11.811023 3.543312 5.905513 12.401574 0.000005 0.787403 12.401574 3.937013 0.787403 11.811023 0.000005 0.787403 11.811023 3.937013 0.787403 12.401574 3.937013 0.000001 12.401574 3.937013 0.787403 12.401574 0.000005 0.000001 12.401574 0.000005 0.787403 19.685040 0.000005 0.000001 19.685040 3.937013 0.000001 12.401574 0.000005 0.000001 12.401574 3.937013 0.000001 20.866142 0.393706 8.267718 20.866142 0.393706 5.905513 20.866140 0.000005 8.267718 20.866140 0.000005 5.905513 20.866142 0.393706 8.267718 20.866140 3.543312 8.267718 20.866140 0.000005 8.267718 12.992126 0.000005 8.267718 20.866140 3.937013 8.267718 12.992126 3.937013 8.267718 12.992126 3.937013 7.480316 12.992126 3.937013 8.267718 12.992126 0.000005 7.480316 12.992126 0.000005 8.267718 12.992126 3.937013 7.480316 12.992126 0.000005 7.480316 12.577283 3.937013 7.041185 12.577283 0.000005 7.041185 12.577283 3.937013 7.041185 12.577283 0.000005 7.041185 12.307122 3.937013 6.500866 12.307122 0.000005 6.500866 19.685040 3.937013 1.968505 12.401574 3.937013 0.787403 19.685040 3.937013 0.000001 12.401574 3.937013 0.000001 12.992126 3.937013 8.267718 12.992126 3.937013 7.480316 20.866140 3.937013 8.267718 12.577283 3.937013 7.041185 12.307122 3.937013 6.500866 20.866140 3.937013 5.905513 19.685040 3.937013 5.905513 12.204723 3.937013 5.905513 11.811023 3.937013 5.905513 11.811023 3.937013 0.787403 19.685040 3.937013 5.905513 19.685040 3.937013 1.968505 19.685040 3.543312 5.905513 19.685040 3.543312 1.968505 23.622046 0.393706 1.968505 23.622046 3.543312 1.968505 19.685040 0.393706 1.968505 19.685040 3.543312 1.968505 23.622046 3.543312 1.968505 23.622046 0.393706 1.968505 23.622046 3.543312 5.905513 23.622046 0.393706 5.905513 23.622046 0.393706 5.905513 22.440945 0.393706 5.905513 23.622046 3.543312 5.905513 22.440945 3.543312 5.905513 22.440945 3.543312 5.905513 22.440945 0.393706 5.905513 22.440945 3.543312 8.267718 22.440945 0.393706 8.267718 22.440945 0.393706 8.267718 20.866142 0.393706 8.267718 22.440945 3.543312 8.267718 20.866140 3.543312 8.267718 7.874016 0.393706 1.968505 7.874016 0.000005 5.905513 7.874016 0.393706 5.905513 7.874016 3.937013 5.905513 7.874016 3.937013 0.787403 7.874016 3.543312 5.905513 7.874016 3.543312 1.968505 7.874016 0.000005 0.787403 7.874016 0.393706 5.905513 11.811023 0.393706 5.905513 7.874016 0.393706 1.968505 11.811023 0.393706 1.968505 11.811023 3.543312 5.905513 7.874016 3.543312 5.905513 11.811023 3.543312 1.968505 7.874016 3.543312 1.968505 1.676070 3.937013 5.905513 7.283464 3.937013 0.787403 7.874016 3.937013 5.905513 7.874016 3.937013 0.787403 3.723315 3.937013 0.787403 7.283464 3.937013 0.000001 6.006779 3.937013 0.000001 0.000000 1.968509 5.174429 1.676070 3.937013 5.905513 1.676070 0.000005 5.905513 7.874016 0.000005 5.905513 7.283464 0.000005 0.787403 1.676070 0.000005 5.905513 3.723315 0.000005 0.787403 7.283464 0.000005 0.000001 6.006779 0.000005 0.000001 7.874016 0.000005 0.787403 11.811023 0.393706 1.968505 11.811023 3.543312 1.968505 7.874016 0.393706 1.968505 7.874016 3.543312 1.968505 20.866140 3.937013 8.267718 20.866140 3.937013 5.905513 20.866140 3.543312 8.267718 20.866140 3.543312 5.905513 22.440945 3.543312 8.267718 20.866140 3.543312 8.267718 22.440945 3.937013 8.267718 20.866140 3.937013 8.267718 20.866140 3.543312 5.905513 20.866140 3.937013 5.905513 19.685040 3.543312 5.905513 19.685040 3.937013 5.905513 22.440945 3.543312 5.905513 20.866140 3.543312 5.905513 23.622046 3.543312 5.905513 19.685040 3.543312 5.905513 23.622046 3.543312 1.968505 19.685040 3.543312 1.968505 22.440945 3.543312 8.267718 20.866140 3.543312 8.267718 23.622046 3.937013 5.905513 23.622046 3.543312 5.905513 23.622046 3.937013 1.968505 23.622046 3.543312 1.968505 23.622046 3.543312 5.905513 23.622046 3.937013 5.905513 22.440945 3.543312 5.905513 22.440945 3.937013 5.905513 22.440945 3.937013 5.905513 22.440945 3.937013 8.267718 22.440945 3.543312 5.905513 22.440945 3.543312 8.267718 7.874016 0.000005 0.787403 7.874016 3.937013 0.787403 7.283464 0.000005 0.787403 7.283464 3.937013 0.787403 7.283464 3.937013 0.787403 7.283464 3.937013 0.000001 7.283464 0.000005 0.787403 7.283464 0.000005 0.000001 7.283464 0.000005 0.000001 7.283464 3.937013 0.000001 6.006779 0.000005 0.000001 6.006779 3.937013 0.000001 4.038275 1.968509 0.000001 6.006779 3.937013 0.000001 3.723315 3.937013 0.787403 4.038275 1.968509 0.000001 1.754810 1.968509 0.787403 3.723315 3.937013 0.787403 1.676070 3.937013 5.905513 1.754810 1.968509 0.787403 0.000000 1.968509 5.174429 0.000000 1.968509 5.174429 1.676070 0.000005 5.905513 1.754810 1.968509 0.787403 3.723315 0.000005 0.787403 6.006779 0.000005 0.000001 4.038275 1.968509 0.000001 3.723315 0.000005 0.787403 1.754810 1.968509 0.787403 "
									            />
								</IndexedFaceSet>
							</Shape>
						</Group>
					</Transform>
				</Transform>
				<Transform DEF="散枓_010_TRANSFORM"
				           translation="3743.307129 30.314959 -103.545624"
				           scale="1.000000 1.000000 1.000000"
				           rotation="0.000000 0.000000 1.000000 3.141593"
				           >
					<Transform DEF="散枓_010_ifs_TRANSFORM"
					           translation="0.000001 0.000000 0.000000"
					           scale="1.000000 1.000000 1.000000"
					           rotation="0.000000 1.000000 0.000000 0.000000"
					           >
						<Group USE="group_ME_ID103_003" />
					</Transform>
				</Transform>
				<Transform DEF="散枓_011_TRANSFORM"
				           translation="3743.307129 24.409447 -95.277908"
				           scale="1.000000 1.000000 1.000000"
				           rotation="0.000000 0.000000 1.000000 3.141593"
				           >
					<Transform DEF="散枓_011_ifs_TRANSFORM"
					           translation="-0.000000 -0.000000 -0.000000"
					           scale="1.000000 1.000000 1.000000"
					           rotation="0.000000 1.000000 0.000000 0.000000"
					           >
						<Group USE="group_ME_ID103_003" />
					</Transform>
				</Transform>
				<Transform DEF="散枓_012_TRANSFORM"
				           translation="3755.118164 28.346455 -95.277908"
				           scale="1.000000 1.000000 1.000000"
				           rotation="0.000000 0.000000 1.000000 3.141593"
				           >
					<Transform DEF="散枓_012_ifs_TRANSFORM"
					           translation="0.000000 0.000000 -0.000001"
					           scale="1.000000 1.000000 1.000000"
					           rotation="0.000000 1.000000 0.000000 0.000000"
					           >
						<Group USE="group_ME_ID103_003" />
					</Transform>
				</Transform>
				<Transform DEF="散枓_013_TRANSFORM"
				           translation="3755.118164 52.755905 -95.277908"
				           scale="1.000000 1.000000 1.000000"
				           rotation="0.000000 0.000000 1.000000 3.141593"
				           >
					<Transform DEF="散枓_013_ifs_TRANSFORM"
					           translation="0.000000 -0.000002 0.000000"
					           scale="1.000000 1.000000 1.000000"
					           rotation="0.000000 1.000000 0.000000 0.000000"
					           >
						<Group USE="group_ME_ID103_003" />
					</Transform>
				</Transform>
				<Transform DEF="散枓_014_TRANSFORM"
				           translation="3743.307129 56.692909 -95.277908"
				           scale="1.000000 1.000000 1.000000"
				           rotation="0.000000 0.000000 1.000000 3.141593"
				           >
					<Transform DEF="散枓_014_ifs_TRANSFORM"
					           translation="-0.000000 -0.000002 0.000001"
					           scale="1.000000 1.000000 1.000000"
					           rotation="0.000000 1.000000 0.000000 0.000000"
					           >
						<Group USE="group_ME_ID103_003" />
					</Transform>
				</Transform>
				<Transform DEF="交互枓_7_005_TRANSFORM"
				           translation="3725.196777 34.251968 -103.545624"
				           scale="1.000000 1.000000 1.000000"
				           rotation="0.000000 0.000000 0.000000 0.000000"
				           >
					<Transform DEF="交互枓_7_005_ifs_TRANSFORM"
					           translation="0.000000 -0.000000 0.000000"
					           scale="1.000000 1.000000 1.000000"
					           rotation="0.000000 1.000000 0.000000 0.000000"
					           >
						<Group USE="group_ME_ID264" />
					</Transform>
				</Transform>
				<Transform DEF="散枓_015_TRANSFORM"
				           translation="3743.307129 50.787403 -103.545624"
				           scale="1.000000 1.000000 1.000000"
				           rotation="0.000000 0.000000 1.000000 3.141593"
				           >
					<Transform DEF="散枓_015_ifs_TRANSFORM"
					           translation="0.000001 -0.000001 0.000000"
					           scale="1.000000 1.000000 1.000000"
					           rotation="0.000000 1.000000 0.000000 0.000000"
					           >
						<Group USE="group_ME_ID103_003" />
					</Transform>
				</Transform>
			</Transform>
			<Transform DEF="instance_51_TRANSFORM"
			           translation="3423.111816 -16.812220 127.148651"
			           scale="-1.000000 -1.000000 -1.000000"
			           rotation="-1.000000 0.000000 0.000000 3.141593"
			           >
				<Transform DEF="instance_51_ifs_TRANSFORM"
				           translation="0.000000 -0.000000 0.000001"
				           scale="1.000000 1.000000 1.000000"
				           rotation="0.000000 1.000000 0.000000 0.000000"
				           >
					<Group DEF="group_ME_ID1453">
						<Shape>
							<Appearance>
							</Appearance>
							<IndexedFaceSet solid="false"
							                coordIndex="0 1 2 -1 3 0 2 -1 2 1 4 -1 5 6 7 -1 8 0 3 -1 9 10 11 -1 10 12 11 -1 11 12 13 -1 14 13 12 -1 1 15 4 -1 16 17 18 -1 17 19 18 -1 18 19 9 -1 10 9 19 -1 20 6 5 -1 7 6 21 -1 3 22 8 -1 23 13 24 -1 14 24 13 -1 25 26 27 -1 28 25 29 -1 4 15 30 -1 31 29 32 -1 33 32 34 -1 35 36 37 -1 36 38 37 -1 37 38 16 -1 17 16 38 -1 39 6 20 -1 6 40 21 -1 22 41 8 -1 27 42 43 -1 22 44 41 -1 45 46 47 -1 48 47 46 -1 26 42 27 -1 28 26 25 -1 31 28 29 -1 15 49 30 -1 33 31 32 -1 50 33 34 -1 51 34 52 -1 53 52 54 -1 55 56 57 -1 56 58 57 -1 57 58 35 -1 36 35 58 -1 59 60 61 -1 30 62 59 -1 63 6 39 -1 40 64 21 -1 65 66 67 -1 68 69 70 -1 46 45 71 -1 68 70 72 -1 68 72 73 -1 68 73 74 -1 49 62 30 -1 21 64 75 -1 68 74 76 -1 77 76 78 -1 51 50 34 -1 53 51 52 -1 79 53 54 -1 80 81 82 -1 83 84 55 -1 56 55 84 -1 85 86 87 -1 61 88 85 -1 79 54 81 -1 62 60 59 -1 60 88 61 -1 67 89 90 -1 66 89 67 -1 91 92 93 -1 94 95 96 -1 93 92 97 -1 75 64 98 -1 99 68 76 -1 77 99 76 -1 77 78 100 -1 101 100 102 -1 103 102 104 -1 80 79 81 -1 105 80 82 -1 105 82 106 -1 107 108 83 -1 84 83 108 -1 87 109 110 -1 88 86 85 -1 86 109 87 -1 98 111 112 -1 112 113 114 -1 89 115 90 -1 116 91 93 -1 95 117 96 -1 94 96 118 -1 93 97 118 -1 64 111 98 -1 119 120 121 -1 122 121 123 -1 101 77 100 -1 103 101 102 -1 103 104 124 -1 125 124 126 -1 106 127 105 -1 128 105 127 -1 129 130 107 -1 108 107 130 -1 131 110 132 -1 109 132 110 -1 114 113 133 -1 133 134 135 -1 111 113 112 -1 90 115 136 -1 137 138 93 -1 116 93 138 -1 117 139 96 -1 140 118 141 -1 96 141 118 -1 140 137 118 -1 93 118 137 -1 122 119 121 -1 142 122 123 -1 142 123 143 -1 144 143 145 -1 125 146 124 -1 103 124 146 -1 126 147 125 -1 148 125 147 -1 149 128 127 -1 150 151 152 -1 151 153 152 -1 152 153 129 -1 130 129 153 -1 132 154 131 -1 155 135 156 -1 134 156 135 -1 134 133 157 -1 113 157 133 -1 136 158 159 -1 115 158 136 -1 160 161 137 -1 138 137 161 -1 141 96 162 -1 139 162 96 -1 163 140 164 -1 141 164 140 -1 163 160 140 -1 137 140 160 -1 144 142 143 -1 145 165 144 -1 166 144 165 -1 165 145 167 -1 125 148 146 -1 168 146 148 -1 169 148 147 -1 170 128 149 -1 171 170 149 -1 172 173 171 -1 174 175 176 -1 175 177 176 -1 176 177 150 -1 151 150 177 -1 178 179 180 -1 181 180 154 -1 132 181 154 -1 156 182 155 -1 156 134 183 -1 157 183 134 -1 159 184 185 -1 184 159 186 -1 158 186 159 -1 187 188 160 -1 161 160 188 -1 164 141 189 -1 162 189 141 -1 187 163 190 -1 164 190 163 -1 160 163 187 -1 190 164 191 -1 189 191 164 -1 165 192 166 -1 193 166 192 -1 167 194 165 -1 192 165 194 -1 148 169 168 -1 195 168 169 -1 173 170 171 -1 196 173 172 -1 197 198 199 -1 198 200 199 -1 199 200 174 -1 175 174 200 -1 201 202 203 -1 204 203 179 -1 205 196 172 -1 206 207 205 -1 178 204 179 -1 181 178 180 -1 156 183 182 -1 208 182 183 -1 209 185 210 -1 184 210 185 -1 210 184 211 -1 186 211 184 -1 212 213 187 -1 188 187 213 -1 214 215 216 -1 214 217 215 -1 217 212 215 -1 215 212 190 -1 187 190 212 -1 218 215 191 -1 190 191 215 -1 219 220 192 -1 193 192 220 -1 219 192 194 -1 221 195 169 -1 222 195 221 -1 223 224 225 -1 224 226 225 -1 225 226 197 -1 198 197 226 -1 227 228 229 -1 230 229 202 -1 231 232 206 -1 233 234 231 -1 201 235 202 -1 204 201 203 -1 207 196 205 -1 236 207 206 -1 208 237 238 -1 208 238 182 -1 210 239 209 -1 210 211 239 -1 240 239 211 -1 217 241 212 -1 213 212 241 -1 242 217 243 -1 214 243 217 -1 244 243 216 -1 214 216 243 -1 245 216 218 -1 215 218 216 -1 246 220 219 -1 247 195 222 -1 248 249 223 -1 224 223 249 -1 250 251 252 -1 253 251 228 -1 254 255 233 -1 256 254 257 -1 230 227 229 -1 227 253 228 -1 235 230 202 -1 232 236 206 -1 234 232 231 -1 255 234 233 -1 258 259 260 -1 261 260 237 -1 262 247 222 -1 263 264 262 -1 208 261 237 -1 240 265 239 -1 266 241 242 -1 217 242 241 -1 267 242 268 -1 243 268 242 -1 269 268 244 -1 243 244 268 -1 270 244 245 -1 216 245 244 -1 271 220 246 -1 272 257 273 -1 274 275 276 -1 277 276 275 -1 278 250 279 -1 279 250 252 -1 253 252 251 -1 256 255 254 -1 272 256 257 -1 280 281 282 -1 280 283 281 -1 258 282 259 -1 284 264 263 -1 285 286 284 -1 287 286 285 -1 261 258 260 -1 264 247 262 -1 240 288 265 -1 289 266 267 -1 242 267 266 -1 268 290 267 -1 291 269 270 -1 244 270 269 -1 292 268 269 -1 293 271 246 -1 294 286 295 -1 280 296 297 -1 277 298 276 -1 280 297 299 -1 280 299 283 -1 300 286 287 -1 295 286 300 -1 301 280 282 -1 258 301 282 -1 302 264 284 -1 302 284 303 -1 286 303 284 -1 288 304 265 -1 288 305 304 -1 289 267 306 -1 267 290 307 -1 269 291 308 -1 309 271 293 -1 292 269 310 -1 311 312 313 -1 305 313 304 -1 314 309 293 -1 314 315 316 -1 317 316 315 -1 306 267 307 -1 305 311 313 -1 269 308 310 -1 316 309 314 -1 "
							                >
								<Coordinate DEF="coords_ME_ID1453"
								            point="21.598883 20.282412 10.006769 22.678747 20.611433 10.259723 21.598883 19.834913 11.154856 20.159063 19.453440 10.104986 22.678747 20.121017 11.574802 21.598883 20.282412 10.006769 30.316544 18.820093 -0.000000 22.678747 20.611433 10.259723 20.159063 19.843716 9.374387 21.598883 19.834913 11.154856 21.598883 13.868268 11.154856 20.159063 19.453440 10.104986 20.159063 14.249742 10.104987 19.799109 19.199123 9.842520 19.799109 14.504057 9.842520 24.298546 20.830780 10.639153 24.298546 20.311754 12.204723 24.298546 13.391424 12.204723 22.678747 20.121017 11.574802 22.678747 13.582161 11.574802 20.159063 19.843716 9.374387 24.298546 20.830780 10.639153 19.799109 19.199123 9.842520 18.899221 18.820093 8.267716 18.899221 14.883085 8.267716 20.159063 14.249742 10.104987 20.159063 13.859465 9.374387 19.799109 14.504057 9.842520 21.598883 13.420769 10.006769 21.598883 13.868268 11.154856 24.298546 20.311754 12.204723 22.678747 13.091748 10.259723 22.678747 13.582161 11.574802 24.298546 12.872400 10.639153 24.298546 13.391424 12.204723 27.898096 20.629650 12.992126 27.898096 13.073530 12.992126 26.458277 20.566071 12.677165 26.458277 13.137109 12.677165 19.799109 19.551252 9.216291 31.576387 19.843716 1.867451 19.799109 19.551252 9.216291 19.799109 14.151928 9.216291 18.899221 14.883085 8.267716 18.899221 18.820093 8.267716 30.316544 14.883085 -0.000000 30.316544 18.820093 -0.000000 18.899221 14.883085 8.267716 18.899221 18.820093 8.267716 26.458277 21.123243 10.923725 26.458277 12.579936 10.923725 27.898096 12.506821 11.113440 26.458277 13.137109 12.677165 29.006741 12.450521 11.191348 27.898096 13.073530 12.992126 32.397533 20.788599 13.517060 32.397533 12.914582 13.517060 31.497646 20.788599 13.412072 31.497646 12.914582 13.412072 26.458277 20.566071 12.677165 29.006741 21.252657 11.191348 27.898096 20.629650 12.992126 27.898096 21.196360 11.113440 18.899221 18.820093 8.267716 32.416283 20.099621 3.112418 30.316544 18.820093 -0.000000 31.576387 19.453440 0.629921 31.576387 19.843716 1.867451 30.316544 14.883085 -0.000000 18.899221 14.883085 8.267716 19.799109 14.151928 9.216291 33.001019 16.851591 0.698640 20.159063 13.859465 9.374387 21.598883 13.420769 10.006769 22.678747 13.091748 10.259723 26.458277 21.123243 10.923725 24.298546 12.872400 10.639153 32.416283 13.603559 3.112418 26.458277 12.579936 10.923725 31.497646 12.324031 11.366393 32.397533 12.324031 11.429631 31.497646 12.914582 13.412072 32.397533 12.914582 13.517060 37.796856 20.788599 13.779528 37.796856 12.914582 13.779528 31.497646 20.788599 13.412072 32.397533 21.379148 11.429631 32.397533 20.788599 13.517060 31.497646 21.379148 11.366393 32.416283 19.675966 1.049869 32.416283 20.099621 3.112418 31.576387 19.453440 0.629921 30.316544 18.820093 -0.000000 33.001019 17.871086 0.698640 33.001019 16.851591 0.698640 30.316544 14.883085 -0.000000 33.001019 15.832095 0.698640 33.001019 16.851591 0.698640 27.898096 21.196360 11.113440 31.576387 13.859465 1.867451 27.898096 12.506821 11.113440 34.096069 13.091747 3.734901 29.006741 12.450521 11.191348 36.615757 12.750541 4.668627 31.497646 12.324031 11.366393 37.796856 12.324031 11.587728 37.796856 12.914582 13.779528 38.859852 20.788599 13.779528 38.859852 12.914582 13.779528 37.796856 21.379148 11.587728 37.796856 20.788599 13.779528 34.096069 20.611433 3.734901 29.006741 21.252657 11.191348 36.615757 20.952639 4.668627 31.497646 21.379148 11.366393 34.096069 20.121019 1.259843 32.416283 19.675966 1.049869 31.576387 14.249742 0.629921 33.265762 16.851589 0.716334 31.576387 14.249742 0.629921 30.316544 14.883085 -0.000000 31.576387 13.859465 1.867451 32.416283 14.027215 1.049869 32.416283 13.603559 3.112418 32.397533 12.324031 11.429631 37.796856 12.576259 4.765808 37.796856 12.324031 11.587728 38.859852 12.914582 13.779528 38.859852 12.324031 11.587728 44.259174 20.788599 13.517060 44.259174 12.914582 13.517060 38.859852 20.788599 13.779528 38.859852 21.379148 11.587728 32.397533 21.379148 11.429631 37.796856 21.126923 4.765808 37.796856 21.379148 11.587728 34.096069 20.611433 3.734901 34.495792 18.267118 0.885487 34.096069 20.121019 1.259843 32.416283 14.027215 1.049869 34.763702 16.851589 0.897967 34.495792 15.436061 0.885487 34.096069 13.582161 1.259843 34.096069 13.091747 3.734901 36.615757 13.285460 1.574803 36.615757 12.750541 4.668627 37.796856 12.590600 4.668626 38.859852 12.324031 11.587728 38.859852 12.576259 4.765808 44.259174 12.914582 13.517060 48.758610 20.629650 12.992126 48.758610 13.073530 12.992126 45.159061 20.788599 13.412072 45.159061 12.914582 13.412072 44.259174 20.788599 13.517060 38.859852 21.379148 11.587728 38.859852 21.126923 4.765808 37.796856 21.112581 4.668626 36.615757 20.417721 1.574803 36.615757 20.952639 4.668627 36.860718 18.545597 1.181102 36.615757 20.417721 1.574803 34.096069 13.582161 1.259843 37.060192 16.851589 1.181102 36.860718 15.157582 1.181102 37.796856 13.112948 1.768167 37.796856 13.146380 1.574803 37.796856 12.590600 4.668626 38.859852 12.590600 4.668626 44.259174 12.324031 11.429631 44.259174 12.324031 11.429631 45.159061 12.914582 13.412072 48.758610 13.073530 12.992126 45.159061 12.324031 11.366393 52.358162 20.311754 12.204723 52.358162 13.391424 12.204723 50.198433 20.566071 12.677165 50.198433 13.137109 12.677165 45.159061 21.379148 11.366393 48.758610 20.629650 12.992126 45.159061 20.788599 13.412072 44.259174 21.379148 11.429631 44.259174 21.379148 11.429631 38.859852 21.112581 4.668626 37.796856 20.590231 1.768167 37.796856 21.112581 4.668626 37.796856 20.556799 1.574803 37.796856 18.655832 1.181102 37.796856 20.556799 1.574803 36.615757 13.285460 1.574803 37.796856 15.047349 1.181102 37.796856 13.146380 1.574803 38.859852 13.112948 1.768167 38.859852 13.146380 1.574803 38.859852 12.590600 4.668626 40.040951 12.750541 4.668627 47.649967 12.450521 11.191348 55.057827 19.834913 11.154856 55.057827 13.868268 11.154856 53.977962 20.121017 11.574802 53.977962 13.582161 11.574802 48.758610 21.196360 11.113440 52.358162 20.311754 12.204723 50.198433 20.566071 12.677165 47.649967 21.252657 11.191348 50.198433 13.137109 12.677165 52.358162 13.391424 12.204723 48.758610 12.506821 11.113440 40.040951 20.952639 4.668627 38.859852 21.112581 4.668626 38.859852 20.590231 1.768167 38.859852 20.556799 1.574803 38.859852 18.655832 1.181102 38.859852 20.556799 1.574803 39.596516 16.851589 1.181102 38.859852 15.047349 1.181102 39.795990 15.157582 1.181102 39.795990 18.545597 1.181102 38.859852 13.146380 1.574803 40.040951 12.750541 4.668627 40.040951 13.285460 1.574803 45.159061 12.324031 11.366393 47.649967 12.450521 11.191348 56.857597 19.199123 9.842520 56.857597 14.504057 9.842520 56.497643 19.453440 10.104986 56.497643 14.249742 10.104987 53.977962 20.611433 10.259723 55.057827 19.834913 11.154856 53.977962 20.121017 11.574802 52.358162 20.830780 10.639153 53.977962 13.582161 11.574802 52.358162 12.872400 10.639153 55.057827 13.868268 11.154856 53.977962 13.091748 10.259723 50.198433 21.123243 10.923725 50.198433 12.579936 10.923725 47.649967 21.252657 11.191348 45.159061 21.379148 11.366393 40.040951 20.952639 4.668627 40.040951 20.417721 1.574803 40.040951 20.417721 1.574803 42.160919 18.267118 0.885487 41.893002 16.851589 0.897967 42.160919 15.436061 0.885487 40.040951 13.285460 1.574803 42.560638 13.091747 3.734901 42.560638 13.091747 3.734901 57.757488 18.820093 8.267716 57.757488 14.883085 8.267716 56.857597 19.199123 9.842520 56.497643 19.453440 10.104986 56.497643 19.843716 9.374387 55.057827 20.282412 10.006769 56.497643 14.249742 10.104987 55.057827 13.420769 10.006769 56.497643 13.859465 9.374387 56.857597 14.504057 9.842520 44.240429 20.099621 3.112418 50.198433 21.123243 10.923725 48.758610 21.196360 11.113440 42.560638 20.611433 3.734901 48.758610 12.506821 11.113440 50.198433 12.579936 10.923725 44.240429 13.603559 3.112418 42.560638 20.611433 3.734901 42.560638 20.121019 1.259843 43.655689 17.871086 0.698640 43.390945 16.851589 0.716334 43.655689 15.832095 0.698640 42.560638 13.582161 1.259843 42.560638 13.582161 1.259843 56.857597 14.151928 9.216291 57.757488 14.883085 8.267716 57.757488 14.883085 8.267716 57.757488 18.820093 8.267716 46.340168 14.883085 -0.000000 46.340168 18.820093 -0.000000 57.757488 18.820093 8.267716 56.857597 19.551252 9.216291 46.340168 18.820093 -0.000000 53.977962 20.611433 10.259723 52.358162 20.830780 10.639153 55.057827 20.282412 10.006769 52.358162 12.872400 10.639153 53.977962 13.091748 10.259723 46.340168 14.883085 -0.000000 55.057827 13.420769 10.006769 42.560638 20.121019 1.259843 44.240429 19.675966 1.049869 43.655689 16.851591 0.698640 44.240429 14.027215 1.049869 43.655689 16.851591 0.698640 44.240429 13.603559 3.112418 57.757488 14.883085 8.267716 56.857597 14.151928 9.216291 57.757488 18.820093 8.267716 56.857597 19.551252 9.216291 43.655689 16.851591 0.698640 56.497643 19.843716 9.374387 56.497643 13.859465 9.374387 45.080326 19.843716 1.867451 45.080326 13.859465 1.867451 46.283066 14.836695 0.084634 44.240429 20.099621 3.112418 44.240429 19.675966 1.049869 45.080326 19.453440 0.629921 46.340168 18.820093 -0.000000 45.080326 14.249742 0.629921 44.240429 14.027215 1.049869 46.340168 14.883085 -0.000000 45.080326 19.453440 0.629921 46.340168 18.820093 -0.000000 45.080326 19.843716 1.867451 45.080326 13.859465 1.867451 46.283066 14.836695 0.084634 45.080326 14.249742 0.629921 46.340168 14.883085 -0.000000 "
								            />
							</IndexedFaceSet>
						</Shape>
					</Group>
				</Transform>
				<Transform DEF="group_129_002_TRANSFORM"
				           translation="3412.637695 31.695305 -127.148651"
				           scale="-1.000000 -1.000000 -1.000000"
				           rotation="1.000000 -0.000000 -0.000000 3.141593"
				           >
					<Transform DEF="group_129_002_ifs_TRANSFORM"
					           translation="0.000000 0.000000 0.000000"
					           scale="1.000000 1.000000 1.000000"
					           rotation="0.000000 1.000000 0.000000 0.000000"
					           >
						<Group DEF="group_ME_ID1439_002">
							<Shape>
								<Appearance>
								</Appearance>
								<IndexedFaceSet solid="false"
								                coordIndex="0 1 2 -1 3 2 1 -1 4 5 6 -1 5 7 6 -1 7 8 6 -1 6 8 9 -1 10 9 8 -1 11 12 13 -1 14 13 12 -1 15 16 17 -1 17 16 18 -1 18 16 19 -1 19 16 20 -1 21 20 16 -1 22 23 24 -1 25 24 23 -1 26 27 22 -1 23 22 27 -1 28 27 29 -1 26 29 27 -1 30 31 32 -1 33 32 31 -1 34 35 36 -1 37 36 35 -1 "
								                >
									<Coordinate DEF="coords_ME_ID1439_002"
									            point="-12.836069 3.937008 0.000000 -12.836069 3.937008 5.905512 -12.836069 -0.000000 0.000000 -12.836069 -0.000000 5.905512 -10.473865 3.937008 8.267716 -11.654968 3.937008 7.951241 8.425197 3.937008 8.267716 -12.519594 3.937008 7.086615 -12.836069 3.937008 5.905512 19.842520 3.937008 0.000000 -12.836069 3.937008 0.000000 19.842520 0.000000 0.000000 19.842520 3.937008 0.000000 -12.836069 -0.000000 0.000000 -12.836069 3.937008 0.000000 -10.473865 -0.000000 8.267716 8.425197 0.000000 8.267716 -11.654968 -0.000000 7.951241 -12.519594 -0.000000 7.086615 -12.836069 -0.000000 5.905512 -12.836069 -0.000000 0.000000 19.842520 0.000000 0.000000 -12.519594 3.937008 7.086615 -12.519594 -0.000000 7.086615 -12.836069 3.937008 5.905512 -12.836069 -0.000000 5.905512 -11.654968 3.937008 7.951241 -11.654968 -0.000000 7.951241 -10.473865 -0.000000 8.267716 -10.473865 3.937008 8.267716 8.425197 0.000000 8.267716 -10.473865 -0.000000 8.267716 8.425197 3.937008 8.267716 -10.473865 3.937008 8.267716 19.842520 0.000000 0.000000 8.425197 0.000000 8.267716 19.842520 3.937008 0.000000 8.425197 3.937008 8.267716 "
									            />
								</IndexedFaceSet>
							</Shape>
						</Group>
					</Transform>
				</Transform>
				<Transform DEF="group_130_002_TRANSFORM"
				           translation="3376.771729 30.514204 -127.148651"
				           scale="-1.000000 -1.000000 -1.000000"
				           rotation="1.000000 -0.000000 -0.000000 3.141593"
				           >
					<Transform DEF="group_131_002_TRANSFORM"
					           translation="-46.340168 -12.520882 -0.000000"
					           scale="1.000000 1.000000 1.000000"
					           rotation="0.000000 1.000000 0.000000 0.000000"
					           >
						<Transform DEF="group_131_002_ifs_TRANSFORM"
						           translation="0.000000 0.000000 0.000000"
						           scale="1.000000 1.000000 1.000000"
						           rotation="0.000000 1.000000 0.000000 0.000000"
						           >
							<Group DEF="group_ME_ID1447">
								<Shape>
									<Appearance>
									</Appearance>
									<IndexedFaceSet solid="false"
									                coordIndex="0 1 2 -1 3 2 1 -1 4 5 6 -1 5 7 6 -1 6 7 8 -1 7 9 8 -1 8 9 10 -1 9 11 10 -1 11 12 10 -1 10 12 13 -1 12 14 13 -1 13 14 15 -1 16 15 14 -1 17 18 19 -1 20 19 18 -1 21 22 23 -1 23 22 24 -1 25 24 22 -1 26 27 28 -1 28 27 29 -1 27 30 29 -1 29 30 31 -1 30 32 31 -1 31 32 33 -1 33 32 21 -1 22 21 32 -1 34 35 36 -1 37 36 35 -1 38 39 40 -1 39 41 40 -1 40 41 42 -1 43 42 41 -1 44 45 38 -1 39 38 45 -1 46 47 48 -1 48 47 44 -1 44 47 45 -1 49 45 47 -1 50 51 52 -1 53 52 51 -1 54 55 56 -1 55 57 56 -1 56 57 58 -1 59 58 57 -1 60 61 62 -1 62 61 63 -1 63 61 64 -1 64 61 54 -1 55 54 61 -1 65 61 60 -1 66 67 68 -1 69 68 67 -1 70 71 72 -1 73 72 71 -1 74 75 76 -1 77 76 75 -1 78 79 36 -1 34 36 79 -1 80 81 78 -1 79 78 81 -1 82 83 80 -1 81 80 83 -1 84 85 86 -1 87 86 85 -1 88 89 90 -1 91 90 89 -1 92 93 94 -1 95 94 93 -1 96 97 98 -1 99 98 97 -1 100 101 102 -1 101 103 102 -1 104 102 105 -1 102 103 105 -1 103 106 105 -1 107 105 106 -1 108 109 110 -1 111 110 109 -1 112 113 114 -1 115 116 117 -1 117 116 112 -1 112 116 113 -1 118 119 116 -1 113 116 119 -1 120 121 122 -1 123 122 121 -1 124 125 126 -1 127 126 125 -1 128 129 130 -1 131 130 129 -1 132 133 134 -1 135 134 133 -1 136 137 138 -1 139 138 137 -1 140 141 142 -1 143 142 141 -1 "
									                >
										<Coordinate DEF="coords_ME_ID1447"
										            point="19.445192 3.937008 8.267716 19.445192 0.000000 8.267716 17.716536 3.937008 8.267716 17.716536 -0.000000 8.267716 19.445192 3.937008 8.267716 17.716536 3.937008 8.267716 20.142670 3.937008 7.911773 17.716536 3.937008 7.480315 20.696115 3.937008 7.357820 17.301691 3.937008 7.041184 21.051422 3.937008 6.660018 17.031532 3.937008 6.500865 16.929134 3.937008 5.905512 21.173849 3.937008 5.886597 16.141733 3.937008 5.905512 21.173849 3.937008 0.000000 16.535433 3.937008 0.000000 17.716536 3.937008 7.480315 17.716536 3.937008 8.267716 17.716536 -0.000000 7.480315 17.716536 -0.000000 8.267716 16.929134 0.000000 5.905512 21.173849 0.000000 5.886597 16.535433 0.000000 5.905512 16.535433 0.000000 0.000000 21.173849 0.000000 0.000000 19.445192 0.000000 8.267716 20.142670 0.000000 7.911773 17.716536 -0.000000 8.267716 17.716536 -0.000000 7.480315 20.696117 0.000000 7.357820 17.301691 0.000000 7.041184 21.051424 0.000000 6.660018 17.031532 0.000000 6.500865 20.142670 0.000000 7.911773 19.445192 0.000000 8.267716 20.142670 3.937008 7.911773 19.445192 3.937008 8.267716 12.992126 0.393701 0.000000 12.992126 3.543307 0.000000 12.992126 0.000000 0.000000 12.992126 3.937008 0.000000 0.000000 0.000000 0.000000 0.000000 3.937008 0.000000 16.535433 0.393701 0.000000 16.535433 3.543307 0.000000 21.173849 0.000000 0.000000 21.173849 3.937008 0.000000 16.535433 0.000000 0.000000 16.535433 3.937008 0.000000 16.535433 3.937008 0.000000 16.141733 3.937008 5.905512 16.535433 3.543307 0.000000 16.141733 3.543307 5.905512 12.992126 3.543307 5.905512 12.992126 0.393701 5.905512 12.992126 3.937008 5.905512 12.992126 0.000000 5.905512 12.204723 3.937008 5.905512 12.204723 0.000000 5.905512 16.929134 0.000000 5.905512 16.535433 0.393701 5.905512 16.929134 3.937008 5.905512 16.141733 3.937008 5.905512 16.141733 3.543307 5.905512 16.535433 0.000000 5.905512 16.929134 3.937008 5.905512 17.031532 3.937008 6.500865 16.929134 0.000000 5.905512 17.031532 0.000000 6.500865 17.031532 3.937008 6.500865 17.301691 3.937008 7.041184 17.031532 0.000000 6.500865 17.301691 0.000000 7.041184 17.301691 3.937008 7.041184 17.716536 3.937008 7.480315 17.301691 0.000000 7.041184 17.716536 -0.000000 7.480315 20.696115 3.937008 7.357820 20.696117 0.000000 7.357820 21.051422 3.937008 6.660018 21.051424 0.000000 6.660018 21.173849 3.937008 5.886597 21.173849 0.000000 5.886597 21.173849 3.937008 0.000000 21.173849 0.000000 0.000000 21.173849 3.937008 5.886597 21.173849 0.000000 5.886597 16.535433 0.393701 0.000000 16.535433 0.393701 5.905512 16.535433 0.000000 0.000000 16.535433 0.000000 5.905512 12.992126 0.393701 5.905512 16.535433 0.393701 5.905512 12.992126 0.393701 0.000000 16.535433 0.393701 0.000000 12.992126 0.393701 0.000000 12.992126 0.000000 0.000000 12.992126 0.393701 5.905512 12.992126 0.000000 5.905512 11.832167 0.000000 7.041184 12.102325 0.000000 6.500865 11.417322 0.000000 7.480315 12.204723 0.000000 5.905512 11.417322 0.000000 8.267716 0.000000 0.000000 0.000000 12.992126 0.000000 5.905512 12.992126 0.000000 0.000000 11.417322 3.937008 8.267716 11.417322 0.000000 8.267716 0.000000 3.937008 0.000000 0.000000 0.000000 0.000000 12.204723 3.937008 5.905512 12.992126 3.937008 0.000000 12.992126 3.937008 5.905512 11.832167 3.937008 7.041184 11.417322 3.937008 7.480315 12.102325 3.937008 6.500865 11.417322 3.937008 8.267716 0.000000 3.937008 0.000000 12.992126 3.937008 5.905512 12.992126 3.937008 0.000000 12.992126 3.543307 5.905512 12.992126 3.543307 0.000000 16.141733 3.543307 5.905512 12.992126 3.543307 5.905512 16.535433 3.543307 0.000000 12.992126 3.543307 0.000000 12.102325 3.937008 6.500865 12.204723 3.937008 5.905512 12.102325 0.000000 6.500865 12.204723 0.000000 5.905512 11.832167 3.937008 7.041184 12.102325 3.937008 6.500865 11.832167 0.000000 7.041184 12.102325 0.000000 6.500865 11.417322 3.937008 7.480315 11.832167 3.937008 7.041184 11.417322 0.000000 7.480315 11.832167 0.000000 7.041184 11.417322 3.937008 8.267716 11.417322 3.937008 7.480315 11.417322 0.000000 8.267716 11.417322 0.000000 7.480315 "
										            />
									</IndexedFaceSet>
								</Shape>
							</Group>
						</Transform>
					</Transform>
				</Transform>
			</Transform>
			<Transform DEF="instance_52_TRANSFORM"
			           translation="3679.250488 -16.812220 127.167671"
			           scale="1.000000 1.000000 1.000000"
			           rotation="0.000000 1.000000 0.000000 0.000000"
			           >
				<Transform DEF="instance_52_ifs_TRANSFORM"
				           translation="0.000000 0.000000 0.000000"
				           scale="1.000000 1.000000 1.000000"
				           rotation="0.000000 1.000000 0.000000 0.000000"
				           >
					<Group DEF="group_ME_ID1476">
						<Shape>
							<Appearance>
							</Appearance>
							<IndexedFaceSet solid="false"
							                coordIndex="0 1 2 -1 0 2 3 -1 4 1 0 -1 5 6 7 -1 3 2 8 -1 9 10 11 -1 10 9 12 -1 12 9 13 -1 12 13 14 -1 4 15 1 -1 16 14 13 -1 14 16 17 -1 17 16 18 -1 17 18 19 -1 7 6 20 -1 21 6 5 -1 8 22 3 -1 10 23 11 -1 23 10 24 -1 25 26 27 -1 28 27 29 -1 30 15 4 -1 31 28 32 -1 33 31 34 -1 35 19 18 -1 19 35 36 -1 36 35 37 -1 36 37 38 -1 20 6 39 -1 21 40 6 -1 8 41 22 -1 42 43 25 -1 41 44 22 -1 45 46 47 -1 46 45 48 -1 25 43 26 -1 27 26 29 -1 28 29 32 -1 30 49 15 -1 31 32 34 -1 33 34 50 -1 51 33 52 -1 53 51 54 -1 55 38 37 -1 38 55 56 -1 56 55 57 -1 56 57 58 -1 59 60 61 -1 61 62 30 -1 39 6 63 -1 21 64 40 -1 65 66 67 -1 68 69 70 -1 71 48 45 -1 72 68 70 -1 73 72 70 -1 74 73 70 -1 30 62 49 -1 75 64 21 -1 76 74 70 -1 77 76 78 -1 33 50 52 -1 51 52 54 -1 53 54 79 -1 80 81 82 -1 83 58 57 -1 58 83 84 -1 85 86 87 -1 87 88 59 -1 81 53 79 -1 61 60 62 -1 59 88 60 -1 89 90 65 -1 65 90 66 -1 91 92 93 -1 94 95 96 -1 97 92 91 -1 98 64 75 -1 76 70 99 -1 76 99 78 -1 100 77 78 -1 101 100 102 -1 103 101 104 -1 81 79 82 -1 80 82 105 -1 106 80 105 -1 107 84 83 -1 84 107 108 -1 109 110 85 -1 87 86 88 -1 85 110 86 -1 111 112 98 -1 113 114 111 -1 89 115 90 -1 91 93 116 -1 94 117 95 -1 118 94 96 -1 118 97 91 -1 98 112 64 -1 119 120 121 -1 122 119 123 -1 100 78 102 -1 101 102 104 -1 124 103 104 -1 125 124 126 -1 127 105 128 -1 105 127 106 -1 129 108 107 -1 108 129 130 -1 109 131 110 -1 131 109 132 -1 133 114 113 -1 134 135 133 -1 111 114 112 -1 136 115 89 -1 137 91 116 -1 91 137 138 -1 94 139 117 -1 118 140 94 -1 140 118 141 -1 138 118 91 -1 118 138 141 -1 119 121 123 -1 122 123 142 -1 143 122 142 -1 144 143 145 -1 146 124 104 -1 124 146 126 -1 147 126 148 -1 126 147 125 -1 127 128 149 -1 150 130 129 -1 130 150 151 -1 151 150 152 -1 151 152 153 -1 132 154 131 -1 134 155 135 -1 155 134 156 -1 133 157 114 -1 157 133 135 -1 158 159 136 -1 136 159 115 -1 160 138 137 -1 138 160 161 -1 94 162 139 -1 162 94 140 -1 141 163 140 -1 163 141 164 -1 161 141 138 -1 141 161 164 -1 143 142 145 -1 165 145 166 -1 145 165 144 -1 167 144 165 -1 148 146 168 -1 146 148 126 -1 147 148 169 -1 149 128 170 -1 149 170 171 -1 171 172 173 -1 174 153 152 -1 153 174 175 -1 175 174 176 -1 175 176 177 -1 178 179 180 -1 154 178 181 -1 154 181 131 -1 156 182 155 -1 135 183 157 -1 183 135 155 -1 184 185 158 -1 158 186 159 -1 186 158 185 -1 187 161 160 -1 161 187 188 -1 140 189 162 -1 189 140 163 -1 188 164 161 -1 164 190 163 -1 190 164 188 -1 163 191 189 -1 191 163 190 -1 192 166 193 -1 166 192 165 -1 194 165 192 -1 165 194 167 -1 169 168 195 -1 168 169 148 -1 171 170 172 -1 173 172 196 -1 197 177 176 -1 177 197 198 -1 198 197 199 -1 198 199 200 -1 201 202 203 -1 179 201 204 -1 173 196 205 -1 205 206 207 -1 179 204 180 -1 178 180 181 -1 183 182 208 -1 182 183 155 -1 184 209 185 -1 209 184 210 -1 185 211 186 -1 211 185 209 -1 212 188 187 -1 188 212 213 -1 213 190 188 -1 190 213 214 -1 214 213 215 -1 214 215 216 -1 217 214 216 -1 214 191 190 -1 191 214 218 -1 219 192 193 -1 192 219 220 -1 194 192 220 -1 169 195 221 -1 221 195 222 -1 223 200 199 -1 200 223 224 -1 224 223 225 -1 224 225 226 -1 227 228 229 -1 202 227 230 -1 207 231 232 -1 232 233 234 -1 202 235 203 -1 201 203 204 -1 205 196 206 -1 207 206 236 -1 237 238 208 -1 182 237 208 -1 210 239 209 -1 211 239 240 -1 239 211 209 -1 241 213 212 -1 213 241 215 -1 215 242 216 -1 242 215 243 -1 242 217 216 -1 217 242 244 -1 217 218 214 -1 218 217 245 -1 220 219 246 -1 222 195 247 -1 248 226 225 -1 226 248 249 -1 250 251 252 -1 228 251 253 -1 234 254 255 -1 256 255 257 -1 227 229 230 -1 228 253 229 -1 202 230 235 -1 207 236 231 -1 232 231 233 -1 234 233 254 -1 258 259 260 -1 238 258 261 -1 222 247 262 -1 262 263 264 -1 238 261 208 -1 239 265 240 -1 241 243 215 -1 243 241 266 -1 243 267 242 -1 267 243 268 -1 267 244 242 -1 244 267 269 -1 244 245 217 -1 245 244 270 -1 246 219 271 -1 272 256 273 -1 274 275 276 -1 275 274 277 -1 278 252 279 -1 250 252 278 -1 251 250 253 -1 255 254 257 -1 256 257 273 -1 280 281 282 -1 281 283 282 -1 259 280 260 -1 264 263 284 -1 284 285 286 -1 286 285 287 -1 258 260 261 -1 262 247 263 -1 265 288 240 -1 266 268 243 -1 268 266 289 -1 268 290 267 -1 269 270 244 -1 270 269 291 -1 269 267 292 -1 246 271 293 -1 294 285 295 -1 296 297 282 -1 275 298 276 -1 299 296 282 -1 283 299 282 -1 287 285 300 -1 300 285 294 -1 280 282 301 -1 280 301 260 -1 284 263 302 -1 284 303 285 -1 303 284 302 -1 265 304 288 -1 304 305 288 -1 306 268 289 -1 307 290 268 -1 308 291 269 -1 293 271 309 -1 310 269 292 -1 311 312 313 -1 304 311 305 -1 293 309 314 -1 315 316 317 -1 316 315 314 -1 307 268 306 -1 311 313 305 -1 310 308 269 -1 314 309 316 -1 "
							                >
								<Coordinate DEF="coords_ME_ID1476"
								            point="21.598883 19.834913 11.154856 22.678747 20.611433 10.259723 21.598883 20.282412 10.006769 20.159063 19.453440 10.104986 22.678747 20.121017 11.574802 22.678747 20.611433 10.259723 30.316544 18.820093 -0.000000 21.598883 20.282412 10.006769 20.159063 19.843716 9.374387 20.159063 14.249742 10.104987 19.799109 19.199123 9.842520 19.799109 14.504057 9.842520 20.159063 19.453440 10.104986 21.598883 13.868268 11.154856 21.598883 19.834913 11.154856 24.298546 20.830780 10.639153 22.678747 13.582161 11.574802 22.678747 20.121017 11.574802 24.298546 13.391424 12.204723 24.298546 20.311754 12.204723 20.159063 19.843716 9.374387 24.298546 20.830780 10.639153 19.799109 19.199123 9.842520 18.899221 14.883085 8.267716 18.899221 18.820093 8.267716 19.799109 14.504057 9.842520 20.159063 13.859465 9.374387 20.159063 14.249742 10.104987 21.598883 13.868268 11.154856 21.598883 13.420769 10.006769 24.298546 20.311754 12.204723 22.678747 13.582161 11.574802 22.678747 13.091748 10.259723 24.298546 13.391424 12.204723 24.298546 12.872400 10.639153 26.458277 13.137109 12.677165 26.458277 20.566071 12.677165 27.898096 13.073530 12.992126 27.898096 20.629650 12.992126 19.799109 19.551252 9.216291 31.576387 19.843716 1.867451 19.799109 19.551252 9.216291 18.899221 14.883085 8.267716 19.799109 14.151928 9.216291 18.899221 18.820093 8.267716 30.316544 18.820093 -0.000000 18.899221 14.883085 8.267716 18.899221 18.820093 8.267716 30.316544 14.883085 -0.000000 26.458277 21.123243 10.923725 26.458277 12.579936 10.923725 26.458277 13.137109 12.677165 27.898096 12.506821 11.113440 27.898096 13.073530 12.992126 29.006741 12.450521 11.191348 31.497646 12.914582 13.412072 31.497646 20.788599 13.412072 32.397533 12.914582 13.517060 32.397533 20.788599 13.517060 27.898096 20.629650 12.992126 29.006741 21.252657 11.191348 26.458277 20.566071 12.677165 27.898096 21.196360 11.113440 18.899221 18.820093 8.267716 32.416283 20.099621 3.112418 31.576387 19.843716 1.867451 31.576387 19.453440 0.629921 30.316544 18.820093 -0.000000 19.799109 14.151928 9.216291 18.899221 14.883085 8.267716 30.316544 14.883085 -0.000000 33.001019 16.851591 0.698640 20.159063 13.859465 9.374387 21.598883 13.420769 10.006769 22.678747 13.091748 10.259723 26.458277 21.123243 10.923725 24.298546 12.872400 10.639153 26.458277 12.579936 10.923725 32.416283 13.603559 3.112418 31.497646 12.324031 11.366393 32.397533 12.914582 13.517060 31.497646 12.914582 13.412072 32.397533 12.324031 11.429631 37.796856 12.914582 13.779528 37.796856 20.788599 13.779528 32.397533 20.788599 13.517060 32.397533 21.379148 11.429631 31.497646 20.788599 13.412072 31.497646 21.379148 11.366393 32.416283 20.099621 3.112418 32.416283 19.675966 1.049869 33.001019 17.871086 0.698640 30.316544 18.820093 -0.000000 31.576387 19.453440 0.629921 33.001019 15.832095 0.698640 30.316544 14.883085 -0.000000 33.001019 16.851591 0.698640 33.001019 16.851591 0.698640 27.898096 21.196360 11.113440 31.576387 13.859465 1.867451 27.898096 12.506821 11.113440 29.006741 12.450521 11.191348 34.096069 13.091747 3.734901 31.497646 12.324031 11.366393 36.615757 12.750541 4.668627 37.796856 12.324031 11.587728 37.796856 12.914582 13.779528 38.859852 12.914582 13.779528 38.859852 20.788599 13.779528 37.796856 20.788599 13.779528 37.796856 21.379148 11.587728 29.006741 21.252657 11.191348 34.096069 20.611433 3.734901 31.497646 21.379148 11.366393 36.615757 20.952639 4.668627 34.096069 20.121019 1.259843 32.416283 19.675966 1.049869 31.576387 14.249742 0.629921 33.265762 16.851589 0.716334 31.576387 13.859465 1.867451 30.316544 14.883085 -0.000000 31.576387 14.249742 0.629921 32.416283 13.603559 3.112418 32.416283 14.027215 1.049869 32.397533 12.324031 11.429631 37.796856 12.324031 11.587728 37.796856 12.576259 4.765808 38.859852 12.914582 13.779528 38.859852 12.324031 11.587728 44.259174 12.914582 13.517060 44.259174 20.788599 13.517060 38.859852 21.379148 11.587728 38.859852 20.788599 13.779528 32.397533 21.379148 11.429631 37.796856 21.379148 11.587728 37.796856 21.126923 4.765808 34.096069 20.611433 3.734901 34.096069 20.121019 1.259843 34.495792 18.267118 0.885487 32.416283 14.027215 1.049869 34.495792 15.436061 0.885487 34.763702 16.851589 0.897967 34.096069 13.582161 1.259843 34.096069 13.091747 3.734901 36.615757 12.750541 4.668627 36.615757 13.285460 1.574803 37.796856 12.590600 4.668626 38.859852 12.324031 11.587728 38.859852 12.576259 4.765808 44.259174 12.914582 13.517060 45.159061 12.914582 13.412072 45.159061 20.788599 13.412072 48.758610 13.073530 12.992126 48.758610 20.629650 12.992126 44.259174 20.788599 13.517060 38.859852 21.126923 4.765808 38.859852 21.379148 11.587728 37.796856 21.112581 4.668626 36.615757 20.952639 4.668627 36.615757 20.417721 1.574803 36.615757 20.417721 1.574803 36.860718 18.545597 1.181102 34.096069 13.582161 1.259843 36.860718 15.157582 1.181102 37.060192 16.851589 1.181102 37.796856 13.112948 1.768167 37.796856 13.146380 1.574803 37.796856 12.590600 4.668626 38.859852 12.590600 4.668626 44.259174 12.324031 11.429631 44.259174 12.324031 11.429631 45.159061 12.914582 13.412072 45.159061 12.324031 11.366393 48.758610 13.073530 12.992126 50.198433 13.137109 12.677165 50.198433 20.566071 12.677165 52.358162 13.391424 12.204723 52.358162 20.311754 12.204723 45.159061 20.788599 13.412072 48.758610 20.629650 12.992126 45.159061 21.379148 11.366393 44.259174 21.379148 11.429631 44.259174 21.379148 11.429631 38.859852 21.112581 4.668626 37.796856 21.112581 4.668626 37.796856 20.590231 1.768167 37.796856 20.556799 1.574803 37.796856 20.556799 1.574803 37.796856 18.655832 1.181102 36.615757 13.285460 1.574803 37.796856 15.047349 1.181102 37.796856 13.146380 1.574803 38.859852 13.112948 1.768167 38.859852 13.146380 1.574803 38.859852 12.590600 4.668626 40.040951 12.750541 4.668627 47.649967 12.450521 11.191348 53.977962 13.582161 11.574802 53.977962 20.121017 11.574802 55.057827 13.868268 11.154856 55.057827 19.834913 11.154856 50.198433 20.566071 12.677165 52.358162 20.311754 12.204723 48.758610 21.196360 11.113440 47.649967 21.252657 11.191348 50.198433 13.137109 12.677165 48.758610 12.506821 11.113440 52.358162 13.391424 12.204723 40.040951 20.952639 4.668627 38.859852 20.590231 1.768167 38.859852 21.112581 4.668626 38.859852 20.556799 1.574803 38.859852 20.556799 1.574803 38.859852 18.655832 1.181102 38.859852 15.047349 1.181102 39.795990 18.545597 1.181102 39.596516 16.851589 1.181102 39.795990 15.157582 1.181102 38.859852 13.146380 1.574803 40.040951 13.285460 1.574803 40.040951 12.750541 4.668627 45.159061 12.324031 11.366393 47.649967 12.450521 11.191348 56.497643 14.249742 10.104987 56.497643 19.453440 10.104986 56.857597 14.504057 9.842520 56.857597 19.199123 9.842520 53.977962 20.121017 11.574802 55.057827 19.834913 11.154856 53.977962 20.611433 10.259723 52.358162 20.830780 10.639153 52.358162 12.872400 10.639153 53.977962 13.582161 11.574802 53.977962 13.091748 10.259723 55.057827 13.868268 11.154856 50.198433 21.123243 10.923725 50.198433 12.579936 10.923725 45.159061 21.379148 11.366393 47.649967 21.252657 11.191348 40.040951 20.952639 4.668627 40.040951 20.417721 1.574803 40.040951 20.417721 1.574803 41.893002 16.851589 0.897967 42.160919 18.267118 0.885487 42.160919 15.436061 0.885487 40.040951 13.285460 1.574803 42.560638 13.091747 3.734901 42.560638 13.091747 3.734901 57.757488 14.883085 8.267716 57.757488 18.820093 8.267716 56.497643 19.843716 9.374387 56.497643 19.453440 10.104986 56.857597 19.199123 9.842520 55.057827 20.282412 10.006769 55.057827 13.420769 10.006769 56.497643 14.249742 10.104987 56.857597 14.504057 9.842520 56.497643 13.859465 9.374387 48.758610 21.196360 11.113440 50.198433 21.123243 10.923725 44.240429 20.099621 3.112418 42.560638 20.611433 3.734901 48.758610 12.506821 11.113440 44.240429 13.603559 3.112418 50.198433 12.579936 10.923725 42.560638 20.611433 3.734901 42.560638 20.121019 1.259843 43.390945 16.851589 0.716334 43.655689 17.871086 0.698640 43.655689 15.832095 0.698640 42.560638 13.582161 1.259843 42.560638 13.582161 1.259843 57.757488 14.883085 8.267716 56.857597 14.151928 9.216291 57.757488 18.820093 8.267716 46.340168 14.883085 -0.000000 46.340168 18.820093 -0.000000 57.757488 14.883085 8.267716 56.857597 19.551252 9.216291 57.757488 18.820093 8.267716 52.358162 20.830780 10.639153 53.977962 20.611433 10.259723 46.340168 18.820093 -0.000000 55.057827 20.282412 10.006769 52.358162 12.872400 10.639153 46.340168 14.883085 -0.000000 53.977962 13.091748 10.259723 55.057827 13.420769 10.006769 42.560638 20.121019 1.259843 44.240429 19.675966 1.049869 43.655689 16.851591 0.698640 44.240429 14.027215 1.049869 43.655689 16.851591 0.698640 44.240429 13.603559 3.112418 56.857597 14.151928 9.216291 57.757488 14.883085 8.267716 56.857597 19.551252 9.216291 57.757488 18.820093 8.267716 43.655689 16.851591 0.698640 56.497643 19.843716 9.374387 56.497643 13.859465 9.374387 45.080326 19.843716 1.867451 45.080326 13.859465 1.867451 46.283066 14.836695 0.084634 44.240429 20.099621 3.112418 44.240429 19.675966 1.049869 45.080326 19.453440 0.629921 46.340168 18.820093 -0.000000 45.080326 14.249742 0.629921 44.240429 14.027215 1.049869 46.340168 14.883085 -0.000000 45.080326 19.843716 1.867451 46.340168 18.820093 -0.000000 45.080326 19.453440 0.629921 45.080326 13.859465 1.867451 46.283066 14.836695 0.084634 45.080326 14.249742 0.629921 46.340168 14.883085 -0.000000 "
								            />
							</IndexedFaceSet>
						</Shape>
					</Group>
				</Transform>
				<Transform DEF="group_129_003_TRANSFORM"
				           translation="-3668.776367 31.695305 -127.167671"
				           scale="1.000000 1.000000 1.000000"
				           rotation="0.000000 1.000000 0.000000 0.000000"
				           >
					<Transform DEF="group_129_003_ifs_TRANSFORM"
					           translation="0.000000 0.000000 0.000000"
					           scale="1.000000 1.000000 1.000000"
					           rotation="0.000000 1.000000 0.000000 0.000000"
					           >
						<Group DEF="group_ME_ID1462">
							<Shape>
								<Appearance>
								</Appearance>
								<IndexedFaceSet solid="false"
								                coordIndex="0 1 2 -1 1 0 3 -1 4 5 6 -1 5 4 7 -1 7 4 8 -1 7 8 9 -1 7 9 10 -1 11 12 13 -1 12 11 14 -1 15 16 17 -1 16 15 18 -1 18 15 19 -1 19 15 20 -1 20 15 21 -1 22 23 24 -1 23 22 25 -1 26 25 22 -1 25 26 27 -1 26 28 27 -1 28 26 29 -1 30 31 32 -1 31 30 33 -1 34 35 36 -1 35 34 37 -1 "
								                >
									<Coordinate DEF="coords_ME_ID1462"
									            point="-12.836069 3.937008 5.905512 -12.836069 -0.000000 0.000000 -12.836069 -0.000000 5.905512 -12.836069 3.937008 0.000000 -12.836069 3.937008 5.905512 19.842520 3.937008 0.000000 -12.836069 3.937008 0.000000 8.425197 3.937008 8.267716 -12.519594 3.937008 7.086615 -11.654968 3.937008 7.951241 -10.473865 3.937008 8.267716 19.842520 3.937008 0.000000 -12.836069 -0.000000 0.000000 -12.836069 3.937008 0.000000 19.842520 0.000000 0.000000 8.425197 0.000000 8.267716 -12.836069 -0.000000 0.000000 19.842520 0.000000 0.000000 -12.836069 -0.000000 5.905512 -12.519594 -0.000000 7.086615 -11.654968 -0.000000 7.951241 -10.473865 -0.000000 8.267716 -12.519594 -0.000000 7.086615 -12.836069 3.937008 5.905512 -12.836069 -0.000000 5.905512 -12.519594 3.937008 7.086615 -11.654968 -0.000000 7.951241 -11.654968 3.937008 7.951241 -10.473865 3.937008 8.267716 -10.473865 -0.000000 8.267716 -10.473865 -0.000000 8.267716 8.425197 3.937008 8.267716 -10.473865 3.937008 8.267716 8.425197 0.000000 8.267716 8.425197 0.000000 8.267716 19.842520 3.937008 0.000000 8.425197 3.937008 8.267716 19.842520 0.000000 0.000000 "
									            />
								</IndexedFaceSet>
							</Shape>
						</Group>
					</Transform>
				</Transform>
				<Transform DEF="group_130_003_TRANSFORM"
				           translation="-3632.910400 30.514204 -127.167671"
				           scale="1.000000 1.000000 1.000000"
				           rotation="0.000000 1.000000 0.000000 0.000000"
				           >
					<Transform DEF="group_131_003_TRANSFORM"
					           translation="-46.340168 -12.520882 0.000000"
					           scale="1.000000 1.000000 1.000000"
					           rotation="0.000000 1.000000 0.000000 0.000000"
					           >
						<Transform DEF="group_131_003_ifs_TRANSFORM"
						           translation="0.000000 0.000000 0.000000"
						           scale="1.000000 1.000000 1.000000"
						           rotation="0.000000 1.000000 0.000000 0.000000"
						           >
							<Group DEF="group_ME_ID1470_001">
								<Shape>
									<Appearance>
									</Appearance>
									<IndexedFaceSet solid="false"
									                coordIndex="0 1 2 -1 1 0 3 -1 4 5 6 -1 5 4 7 -1 7 4 8 -1 7 8 9 -1 9 8 10 -1 9 10 11 -1 9 11 12 -1 12 11 13 -1 12 13 14 -1 14 13 15 -1 14 15 16 -1 17 18 19 -1 18 17 20 -1 21 22 23 -1 22 21 24 -1 24 21 25 -1 25 21 26 -1 25 26 27 -1 27 26 28 -1 27 28 29 -1 29 28 30 -1 23 31 32 -1 31 23 33 -1 33 23 22 -1 34 35 36 -1 35 34 37 -1 38 39 40 -1 39 38 41 -1 41 38 42 -1 42 38 43 -1 39 44 45 -1 44 39 41 -1 46 47 48 -1 47 46 49 -1 49 46 45 -1 49 45 44 -1 50 51 52 -1 51 50 53 -1 54 55 56 -1 55 57 58 -1 57 55 59 -1 59 55 60 -1 60 55 61 -1 61 55 54 -1 62 63 64 -1 63 62 65 -1 65 62 58 -1 65 58 57 -1 66 67 68 -1 67 66 69 -1 70 71 72 -1 71 70 73 -1 74 75 76 -1 75 74 77 -1 78 35 37 -1 35 78 79 -1 80 79 78 -1 79 80 81 -1 82 81 80 -1 81 82 83 -1 84 85 86 -1 85 84 87 -1 88 89 90 -1 89 88 91 -1 92 93 94 -1 93 92 95 -1 96 97 98 -1 97 96 99 -1 100 101 102 -1 101 100 103 -1 101 103 104 -1 101 104 105 -1 104 103 106 -1 104 106 107 -1 108 109 110 -1 109 108 111 -1 112 113 114 -1 113 112 115 -1 114 113 116 -1 116 113 117 -1 117 113 118 -1 119 114 116 -1 120 121 122 -1 121 120 123 -1 124 125 126 -1 125 124 127 -1 128 129 130 -1 129 128 131 -1 132 133 134 -1 133 132 135 -1 136 137 138 -1 137 136 139 -1 140 141 142 -1 141 140 143 -1 "
									                >
										<Coordinate DEF="coords_ME_ID1470_001"
										            point="19.445192 0.000000 8.267716 17.716536 3.937008 8.267716 17.716536 -0.000000 8.267716 19.445192 3.937008 8.267716 16.141733 3.937008 5.905512 21.173849 3.937008 0.000000 16.535433 3.937008 0.000000 21.173849 3.937008 5.886597 16.929134 3.937008 5.905512 21.051422 3.937008 6.660018 17.031532 3.937008 6.500865 17.301691 3.937008 7.041184 20.696115 3.937008 7.357820 17.716536 3.937008 7.480315 20.142670 3.937008 7.911773 17.716536 3.937008 8.267716 19.445192 3.937008 8.267716 17.716536 3.937008 8.267716 17.716536 -0.000000 7.480315 17.716536 -0.000000 8.267716 17.716536 3.937008 7.480315 21.051424 0.000000 6.660018 16.929134 0.000000 5.905512 21.173849 0.000000 5.886597 17.031532 0.000000 6.500865 17.301691 0.000000 7.041184 20.696117 0.000000 7.357820 17.716536 -0.000000 7.480315 20.142670 0.000000 7.911773 17.716536 -0.000000 8.267716 19.445192 0.000000 8.267716 16.535433 0.000000 0.000000 21.173849 0.000000 0.000000 16.535433 0.000000 5.905512 19.445192 0.000000 8.267716 20.142670 3.937008 7.911773 19.445192 3.937008 8.267716 20.142670 0.000000 7.911773 21.173849 3.937008 0.000000 16.535433 3.543307 0.000000 16.535433 3.937008 0.000000 16.535433 0.393701 0.000000 16.535433 0.000000 0.000000 21.173849 0.000000 0.000000 12.992126 0.393701 0.000000 12.992126 3.543307 0.000000 12.992126 3.937008 0.000000 0.000000 0.000000 0.000000 0.000000 3.937008 0.000000 12.992126 0.000000 0.000000 16.141733 3.937008 5.905512 16.535433 3.543307 0.000000 16.141733 3.543307 5.905512 16.535433 3.937008 0.000000 16.929134 0.000000 5.905512 16.535433 0.393701 5.905512 16.535433 0.000000 5.905512 12.992126 3.543307 5.905512 12.992126 0.393701 5.905512 16.141733 3.543307 5.905512 16.141733 3.937008 5.905512 16.929134 3.937008 5.905512 12.992126 0.000000 5.905512 12.204723 3.937008 5.905512 12.204723 0.000000 5.905512 12.992126 3.937008 5.905512 17.031532 3.937008 6.500865 16.929134 0.000000 5.905512 17.031532 0.000000 6.500865 16.929134 3.937008 5.905512 17.301691 3.937008 7.041184 17.031532 0.000000 6.500865 17.301691 0.000000 7.041184 17.031532 3.937008 6.500865 17.716536 3.937008 7.480315 17.301691 0.000000 7.041184 17.716536 -0.000000 7.480315 17.301691 3.937008 7.041184 20.696117 0.000000 7.357820 20.696115 3.937008 7.357820 21.051424 0.000000 6.660018 21.051422 3.937008 6.660018 21.173849 0.000000 5.886597 21.173849 3.937008 5.886597 21.173849 0.000000 0.000000 21.173849 3.937008 5.886597 21.173849 0.000000 5.886597 21.173849 3.937008 0.000000 16.535433 0.393701 5.905512 16.535433 0.000000 0.000000 16.535433 0.000000 5.905512 16.535433 0.393701 0.000000 16.535433 0.393701 5.905512 12.992126 0.393701 0.000000 16.535433 0.393701 0.000000 12.992126 0.393701 5.905512 12.992126 0.000000 0.000000 12.992126 0.393701 5.905512 12.992126 0.000000 5.905512 12.992126 0.393701 0.000000 12.992126 0.000000 5.905512 0.000000 0.000000 0.000000 12.992126 0.000000 0.000000 12.204723 0.000000 5.905512 11.417322 0.000000 7.480315 11.417322 0.000000 8.267716 12.102325 0.000000 6.500865 11.832167 0.000000 7.041184 11.417322 0.000000 8.267716 0.000000 3.937008 0.000000 0.000000 0.000000 0.000000 11.417322 3.937008 8.267716 0.000000 3.937008 0.000000 11.417322 3.937008 7.480315 12.992126 3.937008 0.000000 11.417322 3.937008 8.267716 12.204723 3.937008 5.905512 12.102325 3.937008 6.500865 11.832167 3.937008 7.041184 12.992126 3.937008 5.905512 12.992126 3.937008 0.000000 12.992126 3.543307 5.905512 12.992126 3.543307 0.000000 12.992126 3.937008 5.905512 12.992126 3.543307 5.905512 16.535433 3.543307 0.000000 12.992126 3.543307 0.000000 16.141733 3.543307 5.905512 12.204723 3.937008 5.905512 12.102325 0.000000 6.500865 12.204723 0.000000 5.905512 12.102325 3.937008 6.500865 12.102325 3.937008 6.500865 11.832167 0.000000 7.041184 12.102325 0.000000 6.500865 11.832167 3.937008 7.041184 11.832167 3.937008 7.041184 11.417322 0.000000 7.480315 11.832167 0.000000 7.041184 11.417322 3.937008 7.480315 11.417322 3.937008 7.480315 11.417322 0.000000 8.267716 11.417322 0.000000 7.480315 11.417322 3.937008 8.267716 "
										            />
									</IndexedFaceSet>
								</Shape>
							</Group>
						</Transform>
					</Transform>
				</Transform>
			</Transform>
			<Transform DEF="instance_53_TRANSFORM"
			           translation="3595.275391 3.543307 204.479065"
			           scale="-1.000000 -1.000000 -1.000000"
			           rotation="-0.000000 1.000000 0.000000 3.141593"
			           >
				<Transform DEF="instance_53_ifs_TRANSFORM"
				           translation="0.000018 0.000000 0.000006"
				           scale="1.000000 1.000000 1.000000"
				           rotation="0.000000 0.000000 -0.000000 0.000000"
				           >
					<Group DEF="group_ME_ID1292_003">
						<Shape>
							<Appearance>
							</Appearance>
							<IndexedFaceSet solid="false"
							                coordIndex="0 1 2 -1 1 3 2 -1 4 2 3 -1 5 6 7 -1 8 7 6 -1 9 10 11 -1 12 11 10 -1 13 14 15 -1 16 15 14 -1 17 0 18 -1 0 2 18 -1 2 4 18 -1 19 18 4 -1 20 21 22 -1 23 22 21 -1 24 25 5 -1 6 5 25 -1 26 27 13 -1 14 13 27 -1 28 17 29 -1 17 18 29 -1 18 19 29 -1 30 29 19 -1 21 31 23 -1 32 23 31 -1 33 34 24 -1 25 24 34 -1 35 36 26 -1 27 26 36 -1 37 38 39 -1 39 38 40 -1 41 40 38 -1 31 42 32 -1 43 32 42 -1 44 45 46 -1 47 48 45 -1 46 45 48 -1 49 50 47 -1 50 51 47 -1 48 47 51 -1 52 53 54 -1 55 56 53 -1 54 53 56 -1 57 58 55 -1 58 59 55 -1 56 55 59 -1 60 61 62 -1 62 61 63 -1 64 63 61 -1 65 66 67 -1 68 67 66 -1 69 70 71 -1 72 71 70 -1 73 74 75 -1 76 75 74 -1 74 73 77 -1 78 79 80 -1 81 80 79 -1 82 83 84 -1 85 84 83 -1 86 87 88 -1 89 88 87 -1 "
							                >
								<Coordinate DEF="coords_ME_ID1292_003"
								            point="5.614210 6.401612 0.595353 5.511811 6.299213 0.000000 5.614210 6.299213 0.595353 5.511811 0.787402 0.000000 5.614210 0.685003 0.595353 0.685003 0.685003 0.595353 5.614210 0.685003 0.595353 0.787402 0.787402 0.000000 5.511811 0.787402 0.000000 5.511811 0.787402 0.000000 5.511811 6.299213 0.000000 0.787402 0.787402 0.000000 0.787402 6.299213 0.000000 5.614210 6.401612 0.595353 0.685003 6.401612 0.595353 5.511811 6.299213 0.000000 0.787402 6.299213 0.000000 5.884369 6.671771 1.135672 5.884369 6.299213 1.135672 5.884369 0.414843 1.135672 0.787402 6.299213 0.000000 0.685003 6.401612 0.595353 0.787402 0.787402 0.000000 0.685003 0.685003 0.595353 0.414843 0.414843 1.135672 5.884369 0.414843 1.135672 5.884369 6.671771 1.135672 0.414843 6.671771 1.135672 6.299213 7.086615 1.574803 6.299213 6.299213 1.574803 6.299213 0.000000 1.574803 0.414843 6.671771 1.135672 0.414843 0.414843 1.135672 0.000000 0.000000 1.574803 6.299213 0.000000 1.574803 6.299213 7.086615 1.574803 0.000000 7.086615 1.574803 6.299213 7.086615 1.574803 6.299213 6.299213 1.574803 6.299213 7.086615 3.937008 6.299213 0.000000 3.937008 6.299213 0.000000 1.574803 0.000000 7.086615 1.574803 0.000000 0.000000 1.574803 1.181102 0.000000 3.937008 1.181102 0.000000 2.362205 0.000000 0.000000 3.937008 5.118110 0.000000 2.362205 0.000000 0.000000 1.574803 5.118110 0.000000 3.937008 6.299213 0.000000 3.937008 6.299213 0.000000 1.574803 5.118110 7.086615 3.937008 5.118110 7.086615 2.362205 6.299213 7.086615 3.937008 1.181102 7.086615 2.362205 6.299213 7.086615 1.574803 1.181102 7.086615 3.937008 0.000000 7.086615 3.937008 0.000000 7.086615 1.574803 6.299213 0.000000 3.937008 5.118110 0.000000 3.937008 6.299213 7.086615 3.937008 5.118110 7.086615 3.937008 5.118110 5.511811 3.937008 0.000000 7.086615 1.574803 0.000000 7.086615 3.937008 0.000000 0.000000 1.574803 0.000000 0.000000 3.937008 5.118110 5.511811 2.362205 5.118110 5.511811 3.937008 5.118110 0.000000 2.362205 5.118110 0.000000 3.937008 5.118110 5.511811 2.362205 1.181102 0.000000 2.362205 5.118110 7.086615 2.362205 1.181102 7.086615 2.362205 5.118110 0.000000 2.362205 1.181102 7.086615 3.937008 1.181102 7.086615 2.362205 1.181102 0.000000 3.937008 1.181102 0.000000 2.362205 1.181102 7.086615 3.937008 1.181102 0.000000 3.937008 0.000000 7.086615 3.937008 0.000000 0.000000 3.937008 5.118110 7.086615 2.362205 5.118110 7.086615 3.937008 5.118110 5.511811 2.362205 5.118110 5.511811 3.937008 "
								            />
							</IndexedFaceSet>
						</Shape>
					</Group>
				</Transform>
			</Transform>
			<Transform DEF="instance_54_TRANSFORM"
			           translation="3500.787354 3.543307 204.479065"
			           scale="-1.000000 -1.000000 -1.000000"
			           rotation="-0.000000 1.000000 0.000000 3.141593"
			           >
				<Transform DEF="instance_54_ifs_TRANSFORM"
				           translation="0.000018 0.000000 -0.000001"
				           scale="1.000000 1.000000 1.000000"
				           rotation="0.000000 0.000000 -0.000000 0.000000"
				           >
					<Group USE="group_ME_ID1292_003" />
				</Transform>
			</Transform>
			<Transform DEF="instance_55_TRANSFORM"
			           translation="3604.724365 -6.299213 185.581421"
			           scale="-1.000000 -1.000000 -1.000000"
			           rotation="-1.000000 0.000000 0.000000 3.141593"
			           >
				<Transform DEF="instance_55_ifs_TRANSFORM"
				           translation="0.000000 0.000000 0.000001"
				           scale="1.000000 1.000000 1.000000"
				           rotation="0.000000 1.000000 0.000000 0.000000"
				           >
					<Group USE="group_ME_ID576" />
				</Transform>
			</Transform>
			<Transform DEF="instance_56_TRANSFORM"
			           translation="3510.236328 -6.299213 185.581421"
			           scale="-1.000000 -1.000000 -1.000000"
			           rotation="-1.000000 0.000000 0.000000 3.141593"
			           >
				<Transform DEF="instance_56_ifs_TRANSFORM"
				           translation="0.000000 0.000000 0.000001"
				           scale="1.000000 1.000000 1.000000"
				           rotation="0.000000 1.000000 0.000000 0.000000"
				           >
					<Group USE="group_ME_ID576" />
				</Transform>
			</Transform>
			<Transform DEF="instance_57_TRANSFORM"
			           translation="3517.599854 -16.812220 171.014343"
			           scale="-1.000000 -1.000000 -1.000000"
			           rotation="-1.000000 0.000000 0.000000 3.141593"
			           >
				<Transform DEF="instance_57_ifs_TRANSFORM"
				           translation="0.000000 -0.000000 0.000001"
				           scale="1.000000 1.000000 1.000000"
				           rotation="0.000000 1.000000 0.000000 0.000000"
				           >
					<Group USE="group_ME_ID1453" />
				</Transform>
				<Transform DEF="group_129_004_TRANSFORM"
				           translation="3507.125732 31.695305 -171.014343"
				           scale="-1.000000 -1.000000 -1.000000"
				           rotation="1.000000 -0.000000 -0.000000 3.141593"
				           >
					<Transform DEF="group_129_004_ifs_TRANSFORM"
					           translation="0.000000 0.000000 0.000000"
					           scale="1.000000 1.000000 1.000000"
					           rotation="0.000000 1.000000 0.000000 0.000000"
					           >
						<Group USE="group_ME_ID1439_002" />
					</Transform>
				</Transform>
				<Transform DEF="group_130_004_TRANSFORM"
				           translation="3471.259766 30.514204 -171.014343"
				           scale="-1.000000 -1.000000 -1.000000"
				           rotation="1.000000 -0.000000 -0.000000 3.141593"
				           >
					<Transform DEF="group_131_004_TRANSFORM"
					           translation="-46.340168 -12.520882 -0.000000"
					           scale="1.000000 1.000000 1.000000"
					           rotation="0.000000 1.000000 0.000000 0.000000"
					           >
						<Transform DEF="group_131_004_ifs_TRANSFORM"
						           translation="0.000000 0.000000 -0.000000"
						           scale="1.000000 1.000000 1.000000"
						           rotation="0.000000 1.000000 0.000000 0.000000"
						           >
							<Group USE="group_ME_ID1447" />
						</Transform>
					</Transform>
				</Transform>
			</Transform>
			<Transform DEF="instance_58_TRANSFORM"
			           translation="3584.762207 -16.812220 171.014343"
			           scale="1.000000 1.000000 1.000000"
			           rotation="0.000000 1.000000 0.000000 0.000000"
			           >
				<Transform DEF="instance_58_ifs_TRANSFORM"
				           translation="0.000000 0.000000 0.000000"
				           scale="1.000000 1.000000 1.000000"
				           rotation="0.000000 1.000000 0.000000 0.000000"
				           >
					<Group USE="group_ME_ID1476" />
				</Transform>
				<Transform DEF="group_129_005_TRANSFORM"
				           translation="-3574.288086 31.695305 -171.014343"
				           scale="1.000000 1.000000 1.000000"
				           rotation="0.000000 1.000000 0.000000 0.000000"
				           >
					<Transform DEF="group_129_005_ifs_TRANSFORM"
					           translation="0.000000 0.000000 0.000000"
					           scale="1.000000 1.000000 1.000000"
					           rotation="0.000000 1.000000 0.000000 0.000000"
					           >
						<Group USE="group_ME_ID1462" />
					</Transform>
				</Transform>
				<Transform DEF="group_130_005_TRANSFORM"
				           translation="-3538.422119 30.514204 -171.014343"
				           scale="1.000000 1.000000 1.000000"
				           rotation="0.000000 1.000000 0.000000 0.000000"
				           >
					<Transform DEF="group_131_005_TRANSFORM"
					           translation="-46.340168 -12.520882 0.000000"
					           scale="1.000000 1.000000 1.000000"
					           rotation="0.000000 1.000000 0.000000 0.000000"
					           >
						<Transform DEF="group_131_005_ifs_TRANSFORM"
						           translation="0.000000 0.000000 0.000000"
						           scale="1.000000 1.000000 1.000000"
						           rotation="0.000000 1.000000 0.000000 0.000000"
						           >
							<Group USE="group_ME_ID1470_001" />
						</Transform>
					</Transform>
				</Transform>
			</Transform>
		</Transform>
	</Scene>
</X3D>